Time Step,HP1,HP2,HP3,HP4,HP5,HP6
2,1.126279,0.0,1.1462789999999998,0.0,1.1562789999999998,0.0
3,1.1267222394547385,0.0,1.1475777928104158,0.0,1.1583602929480359,0.0
4,1.1268633628433389,0.0,1.1477097931582962,0.0,1.1584169997052323,0.0
5,1.1269749461240999,0.0,1.1477754196336323,0.0,1.1585012903018197,0.0
6,1.1270286152989066,0.0,1.1478363586125426,0.0,1.1585215063729153,0.0
7,1.127141830032963,0.0,1.147883488903373,0.0,1.158599193255725,0.0
8,1.127148313456559,0.0,1.1476869694087757,0.0,1.1584367438363172,0.0
9,1.1271329660012441,0.0,1.1475143276834425,0.0,1.158367262608751,0.0
10,1.1271056811708795,0.0,1.1474682027828993,0.0,1.1582825399125254,0.0
11,1.127095514003833,0.0,1.147467213078605,0.0,1.1582813100959182,0.0
12,1.127068307141799,0.0,1.1474912638990935,0.0,1.1582412885217876,0.0
13,1.127042857285858,0.0,1.1474238431060293,0.0,1.158218280085338,0.0
14,1.1270020209999032,0.0,1.1473627376060718,0.0,1.1581337112513825,0.0
15,1.1269903395624927,0.0,1.1473005250439643,0.0,1.1581382564164755,0.0
16,1.1269748495909413,0.0,1.147262233174565,0.0,1.1580880531464535,0.0
17,1.1269976512671647,0.0,1.1472526448786355,0.0,1.1581502835621065,0.0
18,1.1270125992688451,0.0,1.1472787344919948,0.0,1.1581825366072824,0.0
19,1.1271092920963635,0.0,1.1476633356923167,0.0,1.1584604725536944,0.0
20,1.1271500850212859,0.0,1.1477529678926335,0.0,1.1584934064128134,0.0
21,1.1272012709602095,0.0,1.1477582839172809,0.0,1.158546294613276,0.0
22,1.1272614735354383,0.0,1.1479544944599585,0.0,1.158643376603934,0.0
23,1.127317532350425,0.0,1.147969255389875,0.0,1.158697853175665,0.0
24,1.1273536271155489,0.0,1.1480502226179734,0.0,1.1587206186867745,0.0
25,1.127407621535923,0.0,1.1480807752774347,0.0,1.1587764570936447,0.0
26,1.1274139721630112,0.0,1.148109948966592,0.0,1.1587679293065487,0.0
27,1.1274607348606538,0.0,1.1481230959531257,0.0,1.1588074294804631,0.0
28,1.1274776466752905,0.0,1.1481584713828017,0.0,1.1588080926102138,0.0
29,1.1275320585441075,0.0,1.1481769237720783,0.0,1.158852701003385,0.0
30,1.1275297539979348,0.0,1.1481297506869286,0.0,1.1588186365086677,0.0
31,1.128874035359869,0.0,1.149720212506303,0.0,1.159802759166929,0.0
32,1.1289222335266953,0.0,1.1493466307451325,0.0,1.1597475115209543,0.0
33,1.1285476186736898,0.0,1.1489908270976679,0.0,1.1595166659048126,0.0
34,1.1282415965538284,0.0,1.1487870655226198,0.0,1.159287429397888,0.0
35,1.1279369460875481,0.0,1.1483416951242171,0.0,1.1588615388799675,0.0
36,1.1277353156880583,0.0,1.1480932390435536,0.0,1.1586327735043687,0.0
37,1.1275570189287547,0.0,1.1477803156600546,0.0,1.15835082786558,0.0
38,1.1274000956584078,0.0,1.1472188925518283,0.0,1.157809863974733,0.0
39,1.1272200652441027,0.0,1.1466722189770575,0.0,1.1569090318271065,0.0
40,1.1270621096752944,0.0,1.1459912411863218,0.0,1.1561403448692151,0.0
41,1.126962540061768,0.0,1.1456740549250604,0.0,1.156012347488192,0.0
42,1.1269323596194434,0.0,1.1458487357689984,0.0,1.1563073142425235,0.0
43,1.126884689434604,0.0,1.1455705143151955,0.0,1.1561358618131197,0.0
44,1.1270528447234598,0.0,1.1474266484070361,0.0,1.1582470728724186,0.0
45,1.1270914625051243,0.0,1.1472877817440108,0.0,1.1581210826547979,0.0
46,1.1271706932743693,0.0,1.1475705461788388,0.0,1.1583936415787208,0.0
47,1.1271913090750068,0.0,1.1475605912484295,0.0,1.1583940543114815,0.0
48,1.127057636439337,0.0,1.1478202913854543,0.0,1.1578724625038235,0.0
49,1.127054819367038,0.0,1.147794732242977,0.0,1.1580609413516156,0.0
50,1.1270744509351676,0.0,1.147800139635221,0.0,1.1581735235801458,0.0
51,1.1271060915866062,0.0,1.1477989206900365,0.0,1.158252768414091,0.0
52,1.1271331016986856,0.0,1.1478389517321201,0.0,1.1583018890098047,0.0
53,1.1271758484957861,0.0,1.147858421368545,0.0,1.158380065306332,0.0
54,1.1271839924500637,0.0,1.1478206786366223,0.0,1.158356824009861,0.0
55,1.128069169732963,0.0,1.1492479669755573,0.0,1.1593632608862996,0.0
56,1.127989736896514,0.0,1.148353800622044,0.0,1.1591010605397642,0.0
57,1.1276712131605668,0.0,1.147631864126459,0.0,1.1585866811546812,0.0
58,1.1274425388089058,0.0,1.1470900945449891,0.0,1.1578596142477193,0.0
59,1.1272371404531936,0.0,1.1464647651127426,0.0,1.1570383818084267,0.0
60,1.127073843975166,0.0,1.1459891142346683,0.0,1.1564287254784216,0.0
61,1.1269266788098893,0.0,1.1455259007228087,0.0,1.155912474419724,0.0
62,1.126773104713468,0.0,1.1448986693789729,0.0,1.1552783004354659,0.0
63,1.1266296065793309,0.0,1.1445284771552175,0.0,1.1547271395669827,0.0
64,1.1265135884073703,0.0,1.1441988038462,0.0,1.1544534491907317,0.0
65,1.126410498287268,0.0,1.143919106682917,0.0,1.15420774385998,0.0
66,1.126297788081274,0.0,1.1434863729682838,0.0,1.1537691396075256,0.0
67,1.126231336413353,0.0,1.1431514469360722,0.0,1.1534532894450076,0.0
68,1.1266661589359366,0.0,1.1471332216147574,0.0,1.1579126290113855,0.0
69,1.1267715386176074,0.0,1.1470196271610864,0.0,1.1577902621884597,0.0
70,1.1268783360746175,0.0,1.1473596353332078,0.0,1.1581308431715553,0.0
71,1.1269232918860328,0.0,1.1473653085263622,0.0,1.1581523596699141,0.0
72,1.1268497748406674,0.0,1.147688596872792,0.0,1.1577011550220622,0.0
73,1.1268574873372912,0.0,1.1477364755382815,0.0,1.1578232089863203,0.0
74,1.1268875772497147,0.0,1.1477492816371802,0.0,1.1579638212899654,0.0
75,1.1269101421610885,0.0,1.1477679390523867,0.0,1.158000136593534,0.0
76,1.1269499989256961,0.0,1.1477735070325672,0.0,1.1581065929395318,0.0
77,1.1269856082960037,0.0,1.1478141752188429,0.0,1.1581614521563623,0.0
78,1.1270143594278201,0.0,1.1477338536452348,0.0,1.1581794181583203,0.0
79,1.127650122792359,0.0,1.1489542881053711,0.0,1.1590639903709086,0.0
80,1.127573812883571,0.0,1.1476641074111018,0.0,1.158670945770701,0.0
81,1.127280149665601,0.0,1.1465202007287338,0.0,1.15751779455389,0.0
82,1.1270427936309577,0.0,1.1457778313734366,0.0,1.1564906672082436,0.0
83,1.1268710304391378,0.0,1.145279706957673,0.0,1.1558947928888013,0.0
84,1.1267186338864688,0.0,1.1448976883118653,0.0,1.155401693767881,0.0
85,1.1265551286898772,0.0,1.1444047533734343,0.0,1.1547728167766123,0.0
86,1.1264023813474313,0.0,1.1438633215426683,0.0,1.154213548282322,0.0
87,1.1262679525555466,0.0,1.143578062973243,0.0,1.1537690315134894,0.0
88,1.126150045093278,0.0,1.1432415648988068,0.0,1.1534523812907957,0.0
89,1.1260460823015732,0.0,1.1429666448663205,0.0,1.1531874368206263,0.0
90,1.1259386593184502,0.0,1.1425649803473288,0.0,1.152774319783855,0.0
91,1.1258852167736264,0.0,1.142234638613141,0.0,1.152454577025777,0.0
92,1.1264510959784568,0.0,1.146972805019452,0.0,1.1577515800148743,0.0
93,1.126594043278739,0.0,1.1468874030781744,0.0,1.1576594861252205,0.0
94,1.126720204252274,0.0,1.147252683500793,0.0,1.1580124182902516,0.0
95,1.1267748106528708,0.0,1.1472667213881664,0.0,1.1580413290586213,0.0
96,1.1267188105461818,0.0,1.1476122561144009,0.0,1.1576259356291398,0.0
97,1.1267219771326669,0.0,1.1476877431986527,0.0,1.1577025928280655,0.0
98,1.1267421384901906,0.0,1.1477262646772362,0.0,1.1578112305351251,0.0
99,1.126770038944537,0.0,1.1477146933705977,0.0,1.1578800281837809,0.0
100,1.1267957516491414,0.0,1.1477398398185097,0.0,1.157928275781698,0.0
101,1.126826740789722,0.0,1.1477580005754842,0.0,1.1579895237709756,0.0
102,1.1268384660473139,0.0,1.147699706319242,0.0,1.1579526662596913,0.0
103,1.1273457116721248,0.0,1.148762966621143,0.0,1.1588378403755277,0.0
104,1.1272098233088057,0.0,1.1468264716580618,0.0,1.158052931417413,0.0
105,1.1269271939497327,0.0,1.1455266283103183,0.0,1.1564927131598441,0.0
106,1.1266878375736953,0.0,1.1447217909298757,0.0,1.1553054643355896,0.0
107,1.1265129497961213,0.0,1.1442146084470641,0.0,1.1546635520447293,0.0
108,1.1263536753317578,0.0,1.1438038798486816,0.0,1.1540973893369844,0.0
109,1.1261861557721462,0.0,1.1432741938427702,0.0,1.1534196354182193,0.0
110,1.1260257915718856,0.0,1.1426597115673836,0.0,1.1527588730046037,0.0
111,1.1258914145670456,0.0,1.1424633369294164,0.0,1.1524081644074815,0.0
112,1.1257910290669437,0.0,1.1422205497236477,0.0,1.152253971631432,0.0
113,1.12570065852507,0.0,1.1420223562337866,0.0,1.1520967812176441,0.0
114,1.1255997886132438,0.0,1.1416161118805914,0.0,1.1516670373821591,0.0
115,1.1255594816960182,0.0,1.141280149256864,0.0,1.1513294835664625,0.0
116,1.1262185301409497,0.0,1.1467781089671414,0.0,1.1575482120127631,0.0
117,1.1263897822079902,0.0,1.1466595622201454,0.0,1.1574052092756226,0.0
118,1.1265292103504057,0.0,1.1470920292000237,0.0,1.157846657530183,0.0
119,1.126597479619565,0.0,1.1471078433814121,0.0,1.157882845633603,0.0
120,1.126568886629386,0.0,1.1474705857922185,0.0,1.157485875182313,0.0
121,1.12658628333643,0.0,1.1475562808641133,0.0,1.1575705707506707,0.0
122,1.1266149784703616,0.0,1.1476292726072594,0.0,1.1576784116468821,0.0
123,1.1266521199159392,0.0,1.1476265539920096,0.0,1.1577648732465702,0.0
124,1.12669032104,0.0,1.1476467939947814,0.0,1.1578435653186028,0.0
125,1.1267246978359908,0.0,1.1476799487988723,0.0,1.1578927901860687,0.0
126,1.1267483179657298,0.0,1.1476162437294435,0.0,1.1578905553747274,0.0
127,1.1271679215295147,0.0,1.1485892947297216,0.0,1.1586696856042278,0.0
128,1.127032545825043,0.0,1.1463333954248012,0.0,1.1575807569458516,0.0
129,1.126753842438751,0.0,1.1450903530337715,0.0,1.1560645541580128,0.0
130,1.1265163538260046,0.0,1.1442787060997646,0.0,1.1548442728250394,0.0
131,1.1263484623857465,0.0,1.1438133498919054,0.0,1.1542557932919,0.0
132,1.1262119358183402,0.0,1.143544807408261,0.0,1.1538870354008643,0.0
133,1.1260676697415992,0.0,1.1431342583233586,0.0,1.1533500369805056,0.0
134,1.1259195388255336,0.0,1.1425651932813066,0.0,1.1527391614300393,0.0
135,1.125792359470623,0.0,1.1423182971029144,0.0,1.1523283888296403,0.0
136,1.1256834397328896,0.0,1.142034145222474,0.0,1.152086152095644,0.0
137,1.1255876435601708,0.0,1.141797310976163,0.0,1.1518688769053778,0.0
138,1.125484453270898,0.0,1.141375357018045,0.0,1.1514205709523078,0.0
139,1.1254423051821918,0.0,1.1409946701552767,0.0,1.1510244357809964,0.0
140,1.1261271826807064,0.0,1.146680428068297,0.0,1.157462770436487,0.0
141,1.1263029719784523,0.0,1.1465363769652084,0.0,1.1572773660970492,0.0
142,1.1264450583700727,0.0,1.147020328150524,0.0,1.157783725703225,0.0
143,1.1265247232057067,0.0,1.1470402440018796,0.0,1.1578284514121202,0.0
144,1.1265141083120138,0.0,1.147427098493999,0.0,1.1574419602669874,0.0
145,1.1265533403937122,0.0,1.1475098665690082,0.0,1.1575503662606867,0.0
146,1.126614970879886,0.0,1.1475385345208282,0.0,1.1577294182582647,0.0
147,1.1266833088585533,0.0,1.1475452547475482,0.0,1.1578477113980348,0.0
148,1.126760223302508,0.0,1.1475684015672378,0.0,1.1579721883813043,0.0
149,1.126846845324139,0.0,1.1475995800945582,0.0,1.1580994122604003,0.0
150,1.1269177732809093,0.0,1.1476494357649731,0.0,1.158168742307024,0.0
151,1.1270138777482401,0.0,1.147693516250416,0.0,1.158275291754537,0.0
152,1.1273579470377395,0.0,1.14755868017585,0.0,1.1586455344957167,0.0
153,1.127759740535827,0.0,1.1486346013216364,0.0,1.1590365627682326,0.0
154,1.1274859630146756,0.0,1.1478764171310114,0.0,1.1585154685960368,0.0
155,1.1272886314615702,0.0,1.1472371831860855,0.0,1.1580269707029032,0.0
156,1.1271349314558747,0.0,1.1466295792873678,0.0,1.1573301627066968,0.0
157,1.1270126831748446,0.0,1.146216980103004,0.0,1.1568892039688388,0.0
158,1.1268867162169993,0.0,1.1457190287732717,0.0,1.156359290456635,0.0
159,1.1267629189287867,0.0,1.1452521668159479,0.0,1.1558131886686744,0.0
160,1.126679896093998,0.0,1.1450397891689787,0.0,1.1556698826524312,0.0
161,1.1268763351253188,0.0,1.1470810805870664,0.0,1.1577597450036514,0.0
162,1.12695338482912,0.0,1.1469024249311108,0.0,1.157689642578563,0.0
163,1.127062122906106,0.0,1.1472898200944903,0.0,1.1581760078673724,0.0
164,1.12695543824051,0.0,1.1474633419402043,0.0,1.1575794395208032,0.0
165,1.1270090165379094,0.0,1.1474403039296497,0.0,1.1579340988272662,0.0
166,1.127107815108718,0.0,1.1477415600783205,0.0,1.1582331468589833,0.0
167,1.1272183164763365,0.0,1.1478072569021938,0.0,1.1584160002134658,0.0
168,1.1272864602775272,0.0,1.1479118023310584,0.0,1.1584682565061757,0.0
169,1.127391675558985,0.0,1.147968085681322,0.0,1.1586071938513325,0.0
170,1.1274367338428772,0.0,1.1480534703860297,0.0,1.1586319291014688,0.0
171,1.1275458288497622,0.0,1.1481103531686712,0.0,1.158751753054969,0.0
172,1.1275819519991708,0.0,1.1481835066035178,0.0,1.1587567333988096,0.0
173,1.1276993264486093,0.0,1.1482466958402948,0.0,1.1588778493357275,0.0
174,1.1277401572317547,0.0,1.1483172927211664,0.0,1.1588868022866723,0.0
175,1.1278720458039688,0.0,1.1483879696801014,0.0,1.1590054011349191,0.0
176,1.127873651847862,0.0,1.148292169629507,0.0,1.1589040105778294,0.0
177,1.127955105883093,0.0,1.1482880568745657,0.0,1.1589805841636,0.0
178,1.1278609879758779,0.0,1.148233608545885,0.0,1.1588292953775792,0.0
179,1.1278016110293314,0.0,1.1481917399908264,0.0,1.1587815102278614,0.0
180,1.1277233633170674,0.0,1.1481603560186677,0.0,1.158690083291072,0.0
181,1.1277246581351945,0.0,1.148098419050206,0.0,1.1587497076719153,0.0
182,1.1276653889677881,0.0,1.1480392708745122,0.0,1.1586708213332313,0.0
183,1.1276290729332448,0.0,1.1479328224557024,0.0,1.1586494334131643,0.0
184,1.1275344057565901,0.0,1.1478194146163299,0.0,1.1584786220351013,0.0
185,1.1275428689713238,0.0,1.1478479545043725,0.0,1.1585553769691295,0.0
186,1.1276136082649555,0.0,1.1480187009234972,0.0,1.1586806686500764,0.0
187,1.1278076310054395,0.0,1.1482496622650313,0.0,1.1589467223210999,0.0
188,1.1278661596787012,0.0,1.1483455013152044,0.0,1.1589723069461049,0.0
189,1.1279901645579777,0.0,1.148415443739409,0.0,1.1590881845970278,0.0
190,1.1280376954823579,0.0,1.1485391471231075,0.0,1.1591213358479424,0.0
191,1.1281594843459568,0.0,1.1486059288564772,0.0,1.159227263277894,0.0
192,1.128183462239192,0.0,1.1486662187347372,0.0,1.1592215423276526,0.0
193,1.1282997522607123,0.0,1.1487321703539712,0.0,1.1593194991133964,0.0
194,1.128300833840986,0.0,1.1487777378741715,0.0,1.159302973020592,0.0
195,1.128405788330479,0.0,1.1488385937870402,0.0,1.159389333072743,0.0
196,1.1284058252220468,0.0,1.1488778601258582,0.0,1.1593773325307006,0.0
197,1.1285069778918377,0.0,1.1489333034294136,0.0,1.1594577619781854,0.0
198,1.1284827018555614,0.0,1.1489248340438296,0.0,1.159422948402795,0.0
199,1.1293738182024455,0.0,1.14986596238279,0.0,1.159949603948945,0.0
200,1.1294236763955032,0.0,1.1496895545863344,0.0,1.1599471018300613,0.0
201,1.129091581348478,0.0,1.149346295614075,0.0,1.1597400321587685,0.0
202,1.128801015473812,0.0,1.1490827740838463,0.0,1.1595079640711345,0.0
203,1.1285406075321163,0.0,1.1488040807311681,0.0,1.1592489760619868,0.0
204,1.1283271544284952,0.0,1.1485239542991488,0.0,1.1590138131021122,0.0
205,1.1281426748969174,0.0,1.1481884678476932,0.0,1.1587708291277832,0.0
206,1.1279901504556973,0.0,1.1477744527463474,0.0,1.1584279363173344,0.0
207,1.1278332282972923,0.0,1.147446036597446,0.0,1.158023830455064,0.0
208,1.1277081816045398,0.0,1.1471427373299676,0.0,1.1577384037090106,0.0
209,1.1276090792425493,0.0,1.1468934325558358,0.0,1.157532388247731,0.0
210,1.127507279567253,0.0,1.1465803819182085,0.0,1.1572688605363506,0.0
211,1.1274290094557395,0.0,1.1463867314050147,0.0,1.1571378555187306,0.0
212,1.1276584406690913,0.0,1.1480617867939908,0.0,1.158748204771624,0.0
213,1.1277019741514498,0.0,1.1480394055678846,0.0,1.1587285667598561,0.0
214,1.1277735992453546,0.0,1.148195716462136,0.0,1.158851985156497,0.0
215,1.1277898739428434,0.0,1.1482137314927656,0.0,1.158863424823422,0.0
216,1.1276342586899408,0.0,1.1483609314528087,0.0,1.15853332243983,0.0
217,1.1276567638198545,0.0,1.1483138391258745,0.0,1.1586854530966613,0.0
218,1.1276968517015968,0.0,1.148323277493956,0.0,1.1587747101558956,0.0
219,1.127724931728622,0.0,1.14835391666987,0.0,1.158811899427733,0.0
220,1.1277631205873155,0.0,1.1483776521542788,0.0,1.158864407418164,0.0
221,1.1277835662840732,0.0,1.1484080239036007,0.0,1.1588833074101088,0.0
222,1.127795490352536,0.0,1.1483653144186183,0.0,1.1588897707095998,0.0
223,1.1285161285643992,0.0,1.1494464260200425,0.0,1.1595702491873416,0.0
224,1.1284631165143826,0.0,1.1487606479973673,0.0,1.1593915369616483,0.0
225,1.1281264351856968,0.0,1.1480832305297948,0.0,1.1589236859090388,0.0
226,1.1278791042450778,0.0,1.1475528083726223,0.0,1.1583175250552555,0.0
227,1.1276987754141434,0.0,1.1471128568164641,0.0,1.1578172291393438,0.0
228,1.1275419188073614,0.0,1.146743700306359,0.0,1.1573739819289082,0.0
229,1.1273754205772648,0.0,1.1462829717585818,0.0,1.1568471074739564,0.0
230,1.1272077208559739,0.0,1.145726403235239,0.0,1.1562899438863765,0.0
231,1.1270414998544922,0.0,1.1453088687825717,0.0,1.1556924099258779,0.0
232,1.126950695823037,0.0,1.1451875213191778,0.0,1.1557004996517497,0.0
233,1.126828473805344,0.0,1.14480507596938,0.0,1.1552857954743427,0.0
234,1.1266722920290453,0.0,1.144173620533119,0.0,1.154559150403417,0.0
235,1.1266076692837361,0.0,1.1439969044330434,0.0,1.1544924399963896,0.0
236,1.127028725261866,0.0,1.1475707775396842,0.0,1.1583041469171436,0.0
237,1.1270955253344412,0.0,1.1474920023842636,0.0,1.1582092826655401,0.0
238,1.127197211033939,0.0,1.1477390389891082,0.0,1.158454969424664,0.0
239,1.1272162107139962,0.0,1.1477338741209524,0.0,1.1584596079323228,0.0
240,1.1271031122411646,0.0,1.1480363286660464,0.0,1.158048423030572,0.0
241,1.127079625766534,0.0,1.1480787240552452,0.0,1.1580936958987098,0.0
242,1.1270691370083001,0.0,1.1481040041095805,0.0,1.15815559277107,0.0
243,1.1270529936571723,0.0,1.1480938942528676,0.0,1.1581611931591598,0.0
244,1.127045410091503,0.0,1.1480956368234967,0.0,1.1581916509020316,0.0
245,1.12705712935743,0.0,1.1480755132543523,0.0,1.158217597903519,0.0
246,1.127083402904872,0.0,1.1479787347531232,0.0,1.1582167367280567,0.0
247,1.1276520438539228,0.0,1.1489652389893048,0.0,1.159052791595488,0.0
248,1.1275827792037245,0.0,1.1475215922975732,0.0,1.1585951953004725,0.0
249,1.1273570859102895,0.0,1.1465105676403147,0.0,1.1574808109593648,0.0
250,1.1271761298119325,0.0,1.145981002348353,0.0,1.1566953215158131,0.0
251,1.1270552167630477,0.0,1.1456788331462717,0.0,1.1563213558695882,0.0
252,1.1269607896833256,0.0,1.1455096261573499,0.0,1.156095915023844,0.0
253,1.1268811675651322,0.0,1.1453617945926091,0.0,1.1559316385548122,0.0
254,1.126775761752863,0.0,1.1449954032786915,0.0,1.1555615152534,0.0
255,1.126665496040432,0.0,1.1447515186850996,0.0,1.1551807908151137,0.0
256,1.1265831241585536,0.0,1.1445505299527547,0.0,1.1550188425321593,0.0
257,1.1265086697343558,0.0,1.1443612949934057,0.0,1.1548429667137199,0.0
258,1.1264359054705138,0.0,1.144124797282128,0.0,1.154629087651111,0.0
259,1.126408348533018,0.0,1.1439957681351027,0.0,1.154554609485898,0.0
260,1.1269563456485348,0.0,1.1474440758992261,0.0,1.158201359817867,0.0
261,1.1271204179924659,0.0,1.147513108942066,0.0,1.1582496174966805,0.0
262,1.1272669931477222,0.0,1.1477467481747385,0.0,1.158454098308552,0.0
263,1.1273476443998358,0.0,1.1478220638861072,0.0,1.1585165166519884,0.0
264,1.1272537907055025,0.0,1.1480258638392653,0.0,1.1581867525577112,0.0
265,1.1273198306559487,0.0,1.1480184806289908,0.0,1.1583913883699513,0.0
266,1.127412533259625,0.0,1.148057381578141,0.0,1.1585454638491508,0.0
267,1.1274792651726315,0.0,1.1481243493207978,0.0,1.158609322163086,0.0
268,1.127567065177061,0.0,1.1481771117259214,0.0,1.158710664797374,0.0
269,1.1276240907086437,0.0,1.14824221273537,0.0,1.158751146539014,0.0
270,1.1276927967384132,0.0,1.1482322374825538,0.0,1.1588105142864948,0.0
271,1.1282656123454966,0.0,1.149180206940126,0.0,1.1593788778930985,0.0
272,1.1281813932776446,0.0,1.1482670303601081,0.0,1.159099418227156,0.0
273,1.1278558594077048,0.0,1.1473636391945021,0.0,1.1582708289075438,0.0
274,1.127541826060547,0.0,1.1465681148480311,0.0,1.1572405868412354,0.0
275,1.127285206551743,0.0,1.1458590294458335,0.0,1.1563601430699775,0.0
276,1.1270924942858904,0.0,1.1454273816295129,0.0,1.155865249450637,0.0
277,1.1269024515665207,0.0,1.14492931363747,0.0,1.155296035918496,0.0
278,1.1267221372637557,0.0,1.1443637444217905,0.0,1.1547335496461646,0.0
279,1.12656904353023,0.0,1.144067194384364,0.0,1.1542833128549344,0.0
280,1.1264546024622701,0.0,1.1438347695035422,0.0,1.1541078530059805,0.0
281,1.126371892182064,0.0,1.143724882259983,0.0,1.1540807253367131,0.0
282,1.1262673773373502,0.0,1.1433594600534431,0.0,1.1537120645188945,0.0
283,1.1262035247302564,0.0,1.143034350895768,0.0,1.1534023625848877,0.0
284,1.1267634600066767,0.0,1.1473268137960628,0.0,1.1580586097012675,0.0
285,1.1269057324500518,0.0,1.1473311106715491,0.0,1.1580572037104049,0.0
286,1.1270247712139023,0.0,1.1475682704261772,0.0,1.1582820689173328,0.0
287,1.1270707687207342,0.0,1.1475902393247588,0.0,1.1583113842892785,0.0
288,1.1269852494024761,0.0,1.1479075980972087,0.0,1.1579183229619687,0.0
289,1.1269781842146318,0.0,1.1479344043343207,0.0,1.157991759987029,0.0
290,1.1269896536434312,0.0,1.1479413233131706,0.0,1.1580752816147968,0.0
291,1.127013537908746,0.0,1.147953102422953,0.0,1.158145949483801,0.0
292,1.1270318880126036,0.0,1.1479932931585068,0.0,1.1581826540140656,0.0
293,1.127056677848555,0.0,1.1480047510360036,0.0,1.158239460608436,0.0
294,1.1270507812511477,0.0,1.147944156027869,0.0,1.158175364924905,0.0
295,1.1274931553761993,0.0,1.1488300629845993,0.0,1.158908759401484,0.0
296,1.1273469574281156,0.0,1.1468526448924299,0.0,1.1580600932728629,0.0
297,1.1270613171591952,0.0,1.145597869145601,0.0,1.1565586937135295,0.0
298,1.126812520298214,0.0,1.1447356168729068,0.0,1.1553006761129694,0.0
299,1.1266157087402702,0.0,1.1441043816667387,0.0,1.1544835557122712,0.0
300,1.1264350145613702,0.0,1.1435907452703222,0.0,1.1537789884428382,0.0
301,1.1262594642430477,0.0,1.143039829272339,0.0,1.1530784205552729,0.0
302,1.1260658604212372,0.0,1.1422621426759347,0.0,1.1522166483270937,0.0
303,1.1258468559294623,0.0,1.1421441123941807,0.0,1.1517826804822004,0.0
304,1.1256388576307863,0.0,1.1416250754044128,0.0,1.1511401333996858,0.0
305,1.1255511576788892,0.0,1.1412613353667982,0.0,1.1510213955599233,0.0
306,1.1254572333969315,0.0,1.1409982522356306,0.0,1.1507096216182104,0.0
307,1.1254171019647776,0.0,1.1405494162134562,0.0,1.1502039770837724,0.0
308,1.126141760498218,0.0,1.146756820584922,0.0,1.1573396622768406,0.0
309,1.1263400564798343,0.0,1.1465877651251446,0.0,1.1572196920665878,0.0
310,1.1265051453296056,0.0,1.147129376024906,0.0,1.1578598535603548,0.0
311,1.1266001212546053,0.0,1.147143411422089,0.0,1.1579113693496332,0.0
312,1.1265999688402526,0.0,1.1475293772827782,0.0,1.157544855411716,0.0
313,1.1266347139156587,0.0,1.1475838105517313,0.0,1.1576029536224566,0.0
314,1.126685063133326,0.0,1.1476050017982664,0.0,1.1577403717490735,0.0
315,1.1267426289399332,0.0,1.1476220364573324,0.0,1.1578402664503797,0.0
316,1.1268109851688761,0.0,1.1476391400642343,0.0,1.1579673303266014,0.0
317,1.1268788736791064,0.0,1.1476646316561425,0.0,1.1580683563690755,0.0
318,1.1269366961051288,0.0,1.1476876264494302,0.0,1.158133371562504,0.0
319,1.1269974677589214,0.0,1.1477376044969163,0.0,1.1581839004042809,0.0
320,1.1273171011515575,0.0,1.147479668543176,0.0,1.1585968897774694,0.0
321,1.127709747438928,0.0,1.1486247760643622,0.0,1.1590080429242755,0.0
322,1.1274422694501989,0.0,1.1477890893198552,0.0,1.1584412074542323,0.0
323,1.1272534483572458,0.0,1.1470253472653689,0.0,1.157786190716384,0.0
324,1.1271383081978987,0.0,1.1465097219321325,0.0,1.1572303253508425,0.0
325,1.1270242849966685,0.0,1.1460945809541296,0.0,1.1567580473548948,0.0
326,1.1269313555353464,0.0,1.1457748912648755,0.0,1.1564156947930957,0.0
327,1.1268434776927798,0.0,1.145467624229848,0.0,1.156074189309615,0.0
328,1.1267884279515534,0.0,1.1453427105064933,0.0,1.1560571983070291,0.0
329,1.1269611936959998,0.0,1.1471649122500005,0.0,1.1579096600801901,0.0
330,1.1269794851068053,0.0,1.146804611986276,0.0,1.1575718333981457,0.0
331,1.1270398181785795,0.0,1.1471930955851994,0.0,1.1580465942865128,0.0
332,1.1269274531771833,0.0,1.1473076964286177,0.0,1.1573297293138525,0.0
333,1.126896088685899,0.0,1.1472812803600978,0.0,1.1573162441854292,0.0
334,1.1269194607475932,0.0,1.1477354431231956,0.0,1.157845965268236,0.0
335,1.126927527473592,0.0,1.147743026569677,0.0,1.157936668922942,0.0
336,1.1269390213789583,0.0,1.1478357608551706,0.0,1.1580163332072981,0.0
337,1.126943712678852,0.0,1.147868515573436,0.0,1.158098427227916,0.0
338,1.126943124542693,0.0,1.1479257778997058,0.0,1.1581359495636414,0.0
339,1.1269561900948755,0.0,1.1479264491470338,0.0,1.1581841109131537,0.0
340,1.1269617149795896,0.0,1.1479631372289014,0.0,1.1581931193874162,0.0
341,1.1269796557641452,0.0,1.1479533315983959,0.0,1.158238932915079,0.0
342,1.1269876950810336,0.0,1.1479571722356803,0.0,1.1582322983468156,0.0
343,1.1270232696008156,0.0,1.1479092556736146,0.0,1.1582829964368606,0.0
344,1.1269922696009465,0.0,1.1473737275465876,0.0,1.157802896578211,0.0
345,1.1269749007918275,0.0,1.147074388415839,0.0,1.1576752699391708,0.0
346,1.1269502671719134,0.0,1.146986257255328,0.0,1.1574051921726385,0.0
347,1.1269285486776162,0.0,1.1469769997874684,0.0,1.157320877464607,0.0
348,1.126898314206283,0.0,1.146969684494931,0.0,1.1571710025676678,0.0
349,1.1268665641385618,0.0,1.1468340022195496,0.0,1.1570361068370332,0.0
350,1.126833073386333,0.0,1.1466958342993778,0.0,1.1568484007201694,0.0
351,1.126806518402831,0.0,1.146572910834916,0.0,1.1567435895403437,0.0
352,1.1267828208671484,0.0,1.146485086771311,0.0,1.1566463965815925,0.0
353,1.1267729234640602,0.0,1.1464539421028368,0.0,1.1566762503288086,0.0
354,1.1267670727952313,0.0,1.1464564236705983,0.0,1.1567097840597753,0.0
355,1.1268162517690496,0.0,1.147266752244593,0.0,1.1576962353401437,0.0
356,1.1268245831143857,0.0,1.1473238344949803,0.0,1.1577715175159649,0.0
357,1.1268437018320987,0.0,1.1473733132172843,0.0,1.1579062183482058,0.0
358,1.126872487394044,0.0,1.1477323014715333,0.0,1.1581271729712843,0.0
359,1.1268904913439302,0.0,1.147719158658405,0.0,1.158190587556772,0.0
360,1.1269046137840353,0.0,1.1478398704033705,0.0,1.158216339215983,0.0
361,1.12692089076042,0.0,1.147863127503084,0.0,1.1582846869431511,0.0
362,1.1269255166696837,0.0,1.1479179873178817,0.0,1.1583082442957082,0.0
363,1.126941069705868,0.0,1.147918814201202,0.0,1.1583413951561752,0.0
364,1.1269472367264168,0.0,1.14795460429851,0.0,1.1583443465565093,0.0
365,1.1269633670692591,0.0,1.1479420271694998,0.0,1.1583683493588386,0.0
366,1.1269708343193097,0.0,1.14793692634511,0.0,1.1583565169443077,0.0
367,1.1269985129363802,0.0,1.1479083027428831,0.0,1.1583708431820599,0.0
368,1.1269676541178903,0.0,1.1472982667081066,0.0,1.1578902504014352,0.0
369,1.126948449730662,0.0,1.1469645468010772,0.0,1.157695087578605,0.0
370,1.1269267883957916,0.0,1.1468593337687711,0.0,1.1574201104122632,0.0
371,1.1269081189378674,0.0,1.146857685543416,0.0,1.157337792727837,0.0
372,1.12688013983495,0.0,1.1468562535721842,0.0,1.1571912316645125,0.0
373,1.126849916506969,0.0,1.146710071049358,0.0,1.1570610323731076,0.0
374,1.1268085441554763,0.0,1.1465312423823943,0.0,1.156763555305817,0.0
375,1.1267799089681343,0.0,1.1464018971341043,0.0,1.15664885923172,0.0
376,1.1267577943515426,0.0,1.1463268911222937,0.0,1.1565820707022263,0.0
377,1.1267537073363525,0.0,1.146323239146559,0.0,1.1566793087122986,0.0
378,1.1267589708634707,0.0,1.1463897167224029,0.0,1.1568101054714501,0.0
379,1.1268248108954166,0.0,1.1471940993745595,0.0,1.1578168679524736,0.0
380,1.1268479789238544,0.0,1.147253259598031,0.0,1.1579308104540016,0.0
381,1.1268842549955909,0.0,1.147319023738172,0.0,1.1580668075785876,0.0
382,1.126932930489153,0.0,1.1476337692113665,0.0,1.1582654326937152,0.0
383,1.126967693513923,0.0,1.1476385604637882,0.0,1.1583287436883793,0.0
384,1.1269956114311714,0.0,1.147748363438041,0.0,1.15836314608978,0.0
385,1.1270289515597443,0.0,1.1477764784483409,0.0,1.1584350236056977,0.0
386,1.1270318544617657,0.0,1.147829445319711,0.0,1.1584295844103072,0.0
387,1.1270601337872643,0.0,1.1478341215866958,0.0,1.1584697657716856,0.0
388,1.1270743623897106,0.0,1.147876988584533,0.0,1.1584750371196093,0.0
389,1.1271065298818772,0.0,1.1478746844816283,0.0,1.158511827547928,0.0
390,1.1270987516690518,0.0,1.1477813615845638,0.0,1.1584496994041953,0.0
391,1.1282724221844682,0.0,1.149458387561262,0.0,1.1595366614769493,0.0
392,1.1282717182063067,0.0,1.1487592845687569,0.0,1.1593875410322525,0.0
393,1.127891740660105,0.0,1.1481212703739831,0.0,1.1589798172495949,0.0
394,1.127674291543686,0.0,1.1478304055781838,0.0,1.1586646482224796,0.0
395,1.1275065005361962,0.0,1.1474960713000748,0.0,1.1583124001411669,0.0
396,1.1273620193342935,0.0,1.1471847922229697,0.0,1.1578416949961958,0.0
397,1.1272806901166346,0.0,1.1469723633627857,0.0,1.1576402260207228,0.0
398,1.1271650196872143,0.0,1.146433680531219,0.0,1.1571107769239262,0.0
399,1.127024274551472,0.0,1.145957129568616,0.0,1.1563626991076477,0.0
400,1.1269008915057677,0.0,1.145449243427244,0.0,1.155787729783732,0.0
401,1.1268011206293942,0.0,1.1450844694619078,0.0,1.1554492314584903,0.0
402,1.1266976844292906,0.0,1.144608854080884,0.0,1.1549930061221048,0.0
403,1.1266353517476324,0.0,1.1442977546883077,0.0,1.1547346225201442,0.0
404,1.1268801132845545,0.0,1.1472330423715378,0.0,1.1580421089714437,0.0
405,1.126926406011371,0.0,1.1470310895795701,0.0,1.1578043729677447,0.0
406,1.1269890471149067,0.0,1.147402065071232,0.0,1.1582485528138482,0.0
407,1.126998466423591,0.0,1.1473543794606287,0.0,1.1582281078925285,0.0
408,1.1269106999236234,0.0,1.147686010815143,0.0,1.157703634647583,0.0
409,1.1268867599261785,0.0,1.1477394839260617,0.0,1.1577562523498965,0.0
410,1.1268824380436382,0.0,1.1478118784707407,0.0,1.1578563712690368,0.0
411,1.1268927145738745,0.0,1.1477982859073568,0.0,1.1579408426771223,0.0
412,1.126904493279587,0.0,1.147814290945061,0.0,1.157993890724819,0.0
413,1.126920682551104,0.0,1.1478141363714789,0.0,1.1580439213177578,0.0
414,1.1269244624651182,0.0,1.147754549687788,0.0,1.158008941434808,0.0
415,1.1276244263644035,0.0,1.1490578980412804,0.0,1.1591053096257151,0.0
416,1.1275107003431657,0.0,1.1476989544829292,0.0,1.1586634943401748,0.0
417,1.127248599287641,0.0,1.1465466232541972,0.0,1.1575420725049976,0.0
418,1.1270230568415986,0.0,1.1457522774821383,0.0,1.1563415346963293,0.0
419,1.1268643938985738,0.0,1.1452275071194922,0.0,1.1556549845556583,0.0
420,1.1267239515286087,0.0,1.1448221873112652,0.0,1.155107790732343,0.0
421,1.126571563211721,0.0,1.1442777500911838,0.0,1.1544123977017156,0.0
422,1.1263984142484866,0.0,1.1434556152649922,0.0,1.1535440282750165,0.0
423,1.1262259116006998,0.0,1.1431580983208984,0.0,1.1530254193332996,0.0
424,1.1260191196938858,0.0,1.1425483170765918,0.0,1.1522432224953587,0.0
425,1.125875156360755,0.0,1.1421344036822036,0.0,1.1518836894996856,0.0
426,1.1257939346205925,0.0,1.1418500231542228,0.0,1.1516665752958588,0.0
427,1.1257957758278752,0.0,1.1415529735908425,0.0,1.151441213126521,0.0
428,1.1263733223792833,0.0,1.1467404284492448,0.0,1.1574849619508878,0.0
429,1.1265304626426635,0.0,1.1466620924366144,0.0,1.1573762901406393,0.0
430,1.1266609498262439,0.0,1.1471339261134765,0.0,1.1579138018887292,0.0
431,1.1267227786502347,0.0,1.1471259091752906,0.0,1.157934108075565,0.0
432,1.1266896538606026,0.0,1.1474648224236084,0.0,1.1574812612418974,0.0
433,1.1267007081351357,0.0,1.147542001244151,0.0,1.15755872363615,0.0
434,1.12672704076441,0.0,1.1476309267203737,0.0,1.1577103113706317,0.0
435,1.126759475498315,0.0,1.1476569329149022,0.0,1.1578054034252323,0.0
436,1.1268116089927498,0.0,1.1476874992514783,0.0,1.1579372130897498,0.0
437,1.1268507567195791,0.0,1.1477172742517667,0.0,1.1579879099225878,0.0
438,1.126870585714801,0.0,1.1476500313888154,0.0,1.1579745519073643,0.0
439,1.127411653624888,0.0,1.1488111443154256,0.0,1.1588932978562223,0.0
440,1.1273027294950522,0.0,1.147038700834454,0.0,1.1582441401031012,0.0
441,1.127047618112192,0.0,1.1458566274458954,0.0,1.1568270382263426,0.0
442,1.1268005416362605,0.0,1.1449929244914172,0.0,1.155559414312855,0.0
443,1.1265756681460029,0.0,1.1441623980392919,0.0,1.154450879101253,0.0
444,1.1263935235775335,0.0,1.1436754380692504,0.0,1.1538615263586862,0.0
445,1.1261768395553033,0.0,1.143039535843311,0.0,1.1528707137274503,0.0
446,1.1259459308749578,0.0,1.142401004520718,0.0,1.1519904373304002,0.0
447,1.1257213738434646,0.0,1.142275523745213,0.0,1.151620881357167,0.0
448,1.125552280113369,0.0,1.141744321202693,0.0,1.151156774108551,0.0
449,1.1254582843498773,0.0,1.1413672907703534,0.0,1.150984582150555,0.0
450,1.12541035189356,0.0,1.1410870558713677,0.0,1.150835408216168,0.0
451,1.125415624783374,0.0,1.1407302335788922,0.0,1.150495041074371,0.0
452,1.1261270456588086,0.0,1.1466243451432472,0.0,1.1572984192347033,0.0
453,1.1263228322940597,0.0,1.1464699493540191,0.0,1.1571420095805065,0.0
454,1.1264838636603731,0.0,1.1469980685555126,0.0,1.1577565914479009,0.0
455,1.126573891949935,0.0,1.147013462957394,0.0,1.1578044197781279,0.0
456,1.1265670565219679,0.0,1.1473742159238203,0.0,1.1573894240279134,0.0
457,1.1266049727958336,0.0,1.147457074731529,0.0,1.1575059985616718,0.0
458,1.1266622037933693,0.0,1.1475383215757822,0.0,1.1577032326390637,0.0
459,1.1267215448126977,0.0,1.147567733810735,0.0,1.157814749614462,0.0
460,1.1267781562233485,0.0,1.1476096422196327,0.0,1.1579019622583733,0.0
461,1.1268450354024078,0.0,1.147642596289057,0.0,1.1580181199280728,0.0
462,1.1268902962071579,0.0,1.1476055031431691,0.0,1.1580395232014142,0.0
463,1.127380797211326,0.0,1.1486574102400116,0.0,1.15880928336453,0.0
464,1.1272773074771807,0.0,1.146837362871696,0.0,1.1580523934124214,0.0
465,1.1269834411351927,0.0,1.1456280050604777,0.0,1.1566008089350477,0.0
466,1.1267163218449572,0.0,1.1447411686607163,0.0,1.155323012306562,0.0
467,1.1264828588488751,0.0,1.1439340823715693,0.0,1.1542581264461118,0.0
468,1.1263097915800886,0.0,1.1435180101814715,0.0,1.153768252872125,0.0
469,1.1260466608763002,0.0,1.1427323404195746,0.0,1.1524947627923576,0.0
470,1.1257830807209295,0.0,1.1420992691371965,0.0,1.1515647573391714,0.0
471,1.125538574028668,0.0,1.1419409541058136,0.0,1.1511860393618012,0.0
472,1.1253488924216852,0.0,1.1413901253959495,0.0,1.150684160494427,0.0
473,1.125238172203303,0.0,1.1410017839664424,0.0,1.1504760071923055,0.0
474,1.125241717865475,0.0,1.1407972977040024,0.0,1.150522677853229,0.0
475,1.1252544405778149,0.0,1.1404355314490304,0.0,1.1501999725250662,0.0
476,1.126023533620751,0.0,1.1465331956214129,0.0,1.1572014645992486,0.0
477,1.1262296744454576,0.0,1.146364287873801,0.0,1.1570246331989427,0.0
478,1.1263924990048257,0.0,1.1469216389921504,0.0,1.1576784152602615,0.0
479,1.1264769132133978,0.0,1.1469253789256295,0.0,1.1577168206069142,0.0
480,1.1264737952650348,0.0,1.1473004487774543,0.0,1.1573177314712497,0.0
481,1.126503390028272,0.0,1.1474042439527232,0.0,1.1574210355053631,0.0
482,1.1265437470662607,0.0,1.147514430484346,0.0,1.1575742358494336,0.0
483,1.1265919846106625,0.0,1.1475382266351846,0.0,1.1576834173126587,0.0
484,1.1266428835085507,0.0,1.147577870123561,0.0,1.1577916416614031,0.0
485,1.1266889474420234,0.0,1.1476159068494372,0.0,1.1578521234531745,0.0
486,1.1267358479041774,0.0,1.1476220902733891,0.0,1.1579133553884342,0.0
487,1.1267890272599366,0.0,1.1476586080481272,0.0,1.1579581533131498,0.0
488,1.127079143922557,0.0,1.1472030360003849,0.0,1.158390742797326,0.0
489,1.1274788209236413,0.0,1.1484558606530668,0.0,1.1588565226537466,0.0
490,1.1272167022026895,0.0,1.147491888830579,0.0,1.158195416252719,0.0
491,1.1270577516923135,0.0,1.1467472779252297,0.0,1.1574921832882603,0.0
492,1.1269073831478018,0.0,1.1459133369634114,0.0,1.1565389127068153,0.0
493,1.1267887481372094,0.0,1.145456034187468,0.0,1.1560278511563242,0.0
494,1.1266532982082778,0.0,1.144824382878377,0.0,1.1552578228823127,0.0
495,1.126522121825088,0.0,1.1442395450296505,0.0,1.1545752103309976,0.0
496,1.1264285366433935,0.0,1.1440060916287405,0.0,1.1544299751116318,0.0
497,1.1266505872886767,0.0,1.1466644129994656,0.0,1.1572262116154524,0.0
498,1.1266956549920624,0.0,1.146326890275799,0.0,1.15699938804048,0.0
499,1.12677643601827,0.0,1.1468185177545374,0.0,1.1576291938173158,0.0
500,1.1267071781968871,0.0,1.1467496618226636,0.0,1.1567748816710104,0.0
501,1.1266966016049857,0.0,1.146823586018769,0.0,1.156849251597643,0.0
502,1.1267194242473415,0.0,1.147480802682009,0.0,1.1575115697487852,0.0
503,1.1267314361333385,0.0,1.1475054303735817,0.0,1.1576097646854708,0.0
504,1.1267579870169089,0.0,1.1476125189479534,0.0,1.157783086403363,0.0
505,1.126771603088871,0.0,1.1476727689912094,0.0,1.15787273994932,0.0
506,1.1267920870543782,0.0,1.1477329370292755,0.0,1.1579803038728818,0.0
507,1.1268159974564258,0.0,1.1477842392435702,0.0,1.1580332930067598,0.0
508,1.1268448487265315,0.0,1.1478118350756152,0.0,1.158096610517192,0.0
509,1.1268812749275567,0.0,1.1478228589148918,0.0,1.1581461623345222,0.0
510,1.1269389752753065,0.0,1.1477776666309913,0.0,1.1582292442542612,0.0
511,1.127002726087773,0.0,1.147793053158,0.0,1.1582734307898936,0.0
512,1.1270302889509771,0.0,1.1473685556600741,0.0,1.1580302774111921,0.0
513,1.1270534787208766,0.0,1.1472344758561304,0.0,1.157996256521349,0.0
514,1.127053424986494,0.0,1.1472179168037506,0.0,1.1579221114230134,0.0
515,1.1270214834883683,0.0,1.1471984363889722,0.0,1.157737883551069,0.0
516,1.1270175759350605,0.0,1.1472415298280354,0.0,1.1577556275859588,0.0
517,1.126989806305022,0.0,1.147109473736328,0.0,1.15762470687855,0.0
518,1.1269621609801488,0.0,1.146934801145944,0.0,1.1574860943576233,0.0
519,1.1269278327140448,0.0,1.146802201501331,0.0,1.1573118170453893,0.0
520,1.1269012572087007,0.0,1.146694674606355,0.0,1.1572054975271424,0.0
521,1.1269023471299802,0.0,1.1467551991789897,0.0,1.157280100162026,0.0
522,1.1269646982151227,0.0,1.147056644052131,0.0,1.1577348804481633,0.0
523,1.1270839155162296,0.0,1.1475608127789498,0.0,1.158273857709659,0.0
524,1.1271813625164695,0.0,1.1476653693403693,0.0,1.1584007678322,0.0
525,1.1272593404514364,0.0,1.1477385406906864,0.0,1.1584794111269867,0.0
526,1.127371544214921,0.0,1.1479444916263575,0.0,1.1586431337513088,0.0
527,1.12745225415051,0.0,1.1480176087706204,0.0,1.1587125336247768,0.0
528,1.1275477989023484,0.0,1.1481196980497828,0.0,1.1587970500576776,0.0
529,1.1276222896625023,0.0,1.148193337887213,0.0,1.1588577443321366,0.0
530,1.1276849435402536,0.0,1.1482442470225507,0.0,1.1589026523587023,0.0
531,1.1277488651370287,0.0,1.148298723366297,0.0,1.1589440169406784,0.0
532,1.1278207244598653,0.0,1.1483572491480296,0.0,1.1589959517759105,0.0
533,1.1278848962725898,0.0,1.14841844531875,0.0,1.1590385987845762,0.0
534,1.1279254035920732,0.0,1.148410545897171,0.0,1.159054426447593,0.0
535,1.1289083160576605,0.0,1.1496651302651606,0.0,1.1597848224370617,0.0
536,1.128928392921859,0.0,1.149280763377323,0.0,1.1597153786767997,0.0
537,1.1285772730290777,0.0,1.1488320326153543,0.0,1.1594085585089022,0.0
538,1.1282636300955606,0.0,1.148490014747734,0.0,1.1590605921327684,0.0
539,1.127991651475963,0.0,1.1480722579396034,0.0,1.1586613498051956,0.0
540,1.1277894241976774,0.0,1.1476169084324943,0.0,1.158199391330071,0.0
541,1.127600701844255,0.0,1.1470998267174712,0.0,1.157644892492126,0.0
542,1.1274160297928484,0.0,1.1464660976687668,0.0,1.157018322423023,0.0
543,1.1272140124650265,0.0,1.1458681290202104,0.0,1.1561661927395914,0.0
544,1.1270285021032214,0.0,1.1452299860160455,0.0,1.1554828628683858,0.0
545,1.1269031937432612,0.0,1.1449425889469584,0.0,1.1552951013933808,0.0
546,1.1268334823669321,0.0,1.1448769659135172,0.0,1.1552817566879883,0.0
547,1.1267813180213033,0.0,1.1447270193771297,0.0,1.1552720142963853,0.0
548,1.1271248475434792,0.0,1.1475254500729386,0.0,1.1583116816919798,0.0
549,1.1272134052519625,0.0,1.1475173744571372,0.0,1.1583020095356984,0.0
550,1.1273076114462368,0.0,1.1477265719019143,0.0,1.158483366815752,0.0
551,1.1273426116322482,0.0,1.1477515431555894,0.0,1.1585070760999685,0.0
552,1.1272193262317929,0.0,1.1480151502615112,0.0,1.1580879982157568,0.0
553,1.1272420875977565,0.0,1.1479680900354852,0.0,1.1582866714544244,0.0
554,1.1272697796969793,0.0,1.1479968488141463,0.0,1.15837104430413,0.0
555,1.127319927328556,0.0,1.1480130904164234,0.0,1.1584698973578031,0.0
556,1.127351818492761,0.0,1.1480576487227543,0.0,1.158509439387284,0.0
557,1.1273990993554168,0.0,1.1480829812511784,0.0,1.1585798976448662,0.0
558,1.1274089679527997,0.0,1.1480553627010184,0.0,1.1585652353900735,0.0
559,1.128093121346171,0.0,1.149187862345233,0.0,1.1593331112221712,0.0
560,1.1280442724851507,0.0,1.1482830771399812,0.0,1.1590835779924016,0.0
561,1.1277341718103364,0.0,1.1473952254912987,0.0,1.1583563152699405,0.0
562,1.1275086644281829,0.0,1.1468187362956455,0.0,1.1575952017859334,0.0
563,1.127338112170269,0.0,1.146356061264467,0.0,1.1570417257716863,0.0
564,1.1271841599481984,0.0,1.145967957936314,0.0,1.1565533357372697,0.0
565,1.1270103748143736,0.0,1.1454395357005258,0.0,1.1559160376095294,0.0
566,1.126837665752175,0.0,1.1448420271880522,0.0,1.1552883099152704,0.0
567,1.1266664645231337,0.0,1.1443786049449227,0.0,1.1546154929588963,0.0
568,1.1265201878591191,0.0,1.1439456796595386,0.0,1.1541779928386735,0.0
569,1.1264123210234063,0.0,1.1437207413527832,0.0,1.1539965974387834,0.0
570,1.126307881213305,0.0,1.1433879943300662,0.0,1.1536884027839946,0.0
571,1.126252944647565,0.0,1.143128339378639,0.0,1.153474488662776,0.0
572,1.126756747568385,0.0,1.1472594278109258,0.0,1.1580087518462379,0.0
573,1.1268862535732744,0.0,1.1472543348833208,0.0,1.157998589518525,0.0
574,1.1270005164011034,0.0,1.147505363427749,0.0,1.1582372185918253,0.0
575,1.1270529364089539,0.0,1.1475251130827988,0.0,1.158269896867025,0.0
576,1.1269824001452433,0.0,1.1478613898320498,0.0,1.1578746826776716,0.0
577,1.1269997057311014,0.0,1.1478735991267168,0.0,1.1580044716371931,0.0
578,1.1270417895151412,0.0,1.1478922936489446,0.0,1.1581270483631456,0.0
579,1.1271190211565199,0.0,1.1478714905842122,0.0,1.1582752976970505,0.0
580,1.1271969464604132,0.0,1.1479206931704529,0.0,1.1583762898718146,0.0
581,1.1272934419131566,0.0,1.1479651474559893,0.0,1.158495666686314,0.0
582,1.127352526726193,0.0,1.1479566166219173,0.0,1.158521011019478,0.0
583,1.127983318282343,0.0,1.1490102569655085,0.0,1.1592253436889883,0.0
584,1.1279470767472684,0.0,1.1480164247215257,0.0,1.1589455468564727,0.0
585,1.1276376356277868,0.0,1.1470632202660007,0.0,1.1580121522362037,0.0
586,1.127329852642128,0.0,1.1461856535979442,0.0,1.1568444007875416,0.0
587,1.1270781695548227,0.0,1.1454248798403295,0.0,1.1558938519146893,0.0
588,1.1268777725305859,0.0,1.144927011206218,0.0,1.1553085256868323,0.0
589,1.1266639449711908,0.0,1.1442954311308549,0.0,1.15446576855974,0.0
590,1.1264516624568623,0.0,1.143532019299067,0.0,1.1535484537424634,0.0
591,1.1262384887811132,0.0,1.1431795433885197,0.0,1.152876689372486,0.0
592,1.1260621777679385,0.0,1.14267658345939,0.0,1.152385446524995,0.0
593,1.125963616362284,0.0,1.142325373069997,0.0,1.1522546615693652,0.0
594,1.125918321891976,0.0,1.14230889074315,0.0,1.1523432782566545,0.0
595,1.1259155111858228,0.0,1.142329750734483,0.0,1.1525257180216333,0.0
596,1.1265715310852227,0.0,1.1470949110306334,0.0,1.157860034270872,0.0
597,1.1267716658647438,0.0,1.1471556893543646,0.0,1.1579126578513337,0.0
598,1.1269441037289856,0.0,1.1474426753064737,0.0,1.1581822972794285,0.0
599,1.1270458903296243,0.0,1.147516177531763,0.0,1.1582595103686502,0.0
600,1.1269880202006564,0.0,1.1478023860954794,0.0,1.1578938280158952,0.0
601,1.127081589985778,0.0,1.1477813628889082,0.0,1.1581796935327406,0.0
602,1.1271689726077774,0.0,1.1478530376172151,0.0,1.158308467084339,0.0
603,1.1272900075122636,0.0,1.1479162559061444,0.0,1.1584710082802374,0.0
604,1.1273680970183195,0.0,1.1480074483744818,0.0,1.158530629133173,0.0
605,1.1274897227320235,0.0,1.1480781056643505,0.0,1.1586660161973876,0.0
606,1.1275436066573041,0.0,1.1481016432138158,0.0,1.1586759011700347,0.0
607,1.1281711863491368,0.0,1.1490656697872101,0.0,1.1593184382941266,0.0
608,1.128100199576434,0.0,1.1481456646141177,0.0,1.159032993464672,0.0
609,1.1277755993941754,0.0,1.1472381666917342,0.0,1.1581568989041313,0.0
610,1.127442413707365,0.0,1.1463587864427656,0.0,1.1570182009325813,0.0
611,1.1271877062565698,0.0,1.145667952190459,0.0,1.1561715724849593,0.0
612,1.1270078471362386,0.0,1.1453053845708752,0.0,1.1557597681035119,0.0
613,1.1268302329177629,0.0,1.1448640136622434,0.0,1.1552660139326785,0.0
614,1.1266614506194812,0.0,1.1443603354429204,0.0,1.154759364006525,0.0
615,1.1264980734995875,0.0,1.1439854811299375,0.0,1.1542148607420584,0.0
616,1.1263680787297323,0.0,1.14366935330814,0.0,1.153914728474656,0.0
617,1.1262712070112668,0.0,1.1434947464234595,0.0,1.153780982167544,0.0
618,1.1261916598331576,0.0,1.1433132428943196,0.0,1.1536680994070667,0.0
619,1.1261607957574131,0.0,1.143186831260403,0.0,1.1536174068378648,0.0
620,1.1267781461344848,0.0,1.1472919790665292,0.0,1.1580491355472287,0.0
621,1.126957538345026,0.0,1.1473570760575094,0.0,1.1580971380483263,0.0
622,1.1271125769516501,0.0,1.1476113400094523,0.0,1.1583287399003943,0.0
623,1.1271952513299242,0.0,1.1476878261106311,0.0,1.1583947316479954,0.0
624,1.127101961458224,0.0,1.1479404769550012,0.0,1.1580183819172876,0.0
625,1.1271554864347986,0.0,1.1479227492581916,0.0,1.1582307187365717,0.0
626,1.127216734531322,0.0,1.1479642763898383,0.0,1.158346405950639,0.0
627,1.1272977416195957,0.0,1.1480023336882244,0.0,1.1584629823284944,0.0
628,1.1273640360639439,0.0,1.1480603131431424,0.0,1.1585341314309254,0.0
629,1.1274381753550675,0.0,1.1481088751336443,0.0,1.1586160436018513,0.0
630,1.1274750745032045,0.0,1.1480929632865862,0.0,1.1586259413461157,0.0
631,1.1280234030446707,0.0,1.1490167240191194,0.0,1.1592296173943462,0.0
632,1.1279241964596376,0.0,1.1478808837671828,0.0,1.158871265610871,0.0
633,1.1276153847923593,0.0,1.1468972716930306,0.0,1.1578495230344894,0.0
634,1.1273762734622892,0.0,1.1462957242448697,0.0,1.157062233849603,0.0
635,1.1271696204473118,0.0,1.145743494012981,0.0,1.1563863885755261,0.0
636,1.1269449594247989,0.0,1.145106208415526,0.0,1.1555602086469994,0.0
637,1.1267400884300804,0.0,1.1445395916299623,0.0,1.1549105258616823,0.0
638,1.1265674822560903,0.0,1.1440387305360231,0.0,1.1544017897284968,0.0
639,1.1264340300904685,0.0,1.143848110373627,0.0,1.1540899537136968,0.0
640,1.1263190875194942,0.0,1.1435793282332976,0.0,1.1538540676528934,0.0
641,1.1262006930513506,0.0,1.1432443955488727,0.0,1.153485009830233,0.0
642,1.1261029706159607,0.0,1.1429710870067715,0.0,1.1532373253156623,0.0
643,1.1260793591642395,0.0,1.1429120858861304,0.0,1.153298637837719,0.0
644,1.1267101888255011,0.0,1.147248878426026,0.0,1.157999731760807,0.0
645,1.1268956575066693,0.0,1.14730684694004,0.0,1.1580461860740194,0.0
646,1.1270560279222015,0.0,1.1475643793258645,0.0,1.1582866412214268,0.0
647,1.1271418523310635,0.0,1.1476375936052987,0.0,1.1583528435643755,0.0
648,1.1270567224896193,0.0,1.1479083368275969,0.0,1.15797488827337,0.0
649,1.1271072652434664,0.0,1.1478886356607778,0.0,1.15818017601074,0.0
650,1.1271732120076552,0.0,1.1479279490823349,0.0,1.1583091794096843,0.0
651,1.1272727703006509,0.0,1.1479604772339607,0.0,1.1584569288208744,0.0
652,1.1273390929257276,0.0,1.1480334302488122,0.0,1.1585128307704913,0.0
653,1.127437824485891,0.0,1.1480806508368158,0.0,1.1586302590162072,0.0
654,1.1274847152496625,0.0,1.1481365332397935,0.0,1.1586513499807187,0.0
655,1.1275812565915957,0.0,1.1481788596627867,0.0,1.158748448101199,0.0
656,1.1279351231303552,0.0,1.1481949350981429,0.0,1.1590734783038203,0.0
657,1.128349644209244,0.0,1.1491246999166689,0.0,1.159422140831799,0.0
658,1.127985846697881,0.0,1.1484823514282112,0.0,1.1589346926162807,0.0
659,1.1277487763953031,0.0,1.147999434111298,0.0,1.158525172478036,0.0
660,1.1275475839353089,0.0,1.1473282272593264,0.0,1.1579496082593224,0.0
661,1.1273973454028299,0.0,1.1468320245125465,0.0,1.1574618728547317,0.0
662,1.127280652240124,0.0,1.1464837871995777,0.0,1.1571176804174836,0.0
663,1.127172374450974,0.0,1.1461527194886802,0.0,1.1567464499029,0.0
664,1.127111087388659,0.0,1.1460471827095329,0.0,1.1567248613063392,0.0
665,1.1272503281421036,0.0,1.147555714109833,0.0,1.1582366318916184,0.0
666,1.1272842050419567,0.0,1.1472902199726038,0.0,1.1580332804783438,0.0
667,1.1273622954087241,0.0,1.1476442597392094,0.0,1.1584670827402104,0.0
668,1.1272362441400994,0.0,1.1478055234874136,0.0,1.1578865473878566,0.0
669,1.1272533311004658,0.0,1.1477479084814783,0.0,1.158121496975709,0.0
670,1.1273212996399522,0.0,1.1479976031043462,0.0,1.1583921879221124,0.0
671,1.1273922112247605,0.0,1.1480289471873868,0.0,1.1585266714715137,0.0
672,1.1274580909536862,0.0,1.148092060322104,0.0,1.1586012390907576,0.0
673,1.127525117727559,0.0,1.1481359585083137,0.0,1.158688884925332,0.0
674,1.127585234964142,0.0,1.1481962705153599,0.0,1.1587503533513523,0.0
675,1.1276678621380256,0.0,1.1482548715599403,0.0,1.1588284610895379,0.0
676,1.1277391893201492,0.0,1.1483225207882435,0.0,1.158883148033436,0.0
677,1.1278269521737165,0.0,1.1483865558352753,0.0,1.1589581681440007,0.0
678,1.1278951207175416,0.0,1.1484474476878948,0.0,1.159004661776891,0.0
679,1.1279892053411624,0.0,1.1485131891335207,0.0,1.1590743337076423,0.0
680,1.1280205328183721,0.0,1.148428855565513,0.0,1.1590222188113863,0.0
681,1.1280474447460982,0.0,1.1483970009532354,0.0,1.1590278041135431,0.0
682,1.1279518930836347,0.0,1.1483310410665382,0.0,1.1588876558668872,0.0
683,1.1278604878382028,0.0,1.1482705221771312,0.0,1.1587909282639774,0.0
684,1.1277742016550425,0.0,1.1482061953719993,0.0,1.158711568068302,0.0
685,1.1277082593209686,0.0,1.1480902026744153,0.0,1.1586784052769137,0.0
686,1.127630633574902,0.0,1.147961867440896,0.0,1.1585905964388936,0.0
687,1.127546590151434,0.0,1.1477636253152632,0.0,1.1584297266699302,0.0
688,1.1274516284693803,0.0,1.1475243829223125,0.0,1.1581239591721368,0.0
689,1.1273996075004278,0.0,1.147404676264973,0.0,1.1580159404209727,0.0
690,1.1273994742906834,0.0,1.1476323087658657,0.0,1.1582570058617863,0.0
691,1.127532011103585,0.0,1.1480386944653391,0.0,1.158690895436321,0.0
692,1.1276150210438456,0.0,1.148114219236131,0.0,1.1587694891896247,0.0
693,1.12770187645638,0.0,1.1481723859190534,0.0,1.1588564716401664,0.0
694,1.1277913114115217,0.0,1.1483331501888812,0.0,1.1589568988251693,0.0
695,1.1278756017462794,0.0,1.148394464157335,0.0,1.1590294390257843,0.0
696,1.1279343520109775,0.0,1.1484623018998685,0.0,1.1590624191017225,0.0
697,1.1280026879037148,0.0,1.1485121939733907,0.0,1.1591194749802225,0.0
698,1.1280334460064054,0.0,1.1485524141997538,0.0,1.159133522465905,0.0
699,1.1281008193529458,0.0,1.148603409446245,0.0,1.1591857859199588,0.0
700,1.128144801161418,0.0,1.1486542690798778,0.0,1.1592107073860964,0.0
701,1.1282130308596214,0.0,1.1487023076223715,0.0,1.1592606488030677,0.0
702,1.128230658586474,0.0,1.1486942029978533,0.0,1.1592562822851742,0.0
703,1.1291847079330763,0.0,1.1498011534823858,0.0,1.1598931041809903,0.0
704,1.1292083599133886,0.0,1.149512021289624,0.0,1.159850002359426,0.0
705,1.1288518906948164,0.0,1.149106634207662,0.0,1.1595899193935937,0.0
706,1.1285784910437118,0.0,1.1488344492624378,0.0,1.1593383222973324,0.0
707,1.1283393291310322,0.0,1.1485256479714807,0.0,1.1590708094963338,0.0
708,1.1281324700156978,0.0,1.1481906065943472,0.0,1.1587921115185442,0.0
709,1.1279277836602222,0.0,1.1477057840667857,0.0,1.1582651453610109,0.0
710,1.1277424459809204,0.0,1.1471125974476544,0.0,1.1577124408245942,0.0
711,1.127550923962967,0.0,1.1465700314043985,0.0,1.157019032347949,0.0
712,1.1273860469476968,0.0,1.1460789302493943,0.0,1.156467467523842,0.0
713,1.1272440996211097,0.0,1.1456595337787878,0.0,1.1560308757959428,0.0
714,1.1271217502660342,0.0,1.1452770537529249,0.0,1.1556950760153157,0.0
715,1.127062119949508,0.0,1.1451752800668642,0.0,1.1557368266432257,0.0
716,1.1273467025858532,0.0,1.147766780780084,0.0,1.1585015380492685,0.0
717,1.1274218951565202,0.0,1.1477459580804092,0.0,1.1584859006058519,0.0
718,1.127513788068189,0.0,1.1479345817639262,0.0,1.1586504052721212,0.0
719,1.12755327894306,0.0,1.1479572195266634,0.0,1.1586745000607048,0.0
720,1.1274380056982443,0.0,1.148166916451117,0.0,1.1583035668174542,0.0
721,1.127481895831054,0.0,1.1481208493468191,0.0,1.1585041406095666,0.0
722,1.127563292087318,0.0,1.1481473259952608,0.0,1.1586518564945567,0.0
723,1.127644063788922,0.0,1.148210394615875,0.0,1.1587372322185503,0.0
724,1.1277397625686105,0.0,1.1482757129175967,0.0,1.1588349779703246,0.0
725,1.1278161383242025,0.0,1.1483464119858144,0.0,1.1588965662529445,0.0
726,1.1278762000239884,0.0,1.1483521247352122,0.0,1.1589377331484099,0.0
727,1.12861768843051,0.0,1.1494516186649235,0.0,1.1596066057377654,0.0
728,1.1285681253588,0.0,1.1488346393914992,0.0,1.1594372385473732,0.0
729,1.1282457991193835,0.0,1.1482073328431543,0.0,1.1589938465783476,0.0
730,1.1279778229906765,0.0,1.147650197936561,0.0,1.1583491805240513,0.0
731,1.127735228496098,0.0,1.147037041932161,0.0,1.1575998855778944,0.0
732,1.1275326567137949,0.0,1.1465160718549545,0.0,1.1569818129936,0.0
733,1.1273317114208001,0.0,1.1459117136813244,0.0,1.1563384387772044,0.0
734,1.1271077064712691,0.0,1.1450987708092841,0.0,1.155454784825413,0.0
735,1.1268706427770527,0.0,1.1443316743177052,0.0,1.1543026649264234,0.0
736,1.1266576940348088,0.0,1.1436763092858584,0.0,1.1535547493295109,0.0
737,1.1265070835349311,0.0,1.1433050247339742,0.0,1.1533008798012427,0.0
738,1.1263847569120806,0.0,1.1429635190910987,0.0,1.1530062800377423,0.0
739,1.126354201603348,0.0,1.1429387223389096,0.0,1.1530644377214103,0.0
740,1.1268847013749637,0.0,1.1473939098501817,0.0,1.1580906514151104,0.0
741,1.127034822880134,0.0,1.1473959606513597,0.0,1.1581021527014206,0.0
742,1.1271710225497016,0.0,1.1476472641597817,0.0,1.1583475780560843,0.0
743,1.127241066658591,0.0,1.147681393782726,0.0,1.1583939380219936,0.0
744,1.1271703937137532,0.0,1.1479638684121405,0.0,1.1580147134304253,0.0
745,1.1272143273740973,0.0,1.1479517212587795,0.0,1.1582114105782342,0.0
746,1.1272864456809994,0.0,1.1479759164166936,0.0,1.158358953033468,0.0
747,1.1273974350944327,0.0,1.1480196057521008,0.0,1.1585264757092986,0.0
748,1.1274853249333905,0.0,1.1481007956791403,0.0,1.1586092524721499,0.0
749,1.127609994085236,0.0,1.1481726974206774,0.0,1.1587447010485656,0.0
750,1.127677339661992,0.0,1.1482006583976312,0.0,1.1587698209241868,0.0
751,1.1283596816634198,0.0,1.149218796712785,0.0,1.1594415195312502,0.0
752,1.1283118431986916,0.0,1.1484560274912292,0.0,1.1592138060956796,0.0
753,1.128018705528489,0.0,1.1476994710043127,0.0,1.1585624877538725,0.0
754,1.1277524698143269,0.0,1.1470729232350438,0.0,1.1577705557217666,0.0
755,1.1275213138068,0.0,1.14646144288694,0.0,1.1570332299303518,0.0
756,1.1273373362577614,0.0,1.1460304510533974,0.0,1.1565289991682994,0.0
757,1.1271623186568418,0.0,1.1455854578057392,0.0,1.1560473508094464,0.0
758,1.126992324461405,0.0,1.145088124696561,0.0,1.1555467066681488,0.0
759,1.1268125376024873,0.0,1.1446348425749675,0.0,1.154888729201576,0.0
760,1.1266548625497068,0.0,1.1441897621007635,0.0,1.1544278729552713,0.0
761,1.1265344052638533,0.0,1.1439128806191,0.0,1.1541649617881147,0.0
762,1.1264429712503299,0.0,1.1437000871320349,0.0,1.1539711742499237,0.0
763,1.1264455901859576,0.0,1.1438300726353876,0.0,1.1542892052323948,0.0
764,1.1270410609040562,0.0,1.1474986860717566,0.0,1.158233407251572,0.0
765,1.1272265346804013,0.0,1.147589616234821,0.0,1.158298069856156,0.0
766,1.127393028094792,0.0,1.1478510296824587,0.0,1.1585238763534855,0.0
767,1.1274924568472628,0.0,1.147945690978294,0.0,1.15860278082816,0.0
768,1.1274208574846192,0.0,1.1481321944742842,0.0,1.1583439033384122,0.0
769,1.1275245442357553,0.0,1.1481493375846643,0.0,1.158580645262873,0.0
770,1.1276358935527349,0.0,1.1482218772693784,0.0,1.158720608016205,0.0
771,1.1277402820776168,0.0,1.1483055600323273,0.0,1.1588218350502364,0.0
772,1.1278318912810528,0.0,1.1483846068512544,0.0,1.158902127374467,0.0
773,1.1279203480683053,0.0,1.1484617486148845,0.0,1.1589829011728594,0.0
774,1.1279667208186217,0.0,1.1484755470859824,0.0,1.1590059917063855,0.0
775,1.1285531656106962,0.0,1.1493321280828352,0.0,1.1595377870805306,0.0
776,1.1284791932724558,0.0,1.1486210707825302,0.0,1.1593213972694243,0.0
777,1.128160589929562,0.0,1.147858307830704,0.0,1.1587017859144784,0.0
778,1.1278568193318357,0.0,1.14715415885359,0.0,1.1578456931480514,0.0
779,1.1275887362449255,0.0,1.1464573724836218,0.0,1.157015507605043,0.0
780,1.1273718266344135,0.0,1.1459415113824791,0.0,1.1564208019908147,0.0
781,1.127166730200269,0.0,1.145417325125228,0.0,1.1558404162100928,0.0
782,1.1269619135033955,0.0,1.1447984459998914,0.0,1.1551770794625613,0.0
783,1.1267473865080655,0.0,1.1442053557822423,0.0,1.1543133955703326,0.0
784,1.126565240001629,0.0,1.1436822923488035,0.0,1.1537616458534135,0.0
785,1.1264342656075017,0.0,1.1434192762030073,0.0,1.1535746269199962,0.0
786,1.1263212219936656,0.0,1.1431099941875604,0.0,1.1532637628326263,0.0
787,1.1262985877257852,0.0,1.1431443084875073,0.0,1.1534507929628133,0.0
788,1.126910959709583,0.0,1.1474353191359856,0.0,1.1581473654341006,0.0
789,1.1270897735139251,0.0,1.1474885371485952,0.0,1.1581908703268544,0.0
790,1.127244179757633,0.0,1.1477390675806804,0.0,1.1584209877853866,0.0
791,1.1273306481811427,0.0,1.1478164098591586,0.0,1.1584900450112576,0.0
792,1.1272550705070634,0.0,1.148050535045453,0.0,1.1581679528364555,0.0
793,1.1273224413995597,0.0,1.148048669265124,0.0,1.1583753938033783,0.0
794,1.1274098120096328,0.0,1.1480906122441115,0.0,1.1585205820828721,0.0
795,1.1274929950782295,0.0,1.1481488896911451,0.0,1.1586192169349172,0.0
796,1.1275685256016494,0.0,1.1482112411563812,0.0,1.158698809603521,0.0
797,1.1276489122264945,0.0,1.1482714285205378,0.0,1.1587744562133377,0.0
798,1.1277077826917599,0.0,1.1482697474056143,0.0,1.1588112760087759,0.0
799,1.1282721861396567,0.0,1.1491628063050878,0.0,1.1593757773903308,0.0
800,1.1282211344713111,0.0,1.148266798872955,0.0,1.1591227375912623,0.0
801,1.127899112463413,0.0,1.1473780301043182,0.0,1.158271983091819,0.0
802,1.1275962804462234,0.0,1.1465983171209597,0.0,1.1572694044772995,0.0
803,1.1273581864239353,0.0,1.1459623346600902,0.0,1.1564901302292254,0.0
804,1.1271657908504096,0.0,1.1455156386538432,0.0,1.1559791552217813,0.0
805,1.1269680231784596,0.0,1.1449923420514116,0.0,1.1553469870475348,0.0
806,1.1267743572405065,0.0,1.144396437048025,0.0,1.154695670310505,0.0
807,1.1265660952598837,0.0,1.1438047665446047,0.0,1.1537993359128207,0.0
808,1.1263998279620768,0.0,1.1433459765686491,0.0,1.1533467616486592,0.0
809,1.1262807044469179,0.0,1.143124642944963,0.0,1.1532307189073372,0.0
810,1.1261764630731372,0.0,1.1428214223945679,0.0,1.1529270000085527,0.0
811,1.1261803313379244,0.0,1.142976558133037,0.0,1.1532764074987258,0.0
812,1.126835406683625,0.0,1.1473544708795376,0.0,1.1580801426716736,0.0
813,1.127033933356497,0.0,1.1474290356994419,0.0,1.1581403710602884,0.0
814,1.1271998250696569,0.0,1.147689126285435,0.0,1.1583786528984046,0.0
815,1.1272978115294228,0.0,1.1477776567549924,0.0,1.1584566861798826,0.0
816,1.127240361498155,0.0,1.148003951430654,0.0,1.1581630780299155,0.0
817,1.1273281486506996,0.0,1.1480186010112343,0.0,1.1583880510805544,0.0
818,1.1274456736521747,0.0,1.1480689974587848,0.0,1.1585736141458867,0.0
819,1.1275279172366017,0.0,1.1481533169244054,0.0,1.158646058171952,0.0
820,1.1276424789532902,0.0,1.1482227644223533,0.0,1.1587715918376684,0.0
821,1.1277121456348929,0.0,1.148303894695858,0.0,1.158817441351186,0.0
822,1.127820887353677,0.0,1.148362287393376,0.0,1.1589235344266093,0.0
823,1.1278847279282573,0.0,1.1484396567058404,0.0,1.1589510278649104,0.0
824,1.1282315655481685,0.0,1.1484944298494548,0.0,1.159255553755257,0.0
825,1.1286508307397691,0.0,1.1493268338102962,0.0,1.1595827527367868,0.0
826,1.1283365153889602,0.0,1.1488127114533904,0.0,1.1592144076930162,0.0
827,1.1280908291430427,0.0,1.148426338367717,0.0,1.1588804797129615,0.0
828,1.1278655217691154,0.0,1.147887742828898,0.0,1.1584645964775229,0.0
829,1.1277137227612508,0.0,1.1474686373408969,0.0,1.1581095534726513,0.0
830,1.127591126098657,0.0,1.1471234396485097,0.0,1.1577735848938004,0.0
831,1.1274554699041557,0.0,1.1466754084340196,0.0,1.1572805087810463,0.0
832,1.1273523326284995,0.0,1.1463808889080005,0.0,1.1570189584231219,0.0
833,1.1274494331897051,0.0,1.1477510783446476,0.0,1.158359213598442,0.0
834,1.127450760075358,0.0,1.1474341186167287,0.0,1.1581019490350972,0.0
835,1.1275324179315562,0.0,1.1478108123131467,0.0,1.1585926463366798,0.0
836,1.1274176643445584,0.0,1.1479606891505438,0.0,1.1580961817471043,0.0
837,1.127437030809386,0.0,1.147912027052304,0.0,1.1583033203763646,0.0
838,1.127515096456698,0.0,1.1481438312239616,0.0,1.1585686651972107,0.0
839,1.1275798302053772,0.0,1.148189017967919,0.0,1.1586742476442469,0.0
840,1.1276374998408143,0.0,1.1482498898733997,0.0,1.1587359041455627,0.0
841,1.1276890626488592,0.0,1.1482866637037605,0.0,1.1588055490127274,0.0
842,1.1277319535351278,0.0,1.1483360119128514,0.0,1.158846518431824,0.0
843,1.127810411563422,0.0,1.1483841729863338,0.0,1.1589238123459,0.0
844,1.127861759433008,0.0,1.1484460206791736,0.0,1.158963171362034,0.0
845,1.1279330503243958,0.0,1.1485023796327478,0.0,1.159032419629521,0.0
846,1.12797061154031,0.0,1.1485469863810596,0.0,1.159054110056848,0.0
847,1.1280453200738851,0.0,1.1485935314625841,0.0,1.159111711222614,0.0
848,1.1280658046495646,0.0,1.1484885532814042,0.0,1.1590455903869539,0.0
849,1.1281017008985146,0.0,1.148458875486909,0.0,1.1590631388377386,0.0
850,1.1280781159262059,0.0,1.148437814039083,0.0,1.1590205840986914,0.0
851,1.1280043722379163,0.0,1.1483939505049992,0.0,1.1589464022722258,0.0
852,1.1279443808600411,0.0,1.1483749942634562,0.0,1.1588977153765918,0.0
853,1.127850317861157,0.0,1.14827193140025,0.0,1.1587986144950086,0.0
854,1.1277773543450418,0.0,1.1481813767126068,0.0,1.1587280326656915,0.0
855,1.127710395568879,0.0,1.1480789902483386,0.0,1.1586510248337443,0.0
856,1.1276619676871442,0.0,1.1480037976664528,0.0,1.1586008132793695,0.0
857,1.1276290513065161,0.0,1.1479347968030993,0.0,1.1585661951058808,0.0
858,1.1276510610285533,0.0,1.1479722199527036,0.0,1.1586541200918339,0.0
859,1.1277553709601755,0.0,1.1482453789515041,0.0,1.1588832752609686,0.0
860,1.1278024577296442,0.0,1.1483022683539341,0.0,1.1589243049469338,0.0
861,1.127843107398541,0.0,1.148324526325033,0.0,1.1589642239395024,0.0
862,1.1278864140075926,0.0,1.1484478308355388,0.0,1.1590290371388612,0.0
863,1.127920178097029,0.0,1.1484749163973182,0.0,1.1590668565981384,0.0
864,1.127942526878584,0.0,1.1485145864158075,0.0,1.159078909304994,0.0
865,1.1279761386373368,0.0,1.1485356761054621,0.0,1.159111729132126,0.0
866,1.1279769779826054,0.0,1.1485494904991662,0.0,1.1591076911026459,0.0
867,1.1279942648281382,0.0,1.1485587052979833,0.0,1.1591243542891014,0.0
868,1.1279965547469335,0.0,1.1485778506310995,0.0,1.1591241182825074,0.0
869,1.1280166743173414,0.0,1.1485914399004515,0.0,1.1591424383115296,0.0
870,1.1280078219906864,0.0,1.1485450814204112,0.0,1.1591168526216447,0.0
871,1.1289842522440916,0.0,1.1497392053471132,0.0,1.1598276121183966,0.0
872,1.1290143414271687,0.0,1.1493650690427542,0.0,1.159769428535012,0.0
873,1.1286588653516934,0.0,1.1489107865317312,0.0,1.1594784619295642,0.0
874,1.1284003983539819,0.0,1.148631496317622,0.0,1.1592118639761626,0.0
875,1.1281816937336844,0.0,1.1483009826808945,0.0,1.1589331163859766,0.0
876,1.1280182130801752,0.0,1.1479833446985006,0.0,1.1586296698268173,0.0
877,1.1278615163081633,0.0,1.1475891661969253,0.0,1.1582060573432928,0.0
878,1.127726637287845,0.0,1.147138932037805,0.0,1.1578170895668698,0.0
879,1.12757660160183,0.0,1.1467683880760455,0.0,1.1573017533158665,0.0
880,1.127443975403669,0.0,1.1463736037115526,0.0,1.1568751984090104,0.0
881,1.1273334567191058,0.0,1.146053986446104,0.0,1.1565680272527796,0.0
882,1.1272191619916963,0.0,1.1456342575636207,0.0,1.1561786493218082,0.0
883,1.1271455720326444,0.0,1.1453958803519952,0.0,1.1560167857502748,0.0
884,1.127397104118152,0.0,1.1478136955057814,0.0,1.1585502066053532,0.0
885,1.1274548531054551,0.0,1.147779869654722,0.0,1.1585220881408802,0.0
886,1.1275292308796936,0.0,1.147958883332392,0.0,1.1586775825210556,0.0
887,1.1275526049583007,0.0,1.1479649955173137,0.0,1.1586864979740177,0.0
888,1.1274293159679645,0.0,1.1482148692867342,0.0,1.1582659147526893,0.0
889,1.127444274639968,0.0,1.1481578985639265,0.0,1.1584367404342688,0.0
890,1.1274862288016454,0.0,1.1481644085120963,0.0,1.1585548934559042,0.0
891,1.1275397757512133,0.0,1.1481777705475207,0.0,1.158640176467255,0.0
892,1.1275829134062054,0.0,1.1482183658262641,0.0,1.1586933564904136,0.0
893,1.1276382021972557,0.0,1.148254004336077,0.0,1.158757448154419,0.0
894,1.1276694600393462,0.0,1.1482258552033326,0.0,1.1587667598145674,0.0
895,1.1284021865973002,0.0,1.1493559386750836,0.0,1.1595031260061648,0.0
896,1.1283893340978968,0.0,1.1486392037723072,0.0,1.1593261072465915,0.0
897,1.1280702384066577,0.0,1.1479110671779131,0.0,1.1587757172707704,0.0
898,1.1277606287359505,0.0,1.147127424619926,0.0,1.1577454215441092,0.0
899,1.1275309217964464,0.0,1.1464616929077438,0.0,1.1569431119517952,0.0
900,1.127340164277425,0.0,1.1459436509961602,0.0,1.1563306633244772,0.0
901,1.1271323940842284,0.0,1.1452744492272051,0.0,1.1554525178773556,0.0
902,1.126912225958477,0.0,1.1444138398760755,0.0,1.1544152715031963,0.0
903,1.1266846551777132,0.0,1.1440020442470575,0.0,1.153672444657284,0.0
904,1.1265878338445399,0.0,1.143676718840628,0.0,1.1537975620602103,0.0
905,1.126488906265928,0.0,1.1434736385408089,0.0,1.1535783099966395,0.0
906,1.1263517899453104,0.0,1.1428794430970028,0.0,1.1528989055879537,0.0
907,1.1263161198735063,0.0,1.142762054175178,0.0,1.1528233244026502,0.0
908,1.1268666419122362,0.0,1.1473721091730293,0.0,1.158067650546158,0.0
909,1.127045854566572,0.0,1.1474051753471708,0.0,1.1581151158323066,0.0
910,1.1272095280888141,0.0,1.1476727009611216,0.0,1.158370429680952,0.0
911,1.1273017301758101,0.0,1.1477307036350959,0.0,1.1584364768353927,0.0
912,1.1272397593476557,0.0,1.1479668667518776,0.0,1.1580750242165296,0.0
913,1.1273404912862863,0.0,1.1479550058252705,0.0,1.1583695385205939,0.0
914,1.1274419821664776,0.0,1.1480235788014932,0.0,1.158521666158727,0.0
915,1.1275591049593072,0.0,1.148113174804109,0.0,1.158660172711644,0.0
916,1.1276565870302513,0.0,1.1482050501175938,0.0,1.1587486093693025,0.0
917,1.1277639838200761,0.0,1.148291012067432,0.0,1.158849926699264,0.0
918,1.1278334376461476,0.0,1.1483187784469686,0.0,1.1588901004369454,0.0
919,1.1284788303220057,0.0,1.1493020168749086,0.0,1.159504491407747,0.0
920,1.1284208165455893,0.0,1.1485776968583126,0.0,1.1592880971818533,0.0
921,1.1281025324423228,0.0,1.1477941470029442,0.0,1.1586338111397367,0.0
922,1.1277760107278396,0.0,1.1469846571821904,0.0,1.157626411969551,0.0
923,1.127483231892405,0.0,1.1461242885491374,0.0,1.1566147495824943,0.0
924,1.127243223945449,0.0,1.1454893513443611,0.0,1.155884076206659,0.0
925,1.1270046710930754,0.0,1.1447838353111164,0.0,1.154970713181259,0.0
926,1.126766737774913,0.0,1.1439292644729073,0.0,1.1539544509061204,0.0
927,1.1265916357312302,0.0,1.1436122579660244,0.0,1.1535269102303949,0.0
928,1.126454287979552,0.0,1.1432826520745263,0.0,1.1533175670080411,0.0
929,1.126344711502336,0.0,1.1430758217499444,0.0,1.1531447183417047,0.0
930,1.1262307868524137,0.0,1.1426982134176744,0.0,1.1527404292222039,0.0
931,1.1262009886303646,0.0,1.1426490101338103,0.0,1.152817834044674,0.0
932,1.1268037837819807,0.0,1.147324717336929,0.0,1.158040889589491,0.0
933,1.126975385905956,0.0,1.1473524669214064,0.0,1.158066372606106,0.0
934,1.1271175594081666,0.0,1.1476102598714124,0.0,1.1583136075985805,0.0
935,1.127185633300986,0.0,1.1476457965151565,0.0,1.1583592082921332,0.0
936,1.1271139400319719,0.0,1.1479334409639996,0.0,1.1579696955676788,0.0
937,1.127133940469527,0.0,1.147952646745996,0.0,1.1581057284740013,0.0
938,1.1271882094110075,0.0,1.1479598415647283,0.0,1.1582676441755104,0.0
939,1.1272331931336215,0.0,1.1480007892571227,0.0,1.1583288244756549,0.0
940,1.1272897741572672,0.0,1.1480322550645679,0.0,1.1584279043009593,0.0
941,1.1273315198235991,0.0,1.1480820843983883,0.0,1.158474260107279,0.0
942,1.1273626147620568,0.0,1.1480267955379697,0.0,1.1584951429105326,0.0
943,1.1278612829113823,0.0,1.1489865628902451,0.0,1.1591371035237081,0.0
944,1.1277649975677078,0.0,1.1475840073749966,0.0,1.1587028521703913,0.0
945,1.1274677231076375,0.0,1.1464686087445195,0.0,1.1574131265689234,0.0
946,1.1272269388643634,0.0,1.145763633728633,0.0,1.1564478737045047,0.0
947,1.127055638062095,0.0,1.1453230953049336,0.0,1.155916198847387,0.0
948,1.1268952397008536,0.0,1.1449340550410854,0.0,1.155395090775901,0.0
949,1.12674325352789,0.0,1.1445361893436807,0.0,1.1549037520128613,0.0
950,1.1265873855318855,0.0,1.1440003927211198,0.0,1.1543325214994706,0.0
951,1.1264416265760118,0.0,1.1436465458277487,0.0,1.1537933716729982,0.0
952,1.126318580951934,0.0,1.143316498041053,0.0,1.1534799718349922,0.0
953,1.1262125156109941,0.0,1.1430512525507737,0.0,1.1532195170272725,0.0
954,1.1261058741782488,0.0,1.1426760033671661,0.0,1.152835833081333,0.0
955,1.1260679388574333,0.0,1.1424876785454832,0.0,1.1527278298769332,0.0
956,1.126679795320016,0.0,1.1472111701068601,0.0,1.1579518606784045,0.0
957,1.1268368065368026,0.0,1.1471706165636917,0.0,1.1579238348969507,0.0
958,1.1269704267968523,0.0,1.147496523168174,0.0,1.1582109163096117,0.0
959,1.127025665155389,0.0,1.1475192156774872,0.0,1.1582403738928273,0.0
960,1.1269688762202061,0.0,1.1478503385188439,0.0,1.1578624761332628,0.0
961,1.1269759812851114,0.0,1.1479075342026177,0.0,1.1579381530556103,0.0
962,1.1270024927397875,0.0,1.1479317086547167,0.0,1.1580597007956621,0.0
963,1.1270259683261459,0.0,1.1479422506287282,0.0,1.1580995750924887,0.0
964,1.1270562265328308,0.0,1.1479576376863305,0.0,1.1581688776009176,0.0
965,1.1270826082955732,0.0,1.148003034933075,0.0,1.1582052431858785,0.0
966,1.1270987038373248,0.0,1.147919987975415,0.0,1.1581952484631737,0.0
967,1.1275221691823956,0.0,1.1488300735966965,0.0,1.158902953624939,0.0
968,1.1273945490488557,0.0,1.1468440773785626,0.0,1.1580164807624946,0.0
969,1.1271177372247922,0.0,1.1456520704679254,0.0,1.156573645383112,0.0
970,1.1268586566575496,0.0,1.1447280338887662,0.0,1.1552135144306621,0.0
971,1.1266584438352651,0.0,1.1440915720993317,0.0,1.154374589814596,0.0
972,1.1264864113747386,0.0,1.1436598032677203,0.0,1.153814661643896,0.0
973,1.1263125041117927,0.0,1.1431265418566332,0.0,1.1531546653974054,0.0
974,1.1261150474062622,0.0,1.1424555707691606,0.0,1.1523252433468,0.0
975,1.1259503988293231,0.0,1.1423996023907244,0.0,1.1521345122906403,0.0
976,1.12586916741801,0.0,1.1421010082670884,0.0,1.1519940527574706,0.0
977,1.1257891610837334,0.0,1.141908404550956,0.0,1.1518180530882811,0.0
978,1.1256992228080667,0.0,1.1415472533845248,0.0,1.151447807663055,0.0
979,1.1256768314226266,0.0,1.1411889476688193,0.0,1.1511179729648688,0.0
980,1.126367442958407,0.0,1.1469513042940045,0.0,1.157661315823421,0.0
981,1.126554831852291,0.0,1.1468191645993706,0.0,1.1575157403229963,0.0
982,1.1267072156231723,0.0,1.1472602005054329,0.0,1.1579739899848558,0.0
983,1.126791931609263,0.0,1.1472892526643892,0.0,1.158024820501832,0.0
984,1.1267739180455527,0.0,1.1476322300605455,0.0,1.1576457130722975,0.0
985,1.1268007703525562,0.0,1.1476962945338933,0.0,1.1577314047610947,0.0
986,1.126851234723327,0.0,1.147737616625937,0.0,1.1579040063070738,0.0
987,1.1269000608406377,0.0,1.1477613154191961,0.0,1.1579756327611672,0.0
988,1.1269577211792237,0.0,1.147775644857344,0.0,1.1580875744401504,0.0
989,1.1270153825823725,0.0,1.1478126023630326,0.0,1.1581691268693404,0.0
990,1.127081519062155,0.0,1.1478238775300826,0.0,1.1582655950343517,0.0
991,1.1271410329350633,0.0,1.1478761870598255,0.0,1.158304134632937,0.0
992,1.127470465095451,0.0,1.1476506781724451,0.0,1.1587108069339316,0.0
993,1.1278566173668392,0.0,1.1487368480950766,0.0,1.159099709969944,0.0
994,1.1275644511189287,0.0,1.1479085593453824,0.0,1.1585130547689744,0.0
995,1.1273425244939597,0.0,1.1470424412849314,0.0,1.1576898871695875,0.0
996,1.1271572068221412,0.0,1.1461500681272985,0.0,1.1566742083866917,0.0
997,1.126987960713348,0.0,1.1454384240182405,0.0,1.1558385099216015,0.0
998,1.1268095222350454,0.0,1.1446310500896513,0.0,1.1546803965084462,0.0
999,1.126639324106715,0.0,1.1439175650187106,0.0,1.1536611778513577,0.0
1000,1.1265220833501681,0.0,1.1435828649382724,0.0,1.153609537309416,0.0
1001,1.126757214803948,0.0,1.1465554874423634,0.0,1.156891411679286,0.0
1002,1.1267961707579877,0.0,1.1462349681207806,0.0,1.1567148373625704,0.0
1003,1.1269120342846153,0.0,1.1470608269043192,0.0,1.1577521145038903,0.0
1004,1.1268758200485356,0.0,1.1470403256239687,0.0,1.1570630315590396,0.0
1005,1.1268851953857142,0.0,1.1471063473371588,0.0,1.1571904629579965,0.0
1006,1.1269377847882738,0.0,1.147612064445472,0.0,1.157805131284515,0.0
1007,1.1269797738309548,0.0,1.1476433425107873,0.0,1.1579455652428527,0.0
1008,1.1270452847534094,0.0,1.1477380768252143,0.0,1.1581353305617337,0.0
1009,1.1271000990903184,0.0,1.147815095864504,0.0,1.1582476153168155,0.0
1010,1.1271736724602097,0.0,1.1478661401461068,0.0,1.158381372418679,0.0
1011,1.127241952589699,0.0,1.147923135433657,0.0,1.158455273794532,0.0
1012,1.1273247059865945,0.0,1.147974061847583,0.0,1.1585519083256295,0.0
1013,1.1273933569525885,0.0,1.1480397214007017,0.0,1.158608687443496,0.0
1014,1.1274745039513092,0.0,1.14807896775236,0.0,1.1586855459834668,0.0
1015,1.1275407297071063,0.0,1.1481398434852805,0.0,1.1587205960358706,0.0
1016,1.1275781763595576,0.0,1.1479409204190385,0.0,1.158621846303922,0.0
1017,1.1275576959720308,0.0,1.1478453424256678,0.0,1.1585266422276455,0.0
1018,1.1274737833496917,0.0,1.1477435528140383,0.0,1.1583329370530517,0.0
1019,1.127386526194446,0.0,1.147638963709808,0.0,1.1581586762156286,0.0
1020,1.1273262800898902,0.0,1.1475236131631406,0.0,1.1580239380141841,0.0
1021,1.1272540087712264,0.0,1.1473090933541559,0.0,1.1577819432333838,0.0
1022,1.1271928273092404,0.0,1.1471238743821008,0.0,1.1575966492953291,0.0
1023,1.1271169852165626,0.0,1.1468418038546582,0.0,1.1572181310128593,0.0
1024,1.127048411840836,0.0,1.1465413635546227,0.0,1.1568819323345754,0.0
1025,1.1269982617549823,0.0,1.1463655277920581,0.0,1.1566767390204098,0.0
1026,1.1269762361828817,0.0,1.1463992979860946,0.0,1.1567638697768485,0.0
1027,1.1270432188689763,0.0,1.14744737428902,0.0,1.1579400575809322,0.0
1028,1.1270946057978097,0.0,1.1474762566794647,0.0,1.158121195338767,0.0
1029,1.1271543424874386,0.0,1.1475978529777833,0.0,1.1582705383518648,0.0
1030,1.1272423685691284,0.0,1.1478617828848339,0.0,1.1584853415704002,0.0
1031,1.1273106218795148,0.0,1.147908890205615,0.0,1.1585642076969505,0.0
1032,1.1273877273957396,0.0,1.148006129706197,0.0,1.1586488580613328,0.0
1033,1.1274517218370748,0.0,1.148071525221518,0.0,1.1587205704039196,0.0
1034,1.1274983139228327,0.0,1.1481236329785502,0.0,1.1587582497382083,0.0
1035,1.1275662794317083,0.0,1.1481718067372373,0.0,1.1588128746726332,0.0
1036,1.1276315424546728,0.0,1.1482231714159379,0.0,1.158859508541249,0.0
1037,1.1277046772489445,0.0,1.1482755676213052,0.0,1.1589135697715824,0.0
1038,1.1277309645654752,0.0,1.1482530440213832,0.0,1.1589125403185052,0.0
1039,1.1286857217145785,0.0,1.1495696955519923,0.0,1.1596914741311208,0.0
1040,1.1286901993952327,0.0,1.1490540993683296,0.0,1.1595880500884934,0.0
1041,1.1283347459104018,0.0,1.1485518158960135,0.0,1.159238254859667,0.0
1042,1.1280686925456154,0.0,1.1481929873123395,0.0,1.1588936947467514,0.0
1043,1.1278572047126314,0.0,1.1477586203377712,0.0,1.1584717779781224,0.0
1044,1.1276529724757358,0.0,1.1472292969462439,0.0,1.1578063083478105,0.0
1045,1.127484256960338,0.0,1.1467336124624459,0.0,1.1572638909450883,0.0
1046,1.1273462085183197,0.0,1.1462465784459601,0.0,1.156850802444444,0.0
1047,1.1272068554999877,0.0,1.145880672408275,0.0,1.156335727798769,0.0
1048,1.1270671784761126,0.0,1.145406527251763,0.0,1.1557996886538398,0.0
1049,1.1269492820946323,0.0,1.1450516844571657,0.0,1.155452551068092,0.0
1050,1.1268346685244266,0.0,1.1446425491445351,0.0,1.1550689745449947,0.0
1051,1.126772799131924,0.0,1.1444349510712297,0.0,1.1549476669564605,0.0
1052,1.1271068945958234,0.0,1.1474969554498127,0.0,1.1583073621069642,0.0
1053,1.1271847135648316,0.0,1.1474074600090858,0.0,1.1582142094571573,0.0
1054,1.1272787814995024,0.0,1.147696843843775,0.0,1.1584773024207162,0.0
1055,1.127308841782153,0.0,1.1476962815035745,0.0,1.158487030241936,0.0
1056,1.12719741203843,0.0,1.147994809768755,0.0,1.1580236855860935,0.0
1057,1.1271981676036342,0.0,1.1480004394975085,0.0,1.1581722413178472,0.0
1058,1.1272386059582915,0.0,1.1479822402765019,0.0,1.1583285685769704,0.0
1059,1.1272806470006227,0.0,1.147986289810814,0.0,1.158397034035389,0.0
1060,1.1273328193425685,0.0,1.1480120783655479,0.0,1.1584866979828694,0.0
1061,1.127377598868786,0.0,1.1480556406117761,0.0,1.1585406605280388,0.0
1062,1.1274097005954085,0.0,1.148006361580498,0.0,1.158559308109837,0.0
1063,1.1280762029079836,0.0,1.1491818382643775,0.0,1.159322413331703,0.0
1064,1.1280355915487095,0.0,1.1482241666154884,0.0,1.1590625850516965,0.0
1065,1.1277329156233842,0.0,1.1473004251336585,0.0,1.158244413903335,0.0
1066,1.127444539893117,0.0,1.1464478215292286,0.0,1.1570837367925138,0.0
1067,1.1272209750150899,0.0,1.1457370596753356,0.0,1.1561957514652519,0.0
1068,1.1270436455928652,0.0,1.1452778308170228,0.0,1.1556571829499784,0.0
1069,1.1268511111349566,0.0,1.1446634867398096,0.0,1.1548680243809615,0.0
1070,1.1266410497882675,0.0,1.1438356003610004,0.0,1.1538687750865695,0.0
1071,1.1264248111062785,0.0,1.1434920284101513,0.0,1.1531754859890353,0.0
1072,1.1262475440219664,0.0,1.1429648262968786,0.0,1.152663838327227,0.0
1073,1.1261372041158646,0.0,1.1425506135876826,0.0,1.1524426533262442,0.0
1074,1.1260511029684313,0.0,1.1422444751471437,0.0,1.1522112357760808,0.0
1075,1.1260430709843228,0.0,1.1421880811340457,0.0,1.152209980343559,0.0
1076,1.1266394489909715,0.0,1.1471209588584068,0.0,1.157866203645444,0.0
1077,1.126807823681156,0.0,1.1470586058650345,0.0,1.1578042018926011,0.0
1078,1.1269643731215733,0.0,1.1474392647567841,0.0,1.15818094126355,0.0
1079,1.1270553873318037,0.0,1.1474857321267335,0.0,1.1582450714983037,0.0
1080,1.1270037289891384,0.0,1.1477941151013904,0.0,1.1578427314640207,0.0
1081,1.1270512632529883,0.0,1.1478158544044668,0.0,1.158051361098347,0.0
1082,1.127115585851256,0.0,1.1478456005430544,0.0,1.1582021425691666,0.0
1083,1.1271882585935746,0.0,1.1478747393153463,0.0,1.1583074657368877,0.0
1084,1.1272676722368111,0.0,1.1479376485523638,0.0,1.158412346403636,0.0
1085,1.1273708212028788,0.0,1.1480000289693348,0.0,1.1585394538389577,0.0
1086,1.1274313354701142,0.0,1.1480012837733187,0.0,1.1585687718959548,0.0
1087,1.1280358709164149,0.0,1.149036913510295,0.0,1.159248458564462,0.0
1088,1.1279727802705986,0.0,1.1480049558900676,0.0,1.158932581795948,0.0
1089,1.127657201346846,0.0,1.1469867767257742,0.0,1.157899094171173,0.0
1090,1.1273460096479055,0.0,1.1460730012995357,0.0,1.1566821112208858,0.0
1091,1.1270959316705134,0.0,1.145311621754533,0.0,1.1557439837460635,0.0
1092,1.1268983455016304,0.0,1.144829133296168,0.0,1.1551766933798358,0.0
1093,1.1266919360397996,0.0,1.1442019985124636,0.0,1.1544022677450343,0.0
1094,1.1265170613386184,0.0,1.1436360184734466,0.0,1.1538377078813444,0.0
1095,1.1263672887970693,0.0,1.1433196429188839,0.0,1.1533497876960912,0.0
1096,1.1262440881213522,0.0,1.1430172238923946,0.0,1.153071660697346,0.0
1097,1.1261292454427092,0.0,1.14271084748974,0.0,1.1527593964548637,0.0
1098,1.1260364689865714,0.0,1.1424612143935138,0.0,1.152560447335576,0.0
1099,1.126002195566616,0.0,1.1422698275601502,0.0,1.1524356664842144,0.0
1100,1.126620802855985,0.0,1.1471331820776,0.0,1.157876336628495,0.0
1101,1.1267865184963155,0.0,1.1470865123492875,0.0,1.1578343559650808,0.0
1102,1.126936588629548,0.0,1.1474422286176547,0.0,1.1581694689267994,0.0
1103,1.1270127215282015,0.0,1.1474779944342186,0.0,1.1582191499547445,0.0
1104,1.1269563776875247,0.0,1.1478072445378353,0.0,1.1578245920746995,0.0
1105,1.1270138395556901,0.0,1.1478312485429398,0.0,1.1580537310330137,0.0
1106,1.127089977205377,0.0,1.147859856147845,0.0,1.158220366349298,0.0
1107,1.1271661413755467,0.0,1.1478795688323147,0.0,1.158336622740105,0.0
1108,1.1272331813342271,0.0,1.1479388397153467,0.0,1.1584187104886514,0.0
1109,1.1272706674377617,0.0,1.147984350946614,0.0,1.158457475521426,0.0
1110,1.1272496627941924,0.0,1.1479613495274636,0.0,1.1583770265514017,0.0
1111,1.1277084683850844,0.0,1.148881353266883,0.0,1.1590308415032995,0.0
1112,1.1276080881234765,0.0,1.1473015373406743,0.0,1.1584620521411972,0.0
1113,1.1273056491714706,0.0,1.1461381875287047,0.0,1.1570901432971157,0.0
1114,1.1270404049411824,0.0,1.1452944830530165,0.0,1.1559143317583338,0.0
1115,1.1268412656938454,0.0,1.1447242181495672,0.0,1.1551993335205633,0.0
1116,1.1266480855788634,0.0,1.144170935752282,0.0,1.1544519128271276,0.0
1117,1.1264965194078593,0.0,1.143827371372656,0.0,1.1540508803475034,0.0
1118,1.1263369386117053,0.0,1.1432411165651137,0.0,1.1534239451181723,0.0
1119,1.1261914013224172,0.0,1.1429030884622928,0.0,1.1529073858204846,0.0
1120,1.126062587370481,0.0,1.142526395709776,0.0,1.152533875277656,0.0
1121,1.125945360968605,0.0,1.1421895241210471,0.0,1.1521775317486362,0.0
1122,1.125836551533409,0.0,1.1417915484856853,0.0,1.1517628473410237,0.0
1123,1.1257988894291457,0.0,1.1415458835124317,0.0,1.1515760095625833,0.0
1124,1.1264498727557168,0.0,1.1470206259451123,0.0,1.157750613658611,0.0
1125,1.1266122434355947,0.0,1.1468870249838203,0.0,1.1575903790374469,0.0
1126,1.1267420295592085,0.0,1.1473137327579652,0.0,1.158021189667491,0.0
1127,1.1268020365298355,0.0,1.1473170270395863,0.0,1.1580449046270327,0.0
1128,1.126776721126897,0.0,1.1476710373802093,0.0,1.1576863190657851,0.0
1129,1.1267945230400553,0.0,1.1477520321908476,0.0,1.1577662225585117,0.0
1130,1.1268227101268053,0.0,1.1478274209947663,0.0,1.1578664183033085,0.0
1131,1.1268595976859412,0.0,1.1478183712123424,0.0,1.1579474954820714,0.0
1132,1.1268956054864552,0.0,1.1478426566382918,0.0,1.1580071272773915,0.0
1133,1.1269372796050552,0.0,1.1478502345718509,0.0,1.1580789479875848,0.0
1134,1.126958358526375,0.0,1.147808374160847,0.0,1.158047619978828,0.0
1135,1.127377677936058,0.0,1.148691795689413,0.0,1.158791696813853,0.0
1136,1.1272611249901217,0.0,1.146605322869009,0.0,1.1577972289932768,0.0
1137,1.1269678133662306,0.0,1.145337110088231,0.0,1.1562347127148882,0.0
1138,1.1266603319815676,0.0,1.1440930085850587,0.0,1.1544033759846575,0.0
1139,1.1264547425862248,0.0,1.1435087939741464,0.0,1.1537543251683737,0.0
1140,1.1262571747266428,0.0,1.1429701929925091,0.0,1.1529272215067325,0.0
1141,1.1260209543467559,0.0,1.1426979088592348,0.0,1.1522658127453105,0.0
1142,1.1257779655641296,0.0,1.1420918452611366,0.0,1.1514424639267378,0.0
1143,1.1255374427855158,0.0,1.1419145266251527,0.0,1.1510680758724725,0.0
1144,1.1253425688151055,0.0,1.1413404029943246,0.0,1.1505363586616968,0.0
1145,1.1252317513141261,0.0,1.140918587015415,0.0,1.1503133035304234,0.0
1146,1.1251616667482258,0.0,1.1404854090597027,0.0,1.150059322645243,0.0
1147,1.125191142761205,0.0,1.1402026480685004,0.0,1.1498085414116235,0.0
1148,1.12603012783192,0.0,1.1467059056286613,0.0,1.157211993926757,0.0
1149,1.1262486253273973,0.0,1.1463546709767714,0.0,1.1568869851204184,0.0
1150,1.1264265244006098,0.0,1.146985889113816,0.0,1.1576853335145985,0.0
1151,1.1265252858207755,0.0,1.146986373145905,0.0,1.1577345236842564,0.0
1152,1.1265390459514324,0.0,1.1473527677218365,0.0,1.1573707671699203,0.0
1153,1.126577542756189,0.0,1.1474494513491933,0.0,1.1574669798420532,0.0
1154,1.126631428019137,0.0,1.147553111747615,0.0,1.157616362819774,0.0
1155,1.1266922719197823,0.0,1.1475874521554887,0.0,1.1577389082059861,0.0
1156,1.1267461818321545,0.0,1.1476330256602312,0.0,1.1578555447124146,0.0
1157,1.1267884418267204,0.0,1.1476929135721046,0.0,1.1579117756762267,0.0
1158,1.1268356567327964,0.0,1.1477035150407457,0.0,1.1579849569091465,0.0
1159,1.12688393991704,0.0,1.147747214433825,0.0,1.1580118540669935,0.0
1160,1.1271680302087899,0.0,1.1472814714061434,0.0,1.1584467348725593,0.0
1161,1.1275409170001314,0.0,1.1484872097369545,0.0,1.158880551182558,0.0
1162,1.1272912589863846,0.0,1.1474852167508924,0.0,1.158207893650316,0.0
1163,1.1271409240087813,0.0,1.1466349096348518,0.0,1.1573890848288073,0.0
1164,1.1269835212219705,0.0,1.1458797987164384,0.0,1.156454692777096,0.0
1165,1.126830728829981,0.0,1.1451907267566817,0.0,1.1556120879576905,0.0
1166,1.1267453670009957,0.0,1.144989894834117,0.0,1.1554469209014229,0.0
1167,1.1266628025205383,0.0,1.1447182354006606,0.0,1.1551565087508227,0.0
1168,1.126556159844999,0.0,1.144262579496894,0.0,1.1546976442989723,0.0
1169,1.1267553693945302,0.0,1.1466669951750441,0.0,1.157150547343208,0.0
1170,1.126764396072953,0.0,1.1461925125438002,0.0,1.1566734335593463,0.0
1171,1.1268624137654104,0.0,1.1468431136700963,0.0,1.1575569482375838,0.0
1172,1.1268218576130395,0.0,1.1468719257741569,0.0,1.156894057089813,0.0
1173,1.1268333629488754,0.0,1.1470299640046573,0.0,1.157107639442671,0.0
1174,1.1268942971020968,0.0,1.1475621011642907,0.0,1.157777702830563,0.0
1175,1.1269395814999645,0.0,1.1475982218037457,0.0,1.1579116192183088,0.0
1176,1.1270125281052814,0.0,1.1477013555695745,0.0,1.1581104050219488,0.0
1177,1.1270722385729912,0.0,1.1477789729783772,0.0,1.1582300550712201,0.0
1178,1.1271275152664635,0.0,1.1478457624122143,0.0,1.1583418362540536,0.0
1179,1.1271622778733539,0.0,1.1479120586166633,0.0,1.158379247524607,0.0
1180,1.1272155763478864,0.0,1.1479438224960596,0.0,1.1584518669299142,0.0
1181,1.1272532425578283,0.0,1.1479932467685467,0.0,1.1584872405595064,0.0
1182,1.1272939516305545,0.0,1.1480050039945142,0.0,1.1585336064277851,0.0
1183,1.127335375395128,0.0,1.148037399296238,0.0,1.158554332944883,0.0
1184,1.1273437328285154,0.0,1.1477212705322135,0.0,1.1583701556588335,0.0
1185,1.1273195934875482,0.0,1.147569056325801,0.0,1.158250823187764,0.0
1186,1.12730680938264,0.0,1.1475312915738234,0.0,1.1582076384260367,0.0
1187,1.1272630795738152,0.0,1.1475309113539482,0.0,1.1580969045933844,0.0
1188,1.1272187854368563,0.0,1.1475081042278543,0.0,1.1579840854208212,0.0
1189,1.1271504540062267,0.0,1.1473502178913118,0.0,1.1577167318040067,0.0
1190,1.1270767715925332,0.0,1.1470963791875286,0.0,1.1573668346097716,0.0
1191,1.1270089479699168,0.0,1.1467938609814259,0.0,1.156994410405318,0.0
1192,1.1269512650002766,0.0,1.1465272365394708,0.0,1.1567125679491181,0.0
1193,1.1269021233949488,0.0,1.146281666768979,0.0,1.15645538801417,0.0
1194,1.1268796465002104,0.0,1.146316946553511,0.0,1.1565328703518183,0.0
1195,1.1269272223728408,0.0,1.1472233356592487,0.0,1.157594455703314,0.0
1196,1.1269615151421568,0.0,1.1473421788361737,0.0,1.1579270358046563,0.0
1197,1.1270053217830207,0.0,1.1474604505181238,0.0,1.1580665932490526,0.0
1198,1.1271021044327698,0.0,1.1477450391302553,0.0,1.1583684423944443,0.0
1199,1.1271591101506302,0.0,1.147799779816871,0.0,1.1584299997037106,0.0
1200,1.1272364193009463,0.0,1.1478828461842496,0.0,1.1585365847555367,0.0
1201,1.1272765353029084,0.0,1.1479577253974838,0.0,1.1585787077740684,0.0
1202,1.1273310448334772,0.0,1.1480002572089583,0.0,1.1586526906829127,0.0
1203,1.1273591407821408,0.0,1.148058959467647,0.0,1.1586688773443006,0.0
1204,1.12740531831014,0.0,1.1480809053094367,0.0,1.1587184896198794,0.0
1205,1.1274296914186404,0.0,1.148121393883241,0.0,1.158726658150108,0.0
1206,1.1274720958601927,0.0,1.1481221066147675,0.0,1.158765014613103,0.0
1207,1.127496559797932,0.0,1.1481535769668372,0.0,1.1587599061145728,0.0
1208,1.1274968225170883,0.0,1.1478574156989065,0.0,1.158601015841005,0.0
1209,1.1274999927905731,0.0,1.1477714709644726,0.0,1.1585536876955316,0.0
1210,1.1275081796750788,0.0,1.1477434715540349,0.0,1.1585512800983326,0.0
1211,1.127450452924203,0.0,1.1477094784341493,0.0,1.1584383703042451,0.0
1212,1.1274129547855314,0.0,1.1476972212723433,0.0,1.1584171198400544,0.0
1213,1.1273308046085704,0.0,1.1475473110210195,0.0,1.1581647574284464,0.0
1214,1.1272448797817534,0.0,1.1472371149899665,0.0,1.157834273954248,0.0
1215,1.127144059081401,0.0,1.1468758577794431,0.0,1.1573094942451598,0.0
1216,1.12707204500853,0.0,1.1466689039436408,0.0,1.1570539642699484,0.0
1217,1.1270224163955374,0.0,1.146588420704189,0.0,1.1569118401625846,0.0
1218,1.1269995783346685,0.0,1.1466188272597195,0.0,1.1570171692800957,0.0
1219,1.1270365955511021,0.0,1.1474375044045275,0.0,1.1579618157814444,0.0
1220,1.1270570866489598,0.0,1.1474523903030984,0.0,1.158145378618582,0.0
1221,1.1270523044187502,0.0,1.1475164588235591,0.0,1.1581532480278565,0.0
1222,1.1271038115583,0.0,1.1478161381961811,0.0,1.158419944597754,0.0
1223,1.1271181668490977,0.0,1.1478436092357613,0.0,1.1584349462008756,0.0
1224,1.1271446044092759,0.0,1.1479048371347718,0.0,1.1584989672321013,0.0
1225,1.1271463674287494,0.0,1.1479643007156513,0.0,1.15851655515967,0.0
1226,1.127150330940579,0.0,1.147964422878791,0.0,1.1585409351870888,0.0
1227,1.1271488910062013,0.0,1.1480007378222743,0.0,1.158531823618151,0.0
1228,1.1271633678458868,0.0,1.1479930269016254,0.0,1.1585620096058582,0.0
1229,1.1271649258790009,0.0,1.148026198697034,0.0,1.158552825155457,0.0
1230,1.1271575359295536,0.0,1.1478716434158902,0.0,1.1585082348431885,0.0
1231,1.1282786544590244,0.0,1.149494861821537,0.0,1.1595485425324314,0.0
1232,1.1282972068893506,0.0,1.1487780667554353,0.0,1.159411261803306,0.0
1233,1.1279170341284848,0.0,1.1481125050011713,0.0,1.1590078962534693,0.0
1234,1.1276464733018494,0.0,1.1477029054432681,0.0,1.1585882542169732,0.0
1235,1.127461557905768,0.0,1.1472907313429364,0.0,1.1580170717037606,0.0
1236,1.1273239817507004,0.0,1.1469688482702922,0.0,1.1575041870244813,0.0
1237,1.1271906118096782,0.0,1.1464895231878134,0.0,1.1568629713898007,0.0
1238,1.1270628959111284,0.0,1.145776252913002,0.0,1.1561669209669492,0.0
1239,1.1269441724936744,0.0,1.1453613975408803,0.0,1.15553195649984,0.0
1240,1.1268245664033,0.0,1.1447889922189411,0.0,1.1549059554064955,0.0
1241,1.1267140877881752,0.0,1.1443064905621891,0.0,1.154418199460056,0.0
1242,1.126594911067956,0.0,1.1436465840038221,0.0,1.1537087717759107,0.0
1243,1.1265267840133286,0.0,1.1431799797045137,0.0,1.1532572330137658,0.0
1244,1.1268006051427695,0.0,1.147053486911572,0.0,1.1577335155078503,0.0
1245,1.1268593691782451,0.0,1.1468521671317387,0.0,1.1575186218403926,0.0
1246,1.1269287492335456,0.0,1.1473031498433803,0.0,1.158087758582194,0.0
1247,1.1269452180355004,0.0,1.1472394615237,0.0,1.1580768039754896,0.0
1248,1.1268867854311888,0.0,1.1476302731628452,0.0,1.1576539575678058,0.0
1249,1.1268739966680317,0.0,1.147704884785271,0.0,1.1577272839718533,0.0
1250,1.1268740243540387,0.0,1.147798728845606,0.0,1.157819200950981,0.0
1251,1.1268789175474792,0.0,1.1477847272814754,0.0,1.1578070246272048,0.0
1252,1.1268912967501443,0.0,1.1477930288790235,0.0,1.1578762389808006,0.0
1253,1.126910170260661,0.0,1.147810870298659,0.0,1.15796639648634,0.0
1254,1.1269197799228534,0.0,1.1477260164290077,0.0,1.157941930476243,0.0
1255,1.1275697862991703,0.0,1.149044520008886,0.0,1.1590776036200037,0.0
1256,1.127436634512807,0.0,1.1475040540072439,0.0,1.1585529672281951,0.0
1257,1.1271769879275153,0.0,1.1462000134043433,0.0,1.1571337212896473,0.0
1258,1.1269605544040888,0.0,1.1453477489711428,0.0,1.1557896981180957,0.0
1259,1.1268049365840422,0.0,1.1447959660602676,0.0,1.155061907375183,0.0
1260,1.126654404911796,0.0,1.144294402347109,0.0,1.154406835374005,0.0
1261,1.1264811219202675,0.0,1.1437222356074521,0.0,1.1536225766671964,0.0
1262,1.1261649911223257,0.0,1.1428760296381093,0.0,1.1521903016259847,0.0
1263,1.1258840010657536,0.0,1.1425407458099042,0.0,1.1516211450109641,0.0
1264,1.1256518906241795,0.0,1.1418387556434653,0.0,1.1509537280574418,0.0
1265,1.1254958417745449,0.0,1.1412977908226205,0.0,1.1505880081599584,0.0
1266,1.1253996302817941,0.0,1.1407185815624103,0.0,1.1502481958486268,0.0
1267,1.1254115734634098,0.0,1.1404505835220313,0.0,1.1499503516625256,0.0
1268,1.1261281946108197,0.0,1.1463628394604513,0.0,1.1566572425457853,0.0
1269,1.126308216070139,0.0,1.14614953714771,0.0,1.156493427223265,0.0
1270,1.126438130408449,0.0,1.1468224611025757,0.0,1.1573275781450691,0.0
1271,1.1264973571108794,0.0,1.1467302514655064,0.0,1.1573008811747116,0.0
1272,1.1265211814094518,0.0,1.1470791659030095,0.0,1.1571073244738175,0.0
1273,1.1265501003364524,0.0,1.1472553104161136,0.0,1.1572830839999722,0.0
1274,1.1265791458196102,0.0,1.1475205170989564,0.0,1.157548425524247,0.0
1275,1.1266029759096887,0.0,1.1474979052767296,0.0,1.1575247329020513,0.0
1276,1.1266265215230278,0.0,1.147554499891826,0.0,1.1575804618875143,0.0
1277,1.1266498283662938,0.0,1.147598245758499,0.0,1.1576222927314765,0.0
1278,1.1266660935098636,0.0,1.1475121617752788,0.0,1.1575377465046663,0.0
1279,1.127075781224154,0.0,1.1486986305256643,0.0,1.1587038145606414,0.0
1280,1.126883577255336,0.0,1.1457987592014642,0.0,1.1569284871238155,0.0
1281,1.1266244314297307,0.0,1.1443747273975509,0.0,1.155135818019715,0.0
1282,1.126385980382214,0.0,1.1432594097296978,0.0,1.1533428427791796,0.0
1283,1.1262112030138374,0.0,1.142825549142016,0.0,1.152753754369631,0.0
1284,1.1260553532977544,0.0,1.1425898440568487,0.0,1.1524840473651163,0.0
1285,1.1259133213705612,0.0,1.142376390484321,0.0,1.1521885610960008,0.0
1286,1.1257579436106886,0.0,1.1418281620060413,0.0,1.1515657151778107,0.0
1287,1.1256184405925498,0.0,1.1417066682052195,0.0,1.151403816136129,0.0
1288,1.125491038018813,0.0,1.1412492562696386,0.0,1.1509821052489018,0.0
1289,1.125372875042124,0.0,1.1409292012987897,0.0,1.1506597260481648,0.0
1290,1.1252385399456308,0.0,1.1405076393754907,0.0,1.1501561905940283,0.0
1291,1.125179807958358,0.0,1.1401071816910302,0.0,1.149617644163454,0.0
1292,1.1259607606553246,0.0,1.1462085106220585,0.0,1.1564475378104218,0.0
1293,1.1261548074875067,0.0,1.145987964865218,0.0,1.1562848792978464,0.0
1294,1.1262989524811613,0.0,1.146681876122917,0.0,1.1571906275299848,0.0
1295,1.1263711624136516,0.0,1.1466143224302563,0.0,1.1571954165501996,0.0
1296,1.1264062213309942,0.0,1.1470034740649862,0.0,1.1570311206167778,0.0
1297,1.1264428433515334,0.0,1.1471893410413394,0.0,1.1572178280561474,0.0
1298,1.1264849587029109,0.0,1.1474757412664296,0.0,1.1575013182887666,0.0
1299,1.1265232872820743,0.0,1.147484057226712,0.0,1.157508097028678,0.0
1300,1.1265536919881147,0.0,1.1475338988427797,0.0,1.1575569181233933,0.0
1301,1.1265785352992077,0.0,1.147567729787002,0.0,1.1575913915489897,0.0
1302,1.126597525204541,0.0,1.1474924044721226,0.0,1.1575164319287885,0.0
1303,1.1269014911263282,0.0,1.148471702322922,0.0,1.1584785718844697,0.0
1304,1.12668395499424,0.0,1.1450667075611187,0.0,1.1561468500053882,0.0
1305,1.1264183788932287,0.0,1.1437603922579973,0.0,1.1544690571642267,0.0
1306,1.1261899424826078,0.0,1.1427550275280263,0.0,1.1528200839340275,0.0
1307,1.126023567787461,0.0,1.1424273117919395,0.0,1.1523400223017333,0.0
1308,1.1258932185273425,0.0,1.142350341947205,0.0,1.1522401978237073,0.0
1309,1.1257498326396025,0.0,1.1421060743983973,0.0,1.1519181275789552,0.0
1310,1.1255918831099525,0.0,1.1415633666089067,0.0,1.1512963277517536,0.0
1311,1.1254620757790021,0.0,1.1414958752773594,0.0,1.1511912925321353,0.0
1312,1.1253419645737968,0.0,1.1410691166065667,0.0,1.150801882098101,0.0
1313,1.1252297572774401,0.0,1.1407676989360205,0.0,1.1504986433527624,0.0
1314,1.1250919709952598,0.0,1.140316883025653,0.0,1.1499663381626999,0.0
1315,1.125040062822989,0.0,1.1399222264605944,0.0,1.1494433619921849,0.0
1316,1.1258706824776978,0.0,1.1461470502474609,0.0,1.1565209408422086,0.0
1317,1.1260839765233244,0.0,1.1459826669928068,0.0,1.1564131303324723,0.0
1318,1.126242445587582,0.0,1.1466669800853062,0.0,1.1572807230747038,0.0
1319,1.1263270655530342,0.0,1.1466425103432205,0.0,1.1573274434087784,0.0
1320,1.1263602015725553,0.0,1.147068841419365,0.0,1.1570949719616086,0.0
1321,1.1264007304711119,0.0,1.1472450331738129,0.0,1.1572707373119504,0.0
1322,1.1264426806061751,0.0,1.1474086589247727,0.0,1.157432580860238,0.0
1323,1.1264797209910937,0.0,1.1474200412901203,0.0,1.1574424505669667,0.0
1324,1.126514379952271,0.0,1.1474850978907423,0.0,1.1575069929444188,0.0
1325,1.1265476207417786,0.0,1.1475500003456782,0.0,1.1575702396630365,0.0
1326,1.126574664739528,0.0,1.1475366390051978,0.0,1.157560675994868,0.0
1327,1.1266131441178389,0.0,1.1475405250868091,0.0,1.157607645688368,0.0
1328,1.1268136279988712,0.0,1.1467102095860804,0.0,1.1579052227207565,0.0
1329,1.1271105805005357,0.0,1.1481651539970714,0.0,1.1585629891740363,0.0
1330,1.1268549030153296,0.0,1.1463875597880189,0.0,1.1570628622640375,0.0
1331,1.1267236745816787,0.0,1.1454524596697953,0.0,1.155935774788547,0.0
1332,1.1265782970634985,0.0,1.1446052213523568,0.0,1.1549510188967165,0.0
1333,1.1264634369557296,0.0,1.1441018265980458,0.0,1.1543712585183843,0.0
1334,1.1263563697735175,0.0,1.143612678874235,0.0,1.1537828305748914,0.0
1335,1.1262629539417377,0.0,1.1432360879633174,0.0,1.1533448687079362,0.0
1336,1.1261949858731712,0.0,1.1431180357268498,0.0,1.1533267288396432,0.0
1337,1.126451671839917,0.0,1.1462956265456063,0.0,1.1565973736558492,0.0
1338,1.1264868741525533,0.0,1.145768915809393,0.0,1.156161735790403,0.0
1339,1.12657166624419,0.0,1.1464286623250626,0.0,1.1570369208467666,0.0
1340,1.1265581201018895,0.0,1.1462479616677816,0.0,1.1562787752088617,0.0
1341,1.1265669690016658,0.0,1.1463373137579855,0.0,1.156368519686304,0.0
1342,1.1265964258332664,0.0,1.1470875668902631,0.0,1.1571197064359093,0.0
1343,1.126611678637094,0.0,1.1471873232622445,0.0,1.157225339165748,0.0
1344,1.1266293310163955,0.0,1.1474483854626245,0.0,1.1574736906574092,0.0
1345,1.1266320369081868,0.0,1.1475485733330508,0.0,1.1575735984437208,0.0
1346,1.126641419100682,0.0,1.1477117853350278,0.0,1.1577323580208196,0.0
1347,1.126652370852037,0.0,1.1477209326964855,0.0,1.1577403934161457,0.0
1348,1.1266703928353548,0.0,1.1477645131160903,0.0,1.157802181698288,0.0
1349,1.1266973959721285,0.0,1.1477616304783154,0.0,1.15787838407879,0.0
1350,1.1267238876349681,0.0,1.1476968842690465,0.0,1.1578810720352704,0.0
1351,1.1267706650664355,0.0,1.14767331643207,0.0,1.1579368853883352,0.0
1352,1.1267693510419021,0.0,1.1468251478038223,0.0,1.1571554365832533,0.0
1353,1.1267701090134457,0.0,1.1464996886574883,0.0,1.1569076421402504,0.0
1354,1.126769333222746,0.0,1.1464869063179288,0.0,1.1567640940907649,0.0
1355,1.1267645245494324,0.0,1.1465191476600998,0.0,1.156737886416741,0.0
1356,1.1267465074290168,0.0,1.146465615849432,0.0,1.1566177873319974,0.0
1357,1.1267485424434247,0.0,1.146532790379298,0.0,1.1567332888563913,0.0
1358,1.1267476599101043,0.0,1.1465246410642695,0.0,1.1567366334162603,0.0
1359,1.1267427469631348,0.0,1.1464695923124772,0.0,1.1567085436325764,0.0
1360,1.126728614135404,0.0,1.146388765754915,0.0,1.1565806955239435,0.0
1361,1.1267310821971401,0.0,1.1463885248708936,0.0,1.156649479034648,0.0
1362,1.1267400287405145,0.0,1.146443299496889,0.0,1.1567494659131872,0.0
1363,1.1268076528309583,0.0,1.1471916955651118,0.0,1.1576745204398664,0.0
1364,1.1268535393308796,0.0,1.1472858439670435,0.0,1.1578402840610826,0.0
1365,1.126915633149555,0.0,1.1473677684556176,0.0,1.1580275998703577,0.0
1366,1.1269887255697437,0.0,1.147664180304327,0.0,1.1582323965542116,0.0
1367,1.1270673277420047,0.0,1.147693785598286,0.0,1.1583567066237552,0.0
1368,1.1271299852885643,0.0,1.1478183962730204,0.0,1.1584155110826828,0.0
1369,1.1272137569000784,0.0,1.1478692905251648,0.0,1.1585307556277162,0.0
1370,1.127256402579826,0.0,1.1479409087415497,0.0,1.158553010105278,0.0
1371,1.1273388613385689,0.0,1.1479787427722286,0.0,1.1586405976338543,0.0
1372,1.1273806752529483,0.0,1.1480416722689541,0.0,1.1586579604783276,0.0
1373,1.1274613264628308,0.0,1.148078076751332,0.0,1.1587364338060635,0.0
1374,1.1274750313662862,0.0,1.1480532509631052,0.0,1.1587060308322525,0.0
1375,1.1285083948436008,0.0,1.149477906130075,0.0,1.1596084031838383,0.0
1376,1.1284896359595924,0.0,1.1488823901531144,0.0,1.159466074762108,0.0
1377,1.1280884832749019,0.0,1.1482825538720476,0.0,1.1590197841506769,0.0
1378,1.1277401227346018,0.0,1.147689362752658,0.0,1.1584056597400263,0.0
1379,1.1275024850477207,0.0,1.147009963581299,0.0,1.1576077338629365,0.0
1380,1.1273162101622378,0.0,1.1464695820784125,0.0,1.1569606058387838,0.0
1381,1.1271172236813698,0.0,1.1457539121288032,0.0,1.1560430309161402,0.0
1382,1.12690616712217,0.0,1.144789338359436,0.0,1.154918228976667,0.0
1383,1.1266715664550815,0.0,1.1442320912623647,0.0,1.153862880604286,0.0
1384,1.126476070855763,0.0,1.1435357287556105,0.0,1.153216091103915,0.0
1385,1.126373643858311,0.0,1.1431014867276088,0.0,1.1531553913813695,0.0
1386,1.1262161307739402,0.0,1.1424524668927811,0.0,1.1523823273206317,0.0
1387,1.1261580228603896,0.0,1.1420976221885324,0.0,1.151938782623072,0.0
1388,1.1266016852670016,0.0,1.1470806701716503,0.0,1.1577111271251566,0.0
1389,1.1266980750348359,0.0,1.1467342295809808,0.0,1.1573680454004558,0.0
1390,1.1267872729077526,0.0,1.147209017616577,0.0,1.157964656444303,0.0
1391,1.1268146743662935,0.0,1.147154939106136,0.0,1.157959168337238,0.0
1392,1.1267687527276924,0.0,1.1475296676179378,0.0,1.1575514581848985,0.0
1393,1.1267615716539485,0.0,1.1476123962455587,0.0,1.1576330909661063,0.0
1394,1.1267657741688517,0.0,1.1477205751486852,0.0,1.157740605565916,0.0
1395,1.1267730798175821,0.0,1.1477321418128297,0.0,1.1577530585726672,0.0
1396,1.1267872011721376,0.0,1.147775407274803,0.0,1.1578332098537907,0.0
1397,1.126804827570479,0.0,1.1478039353263982,0.0,1.157905581904044,0.0
1398,1.1268139517703903,0.0,1.1477145418119585,0.0,1.1578756789836706,0.0
1399,1.127375028370581,0.0,1.1489191914562322,0.0,1.1589464315409832,0.0
1400,1.1272002483785042,0.0,1.1469291052293522,0.0,1.1581644629508732,0.0
1401,1.1269029650869191,0.0,1.1452492384952118,0.0,1.1561028804726146,0.0
1402,1.126620014794464,0.0,1.1438409243035759,0.0,1.1539686649412,0.0
1403,1.1264279671990405,0.0,1.143227360386964,0.0,1.1532443785823467,0.0
1404,1.1262295173939596,0.0,1.1428940797229015,0.0,1.1527461930509153,0.0
1405,1.1259910302623544,0.0,1.1425468626321564,0.0,1.1520468308307825,0.0
1406,1.1258329079364635,0.0,1.1418187026137363,0.0,1.1514901604388774,0.0
1407,1.125619610532328,0.0,1.1418374757711736,0.0,1.151116442326062,0.0
1408,1.125461085170208,0.0,1.1411600849176027,0.0,1.1506347182256167,0.0
1409,1.1253591438790151,0.0,1.140732330112726,0.0,1.150396482295789,0.0
1410,1.1252352421342564,0.0,1.1403108168619038,0.0,1.1499379685281301,0.0
1411,1.1251797169042663,0.0,1.1398992969384114,0.0,1.1493797724021295,0.0
1412,1.1259524239137546,0.0,1.1461779746783456,0.0,1.1562882534053747,0.0
1413,1.126139576116972,0.0,1.145894939639168,0.0,1.156041953275207,0.0
1414,1.1262936352090807,0.0,1.1467279155773207,0.0,1.1572980436583353,0.0
1415,1.1263822236181587,0.0,1.1466810949033366,0.0,1.1574442159499374,0.0
1416,1.1264108663486003,0.0,1.1471728948779076,0.0,1.1572009430356949,0.0
1417,1.1264452974641754,0.0,1.147329386601274,0.0,1.1573583052792173,0.0
1418,1.1264782681478458,0.0,1.147486876798722,0.0,1.1575140015082095,0.0
1419,1.1265120703609943,0.0,1.147474882504824,0.0,1.1575004531648931,0.0
1420,1.1265480176833427,0.0,1.1475337253520292,0.0,1.1575566709984086,0.0
1421,1.126586871072582,0.0,1.1475814200604502,0.0,1.157601593655301,0.0
1422,1.1266247201649147,0.0,1.1474980007862803,0.0,1.1575877447944574,0.0
1423,1.127045091276079,0.0,1.1485532377657255,0.0,1.1586026536168879,0.0
1424,1.126916635678953,0.0,1.146017372488482,0.0,1.1572096090865158,0.0
1425,1.1265990086355024,0.0,1.1444343786720355,0.0,1.155190660969272,0.0
1426,1.1263271012776481,0.0,1.1432917337730102,0.0,1.1534367185569192,0.0
1427,1.1261331344238157,0.0,1.1427227763989707,0.0,1.1527322279323682,0.0
1428,1.1259338127879268,0.0,1.142495934939125,0.0,1.1522428013846502,0.0
1429,1.1256952870285932,0.0,1.1422434379880257,0.0,1.151642813666181,0.0
1430,1.1254599240252303,0.0,1.141638011502862,0.0,1.150871981780943,0.0
1431,1.1252343786766064,0.0,1.141447569016067,0.0,1.1505441457370769,0.0
1432,1.1250597497018835,0.0,1.1409132304451821,0.0,1.1500772065971292,0.0
1433,1.1249662462510361,0.0,1.14052113715616,0.0,1.149896122146129,0.0
1434,1.1249362647476462,0.0,1.1401621005038227,0.0,1.1497756522496194,0.0
1435,1.1249569080551889,0.0,1.139891887202545,0.0,1.149467742742557,0.0
1436,1.1258349205187157,0.0,1.1462191796051255,0.0,1.1567098289770068,0.0
1437,1.1260679482568114,0.0,1.1460337167195829,0.0,1.1565557934871737,0.0
1438,1.1262450174730314,0.0,1.1466698710672787,0.0,1.1573441222955925,0.0
1439,1.126348141328646,0.0,1.146689383907784,0.0,1.1574399429131716,0.0
1440,1.1263804698784525,0.0,1.1471101471933651,0.0,1.1571305923830506,0.0
1441,1.1264321738963754,0.0,1.1472429745128003,0.0,1.1572613383171013,0.0
1442,1.1264863946675843,0.0,1.14736432796127,0.0,1.1574168295732676,0.0
1443,1.126545548876445,0.0,1.1473855624038136,0.0,1.1575380864103155,0.0
1444,1.1266112133191593,0.0,1.147458137791277,0.0,1.157693267635636,0.0
1445,1.1266821945175975,0.0,1.147527493001787,0.0,1.157808971349548,0.0
1446,1.1267489754752742,0.0,1.1474637167348736,0.0,1.1578735967260045,0.0
1447,1.1271747397899732,0.0,1.1484541732321336,0.0,1.1586149221805861,0.0
1448,1.127073851041571,0.0,1.1463437048250908,0.0,1.1575558549865275,0.0
1449,1.126730372047721,0.0,1.1448957486546052,0.0,1.1557484647949783,0.0
1450,1.1264173345002018,0.0,1.1436870309003602,0.0,1.1539611126071443,0.0
1451,1.1262123993011843,0.0,1.1431303357974736,0.0,1.1533425916399436,0.0
1452,1.1260158814822043,0.0,1.1426115317843755,0.0,1.1525929264331345,0.0
1453,1.1257502038621856,0.0,1.1423226885518993,0.0,1.151807661787545,0.0
1454,1.1254852990991115,0.0,1.1416878675874818,0.0,1.1509482513889884,0.0
1455,1.125232986928863,0.0,1.1414745641088864,0.0,1.1505678436776836,0.0
1456,1.1250240967403644,0.0,1.1408979137333157,0.0,1.150023347643116,0.0
1457,1.1248509762536427,0.0,1.1404716449136203,0.0,1.1496314164069226,0.0
1458,1.124752592739815,0.0,1.1399698456460583,0.0,1.1493293401376103,0.0
1459,1.1248578985396895,0.0,1.1397179029933637,0.0,1.1493256610334674,0.0
1460,1.1257961544354615,0.0,1.146301673744387,0.0,1.156842336906729,0.0
1461,1.1260612410887951,0.0,1.1461623481291026,0.0,1.1567658301567798,0.0
1462,1.1262790835888001,0.0,1.1467377291790004,0.0,1.1575117547913636,0.0
1463,1.126424397171843,0.0,1.1468116585987616,0.0,1.1576245797901135,0.0
1464,1.126440873462033,0.0,1.1471674333840995,0.0,1.1571914828567895,0.0
1465,1.1265011482927172,0.0,1.1472480575991966,0.0,1.1573883588416738,0.0
1466,1.1265946792879276,0.0,1.1473595468757607,0.0,1.157640733581673,0.0
1467,1.1267164136253642,0.0,1.1474105080187658,0.0,1.1578675423284837,0.0
1468,1.1268366280519977,0.0,1.147511261166158,0.0,1.158025730548315,0.0
1469,1.1269887609082128,0.0,1.1476065033928056,0.0,1.1582187554970664,0.0
1470,1.127091706933008,0.0,1.1476454828263132,0.0,1.1582847844456587,0.0
1471,1.1276454493725918,0.0,1.1486534984507102,0.0,1.158951996084553,0.0
1472,1.1275096058219107,0.0,1.1471595130768062,0.0,1.1583004916073663,0.0
1473,1.1271188145493625,0.0,1.1458375318375384,0.0,1.1567337764979206,0.0
1474,1.126750772107153,0.0,1.1446088023452328,0.0,1.155060527353053,0.0
1475,1.126502179358096,0.0,1.1438896480145413,0.0,1.1541899640613755,0.0
1476,1.1263415886149288,0.0,1.1436713743280968,0.0,1.1539294961345365,0.0
1477,1.126146418680709,0.0,1.1430479145939834,0.0,1.153131872136691,0.0
1478,1.1259552753919397,0.0,1.1423076353700956,0.0,1.1522933609006154,0.0
1479,1.1258119483723656,0.0,1.1423052056477727,0.0,1.1521790227673467,0.0
1480,1.1256953286575964,0.0,1.1419326840794461,0.0,1.1518549985307327,0.0
1481,1.125577745526395,0.0,1.141636425950268,0.0,1.151536739693195,0.0
1482,1.1254503566235705,0.0,1.1412304231959904,0.0,1.1510648279792302,0.0
1483,1.1254223740766214,0.0,1.1407588634968215,0.0,1.1506360972416751,0.0
1484,1.1261657029351066,0.0,1.1466691777692353,0.0,1.1574289186782096,0.0
1485,1.1263673407834192,0.0,1.146556955004752,0.0,1.1572895535453627,0.0
1486,1.1265355457280708,0.0,1.147046103167209,0.0,1.157812986108613,0.0
1487,1.1266264871545875,0.0,1.147076441871987,0.0,1.1578639626920921,0.0
1488,1.1266087307819492,0.0,1.1474264083469066,0.0,1.1574402146383127,0.0
1489,1.1266680483099905,0.0,1.1475059770339766,0.0,1.1576510722369244,0.0
1490,1.1267469315735725,0.0,1.1475631703393503,0.0,1.1578481012002872,0.0
1491,1.1268559047800775,0.0,1.1475836759332427,0.0,1.1580365867606905,0.0
1492,1.1269794372943898,0.0,1.1476703736775724,0.0,1.1581951939706459,0.0
1493,1.1271096255367332,0.0,1.1477545934548659,0.0,1.1583488045304506,0.0
1494,1.1271992459912263,0.0,1.147834878727777,0.0,1.1584194201363731,0.0
1495,1.1273142064489603,0.0,1.1479133020398187,0.0,1.1585248899799785,0.0
1496,1.1276531306194717,0.0,1.1478814559989776,0.0,1.1588481746178985,0.0
1497,1.1279596987806153,0.0,1.148825370214144,0.0,1.1591485551698784,0.0
1498,1.127550836443601,0.0,1.1478892394099152,0.0,1.1584238843424721,0.0
1499,1.1272722876230385,0.0,1.146766056549012,0.0,1.1574071932056007,0.0
1500,1.1270604072417412,0.0,1.1458395361909692,0.0,1.1563868984725532,0.0
1501,1.1268566687130182,0.0,1.1449862593824793,0.0,1.1553314196251294,0.0
1502,1.1267124159226918,0.0,1.1445119237999979,0.0,1.1548569246834406,0.0
1503,1.126551670955763,0.0,1.1438031375396582,0.0,1.1539439090118455,0.0
1504,1.1264820294243185,0.0,1.1439238495638338,0.0,1.1543325773160085,0.0
1505,1.1267217717150628,0.0,1.1468024865254782,0.0,1.1573348628328168,0.0
1506,1.1267472797072193,0.0,1.1463607753100011,0.0,1.156910553763465,0.0
1507,1.1268260770932526,0.0,1.146874225118124,0.0,1.1576016904885447,0.0
1508,1.1267797073324777,0.0,1.146971676844434,0.0,1.156996075726281,0.0
1509,1.1267766469830933,0.0,1.147006599752001,0.0,1.157042769738931,0.0
1510,1.126818084300545,0.0,1.147547811013735,0.0,1.1576899528686015,0.0
1511,1.1268451134904987,0.0,1.1475811733032628,0.0,1.1578033284056364,0.0
1512,1.126884750717067,0.0,1.1476735497956192,0.0,1.1579546619441776,0.0
1513,1.1269293475932096,0.0,1.1477186361020546,0.0,1.158100881451401,0.0
1514,1.1269851952760164,0.0,1.1477735145445453,0.0,1.1582189075425826,0.0
1515,1.127048937452596,0.0,1.1478111106370874,0.0,1.1582999086544867,0.0
1516,1.1271222687452327,0.0,1.1478482105128092,0.0,1.1583893566148185,0.0
1517,1.1271974752944418,0.0,1.1478952515573415,0.0,1.1584672514488163,0.0
1518,1.127264875139323,0.0,1.1479324179194672,0.0,1.158525214101473,0.0
1519,1.1273411340746973,0.0,1.1479820412634871,0.0,1.1585806490165054,0.0
1520,1.1273658655766796,0.0,1.1477452250854911,0.0,1.158430885540723,0.0
1521,1.1273007077407422,0.0,1.147582017595089,0.0,1.1582217869515343,0.0
1522,1.127222884546686,0.0,1.1474487058882217,0.0,1.158003863375713,0.0
1523,1.1271535103089794,0.0,1.1473158535771968,0.0,1.1577810129187416,0.0
1524,1.1271032259542857,0.0,1.14720998356511,0.0,1.1576373523685322,0.0
1525,1.1270435288418459,0.0,1.1469910871521205,0.0,1.157408406242649,0.0
1526,1.1269794690390034,0.0,1.1467683092491445,0.0,1.1571249748588333,0.0
1527,1.1269134741868254,0.0,1.1464797194001224,0.0,1.1567448214417106,0.0
1528,1.1268596956350891,0.0,1.1462186672969372,0.0,1.1564998577702246,0.0
1529,1.1268196453274364,0.0,1.1460686206322794,0.0,1.1563367588068068,0.0
1530,1.1267990256909917,0.0,1.1460908187879713,0.0,1.1563662822236782,0.0
1531,1.1268562792105863,0.0,1.147073539384449,0.0,1.1574682476619473,0.0
1532,1.1269043722395222,0.0,1.1472465117495863,0.0,1.1578756091898095,0.0
1533,1.1269585253722494,0.0,1.147385692572631,0.0,1.1580417244194257,0.0
1534,1.1270448093274033,0.0,1.1476951661338637,0.0,1.1583052246416479,0.0
1535,1.1271077859472816,0.0,1.1477479472574779,0.0,1.1583893638689866,0.0
1536,1.1271876160861167,0.0,1.1478491985841843,0.0,1.1584930209857047,0.0
1537,1.1272510348444045,0.0,1.1479202010111247,0.0,1.1585686971137519,0.0
1538,1.1272948725274774,0.0,1.147969325015636,0.0,1.1586110565737715,0.0
1539,1.1273520890105417,0.0,1.1480184599951975,0.0,1.1586576577399066,0.0
1540,1.1274130772416968,0.0,1.1480599342394213,0.0,1.15870819104589,0.0
1541,1.1274584063444946,0.0,1.1481015037125128,0.0,1.1587409652259497,0.0
1542,1.1274748383981046,0.0,1.1480567020228754,0.0,1.1587335441489242,0.0
1543,1.1284375379165108,0.0,1.1494563177747588,0.0,1.1595780298039886,0.0
1544,1.12845021560151,0.0,1.148844613100119,0.0,1.1594544353447198,0.0
1545,1.128074107629103,0.0,1.1482597486458108,0.0,1.1590409761592195,0.0
1546,1.1277420479027216,0.0,1.1477008551829786,0.0,1.1584646757785713,0.0
1547,1.1274967885043052,0.0,1.146986900941742,0.0,1.157582933212934,0.0
1548,1.127292334910271,0.0,1.1463104900557153,0.0,1.1567749201752422,0.0
1549,1.1271230741802953,0.0,1.1457709819435353,0.0,1.1561581575616098,0.0
1550,1.1269357786896292,0.0,1.1449161901309917,0.0,1.1552585144802392,0.0
1551,1.1267091998799879,0.0,1.1442031949051876,0.0,1.1540161518474765,0.0
1552,1.126515883457298,0.0,1.143562669015021,0.0,1.1533504813605315,0.0
1553,1.126358500255243,0.0,1.1430007170039653,0.0,1.1529095396813487,0.0
1554,1.1262231907723415,0.0,1.1425098931094835,0.0,1.1524480746107792,0.0
1555,1.1261862040087078,0.0,1.1423389780498892,0.0,1.1523300974576614,0.0
1556,1.126669244510673,0.0,1.147090428416655,0.0,1.1578573266576904,0.0
1557,1.1268053287658566,0.0,1.1469206215143164,0.0,1.1576922118057553,0.0
1558,1.1269374946611863,0.0,1.1473352801718986,0.0,1.1581617069815937,0.0
1559,1.127004239186284,0.0,1.1473493074237788,0.0,1.1581944980148144,0.0
1560,1.12693392367392,0.0,1.1476320345584454,0.0,1.1576846612764518,0.0
1561,1.1269740971979225,0.0,1.147673763561525,0.0,1.157936321669853,0.0
1562,1.1270569787093503,0.0,1.1477240678537566,0.0,1.1581717571373724,0.0
1563,1.127140889500268,0.0,1.1477684019646708,0.0,1.1582906542657625,0.0
1564,1.1272414309109777,0.0,1.1478357968232145,0.0,1.1584266083458652,0.0
1565,1.1273218082174319,0.0,1.1479179558572532,0.0,1.1585020040259024,0.0
1566,1.1273975266940506,0.0,1.1479176775029172,0.0,1.1585624088768423,0.0
1567,1.1281078110559657,0.0,1.1491199324640635,0.0,1.1593169835597847,0.0
1568,1.1280929072690284,0.0,1.1482802619397705,0.0,1.1590946139939236,0.0
1569,1.127719290303817,0.0,1.1472814308138526,0.0,1.1581830430192237,0.0
1570,1.127396487985691,0.0,1.1463632963190098,0.0,1.1569714017471575,0.0
1571,1.127146261529134,0.0,1.1455818534601252,0.0,1.1560506327568512,0.0
1572,1.1269397795273135,0.0,1.1450375040553982,0.0,1.1554124796126533,0.0
1573,1.1267147372261768,0.0,1.144313735881179,0.0,1.1544480213013661,0.0
1574,1.1264840629121633,0.0,1.1434179787846135,0.0,1.1533482340899373,0.0
1575,1.1262542286671158,0.0,1.1432042100452307,0.0,1.1528267902416771,0.0
1576,1.126063214687022,0.0,1.1426307546805174,0.0,1.1522835954418142,0.0
1577,1.1259269596486476,0.0,1.1421694257071708,0.0,1.1519679061315327,0.0
1578,1.1258227141858874,0.0,1.1417585879554804,0.0,1.1516407397991781,0.0
1579,1.1258059449540576,0.0,1.1414836287537042,0.0,1.1513496332956052,0.0
1580,1.126455825005936,0.0,1.1468990818028415,0.0,1.1576276266769892,0.0
1581,1.1266377114756438,0.0,1.146811595401107,0.0,1.1575278906100765,0.0
1582,1.1267845388576956,0.0,1.1472386564125006,0.0,1.1579836998438782,0.0
1583,1.1268653553280064,0.0,1.147264603511533,0.0,1.1580409244671928,0.0
1584,1.1268230273947328,0.0,1.1475759221346131,0.0,1.1575960457495114,0.0
1585,1.1268559397244176,0.0,1.1476510251315462,0.0,1.1577878755765427,0.0
1586,1.1269011411546899,0.0,1.1477323049014985,0.0,1.1579370610220918,0.0
1587,1.1269617041029694,0.0,1.1477463658569347,0.0,1.1580708962844337,0.0
1588,1.1270182019392632,0.0,1.1478069962987623,0.0,1.158158926933808,0.0
1589,1.1270862293253505,0.0,1.147846145632257,0.0,1.1582663535052156,0.0
1590,1.1271199096818576,0.0,1.1478089514510386,0.0,1.1582665083931785,0.0
1591,1.1276772161784383,0.0,1.1488712280077211,0.0,1.159034648150918,0.0
1592,1.1275760673549797,0.0,1.1474006088592634,0.0,1.158560393372966,0.0
1593,1.1272597271246763,0.0,1.1461484399560038,0.0,1.1571031863343413,0.0
1594,1.126995717765504,0.0,1.1453297174519,0.0,1.1559629207341444,0.0
1595,1.1268088688579831,0.0,1.1448290012946796,0.0,1.1553463620461009,0.0
1596,1.1266479866156085,0.0,1.1444553924585135,0.0,1.154846165729966,0.0
1597,1.126484513874379,0.0,1.143982371979665,0.0,1.1542382604855084,0.0
1598,1.126323465966482,0.0,1.143408991411456,0.0,1.1536240262800856,0.0
1599,1.1261734859228931,0.0,1.1430382863735586,0.0,1.1530495284977054,0.0
1600,1.1260425506940248,0.0,1.1426559720182232,0.0,1.1526610500200105,0.0
1601,1.1259301698493493,0.0,1.1423657353186947,0.0,1.1523712866437041,0.0
1602,1.1258106163351127,0.0,1.1418983221748402,0.0,1.1518577200934148,0.0
1603,1.1257711914576078,0.0,1.141670707070021,0.0,1.1516869028239274,0.0
1604,1.1264452462176555,0.0,1.1469286943092725,0.0,1.1576986805163905,0.0
1605,1.1266374033850721,0.0,1.1468949014432415,0.0,1.1576639245407763,0.0
1606,1.1268041956896926,0.0,1.14729142140742,0.0,1.1580454254532149,0.0
1607,1.126896824799399,0.0,1.1473382222494473,0.0,1.1581056899527724,0.0
1608,1.1268555087989593,0.0,1.1476830240153701,0.0,1.1577193625599886,0.0
1609,1.1269057265251563,0.0,1.1477323339641994,0.0,1.157912676050546,0.0
1610,1.1269922684963234,0.0,1.1477494071146945,0.0,1.158116291647401,0.0
1611,1.1270809201619811,0.0,1.1477987753298895,0.0,1.1582325402171687,0.0
1612,1.127187470204405,0.0,1.147860611251872,0.0,1.1583751899519672,0.0
1613,1.1272830863918992,0.0,1.1479384813927054,0.0,1.1584725855331133,0.0
1614,1.1273583344671858,0.0,1.1479356057097383,0.0,1.158525045366851,0.0
1615,1.1279175661526168,0.0,1.1489019857025995,0.0,1.159145193780059,0.0
1616,1.1278370790242978,0.0,1.1477465646847476,0.0,1.1587759274764617,0.0
1617,1.127452256099285,0.0,1.1465012069160834,0.0,1.157388258494517,0.0
1618,1.1271374534618706,0.0,1.1455838986992293,0.0,1.1561770770318258,0.0
1619,1.1268592090718301,0.0,1.1446752821553594,0.0,1.1550474272076827,0.0
1620,1.126670539845623,0.0,1.1442990313275196,0.0,1.1545846688993715,0.0
1621,1.1264995727520992,0.0,1.1438861001308025,0.0,1.1540953979052317,0.0
1622,1.1263319768153996,0.0,1.14332274380472,0.0,1.1535150290484604,0.0
1623,1.1261761200489058,0.0,1.1429520220680867,0.0,1.1529508161470834,0.0
1624,1.1260361882659338,0.0,1.14253652541444,0.0,1.1525247731056183,0.0
1625,1.125920000999246,0.0,1.1422542801017326,0.0,1.1522514427587804,0.0
1626,1.125812782529954,0.0,1.1419052697017344,0.0,1.1519113910229482,0.0
1627,1.125779273463714,0.0,1.1417275337456496,0.0,1.151816180226927,0.0
1628,1.1264499799634582,0.0,1.1470128978587621,0.0,1.1577582243179645,0.0
1629,1.1266237744096739,0.0,1.1469146021379715,0.0,1.1576686723326244,0.0
1630,1.126767647489009,0.0,1.1472979336332534,0.0,1.1580355516683716,0.0
1631,1.1268367143965787,0.0,1.1473220322884523,0.0,1.1580745390289982,0.0
1632,1.126793039898957,0.0,1.1476699447194136,0.0,1.1576827512772203,0.0
1633,1.1268148393784996,0.0,1.1477450618372895,0.0,1.1578008469702554,0.0
1634,1.1268535179785713,0.0,1.147782661936733,0.0,1.1579363513228704,0.0
1635,1.1268941194963562,0.0,1.1477867434715654,0.0,1.158012134723765,0.0
1636,1.1269307483278628,0.0,1.1478357161013932,0.0,1.1580613359628005,0.0
1637,1.126978917013155,0.0,1.1478570484759405,0.0,1.158152835907369,0.0
1638,1.1270000060544159,0.0,1.14780677928743,0.0,1.158128454489215,0.0
1639,1.1274483530576975,0.0,1.148693349847398,0.0,1.1588449893584363,0.0
1640,1.1273149591734533,0.0,1.146753052183989,0.0,1.157953558291648,0.0
1641,1.1269890745047104,0.0,1.1453970574644483,0.0,1.1563056984985194,0.0
1642,1.1266574423690265,0.0,1.1440710676960673,0.0,1.1543763532339382,0.0
1643,1.1264322094985206,0.0,1.1433822181925608,0.0,1.1535202096961532,0.0
1644,1.1262566560505116,0.0,1.1430137046053637,0.0,1.1530504276044624,0.0
1645,1.1261007939876808,0.0,1.1427545243099047,0.0,1.1526941401601531,0.0
1646,1.1259302040304067,0.0,1.142189663437399,0.0,1.1520486140999882,0.0
1647,1.1257831255037858,0.0,1.1421101208174322,0.0,1.1518837541551348,0.0
1648,1.1257146962049187,0.0,1.1418373461387508,0.0,1.1517666283072618,0.0
1649,1.1256155835444794,0.0,1.1415639398127404,0.0,1.1514800502145373,0.0
1650,1.1254690211559066,0.0,1.1411528362896433,0.0,1.1509046910251775,0.0
1651,1.125416020198257,0.0,1.1406772841039035,0.0,1.1503671967687066,0.0
1652,1.1261402698798773,0.0,1.1466551582118556,0.0,1.1572419890781396,0.0
1653,1.1263213109353,0.0,1.1464904956534516,0.0,1.1570518482764092,0.0
1654,1.1264604081713145,0.0,1.1470907178179572,0.0,1.1577747536637506,0.0
1655,1.1265353748896223,0.0,1.1470708787363915,0.0,1.1578057662622199,0.0
1656,1.1265459854908173,0.0,1.147465008688202,0.0,1.1574841148232131,0.0
1657,1.1265798902898359,0.0,1.1475628121402348,0.0,1.1575806692440116,0.0
1658,1.1266157781605435,0.0,1.1476457183155482,0.0,1.1576621029063605,0.0
1659,1.1266528086641672,0.0,1.1476682239051987,0.0,1.1577136015549374,0.0
1660,1.1266941653347766,0.0,1.1476861662766062,0.0,1.1578141569051672,0.0
1661,1.1267368622215184,0.0,1.1477065517515492,0.0,1.1578788036677699,0.0
1662,1.126786403877973,0.0,1.147683583855709,0.0,1.1579349766564901,0.0
1663,1.1268469306087807,0.0,1.1476906650951617,0.0,1.1579749624626332,0.0
1664,1.127138194951245,0.0,1.147255563583513,0.0,1.158418461830998,0.0
1665,1.1274499349131566,0.0,1.148453694344093,0.0,1.1587981910402445,0.0
1666,1.1271265313463035,0.0,1.1471493206072931,0.0,1.1577633705447108,0.0
1667,1.1269221330834922,0.0,1.1457313003155316,0.0,1.156218568730525,0.0
1668,1.1267254789922845,0.0,1.1446881467323413,0.0,1.154957932731609,0.0
1669,1.1265236156322447,0.0,1.1437827754126195,0.0,1.1535307977079732,0.0
1670,1.1263305222250424,0.0,1.1433796128902052,0.0,1.1527632580534508,0.0
1671,1.1261580735250263,0.0,1.1429398935782131,0.0,1.1522167502063012,0.0
1672,1.1260354623193678,0.0,1.1423733070546715,0.0,1.1518464319684363,0.0
1673,1.126349877410173,0.0,1.145730669657971,0.0,1.1553349199281586,0.0
1674,1.1264004141075237,0.0,1.1450834569907773,0.0,1.1552668744655963,0.0
1675,1.1265191797177958,0.0,1.1464440175700037,0.0,1.1568397677505637,0.0
1676,1.1265473734004792,0.0,1.146412806069749,0.0,1.1564460519780826,0.0
1677,1.1265689693445118,0.0,1.1463636999624385,0.0,1.1563954675320884,0.0
1678,1.1266080713547635,0.0,1.1471066958357465,0.0,1.1571380574297865,0.0
1679,1.1266270165126062,0.0,1.1471396103424383,0.0,1.157176008162508,0.0
1680,1.126654560941225,0.0,1.1474165802795158,0.0,1.1574527822345297,0.0
1681,1.1266738608146607,0.0,1.1474942513302069,0.0,1.1575907038480626,0.0
1682,1.126695254505304,0.0,1.1476051788253432,0.0,1.1577576682495245,0.0
1683,1.1267166462389595,0.0,1.1476275627329469,0.0,1.1577964023999598,0.0
1684,1.1267498377413687,0.0,1.1476587351264964,0.0,1.157893124851813,0.0
1685,1.1267797500897718,0.0,1.1476441858283366,0.0,1.1579098435422976,0.0
1686,1.126820526856318,0.0,1.1476591308097894,0.0,1.1579632082008033,0.0
1687,1.1268126793254296,0.0,1.1468731747847876,0.0,1.1572447383096864,0.0
1688,1.1268085430980437,0.0,1.1465421731586185,0.0,1.1569678486675465,0.0
1689,1.1267987926897998,0.0,1.1464874562247234,0.0,1.1567759330866292,0.0
1690,1.1267839580178785,0.0,1.1465032852830432,0.0,1.1566997587655354,0.0
1691,1.1267656295376773,0.0,1.1465241511445161,0.0,1.1566268011664536,0.0
1692,1.1267423203727702,0.0,1.1464076294080352,0.0,1.1565051610905837,0.0
1693,1.1267101374429578,0.0,1.146199231869134,0.0,1.156243306630458,0.0
1694,1.1266829622817403,0.0,1.1460481670220604,0.0,1.156081395429399,0.0
1695,1.1266814448533453,0.0,1.1461473479815325,0.0,1.1562698692330167,0.0
1696,1.1266813871271837,0.0,1.1461617950307108,0.0,1.1563186400072796,0.0
1697,1.1266803556452971,0.0,1.1461576522719066,0.0,1.1563499570174114,0.0
1698,1.126713516958747,0.0,1.1469004285931297,0.0,1.1570831817094054,0.0
1699,1.1267194869221766,0.0,1.1468932019374036,0.0,1.1571638618757094,0.0
1700,1.1267333010397174,0.0,1.1470636011872326,0.0,1.1573993349269232,0.0
1701,1.126769878823613,0.0,1.1475725546483762,0.0,1.1578914562638307,0.0
1702,1.1267825640800837,0.0,1.1476049524236767,0.0,1.1579322663397726,0.0
1703,1.126807007396965,0.0,1.1477197124168437,0.0,1.158039251972913,0.0
1704,1.1268188859195014,0.0,1.1477915600023254,0.0,1.1581034048001975,0.0
1705,1.1268304163688472,0.0,1.1478150000927028,0.0,1.1581527208782971,0.0
1706,1.1268493019627008,0.0,1.147834341424518,0.0,1.1581760838775499,0.0
1707,1.1268794984712474,0.0,1.1478258797192953,0.0,1.158236001681362,0.0
1708,1.1269082585945727,0.0,1.14785891900696,0.0,1.1582623888078032,0.0
1709,1.126922422184145,0.0,1.1477112899771011,0.0,1.1582222650223486,0.0
1710,1.1278634300267145,0.0,1.1492406437888543,0.0,1.1593032807260926,0.0
1711,1.127838436599146,0.0,1.1482927141151538,0.0,1.159065852567312,0.0
1712,1.127523797359718,0.0,1.147487995937314,0.0,1.1585541679480362,0.0
1713,1.1272983705030506,0.0,1.1468670027163645,0.0,1.1576989896485363,0.0
1714,1.1271366935098814,0.0,1.146335530953216,0.0,1.1570016509407315,0.0
1715,1.126999051758499,0.0,1.1459116397566933,0.0,1.156398281006429,0.0
1716,1.1268474126860155,0.0,1.1452933630495625,0.0,1.1555929082256675,0.0
1717,1.1266820773063144,0.0,1.1444308748861403,0.0,1.154614407233457,0.0
1718,1.1265184342035732,0.0,1.1439516784979828,0.0,1.1538998923348645,0.0
1719,1.1263428079796105,0.0,1.14324713032648,0.0,1.1531408378671595,0.0
1720,1.1261292505327456,0.0,1.1426209763793687,0.0,1.1522996979177773,0.0
1721,1.1259228614787808,0.0,1.1419699718226939,0.0,1.1515219949867543,0.0
1722,1.1258244680948606,0.0,1.1414025238854757,0.0,1.1508941073004468,0.0
1723,1.1263655575636577,0.0,1.1466881196283703,0.0,1.1570693717587122,0.0
1724,1.1264954441103,0.0,1.146478645350561,0.0,1.15695396497731,0.0
1725,1.1265976181347264,0.0,1.1469188768072278,0.0,1.1575986099118456,0.0
1726,1.1266407179842053,0.0,1.1468740589339708,0.0,1.1576304918271607,0.0
1727,1.1266264280825526,0.0,1.1472515515279607,0.0,1.1572763805452944,0.0
1728,1.1266359295518629,0.0,1.1474187886540694,0.0,1.157444262953864,0.0
1729,1.126651558062262,0.0,1.1475698666291165,0.0,1.1575931444002237,0.0
1730,1.1266672220807945,0.0,1.1475579008018881,0.0,1.1575799040368162,0.0
1731,1.12668893005174,0.0,1.1476067207332339,0.0,1.1576494713238412,0.0
1732,1.126722909354192,0.0,1.1476364001603805,0.0,1.1577678941185392,0.0
1733,1.1267428283641958,0.0,1.1475329948017277,0.0,1.1577311750224626,0.0
1734,1.1273115430214127,0.0,1.148830675180755,0.0,1.1588788580671816,0.0
1735,1.1271811945074266,0.0,1.1469204300295974,0.0,1.1581423551670016,0.0
1736,1.126921978956301,0.0,1.1455359819800655,0.0,1.1564577380645042,0.0
1737,1.1266432546528782,0.0,1.1442860846236635,0.0,1.15459685718328,0.0
1738,1.1264123780046933,0.0,1.1433873309031006,0.0,1.15330441983313,0.0
1739,1.1262236589143422,0.0,1.1430089414421563,0.0,1.1529093184236097,0.0
1740,1.1259682087431346,0.0,1.1426504925371028,0.0,1.1521305960059867,0.0
1741,1.1257937422086224,0.0,1.1419551606046756,0.0,1.151535743951251,0.0
1742,1.1255989460292097,0.0,1.1417993481659932,0.0,1.1512184384115118,0.0
1743,1.125358260053508,0.0,1.141416462961548,0.0,1.1504529938217936,0.0
1744,1.1251069841994525,0.0,1.1406358340275848,0.0,1.1497596894823816,0.0
1745,1.1249690730233395,0.0,1.1401476779508488,0.0,1.1493486874920698,0.0
1746,1.1249109053049653,0.0,1.1394515384413362,0.0,1.1487952934360768,0.0
1747,1.125825539704967,0.0,1.1459653622215245,0.0,1.1560861231529866,0.0
1748,1.126055730998007,0.0,1.1458697653912664,0.0,1.1561104657038659,0.0
1749,1.1262130340450447,0.0,1.1465699164129943,0.0,1.1570375140095273,0.0
1750,1.1262947836801689,0.0,1.1464957200335493,0.0,1.1570756382504932,0.0
1751,1.1263380512476517,0.0,1.1468738000581293,0.0,1.1569024496992342,0.0
1752,1.1263823522609424,0.0,1.1470734798433906,0.0,1.1571008629979505,0.0
1753,1.1264252280595406,0.0,1.1473379690772418,0.0,1.1573650757993799,0.0
1754,1.1264618983944894,0.0,1.1473233116655763,0.0,1.157348686025975,0.0
1755,1.1264980088494838,0.0,1.1473922157015461,0.0,1.1574160931597073,0.0
1756,1.126535685929122,0.0,1.1474467880783297,0.0,1.157468513264665,0.0
1757,1.1265672764247494,0.0,1.1473721238186256,0.0,1.157435619773799,0.0
1758,1.1269468803864753,0.0,1.1485016540989728,0.0,1.1585306365365422,0.0
1759,1.1267716990959664,0.0,1.145574177114005,0.0,1.1567531042921924,0.0
1760,1.1264892386014174,0.0,1.1441676037210826,0.0,1.1549727185276542,0.0
1761,1.1262316129608416,0.0,1.1430051504868437,0.0,1.1531352734423237,0.0
1762,1.1260493465251875,0.0,1.142493328407576,0.0,1.1524312814640683,0.0
1763,1.1258961894335622,0.0,1.1423412812140876,0.0,1.1522248333673601,0.0
1764,1.125738433017781,0.0,1.1420674431287168,0.0,1.1518603345831921,0.0
1765,1.1255664995623857,0.0,1.1414845502110949,0.0,1.1511892898284573,0.0
1766,1.1254287945353623,0.0,1.141391704956149,0.0,1.1510620404504626,0.0
1767,1.1252983365246334,0.0,1.1409252028011079,0.0,1.1506324292890941,0.0
1768,1.125168682547603,0.0,1.1405624399932166,0.0,1.1502628436990412,0.0
1769,1.1250198952357875,0.0,1.1400823405924596,0.0,1.1497046388238648,0.0
1770,1.1249603080697863,0.0,1.1396737523139902,0.0,1.1491609495544937,0.0
1771,1.1258000949843474,0.0,1.1459729040910025,0.0,1.1560956507479492,0.0
1772,1.1260113064384882,0.0,1.1457838582340465,0.0,1.1560221425760013,0.0
1773,1.1261663656483532,0.0,1.1465436883142588,0.0,1.157036381029762,0.0
1774,1.1262488186428004,0.0,1.146489961866288,0.0,1.1570817394493402,0.0
1775,1.1262932523385938,0.0,1.1469107827643248,0.0,1.1569386402926927,0.0
1776,1.1263370484628699,0.0,1.1471099604913972,0.0,1.1571384727874061,0.0
1777,1.1263789691422204,0.0,1.1473523439632036,0.0,1.157379407708218,0.0
1778,1.1264147450283013,0.0,1.1473479218660276,0.0,1.1573748882489994,0.0
1779,1.1264478700625749,0.0,1.1474205588181159,0.0,1.1574457072438846,0.0
1780,1.1264781780079485,0.0,1.1474775851286148,0.0,1.1575024992909848,0.0
1781,1.1265011058007741,0.0,1.1474026960918575,0.0,1.157427987270449,0.0
1782,1.1267801189986193,0.0,1.1483415337398697,0.0,1.1583490861112038,0.0
1783,1.126550939886432,0.0,1.144745757022637,0.0,1.1558211971906547,0.0
1784,1.1263119422688332,0.0,1.1436773310306116,0.0,1.154466792999844,0.0
1785,1.1261133582394052,0.0,1.142943148974473,0.0,1.1532326214658077,0.0
1786,1.125937048257453,0.0,1.1422802733747475,0.0,1.1522908800934573,0.0
1787,1.1257790238007672,0.0,1.1421311521807107,0.0,1.1520061377555015,0.0
1788,1.1256189305062252,0.0,1.1418459750242282,0.0,1.1516352661716138,0.0
1789,1.125443942364963,0.0,1.141253840370406,0.0,1.1509569487790048,0.0
1790,1.1253054621520087,0.0,1.1411638279190757,0.0,1.1508338490772407,0.0
1791,1.125170505643124,0.0,1.1406826819344282,0.0,1.1503877250645318,0.0
1792,1.125035160069362,0.0,1.1403013117389993,0.0,1.1499965218788513,0.0
1793,1.1248972560748243,0.0,1.1398899713739439,0.0,1.149510691264026,0.0
1794,1.1248422329172085,0.0,1.1394931879998598,0.0,1.1489839589274504,0.0
1795,1.125720986551521,0.0,1.1459620670571884,0.0,1.1560870735014646,0.0
1796,1.1259440411774615,0.0,1.145759775945267,0.0,1.1560123273031064,0.0
1797,1.1261073535021184,0.0,1.1465344600166891,0.0,1.1570333450102082,0.0
1798,1.126193620057165,0.0,1.1464763843168704,0.0,1.1570571623398922,0.0
1799,1.1262412247132085,0.0,1.146879034250835,0.0,1.1569073707726716,0.0
1800,1.1262875489250534,0.0,1.1470693893671038,0.0,1.1570976274886875,0.0
1801,1.126330623167503,0.0,1.147312350958498,0.0,1.1573404592277918,0.0
1802,1.126366725864447,0.0,1.147305349815136,0.0,1.1573325770589722,0.0
1803,1.126401726663221,0.0,1.1473747666100413,0.0,1.1574010978220024,0.0
1804,1.126437136008945,0.0,1.1474302029505112,0.0,1.1574541694388116,0.0
1805,1.1264622617376454,0.0,1.1473536230957342,0.0,1.1573790610593815,0.0
1806,1.1267204574648806,0.0,1.148249704614362,0.0,1.1582578566082784,0.0
1807,1.1264905833940844,0.0,1.1446035289700212,0.0,1.1556623702056785,0.0
1808,1.1262173025295465,0.0,1.143317149675141,0.0,1.1540064009109952,0.0
1809,1.1259799649963318,0.0,1.1422633018336632,0.0,1.1522736822845208,0.0
1810,1.1258065572266478,0.0,1.1420007154383631,0.0,1.1518731686915555,0.0
1811,1.1256463449001457,0.0,1.1417854727278056,0.0,1.151631987066931,0.0
1812,1.1254508532094967,0.0,1.1413596318292123,0.0,1.1511018513966886,0.0
1813,1.1252116420995695,0.0,1.1407942501279598,0.0,1.1502542487272587,0.0
1814,1.1249915984996817,0.0,1.1406569939297455,0.0,1.1499440084162655,0.0
1815,1.1247522540482013,0.0,1.1400685166252023,0.0,1.1492461155323088,0.0
1816,1.1245270056787493,0.0,1.139542358433862,0.0,1.1486961269866114,0.0
1817,1.1242928077343177,0.0,1.138955011651455,0.0,1.1480334198683513,0.0
1818,1.1242411968713346,0.0,1.1383650273166235,0.0,1.1475412989933782,0.0
1819,1.1254142476720945,0.0,1.1454104795118039,0.0,1.1554874619988733,0.0
1820,1.1257062353170695,0.0,1.1453796101032914,0.0,1.1555046044588466,0.0
1821,1.1258929875245896,0.0,1.1462270856327625,0.0,1.1565057202324889,0.0
1822,1.1259956081275626,0.0,1.146149678180375,0.0,1.1565213073354708,0.0
1823,1.1260710981294395,0.0,1.1465115781687665,0.0,1.1565438585910428,0.0
1824,1.1261328015949001,0.0,1.1467278560873553,0.0,1.1567594430653516,0.0
1825,1.1261883780511024,0.0,1.1470636676300139,0.0,1.1570960690980108,0.0
1826,1.12623464621544,0.0,1.1470328932373488,0.0,1.1570637324174682,0.0
1827,1.1262761327198525,0.0,1.1471347652067785,0.0,1.1571647274902535,0.0
1828,1.1263154196989182,0.0,1.1472304795915567,0.0,1.1572599800122176,0.0
1829,1.1263494730425547,0.0,1.1471502672541332,0.0,1.157178263212039,0.0
1830,1.1263902248985043,0.0,1.1471772115364485,0.0,1.15721275476484,0.0
1831,1.126522252222444,0.0,1.1461398929946363,0.0,1.1572443866105278,0.0
1832,1.126777378813506,0.0,1.1478300050542716,0.0,1.1582292352615116,0.0
1833,1.1265601562956298,0.0,1.145410826996094,0.0,1.1559483591642645,0.0
1834,1.1264134405474642,0.0,1.1443013339887336,0.0,1.154559762084127,0.0
1835,1.1262513910851373,0.0,1.1434359889604973,0.0,1.153558144376368,0.0
1836,1.1261310529141737,0.0,1.1429260772879553,0.0,1.1530031716774911,0.0
1837,1.1260261073389606,0.0,1.1424856838454451,0.0,1.152529398944981,0.0
1838,1.1259385309502787,0.0,1.1421898290977748,0.0,1.1522274979062064,0.0
1839,1.1258615551673263,0.0,1.1419456389900675,0.0,1.1519851438190525,0.0
1840,1.126175420364432,0.0,1.1457164613307205,0.0,1.1557791475255224,0.0
1841,1.1262089174281116,0.0,1.1449679630062648,0.0,1.1550541162995538,0.0
1842,1.1262909384495918,0.0,1.1457486091017288,0.0,1.1559488821909811,0.0
1843,1.126325684653911,0.0,1.1456738932729469,0.0,1.1557092618362992,0.0
1844,1.1263569293851186,0.0,1.1458782061599502,0.0,1.155912644768203,0.0
1845,1.1264012252052211,0.0,1.1466599977674972,0.0,1.1566948394393173,0.0
1846,1.1264224576301716,0.0,1.1467021815297274,0.0,1.1567439905769872,0.0
1847,1.1264495933862917,0.0,1.1470147050468011,0.0,1.1570426676708503,0.0
1848,1.126464464557054,0.0,1.1471769364852864,0.0,1.1572044988625325,0.0
1849,1.1264831159359323,0.0,1.147438534766324,0.0,1.1574622382393018,0.0
1850,1.1265026212124933,0.0,1.14745274398835,0.0,1.157474443458247,0.0
1851,1.1265245698996507,0.0,1.1475289256797494,0.0,1.157554064528207,0.0
1852,1.1265520374677354,0.0,1.1475662293307318,0.0,1.157648878734883,0.0
1853,1.1265959937163679,0.0,1.147506949478624,0.0,1.1577410943785396,0.0
1854,1.1266513149021562,0.0,1.147523412062775,0.0,1.1577976125025469,0.0
1855,1.126668524512319,0.0,1.146680913680823,0.0,1.1571492443168594,0.0
1856,1.1266741902494029,0.0,1.1463909714610796,0.0,1.1568957239061515,0.0
1857,1.1267048631233751,0.0,1.1464768376803922,0.0,1.1570177237855546,0.0
1858,1.1266895148532001,0.0,1.146467551329127,0.0,1.1567736190663878,0.0
1859,1.1266753332394726,0.0,1.1464780247122812,0.0,1.156683873320412,0.0
1860,1.1266515596083893,0.0,1.1463638038355595,0.0,1.1564996648922874,0.0
1861,1.126630811997913,0.0,1.1462510238805252,0.0,1.156367720792278,0.0
1862,1.1266157975647972,0.0,1.1461771772593745,0.0,1.1562955450834818,0.0
1863,1.1266002043946703,0.0,1.1460974929689822,0.0,1.15620576340656,0.0
1864,1.1265943807583478,0.0,1.1460701006675822,0.0,1.1562013589328315,0.0
1865,1.1265924985323024,0.0,1.146069687667388,0.0,1.156227052176396,0.0
1866,1.1266463402345228,0.0,1.146879305013443,0.0,1.1571666214344374,0.0
1867,1.1266709234798467,0.0,1.1469965307232461,0.0,1.1573978269699305,0.0
1868,1.1267138978297064,0.0,1.1471453776894824,0.0,1.1576711137153786,0.0
1869,1.1267684157354307,0.0,1.1475227274404707,0.0,1.1579610086893277,0.0
1870,1.1268095436523302,0.0,1.1475345954993212,0.0,1.1580634856974663,0.0
1871,1.1268479413766925,0.0,1.147655105254225,0.0,1.158135090803631,0.0
1872,1.1268885417558372,0.0,1.1476915637911067,0.0,1.1582327012022293,0.0
1873,1.126903633340309,0.0,1.1477488096896107,0.0,1.15824792577869,0.0
1874,1.1269329844912497,0.0,1.1477631827536108,0.0,1.158297177822167,0.0
1875,1.1269482572964171,0.0,1.1478130551537702,0.0,1.1583072865403379,0.0
1876,1.1269770960021146,0.0,1.147821316343099,0.0,1.1583533071886316,0.0
1877,1.126969974107285,0.0,1.147741212610423,0.0,1.1582886804870398,0.0
1878,1.1279467077941274,0.0,1.149263497039373,0.0,1.1593447654659295,0.0
1879,1.1279142723090654,0.0,1.1483626718869566,0.0,1.1591234634379035,0.0
1880,1.1275550490531323,0.0,1.1475586073282154,0.0,1.1585999834961325,0.0
1881,1.12729792819344,0.0,1.146892311790488,0.0,1.1577253867609758,0.0
1882,1.1271127844929907,0.0,1.1462894988534909,0.0,1.156936200842872,0.0
1883,1.1269571726785246,0.0,1.1458099597357871,0.0,1.1562524405717027,0.0
1884,1.126802683015418,0.0,1.1452098540814342,0.0,1.1554869200616749,0.0
1885,1.1266474837720406,0.0,1.1444509754999994,0.0,1.1546756221021681,0.0
1886,1.1265015111513785,0.0,1.1440768679555493,0.0,1.1540573881924587,0.0
1887,1.1263614525126906,0.0,1.1435270099734112,0.0,1.153499763138902,0.0
1888,1.1262249666974982,0.0,1.143068531046214,0.0,1.1530084536946195,0.0
1889,1.126080046387463,0.0,1.1425469531309238,0.0,1.1523856454586443,0.0
1890,1.1259937304710335,0.0,1.1420409401171596,0.0,1.151746668434446,0.0
1891,1.126428710196358,0.0,1.1466826292344328,0.0,1.1571879274645074,0.0
1892,1.1265418769948337,0.0,1.1465374804098583,0.0,1.1571527108870023,0.0
1893,1.1266384330150172,0.0,1.1470433219498752,0.0,1.1577994068107882,0.0
1894,1.1266913894372694,0.0,1.1470369002147571,0.0,1.1579116807169085,0.0
1895,1.1266564912866823,0.0,1.147452742286431,0.0,1.157473301777641,0.0
1896,1.1266603894260754,0.0,1.1475421515452642,0.0,1.1575618908186716,0.0
1897,1.1266724646101172,0.0,1.1476423709735801,0.0,1.1576616902221262,0.0
1898,1.126690389928322,0.0,1.147649239031441,0.0,1.1577127108833638,0.0
1899,1.1267085066890075,0.0,1.1476798786019897,0.0,1.1577936819553332,0.0
1900,1.126722860516739,0.0,1.1477101515926504,0.0,1.157832150535416,0.0
1901,1.126735028429047,0.0,1.147604341565651,0.0,1.1578078731399608,0.0
1902,1.127297321908091,0.0,1.1488499452300172,0.0,1.1588852561908303,0.0
1903,1.1271450444334634,0.0,1.146891949886166,0.0,1.1581412367813317,0.0
1904,1.126881277947107,0.0,1.145465685841502,0.0,1.1564004995847719,0.0
1905,1.126638139566446,0.0,1.1444484813736617,0.0,1.154820147003033,0.0
1906,1.1264571832021881,0.0,1.1438063106472038,0.0,1.1539764566199424,0.0
1907,1.1262896515058587,0.0,1.1433112751548111,0.0,1.1533523809445603,0.0
1908,1.1260949897795738,0.0,1.1426937127841983,0.0,1.1526675508783852,0.0
1909,1.1257966691852002,0.0,1.142091453476731,0.0,1.1514556890688743,0.0
1910,1.1255280235520044,0.0,1.1418775347974144,0.0,1.15096992699034,0.0
1911,1.125280534137532,0.0,1.14120942704864,0.0,1.1502523877211677,0.0
1912,1.1250427303947805,0.0,1.1406166622711746,0.0,1.1496350462563578,0.0
1913,1.1248179983599815,0.0,1.1400181624378896,0.0,1.1489685326406525,0.0
1914,1.1248824903729702,0.0,1.1393267432267173,0.0,1.1487687366633725,0.0
1915,1.1257701714036248,0.0,1.1457681669435986,0.0,1.1558681440930616,0.0
1916,1.1259916155492007,0.0,1.1456250373198051,0.0,1.1557982527015247,0.0
1917,1.1261476496304657,0.0,1.1465564093568976,0.0,1.1569369088647512,0.0
1918,1.1262259063768643,0.0,1.146460521974679,0.0,1.156935201982897,0.0
1919,1.1262745543930985,0.0,1.1468356811365865,0.0,1.1568674466801676,0.0
1920,1.1263183067265803,0.0,1.1470422077344837,0.0,1.1570730288535145,0.0
1921,1.1263599858239777,0.0,1.1473537919845518,0.0,1.1573847874804017,0.0
1922,1.1263961847795512,0.0,1.1473337115466067,0.0,1.157362347564425,0.0
1923,1.1264325032355538,0.0,1.1474031663160484,0.0,1.1574299944938238,0.0
1924,1.1264685859263508,0.0,1.1474529893774674,0.0,1.1574766714579274,0.0
1925,1.1264970616340928,0.0,1.1473768666045294,0.0,1.1574011999511937,0.0
1926,1.1268608431674567,0.0,1.1484800376671378,0.0,1.1584878687927014,0.0
1927,1.1266748508210904,0.0,1.1453648429384349,0.0,1.1565173473390253,0.0
1928,1.126383575949164,0.0,1.1438421544873403,0.0,1.1545688263502643,0.0
1929,1.1261209117602757,0.0,1.1426229780208628,0.0,1.1526499915121782,0.0
1930,1.1258871158839063,0.0,1.1423004464704054,0.0,1.151930979221518,0.0
1931,1.125677878104573,0.0,1.1420287482139246,0.0,1.1515531694149965,0.0
1932,1.1254246755815778,0.0,1.1416518389386072,0.0,1.1509090942461857,0.0
1933,1.1251540794246613,0.0,1.1409570834672285,0.0,1.1500235123350981,0.0
1934,1.1248929092480022,0.0,1.1407254284436388,0.0,1.1496315241690596,0.0
1935,1.1246465429540984,0.0,1.140070751467374,0.0,1.1489532971132987,0.0
1936,1.1243834720379444,0.0,1.139499474145139,0.0,1.148323408907941,0.0
1937,1.1241267242731958,0.0,1.1389610725181323,0.0,1.1476471723213995,0.0
1938,1.1239921730604172,0.0,1.1382581094433017,0.0,1.1469761926607172,0.0
1939,1.1252462780044055,0.0,1.1445623823206499,0.0,1.1534188142401587,0.0
1940,1.1256202690936432,0.0,1.1450872706695623,0.0,1.15514230915777,0.0
1941,1.1258312604920637,0.0,1.1459849847299706,0.0,1.1562571306606912,0.0
1942,1.1259492013330328,0.0,1.145975271855439,0.0,1.1563343058336562,0.0
1943,1.126035389100764,0.0,1.146360871630581,0.0,1.1563940229456113,0.0
1944,1.1261040656689447,0.0,1.1465908398450646,0.0,1.1566229371815298,0.0
1945,1.12616708277284,0.0,1.146964198098415,0.0,1.1569965075563773,0.0
1946,1.1262188926433412,0.0,1.146935177187597,0.0,1.1569655724266066,0.0
1947,1.1262670113612077,0.0,1.1470795127813618,0.0,1.1571086606987582,0.0
1948,1.1263130353721078,0.0,1.147205598624149,0.0,1.1572338771169046,0.0
1949,1.12635004115976,0.0,1.1470890866547263,0.0,1.1571158363864589,0.0
1950,1.1265853052382104,0.0,1.1480964666910787,0.0,1.1581059486986653,0.0
1951,1.126367440258883,0.0,1.1443556368814523,0.0,1.1554002634237168,0.0
1952,1.1261061059964699,0.0,1.1431125425208108,0.0,1.1537927095021472,0.0
1953,1.125872909710365,0.0,1.1420355309943808,0.0,1.1520009413578451,0.0
1954,1.1256833259637733,0.0,1.1417562576824711,0.0,1.151562551037239,0.0
1955,1.1255191267411124,0.0,1.1415280049238712,0.0,1.1513230246488435,0.0
1956,1.125358700055687,0.0,1.1412459924518175,0.0,1.1509723249564379,0.0
1957,1.1251759060892343,0.0,1.1406199096832732,0.0,1.1502688913494352,0.0
1958,1.124997204452221,0.0,1.1404577660121369,0.0,1.1500247959175756,0.0
1959,1.1248410863259979,0.0,1.1399459116599584,0.0,1.1495428145683517,0.0
1960,1.1247177218686657,0.0,1.1396125927298013,0.0,1.1492449397384288,0.0
1961,1.124578830012572,0.0,1.1391930932537735,0.0,1.1487597691323923,0.0
1962,1.1245152807643055,0.0,1.1386864161124062,0.0,1.1481563372649923,0.0
1963,1.1255024791380166,0.0,1.1455087954602667,0.0,1.1555848155617732,0.0
1964,1.125758714382184,0.0,1.1454830865436336,0.0,1.1557083265070738,0.0
1965,1.12593075627324,0.0,1.146253576237656,0.0,1.1566936362040483,0.0
1966,1.1260148464981115,0.0,1.14614883873879,0.0,1.156540634089983,0.0
1967,1.126079146439399,0.0,1.146506800389575,0.0,1.1565395738496758,0.0
1968,1.1261347400519717,0.0,1.1467492817343448,0.0,1.1567825273832895,0.0
1969,1.1261860013275753,0.0,1.1471256306964397,0.0,1.1571586275484103,0.0
1970,1.1262278298114565,0.0,1.147096079007906,0.0,1.1571286558654692,0.0
1971,1.1262675548846852,0.0,1.1472221265214833,0.0,1.157253371756648,0.0
1972,1.12630635217832,0.0,1.14732984906068,0.0,1.1573602033903208,0.0
1973,1.1263367972374163,0.0,1.1471926490698907,0.0,1.15722165007136,0.0
1974,1.126536722264024,0.0,1.1480420929996036,0.0,1.1580528178876017,0.0
1975,1.126283053575524,0.0,1.1439348494252204,0.0,1.1548959728314478,0.0
1976,1.1260178685444227,0.0,1.1427291212391337,0.0,1.1533269227434861,0.0
1977,1.1257820737710433,0.0,1.1418229341470272,0.0,1.1516974863168323,0.0
1978,1.125606438784977,0.0,1.1415946524833611,0.0,1.1513866051458985,0.0
1979,1.1254643966437945,0.0,1.1414565871850668,0.0,1.1512709419879286,0.0
1980,1.1252735722712788,0.0,1.141186011251543,0.0,1.1507851419471968,0.0
1981,1.1249940648349903,0.0,1.1405379831294866,0.0,1.1498272821430904,0.0
1982,1.124743311512607,0.0,1.1403986037475904,0.0,1.149476697717669,0.0
1983,1.1244897060792205,0.0,1.1397926591428373,0.0,1.1487871822131834,0.0
1984,1.124290749363861,0.0,1.139275874767087,0.0,1.148335836236856,0.0
1985,1.124142076474466,0.0,1.1387496565034272,0.0,1.1478981685667493,0.0
1986,1.1241969090018102,0.0,1.138201496390104,0.0,1.1476452425071937,0.0
1987,1.1253163075465673,0.0,1.1450377713419764,0.0,1.1551261612852612,0.0
1988,1.125615866062511,0.0,1.145245358885565,0.0,1.1554184771060434,0.0
1989,1.125817699767671,0.0,1.1461125585774907,0.0,1.1565115398920398,0.0
1990,1.1259354064768448,0.0,1.1460867970142616,0.0,1.156628501721785,0.0
1991,1.1260113217449763,0.0,1.1464858844584445,0.0,1.1565142852733228,0.0
1992,1.126078759733191,0.0,1.1467252536606583,0.0,1.1567541247171735,0.0
1993,1.12614105941959,0.0,1.147056743328929,0.0,1.157084618606162,0.0
1994,1.1261944379035698,0.0,1.1470531345693262,0.0,1.1570800315532446,0.0
1995,1.1262463319728069,0.0,1.1471456737552603,0.0,1.157169465656074,0.0
1996,1.126296172400085,0.0,1.1472185409498727,0.0,1.1572419009093626,0.0
1997,1.126343103857687,0.0,1.1471844936200908,0.0,1.1572680039781125,0.0
1998,1.1264067589024067,0.0,1.147216706284532,0.0,1.1573949213384005,0.0
1999,1.1266413218086604,0.0,1.1465454319664763,0.0,1.1577755302971129,0.0
2000,1.1269297074691185,0.0,1.1478861808444347,0.0,1.1583659422069965,0.0
2001,1.1267178145044947,0.0,1.1462487571085906,0.0,1.1570507593967367,0.0
2002,1.1265607770164878,0.0,1.1451545219642512,0.0,1.155738531037673,0.0
2003,1.1264010168702057,0.0,1.1443457791823546,0.0,1.15470281304815,0.0
2004,1.1262610312665822,0.0,1.143689766232351,0.0,1.1539242147015538,0.0
2005,1.1261595872294845,0.0,1.1433510120261297,0.0,1.153572152564428,0.0
2006,1.1260241790008225,0.0,1.1426444417352037,0.0,1.1527058958764957,0.0
2007,1.1259070367432393,0.0,1.142180429489717,0.0,1.1521999155758282,0.0
2008,1.1262176559318275,0.0,1.145800691618135,0.0,1.1559852128200507,0.0
2009,1.1262782224268029,0.0,1.1455328615387916,0.0,1.1557975884306868,0.0
2010,1.1263462697720967,0.0,1.1459721392356406,0.0,1.1563418016334766,0.0
2011,1.1263640949984401,0.0,1.1459130701122244,0.0,1.1559441016501317,0.0
2012,1.12638889813954,0.0,1.1460894668102377,0.0,1.156120162886802,0.0
2013,1.1264307410262342,0.0,1.1468410461225198,0.0,1.1568718315779036,0.0
2014,1.1264522951985745,0.0,1.1469133302758765,0.0,1.1569496841426092,0.0
2015,1.1264816088062697,0.0,1.147225436234308,0.0,1.1572511794312466,0.0
2016,1.1265050725752173,0.0,1.1473380083997013,0.0,1.1574173896430693,0.0
2017,1.1265390608913446,0.0,1.147466971768359,0.0,1.1576287255900428,0.0
2018,1.1265786954336483,0.0,1.1474592888319195,0.0,1.1577100590490852,0.0
2019,1.126623483425959,0.0,1.1475248171108057,0.0,1.157806055336173,0.0
2020,1.1266793030518583,0.0,1.1475670101378599,0.0,1.1579214535948419,0.0
2021,1.126731009656814,0.0,1.1475687152555016,0.0,1.157972663792498,0.0
2022,1.126811003016567,0.0,1.147584205955034,0.0,1.1580771645222796,0.0
2023,1.1268303186956348,0.0,1.147105848229371,0.0,1.15772685284385,0.0
2024,1.1268183019475841,0.0,1.1468481090108593,0.0,1.1575076557910597,0.0
2025,1.126786457230164,0.0,1.1467119366202714,0.0,1.157163003383298,0.0
2026,1.126750063540471,0.0,1.1466091198723416,0.0,1.156947327689757,0.0
2027,1.1267080714208835,0.0,1.1464893984343114,0.0,1.1566956659151044,0.0
2028,1.1266617734625801,0.0,1.1462146917368385,0.0,1.1564155825037477,0.0
2029,1.1266206289306329,0.0,1.1460138008498724,0.0,1.1561877542456893,0.0
2030,1.1265818588904233,0.0,1.1457979952481436,0.0,1.155958524315904,0.0
2031,1.126535675510417,0.0,1.1454873544870263,0.0,1.1555907966000856,0.0
2032,1.126498325755,0.0,1.1452565639384302,0.0,1.1553566969724232,0.0
2033,1.1264674581089023,0.0,1.145092605117403,0.0,1.1551891546360904,0.0
2034,1.126493635804225,0.0,1.1456374870681245,0.0,1.155783009618605,0.0
2035,1.1265054094321887,0.0,1.145632414739143,0.0,1.1558387336191105,0.0
2036,1.126536489449767,0.0,1.146170201829645,0.0,1.1564552353590498,0.0
2037,1.1265939409363868,0.0,1.1470266972735288,0.0,1.1574535119349572,0.0
2038,1.1266468829370635,0.0,1.1471710678205569,0.0,1.1577403797627677,0.0
2039,1.1267206223294077,0.0,1.1473756426427058,0.0,1.1579221189680433,0.0
2040,1.1268063840847646,0.0,1.1474640917562149,0.0,1.1580940419628059,0.0
2041,1.1268796762674662,0.0,1.147550461347219,0.0,1.1581887600336942,0.0
2042,1.12696108268534,0.0,1.1476220158212065,0.0,1.1582934787063939,0.0
2043,1.1270238283148766,0.0,1.1477059519163133,0.0,1.1583489550472974,0.0
2044,1.1271075447526664,0.0,1.1477634524856788,0.0,1.1584349020175677,0.0
2045,1.1271692792387362,0.0,1.147751860574967,0.0,1.1584559362612834,0.0
2046,1.1282245096744548,0.0,1.1493084082163039,0.0,1.159458123685256,0.0
2047,1.1282176598835263,0.0,1.1486341884003037,0.0,1.159292313027997,0.0
2048,1.1278481357768357,0.0,1.1479887578966947,0.0,1.1588204851301407,0.0
2049,1.127536632426195,0.0,1.1473741947315508,0.0,1.1581400259169217,0.0
2050,1.1272777603174402,0.0,1.1465611128817799,0.0,1.157159852403352,0.0
2051,1.1270447471728113,0.0,1.145731281971285,0.0,1.156143679847614,0.0
2052,1.126827133724389,0.0,1.144897251340717,0.0,1.1551431880089764,0.0
2053,1.1265951482011816,0.0,1.1437787103939543,0.0,1.1537377500786135,0.0
2054,1.1263497331172896,0.0,1.1435716320786449,0.0,1.1530736461448954,0.0
2055,1.126113169664005,0.0,1.1428943996466394,0.0,1.1522724238692277,0.0
2056,1.1258978688917536,0.0,1.1422464496405722,0.0,1.1516427486399867,0.0
2057,1.1256740194437396,0.0,1.1415646118965455,0.0,1.1508857712865044,0.0
2058,1.1255681932741826,0.0,1.1408990819429006,0.0,1.150249210468118,0.0
2059,1.1261941406630758,0.0,1.1460439976338572,0.0,1.1563541250528746,0.0
2060,1.1263607150201982,0.0,1.1463289739868987,0.0,1.1567662444179663,0.0
2061,1.1264792477283512,0.0,1.1467633646441728,0.0,1.157433655246758,0.0
2062,1.1265319345397085,0.0,1.1467228230468562,0.0,1.157481631212888,0.0
2063,1.1265205178600888,0.0,1.1470607082388007,0.0,1.1570847503226822,0.0
2064,1.1265328229302525,0.0,1.1472167389297532,0.0,1.1572414242566589,0.0
2065,1.126551298415222,0.0,1.1474044482551404,0.0,1.1574273270170383,0.0
2066,1.12656611821807,0.0,1.1473829481163877,0.0,1.157409175189402,0.0
2067,1.1265886154714544,0.0,1.1474398103438237,0.0,1.1575099373506141,0.0
2068,1.1266153845441125,0.0,1.1474842904534874,0.0,1.157615801778666,0.0
2069,1.1266304466605512,0.0,1.1474075782305824,0.0,1.157577521316801,0.0
2070,1.1271754723533949,0.0,1.1487671204558838,0.0,1.158804717389494,0.0
2071,1.1270086859655202,0.0,1.1465420449274042,0.0,1.15780219538479,0.0
2072,1.1267191488814647,0.0,1.1449503201809061,0.0,1.1558398898503723,0.0
2073,1.1264523446199601,0.0,1.1437025922218973,0.0,1.1538962354308004,0.0
2074,1.126250000159744,0.0,1.1429541419772131,0.0,1.1529477159901698,0.0
2075,1.1260641024617095,0.0,1.142603293246482,0.0,1.1525403037477906,0.0
2076,1.1258756614083496,0.0,1.142251553003457,0.0,1.1520518425629218,0.0
2077,1.125696956593235,0.0,1.1416613523415216,0.0,1.1513817366580945,0.0
2078,1.125554385209159,0.0,1.141588985117714,0.0,1.151269511068151,0.0
2079,1.1253696238802906,0.0,1.140992738200255,0.0,1.1506175628139506,0.0
2080,1.1252442833109904,0.0,1.1406209279840211,0.0,1.1503111709424108,0.0
2081,1.1251058019863853,0.0,1.140193316837554,0.0,1.1498123631405428,0.0
2082,1.1250394217474973,0.0,1.1397497089300215,0.0,1.149227359201122,0.0
2083,1.1258320339039671,0.0,1.1459593148817067,0.0,1.1560486372564653,0.0
2084,1.1260224681723012,0.0,1.1456901760301144,0.0,1.155820108494346,0.0
2085,1.1261615184805354,0.0,1.14651751138662,0.0,1.1568882343248668,0.0
2086,1.1262273907196225,0.0,1.146405188699868,0.0,1.156856370941556,0.0
2087,1.1262681545026385,0.0,1.1467553102586816,0.0,1.156786706940797,0.0
2088,1.1263042198596744,0.0,1.1469570806692109,0.0,1.1569901296109928,0.0
2089,1.1263387448830169,0.0,1.1472903566559958,0.0,1.1573234273068496,0.0
2090,1.1263676786319492,0.0,1.1472442373183886,0.0,1.157276491636812,0.0
2091,1.1263957441068446,0.0,1.1473544167398675,0.0,1.1573862900035068,0.0
2092,1.1264235653177306,0.0,1.1474510836350444,0.0,1.157481644531896,0.0
2093,1.1264449434950952,0.0,1.147289784235284,0.0,1.1573198862389953,0.0
2094,1.1267627310461614,0.0,1.1484466791205907,0.0,1.1584535702867655,0.0
2095,1.1265012183957868,0.0,1.1445823148401388,0.0,1.15559590351173,0.0
2096,1.1262173745805237,0.0,1.143130595449888,0.0,1.1537294126271525,0.0
2097,1.1259831857366671,0.0,1.1422095549449418,0.0,1.152106790609165,0.0
2098,1.1258146456909794,0.0,1.1419999352289292,0.0,1.1518168485417624,0.0
2099,1.1256707805557153,0.0,1.141829825284066,0.0,1.1516575884056854,0.0
2100,1.1255116906905143,0.0,1.141511398141207,0.0,1.1512715054459077,0.0
2101,1.1253310470453806,0.0,1.1408941205608558,0.0,1.150566732354335,0.0
2102,1.1251822063879853,0.0,1.1407826371865752,0.0,1.1504290842909812,0.0
2103,1.12503525458733,0.0,1.1402633572399044,0.0,1.1499444061551498,0.0
2104,1.1248876771266667,0.0,1.1398600150280513,0.0,1.1495303032567799,0.0
2105,1.1247349963540527,0.0,1.1393967058545487,0.0,1.1489959241143648,0.0
2106,1.1246690929438807,0.0,1.138941941659691,0.0,1.1484108639606694,0.0
2107,1.1255994636810454,0.0,1.1456185821546603,0.0,1.1556957527743577,0.0
2108,1.125824951434886,0.0,1.1453599765256939,0.0,1.1554280602104543,0.0
2109,1.1259822783590185,0.0,1.1463153880813863,0.0,1.156557636412426,0.0
2110,1.1260632841227405,0.0,1.1461912027665784,0.0,1.1565282308891018,0.0
2111,1.1261304166636974,0.0,1.146652397159862,0.0,1.1566852859566643,0.0
2112,1.1261864528485248,0.0,1.1469256859380965,0.0,1.1569589547949177,0.0
2113,1.1262343557475971,0.0,1.147261067108969,0.0,1.1572937188340635,0.0
2114,1.1262733321712286,0.0,1.147227937019486,0.0,1.1572603493824045,0.0
2115,1.1263098257522584,0.0,1.1473462100622644,0.0,1.1573778086770121,0.0
2116,1.126345458429468,0.0,1.1474052312136522,0.0,1.1574341968280728,0.0
2117,1.1263727481520465,0.0,1.147303313887056,0.0,1.1573330395449128,0.0
2118,1.126600833935345,0.0,1.1481806890277566,0.0,1.1581899802359883,0.0
2119,1.1263597581306,0.0,1.1442194810170927,0.0,1.1552462443458107,0.0
2120,1.1260976175964408,0.0,1.142993615416971,0.0,1.1536702613527061,0.0
2121,1.125878713896657,0.0,1.1420592977185833,0.0,1.1521065894666773,0.0
2122,1.1257193184192087,0.0,1.1417919942141084,0.0,1.1516845865814156,0.0
2123,1.1255691060801123,0.0,1.1416675552676967,0.0,1.1515045752351545,0.0
2124,1.1253998024154455,0.0,1.1413158092206712,0.0,1.1510743110515085,0.0
2125,1.1252190549893233,0.0,1.1407147441047916,0.0,1.150387470253643,0.0
2126,1.1250669796251358,0.0,1.1405905695540264,0.0,1.1502385879454702,0.0
2127,1.1249236340839794,0.0,1.1400958072103073,0.0,1.1497759956723148,0.0
2128,1.1248195131157859,0.0,1.1398856949188847,0.0,1.1495610721896234,0.0
2129,1.1246719362146154,0.0,1.1393893604470868,0.0,1.1489945717058518,0.0
2130,1.12462762902381,0.0,1.1390143693098052,0.0,1.1484867780067047,0.0
2131,1.1255527566803727,0.0,1.1456679596591202,0.0,1.1557493436206892,0.0
2132,1.125777924157361,0.0,1.1453733460244246,0.0,1.1554493689108425,0.0
2133,1.1259409532702498,0.0,1.146320977559318,0.0,1.1566223167837357,0.0
2134,1.126028207167379,0.0,1.1462296121361384,0.0,1.1566379202049144,0.0
2135,1.1260969737114905,0.0,1.1467139303533957,0.0,1.1567451702801232,0.0
2136,1.126154768115236,0.0,1.1469790493243945,0.0,1.1570106746474782,0.0
2137,1.1262046919564592,0.0,1.1472792174524316,0.0,1.157309644377964,0.0
2138,1.1262453802073051,0.0,1.147283749511362,0.0,1.157314510299263,0.0
2139,1.1262793220443348,0.0,1.1473616637337318,0.0,1.1573916746215294,0.0
2140,1.1263095594094306,0.0,1.1474182935820854,0.0,1.157448978153207,0.0
2141,1.1263392172532807,0.0,1.1473838855154401,0.0,1.1574137741722559,0.0
2142,1.1265591902886185,0.0,1.148106739543262,0.0,1.158116433573316,0.0
2143,1.1263329213239244,0.0,1.1442427934047228,0.0,1.1552910605138667,0.0
2144,1.1260566156386536,0.0,1.142893200917637,0.0,1.1535393042545259,0.0
2145,1.1258045024779795,0.0,1.1418488085824803,0.0,1.151723544169779,0.0
2146,1.1256343423575164,0.0,1.141656996115285,0.0,1.1514591907234424,0.0
2147,1.125490229882233,0.0,1.1415047263140958,0.0,1.1513202586635327,0.0
2148,1.1252872717428382,0.0,1.1410489292969048,0.0,1.1507485495257814,0.0
2149,1.124997394562529,0.0,1.140497199797523,0.0,1.1497572943419765,0.0
2150,1.1247336231601903,0.0,1.1403594559132333,0.0,1.1493844685220995,0.0
2151,1.1245085618493473,0.0,1.1397532312688226,0.0,1.1487828118368473,0.0
2152,1.1242553571871257,0.0,1.139217034127344,0.0,1.1481786062939079,0.0
2153,1.1240038957368086,0.0,1.138641055015736,0.0,1.1475138072069155,0.0
2154,1.1239819997411142,0.0,1.1380511522112773,0.0,1.1471054750123468,0.0
2155,1.125215056331419,0.0,1.144751729141886,0.0,1.1545227867682855,0.0
2156,1.12555321708052,0.0,1.145206809117521,0.0,1.155351930097224,0.0
2157,1.1257635337600418,0.0,1.1460539980473794,0.0,1.156416065412171,0.0
2158,1.1258825820391651,0.0,1.1460215232191717,0.0,1.1564997127170653,0.0
2159,1.125963471876549,0.0,1.146405618257271,0.0,1.156436242059918,0.0
2160,1.1260319349008607,0.0,1.1466458707335534,0.0,1.1566771808196146,0.0
2161,1.1260944227949488,0.0,1.1470056287123125,0.0,1.1570362336828244,0.0
2162,1.1261456553578297,0.0,1.1469967902070648,0.0,1.1570268979213951,0.0
2163,1.1261931067008002,0.0,1.1471343960988598,0.0,1.1571630638913066,0.0
2164,1.1262394852002129,0.0,1.147205793200738,0.0,1.1572326028407651,0.0
2165,1.1262791390031928,0.0,1.1471579318445608,0.0,1.1571834939483536,0.0
2166,1.126329042027633,0.0,1.1471780138635035,0.0,1.1572095726972444,0.0
2167,1.1265203845985203,0.0,1.1463279502860984,0.0,1.1575147189635844,0.0
2168,1.126771812400758,0.0,1.1478027458341653,0.0,1.1582175929492415,0.0
2169,1.1265428094571655,0.0,1.1455797405053616,0.0,1.1561462070005424,0.0
2170,1.1263760859224785,0.0,1.1443236595941633,0.0,1.1546630010247183,0.0
2171,1.126202856956329,0.0,1.1434396886709282,0.0,1.1536418324524642,0.0
2172,1.1260614509797673,0.0,1.1428055037684988,0.0,1.152930866954394,0.0
2173,1.1259153691006636,0.0,1.1423159297637495,0.0,1.1521491265451376,0.0
2174,1.125768832675366,0.0,1.142078871807674,0.0,1.1516244013467447,0.0
2175,1.1256834732216703,0.0,1.1416078087352002,0.0,1.1513820182327332,0.0
2176,1.1260241928925376,0.0,1.145219974322958,0.0,1.1549827733888778,0.0
2177,1.126061012916771,0.0,1.1443181601634238,0.0,1.1543502143538398,0.0
2178,1.1261501903199174,0.0,1.1451438410814392,0.0,1.1552857601344757,0.0
2179,1.1261931947837818,0.0,1.1450276537442197,0.0,1.155066595530509,0.0
2180,1.1262318805287563,0.0,1.1454095055630484,0.0,1.155448401628444,0.0
2181,1.1262835943784553,0.0,1.1463632714653287,0.0,1.1564023677297461,0.0
2182,1.126309380916772,0.0,1.1464272434057072,0.0,1.1564734076308485,0.0
2183,1.1263375483361295,0.0,1.1467488000445,0.0,1.1567797953260959,0.0
2184,1.1263530462666118,0.0,1.1469198365837954,0.0,1.1569504733112599,0.0
2185,1.126371083757929,0.0,1.1472559474785164,0.0,1.1572839064561402,0.0
2186,1.1263884609825332,0.0,1.1472336070071671,0.0,1.1572599706120872,0.0
2187,1.1264096164921225,0.0,1.1473610464942272,0.0,1.1573865777554344,0.0
2188,1.1264455053923155,0.0,1.1474657725772004,0.0,1.1575115983909008,0.0
2189,1.1264699944384156,0.0,1.14740364862089,0.0,1.1574999611620993,0.0
2190,1.1264934322575997,0.0,1.1473890623894276,0.0,1.1574805400195987,0.0
2191,1.126480628393562,0.0,1.1459570393407748,0.0,1.1560946282627085,0.0
2192,1.1264643797164018,0.0,1.1455872249270591,0.0,1.1556999567970379,0.0
2193,1.1264595154432722,0.0,1.1456516803846002,0.0,1.1557046967002633,0.0
2194,1.126477314177868,0.0,1.1459380417161025,0.0,1.1560667055215392,0.0
2195,1.1264716902179945,0.0,1.1459564134971116,0.0,1.1560126486111606,0.0
2196,1.1264320653807873,0.0,1.145555652990411,0.0,1.155575536617163,0.0
2197,1.1264062676148952,0.0,1.1453930574254616,0.0,1.1554142257307773,0.0
2198,1.126375105077991,0.0,1.1451276364444347,0.0,1.1551563392320132,0.0
2199,1.126335703118461,0.0,1.1447631810426713,0.0,1.1547860700837287,0.0
2200,1.1263022470084936,0.0,1.1445044445356414,0.0,1.1545232392103013,0.0
2201,1.1262759576488781,0.0,1.1443458476435202,0.0,1.1543641338348607,0.0
2202,1.1263129636731872,0.0,1.1449944482026366,0.0,1.155016106408901,0.0
2203,1.12633017596789,0.0,1.1448348402918738,0.0,1.1548613635917109,0.0
2204,1.1263587085244906,0.0,1.145419039562356,0.0,1.1554460153522783,0.0
2205,1.1264079998005863,0.0,1.1465395915157057,0.0,1.1566041269434097,0.0
2206,1.1264378735542186,0.0,1.1467291062837202,0.0,1.156903733634161,0.0
2207,1.1264750514906754,0.0,1.147167072253773,0.0,1.1573717799610437,0.0
2208,1.1265139074952644,0.0,1.147314010197795,0.0,1.1576111759492236,0.0
2209,1.1265491706761874,0.0,1.1474084743438102,0.0,1.1577125645601565,0.0
2210,1.1266004944996002,0.0,1.1474453756733702,0.0,1.1578384936530177,0.0
2211,1.1266529211534901,0.0,1.1475055185679919,0.0,1.1579233078036992,0.0
2212,1.1267263088990178,0.0,1.1475248560728637,0.0,1.1580547069297533,0.0
2213,1.1267636012397713,0.0,1.1474779351669204,0.0,1.1580239028495987,0.0
2214,1.1277764792345464,0.0,1.1491221290036413,0.0,1.1592299724792232,0.0
2215,1.1277170312921676,0.0,1.1481888393644701,0.0,1.158949483579772,0.0
2216,1.127336379569351,0.0,1.1472197983852954,0.0,1.1582281152376173,0.0
2217,1.1270742989184919,0.0,1.1464101891563596,0.0,1.157054158037017,0.0
2218,1.1268660103913966,0.0,1.1455931099940975,0.0,1.1559791000678188,0.0
2219,1.1266896820893169,0.0,1.1449565072171815,0.0,1.1551808266830486,0.0
2220,1.1265098212981726,0.0,1.1442339678742774,0.0,1.154289556079284,0.0
2221,1.1262893965782022,0.0,1.1433469702312506,0.0,1.1530810727834881,0.0
2222,1.1260594688545158,0.0,1.1431499936016751,0.0,1.1525142662884946,0.0
2223,1.1258255408078028,0.0,1.1424342001655778,0.0,1.1517001034969958,0.0
2224,1.1255980006130786,0.0,1.141759349961157,0.0,1.1510105959535795,0.0
2225,1.1253459928668619,0.0,1.1410779219934435,0.0,1.1501722456667198,0.0
2226,1.1252187851352762,0.0,1.1404241925741931,0.0,1.1494698031483277,0.0
2227,1.1259140734388364,0.0,1.1453813396429438,0.0,1.1547296616025717,0.0
2228,1.1261214390634025,0.0,1.145748405563021,0.0,1.1560108315314561,0.0
2229,1.1262587593837228,0.0,1.1465526543076496,0.0,1.1570618060990827,0.0
2230,1.1263234640930335,0.0,1.1464147795507182,0.0,1.1570727365837565,0.0
2231,1.1263403968916008,0.0,1.1467356958086528,0.0,1.156763954849624,0.0
2232,1.1263626730498597,0.0,1.1469038507612712,0.0,1.1569322136519056,0.0
2233,1.126386661471941,0.0,1.1472083691559662,0.0,1.1572381098459463,0.0
2234,1.1264037191811995,0.0,1.1471347771501947,0.0,1.157164253049087,0.0
2235,1.1264198227866256,0.0,1.147223328035766,0.0,1.1572530020845484,0.0
2236,1.1264343754706463,0.0,1.1473017363849272,0.0,1.1573322575743743,0.0
2237,1.1264472749517564,0.0,1.147288026678707,0.0,1.1573182345316941,0.0
2238,1.1268956334787048,0.0,1.148660348133807,0.0,1.1586653732735988,0.0
2239,1.1266414654240884,0.0,1.1454271195565722,0.0,1.1565787630042415,0.0
2240,1.126351656040971,0.0,1.1435680441859293,0.0,1.1541890474391616,0.0
2241,1.126086359502643,0.0,1.142459708898544,0.0,1.1522713369231576,0.0
2242,1.1258546546398094,0.0,1.1420610291737334,0.0,1.1516609336624808,0.0
2243,1.12563806887087,0.0,1.1417722435287043,0.0,1.1512625744830889,0.0
2244,1.1253721236933187,0.0,1.1413680496282166,0.0,1.1505758213721096,0.0
2245,1.1250981559999493,0.0,1.140614894152734,0.0,1.1496681670298516,0.0
2246,1.124857682152004,0.0,1.1403766558689516,0.0,1.1493596294325117,0.0
2247,1.1245877918928524,0.0,1.1397755782699224,0.0,1.1486981726512386,0.0
2248,1.1242718436498453,0.0,1.1392474251290305,0.0,1.1480303862200139,0.0
2249,1.1240069806191786,0.0,1.13872259361539,0.0,1.147402954696579,0.0
2250,1.1238877833041834,0.0,1.1380422426963988,0.0,1.1467865248388853,0.0
2251,1.1251568333781077,0.0,1.1442086706661685,0.0,1.153273313635247,0.0
2252,1.1254980749254968,0.0,1.1440232583153136,0.0,1.1540839006859547,0.0
2253,1.125711855274279,0.0,1.1454056003328643,0.0,1.1554940360559185,0.0
2254,1.1258199446392019,0.0,1.1453114068656853,0.0,1.155371225661685,0.0
2255,1.1259086547559345,0.0,1.1458720247869612,0.0,1.1559207080094214,0.0
2256,1.1259729209053133,0.0,1.146191304769864,0.0,1.1562432004996697,0.0
2257,1.1260299224097898,0.0,1.146767623228331,0.0,1.156822520865181,0.0
2258,1.126076116231958,0.0,1.1465985547388768,0.0,1.1566472986824767,0.0
2259,1.1261217229189586,0.0,1.1467445157619565,0.0,1.1567902615655836,0.0
2260,1.126166329000816,0.0,1.1468711594626149,0.0,1.156911821336742,0.0
2261,1.1262030265986753,0.0,1.146697191049754,0.0,1.156735581621457,0.0
2262,1.1263982124646235,0.0,1.1480356915908774,0.0,1.1580480858313165,0.0
2263,1.1261333658988295,0.0,1.1432716004338264,0.0,1.1540303186526963,0.0
2264,1.1258565656820911,0.0,1.1420286125530286,0.0,1.1524445856662617,0.0
2265,1.1256131441002923,0.0,1.141481168471745,0.0,1.1511727998840697,0.0
2266,1.1254459204116483,0.0,1.1411977062611953,0.0,1.1508957801328141,0.0
2267,1.1253048959329568,0.0,1.1410482549960246,0.0,1.1507875909168297,0.0
2268,1.1251418489364935,0.0,1.140756983784932,0.0,1.1504383729428735,0.0
2269,1.1249501595507905,0.0,1.1401073751251884,0.0,1.1497244592477143,0.0
2270,1.1247536426488118,0.0,1.1399928899140732,0.0,1.1494780608381245,0.0
2271,1.1246045822585689,0.0,1.1395142178884996,0.0,1.1490650932115944,0.0
2272,1.12443382767611,0.0,1.1390948127593032,0.0,1.1486306036018425,0.0
2273,1.1242923774374838,0.0,1.1387066059744757,0.0,1.1482024745486037,0.0
2274,1.1242896164888456,0.0,1.1384084162228187,0.0,1.1478526794512984,0.0
2275,1.1253525596216651,0.0,1.1453860919665269,0.0,1.1554872499769002,0.0
2276,1.1256227735763429,0.0,1.1452009139162738,0.0,1.15540620428566,0.0
2277,1.1258141209085226,0.0,1.1460513630824163,0.0,1.156532396012698,0.0
2278,1.125920870461427,0.0,1.1460059456212808,0.0,1.1565895434856948,0.0
2279,1.1259888051991156,0.0,1.146391650096073,0.0,1.156421487071102,0.0
2280,1.1260505888025152,0.0,1.1466313137705304,0.0,1.1566621698159454,0.0
2281,1.1261076458508636,0.0,1.1469899490925024,0.0,1.1570203103069778,0.0
2282,1.1261549020274508,0.0,1.1469821681668808,0.0,1.1570123901742484,0.0
2283,1.1261991969983018,0.0,1.1471276390970104,0.0,1.157156454734177,0.0
2284,1.1262413192762222,0.0,1.1472022778595752,0.0,1.1572298753488253,0.0
2285,1.1262742695722006,0.0,1.1471068146583456,0.0,1.1571343211149765,0.0
2286,1.1265091168967232,0.0,1.1480533712378218,0.0,1.1580626909472607,0.0
2287,1.1262888761952077,0.0,1.144287607499834,0.0,1.1553698965013828,0.0
2288,1.1260127085842067,0.0,1.1429819191917288,0.0,1.1536886803081778,0.0
2289,1.1257837785693328,0.0,1.1420101794376278,0.0,1.1520709454128695,0.0
2290,1.125619779765615,0.0,1.1416891479463325,0.0,1.1515875092835475,0.0
2291,1.1254841258281854,0.0,1.1416336768254032,0.0,1.151488257756269,0.0
2292,1.1253328851668676,0.0,1.1414049459665572,0.0,1.1511621658092424,0.0
2293,1.125167975514961,0.0,1.1408573060394875,0.0,1.1505309755447852,0.0
2294,1.1250375773061598,0.0,1.1407896806743871,0.0,1.150440152986374,0.0
2295,1.1249148120193366,0.0,1.1403618034684713,0.0,1.1500476433091313,0.0
2296,1.124793702148605,0.0,1.1400349980300544,0.0,1.1497135455324023,0.0
2297,1.1246601550520323,0.0,1.1396085720450995,0.0,1.1492180975201256,0.0
2298,1.1246101261312509,0.0,1.1392099173416865,0.0,1.1486913808231767,0.0
2299,1.1255212898540032,0.0,1.1457269924971147,0.0,1.1558799827475341,0.0
2300,1.1257536769176284,0.0,1.1455233946825012,0.0,1.155806351256807,0.0
2301,1.1259276154777202,0.0,1.1463172759550102,0.0,1.1568744629179393,0.0
2302,1.126021595993777,0.0,1.146285030634268,0.0,1.156925128041574,0.0
2303,1.126073100500684,0.0,1.1467201206978344,0.0,1.1567485167836613,0.0
2304,1.1261249760052552,0.0,1.1469276577852745,0.0,1.1569553690688903,0.0
2305,1.126174591604704,0.0,1.147157809347562,0.0,1.1571846676261615,0.0
2306,1.12621933908451,0.0,1.1471631340187807,0.0,1.1571881603083736,0.0
2307,1.12626407776581,0.0,1.1472300214666484,0.0,1.1572528563213018,0.0
2308,1.1263100232445182,0.0,1.1473063527237324,0.0,1.1573270055091702,0.0
2309,1.1263445936193401,0.0,1.1472273117011784,0.0,1.1572644850641405,0.0
2310,1.1266371028210103,0.0,1.1481398747810423,0.0,1.1581782683614021,0.0
2311,1.1264532205614708,0.0,1.1449059528271108,0.0,1.1560857029919769,0.0
2312,1.1261354403729282,0.0,1.143374697434261,0.0,1.1541153222760032,0.0
2313,1.1258655312340002,0.0,1.1421695851636269,0.0,1.1521994071733987,0.0
2314,1.1256790015184686,0.0,1.141805885964379,0.0,1.1516966613422186,0.0
2315,1.1255029294994612,0.0,1.141492223759116,0.0,1.1513773816360053,0.0
2316,1.125270069223396,0.0,1.1410854606314478,0.0,1.150731195009619,0.0
2317,1.1249773789371709,0.0,1.1404943679204762,0.0,1.1497389350462415,0.0
2318,1.1247116105125234,0.0,1.1402834977078282,0.0,1.1493274852173196,0.0
2319,1.1244509697824656,0.0,1.1395965601816254,0.0,1.148600653710357,0.0
2320,1.1241551518052106,0.0,1.1389735886516714,0.0,1.1478880566137246,0.0
2321,1.1238800502206512,0.0,1.1384219012229568,0.0,1.147182580563379,0.0
2322,1.1237260390429316,0.0,1.1376572529730828,0.0,1.146460140725966,0.0
2323,1.125034096174339,0.0,1.144244488518812,0.0,1.1530358791602608,0.0
2324,1.1254030782370033,0.0,1.1443844123250302,0.0,1.1543582146066313,0.0
2325,1.1256243906396894,0.0,1.1457303831273813,0.0,1.1558462274074477,0.0
2326,1.1257413270587902,0.0,1.1456693594473866,0.0,1.15583939406066,0.0
2327,1.1258342504748158,0.0,1.1461096559750574,0.0,1.1561499642257718,0.0
2328,1.125903337632837,0.0,1.1463375212280158,0.0,1.1563792958469095,0.0
2329,1.1259648747823259,0.0,1.1467821757310417,0.0,1.1568245766032925,0.0
2330,1.1260134942721913,0.0,1.1466604447996578,0.0,1.156700212592943,0.0
2331,1.1260596270203895,0.0,1.146794300783982,0.0,1.1568332040320182,0.0
2332,1.1261029725174987,0.0,1.1469092607936036,0.0,1.1569459018538246,0.0
2333,1.126138006942668,0.0,1.146782512169663,0.0,1.1568186832194227,0.0
2334,1.1261788914834434,0.0,1.1467902415676732,0.0,1.1568343245689152,0.0
2335,1.12623402667,0.0,1.1454663383889514,0.0,1.1563606565565436,0.0
2336,1.126412607351796,0.0,1.1475253125314544,0.0,1.1577904885308306,0.0
2337,1.1262060794021176,0.0,1.1438163698836115,0.0,1.1539880154410613,0.0
2338,1.126058594341514,0.0,1.1428090562853068,0.0,1.1528727109244274,0.0
2339,1.12589334488308,0.0,1.142110267531402,0.0,1.1521497754758558,0.0
2340,1.1257498148806593,0.0,1.141512096853736,0.0,1.1515123572788895,0.0
2341,1.125627359634409,0.0,1.14114769227412,0.0,1.1510425395432449,0.0
2342,1.1255301055771485,0.0,1.1408803005308372,0.0,1.1507601958029021,0.0
2343,1.1254617680249095,0.0,1.140558663657241,0.0,1.1505816584930937,0.0
2344,1.125853351882851,0.0,1.1448115735202642,0.0,1.1548637104576118,0.0
2345,1.1259012209676713,0.0,1.1439645182680902,0.0,1.1540125031348192,0.0
2346,1.125997173676757,0.0,1.1448359770473666,0.0,1.1548709506994794,0.0
2347,1.1260571052370338,0.0,1.1448332161256334,0.0,1.1548789439956562,0.0
2348,1.1260961148273667,0.0,1.1450385175373001,0.0,1.1550846689851269,0.0
2349,1.126146802452752,0.0,1.1460337447572693,0.0,1.1560828606475213,0.0
2350,1.1261734289218384,0.0,1.146094405262639,0.0,1.1561527835875078,0.0
2351,1.126201845284363,0.0,1.146466952366159,0.0,1.15650733145544,0.0
2352,1.1262158658575305,0.0,1.1466244121697644,0.0,1.1566659467492708,0.0
2353,1.12623585046865,0.0,1.1471077253853776,0.0,1.1571463001175286,0.0
2354,1.126250742604983,0.0,1.1469745830570195,0.0,1.1570108948126565,0.0
2355,1.1262661597596542,0.0,1.147061361510916,0.0,1.157098779567733,0.0
2356,1.1262870342841456,0.0,1.1472244471111996,0.0,1.1572590148468995,0.0
2357,1.126300958304596,0.0,1.147038233049234,0.0,1.1570726309741115,0.0
2358,1.12632103649262,0.0,1.1469853195310986,0.0,1.1570286757558281,0.0
2359,1.12630099384589,0.0,1.1451163706185383,0.0,1.1551399703719603,0.0
2360,1.126279930220467,0.0,1.1446459866920529,0.0,1.1546686246344444,0.0
2361,1.126271330796259,0.0,1.1447985417500839,0.0,1.1548193335188623,0.0
2362,1.126261592796064,0.0,1.1448886739311717,0.0,1.1549077034228494,0.0
2363,1.12625627902276,0.0,1.1450333583182777,0.0,1.1550516962234787,0.0
2364,1.1262408344448833,0.0,1.144882139901256,0.0,1.1549053909414424,0.0
2365,1.1262369311417724,0.0,1.1449285896751886,0.0,1.1549526542643171,0.0
2366,1.126227191726051,0.0,1.1448294239851209,0.0,1.1548605808430286,0.0
2367,1.1262151962362035,0.0,1.1447189099866653,0.0,1.1547427068927654,0.0
2368,1.1262144578915099,0.0,1.1447643434921044,0.0,1.1547831410352758,0.0
2369,1.1262178474683817,0.0,1.144823145347253,0.0,1.1548410004673917,0.0
2370,1.1262744166649097,0.0,1.1456993295172435,0.0,1.1557204800741776,0.0
2371,1.1262990932277555,0.0,1.1456299956963347,0.0,1.1556556280709167,0.0
2372,1.1263219831652176,0.0,1.1458915040379338,0.0,1.1559176103156423,0.0
2373,1.126362552606691,0.0,1.1468077949301825,0.0,1.1568337997207956,0.0
2374,1.1263837311453333,0.0,1.1469526357459738,0.0,1.1569887663987162,0.0
2375,1.1264141115837014,0.0,1.1472863337328185,0.0,1.157340505058145,0.0
2376,1.1264404129261634,0.0,1.1473956933788807,0.0,1.157544327917508,0.0
2377,1.126462069412122,0.0,1.1474613955446393,0.0,1.1576503115267462,0.0
2378,1.1264915753070763,0.0,1.1474898664326927,0.0,1.1577399203035206,0.0
2379,1.126517863521353,0.0,1.1475482060746276,0.0,1.1577897568428495,0.0
2380,1.1265505268427936,0.0,1.1475614972618748,0.0,1.1578634473826839,0.0
2381,1.1265604921854673,0.0,1.1474456857139899,0.0,1.1577652306824202,0.0
2382,1.1275007039405147,0.0,1.1490595710751763,0.0,1.1591023031703964,0.0
2383,1.1273575100068693,0.0,1.147890957774996,0.0,1.1586851272632022,0.0
2384,1.127007765600638,0.0,1.146553138041364,0.0,1.1575663191509151,0.0
2385,1.1267572369137504,0.0,1.1454952826307905,0.0,1.1559486416485711,0.0
2386,1.1265562763901902,0.0,1.144548162478004,0.0,1.1545898616743342,0.0
2387,1.126394000822132,0.0,1.1440574196533995,0.0,1.1539794489068909,0.0
2388,1.126218006965477,0.0,1.143531536681699,0.0,1.1533203242245469,0.0
2389,1.1260069764543463,0.0,1.1427626442606038,0.0,1.1523073980988043,0.0
2390,1.1257785479553424,0.0,1.1425838225002973,0.0,1.1518010375871393,0.0
2391,1.1255516895500193,0.0,1.1418364126568836,0.0,1.151027535309988,0.0
2392,1.1253372349247786,0.0,1.141161329700392,0.0,1.1504063455774929,0.0
2393,1.1251496411733903,0.0,1.1406444612573803,0.0,1.149788380749878,0.0
2394,1.1250315154264043,0.0,1.1398824099503748,0.0,1.1490806860684715,0.0
2395,1.1257922645564094,0.0,1.1453456794272054,0.0,1.155303359783735,0.0
2396,1.125982512169743,0.0,1.1454139533558827,0.0,1.1556082213081735,0.0
2397,1.1261229443034642,0.0,1.1463321953807664,0.0,1.156783590744131,0.0
2398,1.1261947979400597,0.0,1.1462803368576513,0.0,1.1569004379419305,0.0
2399,1.1262255465550268,0.0,1.1466138108954655,0.0,1.1566432122556476,0.0
2400,1.1262599951419854,0.0,1.1468215829241675,0.0,1.156850275574535,0.0
2401,1.1262957276980912,0.0,1.147139509008704,0.0,1.1571683440658562,0.0
2402,1.1263268440331349,0.0,1.14711168089727,0.0,1.1571383822184782,0.0
2403,1.126358399505503,0.0,1.1472015695105358,0.0,1.1572273194533393,0.0
2404,1.1263905992000085,0.0,1.1472521414985068,0.0,1.157287536696408,0.0
2405,1.1264173095804728,0.0,1.147159655745688,0.0,1.1572626766224419,0.0
2406,1.1269269766807382,0.0,1.148592482904175,0.0,1.1586235421857323,0.0
2407,1.12674617330549,0.0,1.1460185501626252,0.0,1.157268940131833,0.0
2408,1.1264270644928922,0.0,1.1441931102995684,0.0,1.1549510179285216,0.0
2409,1.1261432764730746,0.0,1.1428092785718194,0.0,1.1527317162537465,0.0
2410,1.1259027230862548,0.0,1.1424959851701764,0.0,1.1520780432982958,0.0
2411,1.1257099343450598,0.0,1.1421568214474789,0.0,1.1517516763652664,0.0
2412,1.125508170788592,0.0,1.1417239885183075,0.0,1.1512440549913119,0.0
2413,1.1252662027974953,0.0,1.141013983232332,0.0,1.1503503013355547,0.0
2414,1.1250211630905016,0.0,1.1408103932383946,0.0,1.1499461479057609,0.0
2415,1.1247827515717945,0.0,1.1401363393774542,0.0,1.1492465068267297,0.0
2416,1.1245427124375675,0.0,1.1395721368790968,0.0,1.1486377599894335,0.0
2417,1.1243042973749897,0.0,1.1390430736668018,0.0,1.1479765940349471,0.0
2418,1.1241795201942038,0.0,1.1383157474387555,0.0,1.1473021816123514,0.0
2419,1.1253066199391528,0.0,1.1446718969960554,0.0,1.1539361419213463,0.0
2420,1.1256103489033624,0.0,1.144745557658162,0.0,1.1547673479270364,0.0
2421,1.1258080389002372,0.0,1.1459251041330758,0.0,1.1562100096808303,0.0
2422,1.1259147175392685,0.0,1.1459051458459322,0.0,1.1563149681948703,0.0
2423,1.1259881183194451,0.0,1.1462672616893654,0.0,1.1563005967107112,0.0
2424,1.1260469696720339,0.0,1.1464718077256801,0.0,1.156505243046213,0.0
2425,1.126101018171765,0.0,1.1468483914297505,0.0,1.1568817026791398,0.0
2426,1.126143632001007,0.0,1.1467902068842286,0.0,1.1568229008944106,0.0
2427,1.126183278773682,0.0,1.1469205436768863,0.0,1.1569523942845745,0.0
2428,1.126219457229789,0.0,1.1470276891506441,0.0,1.157059684942911,0.0
2429,1.1262481198003278,0.0,1.1468834448783776,0.0,1.1569139872058485,0.0
2430,1.1265157067816873,0.0,1.1481964934651707,0.0,1.1582052204794453,0.0
2431,1.1262642244464787,0.0,1.1440931823298512,0.0,1.1550843856048387,0.0
2432,1.125978555566237,0.0,1.142668847603331,0.0,1.1532566634883596,0.0
2433,1.125735542667521,0.0,1.1417594131565398,0.0,1.1515899125754485,0.0
2434,1.1255555292804267,0.0,1.1414921292778948,0.0,1.1512532888168032,0.0
2435,1.12538815793588,0.0,1.1412101945423672,0.0,1.1509860614930678,0.0
2436,1.1251716636938003,0.0,1.1407622102987955,0.0,1.150393794313519,0.0
2437,1.1248639400939804,0.0,1.1400856043410579,0.0,1.149321877538059,0.0
2438,1.124597021768074,0.0,1.139868301357891,0.0,1.1489336596251498,0.0
2439,1.124355213969113,0.0,1.1391992057221787,0.0,1.148287096197478,0.0
2440,1.124111878992976,0.0,1.138684189498848,0.0,1.1477337177712368,0.0
2441,1.1239966616597765,0.0,1.1382338039679387,0.0,1.1473970446324802,0.0
2442,1.1240193084944368,0.0,1.137588520214348,0.0,1.1470215865497793,0.0
2443,1.12519140415548,0.0,1.1448953698266497,0.0,1.1549819775032395,0.0
2444,1.1254783701079514,0.0,1.1446010602138699,0.0,1.1546779075404456,0.0
2445,1.1256701470539774,0.0,1.1458306993734428,0.0,1.155921082706551,0.0
2446,1.1257724427365345,0.0,1.145682870781927,0.0,1.1557796449256266,0.0
2447,1.1258587410606709,0.0,1.14608865586441,0.0,1.1561291628507628,0.0
2448,1.1259232642813708,0.0,1.1463117381624466,0.0,1.156354396933675,0.0
2449,1.125980954686191,0.0,1.1467655199585358,0.0,1.1568082999342078,0.0
2450,1.1260265017004054,0.0,1.1466514778901098,0.0,1.1566937165767852,0.0
2451,1.1260698076535125,0.0,1.1467901578666784,0.0,1.1568304982485316,0.0
2452,1.126110502175274,0.0,1.146910394843875,0.0,1.1569495053963552,0.0
2453,1.1261438209081482,0.0,1.1467261569211693,0.0,1.156763577292373,0.0
2454,1.1262929976130014,0.0,1.1477876674900462,0.0,1.157802776299571,0.0
2455,1.125991577122031,0.0,1.1427182052397369,0.0,1.1533809041454288,0.0
2456,1.1257070077685674,0.0,1.1415304881992516,0.0,1.1518466412848547,0.0
2457,1.1254674540444378,0.0,1.1411665421964758,0.0,1.1508535093163856,0.0
2458,1.1253079452259471,0.0,1.1409379307628433,0.0,1.1506436585819497,0.0
2459,1.125167181077392,0.0,1.1407816981137584,0.0,1.150529403404423,0.0
2460,1.1250013452653957,0.0,1.140469193958546,0.0,1.150156177856737,0.0
2461,1.1248215215624575,0.0,1.1398638451745344,0.0,1.1494813585587207,0.0
2462,1.1246625320181078,0.0,1.139730292989487,0.0,1.1493348470521865,0.0
2463,1.1245083197517953,0.0,1.139260237618396,0.0,1.148868897363093,0.0
2464,1.1243566271333594,0.0,1.1389046027582617,0.0,1.1484882938411958,0.0
2465,1.1241934071117787,0.0,1.1384378226559555,0.0,1.1479522205810349,0.0
2466,1.1241398925005757,0.0,1.1379442089279492,0.0,1.1473945896217,0.0
2467,1.1252336785376669,0.0,1.145108977615691,0.0,1.1551914648680837,0.0
2468,1.1255006867532482,0.0,1.1448145859394416,0.0,1.1548864890756487,0.0
2469,1.125682020208414,0.0,1.1459314053878147,0.0,1.156045163455101,0.0
2470,1.1257913553710146,0.0,1.1458547387903848,0.0,1.1562635338351774,0.0
2471,1.125869309170042,0.0,1.1462361390658267,0.0,1.1562733566317407,0.0
2472,1.1259285947641133,0.0,1.1464051662341905,0.0,1.1564435821917765,0.0
2473,1.1259874525849465,0.0,1.1468922946567928,0.0,1.1569317709181075,0.0
2474,1.1260329380945515,0.0,1.146822721116512,0.0,1.1568604133662206,0.0
2475,1.1260724114884444,0.0,1.146911310291027,0.0,1.1569499855050247,0.0
2476,1.1261147739967778,0.0,1.1471127271553496,0.0,1.1571488766922031,0.0
2477,1.1261461438258702,0.0,1.1469096603547777,0.0,1.1569455186016075,0.0
2478,1.126280420850721,0.0,1.1477419255250991,0.0,1.157757681216463,0.0
2479,1.1259935007557804,0.0,1.1429212891101153,0.0,1.153688938182827,0.0
2480,1.1257145748532493,0.0,1.1417425867081026,0.0,1.1521754383962173,0.0
2481,1.125461622262486,0.0,1.1411293649059586,0.0,1.1508385600535616,0.0
2482,1.1252831569054622,0.0,1.1408181880080441,0.0,1.1505382494262244,0.0
2483,1.125128822709969,0.0,1.1406277933673532,0.0,1.1503852341151695,0.0
2484,1.1249521304057806,0.0,1.1402923454209126,0.0,1.149984462559684,0.0
2485,1.124755635436938,0.0,1.1396395052008592,0.0,1.1492568365784805,0.0
2486,1.1245838647563466,0.0,1.1394862152476803,0.0,1.149092594701727,0.0
2487,1.124417676736201,0.0,1.1389897549037895,0.0,1.1486042859803807,0.0
2488,1.1242919156674,0.0,1.1387520058792977,0.0,1.1483486248890853,0.0
2489,1.1241262300807202,0.0,1.1382688055463543,0.0,1.1477965869703812,0.0
2490,1.1240584617419842,0.0,1.1377345731251665,0.0,1.1471901499210813,0.0
2491,1.1251823860989854,0.0,1.1450459430994027,0.0,1.1551307441534864,0.0
2492,1.1254561286812188,0.0,1.1447514551414968,0.0,1.1548260068474754,0.0
2493,1.1256402251117177,0.0,1.1459497711736353,0.0,1.1560374083612517,0.0
2494,1.1257425216197796,0.0,1.145822421207008,0.0,1.1560300323837445,0.0
2495,1.125824465209882,0.0,1.1462175613548111,0.0,1.156258759247172,0.0
2496,1.1258851357444146,0.0,1.146428200319991,0.0,1.1564707313000493,0.0
2497,1.1259398252292105,0.0,1.1468542012521865,0.0,1.1568998437640543,0.0
2498,1.1259839510983698,0.0,1.1467580974764642,0.0,1.1568012711418376,0.0
2499,1.126026255690475,0.0,1.146910332144292,0.0,1.15695391358141,0.0
2500,1.1260688876147573,0.0,1.1471067411126379,0.0,1.1571475262667266,0.0
2501,1.1261029054063278,0.0,1.1469343936298515,0.0,1.1569735109755541,0.0
2502,1.1261427304973106,0.0,1.1469017959375576,0.0,1.1569495213191678,0.0
2503,1.126190854462149,0.0,1.1454190221167269,0.0,1.1562749497292604,0.0
2504,1.1263564101335737,0.0,1.1474071532101122,0.0,1.1577044518575226,0.0
2505,1.126152308951381,0.0,1.1437199269756384,0.0,1.1538847828255672,0.0
2506,1.1260141688582106,0.0,1.1428313005996638,0.0,1.1528986910177041,0.0
2507,1.125857117724202,0.0,1.1421739003619154,0.0,1.1522128477481555,0.0
2508,1.1257350599280103,0.0,1.1416696750634658,0.0,1.1517160443355356,0.0
2509,1.1255983221831218,0.0,1.1413093653360267,0.0,1.1511261053427997,0.0
2510,1.1254349330421891,0.0,1.14112263185344,0.0,1.1505325295388737,0.0
2511,1.1253039664819533,0.0,1.1407139825968793,0.0,1.1501270075475374,0.0
2512,1.1256789092687072,0.0,1.1442538218051275,0.0,1.1533403410519725,0.0
2513,1.1256933057825573,0.0,1.143562684296859,0.0,1.152704339972437,0.0
2514,1.1257750024932622,0.0,1.144110083198233,0.0,1.153175514909201,0.0
2515,1.125874527914696,0.0,1.1436192133189482,0.0,1.1535714469985119,0.0
2516,1.1259405968307097,0.0,1.1440734705545805,0.0,1.1541170389012432,0.0
2517,1.126019437802829,0.0,1.1454189575250493,0.0,1.1554691691483343,0.0
2518,1.1260579002957114,0.0,1.1455684618291702,0.0,1.1556314115728368,0.0
2519,1.1260948362864633,0.0,1.1460793087611783,0.0,1.1561262391243257,0.0
2520,1.1261162362032975,0.0,1.1463057723090422,0.0,1.1563548243361013,0.0
2521,1.1261400567676005,0.0,1.1467905171630541,0.0,1.1568347340784697,0.0
2522,1.1261579469361747,0.0,1.146614525897222,0.0,1.1566559475819618,0.0
2523,1.1261781080334352,0.0,1.1467313496403033,0.0,1.1567723671146204,0.0
2524,1.1261986633304955,0.0,1.1468355154328302,0.0,1.156873876685347,0.0
2525,1.126214644770192,0.0,1.146656529005845,0.0,1.1566942858424702,0.0
2526,1.1262405536573055,0.0,1.1466749797635671,0.0,1.1567206758521515,0.0
2527,1.1262227279269765,0.0,1.1448820426511417,0.0,1.1549051837018214,0.0
2528,1.1262032443473127,0.0,1.144413916541781,0.0,1.154436414721757,0.0
2529,1.1261936450685806,0.0,1.1445250063231966,0.0,1.1545454357645526,0.0
2530,1.1261808137347296,0.0,1.144557834482413,0.0,1.1545766220776652,0.0
2531,1.1261667124068226,0.0,1.1445955449183252,0.0,1.1546141133736756,0.0
2532,1.126141007228346,0.0,1.1443285705957988,0.0,1.154352642677537,0.0
2533,1.1261145657488305,0.0,1.1440857811891394,0.0,1.1541112999700975,0.0
2534,1.1260919896929567,0.0,1.143922421334697,0.0,1.1539501950829865,0.0
2535,1.126074954322861,0.0,1.143820894643576,0.0,1.1538473475001376,0.0
2536,1.1260743270046567,0.0,1.1439455131886558,0.0,1.1539669477725731,0.0
2537,1.1260748854984584,0.0,1.1440084719136951,0.0,1.1540290374484001,0.0
2538,1.1261333737522234,0.0,1.1448846118467424,0.0,1.1549099907723592,0.0
2539,1.126164301533716,0.0,1.1447586731948154,0.0,1.1547906912550494,0.0
2540,1.1261861578434782,0.0,1.1450002126963512,0.0,1.155033263209465,0.0
2541,1.1262278007604738,0.0,1.1460850797387738,0.0,1.156119034707482,0.0
2542,1.1262479772420722,0.0,1.146191258505685,0.0,1.1562380318569057,0.0
2543,1.1262718287320481,0.0,1.146592876550591,0.0,1.156625613894613,0.0
2544,1.1262830153333303,0.0,1.146764510491986,0.0,1.1568000473891227,0.0
2545,1.1262994276465286,0.0,1.1472408144048543,0.0,1.1572799631723738,0.0
2546,1.1263095037689657,0.0,1.1471312183056392,0.0,1.157170582189178,0.0
2547,1.1263198995554633,0.0,1.1472399420476402,0.0,1.1572785676379804,0.0
2548,1.1263367105322926,0.0,1.1474830238644507,0.0,1.157520044061862,0.0
2549,1.1263465677669775,0.0,1.1473149867002825,0.0,1.1573507386115702,0.0
2550,1.1271347344011622,0.0,1.1489317004606685,0.0,1.1589344994072832,0.0
2551,1.126855947187728,0.0,1.147429589502772,0.0,1.1581739646606308,0.0
2552,1.1265904105691096,0.0,1.1452876926504942,0.0,1.156100582058389,0.0
2553,1.1263826506879147,0.0,1.1441189237632001,0.0,1.1540296750380727,0.0
2554,1.1262635611877407,0.0,1.1438088351804303,0.0,1.1537487751104587,0.0
2555,1.1261433030126582,0.0,1.14357696986882,0.0,1.1534603803022967,0.0
2556,1.126000303581808,0.0,1.143145744922984,0.0,1.1529174257536214,0.0
2557,1.1258705202518275,0.0,1.1426346115240975,0.0,1.1523185307292168,0.0
2558,1.1257421976018682,0.0,1.142483877202658,0.0,1.1521234194762915,0.0
2559,1.1255948713667412,0.0,1.1418203969569964,0.0,1.1515004968247948,0.0
2560,1.1254545245490193,0.0,1.1413741015492371,0.0,1.1510493304683467,0.0
2561,1.1253020305757373,0.0,1.1408623951437686,0.0,1.150443010501748,0.0
2562,1.1252305537831842,0.0,1.1404335747158878,0.0,1.1498527172510584,0.0
2563,1.1258550393633424,0.0,1.145919799238878,0.0,1.156008921412231,0.0
2564,1.1260049726761692,0.0,1.145650022919017,0.0,1.1558332351878788,0.0
2565,1.126128644974175,0.0,1.146423118080344,0.0,1.1569271761871849,0.0
2566,1.1261858029317033,0.0,1.1463428385867327,0.0,1.1569468878725344,0.0
2567,1.1262103085306232,0.0,1.1467240457323389,0.0,1.1567539544570493,0.0
2568,1.1262384336805056,0.0,1.1469258543096008,0.0,1.1569573098141424,0.0
2569,1.1262666377897579,0.0,1.1472354878913216,0.0,1.1572666936543166,0.0
2570,1.1262907580607535,0.0,1.1472125317733373,0.0,1.1572433374236686,0.0
2571,1.126315877212997,0.0,1.147318955683013,0.0,1.157348437442619,0.0
2572,1.1263413398260345,0.0,1.1473730246203089,0.0,1.1574000862188238,0.0
2573,1.12635901573322,0.0,1.147277724385013,0.0,1.157305964070665,0.0
2574,1.126837601177688,0.0,1.1486032437332876,0.0,1.1586079323878222,0.0
2575,1.126597245210793,0.0,1.1455927454798,0.0,1.156775362302329,0.0
2576,1.1263164352646549,0.0,1.143868525181815,0.0,1.1545799956260814,0.0
2577,1.1260688223709088,0.0,1.1426732916260884,0.0,1.152608129136863,0.0
2578,1.125885975120088,0.0,1.1423813363754962,0.0,1.1522034837010875,0.0
2579,1.1257259656120178,0.0,1.1421338665200595,0.0,1.1519498428669535,0.0
2580,1.1255581806757238,0.0,1.1417701834757583,0.0,1.1515149916497738,0.0
2581,1.1253543965714679,0.0,1.1410370204428533,0.0,1.1506684190616494,0.0
2582,1.1251404179530375,0.0,1.1408800414905556,0.0,1.1503024698016835,0.0
2583,1.124897660686445,0.0,1.1402640226933354,0.0,1.1495367297674361,0.0
2584,1.124636504662746,0.0,1.1396788560765927,0.0,1.148837733997502,0.0
2585,1.1243539229664816,0.0,1.1391527909712442,0.0,1.1480569303525292,0.0
2586,1.1241785880313144,0.0,1.1383927305300607,0.0,1.147277551729021,0.0
2587,1.1252579600875483,0.0,1.1445511111996882,0.0,1.1530975460671458,0.0
2588,1.1255562492817732,0.0,1.144530685233014,0.0,1.1540369638100043,0.0
2589,1.125776697909418,0.0,1.1459969414149673,0.0,1.1562394357469088,0.0
2590,1.1258815269823406,0.0,1.1458285462628062,0.0,1.1561902166471354,0.0
2591,1.1259582921206044,0.0,1.1462254697289995,0.0,1.156259433527575,0.0
2592,1.126018810180481,0.0,1.1464459224723282,0.0,1.1564806765520137,0.0
2593,1.1260741136496277,0.0,1.1468285366788538,0.0,1.1568622941976472,0.0
2594,1.1261190577845628,0.0,1.1467800638215397,0.0,1.1568125788228683,0.0
2595,1.1261624365259406,0.0,1.1469329354124815,0.0,1.1569641277151745,0.0
2596,1.1262034712940932,0.0,1.1470607524136858,0.0,1.1570902581093825,0.0
2597,1.1262357954082007,0.0,1.1469345871646115,0.0,1.1569632466528863,0.0
2598,1.126532756293967,0.0,1.1482168873804253,0.0,1.1582245963383073,0.0
2599,1.1262845842258251,0.0,1.1443158316459248,0.0,1.1553485004044892,0.0
2600,1.1259587586470166,0.0,1.1425542654258707,0.0,1.1530592184715547,0.0
2601,1.1256849665153985,0.0,1.1417477563675649,0.0,1.1514431171618575,0.0
2602,1.125467327957509,0.0,1.1414798962331552,0.0,1.1509905327625884,0.0
2603,1.1252805701317887,0.0,1.1412082586704742,0.0,1.1507140515390204,0.0
2604,1.1250668659097132,0.0,1.1408004464264478,0.0,1.150190510262283,0.0
2605,1.124805882279002,0.0,1.1400693705698,0.0,1.1492786681556038,0.0
2606,1.1245479014080868,0.0,1.1398572776401459,0.0,1.1488909291614033,0.0
2607,1.1242803547109599,0.0,1.1391715055089708,0.0,1.1481680088259838,0.0
2608,1.1239727362419376,0.0,1.138615715028013,0.0,1.1474751023576475,0.0
2609,1.1236919689783906,0.0,1.1380811186521718,0.0,1.1467873167934137,0.0
2610,1.1235638023416565,0.0,1.1373553199855404,0.0,1.1461453838709443,0.0
2611,1.1249025421017458,0.0,1.1439922489754097,0.0,1.1523905880023049,0.0
2612,1.1252801201308527,0.0,1.14399163864136,0.0,1.153550372326992,0.0
2613,1.1255318007187969,0.0,1.1454004935912148,0.0,1.1555304350725037,0.0
2614,1.1256647101851764,0.0,1.1454265591854098,0.0,1.1556289929686245,0.0
2615,1.1257677830475783,0.0,1.145873797823885,0.0,1.155911535786469,0.0
2616,1.1258451309918558,0.0,1.146124296676039,0.0,1.1561633432009417,0.0
2617,1.125914327536046,0.0,1.1465649265046924,0.0,1.1566031724279735,0.0
2618,1.125967641682307,0.0,1.1464768537672612,0.0,1.15651462259342,0.0
2619,1.1260165848952217,0.0,1.146620130166323,0.0,1.1566564406262971,0.0
2620,1.1260613785982367,0.0,1.146745728322527,0.0,1.15678198064455,0.0
2621,1.1260974597583555,0.0,1.1465959238713472,0.0,1.1566307330359265,0.0
2622,1.1262658999213149,0.0,1.147786576016482,0.0,1.1578002337378819,0.0
2623,1.1259694687135366,0.0,1.1428929235590166,0.0,1.1536395836525908,0.0
2624,1.125688159598506,0.0,1.1416800499045574,0.0,1.1520756011616327,0.0
2625,1.1254554691488194,0.0,1.1412031330807089,0.0,1.1509149752379677,0.0
2626,1.1253171788377467,0.0,1.141068466115416,0.0,1.1507997357441635,0.0
2627,1.125183245017665,0.0,1.1409352169540237,0.0,1.1506874810510817,0.0
2628,1.1250163699143687,0.0,1.1405970487062984,0.0,1.1502849713908818,0.0
2629,1.1248673100493054,0.0,1.140153349894119,0.0,1.1497755805551604,0.0
2630,1.1247208342397061,0.0,1.1400157721926125,0.0,1.1496296966665633,0.0
2631,1.1245587126816339,0.0,1.1394742762352572,0.0,1.1490924511260363,0.0
2632,1.1244506434629322,0.0,1.1392839327281101,0.0,1.1488839281488392,0.0
2633,1.1242967545008125,0.0,1.1387787094760342,0.0,1.1483170069435964,0.0
2634,1.1242250796743296,0.0,1.138216258701123,0.0,1.1476717397233143,0.0
2635,1.1252711591906368,0.0,1.145305194146237,0.0,1.155380760571034,0.0
2636,1.125523807140576,0.0,1.1449613475519178,0.0,1.155032196429085,0.0
2637,1.1256945748600888,0.0,1.1459686324533334,0.0,1.156117515042465,0.0
2638,1.1257905258681564,0.0,1.1458648993157705,0.0,1.1561777243554552,0.0
2639,1.125863385984797,0.0,1.1462409334216739,0.0,1.1562785219138096,0.0
2640,1.1259183303584261,0.0,1.146432497510606,0.0,1.1564734224651174,0.0
2641,1.1259711854323793,0.0,1.146923646204041,0.0,1.156965399549367,0.0
2642,1.1260123092987846,0.0,1.146843675935813,0.0,1.1568857584720118,0.0
2643,1.1260493646147665,0.0,1.1469538790521254,0.0,1.1569951114593304,0.0
2644,1.1260853339044308,0.0,1.1470785616244414,0.0,1.157119939949788,0.0
2645,1.1261152044988012,0.0,1.1468821603151387,0.0,1.1569206146688271,0.0
2646,1.126264968517245,0.0,1.147813657816917,0.0,1.1578285260782777,0.0
2647,1.1259393056331553,0.0,1.1424709748063344,0.0,1.153061236630948,0.0
2648,1.1256320274393972,0.0,1.1412225318468563,0.0,1.1514763561495311,0.0
2649,1.1253452401169555,0.0,1.1410367753183095,0.0,1.1504829858054195,0.0
2650,1.1251657528271297,0.0,1.1407289004432917,0.0,1.1502433079033925,0.0
2651,1.1250292961560928,0.0,1.1405104973017282,0.0,1.150173752799896,0.0
2652,1.12485701410947,0.0,1.1401781682752423,0.0,1.1497947739598646,0.0
2653,1.1246795173658826,0.0,1.1395495190763307,0.0,1.149145755814004,0.0
2654,1.1244659031848823,0.0,1.1394460010860052,0.0,1.1488571129700331,0.0
2655,1.1241980770025517,0.0,1.138878378521209,0.0,1.148102850790656,0.0
2656,1.1239436908250422,0.0,1.1383813303949988,0.0,1.1475198711581793,0.0
2657,1.1237054954159174,0.0,1.1378108889199992,0.0,1.1468881297335993,0.0
2658,1.123705800293462,0.0,1.1372482290310735,0.0,1.1465185753540308,0.0
2659,1.124993109799121,0.0,1.1444443159261517,0.0,1.1544973190674788,0.0
2660,1.1253167689172532,0.0,1.1444521600756805,0.0,1.1545246814284331,0.0
2661,1.1255316847724086,0.0,1.1457224683282168,0.0,1.1558548926541181,0.0
2662,1.1256521475743824,0.0,1.1456445969261508,0.0,1.1558748132171404,0.0
2663,1.1257487729263143,0.0,1.146046198635565,0.0,1.1560824825044032,0.0
2664,1.1258248914140272,0.0,1.1462892355479033,0.0,1.1563253880686686,0.0
2665,1.1259001950729293,0.0,1.146815684528793,0.0,1.156850219118431,0.0
2666,1.1259593860205777,0.0,1.1467919755915712,0.0,1.156825046556358,0.0
2667,1.126009911317031,0.0,1.1468831002798678,0.0,1.1569151253800969,0.0
2668,1.126059706813388,0.0,1.1470239839023613,0.0,1.1570550365898196,0.0
2669,1.1261014134581886,0.0,1.1469402781439597,0.0,1.1569695020885962,0.0
2670,1.1261493594646204,0.0,1.1469777625185476,0.0,1.157014383868777,0.0
2671,1.1262812373652498,0.0,1.1458549167911916,0.0,1.1570067469294678,0.0
2672,1.126509410824224,0.0,1.1475118789127314,0.0,1.1579669642877837,0.0
2673,1.1263118675271921,0.0,1.1450303305465304,0.0,1.1556179522169232,0.0
2674,1.1261559204698095,0.0,1.1438460732996345,0.0,1.1541926586086542,0.0
2675,1.1260177335978239,0.0,1.1432270290023052,0.0,1.153436317298832,0.0
2676,1.12591339476433,0.0,1.142804185627357,0.0,1.152962519192493,0.0
2677,1.1258273276041022,0.0,1.1424810653805642,0.0,1.1526060820860364,0.0
2678,1.125749233859518,0.0,1.1421790586662544,0.0,1.1522629451815305,0.0
2679,1.125681540113554,0.0,1.1419945075293874,0.0,1.152127643870281,0.0
2680,1.1259931858376255,0.0,1.145563766645712,0.0,1.1557195906333744,0.0
2681,1.1260262660851232,0.0,1.1448287096614924,0.0,1.1550272076029198,0.0
2682,1.1261219829482672,0.0,1.145676306054954,0.0,1.1560670363211756,0.0
2683,1.1261462753422862,0.0,1.1455039243289045,0.0,1.1555364384003142,0.0
2684,1.1261759313186182,0.0,1.1456893931196817,0.0,1.1557223476542606,0.0
2685,1.1262255398680527,0.0,1.1465525381929667,0.0,1.1565861084192217,0.0
2686,1.126251380240984,0.0,1.1466326971574508,0.0,1.156671378020998,0.0
2687,1.1262826038033564,0.0,1.1469656577481602,0.0,1.156992258721381,0.0
2688,1.1263037837393806,0.0,1.1471520150742907,0.0,1.157176871445412,0.0
2689,1.1263300324862662,0.0,1.147350249303753,0.0,1.1573837682530974,0.0
2690,1.1263609302142257,0.0,1.1473352630957612,0.0,1.1574620693329756,0.0
2691,1.1264000794931153,0.0,1.1473701258247868,0.0,1.1575912851248,0.0
2692,1.1264405472394305,0.0,1.1474283906141842,0.0,1.1576734779463764,0.0
2693,1.1264779269400917,0.0,1.1474061116408252,0.0,1.1577144809828872,0.0
2694,1.126519779827395,0.0,1.1474431234013132,0.0,1.1577439744151548,0.0
2695,1.1265051933111028,0.0,1.1465724876469399,0.0,1.1569509788847057,0.0
2696,1.1264732031360152,0.0,1.1460554402234426,0.0,1.1563497678469858,0.0
2697,1.12646269830004,0.0,1.146017082302124,0.0,1.1562565294762792,0.0
2698,1.1264498134377323,0.0,1.1460453799165484,0.0,1.1562015133640404,0.0
2699,1.126429362791358,0.0,1.1459932667848018,0.0,1.1560806306838223,0.0
2700,1.1263971098645877,0.0,1.145768546610128,0.0,1.1558047106648615,0.0
2701,1.1263692909237588,0.0,1.1455911387014985,0.0,1.1556133312036982,0.0
2702,1.1263475759905381,0.0,1.145472156534252,0.0,1.1554991527511371,0.0
2703,1.1263229146666982,0.0,1.1452972464663558,0.0,1.155318322393507,0.0
2704,1.1263100540715802,0.0,1.1452610317513547,0.0,1.1552782129955992,0.0
2705,1.126302039949506,0.0,1.1452489214096604,0.0,1.155271647205445,0.0
2706,1.1263500436880878,0.0,1.1461783176679845,0.0,1.1562283485750255,0.0
2707,1.1263676300351082,0.0,1.1461955702871407,0.0,1.1563094261004647,0.0
2708,1.1263899276320088,0.0,1.1464333987245698,0.0,1.1566685562068886,0.0
2709,1.126435129597215,0.0,1.1471847936628237,0.0,1.157512654568076,0.0
2710,1.1264579915928767,0.0,1.1472316539635674,0.0,1.1575842839871533,0.0
2711,1.126493399565878,0.0,1.1473781328091683,0.0,1.1577404215392217,0.0
2712,1.1265152865744505,0.0,1.1474761404523044,0.0,1.1578223346029224,0.0
2713,1.1265347623242659,0.0,1.1475134775808742,0.0,1.1578848423563162,0.0
2714,1.1265560744861551,0.0,1.1475597656862078,0.0,1.1579107160647157,0.0
2715,1.126582613846157,0.0,1.1475802195361973,0.0,1.1579614555609963,0.0
2716,1.1266066488462747,0.0,1.1476219362617908,0.0,1.157984479247019,0.0
2717,1.126616065063379,0.0,1.1474748638300005,0.0,1.1579333719551999,0.0
2718,1.127579326848443,0.0,1.1491009825995881,0.0,1.1591520566464177,0.0
2719,1.1274858906040446,0.0,1.1479897746937446,0.0,1.1588212323227387,0.0
2720,1.1271180902330722,0.0,1.1468444621223153,0.0,1.1579732471065305,0.0
2721,1.126849628566725,0.0,1.1458578729290394,0.0,1.1565091380851549,0.0
2722,1.12666319816949,0.0,1.1450801314722345,0.0,1.15549943962142,0.0
2723,1.1264990056432704,0.0,1.1444409308391457,0.0,1.1546429162938319,0.0
2724,1.1263288258903035,0.0,1.1437031549376364,0.0,1.1537287935164457,0.0
2725,1.1261450407118192,0.0,1.1428820415160028,0.0,1.1527691651056746,0.0
2726,1.1259646644846835,0.0,1.1426735609304364,0.0,1.1523657850441302,0.0
2727,1.1257489890618497,0.0,1.1419312121744551,0.0,1.1514980629162304,0.0
2728,1.125539703594203,0.0,1.1412610008017123,0.0,1.1508202233873839,0.0
2729,1.125354163364558,0.0,1.1407825799202596,0.0,1.1501686171248342,0.0
2730,1.1252025325112152,0.0,1.1400665889106796,0.0,1.149334620968649,0.0
2731,1.1258682629715981,0.0,1.1453585103541937,0.0,1.1552629629164308,0.0
2732,1.1260190068702862,0.0,1.1451409237888432,0.0,1.1552425159029902,0.0
2733,1.1261462817220957,0.0,1.1463219686645312,0.0,1.1567574011411081,0.0
2734,1.1262064602350563,0.0,1.1462660263986713,0.0,1.1568834394312248,0.0
2735,1.1262304717137792,0.0,1.1466054257817837,0.0,1.15663739611083,0.0
2736,1.1262584713845902,0.0,1.1468035101061165,0.0,1.1568340282476817,0.0
2737,1.1262903727504545,0.0,1.1471254480925843,0.0,1.157155901773205,0.0
2738,1.1263184487453461,0.0,1.1470923590456652,0.0,1.1571201963712534,0.0
2739,1.126347951395062,0.0,1.1471963189224612,0.0,1.1572227504597246,0.0
2740,1.1263792501720096,0.0,1.1472423506499996,0.0,1.1572771880301245,0.0
2741,1.1264066397603412,0.0,1.1471426313580784,0.0,1.1572648599032234,0.0
2742,1.1269300219709486,0.0,1.1485931459734249,0.0,1.1586309851702903,0.0
2743,1.1267422734641745,0.0,1.146060249262689,0.0,1.157317110359106,0.0
2744,1.1264209819045061,0.0,1.144206507518399,0.0,1.1549724544860833,0.0
2745,1.126130536035851,0.0,1.1427142605983807,0.0,1.1526428870015808,0.0
2746,1.1258735618186353,0.0,1.142347605565299,0.0,1.1518922173038604,0.0
2747,1.1256675965452696,0.0,1.1419701741768609,0.0,1.1515224473001038,0.0
2748,1.1254547101792909,0.0,1.1414961528887109,0.0,1.1509812660428236,0.0
2749,1.1252402513155386,0.0,1.1407253379677764,0.0,1.1501822585100805,0.0
2750,1.1250387821488144,0.0,1.1405373923631996,0.0,1.1499093982949047,0.0
2751,1.1248005096617726,0.0,1.1398688961500825,0.0,1.1491724076068555,0.0
2752,1.124594723719666,0.0,1.1393192627006294,0.0,1.148659335412368,0.0
2753,1.1243543386988937,0.0,1.1387726885611087,0.0,1.147961333812488,0.0
2754,1.1242261841455936,0.0,1.1381206336873757,0.0,1.147279030697294,0.0
2755,1.1253291360493711,0.0,1.1445068545215755,0.0,1.1543423105072022,0.0
2756,1.1255909079296371,0.0,1.1442442336593583,0.0,1.154310926058822,0.0
2757,1.125773070725769,0.0,1.1457718387963658,0.0,1.1558680763247033,0.0
2758,1.1258659846776422,0.0,1.1457153790709254,0.0,1.1558742677329994,0.0
2759,1.1259417840368255,0.0,1.146151979105201,0.0,1.1561919516302561,0.0
2760,1.1259988126653337,0.0,1.1463782371224065,0.0,1.1564185897535053,0.0
2761,1.1260521571815114,0.0,1.146785645421039,0.0,1.156825058968476,0.0
2762,1.126095565746927,0.0,1.1466898640192094,0.0,1.1567260117572817,0.0
2763,1.1261386935726192,0.0,1.146832781059747,0.0,1.156867307497237,0.0
2764,1.1261806937867935,0.0,1.146969332630782,0.0,1.157001362128991,0.0
2765,1.1262147817950194,0.0,1.1468338199054922,0.0,1.156864366894467,0.0
2766,1.126474530860746,0.0,1.1481380033239281,0.0,1.158146788277666,0.0
2767,1.1262329814582601,0.0,1.144101187127263,0.0,1.1550988235169843,0.0
2768,1.1259094968203145,0.0,1.1423355121478256,0.0,1.1527991928620966,0.0
2769,1.1256270228960943,0.0,1.1414903823031548,0.0,1.151190509276216,0.0
2770,1.125369881457938,0.0,1.1411497153253856,0.0,1.1505648136145135,0.0
2771,1.1251597738850725,0.0,1.1408311352824527,0.0,1.1502437141991295,0.0
2772,1.1249158813688498,0.0,1.140387241917725,0.0,1.1496754672600717,0.0
2773,1.124660788926315,0.0,1.1396205490362141,0.0,1.1488326348332616,0.0
2774,1.1244141964982388,0.0,1.1393952253110617,0.0,1.1485125460693664,0.0
2775,1.1241241454378346,0.0,1.1387359854297237,0.0,1.1477595861466532,0.0
2776,1.123878176880219,0.0,1.1382504142028804,0.0,1.1472699636146033,0.0
2777,1.1236832222762598,0.0,1.1378152160422563,0.0,1.1467927434442418,0.0
2778,1.1236172532763136,0.0,1.1371551734929741,0.0,1.1462567106434456,0.0
2779,1.1249837195521468,0.0,1.1441810247793889,0.0,1.1542468775456667,0.0
2780,1.1253121843981995,0.0,1.1440012023842614,0.0,1.1540791154882535,0.0
2781,1.1255294925246986,0.0,1.1454166300304685,0.0,1.1555108313703508,0.0
2782,1.1256449315010593,0.0,1.1452813023436514,0.0,1.155343072713534,0.0
2783,1.1257426145164589,0.0,1.1458204634748774,0.0,1.1558676894230793,0.0
2784,1.1258162159555585,0.0,1.1460848591643353,0.0,1.1561315749806034,0.0
2785,1.1258827828369427,0.0,1.14657102210654,0.0,1.1566176148699345,0.0
2786,1.1259353846826723,0.0,1.1464344056579825,0.0,1.1564779762150097,0.0
2787,1.1259853984446968,0.0,1.1465890031039385,0.0,1.1566301794492053,0.0
2788,1.126032625159033,0.0,1.1467308135980487,0.0,1.1567703565711824,0.0
2789,1.1260712056030864,0.0,1.1465603918291594,0.0,1.156596948226289,0.0
2790,1.1262005323578799,0.0,1.1475773138346383,0.0,1.157594950371529,0.0
2791,1.1259012635245416,0.0,1.1425371045249242,0.0,1.1531959971137014,0.0
2792,1.1255917694816564,0.0,1.1411705692741618,0.0,1.151437280743865,0.0
2793,1.1252882520111258,0.0,1.1408153954645033,0.0,1.1502929616095792,0.0
2794,1.1250198830983373,0.0,1.140500753349562,0.0,1.149735331519891,0.0
2795,1.1247944043227218,0.0,1.1401691812143309,0.0,1.1494203306322526,0.0
2796,1.1245330934603641,0.0,1.1397525308349112,0.0,1.1488590452051473,0.0
2797,1.1243467254337989,0.0,1.138904944539426,0.0,1.1482394229862165,0.0
2798,1.1241058385009075,0.0,1.1387476030735413,0.0,1.1479351854573439,0.0
2799,1.1238090135249148,0.0,1.1382111290361243,0.0,1.1472447529426926,0.0
2800,1.1234247193102578,0.0,1.1377346203034409,0.0,1.1465008383544246,0.0
2801,1.1230974430786538,0.0,1.137292688445672,0.0,1.1458119437845447,0.0
2802,1.1230470038483842,0.0,1.1365989837054602,0.0,1.1453464421659838,0.0
2803,1.124593184268717,0.0,1.1434918250819899,0.0,1.1521361688814808,0.0
2804,1.1249935824199702,0.0,1.1432593835568916,0.0,1.152680098397074,0.0
2805,1.1252942489854352,0.0,1.1450197324699434,0.0,1.1551137864148064,0.0
2806,1.1254430717897315,0.0,1.1448421646566496,0.0,1.1549055428959754,0.0
2807,1.1255655829757947,0.0,1.1454702505154915,0.0,1.1555189430358648,0.0
2808,1.1256560890161043,0.0,1.1457690212768448,0.0,1.1558201108523098,0.0
2809,1.1257360660243267,0.0,1.1462915497764101,0.0,1.156341259310764,0.0
2810,1.1258002583891689,0.0,1.1461689445617609,0.0,1.156214893997324,0.0
2811,1.1258614642717422,0.0,1.1463209331139663,0.0,1.1563631279486164,0.0
2812,1.125919649537268,0.0,1.1464853598743068,0.0,1.1565237803155684,0.0
2813,1.125964967873946,0.0,1.1463404041645129,0.0,1.1563772972113564,0.0
2814,1.126054289098926,0.0,1.1470764381474197,0.0,1.1571011419150168,0.0
2815,1.1257379076480334,0.0,1.1419903816183268,0.0,1.1525760872361166,0.0
2816,1.1254469448787305,0.0,1.1408614152293948,0.0,1.1511168641027238,0.0
2817,1.125192921184156,0.0,1.1405619900041741,0.0,1.1502020822541752,0.0
2818,1.1250008719207472,0.0,1.1402384191295771,0.0,1.1498659135002476,0.0
2819,1.12482677415249,0.0,1.1400359478706177,0.0,1.1496783332295146,0.0
2820,1.1246347507920782,0.0,1.1397212886202237,0.0,1.1492892776906523,0.0
2821,1.1244858365666845,0.0,1.1392080605673123,0.0,1.1488007164420126,0.0
2822,1.1243100692458372,0.0,1.1390814659384816,0.0,1.148613446674976,0.0
2823,1.1241098649487677,0.0,1.1385001461099278,0.0,1.1480142670968891,0.0
2824,1.1239377076784562,0.0,1.138133116197336,0.0,1.1476220554184569,0.0
2825,1.1237601998772297,0.0,1.1376691696782328,0.0,1.1470873175240266,0.0
2826,1.1237116600970487,0.0,1.1372172145257802,0.0,1.14656950739816,0.0
2827,1.124973366199231,0.0,1.1449438088316495,0.0,1.1550248139397004,0.0
2828,1.1252781355630694,0.0,1.14451758867371,0.0,1.1545917907655052,0.0
2829,1.125481047138274,0.0,1.145640951602492,0.0,1.1557622698065448,0.0
2830,1.1256041650927633,0.0,1.1455808975498545,0.0,1.15595413373544,0.0
2831,1.1256964156096396,0.0,1.145985208036871,0.0,1.1560227697488992,0.0
2832,1.125767256374792,0.0,1.1461883126677248,0.0,1.156226506044498,0.0
2833,1.1258314919949954,0.0,1.1466226556691073,0.0,1.1566632881678875,0.0
2834,1.1258831897916723,0.0,1.1465771245285055,0.0,1.1566157997294269,0.0
2835,1.1259315133837284,0.0,1.1467354901339109,0.0,1.1567748355552738,0.0
2836,1.1259801224645598,0.0,1.1469582324171166,0.0,1.1569948919719482,0.0
2837,1.1260167920766164,0.0,1.1467991854907276,0.0,1.1568361282363668,0.0
2838,1.1260564884491486,0.0,1.1467565252553256,0.0,1.1568024429033383,0.0
2839,1.1261188051809383,0.0,1.1453971573655504,0.0,1.15636027269905,0.0
2840,1.1262974453623396,0.0,1.1473370573227284,0.0,1.1576989063471508,0.0
2841,1.1260912542698924,0.0,1.1437916364087322,0.0,1.1540122000131745,0.0
2842,1.1259581056054928,0.0,1.1428973752266172,0.0,1.1529855438646959,0.0
2843,1.1258057427381618,0.0,1.1422256422464974,0.0,1.1522667953825003,0.0
2844,1.1256892260735347,0.0,1.1417367436789527,0.0,1.1517826242367735,0.0
2845,1.1255895811281147,0.0,1.1413413581093939,0.0,1.1513825391431345,0.0
2846,1.1254989359659562,0.0,1.1410200985695966,0.0,1.1510594970927477,0.0
2847,1.1254268191045274,0.0,1.1408282533955316,0.0,1.150861077162685,0.0
2848,1.1257972540854417,0.0,1.1450193122058787,0.0,1.1550664855444162,0.0
2849,1.125841647232101,0.0,1.1441796135705156,0.0,1.1542236062408282,0.0
2850,1.1259441824217513,0.0,1.1451838909546286,0.0,1.1553298578565798,0.0
2851,1.1259965830982988,0.0,1.145129598399219,0.0,1.155169762930563,0.0
2852,1.1260352811244834,0.0,1.1453155465914728,0.0,1.1553549811823467,0.0
2853,1.126087873039486,0.0,1.1461993297007644,0.0,1.156239259672955,0.0
2854,1.1261195344494337,0.0,1.1463422263697396,0.0,1.1563891805767026,0.0
2855,1.1261525506353816,0.0,1.1467058496137983,0.0,1.156737809908033,0.0
2856,1.126169883785863,0.0,1.1468521437596093,0.0,1.1568846877223578,0.0
2857,1.1261943657654254,0.0,1.1472539037121994,0.0,1.1572826942689736,0.0
2858,1.126213476553751,0.0,1.1472138639670102,0.0,1.1572418247010012,0.0
2859,1.126231851358415,0.0,1.1472895177536289,0.0,1.1573165827150842,0.0
2860,1.1262605827539307,0.0,1.147397529232249,0.0,1.15742090598334,0.0
2861,1.1262797260047086,0.0,1.147346853710142,0.0,1.1573695745050117,0.0
2862,1.1263033381233256,0.0,1.147325827195591,0.0,1.1573566034794696,0.0
2863,1.1262962855737928,0.0,1.1458358345593356,0.0,1.155900047273643,0.0
2864,1.1262760085064112,0.0,1.145269054905697,0.0,1.1553396734292314,0.0
2865,1.1262694245025116,0.0,1.145331127201051,0.0,1.1553488520507302,0.0
2866,1.12628024323284,0.0,1.145588959891497,0.0,1.1556383552122393,0.0
2867,1.1262805872207917,0.0,1.145669415346622,0.0,1.1556924492264653,0.0
2868,1.126263286657606,0.0,1.1454810608469363,0.0,1.1555014855234664,0.0
2869,1.126247641066697,0.0,1.145344938397119,0.0,1.1553657647925972,0.0
2870,1.1262336780895517,0.0,1.1452352193689346,0.0,1.155262347687067,0.0
2871,1.126223790618044,0.0,1.1451913564153586,0.0,1.155213047966482,0.0
2872,1.1262315020671663,0.0,1.145329785989897,0.0,1.155346132373182,0.0
2873,1.1262288943613328,0.0,1.1452699640952133,0.0,1.1552869089772853,0.0
2874,1.1262764675096688,0.0,1.1461400700189892,0.0,1.156164417602271,0.0
2875,1.126311719232829,0.0,1.1463276472442683,0.0,1.1565424938596505,0.0
2876,1.126337756663538,0.0,1.146514624257627,0.0,1.1568042047919174,0.0
2877,1.1263800467726246,0.0,1.1471804261731495,0.0,1.157480379764688,0.0
2878,1.1264129309576771,0.0,1.1472413089879454,0.0,1.1575912767054708,0.0
2879,1.126450619383062,0.0,1.1473762314687397,0.0,1.1577319626666018,0.0
2880,1.1264632753307575,0.0,1.1474749747929485,0.0,1.1577846647343124,0.0
2881,1.1264915535015427,0.0,1.147521920770657,0.0,1.1578765913833091,0.0
2882,1.1265144180418862,0.0,1.14756511966618,0.0,1.1579064728473825,0.0
2883,1.1265300086633967,0.0,1.1475885632490181,0.0,1.1579426194875062,0.0
2884,1.1265466428507112,0.0,1.147631291113238,0.0,1.157961138547472,0.0
2885,1.1265472103804492,0.0,1.1474831136903796,0.0,1.157887038252084,0.0
2886,1.127490799239232,0.0,1.1490666962904685,0.0,1.159108005051085,0.0
2887,1.127379959740537,0.0,1.1479084826825832,0.0,1.1587460215665426,0.0
2888,1.1270070176044364,0.0,1.146657652366209,0.0,1.1577693944334986,0.0
2889,1.1267608448421618,0.0,1.1457231505572374,0.0,1.1563427991745854,0.0
2890,1.1265805671421085,0.0,1.1449193547255891,0.0,1.1552850940666752,0.0
2891,1.1264348839765592,0.0,1.1444101767434007,0.0,1.1545782273331364,0.0
2892,1.1262879598592839,0.0,1.1438542634760147,0.0,1.1538523389845967,0.0
2893,1.1261079745881517,0.0,1.1429663443064515,0.0,1.1528333014462797,0.0
2894,1.1259642694642853,0.0,1.142850552099165,0.0,1.1526145215107813,0.0
2895,1.1258059200169042,0.0,1.1421444476729952,0.0,1.1519437593028323,0.0
2896,1.125623286061257,0.0,1.141449917266415,0.0,1.15124466537761,0.0
2897,1.1254562827613444,0.0,1.140966383611992,0.0,1.1506276056035105,0.0
2898,1.125333469694543,0.0,1.1403707027007606,0.0,1.1498207304219288,0.0
2899,1.1259015566557218,0.0,1.1454662013392622,0.0,1.155390183240952,0.0
2900,1.1260177254662187,0.0,1.1450277589124553,0.0,1.1550027003145829,0.0
2901,1.1261562333011002,0.0,1.1467551538806977,0.0,1.1572075669142767,0.0
2902,1.1262038118820732,0.0,1.1462889235676084,0.0,1.1569207322548811,0.0
2903,1.1262208356897236,0.0,1.146648376444512,0.0,1.156680050159315,0.0
2904,1.126243669296532,0.0,1.1468396069106084,0.0,1.156870448526901,0.0
2905,1.1262699755348586,0.0,1.14716890491285,0.0,1.1572002362688378,0.0
2906,1.1262919529188646,0.0,1.1471228677577117,0.0,1.1571524192571145,0.0
2907,1.1263159899880046,0.0,1.1472299033218696,0.0,1.1572582536118563,0.0
2908,1.1263402709527617,0.0,1.147281884888344,0.0,1.1573080671347458,0.0
2909,1.1263553977223384,0.0,1.1471896870223663,0.0,1.1572164303260697,0.0
2910,1.1268543090181466,0.0,1.1486089692998118,0.0,1.1586142201910232,0.0
2911,1.1266110752453686,0.0,1.14569072465411,0.0,1.1569168216925467,0.0
2912,1.126293794598556,0.0,1.143679534511947,0.0,1.1543534431495732,0.0
2913,1.1260208298558059,0.0,1.1424316885265642,0.0,1.1522835393534834,0.0
2914,1.1258078760227235,0.0,1.142018608557174,0.0,1.151741742743477,0.0
2915,1.1256180029867675,0.0,1.1417171136388884,0.0,1.1514085360019477,0.0
2916,1.1254086219111616,0.0,1.141263105540391,0.0,1.1508493472341557,0.0
2917,1.1251729739382124,0.0,1.1405356227833594,0.0,1.149965935411561,0.0
2918,1.1249327095106705,0.0,1.1403774120537007,0.0,1.1496004414868362,0.0
2919,1.124698480471661,0.0,1.1397189107349475,0.0,1.148926160062363,0.0
2920,1.1244611158879307,0.0,1.1392089459303354,0.0,1.148358549301325,0.0
2921,1.1243104130980925,0.0,1.1386630033470526,0.0,1.1479147208661853,0.0
2922,1.1241349562458096,0.0,1.138035594264313,0.0,1.147119665429894,0.0
2923,1.125251038123434,0.0,1.144355108607058,0.0,1.1539518836432858,0.0
2924,1.1255173310670141,0.0,1.1440012396877333,0.0,1.153995288775913,0.0
2925,1.1257068627396054,0.0,1.1455605700479943,0.0,1.155652962233117,0.0
2926,1.1257995461599957,0.0,1.1454958816850354,0.0,1.1555584321147712,0.0
2927,1.1258773606371701,0.0,1.1460214028593219,0.0,1.156067358349841,0.0
2928,1.1259343560938122,0.0,1.1462688475152045,0.0,1.1563156568053945,0.0
2929,1.1259854586546771,0.0,1.1467547155148419,0.0,1.1568020846323854,0.0
2930,1.126026676246519,0.0,1.1465759249539755,0.0,1.1566198595153236,0.0
2931,1.1260661455086833,0.0,1.146696452253396,0.0,1.156737597782208,0.0
2932,1.1261052479171882,0.0,1.146825037009659,0.0,1.156864075443035,0.0
2933,1.1261389516189337,0.0,1.1466699276749868,0.0,1.1567050895936666,0.0
2934,1.1263762542118059,0.0,1.1481038103552845,0.0,1.1581138023224684,0.0
2935,1.1260574774452214,0.0,1.142983997821867,0.0,1.153656336699603,0.0
2936,1.1257169209439928,0.0,1.1413068778045754,0.0,1.1515225880852857,0.0
2937,1.1253792299121697,0.0,1.1411401383408841,0.0,1.1503792270275508,0.0
2938,1.1251185700986086,0.0,1.1407639581308655,0.0,1.1498681504285593,0.0
2939,1.1248768016332173,0.0,1.1403926367331134,0.0,1.1494905586770436,0.0
2940,1.1245839820088868,0.0,1.1399515926319526,0.0,1.1488663916799435,0.0
2941,1.1242858942483862,0.0,1.1391859602191419,0.0,1.1480774789494272,0.0
2942,1.1239723980134275,0.0,1.1388944416651268,0.0,1.1477006769320528,0.0
2943,1.1236312656223741,0.0,1.1382274765930525,0.0,1.1469402054712694,0.0
2944,1.1232503822099298,0.0,1.137688203138839,0.0,1.1462124262929174,0.0
2945,1.1229187176639164,0.0,1.1371566916393234,0.0,1.1455244717494533,0.0
2946,1.12276105626935,0.0,1.1364712647846296,0.0,1.1448993976166009,0.0
2947,1.1244056692974673,0.0,1.1431181247290694,0.0,1.1510719262391198,0.0
2948,1.124842069187188,0.0,1.1429851130942716,0.0,1.1517738880517134,0.0
2949,1.1252102032000804,0.0,1.1448002007991966,0.0,1.1548268200806773,0.0
2950,1.1253757404809488,0.0,1.144442713915662,0.0,1.1545041757704138,0.0
2951,1.1255087936202863,0.0,1.1451130387497805,0.0,1.1551632197167565,0.0
2952,1.1256046283398797,0.0,1.1454760160321162,0.0,1.15553451791919,0.0
2953,1.1256873685821545,0.0,1.1461566727131036,0.0,1.1562182063854722,0.0
2954,1.1257533935677093,0.0,1.1460410952981823,0.0,1.156097788586781,0.0
2955,1.125816774201099,0.0,1.1462274841319897,0.0,1.1562770579280635,0.0
2956,1.1258742322766184,0.0,1.146359981247566,0.0,1.1564063459049934,0.0
2957,1.1259219954014419,0.0,1.146204597765741,0.0,1.1562464203844869,0.0
2958,1.126018374093926,0.0,1.1471411928300426,0.0,1.1571676596165918,0.0
2959,1.1256978881435182,0.0,1.1416571259769963,0.0,1.1521326371873912,0.0
2960,1.125393077126425,0.0,1.1405560716816876,0.0,1.1507437752311733,0.0
2961,1.1251348735276767,0.0,1.1403691759435717,0.0,1.1499913442351766,0.0
2962,1.1249306054329122,0.0,1.1400255899793952,0.0,1.1496182189209585,0.0
2963,1.1247298411963649,0.0,1.139738478949077,0.0,1.1493414103277027,0.0
2964,1.1244937714862149,0.0,1.1393298873447468,0.0,1.148830640040141,0.0
2965,1.1242055441931926,0.0,1.1385386571308471,0.0,1.1479010740585256,0.0
2966,1.1239134450851653,0.0,1.1384170442206452,0.0,1.1475635330671932,0.0
2967,1.1236107260887975,0.0,1.1378748138128418,0.0,1.146896608595097,0.0
2968,1.1233898517397025,0.0,1.137445672329874,0.0,1.1464751763312144,0.0
2969,1.1232220292332102,0.0,1.136966205289452,0.0,1.1460305641218742,0.0
2970,1.1232249426612955,0.0,1.136476128289365,0.0,1.1456481799242613,0.0
2971,1.1246810595353953,0.0,1.1437163457897617,0.0,1.1536013845707764,0.0
2972,1.1250458568974735,0.0,1.1435423179607513,0.0,1.1536167110082365,0.0
2973,1.1252923803599864,0.0,1.145090961323626,0.0,1.1551854930897152,0.0
2974,1.1254277120520761,0.0,1.144973228243596,0.0,1.1550383167865117,0.0
2975,1.1255427876593713,0.0,1.1455424079731675,0.0,1.1555903257287388,0.0
2976,1.1256301373175641,0.0,1.1458233044849315,0.0,1.1558716018420492,0.0
2977,1.1257095106685597,0.0,1.1463314952995893,0.0,1.15637770810152,0.0
2978,1.125773003298802,0.0,1.1462188887584361,0.0,1.156261536192206,0.0
2979,1.1258324799601076,0.0,1.1463967405671889,0.0,1.1564365471356803,0.0
2980,1.125889788133672,0.0,1.1465705288914332,0.0,1.1566081622061504,0.0
2981,1.1259372207081626,0.0,1.1464271123418306,0.0,1.1564614235790438,0.0
2982,1.1260482383203958,0.0,1.1472158514464827,0.0,1.1572363190813393,0.0
2983,1.1257334779785837,0.0,1.142226472456314,0.0,1.1528841926304678,0.0
2984,1.125396258369993,0.0,1.1406471785531773,0.0,1.1508518989789416,0.0
2985,1.1250826718277447,0.0,1.1403301675943098,0.0,1.1498130133280269,0.0
2986,1.1248647186724956,0.0,1.1399034576278044,0.0,1.1494279804237295,0.0
2987,1.1245806243908365,0.0,1.1396285207587746,0.0,1.14891767845314,0.0
2988,1.1242760928458146,0.0,1.1391767650937445,0.0,1.1483007326458137,0.0
2989,1.123943373553669,0.0,1.1384400741188847,0.0,1.147466583024387,0.0
2990,1.1236568319644211,0.0,1.138231195470292,0.0,1.147165693069884,0.0
2991,1.123335693538665,0.0,1.1376699793463432,0.0,1.1464629672996671,0.0
2992,1.1229551747141993,0.0,1.1372094155792756,0.0,1.1457596416898934,0.0
2993,1.1230006051711967,0.0,1.136765528645428,0.0,1.1457615325351251,0.0
2994,1.1229727546684765,0.0,1.1361294106733903,0.0,1.1452678652717945,0.0
2995,1.1245147998816627,0.0,1.1434768804038555,0.0,1.1531683877982442,0.0
2996,1.1248949066033407,0.0,1.143143498746092,0.0,1.1530844111892005,0.0
2997,1.1251684072239367,0.0,1.14478233838474,0.0,1.1548753409001973,0.0
2998,1.1253190613898132,0.0,1.1447836793010824,0.0,1.1548459342026274,0.0
2999,1.125446291924256,0.0,1.145440147774347,0.0,1.155491984115424,0.0
3000,1.1255429675065864,0.0,1.1457668142705162,0.0,1.155816678098555,0.0
3001,1.125628767059892,0.0,1.1462944397576107,0.0,1.1563426632070593,0.0
3002,1.1256972391837035,0.0,1.1461684948059934,0.0,1.156212395710783,0.0
3003,1.1257610953481196,0.0,1.1463322203667101,0.0,1.156373183497029,0.0
3004,1.1258218768192603,0.0,1.1465057084752173,0.0,1.1565445274267268,0.0
3005,1.1258728742071618,0.0,1.1463910648976905,0.0,1.1564270186050893,0.0
3006,1.1259297817303584,0.0,1.1464425144353145,0.0,1.1564860968753599,0.0
3007,1.125977595423833,0.0,1.1450419212777667,0.0,1.155890194402619,0.0
3008,1.1261004797181393,0.0,1.1469165222781244,0.0,1.1571656725145285,0.0
3009,1.1258517379873951,0.0,1.1426020929260239,0.0,1.1523545078132589,0.0
3010,1.1256539828144765,0.0,1.1419108374232323,0.0,1.151425222550728,0.0
3011,1.1254994754487606,0.0,1.141126952839851,0.0,1.151015890281917,0.0
3012,1.1253356208625802,0.0,1.1407212687283688,0.0,1.1504413209356077,0.0
3013,1.125164141989143,0.0,1.1405741233137572,0.0,1.1500046632891785,0.0
3014,1.1250146507122558,0.0,1.1403175151508633,0.0,1.1496693031997927,0.0
3015,1.1248990918764197,0.0,1.1399195141675045,0.0,1.1494076939681461,0.0
3016,1.1253412870941741,0.0,1.1435423439317867,0.0,1.1526863317091989,0.0
3017,1.1253520266301247,0.0,1.142984041841603,0.0,1.1520461726190279,0.0
3018,1.1254417968579937,0.0,1.1435608619686242,0.0,1.1525774956465915,0.0
3019,1.1255551729709405,0.0,1.1431281201822032,0.0,1.1530599327711684,0.0
3020,1.1256286893060694,0.0,1.1434216983396863,0.0,1.153415843931827,0.0
3021,1.1257282728069873,0.0,1.1444946878007576,0.0,1.1545370456944022,0.0
3022,1.125779703502402,0.0,1.1445944292188854,0.0,1.154649558854648,0.0
3023,1.125831024915027,0.0,1.145076622056352,0.0,1.1551195160371157,0.0
3024,1.1258644916597638,0.0,1.145301382946215,0.0,1.1553514323358574,0.0
3025,1.1258988131277508,0.0,1.1459162422467548,0.0,1.1559701677341638,0.0
3026,1.1259226124602597,0.0,1.1457948783897756,0.0,1.1558508513718146,0.0
3027,1.1259471614818553,0.0,1.146007279894302,0.0,1.1560642447453326,0.0
3028,1.1259712870345908,0.0,1.146220853094278,0.0,1.156280601478264,0.0
3029,1.1259878948268398,0.0,1.145913876450538,0.0,1.1559696690030803,0.0
3030,1.1260129409573083,0.0,1.1459439787303454,0.0,1.1560107271280702,0.0
3031,1.1259602485093125,0.0,1.1434545194633474,0.0,1.1534815347773508,0.0
3032,1.1259167544266855,0.0,1.1429560625474755,0.0,1.1529419170072495,0.0
3033,1.1258990619361993,0.0,1.143224463353022,0.0,1.1531523825102423,0.0
3034,1.1258862373485874,0.0,1.1434401614717247,0.0,1.153377710957505,0.0
3035,1.1258753604734029,0.0,1.1436748022946461,0.0,1.153617879261512,0.0
3036,1.125856504162294,0.0,1.1434847857622539,0.0,1.153508296885812,0.0
3037,1.1258361457483828,0.0,1.1433802096705417,0.0,1.153393278653968,0.0
3038,1.1258174169625972,0.0,1.1433074209583405,0.0,1.153281377906637,0.0
3039,1.1257961712779505,0.0,1.1431316507382578,0.0,1.153127247127439,0.0
3040,1.1257851925968878,0.0,1.1430834761666522,0.0,1.1531026115046883,0.0
3041,1.1257699945091988,0.0,1.1430602632557343,0.0,1.1530368541935327,0.0
3042,1.1258368659995608,0.0,1.1437969503035044,0.0,1.1538018424542043,0.0
3043,1.1258764568759396,0.0,1.1436168790646446,0.0,1.1536341572656605,0.0
3044,1.125911672544317,0.0,1.14392325511631,0.0,1.153952474179504,0.0
3045,1.1259685465057265,0.0,1.144920995749114,0.0,1.1549551660520772,0.0
3046,1.1260015463141173,0.0,1.1452427684189537,0.0,1.155293633408334,0.0
3047,1.126034628985265,0.0,1.1457373620578932,0.0,1.155780133429793,0.0
3048,1.1260543998238768,0.0,1.1459640599643797,0.0,1.1560096658308765,0.0
3049,1.1260760835206918,0.0,1.146483155526715,0.0,1.1565365099903493,0.0
3050,1.1260917846650922,0.0,1.146379343649642,0.0,1.1564281722518344,0.0
3051,1.1261090097873043,0.0,1.146552556570713,0.0,1.156600537987814,0.0
3052,1.126126079905448,0.0,1.146701042418417,0.0,1.1567462881842994,0.0
3053,1.126141449277893,0.0,1.1467335808019514,0.0,1.1567775848682724,0.0
3054,1.126834285437319,0.0,1.1487564563853512,0.0,1.158759837482923,0.0
3055,1.1264998868376856,0.0,1.1467705664372598,0.0,1.1575027884001572,0.0
3056,1.1262573788355976,0.0,1.1441097437012802,0.0,1.15470276933001,0.0
3057,1.1260639901800784,0.0,1.1433567989853592,0.0,1.1530278522910777,0.0
3058,1.1259318374739593,0.0,1.1430674518188417,0.0,1.152733188185773,0.0
3059,1.1258284307519166,0.0,1.1429419475313483,0.0,1.1526669000942475,0.0
3060,1.1256872184184696,0.0,1.1425032131249535,0.0,1.1521549728625657,0.0
3061,1.125500505191755,0.0,1.1416191003497238,0.0,1.1511679409601867,0.0
3062,1.1252756923030036,0.0,1.1412634457033572,0.0,1.1506059190646438,0.0
3063,1.1249701526450762,0.0,1.1406039359432074,0.0,1.149597941671558,0.0
3064,1.1246082635003987,0.0,1.140069984104401,0.0,1.1487871340712372,0.0
3065,1.1242800375828559,0.0,1.1395026599353026,0.0,1.1480105500777413,0.0
3066,1.1240905115712847,0.0,1.138676571400885,0.0,1.1472822855153681,0.0
3067,1.1251776910062394,0.0,1.1441502031874873,0.0,1.1535670704674248,0.0
3068,1.125443120669722,0.0,1.143871140718958,0.0,1.1538650861848991,0.0
3069,1.1256246166966932,0.0,1.1451261996333744,0.0,1.1552089233035645,0.0
3070,1.1257098975201383,0.0,1.1449892593674058,0.0,1.1550452200783343,0.0
3071,1.1257839268803984,0.0,1.145495687137431,0.0,1.1555411965985505,0.0
3072,1.1258370323322866,0.0,1.1457686523283053,0.0,1.1558231637158638,0.0
3073,1.1258848555723935,0.0,1.1464576861254627,0.0,1.156522394108992,0.0
3074,1.1259202007900437,0.0,1.1462880577738555,0.0,1.156351087135055,0.0
3075,1.1259546787013346,0.0,1.146453387551608,0.0,1.1565106281822584,0.0
3076,1.1259869235377051,0.0,1.1465797885346214,0.0,1.1566345805295974,0.0
3077,1.1260122845667926,0.0,1.1463510701738544,0.0,1.1564004237087138,0.0
3078,1.126275194480962,0.0,1.1482379582698021,0.0,1.158247455420986,0.0
3079,1.1259674974712206,0.0,1.1423136664651024,0.0,1.1526381426211427,0.0
3080,1.1256812435115227,0.0,1.1412122076237934,0.0,1.151337416159428,0.0
3081,1.1254340999848336,0.0,1.1411324128766478,0.0,1.1507292744401363,0.0
3082,1.1252485206197425,0.0,1.1408430130846436,0.0,1.150421195813214,0.0
3083,1.1250844741384045,0.0,1.1406539374943334,0.0,1.1502483674017494,0.0
3084,1.1249068666921018,0.0,1.1403585425675529,0.0,1.1498754579659487,0.0
3085,1.1247275697256105,0.0,1.1396756374187138,0.0,1.1492215442258154,0.0
3086,1.1245518914504962,0.0,1.1396080979788967,0.0,1.1490653064248846,0.0
3087,1.1243809048116815,0.0,1.1391138486537553,0.0,1.1485683902807906,0.0
3088,1.1242140536050298,0.0,1.1387682119615896,0.0,1.14817794973799,0.0
3089,1.1240291542330871,0.0,1.1383030671897165,0.0,1.1476212881305619,0.0
3090,1.1239940506351698,0.0,1.1378680922230329,0.0,1.1471642995748212,0.0
3091,1.1251048459889155,0.0,1.1447951224020123,0.0,1.154854592441932,0.0
3092,1.1253786267571761,0.0,1.144576879138233,0.0,1.15464614041687,0.0
3093,1.1255644993944567,0.0,1.1456472427992321,0.0,1.1558282838257559,0.0
3094,1.1256793908108815,0.0,1.1456289414517289,0.0,1.1561349011274096,0.0
3095,1.125757192821645,0.0,1.1459959088893104,0.0,1.1560310972753673,0.0
3096,1.1258180877149377,0.0,1.146162008592155,0.0,1.1561975785146634,0.0
3097,1.125880319140773,0.0,1.146697469319678,0.0,1.1567339433935333,0.0
3098,1.125927105657652,0.0,1.1466358420311358,0.0,1.156671043601909,0.0
3099,1.1259680483235588,0.0,1.146723961570398,0.0,1.1567591664493517,0.0
3100,1.126008565638115,0.0,1.1468662844158797,0.0,1.1569008658809257,0.0
3101,1.1260410257076454,0.0,1.146720040084736,0.0,1.1567531265932933,0.0
3102,1.1262770294460374,0.0,1.1479947470339034,0.0,1.1580046521231802,0.0
3103,1.1259956435016014,0.0,1.1434115743551478,0.0,1.15430561776442,0.0
3104,1.1256873347558427,0.0,1.1418763415550979,0.0,1.1523254088991115,0.0
3105,1.1254429945642914,0.0,1.1412556908617901,0.0,1.1509857398813539,0.0
3106,1.1252733719975572,0.0,1.141036503018845,0.0,1.150735630831467,0.0
3107,1.1251357885483775,0.0,1.140905248744068,0.0,1.1506443195134644,0.0
3108,1.1249650776185047,0.0,1.1405534238054869,0.0,1.150229147380287,0.0
3109,1.12474650148017,0.0,1.1398429701189188,0.0,1.1493950198750165,0.0
3110,1.1245174918055558,0.0,1.139692610610936,0.0,1.1490306701495125,0.0
3111,1.1242458412487115,0.0,1.1389944171632103,0.0,1.1482195701115305,0.0
3112,1.1239449172452203,0.0,1.1383106783104193,0.0,1.1474554465642188,0.0
3113,1.123597499968845,0.0,1.1378218812689394,0.0,1.1465949018148074,0.0
3114,1.1233873078865335,0.0,1.137106863150565,0.0,1.145849054427673,0.0
3115,1.124711363826052,0.0,1.1436330046684184,0.0,1.1517496740105277,0.0
3116,1.1250321241766954,0.0,1.1434099662048587,0.0,1.1520691628813007,0.0
3117,1.1253421948990892,0.0,1.145310985007422,0.0,1.1552026433792975,0.0
3118,1.125478978298639,0.0,1.1448987404901858,0.0,1.1549778620838604,0.0
3119,1.125589741899833,0.0,1.1455001440971009,0.0,1.1555456399155148,0.0
3120,1.1256735700289149,0.0,1.1458196206595084,0.0,1.155863576697604,0.0
3121,1.125750761383302,0.0,1.1463383874170607,0.0,1.1563803168506477,0.0
3122,1.1258096070196422,0.0,1.146263371525856,0.0,1.1563018205134101,0.0
3123,1.1258630337473023,0.0,1.1464171176433238,0.0,1.1564545395407113,0.0
3124,1.1259111638470534,0.0,1.1465558146041854,0.0,1.1565914705964149,0.0
3125,1.1259493996015137,0.0,1.1464087811151487,0.0,1.1564434981261973,0.0
3126,1.1261146042736123,0.0,1.1476328128341975,0.0,1.1576466504899297,0.0
3127,1.1257653742004727,0.0,1.1421785214572913,0.0,1.1527517967096013,0.0
3128,1.1254175166186762,0.0,1.1406026090779484,0.0,1.1507400136061163,0.0
3129,1.1250584720761598,0.0,1.1405913849696538,0.0,1.149743357082274,0.0
3130,1.1247880920495685,0.0,1.140189224026576,0.0,1.1492414004237712,0.0
3131,1.1245429114151217,0.0,1.1398163689394907,0.0,1.148880164725335,0.0
3132,1.1242474754474205,0.0,1.1393545566462933,0.0,1.148259179740895,0.0
3133,1.1239765761320708,0.0,1.1385620855608363,0.0,1.1475541674724092,0.0
3134,1.123655482391465,0.0,1.138348201986337,0.0,1.147181603232828,0.0
3135,1.123320099156104,0.0,1.137731484990846,0.0,1.1464476103764587,0.0
3136,1.1229676665562554,0.0,1.1372579421400693,0.0,1.145792969822172,0.0
3137,1.122639794240096,0.0,1.1367923070343822,0.0,1.145132475834321,0.0
3138,1.1225880330572984,0.0,1.1361940679338296,0.0,1.1447133190531436,0.0
3139,1.1243187014411167,0.0,1.1432352730391975,0.0,1.1522614511754998,0.0
3140,1.1247561326775626,0.0,1.1429297567317362,0.0,1.1526730819795608,0.0
3141,1.1250554929998198,0.0,1.1443263128716294,0.0,1.15441395178593,0.0
3142,1.1252179458418388,0.0,1.1442938008430765,0.0,1.154352196847849,0.0
3143,1.1253528679254585,0.0,1.144924700684959,0.0,1.154973933662349,0.0
3144,1.1254518798439015,0.0,1.1452426375643543,0.0,1.15529952455155,0.0
3145,1.1255480172762335,0.0,1.1466447638645527,0.0,1.1567140505334106,0.0
3146,1.125610387832729,0.0,1.1460060171967592,0.0,1.1560739553755401,0.0
3147,1.1256687204226277,0.0,1.1461521460855966,0.0,1.1562189422940772,0.0
3148,1.1257251113595028,0.0,1.1463281331026556,0.0,1.1563902798420354,0.0
3149,1.1257720815886765,0.0,1.1460796149461763,0.0,1.1561353233672003,0.0
3150,1.1258256852647899,0.0,1.146131005239776,0.0,1.1561855183810943,0.0
3151,1.1254625761741799,0.0,1.140297750711952,0.0,1.150396565699352,0.0
3152,1.1250914445559055,0.0,1.139453356534645,0.0,1.149445608264289,0.0
3153,1.1247041987816733,0.0,1.139647421369809,0.0,1.1488017830852244,0.0
3154,1.1243703929915172,0.0,1.1393051925339537,0.0,1.148217657675371,0.0
3155,1.1240595405472096,0.0,1.1390512810097866,0.0,1.1479046396480481,0.0
3156,1.1237062539043166,0.0,1.1386566356816654,0.0,1.1473219678575988,0.0
3157,1.1234110492904532,0.0,1.137859435077892,0.0,1.1466056425842026,0.0
3158,1.1230291277148685,0.0,1.137673118295403,0.0,1.1461462780643583,0.0
3159,1.1226039547552442,0.0,1.1370510249741181,0.0,1.1453144722111284,0.0
3160,1.122157382410905,0.0,1.136461837655336,0.0,1.1445489205978372,0.0
3161,1.1217306051441251,0.0,1.1358957861261703,0.0,1.1437764928665461,0.0
3162,1.1215266570344515,0.0,1.1352686018049918,0.0,1.1431648621355575,0.0
3163,1.1235193190344381,0.0,1.1423287360003198,0.0,1.149234053440341,0.0
3164,1.1240657754777619,0.0,1.1423604579816196,0.0,1.1501089728735319,0.0
3165,1.124595969007153,0.0,1.1438750948748224,0.0,1.1533353553009649,0.0
3166,1.1248548781326975,0.0,1.1437353868059221,0.0,1.1534952236175977,0.0
3167,1.1250561286786094,0.0,1.1444544236454675,0.0,1.1545037378786744,0.0
3168,1.125197586002487,0.0,1.1448708754048398,0.0,1.1549306431912902,0.0
3169,1.1253138858037204,0.0,1.1455968588127923,0.0,1.155665677690386,0.0
3170,1.1254029488692796,0.0,1.1454738719179158,0.0,1.1555403024961088,0.0
3171,1.12548286014187,0.0,1.1456880548531718,0.0,1.1557506844200014,0.0
3172,1.1255600798479308,0.0,1.1459070470924615,0.0,1.155960502579096,0.0
3173,1.1256260815624513,0.0,1.1457750130866016,0.0,1.155821493337476,0.0
3174,1.1256929331282512,0.0,1.1458488922170036,0.0,1.155902746639667,0.0
3175,1.1256955787135126,0.0,1.1439183853940704,0.0,1.1543255692318763,0.0
3176,1.1257715153106678,0.0,1.1448691627391467,0.0,1.1549986795864005,0.0
3177,1.125513058971193,0.0,1.1414858374505128,0.0,1.151039061609055,0.0
3178,1.1252760392496746,0.0,1.1410597216384217,0.0,1.150318284095904,0.0
3179,1.1250816587878991,0.0,1.140775931721444,0.0,1.1500705366031718,0.0
3180,1.1249601183084779,0.0,1.140355194648697,0.0,1.149806560476224,0.0
3181,1.1249553190943298,0.0,1.1399115378849478,0.0,1.1498457176504315,0.0
3182,1.124870836565345,0.0,1.1396321737463748,0.0,1.149569691629179,0.0
3183,1.1247679957382701,0.0,1.1393140716435708,0.0,1.149275177994783,0.0
3184,1.1252705529898663,0.0,1.14336938877435,0.0,1.153415865403043,0.0
3185,1.1253367081914958,0.0,1.142702197910151,0.0,1.1527459272731946,0.0
3186,1.1254633643054472,0.0,1.143583461544719,0.0,1.1536152846822059,0.0
3187,1.1255440711424347,0.0,1.1434952301366927,0.0,1.1535342817956344,0.0
3188,1.125601234870967,0.0,1.1437120726930838,0.0,1.1537532866509992,0.0
3189,1.1256942770159424,0.0,1.145193472509215,0.0,1.1552414231309434,0.0
3190,1.125733351425335,0.0,1.1450266037508972,0.0,1.1550869012433556,0.0
3191,1.1257720933110966,0.0,1.1453842354215935,0.0,1.1554297579453896,0.0
3192,1.1258052181975364,0.0,1.1457641304129178,0.0,1.1558174574438207,0.0
3193,1.1258385072325487,0.0,1.14650243476869,0.0,1.1565612047562799,0.0
3194,1.1258637285376079,0.0,1.1463488855537494,0.0,1.156407205948555,0.0
3195,1.125892810851845,0.0,1.1465496441705856,0.0,1.1566050793400486,0.0
3196,1.125921117184571,0.0,1.146716237263846,0.0,1.1567675728083746,0.0
3197,1.1259441822419527,0.0,1.1464882259868576,0.0,1.1565357017997928,0.0
3198,1.1259748299186814,0.0,1.146476132712208,0.0,1.1565307692319373,0.0
3199,1.1259463283120308,0.0,1.1441824835902186,0.0,1.154209679546649,0.0
3200,1.125924664521742,0.0,1.1436904486066002,0.0,1.1537161414384456,0.0
3201,1.1259239186976189,0.0,1.1440164758641302,0.0,1.1540393864325929,0.0
3202,1.1259270820600844,0.0,1.144286320230471,0.0,1.154307112374448,0.0
3203,1.125932491193204,0.0,1.1445249206553492,0.0,1.1545440407733663,0.0
3204,1.1259256781616613,0.0,1.1443946683367447,0.0,1.1544195454905946,0.0
3205,1.125917071419119,0.0,1.1442753548800912,0.0,1.154300627998117,0.0
3206,1.1258987578897495,0.0,1.1440175916062754,0.0,1.1540504243344711,0.0
3207,1.1258782074955918,0.0,1.1437804869464694,0.0,1.1538071587870902,0.0
3208,1.1258677871480176,0.0,1.143721088129757,0.0,1.153741799864468,0.0
3209,1.1258646427619052,0.0,1.143740682714178,0.0,1.153762049016859,0.0
3210,1.125922851230164,0.0,1.1446239014374706,0.0,1.154649129040868,0.0
3211,1.1259534049193345,0.0,1.144474057445079,0.0,1.1545084550198568,0.0
3212,1.1259754086146514,0.0,1.1447235248432834,0.0,1.1547576244093989,0.0
3213,1.12601741654561,0.0,1.145894852876737,0.0,1.1559330333326232,0.0
3214,1.126034460236318,0.0,1.1459400396936035,0.0,1.155991666880476,0.0
3215,1.1260578750323393,0.0,1.1463789149776613,0.0,1.156417224051417,0.0
3216,1.1260723535093955,0.0,1.146618065400546,0.0,1.156656525667755,0.0
3217,1.1260886359684337,0.0,1.1470632910267937,0.0,1.1571082565902133,0.0
3218,1.1260990402647564,0.0,1.1469408466179492,0.0,1.1569836933983726,0.0
3219,1.1261109532172453,0.0,1.1470870552434913,0.0,1.1571305947511095,0.0
3220,1.1261245683938432,0.0,1.1472432593401412,0.0,1.1572845841524653,0.0
3221,1.126134138967457,0.0,1.1470810493499957,0.0,1.1571217019884703,0.0
3222,1.1269149128010567,0.0,1.148816043512163,0.0,1.1588189850078492,0.0
3223,1.126563672041258,0.0,1.1471734187704092,0.0,1.1578238069433588,0.0
3224,1.126290690765112,0.0,1.144379228807763,0.0,1.1549473283512695,0.0
3225,1.1261137371285572,0.0,1.1436312245859501,0.0,1.153437345373322,0.0
3226,1.1259921557638184,0.0,1.1433196710640265,0.0,1.1531342200559063,0.0
3227,1.1258856609275758,0.0,1.1431599001707808,0.0,1.152980693759825,0.0
3228,1.1257443139272736,0.0,1.1426892854591681,0.0,1.1524194740437277,0.0
3229,1.1255716869813959,0.0,1.141890333549448,0.0,1.1515018255962342,0.0
3230,1.1254476285299195,0.0,1.1418730484192219,0.0,1.1514519050934708,0.0
3231,1.1253018930953007,0.0,1.1412130130466733,0.0,1.1508603279633065,0.0
3232,1.125144361412893,0.0,1.1406857614401469,0.0,1.1503176370541295,0.0
3233,1.1249751441134528,0.0,1.1401133647868245,0.0,1.149651758862732,0.0
3234,1.1248904398389654,0.0,1.1395920073209391,0.0,1.1489639239893947,0.0
3235,1.125573941339066,0.0,1.145366142581313,0.0,1.1554459226546292,0.0
3236,1.1257313690181698,0.0,1.1450183781785264,0.0,1.1550892147915803,0.0
3237,1.1258490501522325,0.0,1.1460870935635914,0.0,1.156245580044626,0.0
3238,1.1259018330466097,0.0,1.1459153278074725,0.0,1.1561750916610207,0.0
3239,1.1259470846064568,0.0,1.1463095282297233,0.0,1.1563482520385693,0.0
3240,1.125983012493077,0.0,1.1465465612246415,0.0,1.1565848554780156,0.0
3241,1.126014910991016,0.0,1.146941758345274,0.0,1.1569827568776465,0.0
3242,1.1260391282035256,0.0,1.146873616586603,0.0,1.156913037756234,0.0
3243,1.1260634379664252,0.0,1.1470123689875358,0.0,1.1570521702460514,0.0
3244,1.1260866938895742,0.0,1.1471281669070836,0.0,1.157166821714512,0.0
3245,1.1261059885641644,0.0,1.1470653867153815,0.0,1.1571035973380055,0.0
3246,1.1264843114319252,0.0,1.1484154564091076,0.0,1.1584216668530647,0.0
3247,1.1261906449267138,0.0,1.1441807313836987,0.0,1.1551215627100546,0.0
3248,1.125917796299379,0.0,1.1425521735931525,0.0,1.1530542490681623,0.0
3249,1.1256730055638526,0.0,1.1418199569915175,0.0,1.15153191498144,0.0
3250,1.1254823904703126,0.0,1.1414025297404085,0.0,1.1511147437946936,0.0
3251,1.1253152200008485,0.0,1.1411282947548989,0.0,1.150875988675717,0.0
3252,1.1251402880763608,0.0,1.1407920526527209,0.0,1.1504692096425977,0.0
3253,1.1249468413881605,0.0,1.1401335838213587,0.0,1.1497257252945259,0.0
3254,1.1247760925536499,0.0,1.1399537783882905,0.0,1.1495355750051746,0.0
3255,1.1246050844543012,0.0,1.1393667584544853,0.0,1.148983944953078,0.0
3256,1.1244100967707717,0.0,1.138845650204909,0.0,1.1484257942012042,0.0
3257,1.1242870117227182,0.0,1.1385083544424295,0.0,1.1480192400268343,0.0
3258,1.1241842063148222,0.0,1.1379143261057676,0.0,1.1473309302579027,0.0
3259,1.1251894626737353,0.0,1.1447054961877625,0.0,1.1547886749138734,0.0
3260,1.1254261477246947,0.0,1.1443509392006974,0.0,1.1544278761044804,0.0
3261,1.12559260281447,0.0,1.1456885985516208,0.0,1.155780192446709,0.0
3262,1.125675579732163,0.0,1.1455032613047882,0.0,1.1555657579592473,0.0
3263,1.125750261945733,0.0,1.1460202987983,0.0,1.1560696627830422,0.0
3264,1.12580620578241,0.0,1.1462706444503084,0.0,1.1563208817932156,0.0
3265,1.1258550221073937,0.0,1.1467698903132302,0.0,1.1568217991648375,0.0
3266,1.1258917968054476,0.0,1.1465939568423835,0.0,1.1566452191061292,0.0
3267,1.1259272049255262,0.0,1.146713341950206,0.0,1.1567628116294075,0.0
3268,1.125961737299361,0.0,1.1468157176945961,0.0,1.156863393670465,0.0
3269,1.1259939070424791,0.0,1.1468233879735727,0.0,1.156867795893942,0.0
3270,1.1261835690496103,0.0,1.147965487958664,0.0,1.1579778782894412,0.0
3271,1.1258825349935686,0.0,1.1426047000859023,0.0,1.1532612398357718,0.0
3272,1.125570542440603,0.0,1.1411938810005937,0.0,1.1514683279285167,0.0
3273,1.1253296243973734,0.0,1.1409434043406677,0.0,1.1506076794876121,0.0
3274,1.125164420892579,0.0,1.1407077593165798,0.0,1.1503944274206066,0.0
3275,1.125013661592049,0.0,1.1405030596554484,0.0,1.1502315317253942,0.0
3276,1.1248336952839033,0.0,1.1401318963810299,0.0,1.1497936367203168,0.0
3277,1.1246790584076736,0.0,1.1396791763414582,0.0,1.149272153450379,0.0
3278,1.1245527403316624,0.0,1.139656340488988,0.0,1.1492458725343215,0.0
3279,1.1244327602197097,0.0,1.1392713669849266,0.0,1.1488831468624308,0.0
3280,1.1243185485803393,0.0,1.1390158509160353,0.0,1.1486088067986364,0.0
3281,1.1241880166359783,0.0,1.138631768454494,0.0,1.148152892725418,0.0
3282,1.1241579364641447,0.0,1.1382289123350766,0.0,1.1476646556666923,0.0
3283,1.1251581033111113,0.0,1.1451519071533083,0.0,1.15522756975612,0.0
3284,1.1254043147730188,0.0,1.1448298026782966,0.0,1.1548978540075339,0.0
3285,1.1255781240460985,0.0,1.1458773971851688,0.0,1.1561114262139152,0.0
3286,1.1256729582710217,0.0,1.1457689431808857,0.0,1.1560994767464023,0.0
3287,1.1257514200112217,0.0,1.1462708710805032,0.0,1.15630651396197,0.0
3288,1.1258155093227784,0.0,1.146580465601705,0.0,1.156616980501152,0.0
3289,1.125869070866096,0.0,1.1469304264941274,0.0,1.1569675549888132,0.0
3290,1.1259101437171872,0.0,1.146842897784223,0.0,1.1568805904409454,0.0
3291,1.1259502619270771,0.0,1.146993137700737,0.0,1.1570298741904594,0.0
3292,1.125988764954146,0.0,1.1471283640292418,0.0,1.1571648687190472,0.0
3293,1.1260195065669825,0.0,1.1469382287968315,0.0,1.156972759080967,0.0
3294,1.126220100305026,0.0,1.1478999319777414,0.0,1.1579109724462024,0.0
3295,1.12591241202505,0.0,1.1430054820535527,0.0,1.1538328977516845,0.0
3296,1.1256127100270397,0.0,1.1416462984791214,0.0,1.152088389180889,0.0
3297,1.125361524090245,0.0,1.141037729237991,0.0,1.1507583473054717,0.0
3298,1.125185144682446,0.0,1.1407577328467928,0.0,1.1504692514564296,0.0
3299,1.125021348206948,0.0,1.1404954633538709,0.0,1.150242985869693,0.0
3300,1.1248379647708173,0.0,1.1401314794113493,0.0,1.1498084858354405,0.0
3301,1.1245977221459826,0.0,1.1394060142083278,0.0,1.1489194413144,0.0
3302,1.1243389127341088,0.0,1.1392298112706816,0.0,1.148491778117089,0.0
3303,1.1240635322705446,0.0,1.1385396527606477,0.0,1.147716620506435,0.0
3304,1.123725329579683,0.0,1.1380085798794815,0.0,1.1469840557533537,0.0
3305,1.123437792019699,0.0,1.1375359496548427,0.0,1.1463471862070826,0.0
3306,1.1232775082617608,0.0,1.1368329658864411,0.0,1.1456823251223658,0.0
3307,1.1246658073996711,0.0,1.1436627800920773,0.0,1.1522243468499958,0.0
3308,1.1250417567840196,0.0,1.1433995456246522,0.0,1.1530916796675006,0.0
3309,1.1252966034755683,0.0,1.144949600318584,0.0,1.155042698929598,0.0
3310,1.1254294804715521,0.0,1.144968430377474,0.0,1.155032042559221,0.0
3311,1.1255358861354257,0.0,1.145537422430945,0.0,1.1555891968593135,0.0
3312,1.1256145644124402,0.0,1.1458608110367698,0.0,1.1559174534159267,0.0
3313,1.1256851504026526,0.0,1.1464785641815278,0.0,1.156534753722597,0.0
3314,1.1257395273963493,0.0,1.1462728269360176,0.0,1.1563251465697222,0.0
3315,1.1257914683333803,0.0,1.1464130276281541,0.0,1.1564606899768517,0.0
3316,1.1258383193496533,0.0,1.1465317996944067,0.0,1.1565777786408602,0.0
3317,1.1258746895380352,0.0,1.1463421313740747,0.0,1.1563859395373262,0.0
3318,1.125964192235139,0.0,1.1472239684190242,0.0,1.1572491754852396,0.0
3319,1.1256083258247307,0.0,1.1411667466839248,0.0,1.1515103269386588,0.0
3320,1.1252970011055938,0.0,1.1402051085510778,0.0,1.1503363598526708,0.0
3321,1.125046656338869,0.0,1.140159038057724,0.0,1.1497949911401377,0.0
3322,1.124872929992076,0.0,1.1399275428380415,0.0,1.1495751379683294,0.0
3323,1.1247143474638597,0.0,1.1397880952022086,0.0,1.1494583805731424,0.0
3324,1.124513754724795,0.0,1.139438753957559,0.0,1.149025738589041,0.0
3325,1.1243185628562145,0.0,1.1387822805386008,0.0,1.1483657391459359,0.0
3326,1.1241339937039443,0.0,1.1386826143367963,0.0,1.1481953939160774,0.0
3327,1.123946836216137,0.0,1.1381560023138004,0.0,1.1476670396047257,0.0
3328,1.123781816172982,0.0,1.1378142756761487,0.0,1.147298323909152,0.0
3329,1.1236136481922605,0.0,1.1373946872862284,0.0,1.1467990700520374,0.0
3330,1.123569174204336,0.0,1.136946584060537,0.0,1.1462954896407913,0.0
3331,1.1248264000537063,0.0,1.1442262431550492,0.0,1.1542925385567926,0.0
3332,1.125136606397207,0.0,1.144021083911584,0.0,1.1540988538405204,0.0
3333,1.125346865413276,0.0,1.1454010217778627,0.0,1.1554909273608813,0.0
3334,1.1254626249129291,0.0,1.1452847825924777,0.0,1.1553717860095827,0.0
3335,1.1255603046429585,0.0,1.1457109794881108,0.0,1.155753913223364,0.0
3336,1.125634311398811,0.0,1.1459481369925728,0.0,1.155992801878892,0.0
3337,1.1257019136411244,0.0,1.1464253947589023,0.0,1.156470147674244,0.0
3338,1.1257556846675796,0.0,1.1463205910582333,0.0,1.1563633014371713,0.0
3339,1.125806073040913,0.0,1.146492426383539,0.0,1.156533647228709,0.0
3340,1.1258542138038083,0.0,1.1466573118440593,0.0,1.1566972131735427,0.0
3341,1.1258935507468477,0.0,1.1465150369512953,0.0,1.1565525869491535,0.0
3342,1.1259373354658235,0.0,1.1465251421337925,0.0,1.156571660038308,0.0
3343,1.1259563833404955,0.0,1.144877818221876,0.0,1.1556147753588444,0.0
3344,1.1260922544330303,0.0,1.1470780458007714,0.0,1.1572741642947442,0.0
3345,1.1258607041064461,0.0,1.1427435675702944,0.0,1.152559732246421,0.0
3346,1.1256799547800158,0.0,1.142051074386096,0.0,1.1516544189430682,0.0
3347,1.1254945384844777,0.0,1.1413937291132183,0.0,1.1510571880178735,0.0
3348,1.1253823222800305,0.0,1.1408455685366319,0.0,1.1507018629011667,0.0
3349,1.12528831211825,0.0,1.14045621218489,0.0,1.1503768075525171,0.0
3350,1.1251655603701671,0.0,1.1402680403186511,0.0,1.1499517600154474,0.0
3351,1.1250623799949273,0.0,1.1398848378561428,0.0,1.1496517375972295,0.0
3352,1.1254743363225068,0.0,1.143676991618723,0.0,1.1533642281387464,0.0
3353,1.125495456521637,0.0,1.143036025397744,0.0,1.1525308403596926,0.0
3354,1.1255829831533992,0.0,1.1437579971193554,0.0,1.153055938321417,0.0
3355,1.1256766988326004,0.0,1.1433339976498231,0.0,1.1533748140085684,0.0
3356,1.1257363886477953,0.0,1.1437044766676308,0.0,1.1537474424922707,0.0
3357,1.1258176868593852,0.0,1.1450711557723887,0.0,1.1551225824730151,0.0
3358,1.1258595171433992,0.0,1.1452313439513901,0.0,1.155297158158134,0.0
3359,1.125900356620269,0.0,1.1457689419410213,0.0,1.155816009963104,0.0
3360,1.1259274930678276,0.0,1.1460030853058865,0.0,1.1560508336469204,0.0
3361,1.125956251950265,0.0,1.1464801725344715,0.0,1.1565225345234142,0.0
3362,1.125978398693457,0.0,1.146332955479908,0.0,1.156372767995608,0.0
3363,1.1260030900956957,0.0,1.1464716628521008,0.0,1.156510001584879,0.0
3364,1.1260275178953905,0.0,1.1465994774341048,0.0,1.1566356410487793,0.0
3365,1.1260467020401885,0.0,1.146452011523903,0.0,1.1564876062470182,0.0
3366,1.126072617223586,0.0,1.1464673886115617,0.0,1.1565112114456415,0.0
3367,1.1260348567223946,0.0,1.144347550435039,0.0,1.1543714401262222,0.0
3368,1.1259966152348277,0.0,1.1436549857673404,0.0,1.1536779555623327,0.0
3369,1.1259764588639505,0.0,1.14377615744973,0.0,1.153769644524521,0.0
3370,1.125955555812136,0.0,1.1437941131661022,0.0,1.1537861648704038,0.0
3371,1.1259383305081125,0.0,1.1438751953977386,0.0,1.153870353239233,0.0
3372,1.1259211980316528,0.0,1.1437137597449227,0.0,1.1537395230577636,0.0
3373,1.125902844600962,0.0,1.143569985111456,0.0,1.1535971829166096,0.0
3374,1.1258891848641255,0.0,1.14351347406307,0.0,1.1535485746339882,0.0
3375,1.1258619014558058,0.0,1.1433122311647443,0.0,1.153338569169664,0.0
3376,1.1258322066954083,0.0,1.1431378569724655,0.0,1.1531583730219757,0.0
3377,1.1258144247366297,0.0,1.1431413250341471,0.0,1.153160738306856,0.0
3378,1.125866650058989,0.0,1.1438829141394156,0.0,1.1539052269633392,0.0
3379,1.1259034118692328,0.0,1.143816151436256,0.0,1.1538447759651502,0.0
3380,1.125930229010968,0.0,1.1440758099317623,0.0,1.1541060586538263,0.0
3381,1.1259757593682604,0.0,1.144996514768096,0.0,1.1550311983429098,0.0
3382,1.1260015596403783,0.0,1.1452953272914188,0.0,1.1553469186139527,0.0
3383,1.1260279976394603,0.0,1.1457917520772087,0.0,1.155833066613177,0.0
3384,1.1260421919804222,0.0,1.1460014836551895,0.0,1.1560500916618743,0.0
3385,1.1260597535648378,0.0,1.1465853998092492,0.0,1.1566447691338302,0.0
3386,1.1260709320798028,0.0,1.146383196950956,0.0,1.1564375971145653,0.0
3387,1.1260849241269597,0.0,1.1465531192128908,0.0,1.156605507847087,0.0
3388,1.1260994083096645,0.0,1.1467101613727726,0.0,1.156760314063906,0.0
3389,1.126111866030703,0.0,1.146712482161541,0.0,1.1567598724768542,0.0
3390,1.1268340262216274,0.0,1.1487809669504176,0.0,1.1587841966519221,0.0
3391,1.1264073349587431,0.0,1.1466292650829943,0.0,1.1569721841753946,0.0
3392,1.1261148445761007,0.0,1.1426511908699506,0.0,1.1526499441100073,0.0
3393,1.1258738598939722,0.0,1.1426868921167739,0.0,1.1518098747987189,0.0
3394,1.1257120744827114,0.0,1.142201563857357,0.0,1.1515196515827224,0.0
3395,1.1256216600795572,0.0,1.1420101789829828,0.0,1.151667765847397,0.0
3396,1.1255051067082327,0.0,1.1418242535032737,0.0,1.1514291947914281,0.0
3397,1.125331334305387,0.0,1.1410365200754642,0.0,1.1505486142865016,0.0
3398,1.125188581050887,0.0,1.1409413232052408,0.0,1.1504542391142085,0.0
3399,1.1250503428084195,0.0,1.1404517175836304,0.0,1.15000696800061,0.0
3400,1.1249126598522297,0.0,1.140107201959606,0.0,1.1496470135254346,0.0
3401,1.1247538361850522,0.0,1.139598495650632,0.0,1.1490552777304694,0.0
3402,1.1246846747433226,0.0,1.139039612533072,0.0,1.148394805769092,0.0
3403,1.1254344623025168,0.0,1.1446719329394008,0.0,1.1547521817660478,0.0
3404,1.1255907928255529,0.0,1.1440442369353718,0.0,1.1541145488517688,0.0
3405,1.1257294428175282,0.0,1.1454344536890027,0.0,1.1555234188897328,0.0
3406,1.1257961578096851,0.0,1.145368906905502,0.0,1.1554306617891732,0.0
3407,1.1258560471468895,0.0,1.1458994452952718,0.0,1.1559454502960442,0.0
3408,1.1259003343070673,0.0,1.1461525385322187,0.0,1.1561986881251494,0.0
3409,1.1259419392254466,0.0,1.1466417449624187,0.0,1.1566896510637887,0.0
3410,1.125971993157896,0.0,1.146485377510222,0.0,1.1565306500168127,0.0
3411,1.1260003633482913,0.0,1.146605674440441,0.0,1.1566515326553606,0.0
3412,1.1260270702412152,0.0,1.146717395920919,0.0,1.1567611564492277,0.0
3413,1.126047916909115,0.0,1.1465140097456412,0.0,1.1565567735082602,0.0
3414,1.126375617264126,0.0,1.1483220335340172,0.0,1.1583292060380757,0.0
3415,1.1260307152583244,0.0,1.1426482379720955,0.0,1.1530509197134375,0.0
3416,1.1257270600944826,0.0,1.141247716695712,0.0,1.151348703332059,0.0
3417,1.1254203700054348,0.0,1.1411314040546159,0.0,1.1505076128453728,0.0
3418,1.1251386033073583,0.0,1.1407927452388857,0.0,1.1498817474831975,0.0
3419,1.1249165580700233,0.0,1.1404638570175933,0.0,1.149604824125482,0.0
3420,1.1246518236317478,0.0,1.1401008470546863,0.0,1.1491268753513124,0.0
3421,1.1244025391889925,0.0,1.1393151062485671,0.0,1.1484109552284982,0.0
3422,1.1241132089799544,0.0,1.1391432903971332,0.0,1.1480612388536149,0.0
3423,1.1237625445595247,0.0,1.1385485434400884,0.0,1.1472602870662667,0.0
3424,1.1233625562773322,0.0,1.1380175020644152,0.0,1.1464789834579359,0.0
3425,1.1229921152828914,0.0,1.137463807543186,0.0,1.1457248835226999,0.0
3426,1.1227680728587053,0.0,1.1367541012007643,0.0,1.145032544651748,0.0
3427,1.1243042782256256,0.0,1.1429993827681761,0.0,1.1507650307731079,0.0
3428,1.1246892845194025,0.0,1.1428728873360299,0.0,1.1512119983272338,0.0
3429,1.1250851224546305,0.0,1.1445794699841154,0.0,1.1543027778989425,0.0
3430,1.1252604165886992,0.0,1.1441205912183672,0.0,1.1541768069439664,0.0
3431,1.1253976882031844,0.0,1.1447758464123519,0.0,1.154822362992206,0.0
3432,1.1254969919776034,0.0,1.1451175377017753,0.0,1.1551734077846216,0.0
3433,1.1255810559343964,0.0,1.1458229987224309,0.0,1.155888539758885,0.0
3434,1.1256442343594801,0.0,1.145733463378249,0.0,1.1558033518411943,0.0
3435,1.1257020937722082,0.0,1.1459928652464006,0.0,1.1560598014694254,0.0
3436,1.1257551817362803,0.0,1.146180060468123,0.0,1.1562433170289015,0.0
3437,1.1257984797791472,0.0,1.1459396739232734,0.0,1.1559956138239211,0.0
3438,1.125919673073467,0.0,1.1475164603715278,0.0,1.1575390320301453,0.0
3439,1.125546792117508,0.0,1.140336529757408,0.0,1.1503890233052962,0.0
3440,1.125172687530131,0.0,1.1395728425040719,0.0,1.1495371746113414,0.0
3441,1.1247746989222003,0.0,1.139870307357986,0.0,1.1488994195933677,0.0
3442,1.124451558856637,0.0,1.1395565602336586,0.0,1.148424182472874,0.0
3443,1.1241416091391254,0.0,1.139284743688208,0.0,1.148085362481008,0.0
3444,1.1237755787466377,0.0,1.138873760025052,0.0,1.147457979262568,0.0
3445,1.1234742219227727,0.0,1.1380790671032441,0.0,1.146727525795786,0.0
3446,1.123086696458184,0.0,1.1378798582551537,0.0,1.146243941145521,0.0
3447,1.122683059199013,0.0,1.1372422740750159,0.0,1.1454453543998953,0.0
3448,1.1221908191440446,0.0,1.1366416350857758,0.0,1.1446100265096437,0.0
3449,1.1217823344933475,0.0,1.1360601242351824,0.0,1.1438696715650092,0.0
3450,1.1216218670953286,0.0,1.1354589102814667,0.0,1.14332865720275,0.0
3451,1.123592752016806,0.0,1.1425192513631217,0.0,1.1494803217696639,0.0
3452,1.1241323236296157,0.0,1.1425750572909594,0.0,1.1503530130474102,0.0
3453,1.124610992810548,0.0,1.143553886561508,0.0,1.1529635354931753,0.0
3454,1.1248589642189404,0.0,1.1436129396879011,0.0,1.1532230877720482,0.0
3455,1.125056559608069,0.0,1.1441678040996097,0.0,1.154215066315226,0.0
3456,1.125194341402522,0.0,1.1445123056969255,0.0,1.154565717550236,0.0
3457,1.125308874066334,0.0,1.1451708135324925,0.0,1.1552363567595045,0.0
3458,1.1253954285686758,0.0,1.145071931625859,0.0,1.1551374167577584,0.0
3459,1.1254741753133293,0.0,1.1454011563498059,0.0,1.1554719148916945,0.0
3460,1.125544020430926,0.0,1.1456831140360553,0.0,1.1557527693910987,0.0
3461,1.1256045484011603,0.0,1.1455832892348472,0.0,1.1556512758302466,0.0
3462,1.1256653049190197,0.0,1.1455216740898693,0.0,1.1555981641154722,0.0
3463,1.1252789232647322,0.0,1.1397036687217585,0.0,1.1497803833097735,0.0
3464,1.1249242015107952,0.0,1.139087751772008,0.0,1.1491605953028607,0.0
3465,1.1246079128894442,0.0,1.139275658689832,0.0,1.148686522197339,0.0
3466,1.1243578445091693,0.0,1.1389039583821214,0.0,1.1482790481828717,0.0
3467,1.1240321105523998,0.0,1.1386454573982827,0.0,1.1478391664232346,0.0
3468,1.1236191283211188,0.0,1.1383994028794155,0.0,1.1471431037863324,0.0
3469,1.1233117674131772,0.0,1.1376393289790259,0.0,1.146413004045907,0.0
3470,1.1229969232766288,0.0,1.1374951477590325,0.0,1.1460746031538467,0.0
3471,1.122576601438237,0.0,1.1369549296909696,0.0,1.1452479814542504,0.0
3472,1.1222004141851756,0.0,1.1364660233168817,0.0,1.1445986438277589,0.0
3473,1.1218687590474328,0.0,1.1359047482091102,0.0,1.143943971983797,0.0
3474,1.1217995675385606,0.0,1.135445661907476,0.0,1.143530584531238,0.0
3475,1.1237487257744025,0.0,1.1428285405515746,0.0,1.1503733343438494,0.0
3476,1.1242893972219405,0.0,1.1427486629442893,0.0,1.1513548928246398,0.0
3477,1.1246673258753683,0.0,1.1439187938365734,0.0,1.1533765318289808,0.0
3478,1.124884613478273,0.0,1.143843923181331,0.0,1.1537256624872827,0.0
3479,1.125055511790091,0.0,1.1444280364207553,0.0,1.1544753749483452,0.0
3480,1.1251794031401812,0.0,1.144716693415878,0.0,1.1547723374392276,0.0
3481,1.125287092906747,0.0,1.1454524333673182,0.0,1.1555176596720231,0.0
3482,1.1253692420558554,0.0,1.14537020821681,0.0,1.1554393300236714,0.0
3483,1.125443425757613,0.0,1.1456578263422503,0.0,1.1557279634309665,0.0
3484,1.1255113168474264,0.0,1.1459212662359788,0.0,1.1559953302553951,0.0
3485,1.1255680703915827,0.0,1.1456654902799865,0.0,1.155731392658671,0.0
3486,1.1256124394258593,0.0,1.1442182335595101,0.0,1.1543338678013446,0.0
3487,1.1252367004777217,0.0,1.1396210676816778,0.0,1.1496517207980672,0.0
3488,1.12487896754294,0.0,1.139102518088492,0.0,1.1491893633670542,0.0
3489,1.1245622074595896,0.0,1.1392500325488335,0.0,1.1486662574451443,0.0
3490,1.124320274056448,0.0,1.1390095866506385,0.0,1.1483133239559555,0.0
3491,1.12412500009993,0.0,1.138862956943036,0.0,1.1481839970684322,0.0
3492,1.1239195684112446,0.0,1.1385714530125624,0.0,1.1478335777526432,0.0
3493,1.1237391231101472,0.0,1.1378639225897764,0.0,1.1472366002663865,0.0
3494,1.1235425030921022,0.0,1.1378465936843354,0.0,1.1470694369334584,0.0
3495,1.1233628346912043,0.0,1.1373932483839244,0.0,1.1465996067988191,0.0
3496,1.1231867210149562,0.0,1.1370367466183877,0.0,1.146216465184737,0.0
3497,1.1229423111566246,0.0,1.1364520187842024,0.0,1.145527460557548,0.0
3498,1.122908846564387,0.0,1.1360841361775944,0.0,1.1451465212138172,0.0
3499,1.124398741247073,0.0,1.1436950159529304,0.0,1.1533335832799227,0.0
3500,1.1247752459973588,0.0,1.1434754937501854,0.0,1.1533464784565632,0.0
3501,1.1250302564530736,0.0,1.1449207552462979,0.0,1.1550196833648874,0.0
3502,1.1251697883501572,0.0,1.1447358505485041,0.0,1.1548025998640665,0.0
3503,1.125289759758735,0.0,1.1453121133273647,0.0,1.155364760352024,0.0
3504,1.1253797961688725,0.0,1.145607370376399,0.0,1.155662394542426,0.0
3505,1.1254596589862134,0.0,1.1462637367424542,0.0,1.1563240441727123,0.0
3506,1.1255221857554203,0.0,1.1460741636051721,0.0,1.1561307041942035,0.0
3507,1.1255816464705584,0.0,1.1462563408698723,0.0,1.1563117629890332,0.0
3508,1.1256364801096326,0.0,1.146400660365661,0.0,1.1564520252004384,0.0
3509,1.125681552252665,0.0,1.146208164939664,0.0,1.1562580158376294,0.0
3510,1.125753528877247,0.0,1.147393896649637,0.0,1.157447104477833,0.0
3511,1.1257086130786569,0.0,1.1436522163946046,0.0,1.1538224896577274,0.0
3512,1.1257715052128543,0.0,1.145976041389486,0.0,1.1553782445112377,0.0
3513,1.125484345365881,0.0,1.1419290830428979,0.0,1.1508982419688278,0.0
3514,1.1252855157247876,0.0,1.141424852987721,0.0,1.1504852036121755,0.0
3515,1.125084293880473,0.0,1.1408624917797603,0.0,1.1501296496916515,0.0
3516,1.1249193977660537,0.0,1.1405056315430149,0.0,1.1497253027149825,0.0
3517,1.1247664514697069,0.0,1.140189510482709,0.0,1.1493531862075752,0.0
3518,1.1246238770950903,0.0,1.1398427976968932,0.0,1.1490290570391648,0.0
3519,1.1245039928159857,0.0,1.1393346671341265,0.0,1.1487617198010047,0.0
3520,1.1249851634409966,0.0,1.1431800424259746,0.0,1.1519999214576624,0.0
3521,1.12498147144307,0.0,1.1426399676357708,0.0,1.1513803694340223,0.0
3522,1.1250591370709444,0.0,1.1431584637900742,0.0,1.1518192436718062,0.0
3523,1.1251689691008653,0.0,1.1426861843104574,0.0,1.1521855967091066,0.0
3524,1.1252322473499066,0.0,1.1428271736190223,0.0,1.152424388200893,0.0
3525,1.1253807448776523,0.0,1.1439406218550536,0.0,1.1539387764703584,0.0
3526,1.1254675300132544,0.0,1.1440847697191352,0.0,1.154133291584892,0.0
3527,1.1255551568160527,0.0,1.1446085185353416,0.0,1.154650143135242,0.0
3528,1.1256145706467189,0.0,1.1448973613400917,0.0,1.1549479319465408,0.0
3529,1.1256632326667493,0.0,1.1454398786760247,0.0,1.1554935044359431,0.0
3530,1.1256971809091372,0.0,1.1452937562514294,0.0,1.1553502212718354,0.0
3531,1.1257309366269939,0.0,1.1455063035360367,0.0,1.1555637272784811,0.0
3532,1.1257609951542862,0.0,1.145657516522466,0.0,1.155717200644072,0.0
3533,1.1257817587079642,0.0,1.1453244903490116,0.0,1.1553797530059708,0.0
3534,1.1258085765362829,0.0,1.145328142155255,0.0,1.1553936810935481,0.0
3535,1.125739126027724,0.0,1.142907854536588,0.0,1.1529104596359137,0.0
3536,1.125678139263632,0.0,1.14247204552825,0.0,1.1523299835659615,0.0
3537,1.1256439953122541,0.0,1.1427687779971105,0.0,1.1524717864276084,0.0
3538,1.1256396188082187,0.0,1.1429574118440353,0.0,1.1528056822490553,0.0
3539,1.1256521537773971,0.0,1.1432262945609193,0.0,1.1532275811323922,0.0
3540,1.1256417914208952,0.0,1.143079042452778,0.0,1.153099784575482,0.0
3541,1.1256294534273914,0.0,1.1429856786645758,0.0,1.1530098852482973,0.0
3542,1.125619906821701,0.0,1.1429220619635652,0.0,1.15295410637342,0.0
3543,1.1255951417954917,0.0,1.1427329899987573,0.0,1.1527464717106741,0.0
3544,1.1255645730466937,0.0,1.1426299397148574,0.0,1.1525681931658627,0.0
3545,1.125532931942432,0.0,1.1425901674079817,0.0,1.152465487724575,0.0
3546,1.1255668738355766,0.0,1.1432360127881076,0.0,1.1529075241348776,0.0
3547,1.1255820374028844,0.0,1.143001560249117,0.0,1.1525988646537988,0.0
3548,1.1256145169774492,0.0,1.1430182296641833,0.0,1.1528904809606373,0.0
3549,1.1256995929344038,0.0,1.1439895695882993,0.0,1.1539831441054362,0.0
3550,1.1257524335844553,0.0,1.1443145141043727,0.0,1.1543618036018355,0.0
3551,1.1258007978720452,0.0,1.1449038782686725,0.0,1.1549424532802757,0.0
3552,1.1258320161289206,0.0,1.145152293820657,0.0,1.1551994242900443,0.0
3553,1.125860617877464,0.0,1.1457055672838405,0.0,1.1557611006014603,0.0
3554,1.1258789170759607,0.0,1.1456254743195091,0.0,1.15568522937789,0.0
3555,1.1258983788973722,0.0,1.145858204563006,0.0,1.1559159620491168,0.0
3556,1.1259183557862174,0.0,1.1460507465374785,0.0,1.1561048412088883,0.0
3557,1.1259349442384954,0.0,1.145912755224864,0.0,1.155959468086869,0.0
3558,1.1259583554564083,0.0,1.14600952855659,0.0,1.156065223153525,0.0
3559,1.1259028947196292,0.0,1.1435258487018338,0.0,1.1535528713078205,0.0
3560,1.1258566087626076,0.0,1.1427963243226849,0.0,1.1528227433233424,0.0
3561,1.1258315434278052,0.0,1.142977677422395,0.0,1.1529675003938271,0.0
3562,1.1258026975687445,0.0,1.143180079996223,0.0,1.1530544658907496,0.0
3563,1.12578354830405,0.0,1.1433872314310407,0.0,1.153356852786782,0.0
3564,1.1257573088140795,0.0,1.1432235142888982,0.0,1.153232943821158,0.0
3565,1.1257359023263989,0.0,1.1431280076257957,0.0,1.1531525168185284,0.0
3566,1.1257139592398586,0.0,1.1430327054984064,0.0,1.1530495975903936,0.0
3567,1.1256806350043134,0.0,1.1428566119278007,0.0,1.152811876575265,0.0
3568,1.125647924118247,0.0,1.1427400688548779,0.0,1.1526663299212554,0.0
3569,1.1256262179337218,0.0,1.142820057943278,0.0,1.1527189736097883,0.0
3570,1.1256584299860193,0.0,1.1433565307430755,0.0,1.1531782911895676,0.0
3571,1.1256854375590772,0.0,1.1431578431067762,0.0,1.1530432759594194,0.0
3572,1.1257177489939303,0.0,1.143324548796082,0.0,1.153320706682573,0.0
3573,1.1257946434581223,0.0,1.144354163772569,0.0,1.1543847525098236,0.0
3574,1.1258380694118282,0.0,1.1445891506573624,0.0,1.154637141783149,0.0
3575,1.125880931285215,0.0,1.145170267778713,0.0,1.1552099764879873,0.0
3576,1.1259088484519044,0.0,1.145461862458425,0.0,1.1555103557043815,0.0
3577,1.1259335389998104,0.0,1.146048643937348,0.0,1.1561130166899922,0.0
3578,1.1259523638569289,0.0,1.1459467140987392,0.0,1.1560036579309614,0.0
3579,1.125975302792987,0.0,1.1461653209514093,0.0,1.156214801718236,0.0
3580,1.1259993527868581,0.0,1.1463746306557343,0.0,1.1564197180466451,0.0
3581,1.1260221179839474,0.0,1.146461887893707,0.0,1.1565022225290036,0.0
3582,1.1269246600435612,0.0,1.1488297073967089,0.0,1.1588322779306515,0.0
3583,1.1264783590562646,0.0,1.1474265562058037,0.0,1.1577304018684373,0.0
3584,1.126140741105796,0.0,1.143187897778047,0.0,1.1530448064403798,0.0
3585,1.1258752530746523,0.0,1.1432831166835804,0.0,1.1518831369255795,0.0
3586,1.1256783596996853,0.0,1.1428841045549807,0.0,1.151488584684435,0.0
3587,1.125493500883414,0.0,1.1425870491241044,0.0,1.1513328043946984,0.0
3588,1.125263428820624,0.0,1.1421617313223866,0.0,1.1507590409780477,0.0
3589,1.1250370902819447,0.0,1.1412679977728788,0.0,1.1499422106220634,0.0
3590,1.1247483110152143,0.0,1.1409819305351887,0.0,1.1494784546471848,0.0
3591,1.1244205068195523,0.0,1.1402273964169671,0.0,1.1486632698914554,0.0
3592,1.1239505706174515,0.0,1.1396255330226397,0.0,1.147706810846455,0.0
3593,1.1234912021370764,0.0,1.1390185446144183,0.0,1.1467975776551145,0.0
3594,1.123145583949871,0.0,1.1381595606297519,0.0,1.1459546398596483,0.0
3595,1.1243269654762156,0.0,1.142980420625413,0.0,1.1503755197379837,0.0
3596,1.124584651175435,0.0,1.1428456977353978,0.0,1.1505831099772865,0.0
3597,1.124980323188758,0.0,1.1436988621669144,0.0,1.15282984305542,0.0
3598,1.1251900281496812,0.0,1.143728375189232,0.0,1.1533928239365803,0.0
3599,1.1253640469615023,0.0,1.1444241648358355,0.0,1.154466359859669,0.0
3600,1.1254671282654418,0.0,1.1444775952462676,0.0,1.1545288004766099,0.0
3601,1.1255492616658556,0.0,1.14501460172787,0.0,1.1550747711613107,0.0
3602,1.1256048685694753,0.0,1.1448497737784078,0.0,1.1549119796553369,0.0
3603,1.1256558807490498,0.0,1.1450771999241778,0.0,1.1551409410743094,0.0
3604,1.1257033722899281,0.0,1.1453675437281137,0.0,1.1554345868073406,0.0
3605,1.125745042336477,0.0,1.1455375313681937,0.0,1.1556025473070246,0.0
3606,1.1260062742934231,0.0,1.148111324407348,0.0,1.1581215537921699,0.0
3607,1.1256649069668838,0.0,1.1409592822509314,0.0,1.1508896062447747,0.0
3608,1.1252930262563554,0.0,1.140268940208371,0.0,1.1500404037051883,0.0
3609,1.1248649415766199,0.0,1.1404904485791658,0.0,1.1492318474879757,0.0
3610,1.1244783421688551,0.0,1.140095183320177,0.0,1.1485824130283837,0.0
3611,1.1241314826947415,0.0,1.1398751877662472,0.0,1.1481813696637246,0.0
3612,1.1236553561178688,0.0,1.1392112318184549,0.0,1.1473357847371253,0.0
3613,1.1232782709857208,0.0,1.138373545780064,0.0,1.1465338215835514,0.0
3614,1.122799943765671,0.0,1.138017470899171,0.0,1.145940239686363,0.0
3615,1.1222993348372903,0.0,1.1372822430469824,0.0,1.1450478418906445,0.0
3616,1.121771127325809,0.0,1.136571364868414,0.0,1.144200289588323,0.0
3617,1.1212780192183855,0.0,1.135884177301545,0.0,1.1433818934447437,0.0
3618,1.121005276892165,0.0,1.1352760086649762,0.0,1.1427460267136036,0.0
3619,1.122963807320934,0.0,1.1417470111556183,0.0,1.148165674563481,0.0
3620,1.1234864406424263,0.0,1.141874621518079,0.0,1.1488336936276313,0.0
3621,1.1240853932574761,0.0,1.1429493042303251,0.0,1.151073998228867,0.0
3622,1.1244218691859322,0.0,1.1430900960095665,0.0,1.151668066738853,0.0
3623,1.124727980179699,0.0,1.143323480313555,0.0,1.1533611167969553,0.0
3624,1.1249181995729087,0.0,1.143567070058774,0.0,1.1536135681264528,0.0
3625,1.1250725949142473,0.0,1.1440914092629064,0.0,1.1541489849113353,0.0
3626,1.1251852251916488,0.0,1.1441127130404454,0.0,1.1541745081546526,0.0
3627,1.1252841854741917,0.0,1.1444869590791609,0.0,1.154551476916474,0.0
3628,1.1253721376452508,0.0,1.1448828958705926,0.0,1.1549515140273285,0.0
3629,1.1254423726381841,0.0,1.1447552258913478,0.0,1.1548207989393162,0.0
3630,1.1255615786036381,0.0,1.1469110780172176,0.0,1.1569462712028045,0.0
3631,1.1251361941863665,0.0,1.1396367785977415,0.0,1.1493409273232995,0.0
3632,1.124693523963845,0.0,1.1389136861086024,0.0,1.148631686863182,0.0
3633,1.124115063825927,0.0,1.1390754971561046,0.0,1.147654349964525,0.0
3634,1.1236773212531925,0.0,1.1386665381324113,0.0,1.147020782026748,0.0
3635,1.123281189881568,0.0,1.138298492594384,0.0,1.1465562448519397,0.0
3636,1.122873209312021,0.0,1.13781543187374,0.0,1.1459174318051002,0.0
3637,1.122570766788686,0.0,1.1370306073188843,0.0,1.1452319894270093,0.0
3638,1.1221883830102606,0.0,1.1367825155174107,0.0,1.144785439613099,0.0
3639,1.1218648949842818,0.0,1.136204839974222,0.0,1.1441532491679216,0.0
3640,1.1215484361844263,0.0,1.1357133099156114,0.0,1.143604769623012,0.0
3641,1.1212814186225073,0.0,1.1351715014912125,0.0,1.14305928309722,0.0
3642,1.1212376037325444,0.0,1.1347645392167969,0.0,1.1426999205888468,0.0
3643,1.1233041771003742,0.0,1.142363654600523,0.0,1.149221813818912,0.0
3644,1.1238578120416254,0.0,1.1423429760996255,0.0,1.1499517770751635,0.0
3645,1.1243066652994336,0.0,1.1433586866498942,0.0,1.1519151379824737,0.0
3646,1.1245666823073914,0.0,1.1434487219485552,0.0,1.1522845391435053,0.0
3647,1.1248033235930444,0.0,1.1439348159845522,0.0,1.1539836400621375,0.0
3648,1.124960297925598,0.0,1.1443375935869837,0.0,1.1543954190364145,0.0
3649,1.125091092188912,0.0,1.145095759532349,0.0,1.1551643917568455,0.0
3650,1.1251911703770332,0.0,1.145023254166156,0.0,1.1550946298215687,0.0
3651,1.125280462887725,0.0,1.1453292308538572,0.0,1.155401975797972,0.0
3652,1.1253617991414036,0.0,1.145616183330424,0.0,1.155689075488635,0.0
3653,1.1254280102369736,0.0,1.1453597287610393,0.0,1.1554255574525312,0.0
3654,1.1254906243540157,0.0,1.145067808638488,0.0,1.1551532273864977,0.0
3655,1.125045328605853,0.0,1.139181623046846,0.0,1.1490656870532228,0.0
3656,1.124595423687419,0.0,1.1383815679034528,0.0,1.1483742795058125,0.0
3657,1.1241371108555105,0.0,1.1386193247030432,0.0,1.1477103941826345,0.0
3658,1.1237313579500254,0.0,1.1383378125128716,0.0,1.1471184749717975,0.0
3659,1.1232930491801896,0.0,1.1380902359433103,0.0,1.1465677413071567,0.0
3660,1.1228437570109346,0.0,1.1376458111597378,0.0,1.1458613248553027,0.0
3661,1.1225031601581956,0.0,1.1368617018568334,0.0,1.1451216211612052,0.0
3662,1.1221193666995302,0.0,1.1366183315414344,0.0,1.1446798154844124,0.0
3663,1.1217497709955009,0.0,1.1360203612063333,0.0,1.143976838552109,0.0
3664,1.121603375211038,0.0,1.135549859623517,0.0,1.1437009357533465,0.0
3665,1.121306479252316,0.0,1.1350376892070027,0.0,1.1430990396639593,0.0
3666,1.1211866502798453,0.0,1.134685507383149,0.0,1.142645769612448,0.0
3667,1.1231786111533169,0.0,1.1421439059069038,0.0,1.1488300138233187,0.0
3668,1.1236771841561677,0.0,1.1421503811436664,0.0,1.149322722045002,0.0
3669,1.1242155166520065,0.0,1.143219346964324,0.0,1.152109466683202,0.0
3670,1.124488719059113,0.0,1.1432575080567255,0.0,1.1523360579412707,0.0
3671,1.1247274685746862,0.0,1.1438307385159767,0.0,1.1538791310877534,0.0
3672,1.1248889279012815,0.0,1.1442660979516508,0.0,1.154322917176684,0.0
3673,1.1250239695678983,0.0,1.1450822133522436,0.0,1.1551503735292723,0.0
3674,1.1251264767661084,0.0,1.145013403248589,0.0,1.1550843729050992,0.0
3675,1.1252170308137817,0.0,1.1453016206098672,0.0,1.1553741091390375,0.0
3676,1.1252981622353,0.0,1.1455744353859212,0.0,1.1556484287591358,0.0
3677,1.1253649048337393,0.0,1.14528702808094,0.0,1.1553583863439902,0.0
3678,1.1254309360551125,0.0,1.1452575829676916,0.0,1.1553372509662538,0.0
3679,1.1253988959062684,0.0,1.1427218304160973,0.0,1.152604222957533,0.0
3680,1.1254901397865866,0.0,1.1429952408434687,0.0,1.153093567510164,0.0
3681,1.1252753137758422,0.0,1.1408321467253837,0.0,1.1508575608856322,0.0
3682,1.1251340649156942,0.0,1.1404330101467477,0.0,1.1504493587955635,0.0
3683,1.1249544291203777,0.0,1.140060872320288,0.0,1.1500219650762573,0.0
3684,1.1248325458676172,0.0,1.139737118482559,0.0,1.1496875484003315,0.0
3685,1.1246616657442887,0.0,1.1395234147054112,0.0,1.1491846229317866,0.0
3686,1.1244438422395895,0.0,1.13934176279137,0.0,1.1486499849712797,0.0
3687,1.1242168691724281,0.0,1.1389125145657595,0.0,1.1481805672686476,0.0
3688,1.124754933716534,0.0,1.1428268332072091,0.0,1.151575956430928,0.0
3689,1.124813882138145,0.0,1.1423510437932884,0.0,1.1513514356785333,0.0
3690,1.1249699182382245,0.0,1.142992513273333,0.0,1.1522255210489543,0.0
3691,1.1251067186480364,0.0,1.1426968799402346,0.0,1.152686873951706,0.0
3692,1.1251792128884832,0.0,1.142841575337228,0.0,1.1528150333630038,0.0
3693,1.1252987727514814,0.0,1.1438877706026491,0.0,1.1539233921198435,0.0
3694,1.1253736613672989,0.0,1.1439633163082854,0.0,1.1540146229074184,0.0
3695,1.1254512095547187,0.0,1.1444583539631656,0.0,1.1545010843208388,0.0
3696,1.1255043848366266,0.0,1.1446800520286087,0.0,1.154730256314466,0.0
3697,1.1255542283297366,0.0,1.1452910286951221,0.0,1.155346478488416,0.0
3698,1.1255889702486663,0.0,1.1451627284539938,0.0,1.1552197055068076,0.0
3699,1.125623561918457,0.0,1.1453990532188758,0.0,1.1554579184260494,0.0
3700,1.1256561013455169,0.0,1.1456259963948185,0.0,1.1556882359663232,0.0
3701,1.1256783752102457,0.0,1.1452875248419125,0.0,1.155345073598686,0.0
3702,1.1257053512368855,0.0,1.145262906017847,0.0,1.1553300917449432,0.0
3703,1.1256511143181245,0.0,1.1429005470404534,0.0,1.1529279262073289,0.0
3704,1.125614893791715,0.0,1.1424533888796342,0.0,1.15247936843625,0.0
3705,1.1255995523997322,0.0,1.1426831273249693,0.0,1.1527058914189858,0.0
3706,1.1255869392054167,0.0,1.1428830382199158,0.0,1.152904659913603,0.0
3707,1.1255745890376683,0.0,1.1430889255185337,0.0,1.1531082761864413,0.0
3708,1.1255512545170339,0.0,1.142901106632468,0.0,1.1529256374503787,0.0
3709,1.1255308219172213,0.0,1.1427848789634585,0.0,1.1528089666372765,0.0
3710,1.1255103805933657,0.0,1.1426998025789254,0.0,1.1527135605612588,0.0
3711,1.1254929846519144,0.0,1.1426142927673706,0.0,1.152637472664781,0.0
3712,1.1254632269956817,0.0,1.1425883815784537,0.0,1.1525650394574334,0.0
3713,1.1254173046961349,0.0,1.1425158714558306,0.0,1.1524642424651415,0.0
3714,1.1254257214289098,0.0,1.1432457809896395,0.0,1.1528093363532725,0.0
3715,1.1254112729910777,0.0,1.1430928100920599,0.0,1.152465766162059,0.0
3716,1.1254177952795488,0.0,1.1431288052322983,0.0,1.1526157986751673,0.0
3717,1.125511832771917,0.0,1.1437656956285203,0.0,1.153715266359224,0.0
3718,1.125577413976995,0.0,1.144019161117072,0.0,1.154058931496955,0.0
3719,1.1256395599587476,0.0,1.1444657357172063,0.0,1.154499715552228,0.0
3720,1.1256827393534548,0.0,1.1446116848386692,0.0,1.154654603530209,0.0
3721,1.125720410861606,0.0,1.145119509807043,0.0,1.155176478515411,0.0
3722,1.1257436035287693,0.0,1.1450428165890731,0.0,1.155104077072504,0.0
3723,1.1257671963562035,0.0,1.145297834966611,0.0,1.1553613968558787,0.0
3724,1.1257894371864587,0.0,1.1455602938889105,0.0,1.155627373426082,0.0
3725,1.1258089940459022,0.0,1.1457166198374893,0.0,1.1557816465871393,0.0
3726,1.1263386611266706,0.0,1.1484872045897685,0.0,1.1584919734500627,0.0
3727,1.1259668851557438,0.0,1.1433982907938707,0.0,1.1532124667156642,0.0
3728,1.125644126652866,0.0,1.1418324354628462,0.0,1.1512887835381673,0.0
3729,1.1253428730686803,0.0,1.1419976804147272,0.0,1.150576647938679,0.0
3730,1.125098355560621,0.0,1.1415607559945407,0.0,1.150134530388923,0.0
3731,1.1248458254114482,0.0,1.1412714059719473,0.0,1.1497880969653924,0.0
3732,1.124529683999553,0.0,1.1408293128834794,0.0,1.149113407662258,0.0
3733,1.124213111352633,0.0,1.139942681185267,0.0,1.148230315269156,0.0
3734,1.123853318796483,0.0,1.1396283898732193,0.0,1.147723692792808,0.0
3735,1.1234361129065447,0.0,1.138896461316109,0.0,1.146828125167199,0.0
3736,1.123052433153767,0.0,1.1382645918442011,0.0,1.146126381689478,0.0
3737,1.1226892427796828,0.0,1.1376819443437534,0.0,1.1454166919518989,0.0
3738,1.1224414253392885,0.0,1.1370144220799965,0.0,1.1447265669392062,0.0
3739,1.1238918279176633,0.0,1.1427583145393327,0.0,1.1496015634810575,0.0
3740,1.1242873040004533,0.0,1.1427050697638752,0.0,1.1501796188451094,0.0
3741,1.124713553342867,0.0,1.1436425873826777,0.0,1.1524795535917427,0.0
3742,1.1249416458358619,0.0,1.1435821529651728,0.0,1.1528916308019237,0.0
3743,1.125124138179612,0.0,1.144084035368633,0.0,1.154131158184783,0.0
3744,1.1252418989066735,0.0,1.1444017880614428,0.0,1.1544549286516321,0.0
3745,1.125338745304111,0.0,1.1450291274418976,0.0,1.155095199757939,0.0
3746,1.1254104488233823,0.0,1.1449822898756439,0.0,1.1550486600731042,0.0
3747,1.1254743937367588,0.0,1.1452820630328178,0.0,1.1553535784795417,0.0
3748,1.125531938772386,0.0,1.1455579492626726,0.0,1.1556290470858637,0.0
3749,1.125584485010009,0.0,1.145741485162508,0.0,1.1558116866779402,0.0
3750,1.1257844586914867,0.0,1.1478662796915926,0.0,1.157880403897552,0.0
3751,1.12545091959067,0.0,1.1403260571261675,0.0,1.1502821335352746,0.0
3752,1.1250734071677273,0.0,1.139476489150901,0.0,1.1495113323008195,0.0
3753,1.1246964069148304,0.0,1.1395552924230763,0.0,1.1488859365412039,0.0
3754,1.124314548073768,0.0,1.139351165234736,0.0,1.1482435488001856,0.0
3755,1.1239326243707415,0.0,1.1391417470479894,0.0,1.1477432752955543,0.0
3756,1.1235485529557256,0.0,1.1386717397092108,0.0,1.1470923735079512,0.0
3757,1.1232136973497349,0.0,1.1378741091509768,0.0,1.1463103925760163,0.0
3758,1.12288915438755,0.0,1.1376609967363702,0.0,1.145944111289586,0.0
3759,1.1225959190726684,0.0,1.1371043833711396,0.0,1.1453326579641618,0.0
3760,1.1224779496175274,0.0,1.136634805422721,0.0,1.145092059482805,0.0
3761,1.122228042776861,0.0,1.1361663208112154,0.0,1.14452530378284,0.0
3762,1.1221776421450216,0.0,1.135775484910482,0.0,1.1441213445398661,0.0
3763,1.1239312281032112,0.0,1.143020804938646,0.0,1.15122389623032,0.0
3764,1.1243909325030033,0.0,1.1429153245542476,0.0,1.1517610901068935,0.0
3765,1.124716899702808,0.0,1.1440414589517245,0.0,1.1536105275454815,0.0
3766,1.124906488029388,0.0,1.1439081986302029,0.0,1.1538806737018328,0.0
3767,1.1250569918251672,0.0,1.1445169418160122,0.0,1.1545661345367806,0.0
3768,1.125167216772726,0.0,1.1448184531076346,0.0,1.1548748948209657,0.0
3769,1.12526268517927,0.0,1.1455088374954503,0.0,1.1555754587869487,0.0
3770,1.125335827153675,0.0,1.145356311103417,0.0,1.1554243394428274,0.0
3771,1.1254038364368069,0.0,1.1456189335135374,0.0,1.1556893768892633,0.0
3772,1.1254658626514418,0.0,1.1458582657442484,0.0,1.1559292483992236,0.0
3773,1.1255164051920667,0.0,1.1455688858499018,0.0,1.1556375383637574,0.0
3774,1.125611259924838,0.0,1.1470114385676242,0.0,1.1570447267491382,0.0
3775,1.1251755471921039,0.0,1.1395621065715582,0.0,1.1494937841581971,0.0
3776,1.1247650669138243,0.0,1.138763325766052,0.0,1.148792065748366,0.0
3777,1.124345962833045,0.0,1.1389589285231085,0.0,1.1481516223435744,0.0
3778,1.1240821594373769,0.0,1.138660707145896,0.0,1.1477974358127072,0.0
3779,1.1237778791900037,0.0,1.1383994624093898,0.0,1.1474502806009381,0.0
3780,1.123356549610764,0.0,1.1380838656693286,0.0,1.1467245651703806,0.0
3781,1.122987991845889,0.0,1.1373392885454439,0.0,1.14589350425216,0.0
3782,1.1225513860506513,0.0,1.1371292640588637,0.0,1.1453499580105402,0.0
3783,1.122108239000073,0.0,1.1365068904094449,0.0,1.1445254421111173,0.0
3784,1.1216681131039703,0.0,1.1359347895352143,0.0,1.1438177876828635,0.0
3785,1.1212263502002735,0.0,1.1353387254637954,0.0,1.1430729213592894,0.0
3786,1.1209843832689494,0.0,1.1347585002711034,0.0,1.1424770292882056,0.0
3787,1.1229524298800668,0.0,1.1417882779773767,0.0,1.1482058700095354,0.0
3788,1.1234259064314194,0.0,1.1418720967886906,0.0,1.1487363993570838,0.0
3789,1.1239767000404346,0.0,1.1429552778070888,0.0,1.1509082603122878,0.0
3790,1.124318657947757,0.0,1.1430741728992062,0.0,1.1517744892463786,0.0
3791,1.1246137741843478,0.0,1.1434393100443967,0.0,1.153480183557229,0.0
3792,1.1248034499300679,0.0,1.143743775239273,0.0,1.153794072686675,0.0
3793,1.1249559865256042,0.0,1.144437441242176,0.0,1.1544993957001155,0.0
3794,1.1250653831129933,0.0,1.1443750994980997,0.0,1.1544395515537476,0.0
3795,1.1251597607177963,0.0,1.1446562906170605,0.0,1.1547226049735169,0.0
3796,1.1252425698149808,0.0,1.144919074609166,0.0,1.1549869684407048,0.0
3797,1.1253091845819059,0.0,1.1446991814462653,0.0,1.1547639663475262,0.0
3798,1.1253424570131014,0.0,1.1420586111221065,0.0,1.1521634303921684,0.0
3799,1.1248051464048006,0.0,1.1388949535754447,0.0,1.148548060382476,0.0
3800,1.124309817542409,0.0,1.1381769534576969,0.0,1.1478624136071989,0.0
3801,1.1237294722600668,0.0,1.13824133274324,0.0,1.1469639527086928,0.0
3802,1.1233465255212174,0.0,1.1378537661772075,0.0,1.1464451278942136,0.0
3803,1.1230013163369668,0.0,1.137575786401326,0.0,1.146079029792117,0.0
3804,1.1225781877136694,0.0,1.13719241420777,0.0,1.1454216662578993,0.0
3805,1.1222412640877337,0.0,1.1364475834668035,0.0,1.1446897655734178,0.0
3806,1.1218142967199278,0.0,1.1362168308379184,0.0,1.1442047243404831,0.0
3807,1.1213160665517303,0.0,1.1355830414237928,0.0,1.1433632574157357,0.0
3808,1.1208009960338166,0.0,1.1349606833502488,0.0,1.142581309863348,0.0
3809,1.1204038188700305,0.0,1.134387197651341,0.0,1.1419279814777745,0.0
3810,1.1202400502145182,0.0,1.1338853371068824,0.0,1.1414521350628426,0.0
3811,1.1225151593757985,0.0,1.141444473864112,0.0,1.147677490335616,0.0
3812,1.123131888846596,0.0,1.1416480516426744,0.0,1.148477190510982,0.0
3813,1.123733604220061,0.0,1.1428190453143152,0.0,1.1506822915630353,0.0
3814,1.124094106118805,0.0,1.1428774421975096,0.0,1.1512984048635224,0.0
3815,1.1244249902716907,0.0,1.1432322282089205,0.0,1.153277989269403,0.0
3816,1.1246316939970136,0.0,1.1436242093111388,0.0,1.1536799108117588,0.0
3817,1.1247969656190135,0.0,1.1444101439652428,0.0,1.1544765075938417,0.0
3818,1.1249209314814248,0.0,1.1443777362419458,0.0,1.1544474614640143,0.0
3819,1.1250287398680994,0.0,1.144715409494755,0.0,1.1547866895847017,0.0
3820,1.1251232239757265,0.0,1.145026824356658,0.0,1.1551005185432897,0.0
3821,1.1251989276431504,0.0,1.1447678230328902,0.0,1.1548367018209906,0.0
3822,1.1252074489992547,0.0,1.1409817299231033,0.0,1.151072302378739,0.0
3823,1.124662695145677,0.0,1.1385925092958804,0.0,1.1482745221369888,0.0
3824,1.1241543237564027,0.0,1.137707067707213,0.0,1.1475469949178543,0.0
3825,1.1236190984731778,0.0,1.1379634402396424,0.0,1.1467987942896403,0.0
3826,1.1232180032881243,0.0,1.1376366426981306,0.0,1.146250804720312,0.0
3827,1.1228225625917576,0.0,1.1373600078496542,0.0,1.1457979974724573,0.0
3828,1.1225088295042318,0.0,1.1369451868255134,0.0,1.1453358752840719,0.0
3829,1.1222480765772087,0.0,1.1362159812316328,0.0,1.144708367400598,0.0
3830,1.121893895662766,0.0,1.1360747712131636,0.0,1.1443137513750103,0.0
3831,1.1215802676323197,0.0,1.1355551978124814,0.0,1.1437051100787041,0.0
3832,1.1214302211157836,0.0,1.135133762546191,0.0,1.1434254636660095,0.0
3833,1.1211979211410603,0.0,1.134676070812663,0.0,1.1429202704370451,0.0
3834,1.1211690650541348,0.0,1.1343466275672631,0.0,1.1425694939190556,0.0
3835,1.1232777139719654,0.0,1.1424186173273998,0.0,1.1500314503127387,0.0
3836,1.1238370628546603,0.0,1.1423324929578618,0.0,1.1507032086825875,0.0
3837,1.1242280551754011,0.0,1.1435098981127114,0.0,1.1525461451770385,0.0
3838,1.1244687769036406,0.0,1.1435331018032502,0.0,1.152933654769339,0.0
3839,1.1246747184027883,0.0,1.1441464660244978,0.0,1.1541989683336744,0.0
3840,1.124819175560042,0.0,1.1444554958079494,0.0,1.1545135929130095,0.0
3841,1.1249471756578853,0.0,1.1453479955052779,0.0,1.1554206020289932,0.0
3842,1.1250449681190136,0.0,1.1452187263696232,0.0,1.1552907713390645,0.0
3843,1.1251319614778743,0.0,1.1454702668196255,0.0,1.1555459555029952,0.0
3844,1.1252121772532833,0.0,1.1458230228058894,0.0,1.155897916477115,0.0
3845,1.125278390067086,0.0,1.1455536700825857,0.0,1.1556285666077801,0.0
3846,1.1253458925190896,0.0,1.1455639084872886,0.0,1.1556464993699793,0.0
3847,1.1253369564821323,0.0,1.1428381417252187,0.0,1.1528694129227461,0.0
3848,1.125424820137567,0.0,1.1432836154791106,0.0,1.153463892652534,0.0
3849,1.1252236096770902,0.0,1.1407642764667008,0.0,1.150808933416698,0.0
3850,1.125096881407626,0.0,1.1403737764523043,0.0,1.1504236253670448,0.0
3851,1.124937619552193,0.0,1.1400179724315538,0.0,1.150057520092071,0.0
3852,1.12480569591746,0.0,1.139678935956597,0.0,1.1496857473381388,0.0
3853,1.1246585803225753,0.0,1.139509645261838,0.0,1.1492599862395827,0.0
3854,1.1245005659118212,0.0,1.1393225101727544,0.0,1.1488523015645713,0.0
3855,1.1243531689674107,0.0,1.138859359206301,0.0,1.1484699860749055,0.0
3856,1.1248523921725437,0.0,1.1428701848362426,0.0,1.152066126092751,0.0
3857,1.124893259278562,0.0,1.142279051134616,0.0,1.1515497170190616,0.0
3858,1.1249491947655788,0.0,1.1429738202612838,0.0,1.1517947716389028,0.0
3859,1.1250413475012284,0.0,1.1424855805586633,0.0,1.1521036131241449,0.0
3860,1.1250897775223008,0.0,1.1426039012960816,0.0,1.1522653446602333,0.0
3861,1.1252104369302487,0.0,1.143548366126276,0.0,1.153532557160382,0.0
3862,1.1252953050559964,0.0,1.1439255550001501,0.0,1.1539761706244833,0.0
3863,1.1253665401013349,0.0,1.1442635377015573,0.0,1.1543042883044823,0.0
3864,1.1254203351528267,0.0,1.144487317092965,0.0,1.154537342042239,0.0
3865,1.1254704617655311,0.0,1.1451071947420945,0.0,1.155160939518015,0.0
3866,1.1255060107029984,0.0,1.145038539014607,0.0,1.1550956213935648,0.0
3867,1.1255420472847206,0.0,1.1453354756867755,0.0,1.1553955312151503,0.0
3868,1.1255760444800555,0.0,1.145618190399414,0.0,1.1556791920582545,0.0
3869,1.1256006811034684,0.0,1.1453626409356235,0.0,1.1554240774250402,0.0
3870,1.1256293177424215,0.0,1.14534596954699,0.0,1.1554148518879273,0.0
3871,1.1255664481698258,0.0,1.1427369715239755,0.0,1.152765127696598,0.0
3872,1.1255144475135277,0.0,1.1422387256937976,0.0,1.1521761273168907,0.0
3873,1.1254880634304696,0.0,1.142480312235896,0.0,1.1523676218939565,0.0
3874,1.1254612980524705,0.0,1.14270819431777,0.0,1.15250342478417,0.0
3875,1.1254448894888849,0.0,1.1428948900775282,0.0,1.152756908305372,0.0
3876,1.1254246262161396,0.0,1.1427214037987057,0.0,1.1526748276088803,0.0
3877,1.125405028546156,0.0,1.1426285111191643,0.0,1.1526393015536867,0.0
3878,1.1253715855540134,0.0,1.1425918581590597,0.0,1.1525271806052753,0.0
3879,1.1253213250251175,0.0,1.1424726177857505,0.0,1.1523346971689703,0.0
3880,1.1252727905309656,0.0,1.1423459398842921,0.0,1.1522637000709042,0.0
3881,1.1252191718296538,0.0,1.142453600942948,0.0,1.152192810105031,0.0
3882,1.1252173912108134,0.0,1.1430383904449373,0.0,1.1524467933649705,0.0
3883,1.1252073703734127,0.0,1.1429335395520255,0.0,1.1522153810015276,0.0
3884,1.1252556993295344,0.0,1.14288664602758,0.0,1.1526716226551532,0.0
3885,1.1254101297074377,0.0,1.14458166558391,0.0,1.1545134605013763,0.0
3886,1.1254540889757647,0.0,1.1438707311689507,0.0,1.1539081650753766,0.0
3887,1.1255211054473433,0.0,1.1442900356895473,0.0,1.1543244325712205,0.0
3888,1.1255716668257367,0.0,1.144427553464427,0.0,1.1544694613521054,0.0
3889,1.1256159879640375,0.0,1.1449678313256768,0.0,1.1550270689120008,0.0
3890,1.1256433614466606,0.0,1.144887529751519,0.0,1.1549486809864584,0.0
3891,1.1256705522426582,0.0,1.1451613690765299,0.0,1.1552278961915556,0.0
3892,1.1256956781409737,0.0,1.1454414148165037,0.0,1.155508665741729,0.0
3893,1.1257169842168617,0.0,1.145585687790513,0.0,1.1556535736872,0.0
3894,1.126241748280507,0.0,1.1484250941791694,0.0,1.1584298828128228,0.0
3895,1.1258702592585679,0.0,1.143063762741546,0.0,1.152933112591407,0.0
3896,1.1255428534810163,0.0,1.141529294135274,0.0,1.1510919493674394,0.0
3897,1.1252293874111163,0.0,1.1417008666889032,0.0,1.1503678940905844,0.0
3898,1.1249921505145268,0.0,1.1412450977773336,0.0,1.1499676421049598,0.0
3899,1.1247063155964578,0.0,1.1409752867670702,0.0,1.1495250992419173,0.0
3900,1.1243674141849036,0.0,1.1404921642211245,0.0,1.1488141254414443,0.0
3901,1.1240241018434654,0.0,1.1395732222974342,0.0,1.1479013220477603,0.0
3902,1.1235905662264847,0.0,1.1392383006817683,0.0,1.1472827899581348,0.0
3903,1.1231173769921927,0.0,1.1384822680909092,0.0,1.1463568814203857,0.0
3904,1.1225954210912337,0.0,1.1377574449874064,0.0,1.1454703210322104,0.0
3905,1.1221483721641563,0.0,1.1370684954942198,0.0,1.1446717388018468,0.0
3906,1.1218775368740639,0.0,1.1363959340739422,0.0,1.1439966569734068,0.0
3907,1.1234580266278387,0.0,1.1421884098687436,0.0,1.1489092024692948,0.0
3908,1.1238456735910594,0.0,1.1421425790848234,0.0,1.1493275139976717,0.0
3909,1.124337242430704,0.0,1.1430951482564402,0.0,1.1514390888906028,0.0
3910,1.1246418522165653,0.0,1.1431199832094918,0.0,1.1523068285470748,0.0
3911,1.1248766256571092,0.0,1.143490264986027,0.0,1.1535335369678859,0.0
3912,1.1250252134810206,0.0,1.1437549921556696,0.0,1.1538053412823859,0.0
3913,1.1251427955462978,0.0,1.1443632103986328,0.0,1.1544258471088271,0.0
3914,1.1252280117090425,0.0,1.1443158110001939,0.0,1.154378787462176,0.0
3915,1.1253036585345586,0.0,1.1446236732052917,0.0,1.1546921746066632,0.0
3916,1.1253709540910957,0.0,1.1449343933251421,0.0,1.155002624241713,0.0
3917,1.125422988294014,0.0,1.144705050254972,0.0,1.154772603832443,0.0
3918,1.1256088114353509,0.0,1.1476287488791954,0.0,1.1576453713838346,0.0
3919,1.1252423517063725,0.0,1.1399383629776647,0.0,1.1498386004071064,0.0
3920,1.1248153836151282,0.0,1.1389393876663967,0.0,1.148970613000325,0.0
3921,1.1243681235279335,0.0,1.1391247376939435,0.0,1.1482401350098275,0.0
3922,1.1241310163322589,0.0,1.1395741066691152,0.0,1.1480765515014117,0.0
3923,1.1235319838169502,0.0,1.1386845847203044,0.0,1.1469996269703633,0.0
3924,1.1230255044511783,0.0,1.1381223019358546,0.0,1.146191780211531,0.0
3925,1.1226015382399095,0.0,1.1372738644288412,0.0,1.1453512836289954,0.0
3926,1.122110473208847,0.0,1.1369010460672586,0.0,1.1447725801268507,0.0
3927,1.1215999325512076,0.0,1.1361746864092348,0.0,1.1439025347271938,0.0
3928,1.121148984703554,0.0,1.1355455002401216,0.0,1.1432081065735722,0.0
3929,1.12065955750451,0.0,1.1348990390239442,0.0,1.1424057669644632,0.0
3930,1.1203762627415734,0.0,1.1343065198135083,0.0,1.1417613815503371,0.0
3931,1.122497587155227,0.0,1.1412552585274587,0.0,1.1474632505458129,0.0
3932,1.1230520495816687,0.0,1.1414244165122245,0.0,1.1481413504225697,0.0
3933,1.1236689276403402,0.0,1.1425081900426817,0.0,1.1502272604923485,0.0
3934,1.1240509480244079,0.0,1.142692285056625,0.0,1.150976323074978,0.0
3935,1.1243970213673964,0.0,1.1428881492864185,0.0,1.1529272308797538,0.0
3936,1.1245988607861914,0.0,1.1431143881380827,0.0,1.1531581079129305,0.0
3937,1.1247587949147382,0.0,1.143527837548888,0.0,1.1535807854533702,0.0
3938,1.1248767647185558,0.0,1.1434285853805684,0.0,1.15348221908415,0.0
3939,1.1249829289905373,0.0,1.1436557185004013,0.0,1.15371423311168,0.0
3940,1.1250772572526142,0.0,1.143906634802436,0.0,1.1539653644685477,0.0
3941,1.125151897611914,0.0,1.143759212275537,0.0,1.153817754544285,0.0
3942,1.125174948542485,0.0,1.1411636107363796,0.0,1.1512437815903,0.0
3943,1.12458282054692,0.0,1.1387684488223622,0.0,1.148155812768285,0.0
3944,1.1240007351291204,0.0,1.1378129128872467,0.0,1.1473658120349843,0.0
3945,1.1232442689549396,0.0,1.1379448940243166,0.0,1.146212064704165,0.0
3946,1.1226667930225407,0.0,1.1374554966440764,0.0,1.1454099574626817,0.0
3947,1.1221229251458518,0.0,1.1369760658770929,0.0,1.1447801675907252,0.0
3948,1.1215702839579897,0.0,1.1363607114378484,0.0,1.1440164535076653,0.0
3949,1.121117379497917,0.0,1.1355227543226936,0.0,1.1432202875106514,0.0
3950,1.1205974839856931,0.0,1.1350945017602045,0.0,1.1426288575628492,0.0
3951,1.120058543242596,0.0,1.1343505202757587,0.0,1.141768645823412,0.0
3952,1.1195122439327412,0.0,1.1336496807536176,0.0,1.140965338274483,0.0
3953,1.1190516488072153,0.0,1.1330146679515996,0.0,1.140248223280591,0.0
3954,1.1187971822827134,0.0,1.1324944738251976,0.0,1.1396883359957495,0.0
3955,1.121389473897744,0.0,1.140077384421806,0.0,1.1459470411382344,0.0
3956,1.1220845550721144,0.0,1.14039717644535,0.0,1.1468095180904097,0.0
3957,1.1227762272366522,0.0,1.1415694065782755,0.0,1.1486515866413631,0.0
3958,1.1232166198321543,0.0,1.1419208467063622,0.0,1.1493698546093787,0.0
3959,1.12373900677855,0.0,1.1420111766143004,0.0,1.1520421672819845,0.0
3960,1.124018825094167,0.0,1.142293453841823,0.0,1.152306113619856,0.0
3961,1.1242346482634755,0.0,1.1426926441784477,0.0,1.1526358194486634,0.0
3962,1.1243977502042835,0.0,1.1427227238481616,0.0,1.1526134620556865,0.0
3963,1.1245435228932326,0.0,1.1429508475575043,0.0,1.1528297559782672,0.0
3964,1.1246772632541893,0.0,1.143232956979332,0.0,1.1531092455843583,0.0
3965,1.1247823767970484,0.0,1.1431441551512649,0.0,1.153063042167581,0.0
3966,1.1246237402380748,0.0,1.1391670709927644,0.0,1.14910944034504,0.0
3967,1.123702797489998,0.0,1.1380524055484211,0.0,1.146623289512683,0.0
3968,1.123074315675006,0.0,1.1366950416391626,0.0,1.1458356584321658,0.0
3969,1.1222889219216565,0.0,1.136708734359009,0.0,1.1447595192432622,0.0
3970,1.1216880280759316,0.0,1.136198947522574,0.0,1.143951316656,0.0
3971,1.1211906300231504,0.0,1.1357347447444066,0.0,1.1434066080286605,0.0
3972,1.1206600935859787,0.0,1.1351662824601698,0.0,1.1426914623608677,0.0
3973,1.1202080805952976,0.0,1.1343848799852718,0.0,1.1419068534169636,0.0
3974,1.1197697925481205,0.0,1.1340226512103766,0.0,1.1414391014089333,0.0
3975,1.1192369332613883,0.0,1.1333179334800159,0.0,1.140609895343852,0.0
3976,1.1186672390576773,0.0,1.1326138407278794,0.0,1.1397930244332135,0.0
3977,1.1181876822738077,0.0,1.1319607827663922,0.0,1.1390599277785671,0.0
3978,1.1179950552473774,0.0,1.1314947605798722,0.0,1.1385963736593236,0.0
3979,1.1208275693821994,0.0,1.1395194314919959,0.0,1.1452006133699064,0.0
3980,1.1215420293642988,0.0,1.1397348649455223,0.0,1.1459383823075338,0.0
3981,1.1223610599314275,0.0,1.1411168034187207,0.0,1.14803399612938,0.0
3982,1.1228885039123653,0.0,1.1415788325916503,0.0,1.1488596767526882,0.0
3983,1.123482283338071,0.0,1.1417445707551996,0.0,1.151780685807951,0.0
3984,1.1238169381774588,0.0,1.1421064888880859,0.0,1.1521388090803728,0.0
3985,1.12408210993103,0.0,1.1426578650263381,0.0,1.152713101007994,0.0
3986,1.1242820587239049,0.0,1.1426707215082255,0.0,1.152729507496845,0.0
3987,1.1244491689185279,0.0,1.1430022911051996,0.0,1.1530671997543909,0.0
3988,1.124591210705455,0.0,1.1433594043417488,0.0,1.1534240458711034,0.0
3989,1.124703991323416,0.0,1.1432175616605629,0.0,1.1532812284281087,0.0
3990,1.1245963167771635,0.0,1.1387078063880034,0.0,1.1487546659873955,0.0
3991,1.1238731826214565,0.0,1.1375645945811061,0.0,1.1467446241719788,0.0
3992,1.1234017416774245,0.0,1.1365957884361986,0.0,1.1462714139058467,0.0
3993,1.1228043821699305,0.0,1.1367865951658829,0.0,1.14544969157036,0.0
3994,1.1223791848778788,0.0,1.1364522041657446,0.0,1.1448901089680135,0.0
3995,1.122008446840196,0.0,1.136175450177508,0.0,1.144502212461298,0.0
3996,1.1216346269002622,0.0,1.1357831032756351,0.0,1.1439603368060833,0.0
3997,1.121325293977814,0.0,1.1350974219581789,0.0,1.1432968029665518,0.0
3998,1.1209791038953267,0.0,1.1349404888646693,0.0,1.1429357693816384,0.0
3999,1.1207070384500024,0.0,1.134456413946252,0.0,1.1424049056583656,0.0
4000,1.1206518007700257,0.0,1.1340884296215736,0.0,1.14226433118972,0.0
4001,1.1204739660538128,0.0,1.1336816299917118,0.0,1.1418477593674639,0.0
4002,1.1204281282348867,0.0,1.1334257149822602,0.0,1.1414939781334679,0.0
4003,1.1227104748826604,0.0,1.1417529468170369,0.0,1.1489105286239896,0.0
4004,1.1233297486564846,0.0,1.1417483991313506,0.0,1.1496883173009862,0.0
4005,1.1237693384156424,0.0,1.1429191134684893,0.0,1.1514886523173107,0.0
4006,1.1240383327285657,0.0,1.142904940810634,0.0,1.1517606797899047,0.0
4007,1.1242918988263015,0.0,1.1434252266357694,0.0,1.1534779604893044,0.0
4008,1.124467263500404,0.0,1.1438523411426131,0.0,1.1539117799970418,0.0
4009,1.124615727244927,0.0,1.144677141333792,0.0,1.1547504328874159,0.0
4010,1.1247313894662487,0.0,1.1445929087121498,0.0,1.1546662018565375,0.0
4011,1.1248346354644376,0.0,1.1449263437603812,0.0,1.1550041520179306,0.0
4012,1.1249268461579485,0.0,1.1452346804893685,0.0,1.1553109261656176,0.0
4013,1.1250031313779414,0.0,1.1449591424617083,0.0,1.1550344264584267,0.0
4014,1.1250783891440304,0.0,1.1449587984563172,0.0,1.1550400070610682,0.0
4015,1.125039686590194,0.0,1.1421926887285359,0.0,1.1520005983196047,0.0
4016,1.1250597492740875,0.0,1.1417772420306136,0.0,1.150893506911279,0.0
4017,1.124746499443119,0.0,1.1405797317875532,0.0,1.149533089025981,0.0
4018,1.1245344029760251,0.0,1.1401429342961367,0.0,1.1491087396500748,0.0
4019,1.124319439395081,0.0,1.1396318677634065,0.0,1.1487329001701962,0.0
4020,1.1241529434320912,0.0,1.139255373688337,0.0,1.1483424551343546,0.0
4021,1.1239950723710124,0.0,1.1389292969817961,0.0,1.1479709653680894,0.0
4022,1.1238590425675914,0.0,1.1385657115282772,0.0,1.147672701486273,0.0
4023,1.1237524596643027,0.0,1.1380016311387993,0.0,1.1474387371065482,0.0
4024,1.1244522193067903,0.0,1.142322197920225,0.0,1.151824414544695,0.0
4025,1.1245830275661601,0.0,1.1417038342165353,0.0,1.1515578056927163,0.0
4026,1.1247613060446344,0.0,1.142633714648561,0.0,1.1526622639923692,0.0
4027,1.124867712906258,0.0,1.142577393577378,0.0,1.1526136397734161,0.0
4028,1.1249410292292203,0.0,1.1427098696714062,0.0,1.1527477805116513,0.0
4029,1.1250472919983765,0.0,1.14373598973739,0.0,1.1537802710917233,0.0
4030,1.1251157843212116,0.0,1.1438376447503342,0.0,1.15389455204457,0.0
4031,1.125185388893723,0.0,1.1443784860677495,0.0,1.1544253251376433,0.0
4032,1.1252353535906956,0.0,1.1446289588261236,0.0,1.154682179350541,0.0
4033,1.1252859876549375,0.0,1.145309637939097,0.0,1.1553692378194953,0.0
4034,1.1253238979873714,0.0,1.1451781191198676,0.0,1.1552382513229402,0.0
4035,1.1253632400815636,0.0,1.1454780001122902,0.0,1.1555431407664438,0.0
4036,1.1254003543384896,0.0,1.145751361614851,0.0,1.1558162627747888,0.0
4037,1.1254281427823334,0.0,1.1454342941336932,0.0,1.155497913353351,0.0
4038,1.1254586255690366,0.0,1.1452995705182827,0.0,1.1553706513768809,0.0
4039,1.1253953134272856,0.0,1.1425156096956344,0.0,1.1525446004318627,0.0
4040,1.1253406290403094,0.0,1.1420141065792462,0.0,1.151911718271723,0.0
4041,1.1253131958410545,0.0,1.1422678110365723,0.0,1.1520991177581874,0.0
4042,1.1252846742482117,0.0,1.1425185561369946,0.0,1.1522255309533875,0.0
4043,1.1252731934246596,0.0,1.1426768744493614,0.0,1.1525359139896605,0.0
4044,1.12525507084078,0.0,1.1425010100892834,0.0,1.152440481087709,0.0
4045,1.1252406426967863,0.0,1.1423952084032225,0.0,1.152394428809715,0.0
4046,1.1252225682943113,0.0,1.142344472659598,0.0,1.1523252540869744,0.0
4047,1.1251850540945205,0.0,1.1422202056631723,0.0,1.1521071868761263,0.0
4048,1.125149144251817,0.0,1.1421374744773907,0.0,1.1520188271474536,0.0
4049,1.1251131577037303,0.0,1.1420896234810072,0.0,1.1519795095336713,0.0
4050,1.12516217395833,0.0,1.1427836104453453,0.0,1.1526152161631134,0.0
4051,1.1251778610739627,0.0,1.1426022950941372,0.0,1.1523670045891665,0.0
4052,1.12519785614227,0.0,1.142635935877337,0.0,1.1525007831933307,0.0
4053,1.125276872814951,0.0,1.1434404501010111,0.0,1.1533551869147896,0.0
4054,1.1253442570884715,0.0,1.1436964500146376,0.0,1.1537390209219383,0.0
4055,1.1254097131060268,0.0,1.1441875246944504,0.0,1.154224274338675,0.0
4056,1.1254533046392734,0.0,1.144403330756465,0.0,1.1544490891463852,0.0
4057,1.1254937748866654,0.0,1.1450093495965517,0.0,1.1550697441574433,0.0
4058,1.1255183201638734,0.0,1.1448930687336247,0.0,1.1549577501454007,0.0
4059,1.1255426221914486,0.0,1.1451270972614607,0.0,1.155193319625787,0.0
4060,1.125565410511813,0.0,1.1453596920073519,0.0,1.1554292591503468,0.0
4061,1.1255853937768208,0.0,1.145482339042256,0.0,1.1555492102211142,0.0
4062,1.1261267111081994,0.0,1.148360567186117,0.0,1.1583654159330568,0.0
4063,1.125761088395831,0.0,1.1431752160971096,0.0,1.1531861099056118,0.0
4064,1.125477341665773,0.0,1.1411901553160662,0.0,1.151240070301343,0.0
4065,1.1252396182572335,0.0,1.1412978260077213,0.0,1.1506482320318625,0.0
4066,1.125032014710487,0.0,1.1409377453258478,0.0,1.1502205350889416,0.0
4067,1.1248364981278285,0.0,1.140727328057903,0.0,1.1499858861343832,0.0
4068,1.1245866708979686,0.0,1.1403631624391595,0.0,1.1493985630252497,0.0
4069,1.1243681440578575,0.0,1.139513889299148,0.0,1.14865728052019,0.0
4070,1.1240701783120237,0.0,1.139419815920372,0.0,1.1482188868332894,0.0
4071,1.1237361290521728,0.0,1.1388347493334832,0.0,1.1474101582629197,0.0
4072,1.1235648634484179,0.0,1.1382878887597911,0.0,1.147061766187191,0.0
4073,1.1233383968571253,0.0,1.1377295961940965,0.0,1.1464773784688935,0.0
4074,1.1232238320687633,0.0,1.1372716017067368,0.0,1.1459189693387748,0.0
4075,1.124443291080753,0.0,1.1432489546737303,0.0,1.152442642008035,0.0
4076,1.124742412669494,0.0,1.1428938466032734,0.0,1.1525524987840163,0.0
4077,1.1249655149962408,0.0,1.1440008564972814,0.0,1.1540826321246729,0.0
4078,1.1250809000167314,0.0,1.1438907347795544,0.0,1.1539457968461058,0.0
4079,1.1251790545953768,0.0,1.1443893799240654,0.0,1.1544358255070106,0.0
4080,1.1252488699715868,0.0,1.1445267671857187,0.0,1.154578607161683,0.0
4081,1.1253193079323782,0.0,1.1453405328454052,0.0,1.1554043619242351,0.0
4082,1.125367470702726,0.0,1.1451448943254268,0.0,1.1552092000147884,0.0
4083,1.125411973077485,0.0,1.145325362342466,0.0,1.15539318980005,0.0
4084,1.1254556600372747,0.0,1.1456282449181094,0.0,1.1556963391084507,0.0
4085,1.1254953671497074,0.0,1.1458026412254405,0.0,1.1558716822435,0.0
4086,1.1256816032215327,0.0,1.1477753244245283,0.0,1.1577892401352563,0.0
4087,1.125314782932866,0.0,1.1401406642458423,0.0,1.150100733508688,0.0
4088,1.1249154043147447,0.0,1.1392326143022395,0.0,1.1492663579542228,0.0
4089,1.1244703709402235,0.0,1.139451376979018,0.0,1.1485038810724755,0.0
4090,1.1240504056629002,0.0,1.139217413873208,0.0,1.1478109573421078,0.0
4091,1.1236955411545593,0.0,1.138873953797688,0.0,1.1473802825531823,0.0
4092,1.123383253878671,0.0,1.138399998298905,0.0,1.1468726111287226,0.0
4093,1.1231082609161938,0.0,1.1376212050472019,0.0,1.1461871061597741,0.0
4094,1.1227620263992326,0.0,1.1374793128481273,0.0,1.1457800267554652,0.0
4095,1.1224377059365962,0.0,1.1369325000678188,0.0,1.145124323633413,0.0
4096,1.122063437408249,0.0,1.1364335522100668,0.0,1.1444723778145363,0.0
4097,1.121764136618474,0.0,1.135879455481789,0.0,1.1438919129831084,0.0
4098,1.1216921463175766,0.0,1.1354544192988358,0.0,1.143519950265014,0.0
4099,1.1235268035474424,0.0,1.142502180607186,0.0,1.1501827789845556,0.0
4100,1.1240363417806896,0.0,1.1424424435119236,0.0,1.1510445378813252,0.0
4101,1.124404598580147,0.0,1.1434732871288658,0.0,1.1529087719742313,0.0
4102,1.1246220834850629,0.0,1.1433997915467442,0.0,1.153226766508454,0.0
4103,1.1247963880190512,0.0,1.1438983582559648,0.0,1.153944874016354,0.0
4104,1.124919391813905,0.0,1.1440747680385575,0.0,1.1541273044019749,0.0
4105,1.1250269710328915,0.0,1.1447145309795528,0.0,1.1547777367621874,0.0
4106,1.1251067510958537,0.0,1.1445335804477663,0.0,1.154596911237124,0.0
4107,1.1251806502620354,0.0,1.1447904662307253,0.0,1.1548568501783774,0.0
4108,1.1252503679732586,0.0,1.1451799171262007,0.0,1.1552476628861759,0.0
4109,1.125302912548111,0.0,1.144868860967105,0.0,1.1549343978118438,0.0
4110,1.1253760380695068,0.0,1.145993714723633,0.0,1.1560464613121015,0.0
4111,1.1249094350991886,0.0,1.1390533674202143,0.0,1.148937139702423,0.0
4112,1.124481161938108,0.0,1.1382286964359478,0.0,1.14825878451557,0.0
4113,1.124045775157512,0.0,1.1384150707570295,0.0,1.1476074192966215,0.0
4114,1.1236996846224987,0.0,1.1381311100826967,0.0,1.1471005610135878,0.0
4115,1.1233842500107658,0.0,1.1379147734951456,0.0,1.1467584108098587,0.0
4116,1.1230406358417122,0.0,1.1375722925220002,0.0,1.1462025888321725,0.0
4117,1.1227617810053339,0.0,1.1368591640961718,0.0,1.1455226308761417,0.0
4118,1.122425060484994,0.0,1.1367663706006323,0.0,1.1451497275265068,0.0
4119,1.122125106879385,0.0,1.136267424189923,0.0,1.1445479203645044,0.0
4120,1.121862474878864,0.0,1.135842420950989,0.0,1.14408462145122,0.0
4121,1.1216133380268662,0.0,1.1353553121266768,0.0,1.1435566910355848,0.0
4122,1.1216135843030492,0.0,1.1349603849537955,0.0,1.1432435221980068,0.0
4123,1.1234840891207152,0.0,1.1425291705872471,0.0,1.1502577601888304,0.0
4124,1.123990660876136,0.0,1.1424052483622202,0.0,1.150966861182268,0.0
4125,1.124358624760249,0.0,1.1435781947828694,0.0,1.1529472078322904,0.0
4126,1.124576314657423,0.0,1.1435111670877829,0.0,1.1533285065576404,0.0
4127,1.1247522363122835,0.0,1.144167734212435,0.0,1.15421823611742,0.0
4128,1.1248817571390113,0.0,1.1445362995048998,0.0,1.1545957923950876,0.0
4129,1.1249930469641225,0.0,1.145302364660869,0.0,1.1553722599705039,0.0
4130,1.1250783143308607,0.0,1.1451565845282696,0.0,1.1552294616226246,0.0
4131,1.1251553265700167,0.0,1.1454462796142995,0.0,1.155520489651001,0.0
4132,1.1252244941971483,0.0,1.1457110054520128,0.0,1.155786563931888,0.0
4133,1.1252804397133864,0.0,1.145400639209234,0.0,1.155472502648936,0.0
4134,1.125339379678655,0.0,1.145434250191064,0.0,1.1555083579744656,0.0
4135,1.1249088725237573,0.0,1.1388555277415282,0.0,1.1488481236546146,0.0
4136,1.124509274518357,0.0,1.1382451504543638,0.0,1.148287449197883,0.0
4137,1.1241306176994958,0.0,1.138386764344639,0.0,1.1477150156101121,0.0
4138,1.1238488224767915,0.0,1.1381208782684586,0.0,1.1473211142416084,0.0
4139,1.1235947213140178,0.0,1.1379166220443626,0.0,1.1471050751147176,0.0
4140,1.1233202796655666,0.0,1.13757665449001,0.0,1.1466703347386515,0.0
4141,1.123067073513257,0.0,1.136853855816608,0.0,1.1460043532122732,0.0
4142,1.1227299360684642,0.0,1.1368087456298928,0.0,1.1456249127299276,0.0
4143,1.1223202619900008,0.0,1.1363270318995293,0.0,1.1448148845442143,0.0
4144,1.1218640561642825,0.0,1.1358346790863938,0.0,1.1440324502173,0.0
4145,1.1214540536654731,0.0,1.1353057106206315,0.0,1.143276514630508,0.0
4146,1.1212528834129942,0.0,1.1346727083450183,0.0,1.1426439204698697,0.0
4147,1.12320396486301,0.0,1.1419868959976072,0.0,1.1487205325483785,0.0
4148,1.1237161820057606,0.0,1.1420008618918418,0.0,1.149436389693051,0.0
4149,1.1242034309850875,0.0,1.1429710947245004,0.0,1.1522496969794853,0.0
4150,1.1244758022711925,0.0,1.143374102354211,0.0,1.153151237351589,0.0
4151,1.12467034971717,0.0,1.143857239026514,0.0,1.153908473139336,0.0
4152,1.124813338287192,0.0,1.144261376755542,0.0,1.1543207676297529,0.0
4153,1.124933667997548,0.0,1.1450443524545368,0.0,1.1551172290216725,0.0
4154,1.1250258772463355,0.0,1.1449514901171078,0.0,1.1550267693773864,0.0
4155,1.12510845740877,0.0,1.1452607028996276,0.0,1.1553329093941151,0.0
4156,1.125183881681725,0.0,1.1455083254156728,0.0,1.1555722386486202,0.0
4157,1.1252454628207642,0.0,1.1452941192471544,0.0,1.1553524426613264,0.0
4158,1.1253040298339008,0.0,1.1451026622202214,0.0,1.1551700855182596,0.0
4159,1.124846042968703,0.0,1.1389292068157368,0.0,1.1489482707350396,0.0
4160,1.1244217934877367,0.0,1.1381049801402778,0.0,1.1481355715319412,0.0
4161,1.124007448466894,0.0,1.1382465626629537,0.0,1.1475017952658986,0.0
4162,1.1236407986431314,0.0,1.1379596016229547,0.0,1.146896173915023,0.0
4163,1.1232737409187714,0.0,1.13774925960517,0.0,1.1465168222673707,0.0
4164,1.1229052278608271,0.0,1.1373309935494134,0.0,1.1459455884300953,0.0
4165,1.1226175926787778,0.0,1.1365340260018946,0.0,1.1452644270020336,0.0
4166,1.1222369200185203,0.0,1.1363963746454147,0.0,1.1448223228142345,0.0
4167,1.121827084605719,0.0,1.1358059723837195,0.0,1.144039975151655,0.0
4168,1.1213559612816832,0.0,1.135251474184501,0.0,1.1432475724193827,0.0
4169,1.120969805412782,0.0,1.1347172385675075,0.0,1.1425527598468437,0.0
4170,1.1207766449855363,0.0,1.1341268187019022,0.0,1.1419663552939145,0.0
4171,1.1230215741130727,0.0,1.1419614474859496,0.0,1.1489756258321648,0.0
4172,1.1235686835722696,0.0,1.1419175676573383,0.0,1.1494798175247756,0.0
4173,1.1240235005914694,0.0,1.1429387208336854,0.0,1.1514738486583118,0.0
4174,1.124318393991736,0.0,1.1430197748272766,0.0,1.1524336628213139,0.0
4175,1.1245466672738733,0.0,1.1437150360765742,0.0,1.1537670791375652,0.0
4176,1.1247056421270512,0.0,1.1441509327370931,0.0,1.154211224827166,0.0
4177,1.1248368867450704,0.0,1.1449518633917208,0.0,1.1550261438816092,0.0
4178,1.1249374416958167,0.0,1.144869512129097,0.0,1.154945067475609,0.0
4179,1.1250287714537988,0.0,1.1451830417339919,0.0,1.1552554719131658,0.0
4180,1.125112424557398,0.0,1.1454241681814556,0.0,1.155485607472406,0.0
4181,1.1251807620754897,0.0,1.1452140666574468,0.0,1.1552714127931762,0.0
4182,1.125248842690637,0.0,1.1452677492757097,0.0,1.1553344921610755,0.0
4183,1.1252263076126017,0.0,1.1426319761787485,0.0,1.1527164345630143,0.0
4184,1.1253057528108719,0.0,1.1426934991241477,0.0,1.1524078031747667,0.0
4185,1.1250272259687002,0.0,1.1406749217433283,0.0,1.1500338944895356,0.0
4186,1.124816653355597,0.0,1.140395644705622,0.0,1.1495789406579873,0.0
4187,1.124598281583887,0.0,1.1399209912905257,0.0,1.1491973172497587,0.0
4188,1.1244367851905586,0.0,1.1395470073324079,0.0,1.1488196864655218,0.0
4189,1.124291959796116,0.0,1.1392207291707628,0.0,1.1484694630373546,0.0
4190,1.1241379728548873,0.0,1.1388643826832416,0.0,1.148103884201683,0.0
4191,1.1239698925851274,0.0,1.138326889804146,0.0,1.147694263040622,0.0
4192,1.1245428475218378,0.0,1.1425025924189987,0.0,1.1512125625872383,0.0
4193,1.1245816649205187,0.0,1.141923315579619,0.0,1.150712669439244,0.0
4194,1.1247001305794133,0.0,1.1425490554288038,0.0,1.1512869872304272,0.0
4195,1.1248552397938278,0.0,1.1420207503689037,0.0,1.1519044036090105,0.0
4196,1.124950652292108,0.0,1.1422913236647132,0.0,1.1522531511638292,0.0
4197,1.125089248599624,0.0,1.1435306733518595,0.0,1.153573660294531,0.0
4198,1.1251691256855083,0.0,1.1435957218366115,0.0,1.153652059318893,0.0
4199,1.1252440657813068,0.0,1.1441854874236057,0.0,1.1542322745658882,0.0
4200,1.1252957780150639,0.0,1.1444193308812516,0.0,1.1544725553714805,0.0
4201,1.1253457260303101,0.0,1.145015888956069,0.0,1.1550755941247524,0.0
4202,1.125382387099528,0.0,1.1449096627290114,0.0,1.1549699782497187,0.0
4203,1.125419235199252,0.0,1.1451801598697502,0.0,1.1552446945309836,0.0
4204,1.1254540989014428,0.0,1.145441226046988,0.0,1.1555059688536227,0.0
4205,1.1254808736158348,0.0,1.145165243030723,0.0,1.1552290239453282,0.0
4206,1.1255129745374859,0.0,1.14522041656134,0.0,1.155294342399794,0.0
4207,1.125453826464235,0.0,1.142542531772974,0.0,1.1525720972504392,0.0
4208,1.125406039709155,0.0,1.1420015290011893,0.0,1.152022092792774,0.0
4209,1.1253766782899222,0.0,1.1422780500162533,0.0,1.1521742648197344,0.0
4210,1.1254151508799435,0.0,1.1433303315405683,0.0,1.1532575366996143,0.0
4211,1.1253522460025172,0.0,1.1426760577734874,0.0,1.1525960215167,0.0
4212,1.125311782192348,0.0,1.1424403314073328,0.0,1.1523864126288696,0.0
4213,1.1252746691616606,0.0,1.1423134164155573,0.0,1.1522746642428208,0.0
4214,1.1252314312084495,0.0,1.142243612069855,0.0,1.152155038038208,0.0
4215,1.1251832910948587,0.0,1.1421461490837144,0.0,1.151997823286034,0.0
4216,1.125152608144495,0.0,1.1421319528898617,0.0,1.1520130846431833,0.0
4217,1.1251174998023683,0.0,1.142094400785198,0.0,1.1520505533755825,0.0
4218,1.125159564588872,0.0,1.142754864631939,0.0,1.152671849472226,0.0
4219,1.1251875310260742,0.0,1.1427186768873439,0.0,1.152654170802667,0.0
4220,1.1252246611883525,0.0,1.1429206665515432,0.0,1.1529424370598078,0.0
4221,1.1252901968437155,0.0,1.1435948885103653,0.0,1.1536186862808668,0.0
4222,1.1253313529691609,0.0,1.143752678377599,0.0,1.1537884167273216,0.0
4223,1.1253816593200754,0.0,1.1440616371530465,0.0,1.1540912766093745,0.0
4224,1.1254238004844215,0.0,1.1441347092220757,0.0,1.1541713705235386,0.0
4225,1.1254764149181582,0.0,1.144633277909137,0.0,1.1546857999362266,0.0
4226,1.1255043172394323,0.0,1.1444445759796915,0.0,1.1545017413669927,0.0
4227,1.1255252653618248,0.0,1.144501065298538,0.0,1.15455863336876,0.0
4228,1.1255458776007854,0.0,1.1446420614324426,0.0,1.1547017016763286,0.0
4229,1.1255658609606416,0.0,1.1448068845390953,0.0,1.1548653142202099,0.0
4230,1.1260385162170599,0.0,1.1482604190144976,0.0,1.1582659228866985,0.0
4231,1.1256784979614936,0.0,1.1425184570841955,0.0,1.1521571925209533,0.0
4232,1.1253434213583258,0.0,1.140901699859729,0.0,1.150747932943466,0.0
4233,1.1249415612475864,0.0,1.1413135124708962,0.0,1.1498165844722423,0.0
4234,1.124497370649245,0.0,1.1409932101911344,0.0,1.148959812794482,0.0
4235,1.1241015804093586,0.0,1.1405255358100803,0.0,1.1484200767799333,0.0
4236,1.1236326238345749,0.0,1.139898808656611,0.0,1.1475933674124987,0.0
4237,1.1232213370641548,0.0,1.1389652276317748,0.0,1.1467086406416767,0.0
4238,1.1227733012590897,0.0,1.1385000684573419,0.0,1.1461309275087361,0.0
4239,1.1222560120503884,0.0,1.13768813799802,0.0,1.1451999897171008,0.0
4240,1.121667810676013,0.0,1.1368584875580345,0.0,1.1442445116448992,0.0
4241,1.121165976939621,0.0,1.1361030160754009,0.0,1.1433922190265653,0.0
4242,1.120875577664464,0.0,1.1354551164541764,0.0,1.1427278290432832,0.0
4243,1.1226300957796558,0.0,1.1413597934629356,0.0,1.1476053673330353,0.0
4244,1.1230347068813615,0.0,1.1413683177897747,0.0,1.1479927846944689,0.0
4245,1.1235509137360373,0.0,1.1421810893128186,0.0,1.14949477385513,0.0
4246,1.1239887311070347,0.0,1.1426397578747087,0.0,1.150738145590294,0.0
4247,1.1243617431057953,0.0,1.1427121397014213,0.0,1.1527465715614946,0.0
4248,1.1245711325644956,0.0,1.1429649952404808,0.0,1.1530068909691937,0.0
4249,1.1247361020830842,0.0,1.1433998474611453,0.0,1.1534499675133223,0.0
4250,1.1248611096403798,0.0,1.1433468954285988,0.0,1.1534040412726787,0.0
4251,1.1249703333607972,0.0,1.1436641976244675,0.0,1.1537253382094166,0.0
4252,1.1250649712532828,0.0,1.1440643253014955,0.0,1.1541305407640643,0.0
4253,1.1251367528749718,0.0,1.1438995010090744,0.0,1.1539617021160469,0.0
4254,1.1252916157105923,0.0,1.147029472864517,0.0,1.1570550059678482,0.0
4255,1.124815294053927,0.0,1.1394669664247397,0.0,1.1488370997490964,0.0
4256,1.12431635779551,0.0,1.1387331909763598,0.0,1.148055505404592,0.0
4257,1.1235765130435622,0.0,1.1387583438204842,0.0,1.1468295054642506,0.0
4258,1.1230318917210327,0.0,1.1382187893856643,0.0,1.1460519574677375,0.0
4259,1.1225477570309461,0.0,1.137734135328651,0.0,1.1454983138217432,0.0
4260,1.1220470372954843,0.0,1.1371235739350665,0.0,1.1447770404638111,0.0
4261,1.1216141995369766,0.0,1.1362715634041904,0.0,1.1439759942206031,0.0
4262,1.1210778584003687,0.0,1.1358223063199115,0.0,1.1433408453949594,0.0
4263,1.1205314453286324,0.0,1.1350483617982834,0.0,1.142449874344096,0.0
4264,1.1200695143641106,0.0,1.1343824067784345,0.0,1.141754366021679,0.0
4265,1.1196159298596744,0.0,1.1337510809521663,0.0,1.1410325268693993,0.0
4266,1.1192898311259467,0.0,1.133155638648392,0.0,1.1403530588219442,0.0
4267,1.1216422106519126,0.0,1.1403485260881447,0.0,1.1462172031198388,0.0
4268,1.1222369571484676,0.0,1.140524343046306,0.0,1.1468823061863394,0.0
4269,1.1229075303285516,0.0,1.1415940999953098,0.0,1.1486957715776343,0.0
4270,1.1233904321353878,0.0,1.1421256159685835,0.0,1.1497194222702876,0.0
4271,1.1238712730540388,0.0,1.142157311751877,0.0,1.1521926004366259,0.0
4272,1.1241419910709434,0.0,1.1424539205714905,0.0,1.1524952683407206,0.0
4273,1.1243574746989,0.0,1.1429330127545678,0.0,1.1529844614811973,0.0
4274,1.1245206395371894,0.0,1.1428990702495583,0.0,1.1529557849753902,0.0
4275,1.1246607228856427,0.0,1.1431774692230323,0.0,1.1532385172914956,0.0
4276,1.124780041252642,0.0,1.1435185299987263,0.0,1.1535832582375167,0.0
4277,1.1248720669725192,0.0,1.1433481669276209,0.0,1.1534083894076637,0.0
4278,1.1248857015038682,0.0,1.1400870923356519,0.0,1.1501638991145857,0.0
4279,1.1242415395314682,0.0,1.1384090793006696,0.0,1.1475095095951973,0.0
4280,1.1236988519147373,0.0,1.1372156859772857,0.0,1.1468133126501114,0.0
4281,1.1229947072730784,0.0,1.1373611520877611,0.0,1.1457751848899433,0.0
4282,1.122409073011579,0.0,1.1369760110784621,0.0,1.1449649271320155,0.0
4283,1.1218893619154027,0.0,1.1365385976442877,0.0,1.1443763583383664,0.0
4284,1.121331350456746,0.0,1.135952688928953,0.0,1.1436064682423879,0.0
4285,1.1208623652247574,0.0,1.1351212250536438,0.0,1.1427908597986656,0.0
4286,1.1204260245604705,0.0,1.1347415321055554,0.0,1.1423114481604928,0.0
4287,1.1199677808772708,0.0,1.134082909745067,0.0,1.1415549268623069,0.0
4288,1.1197367689313196,0.0,1.1336339494171896,0.0,1.1411875646672094,0.0
4289,1.1194969519908504,0.0,1.1331667426546888,0.0,1.1407332511026986,0.0
4290,1.119561113501686,0.0,1.1329309090176902,0.0,1.1405772787789739,0.0
4291,1.12213722940491,0.0,1.1411976599152434,0.0,1.1478667954585866,0.0
4292,1.1228657165813156,0.0,1.1413962797633341,0.0,1.1488377465561093,0.0
4293,1.1233685034800573,0.0,1.142365016247264,0.0,1.150363274511705,0.0
4294,1.123690182803365,0.0,1.1423908064942119,0.0,1.1506979184473676,0.0
4295,1.1240239598487811,0.0,1.142604998497889,0.0,1.152648163705998,0.0
4296,1.1242404002852566,0.0,1.1428986332567148,0.0,1.1529487641160352,0.0
4297,1.1244215334813148,0.0,1.1435389674205125,0.0,1.1536015760764984,0.0
4298,1.1245595392059993,0.0,1.1435064170959817,0.0,1.153570884986437,0.0
4299,1.1246829768230986,0.0,1.143906007247596,0.0,1.153975009703003,0.0
4300,1.124793567853084,0.0,1.1443232521826836,0.0,1.1543939519098165,0.0
4301,1.1248819120427849,0.0,1.1441016511918918,0.0,1.154169955250532,0.0
4302,1.124892897950429,0.0,1.1402664616548404,0.0,1.150351054858157,0.0
4303,1.1243011001446024,0.0,1.1381900521392796,0.0,1.1476481315404037,0.0
4304,1.1237862528215106,0.0,1.1372340484860914,0.0,1.1469715654066122,0.0
4305,1.1230268006763444,0.0,1.1375361023022739,0.0,1.145824351937821,0.0
4306,1.1224481382341465,0.0,1.1370687621592062,0.0,1.1450380997737464,0.0
4307,1.1219309514111637,0.0,1.136611384131306,0.0,1.1444635574700752,0.0
4308,1.1214019553510883,0.0,1.136016296319489,0.0,1.143730895457061,0.0
4309,1.1209546732262998,0.0,1.1351760692652726,0.0,1.1429317178985556,0.0
4310,1.1203978596398156,0.0,1.1347421269405198,0.0,1.1422922215312152,0.0
4311,1.1198614456830664,0.0,1.133990505317491,0.0,1.1414322561711234,0.0
4312,1.1193938596269888,0.0,1.1333511484327754,0.0,1.1407439205256418,0.0
4313,1.119052529538785,0.0,1.1328061844321071,0.0,1.1401731872796763,0.0
4314,1.1190724217198273,0.0,1.1324550230466963,0.0,1.1399453881615,0.0
4315,1.121834132558129,0.0,1.1409045732762633,0.0,1.1473581719067945,0.0
4316,1.1226087283852928,0.0,1.1411529550155581,0.0,1.1483707514238517,0.0
4317,1.123170245534304,0.0,1.142236775069534,0.0,1.1500779430838455,0.0
4318,1.1235238483450052,0.0,1.1423047962687174,0.0,1.1504955304018976,0.0
4319,1.1238878065091586,0.0,1.1425438927186726,0.0,1.1525865848382373,0.0
4320,1.1241222753284985,0.0,1.1428680368727926,0.0,1.1529183381010177,0.0
4321,1.12431801968519,0.0,1.1435723527945933,0.0,1.1536367606741007,0.0
4322,1.124464265892349,0.0,1.143519302198186,0.0,1.1535854359245135,0.0
4323,1.124591915466799,0.0,1.1438745652188402,0.0,1.153944470932499,0.0
4324,1.1247046168566024,0.0,1.1442291929879465,0.0,1.1542998887597735,0.0
4325,1.1247946783465264,0.0,1.1439763794607014,0.0,1.1540444903849132,0.0
4326,1.1247736644950932,0.0,1.1397233084314085,0.0,1.1497930751841239,0.0
4327,1.124116790912159,0.0,1.1380047810939502,0.0,1.1472975084135948,0.0
4328,1.123560133774795,0.0,1.1370696040885067,0.0,1.1465740867630447,0.0
4329,1.1227852604419293,0.0,1.1372684742194892,0.0,1.1454496611736682,0.0
4330,1.1222059409953933,0.0,1.1367629624360718,0.0,1.1446777874124157,0.0
4331,1.121688547301036,0.0,1.1362886180106335,0.0,1.1441133813974453,0.0
4332,1.1211679201905234,0.0,1.1356860136688918,0.0,1.1434020693989893,0.0
4333,1.1207059278644,0.0,1.1348387400906692,0.0,1.142592331381532,0.0
4334,1.120164612348268,0.0,1.1344073194535647,0.0,1.1419753293580557,0.0
4335,1.1196225488851639,0.0,1.1336599486226713,0.0,1.1411053732850178,0.0
4336,1.1191387730120472,0.0,1.1330157528921718,0.0,1.1403870642386484,0.0
4337,1.1188030392959312,0.0,1.132479547967021,0.0,1.1398298884590785,0.0
4338,1.1185877897338443,0.0,1.1319896398983964,0.0,1.13928831758508,0.0
4339,1.1212685399931346,0.0,1.1400781656934893,0.0,1.1459095033706022,0.0
4340,1.1220263366478678,0.0,1.1404277231906466,0.0,1.1468601516881602,0.0
4341,1.1227157801060743,0.0,1.1416219501375482,0.0,1.148768166354787,0.0
4342,1.1231908823625754,0.0,1.1418758526826602,0.0,1.149693622559893,0.0
4343,1.1236445169543667,0.0,1.142092854119417,0.0,1.152134364564518,0.0
4344,1.1239204869534842,0.0,1.1424457477083712,0.0,1.152495451289399,0.0
4345,1.1241433822634046,0.0,1.143103711542842,0.0,1.153167744791424,0.0
4346,1.1243093967136575,0.0,1.1431183835542502,0.0,1.1531847501287296,0.0
4347,1.1244532201673472,0.0,1.1435338782050644,0.0,1.1536042211358786,0.0
4348,1.1245795062814317,0.0,1.1439652802947355,0.0,1.1540387213088148,0.0
4349,1.1246825779017269,0.0,1.1438275531843909,0.0,1.1538979582667892,0.0
4350,1.1247808013173803,0.0,1.1440235774905174,0.0,1.1541043287380923,0.0
4351,1.12471942971011,0.0,1.141742842908383,0.0,1.1509925847372289,0.0
4352,1.1246917910211691,0.0,1.14072293150981,0.0,1.149576982359702,0.0
4353,1.1243516062076557,0.0,1.1400310477741384,0.0,1.1486589999390653,0.0
4354,1.1240786753921648,0.0,1.1394457766933739,0.0,1.148084179004049,0.0
4355,1.1237819826917206,0.0,1.1388262741921433,0.0,1.1475590842284134,0.0
4356,1.1235050997880487,0.0,1.1384645232901902,0.0,1.1469980183636215,0.0
4357,1.1232549059688473,0.0,1.1380495833137034,0.0,1.1465416558715706,0.0
4358,1.1230298708868192,0.0,1.1376066284142266,0.0,1.1461657808017514,0.0
4359,1.1228510875522486,0.0,1.1369263918795016,0.0,1.145882138961928,0.0
4360,1.1236680737175124,0.0,1.141593482031019,0.0,1.1496051136848702,0.0
4361,1.123752084102725,0.0,1.1412042625118235,0.0,1.1493592958489849,0.0
4362,1.1239319956442306,0.0,1.1417772309608283,0.0,1.1500341479213867,0.0
4363,1.1241590950701155,0.0,1.1413523545166755,0.0,1.1508069973330486,0.0
4364,1.124289417609117,0.0,1.1415368588264214,0.0,1.1511808287228678,0.0
4365,1.1244853076632215,0.0,1.1424993247787845,0.0,1.1524837004601474,0.0
4366,1.124628880598138,0.0,1.1429274956220168,0.0,1.1529744710530498,0.0
4367,1.1247494655770638,0.0,1.143232966901053,0.0,1.1532722938371311,0.0
4368,1.1248464756492917,0.0,1.1434002947838635,0.0,1.153450518131244,0.0
4369,1.1249304236046969,0.0,1.1439344292906346,0.0,1.1539890131427901,0.0
4370,1.1249932884573381,0.0,1.1439107030437972,0.0,1.1539689405532116,0.0
4371,1.125054904999226,0.0,1.1442822824354817,0.0,1.1543443487015397,0.0
4372,1.1251106606271009,0.0,1.1446023087824648,0.0,1.1546654629106756,0.0
4373,1.1251537641281426,0.0,1.1443781662693746,0.0,1.1544415002557562,0.0
4374,1.125200157889316,0.0,1.1445175128919265,0.0,1.154588588413696,0.0
4375,1.125139316336333,0.0,1.1419327719062626,0.0,1.151961987547816,0.0
4376,1.1250912274982547,0.0,1.1414433610373853,0.0,1.1514155570885583,0.0
4377,1.1250621439013564,0.0,1.1417096668230156,0.0,1.1515574152474013,0.0
4378,1.1250379492288012,0.0,1.1419089022425912,0.0,1.1517099428824387,0.0
4379,1.1250183950947747,0.0,1.1421248943883462,0.0,1.1519273111769563,0.0
4380,1.124995354151315,0.0,1.141930185356382,0.0,1.1518774934765659,0.0
4381,1.1249509800264867,0.0,1.1419219831307894,0.0,1.1517616820043737,0.0
4382,1.124913998460135,0.0,1.1418337725416312,0.0,1.1517566769321936,0.0
4383,1.1248651263065617,0.0,1.141721478144734,0.0,1.1516065594195002,0.0
4384,1.1248186046834328,0.0,1.1416486125597989,0.0,1.151548059439683,0.0
4385,1.124786120147404,0.0,1.1417318905262999,0.0,1.1516140247291982,0.0
4386,1.1248260976793711,0.0,1.1423849112339874,0.0,1.1521392135879658,0.0
4387,1.1248716168379573,0.0,1.142382214947551,0.0,1.1522521189173833,0.0
4388,1.1249186210896434,0.0,1.1425395010214765,0.0,1.1525025379532723,0.0
4389,1.1250121003553972,0.0,1.1432229565961938,0.0,1.1532467784378753,0.0
4390,1.1250774291081964,0.0,1.143425198525367,0.0,1.1534621064294817,0.0
4391,1.1251466756898203,0.0,1.1437491596695597,0.0,1.1537812765475863,0.0
4392,1.1252013653707469,0.0,1.1438131159562184,0.0,1.1538527033707224,0.0
4393,1.1252536433403593,0.0,1.1441823841462249,0.0,1.1542366116160523,0.0
4394,1.1252853256710669,0.0,1.1440147175115845,0.0,1.1540738784240296,0.0
4395,1.1253167642184312,0.0,1.1442484226439145,0.0,1.1543093322054576,0.0
4396,1.1253454810085288,0.0,1.144483531749604,0.0,1.1545483408143662,0.0
4397,1.125370712263963,0.0,1.144647875296469,0.0,1.1547103643394754,0.0
4398,1.12581092742881,0.0,1.1481215029056049,0.0,1.158127694630815,0.0
4399,1.1254549874599116,0.0,1.1414867247762084,0.0,1.1512914062485526,0.0
4400,1.1250750382160237,0.0,1.1398588405479566,0.0,1.1498999495684576,0.0
4401,1.1247036048623829,0.0,1.1401897906299172,0.0,1.1491890682217836,0.0
4402,1.1243662672681334,0.0,1.1398482058906578,0.0,1.1485784337577152,0.0
4403,1.1240182319252365,0.0,1.1395367727125274,0.0,1.148091066727443,0.0
4404,1.1235933880278326,0.0,1.1390683690742194,0.0,1.1473329113076198,0.0
4405,1.1232027172287422,0.0,1.1381995372897071,0.0,1.146461076414703,0.0
4406,1.1227270166118728,0.0,1.1378957802267011,0.0,1.1458638826940097,0.0
4407,1.122414480260585,0.0,1.1372342195486758,0.0,1.1452713026245736,0.0
4408,1.1221381441976994,0.0,1.1366818695205099,0.0,1.1447729561861697,0.0
4409,1.1217689711452832,0.0,1.1361109949432737,0.0,1.1440642284362499,0.0
4410,1.1217051997147078,0.0,1.1356693681285766,0.0,1.1437071172696796,0.0
4411,1.123367081724966,0.0,1.1421939844681166,0.0,1.1496332710360306,0.0
4412,1.123685813309074,0.0,1.1420097036373307,0.0,1.149572226580386,0.0
4413,1.124025300277236,0.0,1.1428896619183877,0.0,1.1509837875064401,0.0
4414,1.1243144284089452,0.0,1.1428068505810771,0.0,1.1519692828731367,0.0
4415,1.12454493983193,0.0,1.1431716345346086,0.0,1.1532107694747704,0.0
4416,1.1246978278331858,0.0,1.1434185311033818,0.0,1.1534671194979205,0.0
4417,1.1248257544647042,0.0,1.1440243246043549,0.0,1.1540778924858572,0.0
4418,1.1249160976225265,0.0,1.1439241623514407,0.0,1.1539806487593331,0.0
4419,1.1249972206820023,0.0,1.1442413546324013,0.0,1.1543003675036112,0.0
4420,1.125071002821832,0.0,1.144604690332346,0.0,1.1546649950354724,0.0
4421,1.1251299933440502,0.0,1.1444310859201552,0.0,1.1544922353240779,0.0
4422,1.125186323803702,0.0,1.1444647597177404,0.0,1.1545321685623828,0.0
4423,1.1251118945118892,0.0,1.1417173250404422,0.0,1.151706204103902,0.0
4424,1.125061930873561,0.0,1.1413206765858388,0.0,1.1511807892267514,0.0
4425,1.1250204847822813,0.0,1.141763997867605,0.0,1.151191327218803,0.0
4426,1.1249716072086695,0.0,1.14208905134307,0.0,1.1512367834655572,0.0
4427,1.124948384958828,0.0,1.1421925068798997,0.0,1.1516750538333456,0.0
4428,1.1249274515802057,0.0,1.1419582703879878,0.0,1.1518096919143586,0.0
4429,1.124892707524085,0.0,1.1419031541751636,0.0,1.1518024721951072,0.0
4430,1.1248533572387016,0.0,1.1418622907371938,0.0,1.1517790329605841,0.0
4431,1.1247912496270975,0.0,1.141773323605136,0.0,1.151625249996786,0.0
4432,1.1247264026933552,0.0,1.1416723411354526,0.0,1.1515333981853726,0.0
4433,1.1246445346676026,0.0,1.1418178364324838,0.0,1.1513466628001712,0.0
4434,1.1246580060262923,0.0,1.1423450976087828,0.0,1.1517466220867458,0.0
4435,1.1246421350978257,0.0,1.1423865549386911,0.0,1.1514989273851823,0.0
4436,1.1246750215326102,0.0,1.1423342630378766,0.0,1.151809423705249,0.0
4437,1.1248107194924666,0.0,1.1430172163936272,0.0,1.1528618277418616,0.0
4438,1.1249190882584068,0.0,1.1432362419764868,0.0,1.1532308881593882,0.0
4439,1.1250210643439893,0.0,1.1435644639278828,0.0,1.1535901463998632,0.0
4440,1.1250992586526187,0.0,1.1436353643453463,0.0,1.153667584123632,0.0
4441,1.125171883378365,0.0,1.1439076382117772,0.0,1.153951993737595,0.0
4442,1.1252211920749227,0.0,1.1437539463131436,0.0,1.1538044686116786,0.0
4443,1.1252700823164092,0.0,1.1438942278232858,0.0,1.1539495116398197,0.0
4444,1.125312664818423,0.0,1.1441103088889495,0.0,1.1541716673090854,0.0
4445,1.1253479316373534,0.0,1.144324842938123,0.0,1.1543850416261094,0.0
4446,1.1257690222074592,0.0,1.1480631145598539,0.0,1.158069652045156,0.0
4447,1.1253433467395115,0.0,1.1413409187160743,0.0,1.1503496147811239,0.0
4448,1.1247781527612721,0.0,1.1401613188699828,0.0,1.14910482925755,0.0
4449,1.1241143327413454,0.0,1.140293560319569,0.0,1.1480155899177822,0.0
4450,1.1235406460265134,0.0,1.1396599216302918,0.0,1.1471551064932946,0.0
4451,1.1230544854415914,0.0,1.1391979909775103,0.0,1.1465977364929334,0.0
4452,1.122485932221072,0.0,1.1383043780173439,0.0,1.1457101559337985,0.0
4453,1.1220023579074951,0.0,1.1373389997417152,0.0,1.1448198149245714,0.0
4454,1.121419253976471,0.0,1.1367311580369142,0.0,1.1440795885031012,0.0
4455,1.1207852145213821,0.0,1.1357821475054357,0.0,1.1430377768327549,0.0
4456,1.1201025420046034,0.0,1.1348445564694574,0.0,1.1420073459960831,0.0
4457,1.1194915090484794,0.0,1.1339908516263641,0.0,1.141056768092891,0.0
4458,1.1191250599114484,0.0,1.1333014315088885,0.0,1.1403384994853614,0.0
4459,1.1213414152009433,0.0,1.1398685426835606,0.0,1.1457199238603912,0.0
4460,1.1218130260581611,0.0,1.1398904751229602,0.0,1.1461377375237884,0.0
4461,1.1224940509744052,0.0,1.1411243970669271,0.0,1.1478620427258828,0.0
4462,1.1230213360096764,0.0,1.1415323173205614,0.0,1.1488952741614098,0.0
4463,1.1236134336051478,0.0,1.1416692722623825,0.0,1.1516869371299892,0.0
4464,1.123918419505251,0.0,1.1421024579824406,0.0,1.1519871210011043,0.0
4465,1.1241481839775223,0.0,1.1424933290405532,0.0,1.1523436802190647,0.0
4466,1.1243202610720169,0.0,1.1424804352140987,0.0,1.1523747665105386,0.0
4467,1.1244700348544,0.0,1.1426553457175104,0.0,1.1526428612424051,0.0
4468,1.124598346318762,0.0,1.1428588691380999,0.0,1.1529083323635418,0.0
4469,1.12469916464575,0.0,1.1427522303168505,0.0,1.1528017389962473,0.0
4470,1.1248043478667669,0.0,1.1414006002649535,0.0,1.1515131117761277,0.0
4471,1.1238739414720806,0.0,1.1387235382210315,0.0,1.146899293952336,0.0
4472,1.1230018982251335,0.0,1.1373212902067547,0.0,1.1458069989890343,0.0
4473,1.1220475992420367,0.0,1.1369680892303935,0.0,1.144498924207951,0.0
4474,1.1213677227481187,0.0,1.136206563296993,0.0,1.143592480935388,0.0
4475,1.1207546555920036,0.0,1.1355676737892484,0.0,1.1428858101156887,0.0
4476,1.1201477994721023,0.0,1.134838520185013,0.0,1.1420813635552836,0.0
4477,1.1196479393976904,0.0,1.1339532551043836,0.0,1.141259384240028,0.0
4478,1.1190621791479767,0.0,1.1334131535422847,0.0,1.1405822228481755,0.0
4479,1.118448041770333,0.0,1.1325731038291103,0.0,1.139644344747921,0.0
4480,1.11781234407214,0.0,1.1317521273000448,0.0,1.1387371519219913,0.0
4481,1.1172396231322512,0.0,1.1309808403239752,0.0,1.1378842498836217,0.0
4482,1.116956511532217,0.0,1.1304273073378903,0.0,1.1373112909562573,0.0
4483,1.1198885602146045,0.0,1.1382023654093592,0.0,1.143702820022501,0.0
4484,1.1205819117893865,0.0,1.1384242565076004,0.0,1.1443918175897978,0.0
4485,1.1214675080515293,0.0,1.1399757273601616,0.0,1.1463951174249092,0.0
4486,1.122085306600807,0.0,1.1404725815033705,0.0,1.1474035940246676,0.0
4487,1.1228491223610522,0.0,1.1406952876287508,0.0,1.1506150730697944,0.0
4488,1.123251082592414,0.0,1.1411959549372732,0.0,1.1511288821782766,0.0
4489,1.123548706876511,0.0,1.1417003437621496,0.0,1.1514934423876468,0.0
4490,1.1237662273097493,0.0,1.1418147220677297,0.0,1.1514699217274065,0.0
4491,1.1239546591595708,0.0,1.1420705699540543,0.0,1.151674251136134,0.0
4492,1.1241176985281034,0.0,1.1423197619129963,0.0,1.151887618684757,0.0
4493,1.1242505255963897,0.0,1.1422838329402598,0.0,1.1518508366978137,0.0
4494,1.124036737922235,0.0,1.1381059692886624,0.0,1.1477027459959979,0.0
4495,1.1227617112829373,0.0,1.137085335470945,0.0,1.1450939796049833,0.0
4496,1.1218825901218916,0.0,1.1357749502757488,0.0,1.1440311950338056,0.0
4497,1.1208921286128706,0.0,1.1353254821599321,0.0,1.1427210276481559,0.0
4498,1.1202172935073198,0.0,1.1345887259150989,0.0,1.1418659139056258,0.0
4499,1.1196061873958252,0.0,1.133976201590528,0.0,1.141193052284785,0.0
4500,1.11903828241236,0.0,1.133297696686457,0.0,1.1404569952459906,0.0
4501,1.118616001366294,0.0,1.1324988795143525,0.0,1.1397480932029513,0.0
4502,1.118069626174234,0.0,1.1320400686208745,0.0,1.1391364093555998,0.0
4503,1.1175171866919786,0.0,1.1312957580655438,0.0,1.1383019302673858,0.0
4504,1.1169575389315745,0.0,1.130576070264628,0.0,1.1375121128556647,0.0
4505,1.1164417873405097,0.0,1.1298377800107409,0.0,1.1367264912146635,0.0
4506,1.1163274040466513,0.0,1.1295020169656185,0.0,1.136396235173133,0.0
4507,1.1194780986193624,0.0,1.1378692504753944,0.0,1.1432038881954611,0.0
4508,1.1202692478923821,0.0,1.1381891806529305,0.0,1.1440075039948732,0.0
4509,1.1211854070364884,0.0,1.1397750213613886,0.0,1.1460721389644535,0.0
4510,1.1218168688946648,0.0,1.1402834528395924,0.0,1.1471034973638858,0.0
4511,1.1225883892636892,0.0,1.1404135876083934,0.0,1.1503790933553186,0.0
4512,1.1229819088935646,0.0,1.1409747260752263,0.0,1.1506098136360374,0.0
4513,1.123296666983238,0.0,1.1414116448245162,0.0,1.1511045746342963,0.0
4514,1.123538131838954,0.0,1.1415016937477651,0.0,1.1512361135118112,0.0
4515,1.123746721307167,0.0,1.1417638904557341,0.0,1.1515288942916633,0.0
4516,1.1239260614778104,0.0,1.1420205209037964,0.0,1.1518370741199582,0.0
4517,1.1240692709393538,0.0,1.1419693223651957,0.0,1.1518515853575348,0.0
4518,1.1241953282088057,0.0,1.1422489271641671,0.0,1.1521781026205478,0.0
4519,1.1237758611748907,0.0,1.1414997237319617,0.0,1.148419477253662,0.0
4520,1.1233973837300029,0.0,1.1393742288653967,0.0,1.1468127857273138,0.0
4521,1.1228864256783528,0.0,1.1384681885252825,0.0,1.146133244908167,0.0
4522,1.1222918497773193,0.0,1.1376346414234775,0.0,1.145155327912386,0.0
4523,1.1217297187464097,0.0,1.1368610730056241,0.0,1.1443856439898636,0.0
4524,1.12126196888516,0.0,1.136273214979219,0.0,1.1436976342301937,0.0
4525,1.1209205971790035,0.0,1.1357476528344328,0.0,1.1431990471660172,0.0
4526,1.1206022251887757,0.0,1.1352770642707157,0.0,1.1427446413154543,0.0
4527,1.1205625609896266,0.0,1.1347619984774564,0.0,1.142682195357906,0.0
4528,1.1218670232007915,0.0,1.1397360099096991,0.0,1.146557588118533,0.0
4529,1.1221169841248746,0.0,1.139708918628197,0.0,1.1468045526431938,0.0
4530,1.1226938840041318,0.0,1.1407121922759962,0.0,1.148490328537113,0.0
4531,1.1232641935245973,0.0,1.1404945432993958,0.0,1.1505167836363024,0.0
4532,1.123507905257302,0.0,1.1407021876933918,0.0,1.1506511047567334,0.0
4533,1.123757299436894,0.0,1.1417107615584716,0.0,1.1517020658680603,0.0
4534,1.123937935901649,0.0,1.141919056621499,0.0,1.1519611736381612,0.0
4535,1.1241079502018965,0.0,1.1423480834649935,0.0,1.152383200819334,0.0
4536,1.1242487117057764,0.0,1.1424687077115037,0.0,1.15251005814678,0.0
4537,1.1243791690191471,0.0,1.1428269050233248,0.0,1.1528734664957643,0.0
4538,1.1244827151317642,0.0,1.142726645297985,0.0,1.152776514499608,0.0
4539,1.1245813227224852,0.0,1.142978606241239,0.0,1.153032367558842,0.0
4540,1.1246691663717188,0.0,1.1432761573615695,0.0,1.1533339566776935,0.0
4541,1.12473934653747,0.0,1.1431447304291877,0.0,1.1531991467314955,0.0
4542,1.1248083170323513,0.0,1.1433675813774675,0.0,1.1534330727152071,0.0
4543,1.124734451558841,0.0,1.1410859412676617,0.0,1.1510259079448275,0.0
4544,1.1246687163748355,0.0,1.1408831789784233,0.0,1.150519704639296,0.0
4545,1.1245911500819175,0.0,1.1414477624995114,0.0,1.1503796921248575,0.0
4546,1.1245132807421792,0.0,1.14174162586273,0.0,1.1504148869542676,0.0
4547,1.1244765188232806,0.0,1.1418119729396834,0.0,1.150811217226743,0.0
4548,1.1244715428478955,0.0,1.1415544724384679,0.0,1.1510603157459707,0.0
4549,1.1244720086263176,0.0,1.1414186934588215,0.0,1.1512687920522084,0.0
4550,1.1244314549960706,0.0,1.1414649235519356,0.0,1.1511446532256497,0.0
4551,1.1243930117188952,0.0,1.1413050208662419,0.0,1.1510952267623689,0.0
4552,1.1243317559918262,0.0,1.141246438341034,0.0,1.150920501855405,0.0
4553,1.1242423615544102,0.0,1.1412588389031917,0.0,1.1506566361911796,0.0
4554,1.1242045812548165,0.0,1.1419666793928043,0.0,1.1506900183724431,0.0
4555,1.1242129130135687,0.0,1.1418981090847742,0.0,1.1506138996811646,0.0
4556,1.124236153433762,0.0,1.1419272296858407,0.0,1.150778996239112,0.0
4557,1.124432705533834,0.0,1.142428526249284,0.0,1.1521802457930885,0.0
4558,1.124581342570185,0.0,1.1426706999730625,0.0,1.1527019786761061,0.0
4559,1.1247005344037364,0.0,1.1430399196226317,0.0,1.1530687520792955,0.0
4560,1.1247867180999893,0.0,1.143100549715542,0.0,1.1531338929199157,0.0
4561,1.124867193063931,0.0,1.1433540989548154,0.0,1.153401791829679,0.0
4562,1.1249234838729112,0.0,1.1432003342035189,0.0,1.1532510321401863,0.0
4563,1.1249778761780707,0.0,1.1433474274400706,0.0,1.1534049494471503,0.0
4564,1.1250257099129939,0.0,1.1435728899476902,0.0,1.1536326660406129,0.0
4565,1.1250653205117611,0.0,1.1437653441000202,0.0,1.153826846699831,0.0
4566,1.1254664675953796,0.0,1.1478473848678372,0.0,1.1578546166343997,0.0
4567,1.1250526726929007,0.0,1.1410276418203655,0.0,1.14992388455935,0.0
4568,1.1245566086968377,0.0,1.1396504904144134,0.0,1.148882446570754,0.0
4569,1.1237628868803016,0.0,1.139775633591437,0.0,1.1474022218222264,0.0
4570,1.1231418935612523,0.0,1.1390718189690057,0.0,1.1464872346616122,0.0
4571,1.122619396485936,0.0,1.1385783853621665,0.0,1.1458984656961102,0.0
4572,1.1219993107505675,0.0,1.1376424565820393,0.0,1.1449490385560261,0.0
4573,1.1215231934268288,0.0,1.1366667606856595,0.0,1.1440872850268986,0.0
4574,1.120934584796763,0.0,1.1360597554538199,0.0,1.1433519052880465,0.0
4575,1.1203110018683924,0.0,1.135144683164641,0.0,1.1423342232561815,0.0
4576,1.1196874954981846,0.0,1.1342919137210596,0.0,1.1413896480729102,0.0
4577,1.1192877025726515,0.0,1.1336469006728371,0.0,1.1407407139396426,0.0
4578,1.1193027418905361,0.0,1.1332909266216915,0.0,1.1405529111024406,0.0
4579,1.1216196211460812,0.0,1.1405873831237539,0.0,1.1466581780805574,0.0
4580,1.1221563315947891,0.0,1.1406653126416486,0.0,1.1470874037616987,0.0
4581,1.122756875054049,0.0,1.1416838941543392,0.0,1.1487795287637548,0.0
4582,1.1231589725023339,0.0,1.1419053834957325,0.0,1.1494511329552033,0.0
4583,1.1236270582074401,0.0,1.1419369409058464,0.0,1.1519691413286164,0.0
4584,1.1238875901027463,0.0,1.142231148648762,0.0,1.152269516750935,0.0
4585,1.1241000945615727,0.0,1.142692955266387,0.0,1.1527395831812615,0.0
4586,1.1242596555368802,0.0,1.1426251009281034,0.0,1.1526768815991923,0.0
4587,1.1243946296660488,0.0,1.142815462666044,0.0,1.1528700429304015,0.0
4588,1.1245091549110764,0.0,1.1430160747829952,0.0,1.1530729487038525,0.0
4589,1.1246058686556348,0.0,1.142884105667515,0.0,1.1529407590838106,0.0
4590,1.1247191797759262,0.0,1.1440522698380686,0.0,1.1541242022642515,0.0
4591,1.1239705977355807,0.0,1.1383884084455287,0.0,1.1471206990218448,0.0
4592,1.1233448958575196,0.0,1.1368270824565152,0.0,1.1463327354799038,0.0
4593,1.1224637179921753,0.0,1.1370663482130838,0.0,1.1450641460629678,0.0
4594,1.12173194006713,0.0,1.1364691580057502,0.0,1.1440744976225317,0.0
4595,1.1210762557401457,0.0,1.1358480337508778,0.0,1.1433141367935233,0.0
4596,1.1204737675907566,0.0,1.1351209427011828,0.0,1.1424939365548765,0.0
4597,1.1199977672552184,0.0,1.134230399785079,0.0,1.141679031318588,0.0
4598,1.1194198631104741,0.0,1.1337175440884386,0.0,1.1410110675174931,0.0
4599,1.1188308148990955,0.0,1.132909686296162,0.0,1.1400983502897681,0.0
4600,1.1182753195057051,0.0,1.1321728446025174,0.0,1.1392923164199475,0.0
4601,1.1177040856395788,0.0,1.1314292220441327,0.0,1.1384285746568537,0.0
4602,1.1174414681342746,0.0,1.1308741476863333,0.0,1.1378603958308526,0.0
4603,1.1202861429338238,0.0,1.1387882793828346,0.0,1.1443068206434255,0.0
4604,1.120963954457052,0.0,1.138978528139993,0.0,1.1449983767300835,0.0
4605,1.1217820138173025,0.0,1.1404869808889229,0.0,1.1470257743846153,0.0
4606,1.1223596930207826,0.0,1.1409244332493145,0.0,1.1480462547354748,0.0
4607,1.1230179606856194,0.0,1.1411068693261737,0.0,1.1511304184237863,0.0
4608,1.1233671684031052,0.0,1.1415122317915314,0.0,1.1514207227298505,0.0
4609,1.1236418471777467,0.0,1.141975734122436,0.0,1.1518702983939655,0.0
4610,1.123851491836747,0.0,1.1419677941415287,0.0,1.1519526656126375,0.0
4611,1.1240305629438005,0.0,1.1422055017287396,0.0,1.1522576060733465,0.0
4612,1.1241840546411912,0.0,1.142476039898892,0.0,1.1525327116024886,0.0
4613,1.1243091661917037,0.0,1.1423690382110268,0.0,1.1524241737805012,0.0
4614,1.1242264360229852,0.0,1.1381523221590495,0.0,1.1482014872538917,0.0
4615,1.1233022245592932,0.0,1.1370396894979928,0.0,1.1458185203759643,0.0
4616,1.1226495430753476,0.0,1.1356926785875228,0.0,1.1450436931035535,0.0
4617,1.1218656702183103,0.0,1.1358210963317805,0.0,1.1440273261451581,0.0
4618,1.1212919744273178,0.0,1.1353214801318074,0.0,1.143283484107305,0.0
4619,1.12094797758268,0.0,1.1349125995853515,0.0,1.142950590215871,0.0
4620,1.1205713306667358,0.0,1.134452877264696,0.0,1.1424264532969788,0.0
4621,1.1201290376130983,0.0,1.1337479080900952,0.0,1.1416217786070548,0.0
4622,1.119560015819985,0.0,1.1334414653332228,0.0,1.1409828487522613,0.0
4623,1.1189206901640278,0.0,1.132698647297128,0.0,1.140022586641828,0.0
4624,1.118290613391781,0.0,1.131948956680168,0.0,1.13914622779965,0.0
4625,1.117728344306501,0.0,1.1312223039363984,0.0,1.1383311575256092,0.0
4626,1.1174764430361208,0.0,1.1306880740780243,0.0,1.13779649965756,0.0
4627,1.1203467408258836,0.0,1.138897176657888,0.0,1.1444382227028282,0.0
4628,1.121098466552124,0.0,1.139242451928354,0.0,1.145358748492316,0.0
4629,1.1218626976594792,0.0,1.1405512847275123,0.0,1.1472885648108637,0.0
4630,1.122382200921586,0.0,1.1409753487149537,0.0,1.148203528312865,0.0
4631,1.1229884874373512,0.0,1.1411255028505647,0.0,1.1511579745965583,0.0
4632,1.1233200377296553,0.0,1.14148213762132,0.0,1.1514596492282447,0.0
4633,1.1235851674680088,0.0,1.1419479710483977,0.0,1.151869503728378,0.0
4634,1.123792023258616,0.0,1.1419630273968342,0.0,1.1519219101552067,0.0
4635,1.1239690784999292,0.0,1.1422062394654606,0.0,1.1522515240263884,0.0
4636,1.1241202750138224,0.0,1.1424832764681636,0.0,1.1525391023350255,0.0
4637,1.124243668903221,0.0,1.1423767037395438,0.0,1.1524341865556216,0.0
4638,1.1240776283249378,0.0,1.1376697473699788,0.0,1.147709634413003,0.0
4639,1.1230445999063239,0.0,1.1367932621082364,0.0,1.145401217169865,0.0
4640,1.1222500115672478,0.0,1.1355764860047848,0.0,1.1444689098749243,0.0
4641,1.1212595900821816,0.0,1.1355355053563894,0.0,1.1431875629005237,0.0
4642,1.12054528340784,0.0,1.13483423499359,0.0,1.142282251274158,0.0
4643,1.119889625180024,0.0,1.1342105014193922,0.0,1.1415502965071396,0.0
4644,1.119268891458405,0.0,1.1334916311403724,0.0,1.1407441174476158,0.0
4645,1.1188084785350234,0.0,1.1326349093154806,0.0,1.1399804148748323,0.0
4646,1.1181831116411736,0.0,1.1321132085413226,0.0,1.1392730148293575,0.0
4647,1.1175212957663827,0.0,1.131270357565393,0.0,1.1382986393324193,0.0
4648,1.1168772349018372,0.0,1.1304664571160425,0.0,1.137400441218261,0.0
4649,1.1163853655008924,0.0,1.129781675106505,0.0,1.1366726898450852,0.0
4650,1.1162112561086854,0.0,1.1293338828243262,0.0,1.1362477898890582,0.0
4651,1.1195935496903549,0.0,1.1382046927720972,0.0,1.1436707171021714,0.0
4652,1.1205315796232793,0.0,1.1386136418683948,0.0,1.1447614646701842,0.0
4653,1.121417462719524,0.0,1.140216162206555,0.0,1.1469142535300454,0.0
4654,1.1219700775400152,0.0,1.1406566372865452,0.0,1.1477036712132154,0.0
4655,1.1226356935015345,0.0,1.1407621456136956,0.0,1.1507632745958423,0.0
4656,1.123002242702137,0.0,1.1411914615399024,0.0,1.150976970403877,0.0
4657,1.1232917698449547,0.0,1.1416882612625365,0.0,1.1513971470718531,0.0
4658,1.1235076120597483,0.0,1.1416926314686193,0.0,1.1513998026028054,0.0
4659,1.1236988612355496,0.0,1.1419349461455854,0.0,1.1516703622318765,0.0
4660,1.123866364271289,0.0,1.1421888687303419,0.0,1.1519756179097207,0.0
4661,1.1240141641999604,0.0,1.1421903961657305,0.0,1.1520208110794146,0.0
4662,1.1237794988288399,0.0,1.1371605514572838,0.0,1.1471164618405625,0.0
4663,1.1227805539589804,0.0,1.1362033437280183,0.0,1.1449380300953798,0.0
4664,1.1222082364983033,0.0,1.1350523349334163,0.0,1.1443163026116188,0.0
4665,1.121569599229909,0.0,1.1351012110127325,0.0,1.1434819230711968,0.0
4666,1.1212210132164127,0.0,1.134700606484919,0.0,1.1430496019852834,0.0
4667,1.120946164433399,0.0,1.134466434265501,0.0,1.1428220003909861,0.0
4668,1.120663202839212,0.0,1.1341468625346018,0.0,1.1424324520447788,0.0
4669,1.1204600509409726,0.0,1.1335338360241882,0.0,1.141924312202885,0.0
4670,1.120205246229968,0.0,1.1334884924177386,0.0,1.1417181335812223,0.0
4671,1.1200002847685617,0.0,1.1330826909635427,0.0,1.1412998461261576,0.0
4672,1.1198147047002927,0.0,1.1327684489749248,0.0,1.140978852008088,0.0
4673,1.1196490147200513,0.0,1.132384811922384,0.0,1.1405971029786517,0.0
4674,1.1197314100165592,0.0,1.1321230799254889,0.0,1.1403986771365,0.0
4675,1.1220804739815733,0.0,1.1410626564120616,0.0,1.1480565754192995,0.0
4676,1.1227363974683906,0.0,1.141148462097873,0.0,1.1489405363723162,0.0
4677,1.1232125453325126,0.0,1.1424702173912205,0.0,1.1510580056485575,0.0
4678,1.123500829585478,0.0,1.1424321907010988,0.0,1.1513459423365668,0.0
4679,1.1237651939387354,0.0,1.142987559942688,0.0,1.1530429719529802,0.0
4680,1.1239500543428542,0.0,1.1433122617603004,0.0,1.1533755858942023,0.0
4681,1.1241095118197544,0.0,1.1441400346397022,0.0,1.154214069646201,0.0
4682,1.1242359887761348,0.0,1.1440867732710482,0.0,1.1541637561067746,0.0
4683,1.1243484460191913,0.0,1.1444257268286582,0.0,1.1545046150782747,0.0
4684,1.124449224258181,0.0,1.1447654718364257,0.0,1.1548454505087433,0.0
4685,1.1245321748057526,0.0,1.1444795788102038,0.0,1.154557542554738,0.0
4686,1.1246152736425383,0.0,1.1446171558058462,0.0,1.1547042004439196,0.0
4687,1.1245755366599364,0.0,1.1415953014181475,0.0,1.151309633023282,0.0
4688,1.1246376979844135,0.0,1.140510731966384,0.0,1.15059397838572,0.0
4689,1.1243934806483118,0.0,1.1392502782417462,0.0,1.1491998709301234,0.0
4690,1.124184539554971,0.0,1.1386337628894097,0.0,1.1485706331478773,0.0
4691,1.1239725637651494,0.0,1.1382143977963488,0.0,1.1481453503168702,0.0
4692,1.123809692118126,0.0,1.1378948522466998,0.0,1.1477405524316255,0.0
4693,1.1236694380625407,0.0,1.1375817066450526,0.0,1.1473928846935122,0.0
4694,1.1235319155619863,0.0,1.1373310695035996,0.0,1.1470785113153417,0.0
4695,1.1234360732892772,0.0,1.1369165833098966,0.0,1.1468596396119222,0.0
4696,1.1240966729361366,0.0,1.141394682184138,0.0,1.1513087821867136,0.0
4697,1.1242113776883356,0.0,1.1409553703795985,0.0,1.150915865364966,0.0
4698,1.1243797617654239,0.0,1.142055915614428,0.0,1.1520762588239788,0.0
4699,1.1244828710290482,0.0,1.1421031503739814,0.0,1.1521422697921053,0.0
4700,1.124557913048584,0.0,1.1423170164702614,0.0,1.1523574506106737,0.0
4701,1.1246616247696917,0.0,1.1434248516497652,0.0,1.153470947069662,0.0
4702,1.1247223350411,0.0,1.1434510714632604,0.0,1.153510008663946,0.0
4703,1.1247902442688829,0.0,1.1439456685808747,0.0,1.1539927548941213,0.0
4704,1.1248395307505987,0.0,1.144132767077411,0.0,1.154189223489563,0.0
4705,1.1248886736412058,0.0,1.144762213592537,0.0,1.1548209941085732,0.0
4706,1.1249230039486986,0.0,1.1445137524649025,0.0,1.1545751824805535,0.0
4707,1.1249597411836054,0.0,1.1447345236179762,0.0,1.1547971063367324,0.0
4708,1.1249955518851065,0.0,1.1449600923051184,0.0,1.155024659032297,0.0
4709,1.1250215565668737,0.0,1.1446052610123039,0.0,1.1546668585103503,0.0
4710,1.1250526037440063,0.0,1.1446323358756316,0.0,1.1547037331146788,0.0
4711,1.1249751608634762,0.0,1.1417946765605917,0.0,1.1518232397565715,0.0
4712,1.1249153543378376,0.0,1.1412967020377964,0.0,1.151219729538387,0.0
4713,1.124879832092731,0.0,1.1415102359046787,0.0,1.151362427691528,0.0
4714,1.124854416667199,0.0,1.1417010406746706,0.0,1.1515822915782992,0.0
4715,1.1248539765286298,0.0,1.1419689172567735,0.0,1.1519664635525724,0.0
4716,1.1248241643682553,0.0,1.141814826742901,0.0,1.1518131807683474,0.0
4717,1.1247771189750853,0.0,1.1416917647546574,0.0,1.1516725483370291,0.0
4718,1.1247398559695971,0.0,1.1416070936888036,0.0,1.1515977912134117,0.0
4719,1.124690527568222,0.0,1.1415566725835962,0.0,1.1514179190776388,0.0
4720,1.1246488130523877,0.0,1.1414892740735068,0.0,1.151405683307924,0.0
4721,1.124592149996696,0.0,1.1414466502484133,0.0,1.151364373580042,0.0
4722,1.1246747942391544,0.0,1.142292640245594,0.0,1.1522630970964498,0.0
4723,1.1247450116839155,0.0,1.1425372761490888,0.0,1.152486681004977,0.0
4724,1.1247669760674888,0.0,1.1424605206896035,0.0,1.152407110692532,0.0
4725,1.124841460778952,0.0,1.143157654263009,0.0,1.1531737653618488,0.0
4726,1.1248952565653199,0.0,1.143374177910294,0.0,1.1534114052680235,0.0
4727,1.1249574743767874,0.0,1.143725423518115,0.0,1.1537578096922618,0.0
4728,1.1250083603626402,0.0,1.1438041742403562,0.0,1.1538437002653565,0.0
4729,1.1250573046782657,0.0,1.1442042413171578,0.0,1.1542576439631935,0.0
4730,1.1250881266570165,0.0,1.1439862084024839,0.0,1.1540453977305312,0.0
4731,1.1251177234431367,0.0,1.1441295716655613,0.0,1.154190903988679,0.0
4732,1.12514358904083,0.0,1.1442987773086317,0.0,1.1543635482557482,0.0
4733,1.1251666587165292,0.0,1.1444487840346391,0.0,1.1545110626259778,0.0
4734,1.1256368091090614,0.0,1.1480151193660046,0.0,1.158021059258354,0.0
4735,1.1252351458889573,0.0,1.1411252906094222,0.0,1.1507478817470196,0.0
4736,1.1247729619753586,0.0,1.1397760839546978,0.0,1.1493551487421712,0.0
4737,1.1241926069357893,0.0,1.140298930710521,0.0,1.1482580657122108,0.0
4738,1.1236763582758338,0.0,1.1398049832354251,0.0,1.1474642999810543,0.0
4739,1.1231916785169058,0.0,1.1392807738503685,0.0,1.146865078972215,0.0
4740,1.122625856822982,0.0,1.1385938883138549,0.0,1.1459898531424833,0.0
4741,1.1221759508927391,0.0,1.137664934289648,0.0,1.1451267953410202,0.0
4742,1.1217316897995762,0.0,1.137181265133769,0.0,1.1445830285310081,0.0
4743,1.1211505527104808,0.0,1.1363314661125592,0.0,1.1435895778412821,0.0
4744,1.1205457580119849,0.0,1.1354987980424975,0.0,1.1426396995389574,0.0
4745,1.1199994336841423,0.0,1.1346978706018929,0.0,1.1417435449625815,0.0
4746,1.1197775264981027,0.0,1.134103352298834,0.0,1.1411989814414862,0.0
4747,1.1218041711730975,0.0,1.1405770967524906,0.0,1.14648614563687,0.0
4748,1.1223994315160397,0.0,1.14081837553429,0.0,1.1472669144637255,0.0
4749,1.1230190294343079,0.0,1.1418465883124431,0.0,1.149154041366403,0.0
4750,1.123417463944551,0.0,1.1420756016584597,0.0,1.1499658868698428,0.0
4751,1.123822125835838,0.0,1.1421639376799453,0.0,1.152199152140198,0.0
4752,1.1240552631182057,0.0,1.1423959344742682,0.0,1.15243904815215,0.0
4753,1.124242859106811,0.0,1.1428450534814858,0.0,1.1528971468986404,0.0
4754,1.1243835733500975,0.0,1.1427789544330638,0.0,1.1528377726877626,0.0
4755,1.1245086756585694,0.0,1.1431016172685546,0.0,1.1531651506772138,0.0
4756,1.124614990865619,0.0,1.1434678271059073,0.0,1.1535362066402632,0.0
4757,1.1246970283590116,0.0,1.1432931002622164,0.0,1.153356985237649,0.0
4758,1.1248545656517077,0.0,1.146565183427612,0.0,1.1565948114382847,0.0
4759,1.1243019108285648,0.0,1.1385776990925514,0.0,1.1477787597813263,0.0
4760,1.1236966898057672,0.0,1.137762868831897,0.0,1.1469111114482826,0.0
4761,1.122926392510309,0.0,1.1377700826127688,0.0,1.1457507236747506,0.0
4762,1.1223333198801515,0.0,1.137213834881689,0.0,1.1449309983595866,0.0
4763,1.1217840122871008,0.0,1.136696395408167,0.0,1.1443088771347405,0.0
4764,1.1212273034892446,0.0,1.1360348144714858,0.0,1.143523011789713,0.0
4765,1.1207501379344924,0.0,1.1351342133237459,0.0,1.1426838908482426,0.0
4766,1.1201545374744846,0.0,1.1346200199345806,0.0,1.1419947357371363,0.0
4767,1.119556711731646,0.0,1.1337932243661517,0.0,1.141058108205233,0.0
4768,1.118952167907118,0.0,1.1330090423726091,0.0,1.1401735507703492,0.0
4769,1.1183798203002742,0.0,1.1322421770563347,0.0,1.1392981922266014,0.0
4770,1.1181655015427807,0.0,1.131710238286865,0.0,1.1387926933355943,0.0
4771,1.1208212641092425,0.0,1.1394735941513752,0.0,1.145086435082408,0.0
4772,1.1215056992789345,0.0,1.1397375317040082,0.0,1.145810253294459,0.0
4773,1.1223587136313096,0.0,1.1411588997734783,0.0,1.1481669405924073,0.0
4774,1.122872551673083,0.0,1.1414651028455465,0.0,1.1490635330369239,0.0
4775,1.1233716093081223,0.0,1.1415597309224987,0.0,1.1515972810593893,0.0
4776,1.1236643519170766,0.0,1.141837688617196,0.0,1.1518841042117942,0.0
4777,1.1238975366794037,0.0,1.1423459485086995,0.0,1.1524020555124252,0.0
4778,1.1240720432043427,0.0,1.142308141617495,0.0,1.1523700277213995,0.0
4779,1.1242216980194035,0.0,1.142624536186592,0.0,1.1526887335763294,0.0
4780,1.124350941348988,0.0,1.142987664387024,0.0,1.1530558478079218,0.0
4781,1.1244550294604672,0.0,1.1428789112778588,0.0,1.1529433217509815,0.0
4782,1.1244789902553118,0.0,1.1393670821680921,0.0,1.1494495132347222,0.0
4783,1.1237718606498224,0.0,1.1373834105810934,0.0,1.1466282327669226,0.0
4784,1.1231979380560853,0.0,1.1361874339671647,0.0,1.1459391167652644,0.0
4785,1.122289693614792,0.0,1.136577408312884,0.0,1.1446429827942488,0.0
4786,1.1215916983852645,0.0,1.1360015117692848,0.0,1.1437384372105681,0.0
4787,1.1209329578827927,0.0,1.1354242372505396,0.0,1.1430016416719306,0.0
4788,1.1203228174779671,0.0,1.134711463604381,0.0,1.142188077088312,0.0
4789,1.119769378617074,0.0,1.1337992067214673,0.0,1.1412663971781216,0.0
4790,1.1191907186376817,0.0,1.1332817979312613,0.0,1.1405921110466892,0.0
4791,1.1185447694088289,0.0,1.1324469885743684,0.0,1.1396254999944364,0.0
4792,1.1178858329779786,0.0,1.1316385439038303,0.0,1.1386997547520514,0.0
4793,1.1174536617511597,0.0,1.1309933625395239,0.0,1.1380444854785003,0.0
4794,1.1173446831015392,0.0,1.1305814481458738,0.0,1.1376840956118288,0.0
4795,1.1204980503697648,0.0,1.1392568637926468,0.0,1.1450200159133974,0.0
4796,1.1213776805346771,0.0,1.1396058530646112,0.0,1.146097305301133,0.0
4797,1.122132082817265,0.0,1.1410514307214976,0.0,1.1482121172761404,0.0
4798,1.1225840217395109,0.0,1.1412545528837323,0.0,1.1487944675419681,0.0
4799,1.1230970334456696,0.0,1.1413129229767798,0.0,1.1513473434930919,0.0
4800,1.1233977191786995,0.0,1.1415837490520293,0.0,1.1516244552391357,0.0
4801,1.1236399871889053,0.0,1.142023541451619,0.0,1.152070854842307,0.0
4802,1.1238229588239423,0.0,1.1419859684445282,0.0,1.1520366895363314,0.0
4803,1.123986255394633,0.0,1.142229824459592,0.0,1.152283223938956,0.0
4804,1.1241299016349737,0.0,1.142500240110859,0.0,1.1525578416001416,0.0
4805,1.1242432328022587,0.0,1.1423666511114487,0.0,1.152421465762699,0.0
4806,1.1241014277497738,0.0,1.138013458973519,0.0,1.1480551175913691,0.0
4807,1.123164111216222,0.0,1.1367435981271377,0.0,1.1456271153607822,0.0
4808,1.1225126587358785,0.0,1.1354231313684007,0.0,1.1448281398097822,0.0
4809,1.1217624743323116,0.0,1.1355444715953615,0.0,1.1438460106329527,0.0
4810,1.1210959591212208,0.0,1.1350796138136623,0.0,1.142980227176554,0.0
4811,1.1204335339644274,0.0,1.1345991959832884,0.0,1.1422313161420288,0.0
4812,1.1198829502673888,0.0,1.1339615200447024,0.0,1.1415144907908719,0.0
4813,1.1196718573268782,0.0,1.1332088778357559,0.0,1.1410096650875448,0.0
4814,1.119167824287849,0.0,1.1328913428085694,0.0,1.1404425469872945,0.0
4815,1.1187699603164598,0.0,1.1323090384653247,0.0,1.1397575673303715,0.0
4816,1.1187401874102012,0.0,1.1319355053821865,0.0,1.1396277760074256,0.0
4817,1.1185202354673054,0.0,1.1315551548559353,0.0,1.139213090228044,0.0
4818,1.1185618236803383,0.0,1.1313545803402636,0.0,1.1390169364750644,0.0
4819,1.1213719091163317,0.0,1.1402730092720652,0.0,1.1466868317034828,0.0
4820,1.1221907384560426,0.0,1.1405585444018749,0.0,1.1478472000202393,0.0
4821,1.1227816748095263,0.0,1.1417828664153076,0.0,1.1498886588792268,0.0
4822,1.1231348900787101,0.0,1.1418193743444163,0.0,1.1501539913960446,0.0
4823,1.1234874232036443,0.0,1.1421576253784624,0.0,1.152208814432074,0.0
4824,1.1237217160329365,0.0,1.142554052087663,0.0,1.1526148988977847,0.0
4825,1.1239160484467803,0.0,1.1434178138451137,0.0,1.1534894422592021,0.0
4826,1.1240659415496455,0.0,1.1433428480366516,0.0,1.1534170809026596,0.0
4827,1.1242012570937536,0.0,1.1437562560296943,0.0,1.15383250977271,0.0
4828,1.1243222906691643,0.0,1.1441592549999617,0.0,1.1542382766978345,0.0
4829,1.124419775917439,0.0,1.1438924979527618,0.0,1.153967217751611,0.0
4830,1.1244126051511443,0.0,1.1390972911922936,0.0,1.1491798691297732,0.0
4831,1.1237442221908047,0.0,1.1369730342714122,0.0,1.1465979435732514,0.0
4832,1.1232166829340535,0.0,1.136063838346656,0.0,1.1459362100178905,0.0
4833,1.122671871690991,0.0,1.1363516539442302,0.0,1.1452353894693155,0.0
4834,1.1222994207993258,0.0,1.1359960195577605,0.0,1.1447545867533104,0.0
4835,1.1218992517099122,0.0,1.1357566394783365,0.0,1.1443161103087625,0.0
4836,1.121400567785581,0.0,1.1353997664848103,0.0,1.1435728132798166,0.0
4837,1.1211030883414614,0.0,1.134621349375752,0.0,1.1429284305105045,0.0
4838,1.1206073622480053,0.0,1.134409171150752,0.0,1.1423496971180291,0.0
4839,1.1201062885761732,0.0,1.1337567706460232,0.0,1.1415030466256548,0.0
4840,1.1195919789962472,0.0,1.1331322598934102,0.0,1.1407178078350755,0.0
4841,1.1191072831409643,0.0,1.1324484229060476,0.0,1.1399177176983777,0.0
4842,1.1189272104130101,0.0,1.1319811368130397,0.0,1.1394366110484566,0.0
4843,1.1214643004801639,0.0,1.140275077901754,0.0,1.1460386971264405,0.0
4844,1.1221398537287073,0.0,1.1404991066210872,0.0,1.1469111354218406,0.0
4845,1.1228564677077477,0.0,1.1417565639717733,0.0,1.1496655809727179,0.0
4846,1.1232579880799145,0.0,1.1418472979808272,0.0,1.1502203672061595,0.0
4847,1.1236093248012404,0.0,1.1422989706752775,0.0,1.1523521633851224,0.0
4848,1.1238352467226709,0.0,1.1427864896586712,0.0,1.1528483174875328,0.0
4849,1.1240180495354475,0.0,1.1436168381854048,0.0,1.1536931539053978,0.0
4850,1.1241582131152843,0.0,1.1436167187762982,0.0,1.1536937604132234,0.0
4851,1.1242807448443157,0.0,1.1440167004045554,0.0,1.1541001794655632,0.0
4852,1.1243897109729408,0.0,1.1443906581324723,0.0,1.1544738627884077,0.0
4853,1.1244788829899686,0.0,1.1441421879722193,0.0,1.1542216811159305,0.0
4854,1.1245670799365033,0.0,1.144288500616243,0.0,1.1543753671795236,0.0
4855,1.1245311991121534,0.0,1.1414093978272988,0.0,1.151118912387836,0.0
4856,1.1245637288639885,0.0,1.1402606674496278,0.0,1.1498866432720252,0.0
4857,1.1242291539931237,0.0,1.1393814018608805,0.0,1.1485838468356306,0.0
4858,1.1239405718427955,0.0,1.138927104436152,0.0,1.1479111465548208,0.0
4859,1.1236602784088847,0.0,1.1383913412783762,0.0,1.147433043777463,0.0
4860,1.1234325748429608,0.0,1.138088100715448,0.0,1.1469570225357033,0.0
4861,1.1232290985646076,0.0,1.1377304664738914,0.0,1.1465496883444257,0.0
4862,1.1230513368226824,0.0,1.1372997451132332,0.0,1.1462166373632892,0.0
4863,1.122880687351663,0.0,1.1367039826761691,0.0,1.1458917298560325,0.0
4864,1.1236353563812862,0.0,1.141445318219137,0.0,1.1497222022952485,0.0
4865,1.1237366380308722,0.0,1.1409596993461286,0.0,1.149522632841771,0.0
4866,1.1239028904542951,0.0,1.1416620466705045,0.0,1.150285285174117,0.0
4867,1.12409873945621,0.0,1.1412356197019522,0.0,1.1510639169372447,0.0
4868,1.124225444887211,0.0,1.141522249508273,0.0,1.1514867746044721,0.0
4869,1.1243848306633588,0.0,1.1425680195318206,0.0,1.152608449884439,0.0
4870,1.1244860569048243,0.0,1.1427156033334382,0.0,1.1527684956645587,0.0
4871,1.1245861650915148,0.0,1.1431852696767733,0.0,1.1532296325261413,0.0
4872,1.1246610349924657,0.0,1.1433677135972988,0.0,1.1534217179975998,0.0
4873,1.1247296248778131,0.0,1.1439554939832408,0.0,1.1540136175352778,0.0
4874,1.1247791158988139,0.0,1.1438021553431263,0.0,1.1538610922737411,0.0
4875,1.1248328054954948,0.0,1.1442127269763913,0.0,1.1542788257448273,0.0
4876,1.1248824423070445,0.0,1.1445432698129872,0.0,1.1546095060254813,0.0
4877,1.1249188843654507,0.0,1.1442587815403535,0.0,1.154324179890681,0.0
4878,1.1249579871038826,0.0,1.1443550994400247,0.0,1.154427893739919,0.0
4879,1.1248987816883091,0.0,1.141741145110186,0.0,1.1517717863446586,0.0
4880,1.1248634277604612,0.0,1.1412684280953307,0.0,1.1512957772339174,0.0
4881,1.1248517269646114,0.0,1.1415304107198807,0.0,1.1515557233495708,0.0
4882,1.1248399613662274,0.0,1.1417357778986559,0.0,1.1517588327452322,0.0
4883,1.124829875894699,0.0,1.1419573668306477,0.0,1.1519782698533774,0.0
4884,1.1248138974324018,0.0,1.1417852985736197,0.0,1.1518120317170364,0.0
4885,1.1247948149176725,0.0,1.1416307198701106,0.0,1.1516565378867136,0.0
4886,1.1247763248972966,0.0,1.141500737037937,0.0,1.1515341844857183,0.0
4887,1.124759329838616,0.0,1.141378536730161,0.0,1.1514048740490055,0.0
4888,1.124749774451492,0.0,1.141372839284733,0.0,1.1513935753285618,0.0
4889,1.1247568165000572,0.0,1.1415235633471295,0.0,1.1515442034666912,0.0
4890,1.1248316740095157,0.0,1.1424849816194629,0.0,1.152508927119082,0.0
4891,1.1248706760426244,0.0,1.1424296722256984,0.0,1.1524569597957324,0.0
4892,1.1249005582312528,0.0,1.1425557825704038,0.0,1.1525851043376183,0.0
4893,1.1249620473523152,0.0,1.1433411726538873,0.0,1.1533740536511743,0.0
4894,1.1250078564485615,0.0,1.1436162620286725,0.0,1.153667174785818,0.0
4895,1.1250544294104334,0.0,1.144153090901539,0.0,1.1541954284259746,0.0
4896,1.1250863068495296,0.0,1.144391069030431,0.0,1.1544415822603284,0.0
4897,1.125118364362844,0.0,1.1450192295999273,0.0,1.1550854876536092,0.0
4898,1.1251354277847643,0.0,1.144756343833178,0.0,1.1548248410843216,0.0
4899,1.12515342695479,0.0,1.144898440694635,0.0,1.1549682898566591,0.0
4900,1.1251718177267709,0.0,1.1450825679716392,0.0,1.155153449578547,0.0
4901,1.1251893009088567,0.0,1.1452079618506474,0.0,1.1552783767335215,0.0
4902,1.125730990651425,0.0,1.1481176143779763,0.0,1.1581226424749207,0.0
4903,1.1253226609923874,0.0,1.1417231397089385,0.0,1.1514920382741207,0.0
4904,1.1249688795042716,0.0,1.139883229056926,0.0,1.1499290775758257,0.0
4905,1.1246225975090862,0.0,1.1402590518765237,0.0,1.149176998211877,0.0
4906,1.1243463517685552,0.0,1.1398999363498779,0.0,1.148704877129608,0.0
4907,1.1241065822028928,0.0,1.1396466615223448,0.0,1.1484629330367309,0.0
4908,1.1238050958787347,0.0,1.139254967877887,0.0,1.1478661516311304,0.0
4909,1.1235714628858573,0.0,1.1384198986418297,0.0,1.14717219966694,0.0
4910,1.1233085511404413,0.0,1.138277357872778,0.0,1.1468688527071178,0.0
4911,1.1230443344352037,0.0,1.1377174001987531,0.0,1.1462419415107379,0.0
4912,1.122700165074272,0.0,1.1372277855342725,0.0,1.1455659819314938,0.0
4913,1.1222367316375965,0.0,1.1366407675919818,0.0,1.1446235527708226,0.0
4914,1.122038102738822,0.0,1.136108294029172,0.0,1.144035304660756,0.0
4915,1.1234818201224623,0.0,1.1423223153133655,0.0,1.1496075887266726,0.0
4916,1.1238967193808114,0.0,1.142185926225914,0.0,1.1505248022231824,0.0
4917,1.1242448821184747,0.0,1.1432037541526154,0.0,1.152757175476456,0.0
4918,1.1244334408837124,0.0,1.1430723232212086,0.0,1.1530209986245388,0.0
4919,1.1245818559360046,0.0,1.14363626854359,0.0,1.1536856672541154,0.0
4920,1.124686533605388,0.0,1.1438845823830923,0.0,1.153940212685981,0.0
4921,1.1247766726478763,0.0,1.1445516845408625,0.0,1.1546196825633948,0.0
4922,1.1248409368499441,0.0,1.144348241194289,0.0,1.154415453118858,0.0
4923,1.1249010588775152,0.0,1.1446214401232688,0.0,1.1546930508370394,0.0
4924,1.1249570661674893,0.0,1.1449379320511681,0.0,1.1550098106901703,0.0
4925,1.1249999863933673,0.0,1.144641935444237,0.0,1.1547130200318587,0.0
4926,1.1251888688877516,0.0,1.147396639413682,0.0,1.1574116883195922,0.0
4927,1.1247209451707953,0.0,1.1388132369940036,0.0,1.1486817971335745,0.0
4928,1.1242777576722225,0.0,1.1379678984903012,0.0,1.1479822723605024,0.0
4929,1.1238417686481175,0.0,1.1382985441151208,0.0,1.147354095586552,0.0
4930,1.1235206998726674,0.0,1.1379796955686752,0.0,1.1469001710107705,0.0
4931,1.1232213091302425,0.0,1.137721825325216,0.0,1.1465805061025065,0.0
4932,1.1228855173936856,0.0,1.1373452261190284,0.0,1.1460218933979724,0.0
4933,1.1225999882528575,0.0,1.1365902153213483,0.0,1.1453122592604559,0.0
4934,1.122190664709739,0.0,1.136493791845285,0.0,1.1448057474173334,0.0
4935,1.1217729277690394,0.0,1.13593039908412,0.0,1.1440122795381584,0.0
4936,1.1212567730546463,0.0,1.1353358625920074,0.0,1.143153335350682,0.0
4937,1.1207888652244353,0.0,1.1346764026927254,0.0,1.1423452739810167,0.0
4938,1.1206297036389836,0.0,1.1341925144845755,0.0,1.1418929008959104,0.0
4939,1.122615373036571,0.0,1.1415653834926023,0.0,1.147955425802844,0.0
4940,1.1231476962923925,0.0,1.141635532709794,0.0,1.1487218996592297,0.0
4941,1.12369251550799,0.0,1.1427184704738855,0.0,1.1514180605685596,0.0
4942,1.1239837865653541,0.0,1.1426381967162211,0.0,1.1517536653004317,0.0
4943,1.1242249004617533,0.0,1.143182304981208,0.0,1.1532335318785951,0.0
4944,1.1243868268585961,0.0,1.1436196657169062,0.0,1.1536811254939972,0.0
4945,1.124521091888731,0.0,1.1444480812223508,0.0,1.1545212847154975,0.0
4946,1.1246207593966995,0.0,1.1443445446825293,0.0,1.1544224822506768,0.0
4947,1.1247079269768308,0.0,1.1446447119596952,0.0,1.1547229817984361,0.0
4948,1.1247841026080303,0.0,1.1448885974804368,0.0,1.1549697928348324,0.0
4949,1.1248453010781212,0.0,1.1445707764133477,0.0,1.1546463567924432,0.0
4950,1.1249411253016923,0.0,1.1462477413438414,0.0,1.1562886182119605,0.0
4951,1.1244416275035376,0.0,1.138078702787651,0.0,1.1479871438351232,0.0
4952,1.123964533138603,0.0,1.1372536484406763,0.0,1.1472750526968987,0.0
4953,1.1235034180582182,0.0,1.1375042600945973,0.0,1.1466490787593049,0.0
4954,1.1231314647867832,0.0,1.1371727275047043,0.0,1.1461325843704684,0.0
4955,1.1226931935342641,0.0,1.1369638167841165,0.0,1.1455901483598536,0.0
4956,1.122159275554305,0.0,1.1365620241327274,0.0,1.1447454096560452,0.0
4957,1.1217542112727041,0.0,1.135740829323823,0.0,1.1439218698259932,0.0
4958,1.121265340757753,0.0,1.1354314532726584,0.0,1.1433345999308568,0.0
4959,1.120758779287239,0.0,1.134736956787492,0.0,1.142466316127635,0.0
4960,1.12023951494801,0.0,1.1340761332011444,0.0,1.141667145968766,0.0
4961,1.1197299783518673,0.0,1.133427824533361,0.0,1.1408627935859377,0.0
4962,1.1194726590039539,0.0,1.1328346924226456,0.0,1.1402728520355931,0.0
4963,1.1218626699432168,0.0,1.1406830846938825,0.0,1.1466268441346121,0.0
4964,1.1225135659814758,0.0,1.1409120400633526,0.0,1.1475548190341658,0.0
4965,1.123198908396697,0.0,1.1421172805998419,0.0,1.1503596619588128,0.0
4966,1.123574261081951,0.0,1.1421271429615871,0.0,1.1508017416936418,0.0
4967,1.123898751996239,0.0,1.1425861821373025,0.0,1.1526373838335464,0.0
4968,1.1241042798675815,0.0,1.1430119814785553,0.0,1.1530726262130582,0.0
4969,1.1242701746249373,0.0,1.143804834311726,0.0,1.1538775901557312,0.0
4970,1.1243958370288665,0.0,1.1437805422028595,0.0,1.1538565442149136,0.0
4971,1.124505961969335,0.0,1.1441567936049362,0.0,1.1542364949640447,0.0
4972,1.1246028520878777,0.0,1.1444828452599594,0.0,1.154562939119035,0.0
4973,1.1246835081023274,0.0,1.1442567563801478,0.0,1.1543351598100677,0.0
4974,1.1247415427745249,0.0,1.141280444757917,0.0,1.1514289579452974,0.0
4975,1.12414711982107,0.0,1.1374117833902773,0.0,1.1472319432097458,0.0
4976,1.1235768388690937,0.0,1.136690137516118,0.0,1.1465162666963102,0.0
4977,1.1228899821437193,0.0,1.1371206734013592,0.0,1.1455779063350022,0.0
4978,1.1223992538833962,0.0,1.1366354633209874,0.0,1.144910919193398,0.0
4979,1.121918297483967,0.0,1.1362317720345387,0.0,1.1443365988022038,0.0
4980,1.121411148342626,0.0,1.1356911697716883,0.0,1.1435905836622697,0.0
4981,1.1209881826005856,0.0,1.1348677116969565,0.0,1.1427768907093743,0.0
4982,1.1206153777786583,0.0,1.1345457846025724,0.0,1.1423668936203328,0.0
4983,1.1202267218057256,0.0,1.1339495143784808,0.0,1.1416927172153184,0.0
4984,1.1199023798344616,0.0,1.1334552246232743,0.0,1.1411888275367916,0.0
4985,1.119606258199824,0.0,1.1329312616682947,0.0,1.1406630366838708,0.0
4986,1.1195379996665986,0.0,1.1325716964860766,0.0,1.1403324928943224,0.0
4987,1.1219699515618333,0.0,1.1410137190493657,0.0,1.1474000245244829,0.0
4988,1.1226617135696386,0.0,1.1411276444328158,0.0,1.1484409962422095,0.0
4989,1.1232120140349449,0.0,1.1421611437901655,0.0,1.1505463355558552,0.0
4990,1.1235464878154746,0.0,1.1421947480326697,0.0,1.1509650615068823,0.0
4991,1.1238410085024624,0.0,1.1426087841872632,0.0,1.1526607542828617,0.0
4992,1.1240342235821152,0.0,1.1429195534041772,0.0,1.1529777024006715,0.0
4993,1.1241977192060522,0.0,1.1437048084432115,0.0,1.1537758964452212,0.0
4994,1.1243210241598576,0.0,1.1435433814155622,0.0,1.1536141737013184,0.0
4995,1.1244339169318527,0.0,1.1439310053084042,0.0,1.1540066293871354,0.0
4996,1.1245367780551374,0.0,1.1443769532125287,0.0,1.1544547881548761,0.0
4997,1.124620526020916,0.0,1.1441686752530311,0.0,1.154244339525533,0.0
4998,1.124634275890748,0.0,1.1397810264062747,0.0,1.1498822326492708,0.0
4999,1.1240013329001355,0.0,1.1372229718746092,0.0,1.1470145587177956,0.0
5000,1.1234181254014637,0.0,1.1363991224603274,0.0,1.146243876118173,0.0
5001,1.12276928901352,0.0,1.1367096497633835,0.0,1.145371003058387,0.0
5002,1.1222630766990476,0.0,1.1362947686951603,0.0,1.14467225391694,0.0
5003,1.1217079433528336,0.0,1.1359548337082626,0.0,1.1439940758184057,0.0
5004,1.1211650821520698,0.0,1.1354123290147011,0.0,1.1432267072276554,0.0
5005,1.1207983953827778,0.0,1.1345824732017245,0.0,1.1425228702514854,0.0
5006,1.120177406086847,0.0,1.1342068544908606,0.0,1.1418222144034595,0.0
5007,1.119621678841553,0.0,1.1334567311329573,0.0,1.1409410084771354,0.0
5008,1.1191956279219655,0.0,1.132831156880731,0.0,1.1402917809098956,0.0
5009,1.1187509599255865,0.0,1.1322471634691875,0.0,1.139594613631542,0.0
5010,1.1185958016371298,0.0,1.1317583995233895,0.0,1.139161287374713,0.0
5011,1.121236633549007,0.0,1.1401129912342722,0.0,1.1459474004442178,0.0
5012,1.1219241673939138,0.0,1.1403780335332363,0.0,1.1467628137713197,0.0
5013,1.1226375248392984,0.0,1.1415050407742229,0.0,1.1490980549196046,0.0
5014,1.1230732952921003,0.0,1.1416949425093639,0.0,1.1498647941212703,0.0
5015,1.1234810956376637,0.0,1.141946680033891,0.0,1.1519896410363488,0.0
5016,1.1237398578201512,0.0,1.1422724985400423,0.0,1.1523263092098508,0.0
5017,1.1239484599002654,0.0,1.1429744299999318,0.0,1.1530408068223092,0.0
5018,1.1241012951887357,0.0,1.1429268220862663,0.0,1.1529963183136607,0.0
5019,1.124235800690595,0.0,1.1433182602716634,0.0,1.153390422055419,0.0
5020,1.1243531152194932,0.0,1.1436661650272706,0.0,1.153740872402652,0.0
5021,1.1244488328481899,0.0,1.1434904977211624,0.0,1.1535620814593988,0.0
5022,1.1245433658619506,0.0,1.1437773472730346,0.0,1.1538597106979533,0.0
5023,1.124483419670818,0.0,1.1413163379300446,0.0,1.150749358548305,0.0
5024,1.1244383372521218,0.0,1.1402371123541077,0.0,1.1490956214174268,0.0
5025,1.1240539744588685,0.0,1.1395060385382627,0.0,1.1481238953480015,0.0
5026,1.1237397371463325,0.0,1.1388530731246194,0.0,1.1474904218396103,0.0
5027,1.1234049404372068,0.0,1.138269704270447,0.0,1.146945382944363,0.0
5028,1.1230792529081006,0.0,1.1379440232898121,0.0,1.146357967430319,0.0
5029,1.1228904510180107,0.0,1.1374868543718972,0.0,1.146033279068784,0.0
5030,1.1227008354160009,0.0,1.137100613362164,0.0,1.1457143285073708,0.0
5031,1.1226740298899747,0.0,1.1364065019545386,0.0,1.1457023248859557,0.0
5032,1.1235490898149718,0.0,1.1411825301225103,0.0,1.1500299834735879,0.0
5033,1.1237107760849856,0.0,1.140795554784688,0.0,1.1499352935660359,0.0
5034,1.1239632403306585,0.0,1.1416325764054718,0.0,1.1512817553211938,0.0
5035,1.124134333800864,0.0,1.1416535719271292,0.0,1.1516858601958937,0.0
5036,1.124244447008241,0.0,1.1418796185258142,0.0,1.1519124174600224,0.0
5037,1.1243772535940197,0.0,1.1428297503927576,0.0,1.152867868706814,0.0
5038,1.1244574519002157,0.0,1.1428358856640244,0.0,1.152883319941793,0.0
5039,1.1245433822933462,0.0,1.1431925218839434,0.0,1.153230307449758,0.0
5040,1.1246129828849156,0.0,1.1432601176277164,0.0,1.1533052079939006,0.0
5041,1.1246854822960741,0.0,1.1436721195971793,0.0,1.1537210961558273,0.0
5042,1.124737355623851,0.0,1.1434643977762,0.0,1.1535156154336037,0.0
5043,1.1247891446071667,0.0,1.1436282991281785,0.0,1.1536833453675495,0.0
5044,1.1248394420369494,0.0,1.143829559059867,0.0,1.1538853590048517,0.0
5045,1.1248760106226592,0.0,1.1435722570597333,0.0,1.153627919339442,0.0
5046,1.1249172140318526,0.0,1.1437881332512894,0.0,1.1538518852621809,0.0
5047,1.1248407906944746,0.0,1.1413802521609009,0.0,1.1514079622482853,0.0
5048,1.1248077240845535,0.0,1.1410122499606594,0.0,1.1510376658990438,0.0
5049,1.1247974804980447,0.0,1.1412521901720507,0.0,1.1512763751006059,0.0
5050,1.1247794194967375,0.0,1.1414333555818543,0.0,1.1514550642057146,0.0
5051,1.1247676103669308,0.0,1.1416845044811972,0.0,1.1517043634133406,0.0
5052,1.1247431085557162,0.0,1.141521041868739,0.0,1.1515460306204688,0.0
5053,1.1247160313287234,0.0,1.141408195035694,0.0,1.151432189692863,0.0
5054,1.1246894701637908,0.0,1.1413275893211046,0.0,1.1513579620527432,0.0
5055,1.1246578727062349,0.0,1.1412532207899535,0.0,1.151248965136807,0.0
5056,1.1246288374263818,0.0,1.141295041702668,0.0,1.1512221803444476,0.0
5057,1.124595340347925,0.0,1.1413474248457494,0.0,1.1513158308305889,0.0
5058,1.1246594531774496,0.0,1.1422045348853453,0.0,1.152177285139036,0.0
5059,1.1247160150317885,0.0,1.142346317200152,0.0,1.152362745094926,0.0
5060,1.124751646570497,0.0,1.1424926644418938,0.0,1.1525164981915184,0.0
5061,1.1248245474407117,0.0,1.1432562863089293,0.0,1.1532826524489723,0.0
5062,1.1248666927815834,0.0,1.1433774690252763,0.0,1.1534163105220325,0.0
5063,1.1249148764211083,0.0,1.1436730404467588,0.0,1.1537049289254355,0.0
5064,1.1249533870396615,0.0,1.14370524418187,0.0,1.1537433379165287,0.0
5065,1.1249955466074337,0.0,1.1440575214833284,0.0,1.1541079348668162,0.0
5066,1.1250183276601833,0.0,1.143831824262451,0.0,1.1538848326561613,0.0
5067,1.125042801490289,0.0,1.1439564862555958,0.0,1.1540116408906007,0.0
5068,1.1250693976169288,0.0,1.1441570340278235,0.0,1.154215102764499,0.0
5069,1.125093621433947,0.0,1.144317536240032,0.0,1.1543767720703273,0.0
5070,1.1255393411193024,0.0,1.1479284192059032,0.0,1.1579345878578358,0.0
5071,1.1250610887245285,0.0,1.1418800222742271,0.0,1.1499689463851293,0.0
5072,1.1246543493794432,0.0,1.1396723849066392,0.0,1.1491610935971264,0.0
5073,1.1241287158917033,0.0,1.140114773211945,0.0,1.1481278908581187,0.0
5074,1.1237089040615338,0.0,1.1396525622336793,0.0,1.1474481759211967,0.0
5075,1.1233110658547736,0.0,1.1392192412501387,0.0,1.1469550001031577,0.0
5076,1.1228878143160006,0.0,1.1386691535637807,0.0,1.1462653072401323,0.0
5077,1.1226389730662185,0.0,1.137811707299699,0.0,1.145651104830143,0.0
5078,1.1222280902930593,0.0,1.1375082955966853,0.0,1.1451419023734226,0.0
5079,1.1217856969647648,0.0,1.1368421671228848,0.0,1.1443282703496327,0.0
5080,1.1213937945355426,0.0,1.1362421698384138,0.0,1.1436827316936586,0.0
5081,1.1210168421657607,0.0,1.1356144468863378,0.0,1.1430240327280905,0.0
5082,1.1208644495658417,0.0,1.1351870118387868,0.0,1.1426059888567552,0.0
5083,1.122567689217253,0.0,1.141565369219214,0.0,1.147898872426212,0.0
5084,1.1230708628554635,0.0,1.1416306428104668,0.0,1.1486946215708074,0.0
5085,1.123532540360398,0.0,1.1425955050589462,0.0,1.1504947208556395,0.0
5086,1.1237987772506308,0.0,1.1426077602341136,0.0,1.1508870301536205,0.0
5087,1.1240910725797228,0.0,1.142763769014348,0.0,1.1528023404836836,0.0
5088,1.124268994496082,0.0,1.142982857271999,0.0,1.153028273094848,0.0
5089,1.1244168651347906,0.0,1.1435304197189997,0.0,1.1535873808127852,0.0
5090,1.1245263383444386,0.0,1.1434127367024414,0.0,1.153473525743192,0.0
5091,1.124623959732151,0.0,1.1436962958101202,0.0,1.1537617577525887,0.0
5092,1.1247087213804723,0.0,1.1440032812031402,0.0,1.1540729052855656,0.0
5093,1.1247732644446637,0.0,1.143762075551781,0.0,1.1538272400313732,0.0
5094,1.1249488154874216,0.0,1.1470204148879344,0.0,1.157040660308198,0.0
5095,1.1243779885821719,0.0,1.1386921236062197,0.0,1.1479362797337125,0.0
5096,1.1239269923915611,0.0,1.1375933399182545,0.0,1.1473648884673144,0.0
5097,1.1231358613064781,0.0,1.1380844097574732,0.0,1.1461031517776532,0.0
5098,1.1225696784914805,0.0,1.1375462339885203,0.0,1.1453078993035204,0.0
5099,1.122030368282448,0.0,1.1370685099075362,0.0,1.1446765890847166,0.0
5100,1.1215299264409664,0.0,1.1364606266726913,0.0,1.1439764875960714,0.0
5101,1.1210757745745092,0.0,1.1356077197719485,0.0,1.143156716862327,0.0
5102,1.1205521711009951,0.0,1.1351546286149017,0.0,1.1425428209544415,0.0
5103,1.1199484687358587,0.0,1.134335779635972,0.0,1.1415765316464908,0.0
5104,1.1193593326226718,0.0,1.1335534849870141,0.0,1.1406985142931023,0.0
5105,1.118944895412875,0.0,1.1329141160645781,0.0,1.140036470968496,0.0
5106,1.1188338640133733,0.0,1.1324766703448925,0.0,1.1396633310651278,0.0
5107,1.1212881029006243,0.0,1.1401277160383192,0.0,1.145844650857444,0.0
5108,1.1219907312405075,0.0,1.1404650284410076,0.0,1.1467349669849867,0.0
5109,1.122731761296101,0.0,1.1416975822426978,0.0,1.1490820579964087,0.0
5110,1.123166071289935,0.0,1.1418123346592377,0.0,1.1496746244876124,0.0
5111,1.123589725287029,0.0,1.14198228517687,0.0,1.152027663045971,0.0
5112,1.1238459214860452,0.0,1.1423018266513256,0.0,1.1523566326822468,0.0
5113,1.1240472542986903,0.0,1.143043969905673,0.0,1.1531136704478966,0.0
5114,1.1241963395331152,0.0,1.1430131109918638,0.0,1.153082526949181,0.0
5115,1.124326414437666,0.0,1.143389497342686,0.0,1.1534649852536136,0.0
5116,1.1244405858722244,0.0,1.1437721513572023,0.0,1.153847495827655,0.0
5117,1.1245309930270961,0.0,1.1435201829838268,0.0,1.1535940360355195,0.0
5118,1.124630627638731,0.0,1.1444038611866245,0.0,1.1544834027726316,0.0
5119,1.1240411584988494,0.0,1.137717210240829,0.0,1.1472650137910927,0.0
5120,1.1234976220842583,0.0,1.1366217874191498,0.0,1.1464672583395001,0.0
5121,1.1229271800412577,0.0,1.1369286585964256,0.0,1.1456872444276225,0.0
5122,1.1225211584589672,0.0,1.1365557487213633,0.0,1.1451382352729853,0.0
5123,1.1220123049483106,0.0,1.1362853653910614,0.0,1.1445046712798677,0.0
5124,1.1214299483329286,0.0,1.1358224494795397,0.0,1.1436293640672455,0.0
5125,1.1209565360845672,0.0,1.1349688990745541,0.0,1.1427641265600774,0.0
5126,1.1204605543489452,0.0,1.1345648738010319,0.0,1.1421958044358946,0.0
5127,1.119987589114316,0.0,1.1338577375237517,0.0,1.1414028902304245,0.0
5128,1.119682375029038,0.0,1.1333179263239588,0.0,1.1409206615722525,0.0
5129,1.1193698839772026,0.0,1.1328295467015614,0.0,1.1403850964836593,0.0
5130,1.119207493829769,0.0,1.1323743572834137,0.0,1.1399025316694544,0.0
5131,1.1216486984256442,0.0,1.1405256850212462,0.0,1.1464502316265688,0.0
5132,1.1223362907361745,0.0,1.1407638778745153,0.0,1.1473517259385992,0.0
5133,1.1229912415148133,0.0,1.1417888060433574,0.0,1.1498210474162867,0.0
5134,1.123357136232843,0.0,1.141954852458254,0.0,1.1502326165892789,0.0
5135,1.1236977835508832,0.0,1.142255346423288,0.0,1.1523061802443226,0.0
5136,1.1239123257950105,0.0,1.1426284048381175,0.0,1.1526890578573443,0.0
5137,1.1240872793146972,0.0,1.143381265228807,0.0,1.1534522140953336,0.0
5138,1.1242207951723953,0.0,1.1433435876044566,0.0,1.153418953059724,0.0
5139,1.1243405426418527,0.0,1.1437650900632164,0.0,1.153842933748801,0.0
5140,1.1244470238793594,0.0,1.1441782684093147,0.0,1.1542599499170247,0.0
5141,1.1245332521082072,0.0,1.1439395073288705,0.0,1.1540159995426191,0.0
5142,1.1245828624544478,0.0,1.1403849837389672,0.0,1.1505176472549536,0.0
5143,1.1239858355615053,0.0,1.1373156516024217,0.0,1.1470506290777036,0.0
5144,1.1234474264133323,0.0,1.136426097912161,0.0,1.1463379542092507,0.0
5145,1.1228583486419679,0.0,1.1367753946531194,0.0,1.1455477355229005,0.0
5146,1.122420875739844,0.0,1.1364090604569634,0.0,1.144957730922125,0.0
5147,1.1220109912347154,0.0,1.1360669941272203,0.0,1.1444973209115574,0.0
5148,1.1215010486106518,0.0,1.135619870014806,0.0,1.1437243883589,0.0
5149,1.120983320438621,0.0,1.1348210532002747,0.0,1.1427569580153263,0.0
5150,1.1204073368083787,0.0,1.1344248434511859,0.0,1.142087610873975,0.0
5151,1.1198208764922843,0.0,1.1336415627230798,0.0,1.1411625943479131,0.0
5152,1.1192182618837807,0.0,1.13290282322468,0.0,1.1403009058014517,0.0
5153,1.1186952585560086,0.0,1.1322080567021333,0.0,1.1395049044450096,0.0
5154,1.1184463211238531,0.0,1.1316377887562985,0.0,1.1389343922270192,0.0
5155,1.1211256676667778,0.0,1.1398420487540664,0.0,1.1455645829304462,0.0
5156,1.1218627271878352,0.0,1.1401453434028415,0.0,1.14648863317159,0.0
5157,1.122631707680334,0.0,1.1414950711061709,0.0,1.149071779529378,0.0
5158,1.123074135182154,0.0,1.141602713911442,0.0,1.149740217813516,0.0
5159,1.1234736914651162,0.0,1.1418267902020882,0.0,1.1518745394527896,0.0
5160,1.123721675414627,0.0,1.1421117816295667,0.0,1.152167270563385,0.0
5161,1.1239175601479197,0.0,1.142733380390454,0.0,1.152801010620962,0.0
5162,1.1240646330913417,0.0,1.1426943243716112,0.0,1.1527623434339163,0.0
5163,1.1241952984355956,0.0,1.143091953070292,0.0,1.1531649212461825,0.0
5164,1.1243110814467754,0.0,1.1435058144909984,0.0,1.1535804856053138,0.0
5165,1.1244044458680622,0.0,1.1433175262068092,0.0,1.1533899616768966,0.0
5166,1.124395788815048,0.0,1.1389575394797047,0.0,1.1490362044859694,0.0
5167,1.1237283387245585,0.0,1.1369038918693937,0.0,1.146557730959372,0.0
5168,1.1231731518011847,0.0,1.1359875471905583,0.0,1.145864994012233,0.0
5169,1.1223870351913081,0.0,1.1364004183885232,0.0,1.1447486683083208,0.0
5170,1.1218076721291086,0.0,1.1359270242769248,0.0,1.143968924314061,0.0
5171,1.1212487247826886,0.0,1.135490401345316,0.0,1.1433195360396833,0.0
5172,1.1206568970877473,0.0,1.1348721980196506,0.0,1.1425111800130963,0.0
5173,1.1201404950712646,0.0,1.133978456176704,0.0,1.1416454046926605,0.0
5174,1.1195338301744455,0.0,1.1334857597078574,0.0,1.1409588209606163,0.0
5175,1.1189773021795506,0.0,1.1327003994990392,0.0,1.1400974666427082,0.0
5176,1.1184194309087816,0.0,1.131993599533646,0.0,1.1393028076149772,0.0
5177,1.117873368816376,0.0,1.1312969354571623,0.0,1.1384834614943986,0.0
5178,1.1176237168006207,0.0,1.1307528853087463,0.0,1.1379379579442024,0.0
5179,1.120511201084049,0.0,1.1391640477478377,0.0,1.1447865519804505,0.0
5180,1.1212633935739984,0.0,1.139432393961826,0.0,1.1456415567867513,0.0
5181,1.122079335186423,0.0,1.1407853085766377,0.0,1.1480067396063152,0.0
5182,1.1225626043757237,0.0,1.1411573596105788,0.0,1.1487628515648804,0.0
5183,1.1230701314283156,0.0,1.1412642163166042,0.0,1.1513016572669243,0.0
5184,1.1233704732063763,0.0,1.1415710635912055,0.0,1.1516148620459703,0.0
5185,1.1236121952037819,0.0,1.1421022352660888,0.0,1.1521575666878674,0.0
5186,1.1237949421062916,0.0,1.1420617573936733,0.0,1.152119583761666,0.0
5187,1.1239538160737865,0.0,1.1423389737907628,0.0,1.1524039648186226,0.0
5188,1.1240916822886258,0.0,1.1426606715547447,0.0,1.152726770131908,0.0
5189,1.1242003197863908,0.0,1.1425085486730902,0.0,1.1525739468429388,0.0
5190,1.1243047184171229,0.0,1.1428257614774255,0.0,1.1528987236838897,0.0
5191,1.1241877193032226,0.0,1.1410806559860731,0.0,1.1497302758347088,0.0
5192,1.1241270499682068,0.0,1.1394436184480474,0.0,1.1484006191482354,0.0
5193,1.1237463669325674,0.0,1.1389834157988645,0.0,1.1476425248935176,0.0
5194,1.1233167450528774,0.0,1.1384263859497394,0.0,1.146807942632948,0.0
5195,1.1228478064452758,0.0,1.1377711145301042,0.0,1.1460759857970728,0.0
5196,1.1224916476099434,0.0,1.137291154553106,0.0,1.1454860151410824,0.0
5197,1.122169696517473,0.0,1.136836043771858,0.0,1.1449757085514427,0.0
5198,1.1218477002181186,0.0,1.1363898847673326,0.0,1.1444936438264606,0.0
5199,1.1217016763075736,0.0,1.1357492214199403,0.0,1.1442962589557413,0.0
5200,1.1226594374728394,0.0,1.1404252617475081,0.0,1.1479547211550098,0.0
5201,1.122773140759246,0.0,1.1402285993215813,0.0,1.1478828494462339,0.0
5202,1.1229905561794296,0.0,1.140815149720785,0.0,1.1486041209428428,0.0
5203,1.123367574706173,0.0,1.140345532547005,0.0,1.1500726180154115,0.0
5204,1.1235743921856898,0.0,1.1406950715105741,0.0,1.1506407612184393,0.0
5205,1.1238062070064905,0.0,1.1418759102893896,0.0,1.1518715207371735,0.0
5206,1.1239552936864137,0.0,1.1420447014995825,0.0,1.152083530648403,0.0
5207,1.1240919873491702,0.0,1.1423949573273489,0.0,1.1524274618490011,0.0
5208,1.1241980970209717,0.0,1.1424332587742694,0.0,1.1524699140526369,0.0
5209,1.1243071578369719,0.0,1.1427435034267843,0.0,1.1527856217733112,0.0
5210,1.1243865915266866,0.0,1.1426155052035523,0.0,1.1526589671104657,0.0
5211,1.1244595167376414,0.0,1.1427472923583641,0.0,1.1527942026586215,0.0
5212,1.1245322543752894,0.0,1.1429720533211076,0.0,1.153021047514301,0.0
5213,1.124586392605252,0.0,1.1427828052148203,0.0,1.1528303530505142,0.0
5214,1.1246416123088425,0.0,1.1430375064894227,0.0,1.1530962397965647,0.0
5215,1.1245567394761617,0.0,1.14073634663465,0.0,1.1507611487292817,0.0
5216,1.124521147680414,0.0,1.1404540651622002,0.0,1.150478057168897,0.0
5217,1.1245095943447099,0.0,1.140693955222691,0.0,1.150715425643952,0.0
5218,1.1244996592401748,0.0,1.1409154276777167,0.0,1.1509360003632827,0.0
5219,1.1244891655099998,0.0,1.1411764689826829,0.0,1.1511951371702709,0.0
5220,1.1244681915808261,0.0,1.141053848509115,0.0,1.151076997485181,0.0
5221,1.124438407193574,0.0,1.1409988097022579,0.0,1.1509556032820647,0.0
5222,1.1244083635067295,0.0,1.1409448597981278,0.0,1.1508555552810285,0.0
5223,1.1243895321774064,0.0,1.1408709275380557,0.0,1.150785912834791,0.0
5224,1.1243651395251915,0.0,1.1409638064015137,0.0,1.150717199824236,0.0
5225,1.1243642166835195,0.0,1.1409585376150744,0.0,1.1508822721188534,0.0
5226,1.124465500729094,0.0,1.1418319386034486,0.0,1.1518212413109965,0.0
5227,1.1245463242040032,0.0,1.1419524096943672,0.0,1.1519756443438924,0.0
5228,1.1246069911186476,0.0,1.1421609961338026,0.0,1.1521868314773354,0.0
5229,1.1246933462488944,0.0,1.1429931331627547,0.0,1.1530243183042588,0.0
5230,1.1247540041423676,0.0,1.1431761774165083,0.0,1.1532216731289675,0.0
5231,1.124816753730941,0.0,1.143581264125512,0.0,1.1536222432856318,0.0
5232,1.1248604496528654,0.0,1.143653232271473,0.0,1.153699963619085,0.0
5233,1.1249073234509257,0.0,1.1442929600328722,0.0,1.1543585900496827,0.0
5234,1.1249333529258776,0.0,1.1440569936945024,0.0,1.1541225150899637,0.0
5235,1.1249585958333532,0.0,1.1441976983777185,0.0,1.154266590440496,0.0
5236,1.1249840596094032,0.0,1.1444159120021749,0.0,1.1544848395241019,0.0
5237,1.125008042718402,0.0,1.1445947183264988,0.0,1.1546645780423954,0.0
5238,1.125455466780342,0.0,1.1479163684251068,0.0,1.1579225340522747,0.0
5239,1.1250677737405221,0.0,1.1421449901461938,0.0,1.1504975883624387,0.0
5240,1.1247128244909668,0.0,1.1397157847524544,0.0,1.1494249186799756,0.0
5241,1.1242871799281515,0.0,1.1401434267284238,0.0,1.1484995469476553,0.0
5242,1.1239736302487369,0.0,1.139758343796668,0.0,1.147978951514609,0.0
5243,1.1236727481157422,0.0,1.1393855079530033,0.0,1.1476095436967682,0.0
5244,1.1233084007559406,0.0,1.1389501106327315,0.0,1.1469368223062673,0.0
5245,1.1230887975694208,0.0,1.138086981413756,0.0,1.1463161138437112,0.0
5246,1.122740369425932,0.0,1.1378356488848749,0.0,1.145866400944688,0.0
5247,1.1223498889196015,0.0,1.1372329832617603,0.0,1.1450659334827034,0.0
5248,1.1220081235485622,0.0,1.1366865630762526,0.0,1.1444569275858059,0.0
5249,1.1217160088772868,0.0,1.1360982988705386,0.0,1.14384921953671,0.0
5250,1.1216985600600842,0.0,1.1356694630697366,0.0,1.143510267889035,0.0
5251,1.1232541922080086,0.0,1.1422807100861665,0.0,1.149362236347183,0.0
5252,1.1236836288005552,0.0,1.1421347881094255,0.0,1.1500187641065012,0.0
5253,1.124021356053594,0.0,1.143267088339495,0.0,1.1518832243774084,0.0
5254,1.1242110343673268,0.0,1.14317149481467,0.0,1.1521204263654277,0.0
5255,1.1243921933073864,0.0,1.143694866864193,0.0,1.1537481198289978,0.0
5256,1.1245117183043443,0.0,1.1440698488993557,0.0,1.1541320802215054,0.0
5257,1.1246132823512576,0.0,1.1448769487882708,0.0,1.1549534379726702,0.0
5258,1.1246882489171968,0.0,1.1447272234965389,0.0,1.154803992130468,0.0
5259,1.1247567063717585,0.0,1.1450424064635842,0.0,1.155125811801756,0.0
5260,1.1248203265954757,0.0,1.1453106012785021,0.0,1.1553880729000707,0.0
5261,1.124870258325253,0.0,1.1449752367981167,0.0,1.1550488882381338,0.0
5262,1.125096899254495,0.0,1.1474539423844146,0.0,1.157466700430418,0.0
5263,1.1246708333007809,0.0,1.1387982033386117,0.0,1.1486766531072854,0.0
5264,1.1242316308443012,0.0,1.1379378961313498,0.0,1.1479715242345045,0.0
5265,1.1237891142509855,0.0,1.1383149411505715,0.0,1.1473364397402455,0.0
5266,1.1233781910196072,0.0,1.1380741987147829,0.0,1.146709782106591,0.0
5267,1.1229438956801034,0.0,1.1378078188580556,0.0,1.1461449747435852,0.0
5268,1.1224366837425652,0.0,1.137309677952685,0.0,1.145307697829495,0.0
5269,1.1219924989102157,0.0,1.1364269557567777,0.0,1.1443897760726,0.0
5270,1.1214263131625657,0.0,1.1360450646666753,0.0,1.1436920262748307,0.0
5271,1.1208761872566964,0.0,1.1352562529821553,0.0,1.1427637736348937,0.0
5272,1.1202768726647954,0.0,1.1344671267224617,0.0,1.14185185259093,0.0
5273,1.1197226765996948,0.0,1.1337153046966402,0.0,1.140984959175012,0.0
5274,1.1194623258682024,0.0,1.1330941487475172,0.0,1.1403962327834298,0.0
5275,1.1217289063026674,0.0,1.1404638837257788,0.0,1.146364029856552,0.0
5276,1.1223139284456176,0.0,1.1406487128926581,0.0,1.147059511831191,0.0
5277,1.1230209913277973,0.0,1.1419207536437983,0.0,1.14965548108544,0.0
5278,1.1234156359943084,0.0,1.1420187567907942,0.0,1.1503204443162016,0.0
5279,1.1237673894904638,0.0,1.142276123287088,0.0,1.1523210011105507,0.0
5280,1.1239824927107571,0.0,1.1425411841669206,0.0,1.152595930396923,0.0
5281,1.1241534465683702,0.0,1.1431528378920632,0.0,1.1532182540457054,0.0
5282,1.1242780803117411,0.0,1.1430734029309646,0.0,1.1531417241271555,0.0
5283,1.1243886606599376,0.0,1.1434207774083518,0.0,1.1534916694579027,0.0
5284,1.124487066817429,0.0,1.1437828541625434,0.0,1.1538571751260023,0.0
5285,1.1245649264379476,0.0,1.1435576805724106,0.0,1.1536281926974332,0.0
5286,1.124664238886592,0.0,1.145160859920757,0.0,1.1552233999803159,0.0
5287,1.124050194572568,0.0,1.1375970617496207,0.0,1.1472867008242196,0.0
5288,1.1235201910093495,0.0,1.1367456624187529,0.0,1.1465549089644782,0.0
5289,1.122753950161592,0.0,1.1371037642979385,0.0,1.1453915590498993,0.0
5290,1.1221713439228878,0.0,1.1366015271171215,0.0,1.1445847963789708,0.0
5291,1.1215876119309034,0.0,1.1361308087328108,0.0,1.143890858709781,0.0
5292,1.1209907535315662,0.0,1.1354906992852918,0.0,1.1430791166249246,0.0
5293,1.1204587163446689,0.0,1.1345819520858267,0.0,1.1421862950513357,0.0
5294,1.1198708609049437,0.0,1.1340774717647188,0.0,1.1415019113082354,0.0
5295,1.1193080564003703,0.0,1.1332806888881115,0.0,1.1406071995829468,0.0
5296,1.1188303211793822,0.0,1.1326017949313907,0.0,1.1398947039789353,0.0
5297,1.118343762641583,0.0,1.1319534044325499,0.0,1.139140173253788,0.0
5298,1.1181529661182894,0.0,1.1314480698731897,0.0,1.1386580194079523,0.0
5299,1.1208272348961772,0.0,1.139512307350113,0.0,1.1451509801264255,0.0
5300,1.121561149628791,0.0,1.1398384430369102,0.0,1.1460389056942646,0.0
5301,1.1223768174742788,0.0,1.1412224318813495,0.0,1.148576748626692,0.0
5302,1.1228442725851413,0.0,1.1414024879654054,0.0,1.149254014364539,0.0
5303,1.1232993542193794,0.0,1.1415515847752016,0.0,1.1515931159648702,0.0
5304,1.1235773124436643,0.0,1.1418582364995524,0.0,1.1519104907908702,0.0
5305,1.123801637416624,0.0,1.1424813545528023,0.0,1.1525458422222825,0.0
5306,1.123966503455103,0.0,1.1424786653162227,0.0,1.1525476911892574,0.0
5307,1.1241094964840939,0.0,1.1428634014409966,0.0,1.1529342494735926,0.0
5308,1.1242351152043246,0.0,1.143262667604541,0.0,1.1533381560119809,0.0
5309,1.124336492502179,0.0,1.143091972610635,0.0,1.153162934345968,0.0
5310,1.124361332431921,0.0,1.1391293593174163,0.0,1.149221798173436,0.0
5311,1.1236965331469158,0.0,1.1368852935105034,0.0,1.1465191057886066,0.0
5312,1.1230809563549746,0.0,1.1361784618568647,0.0,1.1457209736672886,0.0
5313,1.122289964678821,0.0,1.1364549414733178,0.0,1.144607288040017,0.0
5314,1.1217487858691595,0.0,1.1359343840830052,0.0,1.1438912894020155,0.0
5315,1.121229995406451,0.0,1.1355061130026005,0.0,1.1432946659696772,0.0
5316,1.1206962414850268,0.0,1.134928292941636,0.0,1.1425521876168945,0.0
5317,1.1202416749542563,0.0,1.1340773320353041,0.0,1.141748910509733,0.0
5318,1.1197015393908853,0.0,1.1336487755559543,0.0,1.141146045345153,0.0
5319,1.1191570362392402,0.0,1.1328829694771183,0.0,1.1402897855698002,0.0
5320,1.1185667703693374,0.0,1.132152782366561,0.0,1.1394406445600755,0.0
5321,1.1180815856077053,0.0,1.131483202138521,0.0,1.13869234711162,0.0
5322,1.1179073770542214,0.0,1.130974756563694,0.0,1.1382173673273597,0.0
5323,1.120680895760959,0.0,1.1392878169548784,0.0,1.1448524358120236,0.0
5324,1.1214278437542478,0.0,1.139593999356321,0.0,1.1457193798208998,0.0
5325,1.1222733732281645,0.0,1.141020250746658,0.0,1.148380471730779,0.0
5326,1.122755646911291,0.0,1.141223027890182,0.0,1.1491065152732476,0.0
5327,1.123200919059682,0.0,1.1413560664795075,0.0,1.1514009832501269,0.0
5328,1.123469054584892,0.0,1.1416116876393805,0.0,1.151662604944659,0.0
5329,1.1236827428020206,0.0,1.1420893772227139,0.0,1.1521501481699274,0.0
5330,1.123844230427661,0.0,1.1419905437599045,0.0,1.1520524495878541,0.0
5331,1.1239869115016339,0.0,1.1422831009084833,0.0,1.1523475236754475,0.0
5332,1.1241116997852207,0.0,1.142600718218795,0.0,1.152668511677152,0.0
5333,1.1242104200960987,0.0,1.1424348936308673,0.0,1.1524973545655723,0.0
5334,1.1241203771371726,0.0,1.1381749065672222,0.0,1.148226459279842,0.0
5335,1.1233402747687178,0.0,1.136547242434962,0.0,1.1458936860452411,0.0
5336,1.12276674382719,0.0,1.1353935639795862,0.0,1.145238173688344,0.0
5337,1.1219104554574488,0.0,1.1357558864983386,0.0,1.1440770431600185,0.0
5338,1.1211661260239583,0.0,1.1353099962127777,0.0,1.1430998237689125,0.0
5339,1.120494533123329,0.0,1.1347465494576254,0.0,1.1423421661333637,0.0
5340,1.1198105471664648,0.0,1.1340245829971551,0.0,1.1414433283296754,0.0
5341,1.1192562313248493,0.0,1.133100978179216,0.0,1.1405540096269644,0.0
5342,1.1186359801742904,0.0,1.132567424832884,0.0,1.1398503714604686,0.0
5343,1.1179924918425632,0.0,1.131733045378852,0.0,1.1388891462514226,0.0
5344,1.1174296535660735,0.0,1.1309999588536104,0.0,1.138097258123362,0.0
5345,1.1168574468911576,0.0,1.1302637773666033,0.0,1.1372504749645105,0.0
5346,1.1167104568328143,0.0,1.1298086699509997,0.0,1.136851222492655,0.0
5347,1.1197697615883628,0.0,1.1382816061267973,0.0,1.1437603955713793,0.0
5348,1.120622403074052,0.0,1.1386974821883245,0.0,1.144786780164707,0.0
5349,1.1214978410124183,0.0,1.1401799159989499,0.0,1.1470621265911325,0.0
5350,1.122022324946181,0.0,1.140582913763902,0.0,1.1478380429147779,0.0
5351,1.1226296483245166,0.0,1.1406602315288583,0.0,1.1506934195174972,0.0
5352,1.122969049218832,0.0,1.1409791475884106,0.0,1.1510022547540573,0.0
5353,1.1232391003653082,0.0,1.1414145080348568,0.0,1.1514590307554688,0.0
5354,1.1234431485642316,0.0,1.1414236595405942,0.0,1.1514696883503754,0.0
5355,1.1236204502086535,0.0,1.1416692979610024,0.0,1.151719089317169,0.0
5356,1.1237756537291883,0.0,1.1419236674747621,0.0,1.1519748978165465,0.0
5357,1.1239005359293166,0.0,1.1418232101505847,0.0,1.1518744864968617,0.0
5358,1.1240205970728354,0.0,1.1421703434724413,0.0,1.1522308815794353,0.0
5359,1.1238071886475571,0.0,1.141013432104352,0.0,1.148860073199293,0.0
5360,1.123629143846116,0.0,1.138933443527397,0.0,1.1474707604471,0.0
5361,1.1231799062527776,0.0,1.1383502380255621,0.0,1.1467164302921034,0.0
5362,1.1225914341715753,0.0,1.1377704411360678,0.0,1.1456704254094516,0.0
5363,1.1219647151480516,0.0,1.1370001189274592,0.0,1.144750166375952,0.0
5364,1.121413070874608,0.0,1.1363738493804176,0.0,1.1439180957909096,0.0
5365,1.1209520309378267,0.0,1.1357656240433702,0.0,1.143259049851339,0.0
5366,1.120543939191895,0.0,1.1351888722374341,0.0,1.1426888207276962,0.0
5367,1.1202313761494365,0.0,1.1345153068996914,0.0,1.1422598648501976,0.0
5368,1.121462136142693,0.0,1.1393116920279496,0.0,1.145953563460462,0.0
5369,1.1216772631234149,0.0,1.1392257420350933,0.0,1.1461496434701497,0.0
5370,1.1220039736426564,0.0,1.1398141342792678,0.0,1.1469414094607722,0.0
5371,1.1226645883926731,0.0,1.13941707760655,0.0,1.149214060375984,0.0
5372,1.1229839471062888,0.0,1.139906838065208,0.0,1.1498898473202233,0.0
5373,1.123294155603272,0.0,1.1411661722073783,0.0,1.1511661324794407,0.0
5374,1.1234955750165267,0.0,1.1413887716686424,0.0,1.1514270646595208,0.0
5375,1.1236796010021102,0.0,1.141786667138909,0.0,1.1518180601350556,0.0
5376,1.1238296355547785,0.0,1.1418741503091518,0.0,1.1519116851703286,0.0
5377,1.1239707130677925,0.0,1.1421635607187797,0.0,1.1522046129636854,0.0
5378,1.1240802869403632,0.0,1.1420500229710282,0.0,1.152096519372285,0.0
5379,1.1241835909915536,0.0,1.1422111431513406,0.0,1.152260579522351,0.0
5380,1.1242794564964078,0.0,1.1424171597780042,0.0,1.1524718789403094,0.0
5381,1.1243535605149921,0.0,1.1422478879799471,0.0,1.1523006781421765,0.0
5382,1.1244286672407262,0.0,1.142595948160912,0.0,1.1526605377058288,0.0
5383,1.1243553308209338,0.0,1.1402937203641312,0.0,1.150320192689427,0.0
5384,1.1243076796798348,0.0,1.1400089364482977,0.0,1.1499617351383336,0.0
5385,1.1242706646563518,0.0,1.1403529655495133,0.0,1.1501679134754141,0.0
5386,1.1241901175982856,0.0,1.1407341943161078,0.0,1.1502028242605329,0.0
5387,1.1241130880360248,0.0,1.1409534679318651,0.0,1.1503675723689764,0.0
5388,1.124058499203499,0.0,1.1407590057913295,0.0,1.1503827498370052,0.0
5389,1.1239646950439957,0.0,1.1408277800163442,0.0,1.150145856556855,0.0
5390,1.1238705620040668,0.0,1.1408229604069033,0.0,1.1499529947243408,0.0
5391,1.1237545956345827,0.0,1.1407016715635443,0.0,1.1496643183169932,0.0
5392,1.1236674587202173,0.0,1.1405036759928928,0.0,1.1495841497391057,0.0
5393,1.1236313609336472,0.0,1.1404382904369317,0.0,1.149697467071227,0.0
5394,1.1236684384249203,0.0,1.1409406270478275,0.0,1.1500752582243805,0.0
5395,1.1237485654261385,0.0,1.14098155569112,0.0,1.1502750237327035,0.0
5396,1.1238515252692087,0.0,1.1410324788143373,0.0,1.1507830776800954,0.0
5397,1.1240179666641799,0.0,1.1418440477877643,0.0,1.1518199865495566,0.0
5398,1.1241126106361816,0.0,1.1420686293214288,0.0,1.152000231448298,0.0
5399,1.1242057419789886,0.0,1.1423476141407,0.0,1.152263751565557,0.0
5400,1.1242805334570216,0.0,1.142344771731094,0.0,1.1523265704556025,0.0
5401,1.1243480334524234,0.0,1.1425201516529682,0.0,1.1524213855060503,0.0
5402,1.1243932541757737,0.0,1.1424337729991625,0.0,1.1522560261546886,0.0
5403,1.124440773427954,0.0,1.1425316710822337,0.0,1.1523087741043374,0.0
5404,1.1244875527062916,0.0,1.1426467929173245,0.0,1.1524168613450292,0.0
5405,1.1245295079284279,0.0,1.1427286627426607,0.0,1.1525173303014549,0.0
5406,1.1248609127607914,0.0,1.1471383848205985,0.0,1.1570941169550417,0.0
5407,1.1242113917510983,0.0,1.1406958476837334,0.0,1.1482458316822597,0.0
5408,1.1236580026359404,0.0,1.13868757323308,0.0,1.147397994678436,0.0
5409,1.1228036779683397,0.0,1.1383964496513772,0.0,1.145950703114809,0.0
5410,1.1221159510291911,0.0,1.1376453041533647,0.0,1.144938692446075,0.0
5411,1.1214269450836705,0.0,1.1369052771110206,0.0,1.1440650113766035,0.0
5412,1.120699803383994,0.0,1.136023406948773,0.0,1.1430326063104186,0.0
5413,1.1201004016952485,0.0,1.134968711332568,0.0,1.1420359496038404,0.0
5414,1.1194644881749252,0.0,1.1342909417159204,0.0,1.141259773088221,0.0
5415,1.1188308075813826,0.0,1.133368718241139,0.0,1.1402690859927094,0.0
5416,1.1182156211790097,0.0,1.1325238242131705,0.0,1.13936593034313,0.0
5417,1.1176958703946616,0.0,1.1317289726669886,0.0,1.1385420439293361,0.0
5418,1.1176374040446921,0.0,1.1313906993481109,0.0,1.1382526528769714,0.0
5419,1.1203940514633457,0.0,1.1390066970231756,0.0,1.1446390015909946,0.0
5420,1.1211581252978893,0.0,1.139339411355298,0.0,1.145514088243671,0.0
5421,1.1219715524777483,0.0,1.1406624904626004,0.0,1.1477069190248135,0.0
5422,1.1224446807744637,0.0,1.1409603761835172,0.0,1.1483065079365666,0.0
5423,1.122984953216664,0.0,1.1409104440734776,0.0,1.1509461663618934,0.0
5424,1.1232895420711255,0.0,1.141164294998897,0.0,1.15120676837637,0.0
5425,1.1235310909433907,0.0,1.1415856384623118,0.0,1.1516360688340221,0.0
5426,1.1237153346294755,0.0,1.141560849320859,0.0,1.151617205974045,0.0
5427,1.1238783903882577,0.0,1.1418360210791976,0.0,1.1518963525668877,0.0
5428,1.124020109383682,0.0,1.1421973617562184,0.0,1.152263292076921,0.0
5429,1.1241322833017493,0.0,1.142121010233367,0.0,1.1521833170538562,0.0
5430,1.1242520464061674,0.0,1.140664280381563,0.0,1.1508156646505048,0.0
5431,1.1236039346525348,0.0,1.1375251261982833,0.0,1.1464272220393177,0.0
5432,1.123050150747076,0.0,1.1360697744312078,0.0,1.145783998730308,0.0
5433,1.122189570725293,0.0,1.1364238255609158,0.0,1.1445279721240977,0.0
5434,1.1215245101385967,0.0,1.135912442035686,0.0,1.1436352193941908,0.0
5435,1.1208431800311276,0.0,1.1353771731712552,0.0,1.142849080414807,0.0
5436,1.1201964707392145,0.0,1.1346549200939868,0.0,1.1419841700840792,0.0
5437,1.1196305548993994,0.0,1.1337054723259057,0.0,1.141062104099671,0.0
5438,1.1189871522626706,0.0,1.1331329608911451,0.0,1.1403243401020502,0.0
5439,1.1183635111512702,0.0,1.132272804420028,0.0,1.13938100801524,0.0
5440,1.117736638434086,0.0,1.1314684507516257,0.0,1.1384943437475712,0.0
5441,1.117209636805306,0.0,1.1307452273439191,0.0,1.1377076838093352,0.0
5442,1.1170017282781504,0.0,1.1302274402501595,0.0,1.1372179803612905,0.0
5443,1.1199431465596672,0.0,1.1384276685242067,0.0,1.143906700325487,0.0
5444,1.1207670202699767,0.0,1.1387205371891356,0.0,1.1448870581668207,0.0
5445,1.1216632379189482,0.0,1.1402865331920564,0.0,1.1473185022694912,0.0
5446,1.1221735876781844,0.0,1.1406944320110806,0.0,1.1479970214869768,0.0
5447,1.1227495765224391,0.0,1.1407324327931483,0.0,1.150769015724368,0.0
5448,1.1230788357737231,0.0,1.1410248512426777,0.0,1.1510676209813264,0.0
5449,1.123341139876807,0.0,1.1414959788140397,0.0,1.1515486681034817,0.0
5450,1.1235395039704759,0.0,1.1414825556722934,0.0,1.151539884283733,0.0
5451,1.1237117460634993,0.0,1.1417559097972418,0.0,1.151816872076105,0.0
5452,1.123861466645046,0.0,1.1420702314985243,0.0,1.1521367958263615,0.0
5453,1.1239805126172329,0.0,1.1419614114654628,0.0,1.1520239247027473,0.0
5454,1.1239377005211941,0.0,1.137710354398824,0.0,1.1477709788896633,0.0
5455,1.12312697316742,0.0,1.136481122107389,0.0,1.1455307358740046,0.0
5456,1.1225372349411085,0.0,1.135247983970185,0.0,1.1448400725788082,0.0
5457,1.121854723601176,0.0,1.135424450359368,0.0,1.1439414002685264,0.0
5458,1.1213930581972678,0.0,1.135027877817795,0.0,1.1433488789942217,0.0
5459,1.1208856191164798,0.0,1.1347164967106955,0.0,1.1427866886695344,0.0
5460,1.1202968996464133,0.0,1.1342235230642992,0.0,1.1419821209177512,0.0
5461,1.1197753828008266,0.0,1.133411108266183,0.0,1.141091738070218,0.0
5462,1.1193059550443327,0.0,1.1330444121232308,0.0,1.1405912121656099,0.0
5463,1.1187257993602213,0.0,1.1323420664356174,0.0,1.1397069372727635,0.0
5464,1.1182990571200337,0.0,1.1317428408410817,0.0,1.1390915106162238,0.0
5465,1.1178232693778407,0.0,1.1310793791668212,0.0,1.1383537671511614,0.0
5466,1.117724519468335,0.0,1.1307118743339168,0.0,1.1380249894743468,0.0
5467,1.1205604089674654,0.0,1.13933143554022,0.0,1.1450792697368126,0.0
5468,1.121378644794152,0.0,1.1397487145218355,0.0,1.146194822846007,0.0
5469,1.1221086117873973,0.0,1.140903489844042,0.0,1.1484359858508257,0.0
5470,1.1225328791727118,0.0,1.141063557820423,0.0,1.1489286614126049,0.0
5471,1.1229784050274014,0.0,1.1411732761688926,0.0,1.1512150214318346,0.0
5472,1.123252928713438,0.0,1.1414385353994685,0.0,1.151486516650121,0.0
5473,1.1234766276287544,0.0,1.1419551322854276,0.0,1.1520142940471174,0.0
5474,1.1236455025232748,0.0,1.1418697996554223,0.0,1.1519313704051393,0.0
5475,1.1237930514810852,0.0,1.1421317799336845,0.0,1.1521970227528764,0.0
5476,1.123921748929667,0.0,1.1424156748700742,0.0,1.1524838257261858,0.0
5477,1.1240235905810327,0.0,1.1422243983339886,0.0,1.1522876269756142,0.0
5478,1.1239360249899493,0.0,1.1379395308750648,0.0,1.1479921399792423,0.0
5479,1.1231293124260646,0.0,1.1363147225410104,0.0,1.1455779630379925,0.0
5480,1.1225529406290327,0.0,1.1351716261632174,0.0,1.1449006132619937,0.0
5481,1.121876624230461,0.0,1.1353548181417212,0.0,1.1439934650627355,0.0
5482,1.1213710439368252,0.0,1.1349489179657417,0.0,1.1433377676825225,0.0
5483,1.1206972199730856,0.0,1.1346325533155277,0.0,1.1425516883603495,0.0
5484,1.1200548378257433,0.0,1.1340556637972736,0.0,1.141689047567407,0.0
5485,1.119565458304207,0.0,1.1331923436010476,0.0,1.1408673608788311,0.0
5486,1.1189538061893602,0.0,1.1327440646388962,0.0,1.1401841994895086,0.0
5487,1.1183657146829615,0.0,1.1319711560598285,0.0,1.1392883112379453,0.0
5488,1.1177873005844043,0.0,1.1312556795688307,0.0,1.1384685658699045,0.0
5489,1.1173323796766461,0.0,1.1306189296851565,0.0,1.1377736978814572,0.0
5490,1.1171680405740443,0.0,1.1301438598378868,0.0,1.1373284832230801,0.0
5491,1.1201602263333914,0.0,1.1388208955131864,0.0,1.144413533405335,0.0
5492,1.1210080869652572,0.0,1.1392573590690473,0.0,1.1454723692588198,0.0
5493,1.121848837038861,0.0,1.1406204285651471,0.0,1.1479743514844931,0.0
5494,1.1223357118442514,0.0,1.140869695104211,0.0,1.1486106591421639,0.0
5495,1.1228296370159143,0.0,1.1410112064789655,0.0,1.1510547264683588,0.0
5496,1.123136425697648,0.0,1.1413326858717,0.0,1.151385026554795,0.0
5497,1.1233839246717594,0.0,1.1419754221584066,0.0,1.1520436814207236,0.0
5498,1.1235655570708407,0.0,1.1419764591682087,0.0,1.152046207410121,0.0
5499,1.1237220763457283,0.0,1.1423484808382431,0.0,1.1524225564134634,0.0
5500,1.1238595397431348,0.0,1.1427266365446405,0.0,1.1528017160621824,0.0
5501,1.123969711560633,0.0,1.1425248054816823,0.0,1.15259569689815,0.0
5502,1.1239254063798785,0.0,1.1378258061007678,0.0,1.1478911655286248,0.0
5503,1.1231925717658695,0.0,1.1361501691832732,0.0,1.1456775030609363,0.0
5504,1.122652124780118,0.0,1.1351820243952564,0.0,1.145051808966266,0.0
5505,1.122043272501226,0.0,1.1354122227296026,0.0,1.1442432407433931,0.0
5506,1.121617387749385,0.0,1.1350565125612506,0.0,1.1436955632523929,0.0
5507,1.121145326527811,0.0,1.1348175005778272,0.0,1.1431584584408307,0.0
5508,1.1205866076110165,0.0,1.1343888259746697,0.0,1.1423450803052428,0.0
5509,1.120154642762346,0.0,1.133589157725366,0.0,1.141542522970401,0.0
5510,1.1195981100026704,0.0,1.1332485980187426,0.0,1.140922331807845,0.0
5511,1.1191040502438332,0.0,1.1325530316586154,0.0,1.1401247282127134,0.0
5512,1.118537916780622,0.0,1.131898120632082,0.0,1.1393111211244618,0.0
5513,1.1181640823082988,0.0,1.1313393747501914,0.0,1.1387156074839893,0.0
5514,1.118089267289123,0.0,1.1309111798038443,0.0,1.13836838093097,0.0
5515,1.120934378646354,0.0,1.1398034165952824,0.0,1.1457956005605305,0.0
5516,1.1217430952668361,0.0,1.1400848786543285,0.0,1.1469260051275056,0.0
5517,1.1224134395696295,0.0,1.1412104721473273,0.0,1.1493507548128845,0.0
5518,1.1227900374618394,0.0,1.1412963419979434,0.0,1.1496425572234874,0.0
5519,1.123155382757433,0.0,1.141563844865825,0.0,1.151615159744433,0.0
5520,1.123395080334359,0.0,1.1418876400556257,0.0,1.1519471405693553,0.0
5521,1.1235903397439746,0.0,1.1426297199245083,0.0,1.152702657710456,0.0
5522,1.123739080938905,0.0,1.142586861942668,0.0,1.1526603634391872,0.0
5523,1.1238720252518921,0.0,1.1429924744979034,0.0,1.1530710298981934,0.0
5524,1.1239908267152559,0.0,1.1433962753763875,0.0,1.1534763834244532,0.0
5525,1.12408793176157,0.0,1.1431946967265647,0.0,1.1532718012531002,0.0
5526,1.1241852350060944,0.0,1.1435149108324256,0.0,1.1536032220666257,0.0
5527,1.1241492753009361,0.0,1.14093844185469,0.0,1.1505124863318952,0.0
5528,1.124199220438931,0.0,1.139475792003168,0.0,1.1494857901727646,0.0
5529,1.1238850946992378,0.0,1.1386377315644927,0.0,1.148159392702889,0.0
5530,1.1235666871143246,0.0,1.1383329595411937,0.0,1.147378436819948,0.0
5531,1.123220276563842,0.0,1.1378175913740531,0.0,1.1467305663552325,0.0
5532,1.1229642363696324,0.0,1.137425089213504,0.0,1.1462175487739166,0.0
5533,1.1227009430140427,0.0,1.1370673036203156,0.0,1.1457252269031226,0.0
5534,1.1224657875839372,0.0,1.136672852111237,0.0,1.1453308441848586,0.0
5535,1.1223131955330845,0.0,1.1360159334298425,0.0,1.1450970582909248,0.0
5536,1.1231181328303743,0.0,1.1409061776808505,0.0,1.148987454267195,0.0
5537,1.1232262042069419,0.0,1.1404305222865738,0.0,1.1488115405182724,0.0
5538,1.123416382532346,0.0,1.1411252734292179,0.0,1.149613882933422,0.0
5539,1.1236663357121854,0.0,1.1407526443052336,0.0,1.1506697552419447,0.0
5540,1.1238253699288905,0.0,1.1411464178946369,0.0,1.1511209041307509,0.0
5541,1.1240080248298185,0.0,1.1422158355249006,0.0,1.1522576870667736,0.0
5542,1.1241280240555775,0.0,1.1422992909935317,0.0,1.152357515283596,0.0
5543,1.1242391670956173,0.0,1.1428366390106568,0.0,1.1528853654519684,0.0
5544,1.124317505362531,0.0,1.1430575746887779,0.0,1.1531165810469572,0.0
5545,1.1243914462271454,0.0,1.1436989882669675,0.0,1.1537618102539169,0.0
5546,1.1244459419832882,0.0,1.1435471624650824,0.0,1.1536141410761662,0.0
5547,1.1244999872735206,0.0,1.1438232089736826,0.0,1.1538917055205864,0.0
5548,1.1245510709132638,0.0,1.1441140348944632,0.0,1.1541855107708079,0.0
5549,1.1245901043722275,0.0,1.1438150707387424,0.0,1.1538830051676017,0.0
5550,1.1246365217550696,0.0,1.1440233289139954,0.0,1.15410408762789,0.0
5551,1.1245789144840865,0.0,1.1412123991357206,0.0,1.1512447404204689,0.0
5552,1.1245304505905633,0.0,1.1406461138088353,0.0,1.150673869069944,0.0
5553,1.1245058880988703,0.0,1.1409096354872363,0.0,1.150905132675324,0.0
5554,1.124472183111016,0.0,1.1411313511730128,0.0,1.151003285584548,0.0
5555,1.1244450520871028,0.0,1.141289651381204,0.0,1.151199139916442,0.0
5556,1.124413787910135,0.0,1.1410758004189943,0.0,1.151029508372535,0.0
5557,1.1243777862672362,0.0,1.1410282174504636,0.0,1.1508889595210243,0.0
5558,1.1243448437673955,0.0,1.1410155016669896,0.0,1.1508122455906138,0.0
5559,1.124310486632542,0.0,1.1409221279284416,0.0,1.1507038234894846,0.0
5560,1.1242669318893272,0.0,1.1408885006175469,0.0,1.150660664546022,0.0
5561,1.1242329520382457,0.0,1.1408174197202334,0.0,1.1507319109133876,0.0
5562,1.1243143753220697,0.0,1.1416516039314775,0.0,1.1515902151628659,0.0
5563,1.1243669658192514,0.0,1.1416777059719663,0.0,1.1515748367585317,0.0
5564,1.1244239363814748,0.0,1.1418259760367515,0.0,1.1518488199423003,0.0
5565,1.1245174638421218,0.0,1.142637894696082,0.0,1.1526677847709734,0.0
5566,1.1245834678998363,0.0,1.1428290952875237,0.0,1.1528768255814044,0.0
5567,1.1246494533677946,0.0,1.143264790502819,0.0,1.1533058805909766,0.0
5568,1.1246924571894148,0.0,1.1433911374993815,0.0,1.153440658464064,0.0
5569,1.124734395479883,0.0,1.1439205603878686,0.0,1.1539847953809421,0.0
5570,1.124759349161368,0.0,1.143716981604032,0.0,1.1537846724838305,0.0
5571,1.1247866253191228,0.0,1.1439555955367477,0.0,1.154025535855033,0.0
5572,1.1248131659337464,0.0,1.1442162755548055,0.0,1.154289734185754,0.0
5573,1.1248370934281704,0.0,1.144398577006286,0.0,1.1544705633523356,0.0
5574,1.1253709708017332,0.0,1.1478841705813474,0.0,1.1578896295720182,0.0
5575,1.1249944133180962,0.0,1.1415106876995693,0.0,1.1513521618937046,0.0
5576,1.1246374711502072,0.0,1.1394398272615676,0.0,1.1494875432978644,0.0
5577,1.1243051123068186,0.0,1.1397182612504804,0.0,1.1487584079809545,0.0
5578,1.1240318089942396,0.0,1.1393493371854924,0.0,1.148283506355484,0.0
5579,1.1237880519611065,0.0,1.139095207620299,0.0,1.1480229692329016,0.0
5580,1.1235287368633506,0.0,1.1387138427361292,0.0,1.1475182549228717,0.0
5581,1.1233526491830301,0.0,1.137879575260122,0.0,1.1469071083065907,0.0
5582,1.1230812719341206,0.0,1.137751859551338,0.0,1.14657315233675,0.0
5583,1.122750673490267,0.0,1.1372071487671367,0.0,1.1458025728941927,0.0
5584,1.1224501311899429,0.0,1.1367191115161404,0.0,1.1452147609465992,0.0
5585,1.1221684620624233,0.0,1.1361545401509054,0.0,1.1445779198419155,0.0
5586,1.1220870491626407,0.0,1.1356141120015109,0.0,1.1440905104422279,0.0
5587,1.1234989617868016,0.0,1.1423189084634648,0.0,1.1508904821043453,0.0
5588,1.123861634732163,0.0,1.1419110392940555,0.0,1.1512675048942465,0.0
5589,1.124133324081685,0.0,1.1432265815679596,0.0,1.1532734726279141,0.0
5590,1.124270693463645,0.0,1.14300765727135,0.0,1.153071406934485,0.0
5591,1.1243890298304147,0.0,1.1436545099273172,0.0,1.1537080384941039,0.0
5592,1.124478868607402,0.0,1.1439648373719147,0.0,1.1540290576252143,0.0
5593,1.1245598035335018,0.0,1.1447319906164455,0.0,1.1548078588442932,0.0
5594,1.124621478849761,0.0,1.1445754538926922,0.0,1.1546574928806337,0.0
5595,1.1246793852549424,0.0,1.1448885600512544,0.0,1.154963999553344,0.0
5596,1.1247338209159652,0.0,1.1451147293272648,0.0,1.1551834135154782,0.0
5597,1.1247761691603935,0.0,1.1448461673290968,0.0,1.1549076413560633,0.0
5598,1.125013276185723,0.0,1.1473480065600417,0.0,1.1573601441782417,0.0
5599,1.1245985836301602,0.0,1.1391311299316997,0.0,1.1492537854695428,0.0
5600,1.1241568794410537,0.0,1.1379329208814075,0.0,1.1479679203579647,0.0
5601,1.1237242846451545,0.0,1.1380996180698766,0.0,1.1472120382980047,0.0
5602,1.1232947432418947,0.0,1.1379448313467582,0.0,1.1465759638274098,0.0
5603,1.1228730634592345,0.0,1.1376573795541005,0.0,1.1460801963824503,0.0
5604,1.122402910423122,0.0,1.137161586689992,0.0,1.145313873308339,0.0
5605,1.1220021209930393,0.0,1.1362747509047026,0.0,1.1444581461153553,0.0
5606,1.1215233644908753,0.0,1.135942672636853,0.0,1.1438763126986626,0.0
5607,1.120970883185093,0.0,1.1352276033280706,0.0,1.1429266182565545,0.0
5608,1.1203678559437058,0.0,1.1345035213210866,0.0,1.1419931101853105,0.0
5609,1.1198337453862701,0.0,1.1337986066817611,0.0,1.1411343073694922,0.0
5610,1.1197895503164519,0.0,1.1332949601152218,0.0,1.140827076955044,0.0
5611,1.1220602785785023,0.0,1.1409662316250229,0.0,1.1474685250750385,0.0
5612,1.1227134441747215,0.0,1.141061204509286,0.0,1.148516837059886,0.0
5613,1.1232652102845815,0.0,1.1420269130620264,0.0,1.151061038978703,0.0
5614,1.1235653375026307,0.0,1.1419974065049414,0.0,1.1513440170786133,0.0
5615,1.123818572403466,0.0,1.1424779713110755,0.0,1.1525271329264453,0.0
5616,1.1239934648854821,0.0,1.1428258063296473,0.0,1.152885850064176,0.0
5617,1.1241400883037729,0.0,1.1436507916016443,0.0,1.153722275684589,0.0
5618,1.1242487208910399,0.0,1.1435392341389918,0.0,1.153614829428034,0.0
5619,1.1243456348277612,0.0,1.143872467475949,0.0,1.153950196798019,0.0
5620,1.1244322713400101,0.0,1.1442179408963518,0.0,1.1542988551490696,0.0
5621,1.1245011193113783,0.0,1.1439231049610339,0.0,1.1539993779232467,0.0
5622,1.1246007796605375,0.0,1.1457893103477426,0.0,1.155835706412763,0.0
5623,1.124062436506228,0.0,1.1374776897340138,0.0,1.1473921478264484,0.0
5624,1.123580970300757,0.0,1.1366747528957348,0.0,1.1467046794556395,0.0
5625,1.1231000739672041,0.0,1.1369371754888413,0.0,1.1460577737696527,0.0
5626,1.122634932511415,0.0,1.1366543518859817,0.0,1.14538305234265,0.0
5627,1.1221086609573678,0.0,1.1364090023604208,0.0,1.1447107592486676,0.0
5628,1.121583809183185,0.0,1.1358836611790664,0.0,1.1439158146164354,0.0
5629,1.121124752133573,0.0,1.135030680532113,0.0,1.143053506432918,0.0
5630,1.1205252146186426,0.0,1.134657519529274,0.0,1.1423494285332492,0.0
5631,1.1198778849333326,0.0,1.133865753970923,0.0,1.1413317138484247,0.0
5632,1.119321312668697,0.0,1.1331456145620187,0.0,1.1405223205394805,0.0
5633,1.1188235504927428,0.0,1.1324763720933018,0.0,1.1397527396490397,0.0
5634,1.1186374743798277,0.0,1.131940560986415,0.0,1.1392597188488456,0.0
5635,1.121225056275296,0.0,1.1400006592806595,0.0,1.145904389691299,0.0
5636,1.122021745110429,0.0,1.1403845851414118,0.0,1.1472039508121195,0.0
5637,1.1226829599933403,0.0,1.1414413818869917,0.0,1.1495321052382264,0.0
5638,1.123063577816316,0.0,1.141481452471789,0.0,1.1500989174090683,0.0
5639,1.1234089836733288,0.0,1.1417300260007313,0.0,1.1517725652766033,0.0
5640,1.1236358442813945,0.0,1.141974595282865,0.0,1.1520264443762178,0.0
5641,1.1238231404443082,0.0,1.1425400645441792,0.0,1.1526025875743513,0.0
5642,1.1239615645147225,0.0,1.1424656104567708,0.0,1.1525322343225206,0.0
5643,1.1240836824911578,0.0,1.1428028063884101,0.0,1.1528712607835023,0.0
5644,1.124192065461575,0.0,1.1431570252561902,0.0,1.153228922017043,0.0
5645,1.124278323304813,0.0,1.1429678563976646,0.0,1.1530359109983717,0.0
5646,1.124300937637003,0.0,1.1393971246089372,0.0,1.149490152298685,0.0
5647,1.1236463668260004,0.0,1.1368603243841342,0.0,1.1465196822648789,0.0
5648,1.1230960597155653,0.0,1.1359455819765398,0.0,1.145818035203018,0.0
5649,1.1223832259465396,0.0,1.1361950349592385,0.0,1.1447962072568254,0.0
5650,1.1217519667058544,0.0,1.1358560787484722,0.0,1.1439188321046334,0.0
5651,1.121280435571475,0.0,1.1354146734291806,0.0,1.143404423639486,0.0
5652,1.1206099016664028,0.0,1.1348540738683668,0.0,1.1424803405621655,0.0
5653,1.1201532439226118,0.0,1.1339833891066269,0.0,1.141675937040578,0.0
5654,1.1196205869279487,0.0,1.1335689033253171,0.0,1.1410800603731641,0.0
5655,1.1191417290586991,0.0,1.1328674622294825,0.0,1.1403104335687988,0.0
5656,1.118724509637593,0.0,1.132288315951157,0.0,1.1396928496021075,0.0
5657,1.1185457713343632,0.0,1.131795468255208,0.0,1.1393301419289648,0.0
5658,1.1185899079033859,0.0,1.1315153756113563,0.0,1.139139883314238,0.0
5659,1.1213406070736314,0.0,1.1402917712392417,0.0,1.146850728302755,0.0
5660,1.12212471069717,0.0,1.1404865403795963,0.0,1.1479240045880577,0.0
5661,1.1226870003523888,0.0,1.1415993837139498,0.0,1.1498495911904207,0.0
5662,1.1230287839394508,0.0,1.1415909455506554,0.0,1.1501391666077514,0.0
5663,1.1233590827114723,0.0,1.1418871741894747,0.0,1.1519359068193007,0.0
5664,1.1235802249794793,0.0,1.1421889039243855,0.0,1.152247934004832,0.0
5665,1.1237671423530684,0.0,1.1430439831781936,0.0,1.1531148767928787,0.0
5666,1.1239063744240816,0.0,1.1429225796597224,0.0,1.1529958381767544,0.0
5667,1.1240277810835668,0.0,1.1431767029462603,0.0,1.1532502867222898,0.0
5668,1.1241403680498077,0.0,1.1436024263811138,0.0,1.1536800969031182,0.0
5669,1.1242294639827584,0.0,1.1433099695643203,0.0,1.1533824198495155,0.0
5670,1.124227518025219,0.0,1.1391259628154717,0.0,1.149208991712543,0.0
5671,1.1235717476346117,0.0,1.136678008572752,0.0,1.1463780349899995,0.0
5672,1.1230685127137938,0.0,1.1358136443621325,0.0,1.1457782374580356,0.0
5673,1.1224803622034765,0.0,1.1359836676197566,0.0,1.1449526172681612,0.0
5674,1.1220561885154359,0.0,1.135644309865569,0.0,1.1443868000299464,0.0
5675,1.1216754656885828,0.0,1.135378775044686,0.0,1.1439836601069961,0.0
5676,1.1212539618319484,0.0,1.1349950756977831,0.0,1.1433574733886547,0.0
5677,1.1209061326801106,0.0,1.134248854189744,0.0,1.142618766779327,0.0
5678,1.1204622089380496,0.0,1.134067120217613,0.0,1.1421133592215957,0.0
5679,1.1201092411592406,0.0,1.1335036339044038,0.0,1.1414828387202238,0.0
5680,1.119919206104203,0.0,1.1330350749677562,0.0,1.1411592755097375,0.0
5681,1.1196106779076578,0.0,1.132552745445318,0.0,1.1406005818505687,0.0
5682,1.1195593101958086,0.0,1.1322256747908193,0.0,1.1402789633839472,0.0
5683,1.121949579820366,0.0,1.1408829484816736,0.0,1.147986635587136,0.0
5684,1.122609277178173,0.0,1.140895091165004,0.0,1.1489464462853471,0.0
5685,1.1230736386290436,0.0,1.1421328090880616,0.0,1.150973890427929,0.0
5686,1.1233502959038173,0.0,1.1420200642998959,0.0,1.1512025323272956,0.0
5687,1.1236007372327443,0.0,1.1425038742130003,0.0,1.152556060148818,0.0
5688,1.1237776863139322,0.0,1.1428191249365187,0.0,1.1528808947048637,0.0
5689,1.1239286738810563,0.0,1.1436111840550327,0.0,1.1536831272628636,0.0
5690,1.124042730779928,0.0,1.1434324773235647,0.0,1.153506566375338,0.0
5691,1.124146202172346,0.0,1.143751314199126,0.0,1.1538268804551541,0.0
5692,1.124239165502128,0.0,1.144061572159626,0.0,1.1541395256113653,0.0
5693,1.1243132148448165,0.0,1.1437251133176574,0.0,1.1537984100774896,0.0
5694,1.1243899613133181,0.0,1.143935880294064,0.0,1.1540196619684218,0.0
5695,1.1243324129807133,0.0,1.1409881408388625,0.0,1.1507713640134651,0.0
5696,1.124391368928101,0.0,1.1400546172742831,0.0,1.150132643601541,0.0
5697,1.124154926592096,0.0,1.1389051517486033,0.0,1.1489024570800936,0.0
5698,1.1239572434698208,0.0,1.1383147670829596,0.0,1.148298810968865,0.0
5699,1.1237344341497693,0.0,1.1378511254330619,0.0,1.1478229102580868,0.0
5700,1.1235499554561814,0.0,1.137485444794514,0.0,1.147355380230404,0.0
5701,1.1233059108855266,0.0,1.13734050045428,0.0,1.1467970390190665,0.0
5702,1.1231587477455671,0.0,1.1369848843746058,0.0,1.1465251936556333,0.0
5703,1.1230595947367144,0.0,1.136462054696583,0.0,1.146342626445744,0.0
5704,1.1237352766352626,0.0,1.140900634407772,0.0,1.1506588838226866,0.0
5705,1.1238511843632912,0.0,1.14051261861365,0.0,1.1504335841288567,0.0
5706,1.1240307063219588,0.0,1.1415647528519985,0.0,1.1515953227725158,0.0
5707,1.1241455572202457,0.0,1.1417145122530983,0.0,1.1517510941364861,0.0
5708,1.124224834319085,0.0,1.1419192965954057,0.0,1.1519565640637874,0.0
5709,1.1243343328046984,0.0,1.1429774134452209,0.0,1.1530213493666492,0.0
5710,1.1244014609618478,0.0,1.1429901205366562,0.0,1.153045245885334,0.0
5711,1.1244745529607212,0.0,1.1434364185850292,0.0,1.1534825731165423,0.0
5712,1.1245289442932866,0.0,1.1435271180044655,0.0,1.1535801767073939,0.0
5713,1.1245859516888363,0.0,1.1441467642919556,0.0,1.1542081367134298,0.0
5714,1.1246225279146942,0.0,1.1438942772767533,0.0,1.1539547486272657,0.0
5715,1.1246601583343796,0.0,1.144104569379596,0.0,1.1541692181891523,0.0
5716,1.1246963007800126,0.0,1.1443216362183057,0.0,1.1543859793784719,0.0
5717,1.124722326202447,0.0,1.143991187434013,0.0,1.154054086463427,0.0
5718,1.1247565937564865,0.0,1.1441913636718948,0.0,1.1542640563501658,0.0
5719,1.1246796998553685,0.0,1.1412736295331265,0.0,1.1513040319190682,0.0
5720,1.1246415228156676,0.0,1.1408580483693302,0.0,1.150886229601575,0.0
5721,1.1246288512774374,0.0,1.1411649742879457,0.0,1.151190572841271,0.0
5722,1.1246217814760298,0.0,1.1414362916698955,0.0,1.1514611233212333,0.0
5723,1.1246164064648605,0.0,1.1417145207795247,0.0,1.1517369560536845,0.0
5724,1.1246006421938657,0.0,1.141531486071569,0.0,1.1515597134809288,0.0
5725,1.1245859085894887,0.0,1.1413999510593404,0.0,1.151427729493889,0.0
5726,1.1245651591550185,0.0,1.141249721507682,0.0,1.1512850589638755,0.0
5727,1.1245440673376697,0.0,1.1411036494158464,0.0,1.1511307598585132,0.0
5728,1.1245286522477502,0.0,1.141067709234866,0.0,1.151089915746006,0.0
5729,1.124514506317559,0.0,1.1412311389809695,0.0,1.1511572840022208,0.0
5730,1.1245909225566286,0.0,1.1419776820024239,0.0,1.1520027868627192,0.0
5731,1.1246502305415202,0.0,1.1419694304529397,0.0,1.1520004661676548,0.0
5732,1.1246964423064272,0.0,1.1422931264030454,0.0,1.15232652316795,0.0
5733,1.124763740072984,0.0,1.1433647851672026,0.0,1.1534043465377142,0.0
5734,1.1248051750541426,0.0,1.1436840205259058,0.0,1.1537407883650435,0.0
5735,1.1248485213745156,0.0,1.1442747697974947,0.0,1.1543243474089753,0.0
5736,1.1248771669535353,0.0,1.144501088754249,0.0,1.1545574954328306,0.0
5737,1.1249060826268729,0.0,1.1452303272337625,0.0,1.1553085888193055,0.0
5738,1.124924707852343,0.0,1.145039995114425,0.0,1.155114878455053,0.0
5739,1.1249469612505574,0.0,1.1453120015664644,0.0,1.1553827983516078,0.0
5740,1.1249705368982568,0.0,1.145538174879426,0.0,1.1556005049525788,0.0
5741,1.1249912281250551,0.0,1.1455527022534955,0.0,1.155610223180399,0.0
5742,1.1256636781117604,0.0,1.1480543710947926,0.0,1.1580585187000276,0.0
5743,1.1252837963380642,0.0,1.1453124671453936,0.0,1.1559874408078896,0.0
5744,1.1249297933287241,0.0,1.1407977555282605,0.0,1.1510499978462612,0.0
5745,1.1245705143642157,0.0,1.1405934540121343,0.0,1.1494135268781576,0.0
5746,1.1242663042923753,0.0,1.1400703493513893,0.0,1.1486738581608422,0.0
5747,1.1239319434015762,0.0,1.1396841933583046,0.0,1.1480906626780694,0.0
5748,1.1235598699481215,0.0,1.13923431203172,0.0,1.1474243491371587,0.0
5749,1.1232559069310448,0.0,1.138317261853953,0.0,1.1466509502606357,0.0
5750,1.1229048173186822,0.0,1.138003548610658,0.0,1.1462132452319431,0.0
5751,1.1224591966416473,0.0,1.1372898696692015,0.0,1.1452892734225637,0.0
5752,1.121954720487953,0.0,1.1365767449926925,0.0,1.1443990714367642,0.0
5753,1.1214835458037316,0.0,1.1359878535821575,0.0,1.1435500912334304,0.0
5754,1.121277056055387,0.0,1.135265354630573,0.0,1.1429274384300463,0.0
5755,1.1229509593125357,0.0,1.1417018669357812,0.0,1.1485288689039237,0.0
5756,1.1235178381346096,0.0,1.1414185125160308,0.0,1.1501563145270695,0.0
5757,1.1239104338245176,0.0,1.1426944041907043,0.0,1.1525124470491261,0.0
5758,1.124114817725478,0.0,1.1426235162950404,0.0,1.1526703026550795,0.0
5759,1.1242698032419671,0.0,1.1433028893242263,0.0,1.1533581404905864,0.0
5760,1.1243833141371788,0.0,1.1436213919268474,0.0,1.153684339450347,0.0
5761,1.1244812050278363,0.0,1.1444091940971155,0.0,1.1544879053718065,0.0
5762,1.12455437675517,0.0,1.1442787993459016,0.0,1.1543585406618944,0.0
5763,1.1246216287785291,0.0,1.144603391943388,0.0,1.1546799942426917,0.0
5764,1.1246842400455468,0.0,1.1448702503509032,0.0,1.154937365761886,0.0
5765,1.1247344254149856,0.0,1.1446306190575888,0.0,1.1546916360240649,0.0
5766,1.1249777346413476,0.0,1.147297856897188,0.0,1.1573100559133076,0.0
5767,1.1245904148964045,0.0,1.1395047982303204,0.0,1.1497803713490315,0.0
5768,1.1241736382519414,0.0,1.1381989735994833,0.0,1.1482859140630957,0.0
5769,1.1237946029696981,0.0,1.138259757067245,0.0,1.1475488150974178,0.0
5770,1.1235421088457296,0.0,1.1379481851068258,0.0,1.147187745838681,0.0
5771,1.1233152604900107,0.0,1.137631294145769,0.0,1.1469161321780703,0.0
5772,1.1230624486901672,0.0,1.1372485171935776,0.0,1.14642903854808,0.0
5773,1.122853474268419,0.0,1.136568765258658,0.0,1.1458159064878617,0.0
5774,1.1226073423333995,0.0,1.1364524191070573,0.0,1.1455393456404432,0.0
5775,1.1223813945207883,0.0,1.1359555275928408,0.0,1.1449882609284991,0.0
5776,1.1222328905993317,0.0,1.1356577242306516,0.0,1.1447233831118262,0.0
5777,1.1220208573208101,0.0,1.1351723369720157,0.0,1.1441250695864333,0.0
5778,1.1219566088407245,0.0,1.134752320287476,0.0,1.143700279659966,0.0
5779,1.1234588051609928,0.0,1.1424718742080777,0.0,1.151670388762628,0.0
5780,1.1238475732767776,0.0,1.14204866319595,0.0,1.1519419649720257,0.0
5781,1.1241132269104577,0.0,1.1436474597151194,0.0,1.1537522763362504,0.0
5782,1.1242632291975274,0.0,1.143483083820534,0.0,1.1535571233986435,0.0
5783,1.1243874812407904,0.0,1.144142786462525,0.0,1.154202791626779,0.0
5784,1.1244806134338847,0.0,1.1444325623172813,0.0,1.1544944051659984,0.0
5785,1.1245664639695945,0.0,1.1451985727410863,0.0,1.155265303811709,0.0
5786,1.12463032992706,0.0,1.1449785616118993,0.0,1.1550413880581534,0.0
5787,1.1246890381007357,0.0,1.1451654435301715,0.0,1.155230074790676,0.0
5788,1.1247434414349549,0.0,1.145349774788094,0.0,1.1554119022846738,0.0
5789,1.124786893542529,0.0,1.1450800746959209,0.0,1.1551406576020102,0.0
5790,1.12493172010008,0.0,1.1469473113686808,0.0,1.1569660801507975,0.0
5791,1.1244621618162662,0.0,1.1388308183184432,0.0,1.1490390099893988,0.0
5792,1.1240346714199634,0.0,1.1377934191925894,0.0,1.1478778965050802,0.0
5793,1.1236810665695312,0.0,1.1378813611773018,0.0,1.147275303973111,0.0
5794,1.1234553112571826,0.0,1.1376559091505924,0.0,1.1470259292477274,0.0
5795,1.1232525082324927,0.0,1.1374126784242178,0.0,1.1468331388566366,0.0
5796,1.1230106671031368,0.0,1.1370175847876876,0.0,1.1463553184798192,0.0
5797,1.1228202186136331,0.0,1.1364278030211694,0.0,1.1457994255228572,0.0
5798,1.1225997940437213,0.0,1.1362531802237175,0.0,1.1455576804231633,0.0
5799,1.122355285628207,0.0,1.1357066740093626,0.0,1.1449317838571125,0.0
5800,1.1221288716063016,0.0,1.1353107650957597,0.0,1.144460158031677,0.0
5801,1.1218976823139288,0.0,1.1348475282869672,0.0,1.143897940789327,0.0
5802,1.1218488536619098,0.0,1.1344172857385744,0.0,1.1435001841576304,0.0
5803,1.1234238058048271,0.0,1.142518243408136,0.0,1.152042941689601,0.0
5804,1.123823735461843,0.0,1.1421064224728805,0.0,1.152190236781966,0.0
5805,1.1240890374913286,0.0,1.143785411971837,0.0,1.1538884965164267,0.0
5806,1.1242365455300527,0.0,1.1435591395933489,0.0,1.1536287965787304,0.0
5807,1.1243644752539743,0.0,1.144174487897967,0.0,1.1542360935748468,0.0
5808,1.1244643559526988,0.0,1.1445240159950196,0.0,1.1545920386015445,0.0
5809,1.1245521287652054,0.0,1.1453160042346453,0.0,1.1553903859015764,0.0
5810,1.1246178990714586,0.0,1.1450605433069496,0.0,1.1551302830792447,0.0
5811,1.124678940852681,0.0,1.1452744792577716,0.0,1.1553447092158267,0.0
5812,1.1247344234748227,0.0,1.1454554480533314,0.0,1.155522450036976,0.0
5813,1.1247786644257138,0.0,1.1451544024545246,0.0,1.1552191570047783,0.0
5814,1.124863532749925,0.0,1.1463605197532771,0.0,1.156391956121418,0.0
5815,1.1243488348529271,0.0,1.1381206470367953,0.0,1.1481770505873976,0.0
5816,1.123904813294621,0.0,1.137279055668103,0.0,1.147310131329484,0.0
5817,1.123533114000438,0.0,1.1374330671275432,0.0,1.1468241487529691,0.0
5818,1.1231884674896044,0.0,1.1371435297324899,0.0,1.1462733739234046,0.0
5819,1.1227860644241476,0.0,1.1370094702491493,0.0,1.145821482690035,0.0
5820,1.122348184033936,0.0,1.136605780015819,0.0,1.1451319984025778,0.0
5821,1.1220320243047244,0.0,1.135748425930626,0.0,1.1444128284122497,0.0
5822,1.121616357737458,0.0,1.1355709663244193,0.0,1.1439189405969468,0.0
5823,1.12112678176,0.0,1.134954035715637,0.0,1.1430227281959506,0.0
5824,1.1207438296282073,0.0,1.1343874240218006,0.0,1.1423875709046787,0.0
5825,1.1203077595392112,0.0,1.133757814883521,0.0,1.1415941810365142,0.0
5826,1.1201989302439956,0.0,1.133242199391489,0.0,1.1411279108028023,0.0
5827,1.1224176456912518,0.0,1.1411959429518848,0.0,1.148041441910446,0.0
5828,1.123129677684966,0.0,1.1408423789555326,0.0,1.1500987387004236,0.0
5829,1.1235700351571742,0.0,1.142485302193387,0.0,1.1525348839895,0.0
5830,1.1238093958313917,0.0,1.1424577696502582,0.0,1.1525225802656605,0.0
5831,1.123999979388789,0.0,1.1431684157460553,0.0,1.1532250481473132,0.0
5832,1.1241432896601395,0.0,1.143481063789011,0.0,1.1535445194788845,0.0
5833,1.1242665819197686,0.0,1.1442517603857105,0.0,1.1543294269339206,0.0
5834,1.124358632379554,0.0,1.1440318445086446,0.0,1.1541087915507429,0.0
5835,1.1244427093082405,0.0,1.144307621057536,0.0,1.1543889902475502,0.0
5836,1.124519221564065,0.0,1.1445918694175268,0.0,1.1546733477050055,0.0
5837,1.1245796789133078,0.0,1.1442075026183842,0.0,1.1542865804699836,0.0
5838,1.124631313568693,0.0,1.142641721717971,0.0,1.1527739516126578,0.0
5839,1.124091756529857,0.0,1.1374378517281793,0.0,1.1473935406046947,0.0
5840,1.1236325825774833,0.0,1.1367511433126318,0.0,1.146781184614641,0.0
5841,1.1232201339712293,0.0,1.1368988739673382,0.0,1.1462362215317916,0.0
5842,1.1229434106883225,0.0,1.1366337476949286,0.0,1.1458691450039924,0.0
5843,1.1226758850672311,0.0,1.1363783290690024,0.0,1.1456379943597532,0.0
5844,1.1223302391348773,0.0,1.1360335422845498,0.0,1.145086053095947,0.0
5845,1.1220489665904951,0.0,1.1352914120260924,0.0,1.144393706734552,0.0
5846,1.1216773134034308,0.0,1.135261736921421,0.0,1.1439757890048696,0.0
5847,1.121360831442618,0.0,1.134762331258269,0.0,1.1433540285533095,0.0
5848,1.1210801216391233,0.0,1.134337615137167,0.0,1.1428694579307237,0.0
5849,1.1208045722649407,0.0,1.133842940878578,0.0,1.1423044114027414,0.0
5850,1.1207917130493643,0.0,1.1333957488590511,0.0,1.1419637721482045,0.0
5851,1.122792448689522,0.0,1.141522871358732,0.0,1.150091724143996,0.0
5852,1.1233113479939945,0.0,1.1413838042580036,0.0,1.1505783351711314,0.0
5853,1.1236783322941997,0.0,1.142766939374285,0.0,1.1527898692547693,0.0
5854,1.1238784194706988,0.0,1.1425616250140143,0.0,1.15262455206547,0.0
5855,1.1240460177080704,0.0,1.1432021703199768,0.0,1.1532566765069368,0.0
5856,1.1241753336146916,0.0,1.1435072431988393,0.0,1.1535681555308785,0.0
5857,1.1242938459359655,0.0,1.1444425305133423,0.0,1.1545186293546477,0.0
5858,1.1243812253001597,0.0,1.144243524090465,0.0,1.1543194845613969,0.0
5859,1.12445958025944,0.0,1.1444963256327187,0.0,1.1545760469218498,0.0
5860,1.1245317437524227,0.0,1.144794062038329,0.0,1.1548739608784975,0.0
5861,1.1245897124250295,0.0,1.1444654534099092,0.0,1.1545436561165052,0.0
5862,1.1246519119646956,0.0,1.144612023300523,0.0,1.1546990137982296,0.0
5863,1.1246128973968021,0.0,1.1415824075751617,0.0,1.151556936557507,0.0
5864,1.1246953450166468,0.0,1.141536410016249,0.0,1.1516473177440911,0.0
5865,1.1244036145242609,0.0,1.1395954343215597,0.0,1.1492335415822066,0.0
5866,1.124151465790912,0.0,1.1393931446329593,0.0,1.1485633815352456,0.0
5867,1.1238688231965273,0.0,1.1389711718761233,0.0,1.148002408385073,0.0
5868,1.1236236900053385,0.0,1.1386465855953418,0.0,1.1474542498733964,0.0
5869,1.1234030638887382,0.0,1.1382474240626892,0.0,1.1470058862261738,0.0
5870,1.1231954259175518,0.0,1.1378227291620806,0.0,1.1466281632549435,0.0
5871,1.1230381539125118,0.0,1.1372731532975384,0.0,1.1463388591620618,0.0
5872,1.1236610205083566,0.0,1.1414204714063385,0.0,1.149726822678817,0.0
5873,1.1237018551261604,0.0,1.1409328279292452,0.0,1.1493678294642102,0.0
5874,1.123911667136325,0.0,1.141616971844833,0.0,1.150466585366591,0.0
5875,1.1241093324536948,0.0,1.1412843691467562,0.0,1.1512587270612997,0.0
5876,1.1242357638629654,0.0,1.1416836121980634,0.0,1.1517195444863075,0.0
5877,1.124372593923193,0.0,1.1427584906695982,0.0,1.152799928319476,0.0
5878,1.1244530268569182,0.0,1.1427856681931345,0.0,1.1528398385480145,0.0
5879,1.1245374656464198,0.0,1.1432333305289089,0.0,1.1532780507373195,0.0
5880,1.1246000494307518,0.0,1.1433762213616407,0.0,1.1534299285966665,0.0
5881,1.1246604232831752,0.0,1.1439667788470194,0.0,1.1540244978300223,0.0
5882,1.1247010055498003,0.0,1.143772691380887,0.0,1.1538342189578612,0.0
5883,1.124741975671292,0.0,1.1439890987967192,0.0,1.1540511631351438,0.0
5884,1.1247846915747581,0.0,1.1443480221550866,0.0,1.1544145725271673,0.0
5885,1.124813226911039,0.0,1.1440062424704271,0.0,1.1540687073692775,0.0
5886,1.1248457865229753,0.0,1.144108692558658,0.0,1.1541812169841321,0.0
5887,1.1247820022528043,0.0,1.141527511772219,0.0,1.1515579354347583,0.0
5888,1.124741585989965,0.0,1.1410454545334587,0.0,1.151073201480396,0.0
5889,1.124714936097135,0.0,1.141221687730307,0.0,1.1512467338989378,0.0
5890,1.1246869123147671,0.0,1.1413646516172506,0.0,1.151367942490542,0.0
5891,1.124654375965905,0.0,1.1415351397625504,0.0,1.151498511663846,0.0
5892,1.1246178101793334,0.0,1.141337685690637,0.0,1.1513202776865212,0.0
5893,1.1245779739329136,0.0,1.14130409499768,0.0,1.1511655048892415,0.0
5894,1.1245451550591523,0.0,1.1411850395806973,0.0,1.151103609402519,0.0
5895,1.1245133252514934,0.0,1.1410708748949003,0.0,1.1510110720904159,0.0
5896,1.1244915792817556,0.0,1.1410752659600365,0.0,1.1510477316418706,0.0
5897,1.1244798816405708,0.0,1.1411438668381535,0.0,1.1511614101722532,0.0
5898,1.1245527284452275,0.0,1.1420078675378758,0.0,1.1520283831672815,0.0
5899,1.1246069908531964,0.0,1.1421135229440011,0.0,1.1521384450821306,0.0
5900,1.1246443722870758,0.0,1.1422695497583646,0.0,1.1522953121794064,0.0
5901,1.1247218301618722,0.0,1.143236671959773,0.0,1.1532663290506904,0.0
5902,1.1247649171732426,0.0,1.1432396609946336,0.0,1.1532845975251884,0.0
5903,1.1248161939702461,0.0,1.143638107096378,0.0,1.1536757219685279,0.0
5904,1.124850441187213,0.0,1.1436863881917445,0.0,1.153731998395405,0.0
5905,1.1248887091943243,0.0,1.1441615905023061,0.0,1.1542155741295803,0.0
5906,1.1249102650271343,0.0,1.1439598699651408,0.0,1.1540176031409028,0.0
5907,1.1249348602687053,0.0,1.1442315909404943,0.0,1.1542916712004636,0.0
5908,1.1249593470351513,0.0,1.1445339187444739,0.0,1.1545975514358386,0.0
5909,1.1249739197237774,0.0,1.1442752427823886,0.0,1.1543367191283183,0.0
5910,1.1249964243026962,0.0,1.1444976650069805,0.0,1.1545701816451688,0.0
5911,1.124912859546037,0.0,1.1416276174628088,0.0,1.1516578031004838,0.0
5912,1.1248516511065814,0.0,1.1410894173064952,0.0,1.1510688141617278,0.0
5913,1.1248121777275868,0.0,1.1412977365522803,0.0,1.1512022286979697,0.0
5914,1.1247760923689032,0.0,1.1414931639874226,0.0,1.151345765844977,0.0
5915,1.1247523472014667,0.0,1.1416855590691257,0.0,1.1516213458983149,0.0
5916,1.1247146445920415,0.0,1.1415279101335596,0.0,1.1514506115907532,0.0
5917,1.1246863433674312,0.0,1.1414745694675834,0.0,1.1513670977500226,0.0
5918,1.124644158457794,0.0,1.1413832424998918,0.0,1.1512604221140634,0.0
5919,1.1246026205169481,0.0,1.1412469126579898,0.0,1.1511000895571355,0.0
5920,1.124552879767174,0.0,1.1411111411440313,0.0,1.151015664688527,0.0
5921,1.1245171023965876,0.0,1.1411214045701787,0.0,1.151009765372644,0.0
5922,1.1245945112504994,0.0,1.1419158777723635,0.0,1.151859256255855,0.0
5923,1.124637527975748,0.0,1.1418182204243545,0.0,1.151742929395157,0.0
5924,1.1246996745532023,0.0,1.1422329478205657,0.0,1.1522262708936652,0.0
5925,1.1247769834317562,0.0,1.142945112665009,0.0,1.1529749413625048,0.0
5926,1.1248275073477407,0.0,1.1431366546689004,0.0,1.1531825006534893,0.0
5927,1.1248844308915267,0.0,1.1435721717729739,0.0,1.1536116339775924,0.0
5928,1.1249248030895478,0.0,1.1437468204833405,0.0,1.1537957344344911,0.0
5929,1.1249644043349416,0.0,1.1443731557574257,0.0,1.1544375481091016,0.0
5930,1.1249866974984513,0.0,1.1442088713885001,0.0,1.154277172406704,0.0
5931,1.12500948709553,0.0,1.1444345948082173,0.0,1.1545051168444047,0.0
5932,1.12503123781948,0.0,1.1446698832829891,0.0,1.154743722239814,0.0
5933,1.1250511900969378,0.0,1.1448594911344967,0.0,1.1549317930060001,0.0
5934,1.1258820971865453,0.0,1.1482519493562167,0.0,1.1582553077062774,0.0
5935,1.1254363569782957,0.0,1.1467343632904894,0.0,1.1567219930036514,0.0
5936,1.1251281119259329,0.0,1.1412964366581029,0.0,1.1513586043045119,0.0
5937,1.1248181840219404,0.0,1.1414649623073367,0.0,1.150099196376469,0.0
5938,1.124466199623217,0.0,1.1412752011617617,0.0,1.1492207419120655,0.0
5939,1.1241016480175692,0.0,1.140918418143024,0.0,1.1486277287865467,0.0
5940,1.1237018016338236,0.0,1.140317850045331,0.0,1.1478576309562374,0.0
5941,1.1233455553002063,0.0,1.139337311319656,0.0,1.1470201863241984,0.0
5942,1.122862207999691,0.0,1.1389012374340368,0.0,1.146355228511797,0.0
5943,1.1223417376601947,0.0,1.1380925726498226,0.0,1.145386311439381,0.0
5944,1.1218288900298603,0.0,1.137342585302247,0.0,1.144539329283932,0.0
5945,1.1213718515171238,0.0,1.1366409455657063,0.0,1.1437327370171628,0.0
5946,1.1211192464407254,0.0,1.1359022012506397,0.0,1.1430790348970523,0.0
5947,1.1226760316229742,0.0,1.1414433234430157,0.0,1.1478525333954954,0.0
5948,1.1232622082882866,0.0,1.1414963002188172,0.0,1.149213976501615,0.0
5949,1.1237256884316456,0.0,1.1424743731383387,0.0,1.1512606068923834,0.0
5950,1.1239784312575776,0.0,1.1424004143735005,0.0,1.1515383561686559,0.0
5951,1.1241989396439447,0.0,1.1427049542120393,0.0,1.1527506571591435,0.0
5952,1.1243408824197874,0.0,1.142935376203905,0.0,1.1529913262605298,0.0
5953,1.1244560960212655,0.0,1.1435501786933762,0.0,1.1536160623831826,0.0
5954,1.1245392138140857,0.0,1.143463571584996,0.0,1.1535334623491293,0.0
5955,1.124615002015031,0.0,1.143779057627117,0.0,1.1538517312475918,0.0
5956,1.1246832317391906,0.0,1.1441141269844415,0.0,1.154190644590949,0.0
5957,1.1247360578918242,0.0,1.1438910193307719,0.0,1.1539637324875156,0.0
5958,1.1250166845688876,0.0,1.1474626656903502,0.0,1.1574738242312508,0.0
5959,1.1246735639907266,0.0,1.1392472225462575,0.0,1.1491287869124334,0.0
5960,1.1242583501827372,0.0,1.1381932420977672,0.0,1.1482045644946728,0.0
5961,1.1237272484250493,0.0,1.1387407404639716,0.0,1.1472867661908897,0.0
5962,1.1232042075023823,0.0,1.138405780216129,0.0,1.1464588420092923,0.0
5963,1.1226817323990075,0.0,1.1379483819261034,0.0,1.1457729034858606,0.0
5964,1.122138740366669,0.0,1.1372998099072054,0.0,1.1449433971018006,0.0
5965,1.1216783270575947,0.0,1.136397912208364,0.0,1.1440921519909322,0.0
5966,1.121123308346904,0.0,1.1359478844660036,0.0,1.1434267765758006,0.0
5967,1.1205133366762772,0.0,1.1351055546031976,0.0,1.142427649304158,0.0
5968,1.1198785062997065,0.0,1.1342657358858936,0.0,1.141469268829081,0.0
5969,1.119373697403461,0.0,1.1335139484981365,0.0,1.1406513322977347,0.0
5970,1.1192341879706844,0.0,1.132980318758522,0.0,1.1401999191479917,0.0
5971,1.1215848387112286,0.0,1.1402716503414492,0.0,1.1462581239978715,0.0
5972,1.1223978480927075,0.0,1.1406050566227615,0.0,1.1477960701852135,0.0
5973,1.123009322632002,0.0,1.1417300677498503,0.0,1.1499424079194038,0.0
5974,1.1233601663715285,0.0,1.1417501458805932,0.0,1.1503611473358832,0.0
5975,1.1236818922042082,0.0,1.1419660979338355,0.0,1.1520113804709313,0.0
5976,1.123889411118338,0.0,1.1422453546233964,0.0,1.152301204399501,0.0
5977,1.124057300942479,0.0,1.142901729027813,0.0,1.1529679983882055,0.0
5978,1.124181818603595,0.0,1.142862836710005,0.0,1.152932852395131,0.0
5979,1.1242918670787174,0.0,1.1431848384803778,0.0,1.1532566037614045,0.0
5980,1.1243893307265953,0.0,1.1435108165400518,0.0,1.1535861727948884,0.0
5981,1.1244675955481638,0.0,1.143323024104431,0.0,1.153394143206223,0.0
5982,1.1245968479514394,0.0,1.14607460377039,0.0,1.1561121716471157,0.0
5983,1.1240993519368614,0.0,1.137856170662622,0.0,1.147573059780821,0.0
5984,1.1235960844985724,0.0,1.136841035223939,0.0,1.1467836390778672,0.0
5985,1.1229387973676463,0.0,1.1373701755079966,0.0,1.145797184786262,0.0
5986,1.1223579887965582,0.0,1.1369473605697373,0.0,1.144952568188945,0.0
5987,1.1217973344367491,0.0,1.1364762487589404,0.0,1.144259489646558,0.0
5988,1.121225720610929,0.0,1.135841232844517,0.0,1.1434466631074027,0.0
5989,1.1207431183285326,0.0,1.1349503596527022,0.0,1.142600911297062,0.0
5990,1.1201716495308074,0.0,1.1344633993078264,0.0,1.1419353939973502,0.0
5991,1.119542149069474,0.0,1.133620462734626,0.0,1.1409497661069912,0.0
5992,1.1189321039878524,0.0,1.132832807996533,0.0,1.1400643176583738,0.0
5993,1.1184902265074095,0.0,1.1321672676960797,0.0,1.1393569998508084,0.0
5994,1.118445424108048,0.0,1.1317397683521702,0.0,1.1390349004227271,0.0
5995,1.1211245492979014,0.0,1.1398635954098768,0.0,1.1457477602188328,0.0
5996,1.1220151996178318,0.0,1.140248844805037,0.0,1.1473440584761645,0.0
5997,1.1226548662420388,0.0,1.1414095739692038,0.0,1.1494255938482636,0.0
5998,1.1230280402483401,0.0,1.141457080525909,0.0,1.1498391447971181,0.0
5999,1.1233869252136837,0.0,1.1416240853324378,0.0,1.1516678705652286,0.0
6000,1.123619555607577,0.0,1.1418634954451075,0.0,1.1519171395931798,0.0
6001,1.123809929043488,0.0,1.1424298104594914,0.0,1.1524932135605732,0.0
6002,1.1239516317159637,0.0,1.142356595666921,0.0,1.1524234072155186,0.0
6003,1.1240763190528944,0.0,1.1426577127584956,0.0,1.1527254559224998,0.0
6004,1.1241866473476883,0.0,1.1429711309778892,0.0,1.1530419466979236,0.0
6005,1.124274581547993,0.0,1.1427733867422347,0.0,1.1528395394930413,0.0
6006,1.1243046825285332,0.0,1.1393810002937883,0.0,1.1494752934961956,0.0
6007,1.123702384156789,0.0,1.1371361718366184,0.0,1.1466856556221323,0.0
6008,1.1232226993140921,0.0,1.1361549577259165,0.0,1.1460953931606643,0.0
6009,1.1226549147357427,0.0,1.13630756632297,0.0,1.1452610388050681,0.0
6010,1.1222381481853063,0.0,1.1359758461958627,0.0,1.1446960573388552,0.0
6011,1.1217725618913872,0.0,1.1357194974238076,0.0,1.1441479585005434,0.0
6012,1.1211449903358506,0.0,1.135293522056016,0.0,1.1432290347154148,0.0
6013,1.1205750873056932,0.0,1.1344357829168856,0.0,1.14225953964016,0.0
6014,1.1199646772864285,0.0,1.1339840562126908,0.0,1.1415577446508516,0.0
6015,1.1194370463356986,0.0,1.1332308409534126,0.0,1.1407020905661667,0.0
6016,1.119207636834939,0.0,1.1327043840220012,0.0,1.1403241050168167,0.0
6017,1.119019422497817,0.0,1.1323019227705406,0.0,1.139975855799174,0.0
6018,1.1190552814918455,0.0,1.131964564574793,0.0,1.1397889625629218,0.0
6019,1.121586981124892,0.0,1.1404386224993828,0.0,1.147310263770723,0.0
6020,1.122283395297264,0.0,1.140554685624246,0.0,1.1481995635445112,0.0
6021,1.122794725377217,0.0,1.1416771290214303,0.0,1.1499401082872787,0.0
6022,1.1231119365382392,0.0,1.141626910645216,0.0,1.1502952216383844,0.0
6023,1.123426970526254,0.0,1.1419052859186654,0.0,1.151948755927204,0.0
6024,1.1236435978659771,0.0,1.142223962243393,0.0,1.1522778455781153,0.0
6025,1.1238282292349184,0.0,1.1429616350555099,0.0,1.153028164329808,0.0
6026,1.1239655850300467,0.0,1.1429485910510064,0.0,1.1530207238735994,0.0
6027,1.1240873922169883,0.0,1.1433766998052888,0.0,1.1534511860601888,0.0
6028,1.1241967647901994,0.0,1.143799899086141,0.0,1.153879655369302,0.0
6029,1.1242863145291149,0.0,1.1436080159289725,0.0,1.1536834715246431,0.0
6030,1.124376874434958,0.0,1.143907809647799,0.0,1.1539957418167184,0.0
6031,1.1243364528423467,0.0,1.1410937274340798,0.0,1.150760629751381,0.0
6032,1.124397116683288,0.0,1.1400936218220157,0.0,1.1498782083336816,0.0
6033,1.1240514652106166,0.0,1.1394077791146342,0.0,1.1483714594033934,0.0
6034,1.1237836634478193,0.0,1.1390536007825716,0.0,1.1477990248446943,0.0
6035,1.1234725343887355,0.0,1.138640298206113,0.0,1.1472419256490614,0.0
6036,1.1232117992920765,0.0,1.1382711680522786,0.0,1.1467104717044114,0.0
6037,1.1229946095220957,0.0,1.1378530787052967,0.0,1.1463149762830613,0.0
6038,1.1227798855400777,0.0,1.1374673953577363,0.0,1.145954614608153,0.0
6039,1.122596134304502,0.0,1.1368407672624132,0.0,1.1456314752223444,0.0
6040,1.1232966451024295,0.0,1.1411224659844896,0.0,1.1489832961543422,0.0
6041,1.1233512016116158,0.0,1.140582167436777,0.0,1.1486174071467166,0.0
6042,1.123549460389141,0.0,1.1412121201942491,0.0,1.1493904811575757,0.0
6043,1.1238202747682084,0.0,1.1406734764295097,0.0,1.1504218643660553,0.0
6044,1.1240129541135615,0.0,1.1412549282270072,0.0,1.1512931072716805,0.0
6045,1.1241860740809404,0.0,1.1423858556687716,0.0,1.152432402691777,0.0
6046,1.1242924588585077,0.0,1.1425217464838677,0.0,1.1525835506487487,0.0
6047,1.1243899738330185,0.0,1.143121673319345,0.0,1.153171917433403,0.0
6048,1.124460201969172,0.0,1.1433472400065756,0.0,1.1534073899766348,0.0
6049,1.1245270994554348,0.0,1.14399049368899,0.0,1.1540551333003677,0.0
6050,1.1245766524044396,0.0,1.1438683247339103,0.0,1.1539360865341595,0.0
6051,1.124626862899584,0.0,1.1441948108200433,0.0,1.1542662439868396,0.0
6052,1.124674915940672,0.0,1.1445054835395712,0.0,1.1545768875169535,0.0
6053,1.1247127020381609,0.0,1.1442731204447603,0.0,1.1543390838144372,0.0
6054,1.124756761130016,0.0,1.1444562204281732,0.0,1.1545283130198047,0.0
6055,1.1247102793135544,0.0,1.1417630811246593,0.0,1.1517954731343436,0.0
6056,1.1246701623929993,0.0,1.140954700630232,0.0,1.1509841730761363,0.0
6057,1.1246352878903814,0.0,1.141090331166722,0.0,1.1510364923985683,0.0
6058,1.1245940818378555,0.0,1.1413121532471073,0.0,1.1511542764460307,0.0
6059,1.1245618364277175,0.0,1.1414837888953784,0.0,1.151383005429614,0.0
6060,1.1245212462557768,0.0,1.141333624519577,0.0,1.1511680905560524,0.0
6061,1.1244663175698864,0.0,1.1413689684972372,0.0,1.1509085942542907,0.0
6062,1.1243933547501144,0.0,1.1414095906139388,0.0,1.1506481417258096,0.0
6063,1.124311237998269,0.0,1.1412969968438813,0.0,1.1503637628706456,0.0
6064,1.124282993859825,0.0,1.1409412294615244,0.0,1.1504867701961168,0.0
6065,1.1242580950503005,0.0,1.140774630585362,0.0,1.1505355826640165,0.0
6066,1.1243374652052431,0.0,1.141481437534422,0.0,1.1512673231093613,0.0
6067,1.1244053745321128,0.0,1.1414445049465323,0.0,1.1513072186089566,0.0
6068,1.124490562304324,0.0,1.1419380104223866,0.0,1.1519408409898806,0.0
6069,1.1245757608744895,0.0,1.1426181662378592,0.0,1.1526482300309135,0.0
6070,1.1246330284995858,0.0,1.1427870075194215,0.0,1.1528328528760774,0.0
6071,1.1246928725949503,0.0,1.1432070683595785,0.0,1.1532459857411244,0.0
6072,1.1247368686583952,0.0,1.1433277150244943,0.0,1.1533750382762546,0.0
6073,1.1247796566532486,0.0,1.1438356339175664,0.0,1.1538981527922536,0.0
6074,1.1248063587999981,0.0,1.1437219564354428,0.0,1.153788189416339,0.0
6075,1.1248350631444024,0.0,1.1439959842765193,0.0,1.154065990901075,0.0
6076,1.1248629307740927,0.0,1.144301498589526,0.0,1.154373996393011,0.0
6077,1.1248874525016332,0.0,1.1445192254345518,0.0,1.1545934302738774,0.0
6078,1.125450989087976,0.0,1.1479439975365933,0.0,1.1579491196419132,0.0
6079,1.1250773739077484,0.0,1.1420063566750296,0.0,1.1521399356527575,0.0
6080,1.124748464117036,0.0,1.1398584724481005,0.0,1.1499108592300917,0.0
6081,1.1244553667402033,0.0,1.1399955163226192,0.0,1.1492443732790723,0.0
6082,1.1241757033530493,0.0,1.139691683123896,0.0,1.148695236889584,0.0
6083,1.1238970152202532,0.0,1.1394508867493882,0.0,1.1483087878725142,0.0
6084,1.1235215933889613,0.0,1.1390825535707167,0.0,1.1475146243075627,0.0
6085,1.123246562938485,0.0,1.13815194932698,0.0,1.1467482786433538,0.0
6086,1.1228791756243146,0.0,1.137941999585687,0.0,1.1462445784949389,0.0
6087,1.1225421123916557,0.0,1.1372738721270963,0.0,1.1455147347325678,0.0
6088,1.122248821546134,0.0,1.1367058345477348,0.0,1.1449630864074192,0.0
6089,1.121935518233005,0.0,1.1361158378826937,0.0,1.1442945080966744,0.0
6090,1.121971333744159,0.0,1.135591180084251,0.0,1.1440348023688465,0.0
6091,1.1234411448648212,0.0,1.142127342796355,0.0,1.151069123148764,0.0
6092,1.1238148226056028,0.0,1.1418459113302388,0.0,1.151239401475282,0.0
6093,1.124096157584811,0.0,1.1430254900657082,0.0,1.1530921440962891,0.0
6094,1.1242457534611887,0.0,1.1428918828205867,0.0,1.1529541732460302,0.0
6095,1.1243697947348479,0.0,1.1434930572951933,0.0,1.153545341921492,0.0
6096,1.1244600149387651,0.0,1.1436860683199146,0.0,1.153747112807289,0.0
6097,1.1245425239742028,0.0,1.1443871210583865,0.0,1.1544590040344431,0.0
6098,1.1246027458533698,0.0,1.1442139040219543,0.0,1.154289210854194,0.0
6099,1.124659676077024,0.0,1.144507140911802,0.0,1.1545845203420115,0.0
6100,1.12471241942784,0.0,1.1447889246365914,0.0,1.154869012473092,0.0
6101,1.124752993405231,0.0,1.1444647046022771,0.0,1.1545403973326591,0.0
6102,1.1249524622467428,0.0,1.1472917196001473,0.0,1.1573063586977421,0.0
6103,1.1245781149907215,0.0,1.1388087426323223,0.0,1.148829271558388,0.0
6104,1.1241703583433624,0.0,1.138006825122674,0.0,1.1480581578464932,0.0
6105,1.1238083673842587,0.0,1.1381295693512459,0.0,1.147473008276213,0.0
6106,1.1235413421817528,0.0,1.137826701375665,0.0,1.1470858960545551,0.0
6107,1.1233036475799894,0.0,1.1376257057641355,0.0,1.1468829800791132,0.0
6108,1.1230509372783837,0.0,1.1372760921195602,0.0,1.1464469899343444,0.0
6109,1.1228688905551225,0.0,1.1365592959313713,0.0,1.1458466936175609,0.0
6110,1.1226120238779491,0.0,1.1364957844778456,0.0,1.1455904275885898,0.0
6111,1.1223684887576606,0.0,1.1360041388575957,0.0,1.1450317623199584,0.0
6112,1.1222115264130936,0.0,1.1356703677854039,0.0,1.144694753217037,0.0
6113,1.122004517911406,0.0,1.1352332739059874,0.0,1.14419033044862,0.0
6114,1.12195679265603,0.0,1.1348199815478024,0.0,1.143772048657608,0.0
6115,1.123470114778937,0.0,1.1425134925886862,0.0,1.1521148574033526,0.0
6116,1.1238501815496236,0.0,1.1421436599246475,0.0,1.1521233401136257,0.0
6117,1.1241053841149582,0.0,1.1436508882525105,0.0,1.153751248866879,0.0
6118,1.12424828669142,0.0,1.143464143592253,0.0,1.1535335709869878,0.0
6119,1.1243709446786336,0.0,1.1440613492793723,0.0,1.1541193019502416,0.0
6120,1.1244642539559209,0.0,1.1443428470334178,0.0,1.1544127032307367,0.0
6121,1.1245501460561802,0.0,1.145219922912699,0.0,1.155297487727977,0.0
6122,1.1246129865402252,0.0,1.1449444663938477,0.0,1.155021811208568,0.0
6123,1.1246707402590572,0.0,1.1451558430768372,0.0,1.1552321628016444,0.0
6124,1.1247239412037813,0.0,1.1453652821944462,0.0,1.1554424996683414,0.0
6125,1.1247650358054604,0.0,1.144986992931711,0.0,1.155059621738669,0.0
6126,1.124877788082838,0.0,1.146833576248358,0.0,1.1568586374509453,0.0
6127,1.1244214590491775,0.0,1.138217805080655,0.0,1.148211776829104,0.0
6128,1.1239932674106339,0.0,1.1375031714500847,0.0,1.147536177632875,0.0
6129,1.1236364777443457,0.0,1.1376369987320054,0.0,1.1470598332214568,0.0
6130,1.123365648377956,0.0,1.1373217797868562,0.0,1.146698585617112,0.0
6131,1.1231060490947133,0.0,1.1370961598316203,0.0,1.14647275474989,0.0
6132,1.1228154112427993,0.0,1.1367523208248225,0.0,1.1459851458934616,0.0
6133,1.1226140788357477,0.0,1.1360132284400595,0.0,1.1453815819114876,0.0
6134,1.1223282738145874,0.0,1.1359596346515828,0.0,1.1450815197171138,0.0
6135,1.1220330940801424,0.0,1.1355017493788877,0.0,1.144453051995382,0.0
6136,1.1218636879148598,0.0,1.1351169479575822,0.0,1.1441241162013343,0.0
6137,1.121644884098103,0.0,1.1346664695412567,0.0,1.143609418060696,0.0
6138,1.1216038027904878,0.0,1.1342592698115757,0.0,1.1432069948510464,0.0
6139,1.1232808405330317,0.0,1.1421949923181065,0.0,1.1518173457178682,0.0
6140,1.1237087329763416,0.0,1.1419547480616008,0.0,1.1519958247466793,0.0
6141,1.1239881272783234,0.0,1.1435192755361179,0.0,1.1536188643688254,0.0
6142,1.1241491120338116,0.0,1.1433973378485385,0.0,1.153466181980409,0.0
6143,1.1242854759634886,0.0,1.1440411115107756,0.0,1.1540993208270636,0.0
6144,1.1243898260645642,0.0,1.1443572851239607,0.0,1.154424108851631,0.0
6145,1.1244868484893331,0.0,1.1453227859657247,0.0,1.1554035530188311,0.0
6146,1.124558355343588,0.0,1.1450422694166964,0.0,1.155118681740381,0.0
6147,1.12462314088498,0.0,1.1452458576781064,0.0,1.1553194006363359,0.0
6148,1.1246826641594174,0.0,1.1454343089698087,0.0,1.1555071941151784,0.0
6149,1.1247307153850972,0.0,1.1451161088164548,0.0,1.155181605980161,0.0
6150,1.1248093150839837,0.0,1.1461500538029676,0.0,1.156187034459623,0.0
6151,1.1243486514992045,0.0,1.1384320511864927,0.0,1.1485744528371922,0.0
6152,1.123935950999209,0.0,1.1375249108774257,0.0,1.1475755716803018,0.0
6153,1.1235912866529185,0.0,1.13763481343592,0.0,1.1470865451440364,0.0
6154,1.1233390180511655,0.0,1.1373163885330486,0.0,1.1467240268720085,0.0
6155,1.1231152086476708,0.0,1.137028584262001,0.0,1.1464875429747603,0.0
6156,1.1227884807633646,0.0,1.136620299175494,0.0,1.1458766209360152,0.0
6157,1.1224396169712363,0.0,1.1359878096865,0.0,1.1450471949165357,0.0
6158,1.1220173918450906,0.0,1.1358874603973066,0.0,1.144544205092586,0.0
6159,1.1215671340408526,0.0,1.135306196294411,0.0,1.1436932395579351,0.0
6160,1.1211439969315729,0.0,1.1347609824534781,0.0,1.1429768458630805,0.0
6161,1.1207865503064738,0.0,1.134163979700243,0.0,1.142289061373942,0.0
6162,1.1208223626849292,0.0,1.1336499602640462,0.0,1.1420234434907433,0.0
6163,1.1228682521001985,0.0,1.141716787653762,0.0,1.1502941070519461,0.0
6164,1.1234144877326349,0.0,1.141515539803672,0.0,1.1511469481333991,0.0
6165,1.1237696904430292,0.0,1.1431260654281827,0.0,1.1532267857243796,0.0
6166,1.123966916075103,0.0,1.1429834208624599,0.0,1.1530513036773984,0.0
6167,1.1241308226779552,0.0,1.1436531574746023,0.0,1.1537128634565508,0.0
6168,1.1242570443930544,0.0,1.1439799326129014,0.0,1.154049762878619,0.0
6169,1.1243658723619798,0.0,1.1448106559804974,0.0,1.1548889776094164,0.0
6170,1.1244479168261527,0.0,1.1445945663853827,0.0,1.1546661167793206,0.0
6171,1.1245229583176066,0.0,1.1448433399850342,0.0,1.1549136519851189,0.0
6172,1.1245907630204635,0.0,1.145054767157498,0.0,1.1551210114586181,0.0
6173,1.124645849847577,0.0,1.1447798305633194,0.0,1.1548429714752355,0.0
6174,1.1247095627393335,0.0,1.145213689773564,0.0,1.1552673641050029,0.0
6175,1.1242341008589274,0.0,1.1381751522535635,0.0,1.1483038565565633,0.0
6176,1.1238298835289104,0.0,1.1373757496527916,0.0,1.1474412200562778,0.0
6177,1.123482765806878,0.0,1.1374986015014932,0.0,1.1469330664075668,0.0
6178,1.1232338527545116,0.0,1.1372098786359213,0.0,1.1466003849287512,0.0
6179,1.1230136679300826,0.0,1.1369724037605928,0.0,1.1463899144610543,0.0
6180,1.1227775319173117,0.0,1.136605055326999,0.0,1.1459647751539375,0.0
6181,1.1225826574651885,0.0,1.1359936658823784,0.0,1.1453949974326163,0.0
6182,1.1223575638709506,0.0,1.135821621947968,0.0,1.1451458919803283,0.0
6183,1.1221181873725157,0.0,1.135278050516595,0.0,1.1445310087943177,0.0
6184,1.1219425246398977,0.0,1.1349880075854641,0.0,1.1442006548308299,0.0
6185,1.121725386239897,0.0,1.1345210231275717,0.0,1.1436484317503561,0.0
6186,1.1216742183283595,0.0,1.1341238305110086,0.0,1.1432548376667055,0.0
6187,1.123307586167122,0.0,1.1423632385744311,0.0,1.1521730623785844,0.0
6188,1.1237140254616949,0.0,1.141987042540465,0.0,1.1520716445410741,0.0
6189,1.1239819393794286,0.0,1.1435718398328094,0.0,1.153673661237491,0.0
6190,1.124132115828265,0.0,1.1433320019685844,0.0,1.1533996122559669,0.0
6191,1.1242643934460814,0.0,1.1439530272949183,0.0,1.1540115644305446,0.0
6192,1.1243707566769157,0.0,1.1443202630336728,0.0,1.1543891390228043,0.0
6193,1.1244653082824183,0.0,1.145195357838367,0.0,1.155273507608934,0.0
6194,1.124536289707076,0.0,1.1449463483897968,0.0,1.1550167665626787,0.0
6195,1.124602854530319,0.0,1.1451736324419552,0.0,1.1552424535842931,0.0
6196,1.1246642144204309,0.0,1.1453571095726949,0.0,1.1554193046731651,0.0
6197,1.1247134932063887,0.0,1.1450863404788811,0.0,1.1551457853665077,0.0
6198,1.1247667030219284,0.0,1.1451420175638445,0.0,1.155209203820401,0.0
6199,1.1247531698764681,0.0,1.1428275993687165,0.0,1.1533805480758479,0.0
6200,1.1248699178184391,0.0,1.1454166544079518,0.0,1.1556711936874486,0.0
6201,1.1246515748830217,0.0,1.1405167296713257,0.0,1.1505622932424298,0.0
6202,1.124503682171011,0.0,1.1398490094424352,0.0,1.1498987610709055,0.0
6203,1.1243221981716016,0.0,1.1392573301706923,0.0,1.1492969493629577,0.0
6204,1.1241839870079768,0.0,1.1387240702692873,0.0,1.1487678640655323,0.0
6205,1.1240699297525247,0.0,1.138362450809262,0.0,1.1483619230571316,0.0
6206,1.1239717100272748,0.0,1.1380608739906404,0.0,1.1480542743353899,0.0
6207,1.1238131012390475,0.0,1.1378767872538134,0.0,1.1475848324519096,0.0
6208,1.1242761646536454,0.0,1.1420249846585089,0.0,1.1514058687898263,0.0
6209,1.1242963438566282,0.0,1.1412779434236255,0.0,1.1506052468986216,0.0
6210,1.1244108395699786,0.0,1.142081671267466,0.0,1.151355426884452,0.0
6211,1.1245288378534046,0.0,1.141710108922266,0.0,1.1517542880561418,0.0
6212,1.1246215514781372,0.0,1.1424749656080113,0.0,1.1525246573256611,0.0
6213,1.1247158450402215,0.0,1.1437768799933443,0.0,1.1538370923270642,0.0
6214,1.1247693110727641,0.0,1.1438902413645393,0.0,1.1539642125486298,0.0
6215,1.1248221770355447,0.0,1.1445331057333672,0.0,1.1545844935780798,0.0
6216,1.1248594926574826,0.0,1.144794143728417,0.0,1.1548435365725904,0.0
6217,1.1248981665631939,0.0,1.1453331472176833,0.0,1.1553788396391733,0.0
6218,1.124926141656202,0.0,1.1451974817314627,0.0,1.155239391278818,0.0
6219,1.124956456477266,0.0,1.1453785131164735,0.0,1.1554200525581892,0.0
6220,1.1249868634002511,0.0,1.1455399746564292,0.0,1.1555793714030522,0.0
6221,1.1250096117223551,0.0,1.1453711980435952,0.0,1.1554081408926906,0.0
6222,1.1250406307793441,0.0,1.1454661644849606,0.0,1.1555131526754032,0.0
6223,1.1250024276186814,0.0,1.1432912866188472,0.0,1.153316087697373,0.0
6224,1.1249734530581539,0.0,1.1427097211597501,0.0,1.1527349712902915,0.0
6225,1.124954686889281,0.0,1.1427354618136758,0.0,1.152758097891105,0.0
6226,1.1249407656604973,0.0,1.1428139516383273,0.0,1.1528362113685924,0.0
6227,1.1249229056525378,0.0,1.1428141786221957,0.0,1.152835357002329,0.0
6228,1.124897456312547,0.0,1.14250746001231,0.0,1.1525349359859762,0.0
6229,1.124878695945652,0.0,1.1423367828864621,0.0,1.1523649788982824,0.0
6230,1.124864115228944,0.0,1.1422231315727616,0.0,1.1522601677490232,0.0
6231,1.1248484358207615,0.0,1.1420721565253211,0.0,1.1521015061180886,0.0
6232,1.1248518971464012,0.0,1.1422510071990537,0.0,1.1522753110843822,0.0
6233,1.124847473975294,0.0,1.142196632650917,0.0,1.1522202343340477,0.0
6234,1.124913063030626,0.0,1.1431480009183603,0.0,1.1531779389778147,0.0
6235,1.1249606378612023,0.0,1.1432371677808386,0.0,1.153275723145852,0.0
6236,1.1249876632228153,0.0,1.1434712666983025,0.0,1.1535096716944,0.0
6237,1.125033814243908,0.0,1.1446920161561869,0.0,1.1547365088228079,0.0
6238,1.1250555627126717,0.0,1.1447862382250167,0.0,1.1548440643713618,0.0
6239,1.125082707001862,0.0,1.1453123259150304,0.0,1.1553570716483734,0.0
6240,1.125098654272407,0.0,1.1455429464176363,0.0,1.1555887029229965,0.0
6241,1.1251136603184384,0.0,1.1458036666863656,0.0,1.1558564598004202,0.0
6242,1.1251284223902986,0.0,1.1459783034479827,0.0,1.1560295829852931,0.0
6243,1.1251405083106076,0.0,1.1461028395513457,0.0,1.1561555282735043,0.0
6244,1.1251539511058102,0.0,1.1462622834803085,0.0,1.156313474013229,0.0
6245,1.125162847357215,0.0,1.1460981114269029,0.0,1.1561482660803417,0.0
6246,1.1259423400808133,0.0,1.148237082513169,0.0,1.1582405391972088,0.0
6247,1.1256046955530215,0.0,1.1462895739154457,0.0,1.1571727369121076,0.0
6248,1.1253058149671655,0.0,1.1430566857032733,0.0,1.1539088996182014,0.0
6249,1.1250760402961362,0.0,1.141803024138847,0.0,1.151489626398589,0.0
6250,1.1249134343174592,0.0,1.1413697723540455,0.0,1.1510619832005564,0.0
6251,1.1247525030266827,0.0,1.1409573965004098,0.0,1.150691112512044,0.0
6252,1.1245620868072417,0.0,1.1403993187514483,0.0,1.1500292037401711,0.0
6253,1.1243542112948481,0.0,1.1395977388828413,0.0,1.14910090225959,0.0
6254,1.1241684220405144,0.0,1.1393911570732103,0.0,1.148869112195959,0.0
6255,1.123987958218976,0.0,1.1387221668127758,0.0,1.1482679099444268,0.0
6256,1.1238021231442017,0.0,1.1382086379766807,0.0,1.1477517142265214,0.0
6257,1.1236100106486258,0.0,1.1376656593678576,0.0,1.1471210613826648,0.0
6258,1.1235278036939726,0.0,1.1372180433633028,0.0,1.1465115119240872,0.0
6259,1.1244070063662936,0.0,1.143905095057212,0.0,1.1539912465392757,0.0
6260,1.124611352653356,0.0,1.1434932553308148,0.0,1.1535737460292057,0.0
6261,1.124763247323916,0.0,1.1448069822200986,0.0,1.1550948282792095,0.0
6262,1.124840685503879,0.0,1.1446587861933626,0.0,1.1551454684795937,0.0
6263,1.1248997524273858,0.0,1.1450812497371672,0.0,1.1551237240482943,0.0
6264,1.1249487649300078,0.0,1.1453422712459977,0.0,1.1553846770708107,0.0
6265,1.1249957679391747,0.0,1.1458178602616909,0.0,1.155861384960004,0.0
6266,1.1250304733143226,0.0,1.1457497627790312,0.0,1.1557906547618244,0.0
6267,1.1250626586890473,0.0,1.145888267791867,0.0,1.1559304489845361,0.0
6268,1.1250924236262347,0.0,1.1460071451484268,0.0,1.1560477302090104,0.0
6269,1.1251129359044367,0.0,1.145750379844091,0.0,1.1557913610372703,0.0
6270,1.1255226243959877,0.0,1.1477771251851394,0.0,1.1577835520951254,0.0
6271,1.1252140321618722,0.0,1.1431307155452632,0.0,1.1543989575303084,0.0
6272,1.1248591957743899,0.0,1.1409817843786945,0.0,1.1516690733614494,0.0
6273,1.124550669759405,0.0,1.1398459218956067,0.0,1.1495479889342028,0.0
6274,1.1243321193919924,0.0,1.1395330730816096,0.0,1.1491881850134038,0.0
6275,1.1241494809702772,0.0,1.1392874033504925,0.0,1.1489845425646987,0.0
6276,1.1239604354006685,0.0,1.138954936351127,0.0,1.148576278059096,0.0
6277,1.123777983161057,0.0,1.1384232234959286,0.0,1.1479578439931646,0.0
6278,1.1236057523957788,0.0,1.1382375607534387,0.0,1.1477624157140838,0.0
6279,1.1234407048385489,0.0,1.1376752353407324,0.0,1.147241993667182,0.0
6280,1.1233072653268457,0.0,1.1373950054481907,0.0,1.1469519085694306,0.0
6281,1.123142554547288,0.0,1.1368878497060997,0.0,1.146378769127001,0.0
6282,1.1230735971429395,0.0,1.1364188591192117,0.0,1.1457639311889034,0.0
6283,1.1241566852578642,0.0,1.1438085463084213,0.0,1.1538912054327173,0.0
6284,1.1244161343943935,0.0,1.1433849284185846,0.0,1.1534650348224482,0.0
6285,1.124595102539087,0.0,1.1447109301269558,0.0,1.1548481073847765,0.0
6286,1.1246869010683453,0.0,1.1444867286634741,0.0,1.1546212525975972,0.0
6287,1.1247659032769555,0.0,1.1449650600019805,0.0,1.1550145203698492,0.0
6288,1.124826251213638,0.0,1.1452271677891663,0.0,1.1552806036311205,0.0
6289,1.1248805835379567,0.0,1.1457714834514316,0.0,1.1558272650203034,0.0
6290,1.1249220831681324,0.0,1.1456283003780316,0.0,1.1556841105242515,0.0
6291,1.1249625605381792,0.0,1.1458064317244276,0.0,1.1558601640075816,0.0
6292,1.1250008629913637,0.0,1.145960329859277,0.0,1.156013655899098,0.0
6293,1.1250305075163178,0.0,1.1456768143995926,0.0,1.1557261698778056,0.0
6294,1.125249260843647,0.0,1.1473996703515295,0.0,1.1574113935186545,0.0
6295,1.124862904259443,0.0,1.1408389996481385,0.0,1.151518621073766,0.0
6296,1.1244869678963159,0.0,1.1393726626863812,0.0,1.1497063891650776,0.0
6297,1.1241873932730748,0.0,1.1389924122767956,0.0,1.1485810458680634,0.0
6298,1.123973774137594,0.0,1.1386417287375499,0.0,1.1482575379886728,0.0
6299,1.123763570657389,0.0,1.138263048751426,0.0,1.1479376427505337,0.0
6300,1.1235175835264708,0.0,1.1378974741727985,0.0,1.1473874598176812,0.0
6301,1.1231897385496117,0.0,1.137230340433223,0.0,1.1463715241303853,0.0
6302,1.1229363017314622,0.0,1.1370139412443498,0.0,1.1460883132445194,0.0
6303,1.1227539645232807,0.0,1.136412855818704,0.0,1.1456309111173517,0.0
6304,1.1225883044806477,0.0,1.135947857402281,0.0,1.145265018409761,0.0
6305,1.1224489719862933,0.0,1.1354754144383163,0.0,1.1448477420613739,0.0
6306,1.122440817546049,0.0,1.1350998612736516,0.0,1.1444292661186586,0.0
6307,1.123808378538786,0.0,1.1433900313976813,0.0,1.153441988739174,0.0
6308,1.1241453037507092,0.0,1.1429527298122153,0.0,1.1530398256475651,0.0
6309,1.1243679546145648,0.0,1.144373879351842,0.0,1.1544771047316842,0.0
6310,1.124492178296028,0.0,1.144170499478706,0.0,1.1542601308303655,0.0
6311,1.1245986320432297,0.0,1.144704632029593,0.0,1.15475589788203,0.0
6312,1.1246800710697449,0.0,1.1449827688493661,0.0,1.1550346741980118,0.0
6313,1.1247525808499306,0.0,1.1455329367612277,0.0,1.1555881636041925,0.0
6314,1.124807964253684,0.0,1.1454034560902704,0.0,1.1554560118968813,0.0
6315,1.1248598551579143,0.0,1.1455849425214677,0.0,1.1556375170704054,0.0
6316,1.1249077634935147,0.0,1.1457509379123476,0.0,1.15580176499123,0.0
6317,1.1249450795868567,0.0,1.145479886641092,0.0,1.1555286354120802,0.0
6318,1.1250747456725614,0.0,1.1468850295981432,0.0,1.1569039309591773,0.0
6319,1.124657199926604,0.0,1.139975764077087,0.0,1.1505113697762512,0.0
6320,1.1242815266267665,0.0,1.1387158478078263,0.0,1.1489593389755552,0.0
6321,1.1239698320168612,0.0,1.1384701259753645,0.0,1.1480375525985358,0.0
6322,1.1237607785785368,0.0,1.1381712109985203,0.0,1.147765910143755,0.0
6323,1.1235805878272436,0.0,1.1379733135388599,0.0,1.1476137529946817,0.0
6324,1.1233787302130371,0.0,1.1376348551932602,0.0,1.147206546527644,0.0
6325,1.123165773097414,0.0,1.1369850189371726,0.0,1.1464998391994474,0.0
6326,1.1229750815974227,0.0,1.136826740275808,0.0,1.146317387884642,0.0
6327,1.1227809604648749,0.0,1.136277846719866,0.0,1.1457737866922357,0.0
6328,1.1225846453197645,0.0,1.1358479849833076,0.0,1.1453146599194235,0.0
6329,1.1223564044125613,0.0,1.1352790459719395,0.0,1.1446620238598402,0.0
6330,1.1222904503794962,0.0,1.1348172939411778,0.0,1.144130319119973,0.0
6331,1.123714988823039,0.0,1.142870691512163,0.0,1.152910163206793,0.0
6332,1.1240618130842113,0.0,1.1425012783697168,0.0,1.1525900045993243,0.0
6333,1.1242957894540868,0.0,1.1441233430839421,0.0,1.154232381938334,0.0
6334,1.1244247497847097,0.0,1.14387668275074,0.0,1.1539517104890076,0.0
6335,1.124535451131569,0.0,1.1444969551999482,0.0,1.1545548794965752,0.0
6336,1.1246201685520547,0.0,1.1448032514051236,0.0,1.1548640397177767,0.0
6337,1.1246962132846277,0.0,1.1454706185077888,0.0,1.1555346050297315,0.0
6338,1.124752765280861,0.0,1.1452663644420562,0.0,1.1553276417724645,0.0
6339,1.1248048000206985,0.0,1.1454491774954407,0.0,1.1555126578262083,0.0
6340,1.1248516051724022,0.0,1.1456029821136284,0.0,1.155664142454956,0.0
6341,1.1248890287622273,0.0,1.1453206824113282,0.0,1.1553812200360163,0.0
6342,1.1249705207305278,0.0,1.1464238443570067,0.0,1.1564535638151667,0.0
6343,1.1245197478526328,0.0,1.1390080996421517,0.0,1.1492748070091925,0.0
6344,1.1241192089832612,0.0,1.1379723736945466,0.0,1.1480667563622329,0.0
6345,1.1237886084331354,0.0,1.1379458378734797,0.0,1.1474811441506376,0.0
6346,1.1235492050740286,0.0,1.1375729681856483,0.0,1.1471240961671152,0.0
6347,1.1233387917352906,0.0,1.1373612818326546,0.0,1.1469230476526426,0.0
6348,1.123077308062927,0.0,1.137007582880121,0.0,1.1463959088392355,0.0
6349,1.1227261065675247,0.0,1.1363779059854666,0.0,1.1454724047036604,0.0
6350,1.1223447946257812,0.0,1.1362632695172956,0.0,1.1450314631440872,0.0
6351,1.1219805145917332,0.0,1.1356401826977651,0.0,1.1442974201141367,0.0
6352,1.1215502283332355,0.0,1.1351412101085947,0.0,1.1435459069571277,0.0
6353,1.121174154897913,0.0,1.1345338264442628,0.0,1.1428113486249678,0.0
6354,1.1210845037786574,0.0,1.1340283529660304,0.0,1.1423506044789826,0.0
6355,1.1230527521638327,0.0,1.1416804422455815,0.0,1.150128103448744,0.0
6356,1.1236156325708064,0.0,1.1416903973366965,0.0,1.151775699043945,0.0
6357,1.1239433073307077,0.0,1.1433043075681375,0.0,1.1534106361118643,0.0
6358,1.1241327124883311,0.0,1.143190536944021,0.0,1.1532709126016383,0.0
6359,1.1242868034234683,0.0,1.1439392273235651,0.0,1.1539947167529618,0.0
6360,1.1244050739736184,0.0,1.1443179520748659,0.0,1.1543744414608257,0.0
6361,1.1245088038613913,0.0,1.144963997931744,0.0,1.1550179982893467,0.0
6362,1.1245880103812171,0.0,1.1448372818344665,0.0,1.1548888284297663,0.0
6363,1.1246601560181382,0.0,1.1450445996943617,0.0,1.1550929234178335,0.0
6364,1.1247259594611843,0.0,1.1452400083327248,0.0,1.1552877585111108,0.0
6365,1.124780117085881,0.0,1.1450860436228385,0.0,1.1551300826511242,0.0
6366,1.124839666481618,0.0,1.1451779471166024,0.0,1.1552313523378173,0.0
6367,1.1248746752560768,0.0,1.1436489385557338,0.0,1.154688033022993,0.0
6368,1.1250423257199755,0.0,1.1460016663663957,0.0,1.156457431800161,0.0
6369,1.1248127293355712,0.0,1.1413907655880136,0.0,1.1515910593868468,0.0
6370,1.1246303892641958,0.0,1.1402032415078243,0.0,1.1502344204029311,0.0
6371,1.1244158722413777,0.0,1.1394873656630118,0.0,1.1494293498831305,0.0
6372,1.1242539065928498,0.0,1.1390182243217961,0.0,1.148838750440457,0.0
6373,1.1240487116704723,0.0,1.1387679137607278,0.0,1.1480750565016133,0.0
6374,1.1238910634735335,0.0,1.1384544085348507,0.0,1.147662299175798,0.0
6375,1.1237138304438279,0.0,1.1381616820890221,0.0,1.1472884137130737,0.0
6376,1.1242630787785959,0.0,1.1421428777629394,0.0,1.1512027251907726,0.0
6377,1.124355553898979,0.0,1.1412759552330278,0.0,1.1509403336875839,0.0
6378,1.1245240676080048,0.0,1.1422047974862937,0.0,1.1522419399427593,0.0
6379,1.1246286354206398,0.0,1.1422618498531791,0.0,1.152309475158349,0.0
6380,1.1246996630568145,0.0,1.1425939022559815,0.0,1.1526452218397998,0.0
6381,1.1247844511022207,0.0,1.1438979482852183,0.0,1.1539568520248764,0.0
6382,1.1248338087295107,0.0,1.144002658030827,0.0,1.1540794279174624,0.0
6383,1.1248807454458072,0.0,1.1445961083086529,0.0,1.1546496364600904,0.0
6384,1.1249104141444737,0.0,1.144787750758279,0.0,1.1548458109231468,0.0
6385,1.1249455019475914,0.0,1.1454557976175923,0.0,1.1555073034116412,0.0
6386,1.124969207082988,0.0,1.1452564775923293,0.0,1.1553067822872325,0.0
6387,1.1249934997175035,0.0,1.1453889747969608,0.0,1.1554386237966885,0.0
6388,1.1250187241464287,0.0,1.1455418863299087,0.0,1.155591297074517,0.0
6389,1.1250378701619708,0.0,1.1453221395800106,0.0,1.1553689191914944,0.0
6390,1.1250653640029014,0.0,1.1453818590327132,0.0,1.1554386760733508,0.0
6391,1.1250216254295609,0.0,1.1429246356544138,0.0,1.152953219749082,0.0
6392,1.124986893520106,0.0,1.1422793462139054,0.0,1.15230620010533,0.0
6393,1.1249611896160006,0.0,1.1422986943605817,0.0,1.1523239608408593,0.0
6394,1.1249406857605362,0.0,1.142374783338462,0.0,1.1523979886642617,0.0
6395,1.1249120533027694,0.0,1.1422944875358803,0.0,1.1523175281766058,0.0
6396,1.1248714205818926,0.0,1.1419614368862394,0.0,1.1519457678803455,0.0
6397,1.1248241011600408,0.0,1.1418748477349314,0.0,1.1516993977419037,0.0
6398,1.12478166861914,0.0,1.1417740268898087,0.0,1.1515357199383496,0.0
6399,1.1247532635989541,0.0,1.1416057643444688,0.0,1.1514297936313305,0.0
6400,1.1247460331399117,0.0,1.1414937759088724,0.0,1.1515124654278002,0.0
6401,1.124741541958291,0.0,1.1415689844871026,0.0,1.1515907508921386,0.0
6402,1.124824893877557,0.0,1.1425979937520998,0.0,1.15262367677193,0.0
6403,1.1248744066544163,0.0,1.1424884415699073,0.0,1.1525213691887461,0.0
6404,1.1249101155267778,0.0,1.1427652778376496,0.0,1.1527998771390264,0.0
6405,1.1249707492501557,0.0,1.1439990166327587,0.0,1.15403859870744,0.0
6406,1.1249963184710037,0.0,1.1440003912395948,0.0,1.1540585341992597,0.0
6407,1.125029608510382,0.0,1.1445503058091842,0.0,1.154598034784745,0.0
6408,1.1250524452489425,0.0,1.144799035906421,0.0,1.1548591482576827,0.0
6409,1.1250784976117405,0.0,1.1456152836455802,0.0,1.1556834928314532,0.0
6410,1.1250920149819812,0.0,1.1453744042213436,0.0,1.1554407474217896,0.0
6411,1.1251067655534428,0.0,1.1455309907931426,0.0,1.1555944726908824,0.0
6412,1.125126439003115,0.0,1.1457943439718534,0.0,1.1558539891611288,0.0
6413,1.1251415616222014,0.0,1.1457628245177611,0.0,1.1558175878553854,0.0
6414,1.1258701681093983,0.0,1.1481995102104177,0.0,1.1582033056497967,0.0
6415,1.12548578113509,0.0,1.1460243707514755,0.0,1.156678039082863,0.0
6416,1.1251994357590454,0.0,1.1421636517129952,0.0,1.152684762324582,0.0
6417,1.1249750425501508,0.0,1.1414882639120982,0.0,1.1509950327373928,0.0
6418,1.1248033207823667,0.0,1.1409971289794785,0.0,1.150564517213609,0.0
6419,1.1246408312977376,0.0,1.140640171265952,0.0,1.150281646829462,0.0
6420,1.1244582411058648,0.0,1.1401971407479101,0.0,1.149754711416914,0.0
6421,1.1242537907731855,0.0,1.139438740859584,0.0,1.1488971270373327,0.0
6422,1.1240088814917852,0.0,1.1391403904216582,0.0,1.1484213813469382,0.0
6423,1.1236820906037233,0.0,1.1384441494303799,0.0,1.1473868874367237,0.0
6424,1.1234266935905808,0.0,1.137835006210176,0.0,1.146793051277287,0.0
6425,1.1231152036588132,0.0,1.137279744741286,0.0,1.1460206149771828,0.0
6426,1.1230402018922343,0.0,1.1367001665959802,0.0,1.145529999244009,0.0
6427,1.124177586581987,0.0,1.1432428550327611,0.0,1.153291884661559,0.0
6428,1.1244425392209736,0.0,1.1427956164374284,0.0,1.1528800046727223,0.0
6429,1.1246306261609549,0.0,1.1443379067207724,0.0,1.1545242722486153,0.0
6430,1.1247286943233996,0.0,1.1442478208494054,0.0,1.1545299873731167,0.0
6431,1.124809416673337,0.0,1.1447270836043721,0.0,1.1547707964889784,0.0
6432,1.1248731349600294,0.0,1.1449941666403327,0.0,1.1550358318090004,0.0
6433,1.1249328491925383,0.0,1.1455147794823748,0.0,1.155557489377124,0.0
6434,1.1249777366616924,0.0,1.1454472342643882,0.0,1.1554863234066393,0.0
6435,1.125021812057986,0.0,1.1456487651975265,0.0,1.1556875077900095,0.0
6436,1.1250637267218602,0.0,1.1458227808507,0.0,1.1558590796240784,0.0
6437,1.1250955218128484,0.0,1.1456437965139947,0.0,1.1556790553889977,0.0
6438,1.1255248742427981,0.0,1.1477038229198837,0.0,1.157710117993162,0.0
6439,1.1252458373186345,0.0,1.1434615796873817,0.0,1.15479167602497,0.0
6440,1.1248589632278687,0.0,1.141082392505676,0.0,1.1517349606165215,0.0
6441,1.1245268537726911,0.0,1.139888011174586,0.0,1.1495602815823838,0.0
6442,1.1242973742198723,0.0,1.1394978036476429,0.0,1.149124958290242,0.0
6443,1.1240730677498656,0.0,1.1390404482801302,0.0,1.1487014158957227,0.0
6444,1.1237857094691215,0.0,1.1386430847769657,0.0,1.147970612488088,0.0
6445,1.1234077769755677,0.0,1.1379468716905692,0.0,1.1467970046907527,0.0
6446,1.1230780251404548,0.0,1.1376117445048857,0.0,1.1463011460260286,0.0
6447,1.122726630841564,0.0,1.136956026495191,0.0,1.14553635094736,0.0
6448,1.1223410462120094,0.0,1.1363766593632105,0.0,1.1448326050316424,0.0
6449,1.1220973430393282,0.0,1.135861691059393,0.0,1.1443151903720674,0.0
6450,1.122001310822132,0.0,1.1352136024301491,0.0,1.1437784112986915,0.0
6451,1.1236078628312496,0.0,1.1425109259000918,0.0,1.1516881602260447,0.0
6452,1.124022569994299,0.0,1.1421290629607546,0.0,1.152212646439654,0.0
6453,1.1242869425288546,0.0,1.1437509040142617,0.0,1.15385663353296,0.0
6454,1.1244317957036347,0.0,1.143631760654432,0.0,1.153730946479944,0.0
6455,1.1245495353153265,0.0,1.1442767553781994,0.0,1.1543300398946528,0.0
6456,1.124638295684188,0.0,1.1445870044758122,0.0,1.1546427203255338,0.0
6457,1.1247180746940393,0.0,1.1452140489851317,0.0,1.155269381158137,0.0
6458,1.124778320119334,0.0,1.1450598986478648,0.0,1.1551129311522028,0.0
6459,1.1248356602916123,0.0,1.1452757942635114,0.0,1.1553253967673762,0.0
6460,1.1248890513757976,0.0,1.1454684374825688,0.0,1.1555171847571295,0.0
6461,1.1249319265117248,0.0,1.1452644398960226,0.0,1.1553090935382369,0.0
6462,1.1251258056386624,0.0,1.147107221041783,0.0,1.1571211325185042,0.0
6463,1.1247552415485362,0.0,1.1408600057276013,0.0,1.1516454156967995,0.0
6464,1.1243605293827068,0.0,1.1391320633116155,0.0,1.1494559816015384,0.0
6465,1.1239878003816455,0.0,1.1386686156606858,0.0,1.1480573223147588,0.0
6466,1.123649280246378,0.0,1.1383773858326691,0.0,1.147395426795566,0.0
6467,1.123295457169867,0.0,1.1380374014224088,0.0,1.1467933897376723,0.0
6468,1.1228975386484905,0.0,1.137527101757959,0.0,1.1459832888174055,0.0
6469,1.1225627945001917,0.0,1.1367290283934528,0.0,1.1452378892237323,0.0
6470,1.1221786512386995,0.0,1.136458988227573,0.0,1.144814874082187,0.0
6471,1.1217721974629775,0.0,1.1357418463439715,0.0,1.1440322690433788,0.0
6472,1.121315506423843,0.0,1.1351369376105767,0.0,1.143252818465793,0.0
6473,1.1209502098022381,0.0,1.1345666394072063,0.0,1.1425720974168534,0.0
6474,1.12084860545328,0.0,1.1340044020659257,0.0,1.1420792705826721,0.0
6475,1.122950664283869,0.0,1.1416918277976154,0.0,1.1499629386261017,0.0
6476,1.1235400987463435,0.0,1.1413597057816132,0.0,1.1513796480031808,0.0
6477,1.123892600315024,0.0,1.143044284863361,0.0,1.153145528091824,0.0
6478,1.1240970988647607,0.0,1.1429595396939622,0.0,1.1530413449225623,0.0
6479,1.124261573342962,0.0,1.1437547831967831,0.0,1.1538121849640874,0.0
6480,1.1243848964356271,0.0,1.1441517204494889,0.0,1.1542083802858703,0.0
6481,1.1244933523734462,0.0,1.1448224641976696,0.0,1.1548797589416457,0.0
6482,1.1245770424936854,0.0,1.1447101155154662,0.0,1.1547605842500412,0.0
6483,1.124653956066703,0.0,1.144933573121423,0.0,1.154983780359731,0.0
6484,1.124723602828096,0.0,1.1451258513636529,0.0,1.1551727694055303,0.0
6485,1.1247799340906632,0.0,1.144941703362394,0.0,1.1549872629293794,0.0
6486,1.1249075828119008,0.0,1.1464131459352296,0.0,1.1564347042572125,0.0
6487,1.124502077705904,0.0,1.140093959065197,0.0,1.1507930010608827,0.0
6488,1.1241272844834382,0.0,1.1386416979301752,0.0,1.1489494216606455,0.0
6489,1.123793178323821,0.0,1.1382176106086521,0.0,1.1477237917682654,0.0
6490,1.123534583544682,0.0,1.1377959085956642,0.0,1.1472384461563725,0.0
6491,1.12327724319934,0.0,1.1374861006633428,0.0,1.1468648807921,0.0
6492,1.122977959447828,0.0,1.1370754395238585,0.0,1.146258298065085,0.0
6493,1.1226848960392433,0.0,1.1363160239837165,0.0,1.145418434704893,0.0
6494,1.1224006171354661,0.0,1.1361709218529994,0.0,1.145123433323476,0.0
6495,1.1221400265163037,0.0,1.1355955160319817,0.0,1.1445568908840724,0.0
6496,1.1219357940809802,0.0,1.1351411670548022,0.0,1.1441686613760769,0.0
6497,1.1217354133469026,0.0,1.1346674509420893,0.0,1.143687357647482,0.0
6498,1.1217491155345338,0.0,1.1342157788550933,0.0,1.1433526628496675,0.0
6499,1.1233859127679822,0.0,1.1423618354222063,0.0,1.1521304697054227,0.0
6500,1.1237957160064243,0.0,1.1419580149265303,0.0,1.152042795853472,0.0
6501,1.124066662871965,0.0,1.1435317516425465,0.0,1.1536357626062015,0.0
6502,1.12421835729128,0.0,1.1432804218247083,0.0,1.1533509693751094,0.0
6503,1.1243504989587183,0.0,1.1439068206930307,0.0,1.1539677314385632,0.0
6504,1.1244521953052922,0.0,1.1442596461361798,0.0,1.1543264141123741,0.0
6505,1.1245423913390384,0.0,1.1450357456880607,0.0,1.1551076858081981,0.0
6506,1.1246094993807647,0.0,1.1448073250447184,0.0,1.154875770780339,0.0
6507,1.1246717937712496,0.0,1.1450267105371446,0.0,1.155094764931317,0.0
6508,1.1247286353852393,0.0,1.145222443615588,0.0,1.1552902574787987,0.0
6509,1.1247741700325966,0.0,1.1449318585982435,0.0,1.1549949867674139,0.0
6510,1.1248350008515173,0.0,1.1455885899920226,0.0,1.1556372705187477,0.0
6511,1.124359091774021,0.0,1.1382744444631931,0.0,1.1483777617174842,0.0
6512,1.1239461621751876,0.0,1.1374556041176154,0.0,1.1474925245743202,0.0
6513,1.123588730503504,0.0,1.1375347643423275,0.0,1.1469974282083852,0.0
6514,1.1232858292330279,0.0,1.1371233287001898,0.0,1.146479712748196,0.0
6515,1.1229821476849802,0.0,1.1369370993182553,0.0,1.1461884121745984,0.0
6516,1.1227327741325466,0.0,1.1365356793988246,0.0,1.145816958210216,0.0
6517,1.1225168117282918,0.0,1.1357988174066682,0.0,1.145205549056988,0.0
6518,1.1222568835302014,0.0,1.1357302357849226,0.0,1.1449599654983706,0.0
6519,1.1220328185717725,0.0,1.1352659508296088,0.0,1.1444472938439223,0.0
6520,1.1218712879461632,0.0,1.1349385765450555,0.0,1.1441251765862785,0.0
6521,1.1216686962248017,0.0,1.1345160498022178,0.0,1.1436280144723159,0.0
6522,1.1216312863024986,0.0,1.1341080955848868,0.0,1.1432170260685153,0.0
6523,1.1233011712988168,0.0,1.142185672394756,0.0,1.1519892298183363,0.0
6524,1.1237206259891659,0.0,1.1418966161823192,0.0,1.151979212855814,0.0
6525,1.1239960625927727,0.0,1.1434335875480897,0.0,1.1535332969827938,0.0
6526,1.1241506612430368,0.0,1.143185977026623,0.0,1.153253136710058,0.0
6527,1.1242856968459987,0.0,1.1438145565200855,0.0,1.1538700033567988,0.0
6528,1.1243895439728044,0.0,1.1441184289361321,0.0,1.1541835917981635,0.0
6529,1.1244822581715668,0.0,1.1449205495942614,0.0,1.1549963441041236,0.0
6530,1.1245524978239367,0.0,1.1447129573935841,0.0,1.1547923644979265,0.0
6531,1.1246193984582897,0.0,1.1450330264265725,0.0,1.155115760908143,0.0
6532,1.1246803659060716,0.0,1.145305046032665,0.0,1.1553880394152611,0.0
6533,1.1247293194742358,0.0,1.1449521462068213,0.0,1.155025896962141,0.0
6534,1.12478394429324,0.0,1.1450424391395817,0.0,1.1551238261978949,0.0
6535,1.1247546511687483,0.0,1.1422377689606626,0.0,1.1524338639721474,0.0
6536,1.1248623993015552,0.0,1.1447984234008137,0.0,1.1549753218416283,0.0
6537,1.1246470096025856,0.0,1.1403121945457944,0.0,1.150357174241554,0.0
6538,1.1245072834576466,0.0,1.1397716955964776,0.0,1.1498218590693827,0.0
6539,1.1243357479890341,0.0,1.139273966642787,0.0,1.1493138574606687,0.0
6540,1.1242205151943754,0.0,1.1389107310557394,0.0,1.1489573528445771,0.0
6541,1.1241444956677824,0.0,1.1387588967568525,0.0,1.148800300134295,0.0
6542,1.124060536277943,0.0,1.1384754248009634,0.0,1.148514769202864,0.0
6543,1.1239784177794758,0.0,1.138184917474051,0.0,1.1482177281990504,0.0
6544,1.1244479000268126,0.0,1.142720630402919,0.0,1.1527741083691907,0.0
6545,1.124514831654422,0.0,1.1419250240156564,0.0,1.1519749582425969,0.0
6546,1.124638834600334,0.0,1.1429389826459755,0.0,1.1529850187123147,0.0
6547,1.1247219931243364,0.0,1.142979718464532,0.0,1.1530322677442864,0.0
6548,1.1247741987034543,0.0,1.1431880247904613,0.0,1.1532411045778126,0.0
6549,1.1248408884726997,0.0,1.14439492915669,0.0,1.1544540766199365,0.0
6550,1.124876713725823,0.0,1.1444439336637922,0.0,1.1545147334724395,0.0
6551,1.124915426540543,0.0,1.1449557648530646,0.0,1.1550060863724128,0.0
6552,1.1249411760280317,0.0,1.1451800047334046,0.0,1.15523466001886,0.0
6553,1.124970612203521,0.0,1.1457603510618246,0.0,1.1558103070922228,0.0
6554,1.1249942153371328,0.0,1.1456303700752952,0.0,1.1556779479831585,0.0
6555,1.1250218987743876,0.0,1.145838669613889,0.0,1.1558830629586834,0.0
6556,1.1250507172876074,0.0,1.1460228613785395,0.0,1.1560646095289728,0.0
6557,1.1250731182637599,0.0,1.1458363910262503,0.0,1.1558761497328136,0.0
6558,1.1251042332424104,0.0,1.1458899626121475,0.0,1.1559365984108754,0.0
6559,1.1250698686940797,0.0,1.143612969486592,0.0,1.1536383968114914,0.0
6560,1.1250480272809127,0.0,1.1431488497875621,0.0,1.1531726222103986,0.0
6561,1.1250356300331292,0.0,1.1432306662282434,0.0,1.1532529415871429,0.0
6562,1.125030559426434,0.0,1.1433998752560366,0.0,1.1534203554079083,0.0
6563,1.1250238096246454,0.0,1.1434986388315416,0.0,1.1535186898677248,0.0
6564,1.1250057611488884,0.0,1.1432693675086771,0.0,1.1532945305606646,0.0
6565,1.1249852288285294,0.0,1.143028838336409,0.0,1.1530554026216404,0.0
6566,1.1249678547781976,0.0,1.1428636059669053,0.0,1.1528976330402507,0.0
6567,1.1249531818320277,0.0,1.1427429768526542,0.0,1.1527708916502934,0.0
6568,1.1249453185654656,0.0,1.1427143729481577,0.0,1.1527364691139557,0.0
6569,1.1249407547340293,0.0,1.142701069743738,0.0,1.1527237489601183,0.0
6570,1.125003615557836,0.0,1.143697509018616,0.0,1.1537249490238133,0.0
6571,1.1250407519168972,0.0,1.143691975432135,0.0,1.1537285790259912,0.0
6572,1.1250634952890035,0.0,1.1439064728345778,0.0,1.1539431654710135,0.0
6573,1.1251081097580045,0.0,1.1451370396240108,0.0,1.1551760265102111,0.0
6574,1.1251272454165118,0.0,1.1451943456161073,0.0,1.155248305363737,0.0
6575,1.1251553165205739,0.0,1.1457552162301587,0.0,1.1557937643160197,0.0
6576,1.1251753262728688,0.0,1.1461068670168648,0.0,1.156147330384937,0.0
6577,1.1251954984083463,0.0,1.1465141675958717,0.0,1.1565554354970542,0.0
6578,1.1252097286157126,0.0,1.1464638509789284,0.0,1.1565047510465316,0.0
6579,1.1252246693430088,0.0,1.1465554002808265,0.0,1.1565924261465532,0.0
6580,1.1252406005367535,0.0,1.1466299932531572,0.0,1.1566649632188433,0.0
6581,1.1252465222663501,0.0,1.1464383810421328,0.0,1.1564767244792997,0.0
6582,1.126119765835223,0.0,1.148319904664107,0.0,1.158322994372124,0.0
6583,1.1258680785705855,0.0,1.1465431041857006,0.0,1.1575663352880696,0.0
6584,1.1255468441275656,0.0,1.144243049652138,0.0,1.1554724059659973,0.0
6585,1.1252937391418087,0.0,1.142617471198497,0.0,1.1527781958678378,0.0
6586,1.1251196810642599,0.0,1.1418450965831242,0.0,1.1518338778559678,0.0
6587,1.124961759378075,0.0,1.1415522982879571,0.0,1.1514495341471345,0.0
6588,1.1247849723102776,0.0,1.1410491359584727,0.0,1.15080482132103,0.0
6589,1.1245796209875802,0.0,1.1401586544477655,0.0,1.149780704056901,0.0
6590,1.12440287474572,0.0,1.1399658954746752,0.0,1.1495370777074907,0.0
6591,1.1242288518035288,0.0,1.1392878498148336,0.0,1.1489196411821534,0.0
6592,1.1240846409403955,0.0,1.1389254319160753,0.0,1.1485682485510607,0.0
6593,1.1238959406820352,0.0,1.1383382086323817,0.0,1.147857477143592,0.0
6594,1.1237951569432072,0.0,1.1378006559133655,0.0,1.1471311473701538,0.0
6595,1.1245770887867237,0.0,1.1443669108174401,0.0,1.1545292702079932,0.0
6596,1.1247523212503607,0.0,1.1438736982906195,0.0,1.1540513127446275,0.0
6597,1.1248801676118614,0.0,1.1450074966314878,0.0,1.155310246094436,0.0
6598,1.1249374473937548,0.0,1.1447928391182307,0.0,1.155180175241562,0.0
6599,1.1249824702165379,0.0,1.1452037611852108,0.0,1.155250435511533,0.0
6600,1.125017604477369,0.0,1.1454303993583643,0.0,1.1554802696469444,0.0
6601,1.1250513709943897,0.0,1.1459112475435165,0.0,1.1559631524372365,0.0
6602,1.1250757739307944,0.0,1.1457870285820655,0.0,1.1558387166743052,0.0
6603,1.125100359875859,0.0,1.1459416862344125,0.0,1.1559928866053786,0.0
6604,1.1251241953815372,0.0,1.1460744104778837,0.0,1.1561249836078222,0.0
6605,1.1251443420088674,0.0,1.1460124116233843,0.0,1.156062657311881,0.0
6606,1.125509703077008,0.0,1.1478194270487954,0.0,1.1578266833177637,0.0
6607,1.1251665682894527,0.0,1.1422197431801868,0.0,1.1531159216269933,0.0
6608,1.1248241804755774,0.0,1.1402869622257077,0.0,1.150664499970206,0.0
6609,1.124532238392463,0.0,1.1397212716330805,0.0,1.1493458290306628,0.0
6610,1.1243314549286267,0.0,1.139392914409703,0.0,1.1490577181303034,0.0
6611,1.1241517412190385,0.0,1.139120970588631,0.0,1.1488548884582743,0.0
6612,1.1239469726417417,0.0,1.138743951193531,0.0,1.1483781321875757,0.0
6613,1.1237613855039827,0.0,1.1382276296270741,0.0,1.1477673186110435,0.0
6614,1.1235808571327681,0.0,1.1380461186271285,0.0,1.1475764798687393,0.0
6615,1.123401363356501,0.0,1.13743974947031,0.0,1.1470180123598377,0.0
6616,1.123263865948691,0.0,1.1371646785696452,0.0,1.1467362044877312,0.0
6617,1.123092635884326,0.0,1.1366633586742534,0.0,1.146162586354457,0.0
6618,1.1230197949507241,0.0,1.1361745642979573,0.0,1.1455288383311089,0.0
6619,1.1241419545947957,0.0,1.1438263115585834,0.0,1.1539178859256771,0.0
6620,1.124410192773745,0.0,1.1433550170170526,0.0,1.153439606926132,0.0
6621,1.12459294705757,0.0,1.1447074552283323,0.0,1.154810146370698,0.0
6622,1.1246950067876844,0.0,1.1445484430739152,0.0,1.154869702852776,0.0
6623,1.1247772910093192,0.0,1.1450275175643556,0.0,1.1550765182847147,0.0
6624,1.1248393050793843,0.0,1.1452610948917605,0.0,1.15531113951123,0.0
6625,1.12489859565074,0.0,1.1458306313646927,0.0,1.1558835255807063,0.0
6626,1.1249434226306037,0.0,1.145725362423678,0.0,1.1557749526023582,0.0
6627,1.1249839844783738,0.0,1.145852036412398,0.0,1.1559034190648236,0.0
6628,1.1250233031179688,0.0,1.1460151274671437,0.0,1.156063739606344,0.0
6629,1.1250531969559345,0.0,1.1457401547751516,0.0,1.155787882863184,0.0
6630,1.1252681538448457,0.0,1.1473920507931243,0.0,1.1574037687329173,0.0
6631,1.1249085398005825,0.0,1.1412129287469042,0.0,1.1520089087012908,0.0
6632,1.1245511564786268,0.0,1.13971523363408,0.0,1.1501381847037704,0.0
6633,1.1242586936847427,0.0,1.1391656213661308,0.0,1.1487973379673477,0.0
6634,1.124069164059905,0.0,1.1389269287469148,0.0,1.1485824135767644,0.0
6635,1.12389431951537,0.0,1.1386854047014994,0.0,1.1483904584948095,0.0
6636,1.1236782536799124,0.0,1.138235611807169,0.0,1.1478622270593617,0.0
6637,1.1234513856317525,0.0,1.1375468883822364,0.0,1.1470871422529036,0.0
6638,1.123270824330338,0.0,1.137417550911574,0.0,1.1469444060897143,0.0
6639,1.123112496667985,0.0,1.1369386664432177,0.0,1.1465078165381057,0.0
6640,1.1229537538908996,0.0,1.1365742518354898,0.0,1.1461319333773332,0.0
6641,1.1227772006959944,0.0,1.1361184969400346,0.0,1.145594909827545,0.0
6642,1.1227440479366457,0.0,1.135782112139803,0.0,1.145146282765676,0.0
6643,1.1239814913583956,0.0,1.1437199153632063,0.0,1.1538040026604448,0.0
6644,1.1242854903209745,0.0,1.1433706256485925,0.0,1.1534484764861068,0.0
6645,1.1244926906084818,0.0,1.144644723877229,0.0,1.1548891952367772,0.0
6646,1.124607754761159,0.0,1.1445020175049951,0.0,1.154847049274226,0.0
6647,1.1247021571080777,0.0,1.1449753544527377,0.0,1.1550191211678382,0.0
6648,1.1247782964720385,0.0,1.1452682548786577,0.0,1.15531110551609,0.0
6649,1.1248478284891368,0.0,1.1457645986256033,0.0,1.1558091473813863,0.0
6650,1.1249033277795129,0.0,1.1457411629543224,0.0,1.1557826540071712,0.0
6651,1.1249554724966482,0.0,1.1459299208948568,0.0,1.1559712189530709,0.0
6652,1.1250042165337235,0.0,1.1460955862393722,0.0,1.156134575190508,0.0
6653,1.1250431470901228,0.0,1.14589239914745,0.0,1.1559300951973175,0.0
6654,1.1252452335925982,0.0,1.1471335806474703,0.0,1.15714550709251,0.0
6655,1.1249192334163882,0.0,1.1419472539614957,0.0,1.1530572879416618,0.0
6656,1.1245566816376256,0.0,1.1402089114675569,0.0,1.1508176625032087,0.0
6657,1.1242235786410806,0.0,1.139100287667301,0.0,1.148791865598228,0.0
6658,1.123928320842921,0.0,1.1387652892011633,0.0,1.1481741998409174,0.0
6659,1.1236510040851448,0.0,1.138456565212732,0.0,1.1477224507139692,0.0
6660,1.1232934152607312,0.0,1.1380700571229017,0.0,1.1469299310963643,0.0
6661,1.1229432287626742,0.0,1.1372815385201887,0.0,1.1459604939961747,0.0
6662,1.1226168523128455,0.0,1.136964374949108,0.0,1.1455178201836014,0.0
6663,1.1223176006475974,0.0,1.136252576948792,0.0,1.144827650892012,0.0
6664,1.1219807639822548,0.0,1.13571767907929,0.0,1.144231157823095,0.0
6665,1.1216788792220798,0.0,1.135117180359988,0.0,1.1435960845853241,0.0
6666,1.1216519931394449,0.0,1.1346145920413067,0.0,1.1432019014553598,0.0
6667,1.1234539866560778,0.0,1.142827358511527,0.0,1.1527654663524778,0.0
6668,1.1238813667302288,0.0,1.1421204832618908,0.0,1.152209126188374,0.0
6669,1.1241629958367365,0.0,1.143838816126952,0.0,1.1539497627627622,0.0
6670,1.1243211399467687,0.0,1.1437295216501262,0.0,1.153843948059159,0.0
6671,1.1244512910000997,0.0,1.1443601144402773,0.0,1.1544146703998686,0.0
6672,1.124551446504713,0.0,1.1446872532510681,0.0,1.1547404316250074,0.0
6673,1.1246411677419037,0.0,1.1453133080206066,0.0,1.1553677949145342,0.0
6674,1.124710033588602,0.0,1.1451846829796273,0.0,1.1552347866057255,0.0
6675,1.124774252582858,0.0,1.1453903791995736,0.0,1.1554399356868874,0.0
6676,1.1248335650148458,0.0,1.1455686570738688,0.0,1.1556155440605873,0.0
6677,1.124881131276023,0.0,1.1453453598718784,0.0,1.1553905277479766,0.0
6678,1.1249993966688292,0.0,1.1465488647140785,0.0,1.1565700324486146,0.0
6679,1.124608507066231,0.0,1.1403814107837766,0.0,1.151128189865882,0.0
6680,1.1242481055154911,0.0,1.1389517530985782,0.0,1.1493014306691711,0.0
6681,1.1239058842168015,0.0,1.1383413473114472,0.0,1.147912133279525,0.0
6682,1.123586694328284,0.0,1.1379974992203612,0.0,1.1472615148233567,0.0
6683,1.1232162491838733,0.0,1.1377267264001794,0.0,1.1466168432930097,0.0
6684,1.1227955048978824,0.0,1.137321306047179,0.0,1.1458472016824368,0.0
6685,1.1224398107144251,0.0,1.1365127699151805,0.0,1.1450632403162582,0.0
6686,1.122049862074313,0.0,1.136230061068003,0.0,1.1446339354380008,0.0
6687,1.1216678583743802,0.0,1.135527307901219,0.0,1.1438920387864844,0.0
6688,1.1212599898539057,0.0,1.1349631177572783,0.0,1.1431909776405569,0.0
6689,1.1209555050004172,0.0,1.134457784817767,0.0,1.1426058213911257,0.0
6690,1.120922023359767,0.0,1.1339157539572033,0.0,1.1422037513309906,0.0
6691,1.1230138821285653,0.0,1.1415762371065816,0.0,1.1511533071099642,0.0
6692,1.1235358658476329,0.0,1.1413827275937576,0.0,1.151393618605795,0.0
6693,1.1238704811033262,0.0,1.1429897294726579,0.0,1.153089148283649,0.0
6694,1.124059394440567,0.0,1.1428419380354915,0.0,1.1529085876601435,0.0
6695,1.1242160393929084,0.0,1.1434774882456924,0.0,1.1535345618048132,0.0
6696,1.1243348940499873,0.0,1.1437910547035317,0.0,1.1538557084110317,0.0
6697,1.1244403643872278,0.0,1.1446126314609184,0.0,1.1546934602099193,0.0
6698,1.1245198168298403,0.0,1.144435242182998,0.0,1.1545129566078303,0.0
6699,1.124593203050782,0.0,1.1447563704096395,0.0,1.154834501097758,0.0
6700,1.1246601122392865,0.0,1.145019888753124,0.0,1.1550944623761938,0.0
6701,1.1247149208152065,0.0,1.144737721984521,0.0,1.1548072680135792,0.0
6702,1.1247743355316489,0.0,1.144837814599269,0.0,1.154915256631972,0.0
6703,1.1247595806081605,0.0,1.1424286725978048,0.0,1.1528105661438073,0.0
6704,1.1248659883939327,0.0,1.1446924460547105,0.0,1.1549057627729298,0.0
6705,1.1245919671271538,0.0,1.1397768181144923,0.0,1.1496661361768024,0.0
6706,1.1243357927004833,0.0,1.1395336923974781,0.0,1.1487968963393982,0.0
6707,1.124009465452497,0.0,1.1392954121553471,0.0,1.1481503493154115,0.0
6708,1.1237284587309158,0.0,1.138938264299011,0.0,1.1475690658881823,0.0
6709,1.1234799545244958,0.0,1.1385247796732818,0.0,1.147108476082213,0.0
6710,1.1232291279850475,0.0,1.1381559321753438,0.0,1.1467076290097276,0.0
6711,1.1229906224476098,0.0,1.1376961250473234,0.0,1.1463142281693104,0.0
6712,1.1235765229789112,0.0,1.1414761929563695,0.0,1.1492497867235079,0.0
6713,1.1236258530074565,0.0,1.1409912144699519,0.0,1.149054031480144,0.0
6714,1.1238462532758347,0.0,1.1416238457648373,0.0,1.1499881822739173,0.0
6715,1.1241589766717746,0.0,1.141641222164129,0.0,1.151676858175839,0.0
6716,1.1242952531660004,0.0,1.1418303572859296,0.0,1.1518676457955945,0.0
6717,1.1244323395291513,0.0,1.142843413534564,0.0,1.1528875528630442,0.0
6718,1.1245130741456602,0.0,1.142848557033761,0.0,1.1529036792576763,0.0
6719,1.1245952464510476,0.0,1.1433157586397786,0.0,1.1533622059243944,0.0
6720,1.1246575245472885,0.0,1.143485663770472,0.0,1.1535396405139065,0.0
6721,1.1247161173016336,0.0,1.1440740630904953,0.0,1.1541354824506835,0.0
6722,1.1247574248159349,0.0,1.1439613326544302,0.0,1.1540229443321353,0.0
6723,1.124800342248984,0.0,1.1442781032786467,0.0,1.154345161903285,0.0
6724,1.12484251032021,0.0,1.1446267948777211,0.0,1.154695222864105,0.0
6725,1.1248740585037817,0.0,1.1443616050248382,0.0,1.1544294572980378,0.0
6726,1.1249123145202429,0.0,1.1445463803774047,0.0,1.1546255108236794,0.0
6727,1.1248615931194792,0.0,1.141833478148421,0.0,1.1518664871298407,0.0
6728,1.124833703590731,0.0,1.1413461193630599,0.0,1.1513764860464675,0.0
6729,1.1248277242855753,0.0,1.1417010763208457,0.0,1.151727815093901,0.0
6730,1.1248241626046864,0.0,1.141978449803774,0.0,1.1520040188948852,0.0
6731,1.1248067795624805,0.0,1.1420773719618555,0.0,1.1521001282158116,0.0
6732,1.1247739530540293,0.0,1.1418231635171718,0.0,1.1518424843506085,0.0
6733,1.1247284688369397,0.0,1.1417286425862039,0.0,1.151544574685052,0.0
6734,1.1246947365797473,0.0,1.1415469313263025,0.0,1.151427055619615,0.0
6735,1.1246610718619805,0.0,1.141411604952531,0.0,1.1512281519729046,0.0
6736,1.1246608093540156,0.0,1.1413572558258358,0.0,1.1513629598663992,0.0
6737,1.124671721591487,0.0,1.1415244224670094,0.0,1.1515455915229,0.0
6738,1.1247754419731546,0.0,1.1427716423086667,0.0,1.1527986433476922,0.0
6739,1.1248291362624423,0.0,1.142586716517768,0.0,1.152619716372974,0.0
6740,1.1248633475993812,0.0,1.1427549094684146,0.0,1.152790123080466,0.0
6741,1.1249162885437367,0.0,1.1436748960587428,0.0,1.1537139390775268,0.0
6742,1.12494676496029,0.0,1.1438728250391494,0.0,1.1539302118712704,0.0
6743,1.1249814798214273,0.0,1.1443757796742884,0.0,1.1544232944362371,0.0
6744,1.1250038474628943,0.0,1.1445539047334046,0.0,1.1546097371827,0.0
6745,1.1250282516775432,0.0,1.1452076781763234,0.0,1.1552748785020681,0.0
6746,1.1250406127806145,0.0,1.144970374286546,0.0,1.1550340006164388,0.0
6747,1.1250826350161833,0.0,1.1475164843877412,0.0,1.1575804546014632,0.0
6748,1.1250784491629284,0.0,1.1453803544248917,0.0,1.1554440032808238,0.0
6749,1.1250826882106872,0.0,1.1450285514622967,0.0,1.155092043072144,0.0
6750,1.1250975643978518,0.0,1.14510914105798,0.0,1.1551834715341294,0.0
6751,1.125031635829277,0.0,1.1422093419317996,0.0,1.1522426600719373,0.0
6752,1.1249911853592147,0.0,1.1416781951508332,0.0,1.1517087072198868,0.0
6753,1.1249765622222923,0.0,1.1420884273552574,0.0,1.1521149850734957,0.0
6754,1.124975515925078,0.0,1.1425389956738734,0.0,1.1525638541457146,0.0
6755,1.1249662428493923,0.0,1.142704894507475,0.0,1.1527273215507425,0.0
6756,1.1249436668199737,0.0,1.142408352011245,0.0,1.1524375222752323,0.0
6757,1.1249240839458892,0.0,1.1422187201799707,0.0,1.1522477080172089,0.0
6758,1.1249045140243359,0.0,1.1420318634455127,0.0,1.152070345778299,0.0
6759,1.1248808921991276,0.0,1.1418458720866485,0.0,1.1518761035747687,0.0
6760,1.1248548850531637,0.0,1.1417629003987309,0.0,1.151786008658514,0.0
6761,1.1248414161540101,0.0,1.141815474742332,0.0,1.1518375838509605,0.0
6762,1.1249191161007766,0.0,1.1429375664913994,0.0,1.1529655630981925,0.0
6763,1.1249666281954507,0.0,1.1429167025453757,0.0,1.1529514570265555,0.0
6764,1.1249973667765318,0.0,1.143121914240412,0.0,1.1531600034085965,0.0
6765,1.1250538717779925,0.0,1.144397058069319,0.0,1.1544412656354976,0.0
6766,1.1250794300333582,0.0,1.1444667916437523,0.0,1.1545295657912666,0.0
6767,1.1251114386761807,0.0,1.1450714745393478,0.0,1.155116239298797,0.0
6768,1.1251326093804415,0.0,1.1453571282783546,0.0,1.1554036316996092,0.0
6769,1.1251560376688325,0.0,1.1459311052307888,0.0,1.155982905868102,0.0
6770,1.125170305886355,0.0,1.1457814596570237,0.0,1.1558313498345352,0.0
6771,1.1251878483212536,0.0,1.146008738352523,0.0,1.1560569688046018,0.0
6772,1.125206466343795,0.0,1.1462217613455052,0.0,1.1562683276688928,0.0
6773,1.1252187119037291,0.0,1.146056713600975,0.0,1.1561013919708931,0.0
6774,1.126235128940474,0.0,1.1484269400509377,0.0,1.1584296125196376,0.0
6775,1.1258612925692753,0.0,1.1470361862742253,0.0,1.1576076529167203,0.0
6776,1.1255383766349092,0.0,1.1443575556987269,0.0,1.1552284583677541,0.0
6777,1.1253006965659986,0.0,1.142924358107086,0.0,1.1524498650911985,0.0
6778,1.1251287924747058,0.0,1.1422823547137073,0.0,1.1517269127588858,0.0
6779,1.124985097632061,0.0,1.14186929493984,0.0,1.151419746871653,0.0
6780,1.124842935628808,0.0,1.1414890740541093,0.0,1.150981200498025,0.0
6781,1.1246925244410702,0.0,1.1408040694027464,0.0,1.1502093601976788,0.0
6782,1.1245507270184254,0.0,1.1406384228417439,0.0,1.1500514287521728,0.0
6783,1.1243946561232736,0.0,1.1399228699471233,0.0,1.149412092411846,0.0
6784,1.1242334644846317,0.0,1.1394002921954907,0.0,1.1488915175789394,0.0
6785,1.1240595240393692,0.0,1.1388287701200217,0.0,1.1482295202669466,0.0
6786,1.1239885015357192,0.0,1.1383857571416385,0.0,1.1476225902119734,0.0
6787,1.1246715650822607,0.0,1.1443015760510593,0.0,1.1543811980347563,0.0
6788,1.124824378292902,0.0,1.1438410457859656,0.0,1.1539311543873603,0.0
6789,1.1249456113929894,0.0,1.14495272476402,0.0,1.155282215164774,0.0
6790,1.124998170568746,0.0,1.1447771880574902,0.0,1.1552176536404033,0.0
6791,1.1250386689983285,0.0,1.1451618442358578,0.0,1.1552037571273606,0.0
6792,1.1250733708280705,0.0,1.1454004380025085,0.0,1.155444354290221,0.0
6793,1.1251084363471668,0.0,1.1458775767514655,0.0,1.1559217837285518,0.0
6794,1.1251338015554417,0.0,1.145793982434026,0.0,1.1558379289637837,0.0
6795,1.1251594397375855,0.0,1.1459534029453502,0.0,1.1559960403349017,0.0
6796,1.1251844178894759,0.0,1.1460931260805343,0.0,1.1561357959825147,0.0
6797,1.1252054282024337,0.0,1.1460434059867135,0.0,1.1560840765074563,0.0
6798,1.125697350507149,0.0,1.1479488476728603,0.0,1.157954394035796,0.0
6799,1.1253814546587808,0.0,1.1438330046572789,0.0,1.1550727163476606,0.0
6800,1.1250620594939302,0.0,1.1415685458470497,0.0,1.152194512108979,0.0
6801,1.1247456345586768,0.0,1.140399887371476,0.0,1.150004203352123,0.0
6802,1.1244613878920964,0.0,1.1398761170132674,0.0,1.1492734582167912,0.0
6803,1.1241395793553681,0.0,1.1395943248224913,0.0,1.1486104575004423,0.0
6804,1.1237726214417014,0.0,1.1390927412075973,0.0,1.147752676925261,0.0
6805,1.123421179967653,0.0,1.1382548354120525,0.0,1.146761277052255,0.0
6806,1.1230841873266355,0.0,1.1379532565332566,0.0,1.1463637786237528,0.0
6807,1.1227619083968088,0.0,1.137300758808683,0.0,1.1456930892753496,0.0
6808,1.1224192707645086,0.0,1.1367765335659339,0.0,1.1450675935580041,0.0
6809,1.1221089439612915,0.0,1.1361301736392346,0.0,1.144391614816637,0.0
6810,1.1220912568937147,0.0,1.1356112866983095,0.0,1.1440156345957064,0.0
6811,1.1237034430164135,0.0,1.1428110571830818,0.0,1.1526107861425332,0.0
6812,1.1240975444816312,0.0,1.1423769990344375,0.0,1.1524624327445607,0.0
6813,1.1243567305223492,0.0,1.1439899202647206,0.0,1.1541272212018747,0.0
6814,1.1245004084326682,0.0,1.1439543917530823,0.0,1.1541788921816312,0.0
6815,1.1246170200194765,0.0,1.1445519422910828,0.0,1.1545994038865357,0.0
6816,1.1247076216565803,0.0,1.1448703472867923,0.0,1.154917146114571,0.0
6817,1.124789969739364,0.0,1.1454387097402299,0.0,1.155483143049185,0.0
6818,1.124853134892802,0.0,1.1453522250253214,0.0,1.1553949349016142,0.0
6819,1.124913444932862,0.0,1.14554655627065,0.0,1.1555860423146707,0.0
6820,1.1249708493442,0.0,1.1457341417031544,0.0,1.155772866934479,0.0
6821,1.1250154659676526,0.0,1.1455527540611485,0.0,1.1555884834443724,0.0
6822,1.1253161970294503,0.0,1.1473980370097574,0.0,1.1574072914747584,0.0
6823,1.1250051895954156,0.0,1.1423185798789306,0.0,1.153451437476085,0.0
6824,1.1246384406276697,0.0,1.1404519076994097,0.0,1.1510755851969943,0.0
6825,1.124319312182451,0.0,1.139391786802822,0.0,1.1490619504750053,0.0
6826,1.1240729238971991,0.0,1.138930946154327,0.0,1.1485448624389027,0.0
6827,1.123814697791005,0.0,1.1386374014066205,0.0,1.1480897024666634,0.0
6828,1.1234567458817946,0.0,1.1382864966414254,0.0,1.1472485913514883,0.0
6829,1.1230937463831556,0.0,1.1375035016522441,0.0,1.1462168127842534,0.0
6830,1.1227705012264892,0.0,1.1372175679547307,0.0,1.1457884570588417,0.0
6831,1.122472349853549,0.0,1.1365473518341656,0.0,1.1451283422620908,0.0
6832,1.1221662683522846,0.0,1.1360181953389106,0.0,1.1445676536717693,0.0
6833,1.1219647113766993,0.0,1.1354369030603508,0.0,1.1440861097037662,0.0
6834,1.122091079374571,0.0,1.1348467207101964,0.0,1.1439125736801534,0.0
6835,1.1236394901092719,0.0,1.143049725308059,0.0,1.1529657961489592,0.0
6836,1.1240218781441222,0.0,1.1425096986376597,0.0,1.1525968343217765,0.0
6837,1.1242774785701124,0.0,1.1440645148620732,0.0,1.154245945116213,0.0
6838,1.1244236984050107,0.0,1.1439851315011902,0.0,1.1542490240799566,0.0
6839,1.1245422189918,0.0,1.144508656798817,0.0,1.154555761923565,0.0
6840,1.1246338725231786,0.0,1.1447945305932408,0.0,1.154841223984533,0.0
6841,1.1247163680690329,0.0,1.145370803868067,0.0,1.1554200510284443,0.0
6842,1.1247788530686678,0.0,1.1452482066552805,0.0,1.1552944847920732,0.0
6843,1.1248372983053536,0.0,1.1454344631923012,0.0,1.155480951731526,0.0
6844,1.124891498480242,0.0,1.1456089556432314,0.0,1.155653733087755,0.0
6845,1.1249337553262888,0.0,1.145376178400145,0.0,1.155420293418005,0.0
6846,1.125096641382531,0.0,1.1469336769877818,0.0,1.1569494961590556,0.0
6847,1.1247038266681253,0.0,1.1405721777610194,0.0,1.151296051787435,0.0
6848,1.1243534144609837,0.0,1.139266281024608,0.0,1.1496576015690603,0.0
6849,1.1240625765375867,0.0,1.1388102695077311,0.0,1.1484163550730122,0.0
6850,1.1238636505140467,0.0,1.138529049125813,0.0,1.1481463856369807,0.0
6851,1.1236786399969152,0.0,1.1382767047412565,0.0,1.1479379393101838,0.0
6852,1.1234779753878725,0.0,1.137958303281002,0.0,1.1475308874688577,0.0
6853,1.1232613592064586,0.0,1.1372564100737057,0.0,1.1467848318539473,0.0
6854,1.123038484639571,0.0,1.137096934717538,0.0,1.1465081198871603,0.0
6855,1.1228646423768598,0.0,1.1365951885046537,0.0,1.1460507020227946,0.0
6856,1.1226974846933238,0.0,1.1362107635655532,0.0,1.1456681602002723,0.0
6857,1.1225406540569887,0.0,1.1358248927117367,0.0,1.1452061570128775,0.0
6858,1.1225114680515254,0.0,1.1354020048761517,0.0,1.1447286736384839,0.0
6859,1.1238311954438864,0.0,1.1434032839564316,0.0,1.15349073298599,0.0
6860,1.1241533937416295,0.0,1.1429814896763149,0.0,1.1530645347947905,0.0
6861,1.1243712160939516,0.0,1.1443663674661222,0.0,1.1544666981470602,0.0
6862,1.1244918791602723,0.0,1.1441835246911012,0.0,1.154298297527992,0.0
6863,1.1245951571005517,0.0,1.144680063270312,0.0,1.1547287293527684,0.0
6864,1.1246746525978923,0.0,1.1449491398718348,0.0,1.1550002471206136,0.0
6865,1.124746242327253,0.0,1.1455050665485298,0.0,1.1555581805166106,0.0
6866,1.1248004385082269,0.0,1.1453726224898761,0.0,1.1554242164676074,0.0
6867,1.1248511908198482,0.0,1.145558675653249,0.0,1.155611323033214,0.0
6868,1.1248979511236283,0.0,1.1457259159052418,0.0,1.1557766751794163,0.0
6869,1.1249345965560038,0.0,1.145496587565953,0.0,1.1555477861437404,0.0
6870,1.124977190095687,0.0,1.1455219951323565,0.0,1.155582837010868,0.0
6871,1.1249865099889202,0.0,1.1436627562998696,0.0,1.1545525782407073,0.0
6872,1.1251683709649267,0.0,1.1464601886971952,0.0,1.1567972524360302,0.0
6873,1.1249456321884825,0.0,1.1416730732906033,0.0,1.151827697225016,0.0
6874,1.1248142865015949,0.0,1.1410051183245369,0.0,1.1511444044700359,0.0
6875,1.1246368677578689,0.0,1.1402262299680963,0.0,1.150283596801998,0.0
6876,1.124505434573572,0.0,1.1396886545596068,0.0,1.1497363163554257,0.0
6877,1.124397722044157,0.0,1.1393048235502625,0.0,1.1493471420117027,0.0
6878,1.1243100566706872,0.0,1.139055357140205,0.0,1.1490957071158265,0.0
6879,1.1242351420826233,0.0,1.1388497195544758,0.0,1.1488833324978995,0.0
6880,1.1246705026902017,0.0,1.1436303015389038,0.0,1.1537651832970381,0.0
6881,1.1247242713349508,0.0,1.1426890617199708,0.0,1.152838581087793,0.0
6882,1.1248380330686762,0.0,1.1437390714096005,0.0,1.1540118955191143,0.0
6883,1.1249000440939456,0.0,1.1436270952187275,0.0,1.1536734886047884,0.0
6884,1.1249438015131086,0.0,1.1438335694899018,0.0,1.1538798349750312,0.0
6885,1.1250044690308003,0.0,1.1449231632690686,0.0,1.1549714409051233,0.0
6886,1.125040749433892,0.0,1.145090922465009,0.0,1.1551473330580209,0.0
6887,1.1250793388064813,0.0,1.1455630324175567,0.0,1.1556015852040544,0.0
6888,1.1251022181320949,0.0,1.1457396671988291,0.0,1.1557804648121015,0.0
6889,1.1251332179584754,0.0,1.1463041148739828,0.0,1.156339603335866,0.0
6890,1.1251559811136862,0.0,1.1462362088768847,0.0,1.1562714509237166,0.0
6891,1.1251769999082661,0.0,1.1463244036857223,0.0,1.1563586232551983,0.0
6892,1.1252073616006049,0.0,1.1464712752257036,0.0,1.1565003765579838,0.0
6893,1.1252291370945122,0.0,1.1464023783246975,0.0,1.1564306587265067,0.0
6894,1.125254929390504,0.0,1.1463859796942588,0.0,1.1564223115474839,0.0
6895,1.125229581216697,0.0,1.14441702228162,0.0,1.1544424648789988,0.0
6896,1.1252024361112045,0.0,1.1437743072553521,0.0,1.1538143095378524,0.0
6897,1.1251940609402569,0.0,1.1438949443597983,0.0,1.1539225792490195,0.0
6898,1.1251890327224796,0.0,1.1440269531254577,0.0,1.1540461603268366,0.0
6899,1.1251856249418777,0.0,1.144149442080028,0.0,1.1541681470665723,0.0
6900,1.125171807810251,0.0,1.1439971334943781,0.0,1.154020146803601,0.0
6901,1.1251577884271267,0.0,1.1438599746779337,0.0,1.1538841205771955,0.0
6902,1.1251458041900129,0.0,1.1437603688232467,0.0,1.153791123132421,0.0
6903,1.125134717972012,0.0,1.1436769440301149,0.0,1.1537015346462511,0.0
6904,1.125128918822967,0.0,1.1436480035509662,0.0,1.153667558818191,0.0
6905,1.125127138757198,0.0,1.1436561351340457,0.0,1.1536760518977747,0.0
6906,1.125192470219254,0.0,1.1447985215475698,0.0,1.1548392436880164,0.0
6907,1.1252264099110885,0.0,1.1448974803119474,0.0,1.1550649222348344,0.0
6908,1.1252533470041106,0.0,1.1451193354964202,0.0,1.1554157571560846,0.0
6909,1.125301734059489,0.0,1.1461497131842149,0.0,1.1564749668301246,0.0
6910,1.1253294401779517,0.0,1.1461826325386046,0.0,1.1565997874194145,0.0
6911,1.1253616453478927,0.0,1.1464215089307397,0.0,1.1567695738699626,0.0
6912,1.1253881913404864,0.0,1.1465069635406149,0.0,1.1569079257094217,0.0
6913,1.1254029992990857,0.0,1.146595401964724,0.0,1.1569404257838847,0.0
6914,1.1254268848376134,0.0,1.146617150241744,0.0,1.157011068035381,0.0
6915,1.1254468923147516,0.0,1.1466797111986022,0.0,1.1570390773073778,0.0
6916,1.125474893454702,0.0,1.1466785972287548,0.0,1.1571080617305665,0.0
6917,1.12547718152211,0.0,1.146517121514813,0.0,1.1569674960422742,0.0
6918,1.1265100230660903,0.0,1.148471086724869,0.0,1.1585303122033597,0.0
6919,1.1263928065907949,0.0,1.147031441271867,0.0,1.1580757869096272,0.0
6920,1.1260327896270634,0.0,1.1456844046872618,0.0,1.1571115240594063,0.0
6921,1.1257724833505136,0.0,1.144691763029933,0.0,1.155612715303997,0.0
6922,1.125592571470278,0.0,1.1439455229692475,0.0,1.1546381213208734,0.0
6923,1.1254394262800003,0.0,1.1433906050080058,0.0,1.1538473983772215,0.0
6924,1.1252708161370735,0.0,1.1426225099309268,0.0,1.1528045806077227,0.0
6925,1.1250917891862522,0.0,1.1416406944600987,0.0,1.1516913570776561,0.0
6926,1.12491518651685,0.0,1.141400367684021,0.0,1.1512020520139545,0.0
6927,1.1247422120586528,0.0,1.1407331526175413,0.0,1.150535091592495,0.0
6928,1.1245831795088301,0.0,1.140253741578083,0.0,1.1500358107349538,0.0
6929,1.12441002388281,0.0,1.1396915872918665,0.0,1.1493620544758423,0.0
6930,1.1243256995435604,0.0,1.1391754137124899,0.0,1.1487235240882745,0.0
6931,1.124952202541541,0.0,1.1450900283200662,0.0,1.1558511619765677,0.0
6932,1.1250997200287858,0.0,1.1448681307887825,0.0,1.1556328285597643,0.0
6933,1.125222412720036,0.0,1.1455862123536633,0.0,1.1565294297797206,0.0
6934,1.1252739310757727,0.0,1.1455288740359508,0.0,1.1565274150292015,0.0
6935,1.1252730831006246,0.0,1.1460396435912594,0.0,1.1560703203618448,0.0
6936,1.125294855309073,0.0,1.1462243884758097,0.0,1.1562539516340202,0.0
6937,1.1253219455460144,0.0,1.146401705934761,0.0,1.1564277706025283,0.0
6938,1.1253455569311308,0.0,1.1464094599145027,0.0,1.1564345652973975,0.0
6939,1.1253703710161902,0.0,1.1464885804119247,0.0,1.1565200687421275,0.0
6940,1.1254013669792498,0.0,1.1465449808798458,0.0,1.1566525904485663,0.0
6941,1.125425347733884,0.0,1.1463714556608484,0.0,1.1566171306389585,0.0
6942,1.126032786690866,0.0,1.148023863523133,0.0,1.158074186857662,0.0
6943,1.1258623121608635,0.0,1.14544500698768,0.0,1.1570317296618047,0.0
6944,1.1255100543589154,0.0,1.1434545801324212,0.0,1.1545676750624787,0.0
6945,1.1251392987684654,0.0,1.1414944870980805,0.0,1.1516662886162217,0.0
6946,1.1248622012929024,0.0,1.1405187601328883,0.0,1.1504435837254987,0.0
6947,1.1245768214873122,0.0,1.140199488373032,0.0,1.149803911666066,0.0
6948,1.124237987859072,0.0,1.13984564076265,0.0,1.1489468373807221,0.0
6949,1.1238945352060603,0.0,1.1391084140581198,0.0,1.147912837406042,0.0
6950,1.123610129135706,0.0,1.1387637496287197,0.0,1.1475138310598187,0.0
6951,1.123455253949664,0.0,1.138059736713976,0.0,1.1471187858324956,0.0
6952,1.1233258857816737,0.0,1.1375217739974994,0.0,1.1468042606383868,0.0
6953,1.1232309644574925,0.0,1.136999650139767,0.0,1.1464699262267235,0.0
6954,1.1232033004687774,0.0,1.1366307165571528,0.0,1.146004773684329,0.0
6955,1.1242939640728198,0.0,1.1442616636826959,0.0,1.1543911498676482,0.0
6956,1.1245602477228676,0.0,1.1439122153765502,0.0,1.154091340068272,0.0
6957,1.1247461779501304,0.0,1.1450690051729122,0.0,1.1555118674734628,0.0
6958,1.1248418457369418,0.0,1.1449280067890486,0.0,1.1554549824769056,0.0
6959,1.1249100365707845,0.0,1.1453808087370387,0.0,1.1554227786333622,0.0
6960,1.1249636929789,0.0,1.1456116832046308,0.0,1.1556550366899445,0.0
6961,1.1250181628073246,0.0,1.1461734709746847,0.0,1.1562182638130494,0.0
6962,1.1250591956535323,0.0,1.146084600719067,0.0,1.1561278733483964,0.0
6963,1.125094771327592,0.0,1.1461311832878742,0.0,1.1561753803047046,0.0
6964,1.1251318304031266,0.0,1.1462579060729703,0.0,1.156300550213751,0.0
6965,1.12516046444268,0.0,1.1460086869815833,0.0,1.1560499400520696,0.0
6966,1.1254411053507156,0.0,1.1475674626105188,0.0,1.1575767901424105,0.0
6967,1.1250942234196553,0.0,1.1420539169040658,0.0,1.153066459239253,0.0
6968,1.124729284755945,0.0,1.1402924294333887,0.0,1.1508190776958205,0.0
6969,1.1244242493354024,0.0,1.139453993150493,0.0,1.149143672489727,0.0
6970,1.1241927267099525,0.0,1.1390381575706394,0.0,1.1487171933755544,0.0
6971,1.1239803816077012,0.0,1.138821362049189,0.0,1.1484142946276026,0.0
6972,1.1235788555374717,0.0,1.138433565470985,0.0,1.1474134269444762,0.0
6973,1.1232176500258806,0.0,1.1376931334128344,0.0,1.146427656120635,0.0
6974,1.1229357850160493,0.0,1.1373822478407236,0.0,1.1460990571568812,0.0
6975,1.1226891911955528,0.0,1.1367311406148888,0.0,1.1455039248415897,0.0
6976,1.1225360538885356,0.0,1.1362295478620748,0.0,1.1451940559793476,0.0
6977,1.122345752388183,0.0,1.1357085729003085,0.0,1.1446715586969878,0.0
6978,1.1223970346007235,0.0,1.1351585173072485,0.0,1.144382599017573,0.0
6979,1.1238217556848493,0.0,1.1431614456972436,0.0,1.1532178158697202,0.0
6980,1.1241741456913381,0.0,1.1428331237125804,0.0,1.1529201955738626,0.0
6981,1.1244106402086431,0.0,1.1443909659185039,0.0,1.1545414851758495,0.0
6982,1.1245434043331533,0.0,1.1442626930998674,0.0,1.1545069812295905,0.0
6983,1.1246533833985126,0.0,1.1448033032011649,0.0,1.1548501331195342,0.0
6984,1.1247398719232853,0.0,1.1451085073208378,0.0,1.1551555787923755,0.0
6985,1.1248178555703072,0.0,1.145638508486401,0.0,1.1556844095538452,0.0
6986,1.1248791390371693,0.0,1.145556460171954,0.0,1.155600114463773,0.0
6987,1.1249374790188442,0.0,1.145744836417897,0.0,1.15578577345671,0.0
6988,1.124993041152373,0.0,1.1459123337099413,0.0,1.1559517696721902,0.0
6989,1.1250382418087512,0.0,1.1457225636552193,0.0,1.1557590066531032,0.0
6990,1.1252342432935416,0.0,1.1470524573779697,0.0,1.157065495411093,0.0
6991,1.1249090478126635,0.0,1.1418701192074585,0.0,1.1529495928032845,0.0
6992,1.1245673426580476,0.0,1.1403332629189562,0.0,1.1509875583473033,0.0
6993,1.1242518125232135,0.0,1.1392025789669094,0.0,1.1489299653815628,0.0
6994,1.1239969184720056,0.0,1.138758562991267,0.0,1.1484004960047902,0.0
6995,1.1237350653869937,0.0,1.138512777457825,0.0,1.1479662491732963,0.0
6996,1.1234018637023178,0.0,1.1381415716132144,0.0,1.1472106351861533,0.0
6997,1.1230518036238148,0.0,1.1374059745644427,0.0,1.1462161902415866,0.0
6998,1.1227398256485095,0.0,1.1371174786389118,0.0,1.1457996894415943,0.0
6999,1.1224622070468842,0.0,1.1364594980883427,0.0,1.145148044324056,0.0
7000,1.1222098880233478,0.0,1.1359166119451551,0.0,1.1446344162596003,0.0
7001,1.1220195685681738,0.0,1.1353583204950588,0.0,1.1441494236488523,0.0
7002,1.1221257708144439,0.0,1.1348105196337754,0.0,1.143979392087391,0.0
7003,1.1236500880877391,0.0,1.1428609277988322,0.0,1.1528962339295301,0.0
7004,1.1240340432580027,0.0,1.1426668076478794,0.0,1.1527508347842987,0.0
7005,1.124291261111896,0.0,1.144212434659978,0.0,1.1544188530037682,0.0
7006,1.1244394476583308,0.0,1.144149721698587,0.0,1.1544567768250906,0.0
7007,1.1245588385222676,0.0,1.1446466932390456,0.0,1.154690448177578,0.0
7008,1.124652245672948,0.0,1.1449351926629547,0.0,1.1549777548633857,0.0
7009,1.124735138501187,0.0,1.1454482486441508,0.0,1.1554928562012234,0.0
7010,1.1247991229448844,0.0,1.1453574814453626,0.0,1.1553991398113732,0.0
7011,1.124859570514687,0.0,1.1455468707253944,0.0,1.1555888981106381,0.0
7012,1.1249154280470919,0.0,1.145712337359618,0.0,1.1557521933041464,0.0
7013,1.1249599588035268,0.0,1.1455174789466447,0.0,1.1555566750615631,0.0
7014,1.1251171160962585,0.0,1.1468082574736023,0.0,1.156823995255463,0.0
7015,1.1247456940881102,0.0,1.1411381653730468,0.0,1.152073819476267,0.0
7016,1.1244001708384461,0.0,1.1397005201302064,0.0,1.1502301971934001,0.0
7017,1.1240748217188425,0.0,1.1388089896443365,0.0,1.1484609984430858,0.0
7018,1.1238127129465512,0.0,1.138422122321335,0.0,1.1479621291126763,0.0
7019,1.1235289784900013,0.0,1.1381508826336089,0.0,1.1474796452978553,0.0
7020,1.1231490315414059,0.0,1.1377799174002552,0.0,1.1466326095183794,0.0
7021,1.12277238445892,0.0,1.1369891197683744,0.0,1.1456175242000255,0.0
7022,1.1224307551706905,0.0,1.136720389046078,0.0,1.1452284338437337,0.0
7023,1.1220395068625826,0.0,1.136040714773459,0.0,1.1444671259373431,0.0
7024,1.1216367956765203,0.0,1.1354509349644262,0.0,1.1437720757039431,0.0
7025,1.121403473784221,0.0,1.1349316363428008,0.0,1.1432837175651924,0.0
7026,1.1215682767254682,0.0,1.1342446433751026,0.0,1.143166474112748,0.0
7027,1.1233342937776936,0.0,1.1422827316397517,0.0,1.152110327497432,0.0
7028,1.1237764889578012,0.0,1.1419360197418966,0.0,1.1520201367212415,0.0
7029,1.1240649191852916,0.0,1.143484005117104,0.0,1.1535873197949387,0.0
7030,1.1242277104183334,0.0,1.1432707444944288,0.0,1.1533418280657255,0.0
7031,1.1243652470048289,0.0,1.1438906326043643,0.0,1.1539509867344826,0.0
7032,1.124468345765039,0.0,1.1442270849469494,0.0,1.1542932656344544,0.0
7033,1.1245583900555305,0.0,1.1450196609034646,0.0,1.1550939878510351,0.0
7034,1.124625736122922,0.0,1.1448062209372991,0.0,1.1548776473647577,0.0
7035,1.1246885824467263,0.0,1.1450391430961546,0.0,1.155109383650268,0.0
7036,1.1247466375252837,0.0,1.1452348247479855,0.0,1.155303944025746,0.0
7037,1.1247940650687445,0.0,1.144950640763543,0.0,1.1550142135509813,0.0
7038,1.1248469895243272,0.0,1.1450194805300586,0.0,1.1550945748847679,0.0
7039,1.1248297510837608,0.0,1.1426351705411495,0.0,1.1530259662062714,0.0
7040,1.12495247918542,0.0,1.1454225897225403,0.0,1.1556619036279974,0.0
7041,1.1247349290869242,0.0,1.1405383590655858,0.0,1.150585398206837,0.0
7042,1.1245962521440298,0.0,1.1399910405634393,0.0,1.1500425984964016,0.0
7043,1.1244219585032231,0.0,1.1394529781579128,0.0,1.1494937279958664,0.0
7044,1.1242887222059954,0.0,1.1389499930893199,0.0,1.14899730033123,0.0
7045,1.1241756931195268,0.0,1.13854654789314,0.0,1.1485838869732918,0.0
7046,1.1240713780436589,0.0,1.1382601653293234,0.0,1.1482572004682314,0.0
7047,1.1239640411882303,0.0,1.137964540567385,0.0,1.147939489261169,0.0
7048,1.1244502720826057,0.0,1.142342831344677,0.0,1.1523860099843943,0.0
7049,1.124521776201795,0.0,1.141681893258458,0.0,1.151733564428009,0.0
7050,1.1246557289588857,0.0,1.1428620350259475,0.0,1.1529066409459643,0.0
7051,1.1247352288092676,0.0,1.1427399649600263,0.0,1.152790905869541,0.0
7052,1.124785565721386,0.0,1.1428929990916346,0.0,1.152944333566088,0.0
7053,1.1248563234313995,0.0,1.1441436153150533,0.0,1.1542035795722079,0.0
7054,1.124890935556487,0.0,1.144122707206853,0.0,1.1541965110324235,0.0
7055,1.1249302385534576,0.0,1.1446602656818607,0.0,1.1547172338473783,0.0
7056,1.1249551483171725,0.0,1.144888205210816,0.0,1.1549505443108046,0.0
7057,1.1249822519475952,0.0,1.1455173075963982,0.0,1.1555772258479518,0.0
7058,1.1250011357171443,0.0,1.1452889503152999,0.0,1.1553456754612461,0.0
7059,1.1250247915971126,0.0,1.1454903784744415,0.0,1.155546006413437,0.0
7060,1.1250500116588906,0.0,1.145663333119584,0.0,1.1557139819783804,0.0
7061,1.1250692830292879,0.0,1.145441364532771,0.0,1.1554895427176841,0.0
7062,1.1250974952287236,0.0,1.1454964964832701,0.0,1.1555516037391182,0.0
7063,1.1250623325943325,0.0,1.1432521146332977,0.0,1.1532798256995398,0.0
7064,1.1250403485384965,0.0,1.1428299362536112,0.0,1.152855206493428,0.0
7065,1.1250357454334634,0.0,1.1430989722516154,0.0,1.1531220465526049,0.0
7066,1.1250436650740934,0.0,1.1434606221919528,0.0,1.1534812270743287,0.0
7067,1.125048880428526,0.0,1.1436725532321719,0.0,1.1536921600052978,0.0
7068,1.1250380192877323,0.0,1.1434897503020227,0.0,1.1535142610234865,0.0
7069,1.1250400587255998,0.0,1.1435450286577533,0.0,1.1535697971423633,0.0
7070,1.125034107741781,0.0,1.143441971142196,0.0,1.153473403832094,0.0
7071,1.1250256268601868,0.0,1.1433332197221031,0.0,1.1533587995561505,0.0
7072,1.1250341977091218,0.0,1.1434788611438955,0.0,1.153498595359529,0.0
7073,1.1250363396355842,0.0,1.1434568171492534,0.0,1.1534769875756319,0.0
7074,1.1251017435557857,0.0,1.1444888591303246,0.0,1.1545128113792855,0.0
7075,1.1251360940437962,0.0,1.144531952807238,0.0,1.1545626120233885,0.0
7076,1.125158277315194,0.0,1.1447136348403204,0.0,1.1547446899867868,0.0
7077,1.125201333722592,0.0,1.1458499646121536,0.0,1.1558827537656218,0.0
7078,1.1252206045828697,0.0,1.1459726817248699,0.0,1.1560191371996729,0.0
7079,1.1252482994732977,0.0,1.1463593536291266,0.0,1.1563968028201836,0.0
7080,1.1252708517345864,0.0,1.1464962698273544,0.0,1.1566076386505058,0.0
7081,1.1252903556553935,0.0,1.1465486601919102,0.0,1.156726211439865,0.0
7082,1.1253147027770771,0.0,1.14658263823277,0.0,1.1568202884621352,0.0
7083,1.1253397673724383,0.0,1.1466238714615147,0.0,1.156898056888619,0.0
7084,1.1253656252753144,0.0,1.1466646653235464,0.0,1.1569498602417045,0.0
7085,1.1253766244463397,0.0,1.1464710144911265,0.0,1.156842023409139,0.0
7086,1.1263374036073412,0.0,1.148384255108975,0.0,1.1584248866969784,0.0
7087,1.126173272904492,0.0,1.1468259268560241,0.0,1.157870877667055,0.0
7088,1.1258360657406687,0.0,1.1452147016392005,0.0,1.156588094326808,0.0
7089,1.1255416976835464,0.0,1.1437660817035464,0.0,1.1543104068201413,0.0
7090,1.1253250417711438,0.0,1.142645347153265,0.0,1.1528604118517032,0.0
7091,1.12513256986449,0.0,1.141907778104887,0.0,1.1519376258957388,0.0
7092,1.1248909543388736,0.0,1.1413436992798907,0.0,1.1509468992395517,0.0
7093,1.1246130262686367,0.0,1.1405281328405004,0.0,1.1497503896969774,0.0
7094,1.1243874519759967,0.0,1.1402862097815645,0.0,1.1494317527279143,0.0
7095,1.1242327839770068,0.0,1.1395753683243803,0.0,1.1489920622979108,0.0
7096,1.1240550639614997,0.0,1.1389926120159173,0.0,1.1484748146387533,0.0
7097,1.1238681691176131,0.0,1.1383888545885934,0.0,1.1478374332967602,0.0
7098,1.1238182352723185,0.0,1.1380263780918196,0.0,1.1473719458886065,0.0
7099,1.1246160365512097,0.0,1.1445522334887712,0.0,1.1548473142692122,0.0
7100,1.1248038491844468,0.0,1.1442288076611775,0.0,1.154597443977168,0.0
7101,1.12494863692755,0.0,1.1452034580757824,0.0,1.1558601723742277,0.0
7102,1.1250177086777764,0.0,1.1451004501168958,0.0,1.1558733635978655,0.0
7103,1.1250538816619777,0.0,1.1455517858240258,0.0,1.1555880015022253,0.0
7104,1.1250923061910187,0.0,1.1458193694495833,0.0,1.155856515122361,0.0
7105,1.1251312730093377,0.0,1.1462171528740317,0.0,1.1562532838162103,0.0
7106,1.1251629067298694,0.0,1.1461999363842075,0.0,1.156235374052718,0.0
7107,1.125193428260308,0.0,1.1462859205253992,0.0,1.1563182522593227,0.0
7108,1.1252240864195333,0.0,1.1463516976501478,0.0,1.1563824043452815,0.0
7109,1.125247514355085,0.0,1.1462336499905592,0.0,1.1562643345892945,0.0
7110,1.1257645741900546,0.0,1.1479029946319221,0.0,1.1579083195575748,0.0
7111,1.1255325304084909,0.0,1.1445157547498876,0.0,1.1560315937943477,0.0
7112,1.125190713225389,0.0,1.1424795129805831,0.0,1.1534723515354384,0.0
7113,1.1248633799346797,0.0,1.140718004443154,0.0,1.1507339753078305,0.0
7114,1.1246229524299465,0.0,1.1401973593551202,0.0,1.1500331010587261,0.0
7115,1.124403410252306,0.0,1.1398376696347248,0.0,1.149644173362421,0.0
7116,1.1241549356161937,0.0,1.1395253168203123,0.0,1.1490354600777548,0.0
7117,1.1238733373883552,0.0,1.1388504649398759,0.0,1.1480798451651915,0.0
7118,1.123653745030607,0.0,1.1386667495894978,0.0,1.1478317115613172,0.0
7119,1.1235382697573046,0.0,1.1380810745512107,0.0,1.1475398194169228,0.0
7120,1.1234032653619486,0.0,1.1376343198783807,0.0,1.1471810214797942,0.0
7121,1.123244113267958,0.0,1.1371391275105964,0.0,1.1466458404478308,0.0
7122,1.1232025759444677,0.0,1.1368100987810486,0.0,1.1461800223600696,0.0
7123,1.1242670921592233,0.0,1.1442475467323656,0.0,1.1544453311511906,0.0
7124,1.124530409058485,0.0,1.1439782684299638,0.0,1.1542682394486294,0.0
7125,1.1247220063913186,0.0,1.1450160381732557,0.0,1.1556270754311113,0.0
7126,1.1248274577933461,0.0,1.144956071572992,0.0,1.1556994980572972,0.0
7127,1.124893720723251,0.0,1.1454338079822937,0.0,1.1554684433295384,0.0
7128,1.1249540032425793,0.0,1.1456903199656914,0.0,1.1557258756942117,0.0
7129,1.1250103140811925,0.0,1.1460664466110622,0.0,1.1561013719792566,0.0
7130,1.1250566073556694,0.0,1.1460593917631414,0.0,1.1560939056508304,0.0
7131,1.1251005980437812,0.0,1.1461598044710308,0.0,1.1561913753827864,0.0
7132,1.1251427569012438,0.0,1.1462478481167757,0.0,1.156277809743982,0.0
7133,1.125175551639241,0.0,1.1461457232844696,0.0,1.1561760627019215,0.0
7134,1.1255429773695744,0.0,1.1475897344284507,0.0,1.1575970184177509,0.0
7135,1.1252600503848866,0.0,1.1432956374441852,0.0,1.154658198154077,0.0
7136,1.1248881206591228,0.0,1.1414451742842378,0.0,1.1523194906048675,0.0
7137,1.124569490028519,0.0,1.1398318598766362,0.0,1.1497734014649044,0.0
7138,1.1243210381121906,0.0,1.1394663194768546,0.0,1.1492354224598742,0.0
7139,1.124095306948435,0.0,1.139131490034736,0.0,1.148860272923046,0.0
7140,1.123780712170829,0.0,1.1387765103601104,0.0,1.1480648705346828,0.0
7141,1.1234140493095113,0.0,1.1380847487332932,0.0,1.1469496606538268,0.0
7142,1.1230777857896725,0.0,1.1377579487595493,0.0,1.146438358690943,0.0
7143,1.1227788287667424,0.0,1.1370554250331184,0.0,1.1457161587280542,0.0
7144,1.1224860039614495,0.0,1.1364587000812167,0.0,1.1450895824087712,0.0
7145,1.122262640789126,0.0,1.1358684696255044,0.0,1.144572740770086,0.0
7146,1.1223727441989668,0.0,1.1352457689258624,0.0,1.1443900047007973,0.0
7147,1.1238045348266008,0.0,1.1431461699194922,0.0,1.1532117771715718,0.0
7148,1.1241565401167197,0.0,1.1427866394020432,0.0,1.1528755584328583,0.0
7149,1.1243918125491033,0.0,1.1443786608818955,0.0,1.1545134606731582,0.0
7150,1.1245220098251096,0.0,1.1442453983509089,0.0,1.1544498092310613,0.0
7151,1.1246302043749183,0.0,1.1448090827537594,0.0,1.1548574023031857,0.0
7152,1.124715328294117,0.0,1.1451242742030134,0.0,1.155172438802711,0.0
7153,1.1247928584765836,0.0,1.1456726498828333,0.0,1.1557190017126913,0.0
7154,1.1248534046865544,0.0,1.1455807348392093,0.0,1.1556249150690072,0.0
7155,1.124910522920207,0.0,1.1457571348717208,0.0,1.1557984276294853,0.0
7156,1.1249644780829373,0.0,1.1459218312200268,0.0,1.1559618377964087,0.0
7157,1.1250073538986716,0.0,1.145719181274551,0.0,1.1557563310121701,0.0
7158,1.1252088283323347,0.0,1.1470678932346494,0.0,1.1570807498017277,0.0
7159,1.1248645033808395,0.0,1.141712732803723,0.0,1.1527654786497503,0.0
7160,1.1245168465853113,0.0,1.1401580130191458,0.0,1.150774580247028,0.0
7161,1.1241903299334122,0.0,1.139046630326441,0.0,1.148759951304032,0.0
7162,1.1239247382465163,0.0,1.138609398568354,0.0,1.1482126873709564,0.0
7163,1.123626447891918,0.0,1.1384063844038905,0.0,1.147695677545825,0.0
7164,1.1232753477195019,0.0,1.1380219870683979,0.0,1.146934540374425,0.0
7165,1.1229212216960853,0.0,1.1372697944081254,0.0,1.1459635393578058,0.0
7166,1.122600201129599,0.0,1.1369696440198394,0.0,1.1455434306750802,0.0
7167,1.1222952823219834,0.0,1.1362960428337323,0.0,1.1448752485189182,0.0
7168,1.1220016165444309,0.0,1.1357632514061327,0.0,1.14435156974535,0.0
7169,1.1217460204341831,0.0,1.1351934315287977,0.0,1.1437715563862496,0.0
7170,1.1218764006427984,0.0,1.1346199053925612,0.0,1.1435893678748001,0.0
7171,1.123522681456332,0.0,1.1428427541629338,0.0,1.1528556198563997,0.0
7172,1.1239333129345106,0.0,1.142574738474567,0.0,1.1526607208197255,0.0
7173,1.1242039533059163,0.0,1.1441358703349334,0.0,1.1543574288127953,0.0
7174,1.1243591578283656,0.0,1.1440535910243401,0.0,1.15435664049792,0.0
7175,1.124483502955792,0.0,1.1445531880740654,0.0,1.1545984726828347,0.0
7176,1.124579208229857,0.0,1.144828657782054,0.0,1.1548762967271027,0.0
7177,1.1246638964353342,0.0,1.145384623086735,0.0,1.1554330557610093,0.0
7178,1.1247272255339646,0.0,1.1452484624784847,0.0,1.1552975030722312,0.0
7179,1.1247851617141025,0.0,1.1454142707969022,0.0,1.1554628400207327,0.0
7180,1.1248375311269525,0.0,1.1455573051642756,0.0,1.1556076374073319,0.0
7181,1.1248799598405435,0.0,1.1453110784196783,0.0,1.1553587519706836,0.0
7182,1.124999853788569,0.0,1.146602281831996,0.0,1.1566242696645535,0.0
7183,1.1245878896962394,0.0,1.1400863518603315,0.0,1.1507120296158584,0.0
7184,1.1242421809014727,0.0,1.1389487307547241,0.0,1.1492934581529914,0.0
7185,1.1239284357407726,0.0,1.1384759439824443,0.0,1.1480664441429904,0.0
7186,1.1236827824551234,0.0,1.1380188042588728,0.0,1.147608071115888,0.0
7187,1.1233980621845685,0.0,1.1377453102640138,0.0,1.1471297755983738,0.0
7188,1.1229908178265327,0.0,1.1374013157375857,0.0,1.1462772474436829,0.0
7189,1.1225705768537375,0.0,1.1367190766177115,0.0,1.1453535260709997,0.0
7190,1.1221767539260683,0.0,1.1364130970017143,0.0,1.1449168079380663,0.0
7191,1.1218906946436755,0.0,1.1357076398800072,0.0,1.1443195714565237,0.0
7192,1.121670976409084,0.0,1.1352038163432532,0.0,1.1439043742380903,0.0
7193,1.1215899320046072,0.0,1.1348224581128714,0.0,1.1436475762946348,0.0
7194,1.1216306485263154,0.0,1.1342563918319102,0.0,1.1432920101611637,0.0
7195,1.1233262666408645,0.0,1.1422668890380943,0.0,1.1521707298743085,0.0
7196,1.123750913068773,0.0,1.1419291124037705,0.0,1.152012826170493,0.0
7197,1.124037192426897,0.0,1.1435662332241134,0.0,1.1536699640691306,0.0
7198,1.1242015924678102,0.0,1.1434633042881361,0.0,1.1535353577004785,0.0
7199,1.124341535550852,0.0,1.144146521100026,0.0,1.1542064082108738,0.0
7200,1.1244456034936439,0.0,1.144503244079705,0.0,1.1545677977557987,0.0
7201,1.124538282393081,0.0,1.145242158590626,0.0,1.1553065869965904,0.0
7202,1.1246101762097345,0.0,1.1450535666030248,0.0,1.1551140371330801,0.0
7203,1.1246781924575373,0.0,1.1452744685460317,0.0,1.155329498539799,0.0
7204,1.124741947603355,0.0,1.1454595838433692,0.0,1.1555126855110776,0.0
7205,1.1247952730671356,0.0,1.145271414932726,0.0,1.1553192845364149,0.0
7206,1.124854605383174,0.0,1.1453418265176993,0.0,1.155399349364876,0.0
7207,1.1248951681786756,0.0,1.1437487351702356,0.0,1.1548297631226114,0.0
7208,1.1250577366452863,0.0,1.1458969685461209,0.0,1.1564728242921127,0.0
7209,1.1248416540399615,0.0,1.141780640431616,0.0,1.1521411902553673,0.0
7210,1.1247188587975085,0.0,1.1411998327230837,0.0,1.1515310119379263,0.0
7211,1.1245604420143522,0.0,1.140526030009015,0.0,1.1507331518984878,0.0
7212,1.1244417359032206,0.0,1.1399820655657693,0.0,1.1500761533015849,0.0
7213,1.1243748715059039,0.0,1.1399809981682079,0.0,1.1501749280882425,0.0
7214,1.1242798360260995,0.0,1.1395184115162267,0.0,1.1496263986928543,0.0
7215,1.124188098061156,0.0,1.1391504919044315,0.0,1.149240991476136,0.0
7216,1.124615464587698,0.0,1.1435217713161414,0.0,1.153701330830254,0.0
7217,1.124668090195983,0.0,1.1427030074248419,0.0,1.1529239963701154,0.0
7218,1.124798764376722,0.0,1.1438917278318765,0.0,1.154347747159275,0.0
7219,1.1248569533034536,0.0,1.1437610379437542,0.0,1.1538036816258532,0.0
7220,1.124900209398204,0.0,1.143926616644373,0.0,1.1539685631162306,0.0
7221,1.1249626823767043,0.0,1.1449695909026036,0.0,1.155014997213303,0.0
7222,1.124995892323811,0.0,1.14503686888749,0.0,1.1550898085445775,0.0
7223,1.1250359105462808,0.0,1.1455127001289906,0.0,1.155548914948991,0.0
7224,1.1250658122907224,0.0,1.1457827407974461,0.0,1.1558192521622985,0.0
7225,1.1250977821854313,0.0,1.1461849106242452,0.0,1.156215925167119,0.0
7226,1.1251261111344302,0.0,1.1461980879738305,0.0,1.1562273125274258,0.0
7227,1.12515743476301,0.0,1.1463323677866344,0.0,1.156358914739451,0.0
7228,1.1251924713403514,0.0,1.1464029685693005,0.0,1.1564837652273054,0.0
7229,1.1252264640206169,0.0,1.1463080875815916,0.0,1.1565249290395865,0.0
7230,1.1252696341624422,0.0,1.1463159956511662,0.0,1.1565861808883222,0.0
7231,1.1252643547044205,0.0,1.144970058770253,0.0,1.1553557856251575,0.0
7232,1.1252491599493908,0.0,1.1444679336246693,0.0,1.1548567887828947,0.0
7233,1.1252314647267354,0.0,1.1443511146507261,0.0,1.1545827966092332,0.0
7234,1.1252098982833318,0.0,1.1442650126557623,0.0,1.15441123956565,0.0
7235,1.1251927841031082,0.0,1.1442549216046014,0.0,1.1543657613993779,0.0
7236,1.12516238098982,0.0,1.1439737633501683,0.0,1.154068153082787,0.0
7237,1.1251365112948162,0.0,1.143782905144748,0.0,1.1538335572990144,0.0
7238,1.1251039855313303,0.0,1.1434741071439907,0.0,1.1535092069247035,0.0
7239,1.1250767272649076,0.0,1.1432749098004937,0.0,1.153300514771637,0.0
7240,1.1250524790620098,0.0,1.1430939827442907,0.0,1.153114104650692,0.0
7241,1.1250396581110622,0.0,1.1430704708827362,0.0,1.1530931888459648,0.0
7242,1.1251102183126018,0.0,1.1442630221851129,0.0,1.1543445245938824,0.0
7243,1.125155508779029,0.0,1.1445488494270695,0.0,1.15471876007695,0.0
7244,1.1251862498696235,0.0,1.144841950200723,0.0,1.1550574657149832,0.0
7245,1.125241155350657,0.0,1.1459464085650224,0.0,1.1562842328121874,0.0
7246,1.1252710415919376,0.0,1.146049853507981,0.0,1.1564074270845808,0.0
7247,1.1253123955776774,0.0,1.1462835496410986,0.0,1.1566887007360247,0.0
7248,1.1253362667292297,0.0,1.1464391021170315,0.0,1.156802723644114,0.0
7249,1.1253553334088884,0.0,1.146501254411843,0.0,1.156899515514836,0.0
7250,1.1253742386459562,0.0,1.1465753187347971,0.0,1.1569338741902773,0.0
7251,1.1254000845701138,0.0,1.1465847460016554,0.0,1.1570136765829853,0.0
7252,1.1254198764549546,0.0,1.1466479787683077,0.0,1.157027718181862,0.0
7253,1.125425560785955,0.0,1.146434899701751,0.0,1.1569433769130548,0.0
7254,1.1264129863287444,0.0,1.148428002286178,0.0,1.1584743531684634,0.0
7255,1.1262728471783632,0.0,1.1469079971939982,0.0,1.1579778740393152,0.0
7256,1.125914663367828,0.0,1.145388573158067,0.0,1.1568102292466493,0.0
7257,1.1256525511621727,0.0,1.1443115274084348,0.0,1.1551775769260002,0.0
7258,1.125464086849431,0.0,1.1434905199481948,0.0,1.1540945574243997,0.0
7259,1.125300283983417,0.0,1.142886650529981,0.0,1.153238459362778,0.0
7260,1.1251242380156137,0.0,1.1421053683555584,0.0,1.1522027181965673,0.0
7261,1.1249382512688606,0.0,1.141121868338274,0.0,1.151093810199521,0.0
7262,1.1247434080490797,0.0,1.140904573690933,0.0,1.1506616265562684,0.0
7263,1.1245563416519775,0.0,1.1401893540929773,0.0,1.149963477778674,0.0
7264,1.124345737599562,0.0,1.1395000197039886,0.0,1.1492358007519192,0.0
7265,1.1241303062742358,0.0,1.138875928859136,0.0,1.1484680115456651,0.0
7266,1.1240351740066383,0.0,1.1384333255551546,0.0,1.1478390118455348,0.0
7267,1.1247554812187885,0.0,1.1447184772711958,0.0,1.155141500804878,0.0
7268,1.1249156773063784,0.0,1.1443767878613353,0.0,1.1548292866774572,0.0
7269,1.125039618771179,0.0,1.1452701999541741,0.0,1.1559849125385258,0.0
7270,1.1250881118168043,0.0,1.145126540186681,0.0,1.1559052456300019,0.0
7271,1.125108452128697,0.0,1.1455213721439945,0.0,1.1555626515537105,0.0
7272,1.1251322246546132,0.0,1.1457557504939524,0.0,1.1557973836585158,0.0
7273,1.1251582627381478,0.0,1.1461910449261334,0.0,1.1562357122836673,0.0
7274,1.1251790071280923,0.0,1.1461177155967284,0.0,1.1561595115167482,0.0
7275,1.1252031610338038,0.0,1.1462831551689965,0.0,1.1563246940086973,0.0
7276,1.125233925633123,0.0,1.1464555986249942,0.0,1.156490882948749,0.0
7277,1.1252569588676635,0.0,1.1463917294764274,0.0,1.1564270953746107,0.0
7278,1.1257290960462123,0.0,1.1479098581176865,0.0,1.157915589275019,0.0
7279,1.1254678848029853,0.0,1.1441968214738103,0.0,1.1556374579644562,0.0
7280,1.1251481552196039,0.0,1.1422558101560996,0.0,1.1531921153960694,0.0
7281,1.124881247262643,0.0,1.1410063717483938,0.0,1.151190162509271,0.0
7282,1.1246869360183172,0.0,1.140421085548734,0.0,1.1504054619302815,0.0
7283,1.1245283516467568,0.0,1.140305953447091,0.0,1.1502324884110537,0.0
7284,1.1243550531829183,0.0,1.1400580628323511,0.0,1.1498541754738905,0.0
7285,1.1241830510534878,0.0,1.1394855938334252,0.0,1.1492166819311262,0.0
7286,1.1240382716329527,0.0,1.1394950802416028,0.0,1.149141323602463,0.0
7287,1.1239080817449925,0.0,1.1390643423248221,0.0,1.1487550626159038,0.0
7288,1.1237839893116146,0.0,1.1387483134620182,0.0,1.1484373458448731,0.0
7289,1.12364525285103,0.0,1.1383314425805924,0.0,1.147940316498149,0.0
7290,1.123611089290179,0.0,1.1378930068928506,0.0,1.1474407422760604,0.0
7291,1.1245236653855935,0.0,1.1447227999769407,0.0,1.155487380059679,0.0
7292,1.124758501205495,0.0,1.144600284411871,0.0,1.155352823224684,0.0
7293,1.1249361746069348,0.0,1.1453699841524285,0.0,1.1563014513108754,0.0
7294,1.1250275645582264,0.0,1.1453571667001177,0.0,1.1563422753415857,0.0
7295,1.1250563862670044,0.0,1.1458987035330148,0.0,1.1559285141157918,0.0
7296,1.1250985631598738,0.0,1.1460620603667795,0.0,1.1560918482130829,0.0
7297,1.1251393697909293,0.0,1.1462597158378867,0.0,1.1562873156693316,0.0
7298,1.125172043400499,0.0,1.1462775457232113,0.0,1.1563064867975816,0.0
7299,1.1252019966294173,0.0,1.1463628315956362,0.0,1.1563909704558712,0.0
7300,1.1252316454169868,0.0,1.1464565078105262,0.0,1.156484663604741,0.0
7301,1.1252520761250915,0.0,1.1463453742332024,0.0,1.1563747844667875,0.0
7302,1.1256264225096653,0.0,1.147691498986137,0.0,1.157698540091254,0.0
7303,1.125337773839011,0.0,1.1434405580993312,0.0,1.1548100561232135,0.0
7304,1.1249720447014853,0.0,1.1415790358148765,0.0,1.15245470975771,0.0
7305,1.124663181645329,0.0,1.1400270235792793,0.0,1.1499918176517034,0.0
7306,1.1244220333285608,0.0,1.1396460511256634,0.0,1.1494459958110974,0.0
7307,1.1242169052309035,0.0,1.1393345774597103,0.0,1.1491404505973024,0.0
7308,1.1239295876292674,0.0,1.1389526522304279,0.0,1.1483890277392323,0.0
7309,1.1235958128038732,0.0,1.1383190646825363,0.0,1.1473439317763865,0.0
7310,1.123293688747194,0.0,1.138071602356602,0.0,1.1469193287763095,0.0
7311,1.1231728132717664,0.0,1.1373722958623005,0.0,1.1466003457352174,0.0
7312,1.1230461876784714,0.0,1.136896475451813,0.0,1.146289849001336,0.0
7313,1.1229244100437517,0.0,1.1363881803265932,0.0,1.1458685594512046,0.0
7314,1.122892842373127,0.0,1.1359987957194417,0.0,1.1453741716010364,0.0
7315,1.124082039831243,0.0,1.1439419897143974,0.0,1.1540368823424023,0.0
7316,1.1243727555643301,0.0,1.1435386562716945,0.0,1.15362369343648,0.0
7317,1.124575295115694,0.0,1.1449192350474833,0.0,1.1551779775767572,0.0
7318,1.1246870013514039,0.0,1.1447816874903038,0.0,1.155193149802623,0.0
7319,1.124774163194692,0.0,1.1452675828624936,0.0,1.155311779061836,0.0
7320,1.1248435337026914,0.0,1.1455353283984373,0.0,1.1555788349541058,0.0
7321,1.1249077621170254,0.0,1.1459847838612747,0.0,1.1560293171210578,0.0
7322,1.1249605448122582,0.0,1.1459420117082233,0.0,1.155982885772354,0.0
7323,1.125010164294038,0.0,1.1461037065686779,0.0,1.1561442148753378,0.0
7324,1.1250584529632917,0.0,1.1462402625503583,0.0,1.1562774060165528,0.0
7325,1.1250966721202995,0.0,1.1460265323862642,0.0,1.1560627771064012,0.0
7326,1.1253257180064076,0.0,1.147253639908878,0.0,1.1572646169008083,0.0
7327,1.1249958778936586,0.0,1.1421372597901178,0.0,1.1532516445346845,0.0
7328,1.1246581648933063,0.0,1.1406185667889353,0.0,1.1513062395414615,0.0
7329,1.1243639841033908,0.0,1.1394803446657111,0.0,1.149289418765645,0.0
7330,1.124137093668203,0.0,1.1391261167190154,0.0,1.148853842491853,0.0
7331,1.123915596049261,0.0,1.1387901805765899,0.0,1.1484881489486292,0.0
7332,1.1236437761180775,0.0,1.138477057561666,0.0,1.1478517789086622,0.0
7333,1.1233549377159282,0.0,1.1378009528762945,0.0,1.1469536938454468,0.0
7334,1.123065937931853,0.0,1.1375915169564002,0.0,1.1465472599407767,0.0
7335,1.1227725086828926,0.0,1.1369494879053552,0.0,1.1458017168477659,0.0
7336,1.1226391247131962,0.0,1.1364264699557631,0.0,1.1455442373523512,0.0
7337,1.1224936830756835,0.0,1.135868667900215,0.0,1.145084087666821,0.0
7338,1.1225183302733697,0.0,1.1353741603963212,0.0,1.1447100233053968,0.0
7339,1.1238541103500301,0.0,1.1433086045727427,0.0,1.153399847836097,0.0
7340,1.1241845454298376,0.0,1.1429924468573245,0.0,1.1530785710684686,0.0
7341,1.1244070820927698,0.0,1.1444724078455983,0.0,1.1545777464865843,0.0
7342,1.1245274843285822,0.0,1.1442620858568464,0.0,1.1543555569302035,0.0
7343,1.1246296248924854,0.0,1.144766303693372,0.0,1.1548166197766265,0.0
7344,1.12470847232028,0.0,1.1450656055395,0.0,1.1551186624046363,0.0
7345,1.124781669840587,0.0,1.1456601180455794,0.0,1.15571177312393,0.0
7346,1.1248380863513616,0.0,1.1455433823026402,0.0,1.1555933932170126,0.0
7347,1.1248898042634103,0.0,1.1457068798707024,0.0,1.1557548607567751,0.0
7348,1.1249375767423808,0.0,1.145845913797523,0.0,1.1558938524252345,0.0
7349,1.1249738442246608,0.0,1.145581230994561,0.0,1.1556265457295982,0.0
7350,1.1250988822579715,0.0,1.1467971184980654,0.0,1.156817021864463,0.0
7351,1.1246942423414785,0.0,1.140311425927614,0.0,1.1509275173764508,0.0
7352,1.1243757435906945,0.0,1.13943693775166,0.0,1.1498904916382275,0.0
7353,1.124099515301303,0.0,1.1388739242100685,0.0,1.1485560929150198,0.0
7354,1.1239147474738402,0.0,1.138700109947436,0.0,1.1483692573359592,0.0
7355,1.123750720043697,0.0,1.138528143743273,0.0,1.14824024234053,0.0
7356,1.1235529866097504,0.0,1.1381457157264594,0.0,1.1477859127944017,0.0
7357,1.1233569901012608,0.0,1.1375675732260397,0.0,1.1471283555628788,0.0
7358,1.1232241461779122,0.0,1.1375635628437049,0.0,1.1471092363027602,0.0
7359,1.1229523584288077,0.0,1.137031146049101,0.0,1.1462634526255557,0.0
7360,1.1225040920435445,0.0,1.1362992579733708,0.0,1.1451958911763904,0.0
7361,1.1221715727146369,0.0,1.135650817883692,0.0,1.1444286555669827,0.0
7362,1.1222829856630534,0.0,1.1350631806786888,0.0,1.1442898410027675,0.0
7363,1.1237329043621846,0.0,1.1431427430038896,0.0,1.153214803576542,0.0
7364,1.1240920109633614,0.0,1.142920347287439,0.0,1.1530051297841053,0.0
7365,1.124329699716566,0.0,1.144368582705839,0.0,1.154531867891737,0.0
7366,1.124465330109929,0.0,1.1442656903684654,0.0,1.154517242229013,0.0
7367,1.1245786784311425,0.0,1.1447840033019192,0.0,1.1548285964186764,0.0
7368,1.124666615029934,0.0,1.1450715641034643,0.0,1.1551146920286508,0.0
7369,1.1247450720946184,0.0,1.1455709382103116,0.0,1.155615897748479,0.0
7370,1.1248070482793906,0.0,1.1455195273283678,0.0,1.15556074056098,0.0
7371,1.1248659775286878,0.0,1.1457229862420366,0.0,1.1557640482298654,0.0
7372,1.1249212216415703,0.0,1.145887717332866,0.0,1.1559255772689616,0.0
7373,1.1249689278308967,0.0,1.1457725142828181,0.0,1.155808763858216,0.0
7374,1.1250231423571173,0.0,1.1458486056732762,0.0,1.155891275201836,0.0
7375,1.125138881912137,0.0,1.144571379225843,0.0,1.1559304319874217,0.0
7376,1.125413372369478,0.0,1.1466006437516612,0.0,1.1571684641128281,0.0
7377,1.1251490100158739,0.0,1.143232522689741,0.0,1.1538128587994043,0.0
7378,1.124931203581406,0.0,1.1415981701205022,0.0,1.1518942984479523,0.0
7379,1.1246703455109808,0.0,1.1402905415893552,0.0,1.150206374817179,0.0
7380,1.1244150806365105,0.0,1.1400700428215942,0.0,1.149274898866051,0.0
7381,1.1241980014425255,0.0,1.1397709865621803,0.0,1.1486387611636035,0.0
7382,1.1239997511710873,0.0,1.139380219823925,0.0,1.1481090552473312,0.0
7383,1.123846558697046,0.0,1.138849086772025,0.0,1.147692513820002,0.0
7384,1.1243629135737392,0.0,1.1428498709797332,0.0,1.1512924795423536,0.0
7385,1.1244527225713161,0.0,1.1418763221853938,0.0,1.1510690228957114,0.0
7386,1.1246810781704717,0.0,1.1434040088733093,0.0,1.1536934614751693,0.0
7387,1.1247869596919244,0.0,1.1434974279697827,0.0,1.1535472793364672,0.0
7388,1.124842057143206,0.0,1.1434638274809064,0.0,1.1535116038898985,0.0
7389,1.1249172145895918,0.0,1.1446819560069061,0.0,1.1547339259819416,0.0
7390,1.1249572865574673,0.0,1.1447427163174324,0.0,1.1548017342660992,0.0
7391,1.1249997676759254,0.0,1.145206166036609,0.0,1.1552479162211662,0.0
7392,1.1250271174141824,0.0,1.145423819000464,0.0,1.1554646851081478,0.0
7393,1.1250562984109416,0.0,1.1458885595792612,0.0,1.1559273364050016,0.0
7394,1.1250797588022976,0.0,1.1458027220826021,0.0,1.1558384391330059,0.0
7395,1.125106509230129,0.0,1.145997717367816,0.0,1.1560340820641433,0.0
7396,1.1251347005365033,0.0,1.146167650593904,0.0,1.1562021689393744,0.0
7397,1.1251574708206906,0.0,1.1460356110859315,0.0,1.156069549927268,0.0
7398,1.1251887883807947,0.0,1.1461204209916882,0.0,1.15616265955982,0.0
7399,1.1251583483570968,0.0,1.1439825169757074,0.0,1.1540068222201827,0.0
7400,1.1251387713867955,0.0,1.1435386202992843,0.0,1.1535617630955743,0.0
7401,1.1251330530256534,0.0,1.1436862008810669,0.0,1.1537072500393175,0.0
7402,1.1251229090954087,0.0,1.1437391543385267,0.0,1.1537589965390862,0.0
7403,1.1250999738582728,0.0,1.1436250602643827,0.0,1.1536442272127982,0.0
7404,1.125067739612321,0.0,1.1432857998435468,0.0,1.1533118975778507,0.0
7405,1.1250406459197873,0.0,1.1430611524075889,0.0,1.1530824364338885,0.0
7406,1.1249899755210566,0.0,1.1425705029754774,0.0,1.1524831950796701,0.0
7407,1.1249521569623913,0.0,1.142231396935978,0.0,1.152179936324519,0.0
7408,1.1249285194979035,0.0,1.142063362239135,0.0,1.1520856095080865,0.0
7409,1.1249207605701954,0.0,1.142161734930016,0.0,1.1521851478166656,0.0
7410,1.125023785216572,0.0,1.143945187931083,0.0,1.1539742156057884,0.0
7411,1.125060930576508,0.0,1.143652769006902,0.0,1.1536885295301758,0.0
7412,1.1250885097842371,0.0,1.1439483610878611,0.0,1.15398339533444,0.0
7413,1.1251373314982418,0.0,1.1451516132321715,0.0,1.1551881149234666,0.0
7414,1.1251587255291824,0.0,1.1452257797235674,0.0,1.1552762533503642,0.0
7415,1.125187679471985,0.0,1.145736268356251,0.0,1.1557721843533089,0.0
7416,1.1252071421930352,0.0,1.1460427829620006,0.0,1.1560803054968616,0.0
7417,1.1252257475059149,0.0,1.1464678927605292,0.0,1.1565083225984292,0.0
7418,1.1252386700933221,0.0,1.146395234796538,0.0,1.1564362146563816,0.0
7419,1.1252532869818805,0.0,1.1465020050123087,0.0,1.1565387757598793,0.0
7420,1.1252680923480707,0.0,1.1465807315649055,0.0,1.1566197040766975,0.0
7421,1.1252838147687851,0.0,1.1466316575262492,0.0,1.1566908709575996,0.0
7422,1.1252902852974236,0.0,1.1464286100052832,0.0,1.1565359788588612,0.0
7423,1.126228668707351,0.0,1.1483800749722075,0.0,1.1583892058540308,0.0
7424,1.1259726072466636,0.0,1.146692692055908,0.0,1.1576816778833967,0.0
7425,1.125659973422796,0.0,1.1446769873296792,0.0,1.1559529748123978,0.0
7426,1.1254129930503458,0.0,1.1433292789151333,0.0,1.1537495595360885,0.0
7427,1.1252224374794715,0.0,1.1423194782585695,0.0,1.1524148993724568,0.0
7428,1.1250444206630457,0.0,1.1417714606782474,0.0,1.1517149209645867,0.0
7429,1.12486825658485,0.0,1.1413268547349427,0.0,1.1511163368412247,0.0
7430,1.1246853542917856,0.0,1.140573770523425,0.0,1.1502469177273702,0.0
7431,1.1245264426494017,0.0,1.1404588476058402,0.0,1.1500757197261302,0.0
7432,1.124372879242344,0.0,1.1398610764075385,0.0,1.149540764803035,0.0
7433,1.1242269603861228,0.0,1.13946061687696,0.0,1.1491414956222727,0.0
7434,1.1240730061678734,0.0,1.138999077146544,0.0,1.1485859622593029,0.0
7435,1.1240013961257806,0.0,1.1385081199040472,0.0,1.1479558316471643,0.0
7436,1.1247128191112243,0.0,1.1447510079347163,0.0,1.1553785905827199,0.0
7437,1.1248791056565373,0.0,1.1444459662850572,0.0,1.1550747908875354,0.0
7438,1.1250122241407532,0.0,1.1452749633984631,0.0,1.1561408731667258,0.0
7439,1.1250703572562555,0.0,1.1451796846176232,0.0,1.1561213735470233,0.0
7440,1.1250902653517563,0.0,1.1456648963536087,0.0,1.1557035958396198,0.0
7441,1.1251187105492173,0.0,1.1459254271665775,0.0,1.1559644711659114,0.0
7442,1.1251485870013385,0.0,1.1463479248057409,0.0,1.1563890582443197,0.0
7443,1.125172161515927,0.0,1.1463116252725198,0.0,1.1563511156389763,0.0
7444,1.1251962257718555,0.0,1.1464420683953978,0.0,1.1564816476514677,0.0
7445,1.1252195682383146,0.0,1.1465093285430406,0.0,1.1565460962520262,0.0
7446,1.125235387407283,0.0,1.1463279786441651,0.0,1.1563667072586226,0.0
7447,1.125707730695036,0.0,1.147919053697219,0.0,1.157924862471337,0.0
7448,1.1254244823521655,0.0,1.1440161446336679,0.0,1.1554337736668188,0.0
7449,1.1251042127091562,0.0,1.1420374795850763,0.0,1.1529169072016294,0.0
7450,1.1248339205310858,0.0,1.1406932650910175,0.0,1.1507631347385974,0.0
7451,1.1246342723881266,0.0,1.1402473448659372,0.0,1.1501462360270887,0.0
7452,1.124467537852279,0.0,1.1401246712843718,0.0,1.14999049798795,0.0
7453,1.1242948662059682,0.0,1.1398603062427013,0.0,1.1496267713829729,0.0
7454,1.124113909311903,0.0,1.1392458309430296,0.0,1.1489352774526922,0.0
7455,1.1239601553453349,0.0,1.13922319151902,0.0,1.1488385881045673,0.0
7456,1.1238252133341502,0.0,1.1387589418110833,0.0,1.1484298856130362,0.0
7457,1.1236952695989817,0.0,1.1384179794716751,0.0,1.1480912655862636,0.0
7458,1.1235441543858466,0.0,1.1379632671085653,0.0,1.1475424142019015,0.0
7459,1.12348581548134,0.0,1.1374836903425305,0.0,1.1469347602690048,0.0
7460,1.1244291049349628,0.0,1.1447370624262891,0.0,1.15526340449001,0.0
7461,1.124653823309213,0.0,1.144309977537954,0.0,1.1548352974009073,0.0
7462,1.1248223691099641,0.0,1.145250416229675,0.0,1.156031767282949,0.0
7463,1.1249061215443446,0.0,1.1451603287065102,0.0,1.156013018117489,0.0
7464,1.1249541009110318,0.0,1.145733178408167,0.0,1.155773260093455,0.0
7465,1.1249970552060193,0.0,1.145935911516912,0.0,1.1559776684022358,0.0
7466,1.1250354604972406,0.0,1.1462769251002927,0.0,1.1563219457683098,0.0
7467,1.1250681517563106,0.0,1.1462203827477817,0.0,1.156264300902106,0.0
7468,1.1251004295396019,0.0,1.1463698342672057,0.0,1.1564142966245832,0.0
7469,1.1251308880271207,0.0,1.1464920753795285,0.0,1.1565355446472725,0.0
7470,1.1251523180925436,0.0,1.146203861001434,0.0,1.1562470037207169,0.0
7471,1.1254343704019911,0.0,1.1475941358802153,0.0,1.1576034543479727,0.0
7472,1.1250746246276944,0.0,1.141974988417962,0.0,1.1529233225363567,0.0
7473,1.1247097846393277,0.0,1.1402165662368813,0.0,1.1506717935338266,0.0
7474,1.1244260882573907,0.0,1.139569887143114,0.0,1.1492757730756893,0.0
7475,1.1242278257560958,0.0,1.1392536432990363,0.0,1.148971721068781,0.0
7476,1.1240761256164715,0.0,1.1391704964444913,0.0,1.1489337883172859,0.0
7477,1.1239136810533656,0.0,1.1389434137326029,0.0,1.148640904810004,0.0
7478,1.123730866431475,0.0,1.1383724926117387,0.0,1.1479798216052348,0.0
7479,1.1235808912728,0.0,1.1383184298267763,0.0,1.147900087513987,0.0
7480,1.1234485467297284,0.0,1.137867140723509,0.0,1.1475048180530407,0.0
7481,1.1233231717567786,0.0,1.137569044431487,0.0,1.1472075448332877,0.0
7482,1.1231760399669957,0.0,1.137141603559205,0.0,1.1466936768477138,0.0
7483,1.1231190744967903,0.0,1.1366824304246324,0.0,1.1460826174691525,0.0
7484,1.1241914847656267,0.0,1.1442896587875009,0.0,1.1544181130500353,0.0
7485,1.1244511844064404,0.0,1.14387844598896,0.0,1.1540080041828817,0.0
7486,1.124632260749683,0.0,1.145025388778084,0.0,1.1553977719008983,0.0
7487,1.1247257128207204,0.0,1.1448536061241523,0.0,1.1552812743565029,0.0
7488,1.124800405586649,0.0,1.1453561701658344,0.0,1.1554040931815337,0.0
7489,1.124859824521677,0.0,1.1456301231938364,0.0,1.1556800941484784,0.0
7490,1.1249122935578812,0.0,1.1460881650671657,0.0,1.156141759260862,0.0
7491,1.1249544579483004,0.0,1.1460219128768894,0.0,1.1560742165894093,0.0
7492,1.1249948495682238,0.0,1.1462041605227926,0.0,1.1562566284802474,0.0
7493,1.1250299823147676,0.0,1.1463119142549631,0.0,1.1563637490510112,0.0
7494,1.1250552688289472,0.0,1.1459824582187903,0.0,1.1560341075213019,0.0
7495,1.1252126846700687,0.0,1.1472358176703539,0.0,1.1572515542303605,0.0
7496,1.1248209268526939,0.0,1.1405420621494653,0.0,1.1511498837518797,0.0
7497,1.1244717473209278,0.0,1.139329204870238,0.0,1.1496519634102038,0.0
7498,1.1241873019419155,0.0,1.1389778341892969,0.0,1.1486332653751217,0.0
7499,1.1239930110078362,0.0,1.138706261825129,0.0,1.1483957864452203,0.0
7500,1.1238137021272805,0.0,1.138477327885331,0.0,1.1482084175373606,0.0
7501,1.1236128280075879,0.0,1.138122053428901,0.0,1.1477789851981073,0.0
7502,1.1233975389993505,0.0,1.1374783424589563,0.0,1.1470478439059293,0.0
7503,1.123208395734431,0.0,1.1373578885578188,0.0,1.1469154037908205,0.0
7504,1.1230550421529537,0.0,1.1369276851612682,0.0,1.1465278334356572,0.0
7505,1.1229105300021982,0.0,1.136639506783361,0.0,1.1462301409002162,0.0
7506,1.122803905314077,0.0,1.1364260519824505,0.0,1.145952120725661,0.0
7507,1.1227837584048126,0.0,1.1360926004925673,0.0,1.145492840389256,0.0
7508,1.1239940799402963,0.0,1.1440167424984373,0.0,1.154265421000658,0.0
7509,1.1243030362153135,0.0,1.143771907306781,0.0,1.1541970970320767,0.0
7510,1.1245254291135671,0.0,1.1448459905482797,0.0,1.1556081465292247,0.0
7511,1.1246509833150877,0.0,1.1448013042265412,0.0,1.155669217541295,0.0
7512,1.124732767323049,0.0,1.1453248221687318,0.0,1.1553623539603965,0.0
7513,1.1248072766259285,0.0,1.145579571677201,0.0,1.1556166543410284,0.0
7514,1.1248772761707053,0.0,1.1459924406660746,0.0,1.1560296306755424,0.0
7515,1.1249354280556194,0.0,1.1460027070688308,0.0,1.1560377021508756,0.0
7516,1.1249901633902573,0.0,1.1461114435115756,0.0,1.156143746217359,0.0
7517,1.125042208504591,0.0,1.1462009679892184,0.0,1.1562301040382694,0.0
7518,1.1250880442195759,0.0,1.1461680188417218,0.0,1.1561963980921455,0.0
7519,1.1253115641285651,0.0,1.1471135941454635,0.0,1.157124550583874,0.0
7520,1.1250577167089466,0.0,1.1427789801695725,0.0,1.1540841242444293,0.0
7521,1.1247345228612526,0.0,1.141296082794215,0.0,1.1521789157682274,0.0
7522,1.124472214994677,0.0,1.140203703085431,0.0,1.1503948114240352,0.0
7523,1.1242927441524921,0.0,1.1397549305854908,0.0,1.149788972448544,0.0
7524,1.1241406069776296,0.0,1.139570647928382,0.0,1.1495126484679732,0.0
7525,1.1239772642004415,0.0,1.1393882149270003,0.0,1.149201641404596,0.0
7526,1.123819617935537,0.0,1.1388537909401764,0.0,1.1486290761208062,0.0
7527,1.1236798915137864,0.0,1.1388964120054481,0.0,1.148567582811885,0.0
7528,1.1235591114853938,0.0,1.1385029116834215,0.0,1.1482140787291581,0.0
7529,1.1234539604990712,0.0,1.1382332623086397,0.0,1.147957954162621,0.0
7530,1.1233343199813905,0.0,1.1378425789327988,0.0,1.1475088175655166,0.0
7531,1.1233193710326577,0.0,1.1373877907953676,0.0,1.1470251279726729,0.0
7532,1.124330862377163,0.0,1.1447438418857148,0.0,1.1555510544010914,0.0
7533,1.1245892410610194,0.0,1.1445079324122376,0.0,1.15527612285337,0.0
7534,1.1247877174436676,0.0,1.1453262725438407,0.0,1.1562667063831231,0.0
7535,1.124898849023824,0.0,1.1453382744481684,0.0,1.1563402470556827,0.0
7536,1.1249416843958753,0.0,1.1458794152743264,0.0,1.1559054152165857,0.0
7537,1.1250000453422841,0.0,1.146045290937618,0.0,1.1560691671320533,0.0
7538,1.1250563700699738,0.0,1.1462127458931812,0.0,1.156232971125566,0.0
7539,1.1251074021015397,0.0,1.1462790711017625,0.0,1.1562979839550644,0.0
7540,1.1251591183348513,0.0,1.146377996318798,0.0,1.156429894391004,0.0
7541,1.1252145745090665,0.0,1.1464245683678955,0.0,1.1565669337612825,0.0
7542,1.1252686401116707,0.0,1.1463855301742631,0.0,1.1566396882828007,0.0
7543,1.1253258581827073,0.0,1.1464266496911366,0.0,1.156696262040891,0.0
7544,1.1253295936746102,0.0,1.145382460110088,0.0,1.1558222404295035,0.0
7545,1.1253194140200395,0.0,1.1449146228805391,0.0,1.1552786027444695,0.0
7546,1.125313701327235,0.0,1.1447906219400803,0.0,1.155042099854303,0.0
7547,1.1253033250520674,0.0,1.1447604431616727,0.0,1.1549374111633952,0.0
7548,1.1252792954271231,0.0,1.1445659751704413,0.0,1.1547357935158182,0.0
7549,1.1252472089290324,0.0,1.1443485666938553,0.0,1.1544838723189228,0.0
7550,1.1252206726454406,0.0,1.1441880592960956,0.0,1.154302605415403,0.0
7551,1.1251979263198348,0.0,1.144048658138609,0.0,1.154144951494451,0.0
7552,1.125175096983631,0.0,1.1438834580310298,0.0,1.1539878297130925,0.0
7553,1.1251638444260577,0.0,1.143850536284802,0.0,1.1539565838138621,0.0
7554,1.1251818130355267,0.0,1.1441454266764686,0.0,1.1543313870839027,0.0
7555,1.1252643545927115,0.0,1.1453627398213122,0.0,1.1556417779160013,0.0
7556,1.1253109646900028,0.0,1.1455734975966612,0.0,1.1560432954378086,0.0
7557,1.1253473800158087,0.0,1.145812084354623,0.0,1.1562856227229994,0.0
7558,1.1254168783906109,0.0,1.146342494731858,0.0,1.1568318981633108,0.0
7559,1.1254536709890446,0.0,1.1464034468428241,0.0,1.156878570139777,0.0
7560,1.1255189126678975,0.0,1.1464995534799776,0.0,1.1570762069526852,0.0
7561,1.1255572685709365,0.0,1.1466012040501181,0.0,1.1571340575078892,0.0
7562,1.1256180173080008,0.0,1.1466100241828676,0.0,1.1572672116145102,0.0
7563,1.125663397709088,0.0,1.1466940896488376,0.0,1.1572915372321448,0.0
7564,1.1257306259034892,0.0,1.1467114163240466,0.0,1.157401361909128,0.0
7565,1.1257825730765845,0.0,1.1467730434159968,0.0,1.1574351223299912,0.0
7566,1.125858647499783,0.0,1.1467602739158724,0.0,1.15752379803018,0.0
7567,1.1259056702702468,0.0,1.1468247771130784,0.0,1.15753699449483,0.0
7568,1.125909287730006,0.0,1.1463428875571906,0.0,1.1572548552390252,0.0
7569,1.1258652802349447,0.0,1.146106750811096,0.0,1.157004536271943,0.0
7570,1.1258571310179812,0.0,1.1460251426325707,0.0,1.1569767963382813,0.0
7571,1.125798501847075,0.0,1.1459511119017414,0.0,1.1566949541040177,0.0
7572,1.1257244495936813,0.0,1.145711969356088,0.0,1.1562766895553183,0.0
7573,1.125655893556042,0.0,1.145409940786707,0.0,1.1558883063329903,0.0
7574,1.1256033217591257,0.0,1.1451524927082701,0.0,1.1556489519136575,0.0
7575,1.1255411716935284,0.0,1.1448304087041983,0.0,1.1551881640414026,0.0
7576,1.1254999105665384,0.0,1.1446757079846848,0.0,1.1550736228910927,0.0
7577,1.1254814123155255,0.0,1.1447339435551476,0.0,1.1551002933467844,0.0
7578,1.1254977179305385,0.0,1.144963873340749,0.0,1.1555311658806309,0.0
7579,1.1255713267269072,0.0,1.1459897480701964,0.0,1.1567223793613854,0.0
7580,1.1256143546407342,0.0,1.146073466703339,0.0,1.1569559906340203,0.0
7581,1.1256370593384264,0.0,1.1461880217964548,0.0,1.1570092546547912,0.0
7582,1.1257010057870782,0.0,1.1465371498339196,0.0,1.157334576246023,0.0
7583,1.1257214920321086,0.0,1.1465827744860295,0.0,1.1573463263375479,0.0
7584,1.1257740349230787,0.0,1.1466625294621864,0.0,1.1574676834436366,0.0
7585,1.1257888411108774,0.0,1.1467602471259346,0.0,1.1574815523423876,0.0
7586,1.1258135129980882,0.0,1.1467677571280266,0.0,1.1575354533750741,0.0
7587,1.1258315431147423,0.0,1.1468243376537586,0.0,1.1575377339826867,0.0
7588,1.1258710335121966,0.0,1.146830776640926,0.0,1.157598696788193,0.0
7589,1.1258978719632273,0.0,1.1468781972861706,0.0,1.1576165347564147,0.0
7590,1.1259056651938057,0.0,1.146728781345672,0.0,1.157578739844008,0.0
7591,1.1271598998515708,0.0,1.1488066620335915,0.0,1.1589223498510974,0.0
7592,1.1271498730468812,0.0,1.1477612724248774,0.0,1.1586826077615064,0.0
7593,1.1266934666272064,0.0,1.1469053043496351,0.0,1.1580860703887996,0.0
7594,1.1263739123973857,0.0,1.146328293617209,0.0,1.1574605062885486,0.0
7595,1.1261748773762712,0.0,1.1457668667455962,0.0,1.1567237189090076,0.0
7596,1.1260176787020526,0.0,1.1452969395544088,0.0,1.156078946473955,0.0
7597,1.125842390982909,0.0,1.1445857312276921,0.0,1.1551676726856155,0.0
7598,1.125671315421629,0.0,1.1436880925585262,0.0,1.1542671712690296,0.0
7599,1.1254738274841118,0.0,1.1428305951997733,0.0,1.1530147336773544,0.0
7600,1.1253161568306185,0.0,1.1422510474867764,0.0,1.1524315265274807,0.0
7601,1.1251615012541676,0.0,1.1416686822716224,0.0,1.151804171134987,0.0
7602,1.1250098584902906,0.0,1.14100705279099,0.0,1.1510740457550181,0.0
7603,1.1249349100276778,0.0,1.1406169720508568,0.0,1.1507304906441997,0.0
7604,1.1253687451909409,0.0,1.1456272281029345,0.0,1.1565930683858572,0.0
7605,1.1254659355095435,0.0,1.1454215181171603,0.0,1.156342264208463,0.0
7606,1.1255638858725383,0.0,1.1459844828360708,0.0,1.1570578104986387,0.0
7607,1.125595871562763,0.0,1.1459335679746898,0.0,1.157055596641554,0.0
7608,1.1255416006472014,0.0,1.1464063631456751,0.0,1.1564315049285057,0.0
7609,1.1255366457787883,0.0,1.1465021719352748,0.0,1.1565262057578212,0.0
7610,1.1255467036240907,0.0,1.1466182072362059,0.0,1.1566443808400164,0.0
7611,1.1255672735850446,0.0,1.1466127710319438,0.0,1.1567364476184407,0.0
7612,1.125594055662998,0.0,1.1466568165886981,0.0,1.1568648268648996,0.0
7613,1.1256287345518607,0.0,1.1466777355745914,0.0,1.1569758781745483,0.0
7614,1.1256475849735545,0.0,1.146592950647537,0.0,1.1569220309062118,0.0
7615,1.1263742229765659,0.0,1.148228887923251,0.0,1.158308042087973,0.0
7616,1.1262489754361242,0.0,1.1463271153534456,0.0,1.1576654766701282,0.0
7617,1.1258968077590317,0.0,1.1445815414423395,0.0,1.1557491413068488,0.0
7618,1.1255302914695513,0.0,1.14282408018465,0.0,1.1531714808006839,0.0
7619,1.12526484132883,0.0,1.1417956897171475,0.0,1.1519733576551865,0.0
7620,1.1250178283218422,0.0,1.1412197828997224,0.0,1.1510562377055131,0.0
7621,1.1247294066282234,0.0,1.1408285784443237,0.0,1.150243963279059,0.0
7622,1.1244920093639086,0.0,1.1400641115730907,0.0,1.1494600948234028,0.0
7623,1.1243094158277491,0.0,1.1398707620637907,0.0,1.1493159712091765,0.0
7624,1.1241981743144676,0.0,1.1393674570517343,0.0,1.1490462690809262,0.0
7625,1.1240896103120201,0.0,1.139106480225443,0.0,1.148815941977623,0.0
7626,1.123962670827945,0.0,1.1387433858693212,0.0,1.1483837911909807,0.0
7627,1.1239161380369855,0.0,1.1382853171880518,0.0,1.1478416284654676,0.0
7628,1.1247453422936644,0.0,1.1450112921670008,0.0,1.155654166039872,0.0
7629,1.1249486623355458,0.0,1.144783581621136,0.0,1.1554138927275142,0.0
7630,1.1251028789225443,0.0,1.1455536431247129,0.0,1.156390221562813,0.0
7631,1.1251763827382641,0.0,1.1454910581837787,0.0,1.1563968093667172,0.0
7632,1.125199701139402,0.0,1.1460231074404228,0.0,1.156055065929484,0.0
7633,1.1252330988342778,0.0,1.1462250232221036,0.0,1.1562577736484072,0.0
7634,1.1252643242506775,0.0,1.1464178948165578,0.0,1.1564486832744034,0.0
7635,1.125290466603942,0.0,1.1464156152215934,0.0,1.1564475329104917,0.0
7636,1.1253183739283776,0.0,1.146491760939834,0.0,1.1565216012353068,0.0
7637,1.1253458477867704,0.0,1.146555991805185,0.0,1.1565852951382847,0.0
7638,1.1253669754008595,0.0,1.1465052060311707,0.0,1.1565347194809776,0.0
7639,1.1257940402916342,0.0,1.147859907420609,0.0,1.1578662396545825,0.0
7640,1.1255545667491211,0.0,1.144132965645381,0.0,1.1555596315257712,0.0
7641,1.1252114464068619,0.0,1.1423098619796157,0.0,1.1532790943609945,0.0
7642,1.1249385766971212,0.0,1.1411471118089884,0.0,1.1514444764534624,0.0
7643,1.1247529754164598,0.0,1.1406625592152528,0.0,1.1508184642573702,0.0
7644,1.1246046792806406,0.0,1.1404639703817714,0.0,1.1505512245811254,0.0
7645,1.1244533918241901,0.0,1.1400742009871105,0.0,1.1500390258729565,0.0
7646,1.124301368480597,0.0,1.1394991793963665,0.0,1.1494541194459806,0.0
7647,1.124124075583811,0.0,1.1395410257650562,0.0,1.1492471615711204,0.0
7648,1.1240069136709179,0.0,1.1391532504192885,0.0,1.148937754734993,0.0
7649,1.1239074914147187,0.0,1.1388473455128811,0.0,1.1486906985075145,0.0
7650,1.1237608902212108,0.0,1.1384083368127969,0.0,1.148127120214379,0.0
7651,1.1237253040200137,0.0,1.137893469552973,0.0,1.1475785071111682,0.0
7652,1.1246314218587137,0.0,1.1450697556553429,0.0,1.1559095539411144,0.0
7653,1.1248450577148117,0.0,1.1447544961582825,0.0,1.1554318675451234,0.0
7654,1.125012811463448,0.0,1.1455540313481771,0.0,1.1564184958490429,0.0
7655,1.1250978156460072,0.0,1.1455198716977417,0.0,1.1564435478107233,0.0
7656,1.1251295241931896,0.0,1.1460839863753294,0.0,1.1561153333384102,0.0
7657,1.1251719095051005,0.0,1.1462433482682663,0.0,1.1562724989972124,0.0
7658,1.1252130551442183,0.0,1.146415518044457,0.0,1.156443885567014,0.0
7659,1.125248927212143,0.0,1.146434865875426,0.0,1.156461839587788,0.0
7660,1.1252831695214935,0.0,1.146507511706446,0.0,1.1565342479307477,0.0
7661,1.125315752372623,0.0,1.146572972811983,0.0,1.1565977620707621,0.0
7662,1.1253394212008867,0.0,1.1465118779903682,0.0,1.1565383899524395,0.0
7663,1.1256671328246781,0.0,1.1476346054260473,0.0,1.1576423308054185,0.0
7664,1.1253899595965633,0.0,1.143442654214182,0.0,1.1547750454360548,0.0
7665,1.1250389387698043,0.0,1.1417337394222067,0.0,1.1525985331385782,0.0
7666,1.124756318813643,0.0,1.1404686615753463,0.0,1.1505608429091208,0.0
7667,1.1245542502551726,0.0,1.140025787744793,0.0,1.1499472685212913,0.0
7668,1.1243928582800482,0.0,1.139939301498136,0.0,1.149826925001099,0.0
7669,1.12422323825713,0.0,1.1397032692282065,0.0,1.149489173195686,0.0
7670,1.124043959012207,0.0,1.1391372097209134,0.0,1.1488421182105413,0.0
7671,1.1238953547737809,0.0,1.1391226243128707,0.0,1.1487564160431623,0.0
7672,1.123768475677497,0.0,1.1387081064325522,0.0,1.1483925487466462,0.0
7673,1.1236482969801846,0.0,1.1384046500582012,0.0,1.1480946201154454,0.0
7674,1.123513552811516,0.0,1.1379989967493154,0.0,1.1476154328402566,0.0
7675,1.1234750317716056,0.0,1.1375723237806168,0.0,1.1470947218430514,0.0
7676,1.1244669259715498,0.0,1.1449158546269311,0.0,1.1555607198474693,0.0
7677,1.1247147707564162,0.0,1.1445991296196418,0.0,1.1552432717476768,0.0
7678,1.1249029395124617,0.0,1.14545253882002,0.0,1.1563050034355071,0.0
7679,1.1250018350219038,0.0,1.1454274806513303,0.0,1.156342557099694,0.0
7680,1.125045640082898,0.0,1.145989995366085,0.0,1.156020541179901,0.0
7681,1.1250974111497707,0.0,1.1461510658317107,0.0,1.1561809800142973,0.0
7682,1.1251466211458758,0.0,1.1463319401719276,0.0,1.1563590787045162,0.0
7683,1.1251890469818853,0.0,1.1463572124377268,0.0,1.1563845119782392,0.0
7684,1.1252281098146713,0.0,1.1464312684458755,0.0,1.1564569084403595,0.0
7685,1.1252659976108284,0.0,1.146506092946004,0.0,1.1565311245621037,0.0
7686,1.1252942653437903,0.0,1.14644446860172,0.0,1.1564696414064082,0.0
7687,1.1255846820753839,0.0,1.1474905016058243,0.0,1.1574990943998935,0.0
7688,1.1253140102035084,0.0,1.1432608691540576,0.0,1.1545882810566244,0.0
7689,1.1249757837070586,0.0,1.1416850857257739,0.0,1.1525746528244878,0.0
7690,1.1246991850850838,0.0,1.1404971614898158,0.0,1.1506543863800909,0.0
7691,1.1244986331729965,0.0,1.13994867144032,0.0,1.1499035644796556,0.0
7692,1.1243382364589776,0.0,1.1398817672758697,0.0,1.1497891189919327,0.0
7693,1.1241734931566956,0.0,1.1396718474992826,0.0,1.1494786556305159,0.0
7694,1.1240032065999104,0.0,1.1391372252372793,0.0,1.1488741616026914,0.0
7695,1.1238609997153934,0.0,1.1391432984727077,0.0,1.1488061537267866,0.0
7696,1.1237420222802663,0.0,1.138759195417441,0.0,1.1484709311604728,0.0
7697,1.123633309139545,0.0,1.1384848220659132,0.0,1.1482080579504033,0.0
7698,1.123511202345894,0.0,1.1380967230347927,0.0,1.1477569206789606,0.0
7699,1.1234902203450294,0.0,1.1376429381190507,0.0,1.147265851488845,0.0
7700,1.1244742726475234,0.0,1.1449469068867615,0.0,1.1557325528004945,0.0
7701,1.124725368127463,0.0,1.1446924793759607,0.0,1.155448735065538,0.0
7702,1.1249183335642805,0.0,1.1454936643662725,0.0,1.1564206108814281,0.0
7703,1.1250219643107104,0.0,1.1454880350874297,0.0,1.1564651324589925,0.0
7704,1.1250580352655841,0.0,1.1460071808396914,0.0,1.1560331613378139,0.0
7705,1.1251096666882205,0.0,1.146160048399517,0.0,1.1561850220114418,0.0
7706,1.1251595532769907,0.0,1.1463158810959464,0.0,1.1563391401529646,0.0
7707,1.1252040611355887,0.0,1.1463553130108821,0.0,1.156378132738019,0.0
7708,1.1252482856533854,0.0,1.1464565437208818,0.0,1.1564790939268392,0.0
7709,1.1252934150867058,0.0,1.146522639404273,0.0,1.1565877421869446,0.0
7710,1.1253323337350778,0.0,1.1464805283891373,0.0,1.156623439063218,0.0
7711,1.1253807081039828,0.0,1.146479952048201,0.0,1.1566988065496775,0.0
7712,1.1256105960953326,0.0,1.1455578144825738,0.0,1.1570797809362214,0.0
7713,1.1259596183184988,0.0,1.1472169165890136,0.0,1.1577601107439592,0.0
7714,1.1256507098745698,0.0,1.1451824383938238,0.0,1.1560633346021876,0.0
7715,1.125421031420084,0.0,1.1433898992753926,0.0,1.1539039760753902,0.0
7716,1.1252800307339217,0.0,1.1429063960682884,0.0,1.153384014338082,0.0
7717,1.1251762766477547,0.0,1.1425784940349235,0.0,1.1530679126632624,0.0
7718,1.1250870111400333,0.0,1.1422894170579054,0.0,1.1527689099083385,0.0
7719,1.1250073614524332,0.0,1.1420477250926042,0.0,1.1525126973023674,0.0
7720,1.1249591099482583,0.0,1.14207745587856,0.0,1.1527177572356155,0.0
7721,1.125269307310172,0.0,1.1451569184584092,0.0,1.1559945377064444,0.0
7722,1.1253211545293653,0.0,1.144725327332235,0.0,1.1555779942250333,0.0
7723,1.1254245236955738,0.0,1.1453692364413126,0.0,1.156382980494399,0.0
7724,1.125377980593836,0.0,1.145272392100718,0.0,1.1553028656599909,0.0
7725,1.125381280749647,0.0,1.1453732356610042,0.0,1.1554044779276806,0.0
7726,1.1254164893994034,0.0,1.1462398516216799,0.0,1.1562701217004543,0.0
7727,1.1254352195322668,0.0,1.1463121602591755,0.0,1.1563705953616517,0.0
7728,1.1254679710601947,0.0,1.1464767059448495,0.0,1.1566201664938445,0.0
7729,1.125490583965433,0.0,1.1465426286886173,0.0,1.1567717285158878,0.0
7730,1.1255137972373248,0.0,1.146658730692744,0.0,1.1568999030083786,0.0
7731,1.125541073207623,0.0,1.1466769049047094,0.0,1.1569655548318476,0.0
7732,1.1255695300188011,0.0,1.1467401819519478,0.0,1.1570307108736801,0.0
7733,1.1256077889842113,0.0,1.146756277323852,0.0,1.1571051247426853,0.0
7734,1.1256367669870306,0.0,1.1467672708001793,0.0,1.1571172099668,0.0
7735,1.1256833059109879,0.0,1.1467675051988153,0.0,1.1571773896871584,0.0
7736,1.1256810608261305,0.0,1.146012438768403,0.0,1.1566370949142903,0.0
7737,1.1256673047434582,0.0,1.1456438958544302,0.0,1.1563660580793993,0.0
7738,1.1256433368970595,0.0,1.1455253575986484,0.0,1.156041502701047,0.0
7739,1.125611942038804,0.0,1.1454744393240528,0.0,1.1558428591152283,0.0
7740,1.1255978172623624,0.0,1.1455386800890284,0.0,1.1558546400922916,0.0
7741,1.1255731291904685,0.0,1.1453913667924451,0.0,1.1557074807585122,0.0
7742,1.1255499583248698,0.0,1.1452689890210004,0.0,1.155564577073271,0.0
7743,1.125538938142012,0.0,1.145209481333622,0.0,1.1555704389702182,0.0
7744,1.125526265655946,0.0,1.1451542556540475,0.0,1.1555178127609005,0.0
7745,1.125523993270361,0.0,1.145139585142719,0.0,1.1555590794160306,0.0
7746,1.1255289111810922,0.0,1.145171716353695,0.0,1.1556583459490495,0.0
7747,1.1255968036824866,0.0,1.1461148354322401,0.0,1.1567939443341377,0.0
7748,1.1256162515403523,0.0,1.1461793231361883,0.0,1.156833463588193,0.0
7749,1.1256365934388866,0.0,1.1462537226942044,0.0,1.1569361583490216,0.0
7750,1.1256771000613104,0.0,1.1466533489208492,0.0,1.157213623410336,0.0
7751,1.1257004119746412,0.0,1.146653124198353,0.0,1.157277814191196,0.0
7752,1.1257252377381701,0.0,1.1467805166721425,0.0,1.1573367797074305,0.0
7753,1.1257446257669181,0.0,1.1468195174918523,0.0,1.1574117345476223,0.0
7754,1.1257447884852427,0.0,1.1468779347595845,0.0,1.1574081842144903,0.0
7755,1.1257611844057318,0.0,1.1468791808666685,0.0,1.157446623671292,0.0
7756,1.1257648188531695,0.0,1.1469306136440565,0.0,1.1574485637872758,0.0
7757,1.1257772018796735,0.0,1.1469237062729003,0.0,1.1574760599267637,0.0
7758,1.1257554254639124,0.0,1.1467778535185094,0.0,1.1573547915691522,0.0
7759,1.1268674877133322,0.0,1.1486638868105974,0.0,1.1587484574181337,0.0
7760,1.1268480861676862,0.0,1.147419184724183,0.0,1.1584509370113876,0.0
7761,1.1264566938467577,0.0,1.146432075934914,0.0,1.157822634291123,0.0
7762,1.1261877849940984,0.0,1.1457040565145757,0.0,1.15686088080815,0.0
7763,1.1260032232943329,0.0,1.1450952498223252,0.0,1.1560862253105384,0.0
7764,1.1258500865252727,0.0,1.1446260401322266,0.0,1.1554450172400588,0.0
7765,1.1257000226921405,0.0,1.1440864460147373,0.0,1.1547760581582283,0.0
7766,1.1255481532380416,0.0,1.1433874203796313,0.0,1.1540816523663968,0.0
7767,1.125364940107253,0.0,1.142661998098081,0.0,1.1529460022614901,0.0
7768,1.1251932093924994,0.0,1.1419430929446857,0.0,1.1521348227816235,0.0
7769,1.125058228201374,0.0,1.1416024953765644,0.0,1.151840844724528,0.0
7770,1.1249207548383127,0.0,1.141064744132528,0.0,1.151285524405011,0.0
7771,1.1248537992982233,0.0,1.1406919349318236,0.0,1.150942376462164,0.0
7772,1.1253432629408016,0.0,1.1456802624554636,0.0,1.1567319505786553,0.0
7773,1.1254652514300236,0.0,1.1455501992229635,0.0,1.1565423300839415,0.0
7774,1.1255848198836622,0.0,1.1460955281500804,0.0,1.1571936401309826,0.0
7775,1.1256324259352406,0.0,1.1460706217909857,0.0,1.157198038808131,0.0
7776,1.1255723237851272,0.0,1.1465385513508046,0.0,1.1565598728167346,0.0
7777,1.1255717830624077,0.0,1.1466232633190798,0.0,1.156643348802718,0.0
7778,1.1255938682406617,0.0,1.1466863455495173,0.0,1.1567919904103403,0.0
7779,1.1256284489708093,0.0,1.1466773451963241,0.0,1.1569064580336452,0.0
7780,1.1256698335572546,0.0,1.1466834265575407,0.0,1.1570194783644796,0.0
7781,1.1257088887589204,0.0,1.1467161124764749,0.0,1.1570783102925954,0.0
7782,1.1257578589494384,0.0,1.1466078234852384,0.0,1.1571697820415392,0.0
7783,1.1264670078596781,0.0,1.1481876866756386,0.0,1.1583310058330092,0.0
7784,1.1263802350402912,0.0,1.1463873790557826,0.0,1.1577644461055165,0.0
7785,1.1260324766695657,0.0,1.1448662053785357,0.0,1.15607076675054,0.0
7786,1.125692259212887,0.0,1.1435673332283895,0.0,1.1541539893042814,0.0
7787,1.125485831343274,0.0,1.1429843142863225,0.0,1.1534342567851148,0.0
7788,1.1253266721956496,0.0,1.142679356723408,0.0,1.1530718293961086,0.0
7789,1.1251459871473826,0.0,1.1421175697749557,0.0,1.1523912057545953,0.0
7790,1.1249321399552406,0.0,1.141215995179832,0.0,1.151389629987516,0.0
7791,1.124688395648139,0.0,1.140730400958787,0.0,1.1504610477010597,0.0
7792,1.1245183963638001,0.0,1.1401935530334977,0.0,1.150001824287634,0.0
7793,1.1243939096819369,0.0,1.1398311078350183,0.0,1.1497228379484183,0.0
7794,1.1243127681494838,0.0,1.1395880968349505,0.0,1.1494919758640365,0.0
7795,1.1243084074394223,0.0,1.1394932948805219,0.0,1.1495116962116823,0.0
7796,1.125072759825352,0.0,1.145582403954456,0.0,1.1565850741689012,0.0
7797,1.1252845533122051,0.0,1.1454825926142893,0.0,1.1564348199631458,0.0
7798,1.1254636651919425,0.0,1.1460078810826846,0.0,1.156986818774786,0.0
7799,1.12556631974854,0.0,1.146054625876535,0.0,1.1570555234183437,0.0
7800,1.1255312164025326,0.0,1.1464681242851023,0.0,1.156490051918994,0.0
7801,1.1255809912743957,0.0,1.146550977178977,0.0,1.1567405695039448,0.0
7802,1.1256436276662305,0.0,1.1466257978166432,0.0,1.1569132078194266,0.0
7803,1.125729632340356,0.0,1.146621553108007,0.0,1.157104081949535,0.0
7804,1.1258117503719922,0.0,1.1467021882974686,0.0,1.1572197670373896,0.0
7805,1.1259127388784222,0.0,1.1467540810575774,0.0,1.1573859043967905,0.0
7806,1.1259542538138703,0.0,1.146734352939947,0.0,1.1573786717542833,0.0
7807,1.126603694017559,0.0,1.1480973429948325,0.0,1.1583401653343288,0.0
7808,1.1264754495070508,0.0,1.146281250496414,0.0,1.1577327004044515,0.0
7809,1.1260876347912847,0.0,1.1447551793283683,0.0,1.1559394776781153,0.0
7810,1.1257858425445986,0.0,1.143847571098402,0.0,1.1546825381441228,0.0
7811,1.1255777645181628,0.0,1.1433086178475083,0.0,1.154030434250449,0.0
7812,1.1253943285670578,0.0,1.14288577137401,0.0,1.153472974153075,0.0
7813,1.1252000956245474,0.0,1.1423264858510225,0.0,1.1527466894918346,0.0
7814,1.1249926006794009,0.0,1.141545897294291,0.0,1.1518489338621787,0.0
7815,1.1248291736750207,0.0,1.1412313106879504,0.0,1.1513811287933542,0.0
7816,1.1246976543873906,0.0,1.1409263945459907,0.0,1.1511458839851858,0.0
7817,1.1245745464630132,0.0,1.1406001852131453,0.0,1.1508239759615304,0.0
7818,1.1244431577024006,0.0,1.1400967619591973,0.0,1.1502691510000878,0.0
7819,1.12438377995281,0.0,1.1396997907809434,0.0,1.1498553212411005,0.0
7820,1.1251366121740696,0.0,1.145729689013984,0.0,1.1566889925114943,0.0
7821,1.1253238969966743,0.0,1.1456007584722783,0.0,1.1565248803101387,0.0
7822,1.1254777932997955,0.0,1.1461012516179203,0.0,1.1570381952635387,0.0
7823,1.1255502644452513,0.0,1.146120437631003,0.0,1.157076689093864,0.0
7824,1.125516026353143,0.0,1.1465667244955198,0.0,1.1565841439263087,0.0
7825,1.1255366715170259,0.0,1.1466916744318087,0.0,1.1567076291581249,0.0
7826,1.1255692252242282,0.0,1.146773175114397,0.0,1.1568480936173695,0.0
7827,1.125605121035036,0.0,1.1467653021322646,0.0,1.1569352309008643,0.0
7828,1.1256412731117864,0.0,1.1467892578863148,0.0,1.1570174533769497,0.0
7829,1.1256765727077378,0.0,1.1468369316934683,0.0,1.1570804193856978,0.0
7830,1.1257134820148396,0.0,1.1468393338563931,0.0,1.1571404690725102,0.0
7831,1.1257546049630098,0.0,1.1468710479447806,0.0,1.1571721743616061,0.0
7832,1.1257463463709558,0.0,1.146189491790751,0.0,1.156623554444227,0.0
7833,1.1257296163837964,0.0,1.1458469068054495,0.0,1.156330388442081,0.0
7834,1.1257323443972291,0.0,1.1457683642315122,0.0,1.1562124023438647,0.0
7835,1.1257338315327408,0.0,1.1458233294408147,0.0,1.1561969824029608,0.0
7836,1.1257305091923835,0.0,1.1458598827575714,0.0,1.156203066845729,0.0
7837,1.1256902368240016,0.0,1.145643350929212,0.0,1.1558840972648854,0.0
7838,1.125661356192082,0.0,1.145491925082764,0.0,1.1557449930847894,0.0
7839,1.1256238816469968,0.0,1.1452566307262646,0.0,1.1554715471228378,0.0
7840,1.125590657933526,0.0,1.145042599451528,0.0,1.1552630864365596,0.0
7841,1.1255779376792612,0.0,1.1450289483178644,0.0,1.1552579507153085,0.0
7842,1.1256054728975509,0.0,1.1452859652848681,0.0,1.1557198923381324,0.0
7843,1.1256847726429924,0.0,1.1462828214113472,0.0,1.1568752979540986,0.0
7844,1.1257457961616326,0.0,1.146393900364547,0.0,1.1570686631539393,0.0
7845,1.1257949486499645,0.0,1.1464449527982865,0.0,1.1571467431016202,0.0
7846,1.1258958171933025,0.0,1.1467372781230492,0.0,1.1574629744090845,0.0
7847,1.1259525556719614,0.0,1.1467997499415947,0.0,1.157525318585217,0.0
7848,1.126039470948134,0.0,1.1468946578564667,0.0,1.157655919816259,0.0
7849,1.1261035981846306,0.0,1.1469807808526438,0.0,1.1577238826400655,0.0
7850,1.1261701117126541,0.0,1.1470084869159287,0.0,1.157795346324015,0.0
7851,1.1262152615846674,0.0,1.1470677059249343,0.0,1.157820064503736,0.0
7852,1.1262842228444103,0.0,1.1470994237628382,0.0,1.1578971109294627,0.0
7853,1.1263333984162058,0.0,1.1471576643952919,0.0,1.157924043193106,0.0
7854,1.126386498392302,0.0,1.1470911162484883,0.0,1.1579532293458445,0.0
7855,1.1274447799063763,0.0,1.148820687913143,0.0,1.1590175318627545,0.0
7856,1.1274778712372482,0.0,1.1479603762712054,0.0,1.15883844498086,0.0
7857,1.1270354584726419,0.0,1.1471379359971552,0.0,1.158229965089574,0.0
7858,1.1266401737313199,0.0,1.1462676772539393,0.0,1.1572206990584075,0.0
7859,1.1263823822659433,0.0,1.1455441948416571,0.0,1.15632511691779,0.0
7860,1.1261865695957414,0.0,1.1450135645665145,0.0,1.1556890478112807,0.0
7861,1.125979673522995,0.0,1.144344025549464,0.0,1.1548797479171784,0.0
7862,1.1257784255466592,0.0,1.1435827273508399,0.0,1.1541130170234792,0.0
7863,1.1256029484927175,0.0,1.143149444330742,0.0,1.153521018717626,0.0
7864,1.125485413921497,0.0,1.1429400355102066,0.0,1.153402066245244,0.0
7865,1.1253862026079782,0.0,1.1427659171354265,0.0,1.153283931442093,0.0
7866,1.1252741937597244,0.0,1.1424025687077637,0.0,1.152927849450532,0.0
7867,1.1252176196862946,0.0,1.1421892010114942,0.0,1.152765646240858,0.0
7868,1.1257516730355837,0.0,1.1462210692477943,0.0,1.157253134084048,0.0
7869,1.1259055912052336,0.0,1.1462484305930845,0.0,1.1572676790319854,0.0
7870,1.1260504569442535,0.0,1.146548618657171,0.0,1.1575350932457404,0.0
7871,1.126118957201653,0.0,1.1466025820346342,0.0,1.1575845899094046,0.0
7872,1.1260037582760436,0.0,1.1469591803884989,0.0,1.1570558312758137,0.0
7873,1.1260473169679412,0.0,1.1469095482672729,0.0,1.1573217757656107,0.0
7874,1.1261092803317423,0.0,1.146945739877495,0.0,1.157474771539406,0.0
7875,1.1262052552895099,0.0,1.1469838716417888,0.0,1.157644771603304,0.0
7876,1.12627803779125,0.0,1.1470634547749354,0.0,1.1577215502328848,0.0
7877,1.1263792872620815,0.0,1.1471191598079997,0.0,1.1578525605251826,0.0
7878,1.1264437510281424,0.0,1.147181040168362,0.0,1.1578938074750151,0.0
7879,1.1265559026208776,0.0,1.147239893157429,0.0,1.1580107754157567,0.0
7880,1.1269732097757286,0.0,1.147243556759006,0.0,1.1584216705714536,0.0
7881,1.1276515602404908,0.0,1.1486913093493765,0.0,1.1590453680884305,0.0
7882,1.1271802636816277,0.0,1.1479383397296934,0.0,1.1584421869475805,0.0
7883,1.1269393835206747,0.0,1.147645152583588,0.0,1.158140547453342,0.0
7884,1.1267153671869738,0.0,1.1470614393644056,0.0,1.1577194500940309,0.0
7885,1.1265438930424643,0.0,1.146653407493071,0.0,1.1573799120503283,0.0
7886,1.1263660441109704,0.0,1.1460319085771415,0.0,1.15669421703869,0.0
7887,1.1262008588729742,0.0,1.145350268850788,0.0,1.1558611388862854,0.0
7888,1.126099498042275,0.0,1.1449743657862548,0.0,1.1556901058958242,0.0
7889,1.1261827463072331,0.0,1.1464550269538505,0.0,1.1572088131489926,0.0
7890,1.1262014002091025,0.0,1.1461035358014355,0.0,1.15698461165237,0.0
7891,1.126277269708049,0.0,1.1464673667862775,0.0,1.1575049634454813,0.0
7892,1.1261440422066513,0.0,1.1466689073911596,0.0,1.1567609326114154,0.0
7893,1.126141872384533,0.0,1.1466107280571742,0.0,1.1570491371081406,0.0
7894,1.1262069259188827,0.0,1.1469967093727949,0.0,1.1574616970317217,0.0
7895,1.1262787624662278,0.0,1.1470285678478673,0.0,1.1576439060834622,0.0
7896,1.1263385971843574,0.0,1.1471382893857796,0.0,1.1577386573811996,0.0
7897,1.1264094542445096,0.0,1.1471688746499638,0.0,1.1578657650021078,0.0
7898,1.1264596929772641,0.0,1.1472443594085462,0.0,1.1579166461457604,0.0
7899,1.1265506729742083,0.0,1.147285725620848,0.0,1.158029257803679,0.0
7900,1.126600573785677,0.0,1.1473630912783817,0.0,1.1580606113705907,0.0
7901,1.1266956101213108,0.0,1.1474146798526454,0.0,1.158165986438208,0.0
7902,1.126739061382837,0.0,1.1474751575259299,0.0,1.1581830736855243,0.0
7903,1.1268436578051955,0.0,1.1475318221915487,0.0,1.1582856764684855,0.0
7904,1.1268420398981265,0.0,1.1473501159594481,0.0,1.1581332907401969,0.0
7905,1.1268518992768195,0.0,1.1472558935136934,0.0,1.1581152770728347,0.0
7906,1.126710076751188,0.0,1.1471412623495079,0.0,1.157839113622,0.0
7907,1.1266039724020025,0.0,1.1470268369979593,0.0,1.1577249963755394,0.0
7908,1.1264966951301707,0.0,1.1469406907550952,0.0,1.1575725928075558,0.0
7909,1.126438043097117,0.0,1.1468138712155005,0.0,1.1575594287144841,0.0
7910,1.1264134764561,0.0,1.1468895594272153,0.0,1.157588261242791,0.0
7911,1.1264054616597188,0.0,1.1467532199023758,0.0,1.1576120131402219,0.0
7912,1.1263533766107117,0.0,1.1466644354556768,0.0,1.1574669638477932,0.0
7913,1.126390383952678,0.0,1.1466969358733372,0.0,1.157644988401789,0.0
7914,1.1264074377568314,0.0,1.146729948466591,0.0,1.1576708131556173,0.0
7915,1.126519060307749,0.0,1.1470982989607907,0.0,1.1579886845751883,0.0
7916,1.126551775903539,0.0,1.1471892228667335,0.0,1.1580093676499714,0.0
7917,1.1266151932591306,0.0,1.1472083883977258,0.0,1.1580941007655696,0.0
7918,1.1266558446707806,0.0,1.1473964521596616,0.0,1.1581697554753119,0.0
7919,1.1267181750840043,0.0,1.1474229839267607,0.0,1.158251179609302,0.0
7920,1.1267403725720309,0.0,1.1474998390938185,0.0,1.158255157151897,0.0
7921,1.126794794269388,0.0,1.1475173649657675,0.0,1.1583228193257706,0.0
7922,1.1267799703494523,0.0,1.147549369700262,0.0,1.1582923600840092,0.0
7923,1.1268162089057039,0.0,1.1475504479863268,0.0,1.158338008984471,0.0
7924,1.1268128678170224,0.0,1.147588285674856,0.0,1.158319370240912,0.0
7925,1.1268604351316958,0.0,1.147596800806834,0.0,1.1583732771848296,0.0
7926,1.1268220591633735,0.0,1.1475361624913996,0.0,1.158302127212597,0.0
7927,1.1280226095109211,0.0,1.149222104341086,0.0,1.1593782547067872,0.0
7928,1.1280740688592938,0.0,1.1486101473155028,0.0,1.1592748605507557,0.0
7929,1.127597214214374,0.0,1.1479253733438142,0.0,1.1587896861413043,0.0
7930,1.1272934717291891,0.0,1.1475850869606867,0.0,1.1584239077344392,0.0
7931,1.1270740143610851,0.0,1.1472306570807316,0.0,1.1581223692310334,0.0
7932,1.126881495576236,0.0,1.1468128944193092,0.0,1.1576863367794101,0.0
7933,1.1267049196832426,0.0,1.146325147592837,0.0,1.1571252414627724,0.0
7934,1.126547121558051,0.0,1.1457535068176714,0.0,1.1566100095752243,0.0
7935,1.126378527071004,0.0,1.1452893993567206,0.0,1.155963897172732,0.0
7936,1.126213155921013,0.0,1.1447092829844998,0.0,1.1553259183740674,0.0
7937,1.1260696964152597,0.0,1.1442475019186238,0.0,1.1548513206763076,0.0
7938,1.125930650509846,0.0,1.1437391548081683,0.0,1.1543637481082638,0.0
7939,1.1258349327956703,0.0,1.1433785245271184,0.0,1.154044088730474,0.0
7940,1.126147719760818,0.0,1.146627922653006,0.0,1.1576052213524415,0.0
7941,1.1262097904184107,0.0,1.1464958851146445,0.0,1.1574882910057958,0.0
7942,1.1263003461397194,0.0,1.1468125110679253,0.0,1.1577709008879369,0.0
7943,1.1263295674483318,0.0,1.1468160755845298,0.0,1.1577840520338833,0.0
7944,1.126202608883889,0.0,1.1471889692757056,0.0,1.157216085356927,0.0
7945,1.1261903519075847,0.0,1.147167075517979,0.0,1.1573531948563305,0.0
7946,1.1262125988191265,0.0,1.147151772134827,0.0,1.1574985573508692,0.0
7947,1.1262419121955543,0.0,1.1471384574535135,0.0,1.1575697784614416,0.0
7948,1.1263039639413326,0.0,1.1471482807471616,0.0,1.1576984513437878,0.0
7949,1.126342593371312,0.0,1.1471994848633231,0.0,1.1577488749981646,0.0
7950,1.1263547805407725,0.0,1.1471386545615965,0.0,1.1577512820222464,0.0
7951,1.127154803189745,0.0,1.1486567496725586,0.0,1.1587955576761562,0.0
7952,1.1270984202415428,0.0,1.1474090004343453,0.0,1.1584475805347665,0.0
7953,1.1267253330904008,0.0,1.146230613878659,0.0,1.1574117895334792,0.0
7954,1.126360379427258,0.0,1.145017237036914,0.0,1.1557080031475786,0.0
7955,1.1260924115362683,0.0,1.1440770217317984,0.0,1.1545579527437815,0.0
7956,1.1258563178642087,0.0,1.1433620407469687,0.0,1.1536097708493878,0.0
7957,1.1255926756994472,0.0,1.1424661818234714,0.0,1.1522740798879572,0.0
7958,1.1253114669933493,0.0,1.1416303531304712,0.0,1.151190817072353,0.0
7959,1.1250497618026427,0.0,1.1414145300988072,0.0,1.1507589697415015,0.0
7960,1.124856472664287,0.0,1.1407968683700462,0.0,1.1502674571408484,0.0
7961,1.1247630191172902,0.0,1.1403532091057031,0.0,1.1501532472576554,0.0
7962,1.1247253312804641,0.0,1.1402203153169155,0.0,1.1501065242271127,0.0
7963,1.124687414366945,0.0,1.139807010600291,0.0,1.1497152683394856,0.0
7964,1.1253781900837112,0.0,1.1459835934052247,0.0,1.1568475125357855,0.0
7965,1.1255515740596147,0.0,1.1457691349847983,0.0,1.1565982934910235,0.0
7966,1.1256994121835044,0.0,1.1462949348254268,0.0,1.1571872835020323,0.0
7967,1.1257770213392968,0.0,1.1463034310014797,0.0,1.1572372678968077,0.0
7968,1.1257442724690083,0.0,1.146716967128649,0.0,1.156734553623394,0.0
7969,1.1257576165650465,0.0,1.1468080709109683,0.0,1.1568298960086416,0.0
7970,1.1257826893513545,0.0,1.1468860930042868,0.0,1.156980489085458,0.0
7971,1.125810794570091,0.0,1.1468999002911497,0.0,1.1570516732195393,0.0
7972,1.1258456745614904,0.0,1.1469127621040436,0.0,1.1571473437577322,0.0
7973,1.1258755431565093,0.0,1.146955265266982,0.0,1.1571965006199003,0.0
7974,1.1258973545409567,0.0,1.1468650426515823,0.0,1.1571950383862102,0.0
7975,1.1264729398389186,0.0,1.1482370376549633,0.0,1.1583082863780152,0.0
7976,1.1263070460946787,0.0,1.1458870388066225,0.0,1.1573515327281818,0.0
7977,1.1259577407463741,0.0,1.1441540894554347,0.0,1.1552477011610296,0.0
7978,1.1257008795937007,0.0,1.1433009071731444,0.0,1.1539669347204813,0.0
7979,1.125542606935735,0.0,1.1429664764215544,0.0,1.1535871195247642,0.0
7980,1.1253935648518552,0.0,1.142642866504688,0.0,1.1531523647461608,0.0
7981,1.1252403018488837,0.0,1.1422253970659024,0.0,1.1526215931816297,0.0
7982,1.1250806731171201,0.0,1.1416363796968108,0.0,1.1519918179045092,0.0
7983,1.1249090881680155,0.0,1.1411036748771441,0.0,1.1511547239413156,0.0
7984,1.1247440479335342,0.0,1.1404944425777976,0.0,1.1504514344081789,0.0
7985,1.124613373885724,0.0,1.1401658781807733,0.0,1.15013090866032,0.0
7986,1.124486090766353,0.0,1.1396904994683816,0.0,1.1496289379706126,0.0
7987,1.12443405184305,0.0,1.139264502744126,0.0,1.149186559365924,0.0
7988,1.1251955618090594,0.0,1.1458125735507152,0.0,1.1567157666931356,0.0
7989,1.1253852396119837,0.0,1.1455964562396677,0.0,1.156442485472225,0.0
7990,1.125535260462892,0.0,1.1461762189782954,0.0,1.1570798202430828,0.0
7991,1.125600954688553,0.0,1.1461703444529283,0.0,1.157099526596228,0.0
7992,1.125583660777325,0.0,1.1466330292813711,0.0,1.1566541267608614,0.0
7993,1.125599988542335,0.0,1.1467356817797159,0.0,1.156757297633301,0.0
7994,1.1256202809313642,0.0,1.1468483639189522,0.0,1.1568690680888338,0.0
7995,1.1256406310696438,0.0,1.1468961768592578,0.0,1.1569170401246403,0.0
7996,1.1256590626943435,0.0,1.1469524512697338,0.0,1.1569727322308776,0.0
7997,1.1256789778666867,0.0,1.146989840281411,0.0,1.1570097749778656,0.0
7998,1.1256882488798792,0.0,1.1469002646431083,0.0,1.1569239144069592,0.0
7999,1.1260805440497015,0.0,1.147978168522079,0.0,1.157988027260601,0.0
8000,1.1258423671979418,0.0,1.1444555114168475,0.0,1.1558433342774717,0.0
8001,1.125492517972879,0.0,1.1427172658858322,0.0,1.153660335096155,0.0
8002,1.125245796744555,0.0,1.141825228892392,0.0,1.1522181224755794,0.0
8003,1.1250857195011754,0.0,1.1415207074172071,0.0,1.1518534862949088,0.0
8004,1.124946871137364,0.0,1.1413140805003206,0.0,1.1515660893069377,0.0
8005,1.124794746022192,0.0,1.1408823429887527,0.0,1.1509884319660726,0.0
8006,1.1246102631957047,0.0,1.1400730640934054,0.0,1.1500099786816234,0.0
8007,1.1244281657943804,0.0,1.1400689034739446,0.0,1.1497909663399353,0.0
8008,1.124287740184694,0.0,1.1396410785289308,0.0,1.149399552097972,0.0
8009,1.1241699119374389,0.0,1.1393460006222667,0.0,1.1491148122211288,0.0
8010,1.1240386635645017,0.0,1.1389226533753372,0.0,1.1486267581046763,0.0
8011,1.1239905129170908,0.0,1.1384246010680488,0.0,1.1480534211890832,0.0
8012,1.1248735366486409,0.0,1.145485129491219,0.0,1.1561887200140215,0.0
8013,1.125094004443231,0.0,1.145173139942018,0.0,1.1558586096426235,0.0
8014,1.1252675894294188,0.0,1.1459298263842408,0.0,1.156799129621739,0.0
8015,1.1253592780223893,0.0,1.1459120790178035,0.0,1.1568327338905484,0.0
8016,1.1253848017983643,0.0,1.1463936803143584,0.0,1.1564176508474178,0.0
8017,1.125429874030976,0.0,1.1465163514267167,0.0,1.156538647299964,0.0
8018,1.1254779460357758,0.0,1.1466342258867412,0.0,1.1566543780017802,0.0
8019,1.1255247380785127,0.0,1.1466667557551928,0.0,1.1566928154858005,0.0
8020,1.1255735044855502,0.0,1.1466995500733586,0.0,1.1568110395679008,0.0
8021,1.125619873982914,0.0,1.1467340945652877,0.0,1.1569058099444647,0.0
8022,1.125653451694285,0.0,1.1466459702100478,0.0,1.1569035246798989,0.0
8023,1.1260479694209526,0.0,1.1477834153949915,0.0,1.1578618018242028,0.0
8024,1.125865939819011,0.0,1.144665242697841,0.0,1.1560920982183018,0.0
8025,1.12552494231177,0.0,1.1431174744059767,0.0,1.154141543453921,0.0
8026,1.1252202074893436,0.0,1.1418781568489422,0.0,1.1522296441852906,0.0
8027,1.1250119946147223,0.0,1.1412785837510528,0.0,1.1514503850679876,0.0
8028,1.1248241232771778,0.0,1.1408447345799755,0.0,1.1509829483911642,0.0
8029,1.1245810449900253,0.0,1.1403223852672735,0.0,1.150077138894485,0.0
8030,1.124380110985048,0.0,1.139731877581971,0.0,1.1494153285847497,0.0
8031,1.1242139382605743,0.0,1.1396594728269052,0.0,1.1492870374014756,0.0
8032,1.124074514426925,0.0,1.1391725175845888,0.0,1.1488749202949344,0.0
8033,1.123965918865945,0.0,1.1389299397648587,0.0,1.148642328228852,0.0
8034,1.1238575535304542,0.0,1.1386158470183483,0.0,1.1482750375676176,0.0
8035,1.1238340157056852,0.0,1.1381691174736916,0.0,1.147788025997343,0.0
8036,1.124752360281739,0.0,1.1451819790599331,0.0,1.1558732907249587,0.0
8037,1.1249897668807307,0.0,1.1450070056273038,0.0,1.15569929958862,0.0
8038,1.1251706100711618,0.0,1.1457732868068624,0.0,1.1566482791551465,0.0
8039,1.1252658962022482,0.0,1.145761196426655,0.0,1.156698436800224,0.0
8040,1.1252933041655249,0.0,1.1462683474008286,0.0,1.1562944454580575,0.0
8041,1.1253338582463928,0.0,1.1463969536731786,0.0,1.1564222060802931,0.0
8042,1.1253741526189798,0.0,1.1465410527598268,0.0,1.156565635677186,0.0
8043,1.1254109154147642,0.0,1.146567847843176,0.0,1.1565914911136395,0.0
8044,1.125456735861376,0.0,1.1466807217781751,0.0,1.1567051344411188,0.0
8045,1.1255040847269868,0.0,1.1467269123548027,0.0,1.1568036141731155,0.0
8046,1.1255449343170982,0.0,1.1467015351357543,0.0,1.156859490204201,0.0
8047,1.1255896299994288,0.0,1.1467149056129284,0.0,1.1568972616167679,0.0
8048,1.125833256310166,0.0,1.1458068682191513,0.0,1.1573064031125104,0.0
8049,1.1262031792839051,0.0,1.1474297353483127,0.0,1.1579701769640551,0.0
8050,1.1259455526575772,0.0,1.1458433950325306,0.0,1.156923751824268,0.0
8051,1.12581735465331,0.0,1.1449489662580832,0.0,1.1558902290992843,0.0
8052,1.1256603969853534,0.0,1.144027097525592,0.0,1.1548035131528234,0.0
8053,1.1255490115841111,0.0,1.1436058825572704,0.0,1.1543420097817794,0.0
8054,1.1254556789484045,0.0,1.1432726920736294,0.0,1.1539722952268,0.0
8055,1.1253771082227106,0.0,1.1430245819780878,0.0,1.1537033569857513,0.0
8056,1.1253349513746285,0.0,1.1430305048230927,0.0,1.1538555423688175,0.0
8057,1.1256095351576179,0.0,1.145697131608693,0.0,1.156657712487793,0.0
8058,1.1256291450430256,0.0,1.1451624088598729,0.0,1.156063203349902,0.0
8059,1.125686558316622,0.0,1.1456622422389355,0.0,1.1566301881908687,0.0
8060,1.1256189994650718,0.0,1.1455269935664845,0.0,1.155558545871111,0.0
8061,1.1256152955258754,0.0,1.1457076560483086,0.0,1.1557397177817113,0.0
8062,1.1256448273643749,0.0,1.146552148751964,0.0,1.1565812021837827,0.0
8063,1.1256539383369313,0.0,1.1466125200343156,0.0,1.1566467820967479,0.0
8064,1.1256743426385807,0.0,1.1467811598851025,0.0,1.1568353703307106,0.0
8065,1.1256772338188776,0.0,1.146839109910291,0.0,1.1569327197534989,0.0
8066,1.1256780362945582,0.0,1.146934419897662,0.0,1.1570335223667363,0.0
8067,1.1256872822635873,0.0,1.1469297579212232,0.0,1.1570774424636348,0.0
8068,1.1256996421285392,0.0,1.1469632947073911,0.0,1.1571312340909294,0.0
8069,1.1257154703824277,0.0,1.1469711956426292,0.0,1.157177544686566,0.0
8070,1.1257382034309247,0.0,1.1469581041302943,0.0,1.1571941215176393,0.0
8071,1.125774822428746,0.0,1.1469295487643838,0.0,1.1572322106918578,0.0
8072,1.1257398259077966,0.0,1.145865126156243,0.0,1.1562223475475466,0.0
8073,1.1257179180310022,0.0,1.1453992925225889,0.0,1.155816724873165,0.0
8074,1.1257035007025438,0.0,1.1453269308705398,0.0,1.1556426923482013,0.0
8075,1.125684616506953,0.0,1.1453122670778988,0.0,1.155561935130805,0.0
8076,1.1256696025843331,0.0,1.145366677923469,0.0,1.1555285747935073,0.0
8077,1.1256528147896534,0.0,1.1452696469862407,0.0,1.15546117758402,0.0
8078,1.1256365958953007,0.0,1.1451838573688977,0.0,1.1553633884544812,0.0
8079,1.1256270495889709,0.0,1.1451334424730129,0.0,1.155368748727021,0.0
8080,1.125618101450842,0.0,1.1450999305382978,0.0,1.1553395330248737,0.0
8081,1.1256247714510565,0.0,1.1451359541130495,0.0,1.1554844601886,0.0
8082,1.1256381557190707,0.0,1.1452187409505081,0.0,1.1556177225429791,0.0
8083,1.1257233092355323,0.0,1.14616041608531,0.0,1.1568306718723695,0.0
8084,1.1257653016617983,0.0,1.1463428771216502,0.0,1.156994543015396,0.0
8085,1.1258266924522797,0.0,1.1463622118408379,0.0,1.157197979826737,0.0
8086,1.1258903197509538,0.0,1.1467408533775636,0.0,1.1574190491029603,0.0
8087,1.1259512038310744,0.0,1.1467537764494853,0.0,1.1575328315971862,0.0
8088,1.1259986215498696,0.0,1.1468926516507694,0.0,1.1575853566730154,0.0
8089,1.1260572697658857,0.0,1.1469339625294621,0.0,1.157692412967782,0.0
8090,1.1260704517387419,0.0,1.1470046797027946,0.0,1.1576858008073012,0.0
8091,1.1261119223964688,0.0,1.1470127962645216,0.0,1.1577453523942,0.0
8092,1.1261309192113556,0.0,1.1470658727258116,0.0,1.1577447710989623,0.0
8093,1.1261780735925373,0.0,1.1470654063679049,0.0,1.1578087330193538,0.0
8094,1.1261748721257934,0.0,1.1469930524927383,0.0,1.1577450317346527,0.0
8095,1.1273615201348612,0.0,1.1488682679384137,0.0,1.159012223081363,0.0
8096,1.1273440292898977,0.0,1.1478753620474815,0.0,1.1587731360217899,0.0
8097,1.1269240285099058,0.0,1.1470794587722293,0.0,1.1582024927254861,0.0
8098,1.1265863751318337,0.0,1.1463833801901135,0.0,1.1574026368515267,0.0
8099,1.1263708686232647,0.0,1.1457501377678792,0.0,1.1566036793299084,0.0
8100,1.1262279325315214,0.0,1.1453780446128925,0.0,1.1561512901473032,0.0
8101,1.1260907417326562,0.0,1.1449576718902854,0.0,1.1556685281398595,0.0
8102,1.1259577374411263,0.0,1.144412585429917,0.0,1.1551838740703912,0.0
8103,1.1258126456921458,0.0,1.1440022072366782,0.0,1.1545365856142833,0.0
8104,1.125683880140399,0.0,1.1435645623057384,0.0,1.1541115889115954,0.0
8105,1.125559570068386,0.0,1.1431575836333603,0.0,1.1536982421056,0.0
8106,1.1254217153455621,0.0,1.142599260419463,0.0,1.153102309809239,0.0
8107,1.1253411646888007,0.0,1.1422143377938134,0.0,1.1527301636393497,0.0
8108,1.1257569858586536,0.0,1.1461974945034965,0.0,1.1572436030472324,0.0
8109,1.1258553797336217,0.0,1.1460492545445669,0.0,1.1570469070449336,0.0
8110,1.1259636717547195,0.0,1.1464614731653067,0.0,1.1574808431945054,0.0
8111,1.1260009228403047,0.0,1.1464567450402228,0.0,1.1574898887698732,0.0
8112,1.1259006457515404,0.0,1.1468524368868946,0.0,1.1568684862731466,0.0
8113,1.1258901582269616,0.0,1.1469212479831619,0.0,1.156995169711593,0.0
8114,1.1259081660855539,0.0,1.1469483946897927,0.0,1.1571499848271518,0.0
8115,1.125935167251209,0.0,1.1469334367955897,0.0,1.1572364390129308,0.0
8116,1.1259559617092252,0.0,1.1469675258835155,0.0,1.1572790736528087,0.0
8117,1.1260005893868619,0.0,1.1469493616826816,0.0,1.1574046390165273,0.0
8118,1.1260174744808615,0.0,1.1469021877051768,0.0,1.157380549510345,0.0
8119,1.126756075393,0.0,1.1483847815607415,0.0,1.1585302826136377,0.0
8120,1.1266566008963024,0.0,1.146756490686702,0.0,1.158011275843965,0.0
8121,1.1263297633887848,0.0,1.1454109149420737,0.0,1.1566119684876488,0.0
8122,1.1260527165287035,0.0,1.1444995453904685,0.0,1.1553067246088882,0.0
8123,1.1258541082207694,0.0,1.143901199441018,0.0,1.1545563752209935,0.0
8124,1.1256933778897396,0.0,1.143528404498849,0.0,1.1540625778419198,0.0
8125,1.1255154874137985,0.0,1.1429781983073324,0.0,1.1533442349568908,0.0
8126,1.125349675626214,0.0,1.142394165110074,0.0,1.1527419900012474,0.0
8127,1.1252225270337723,0.0,1.1422235287118434,0.0,1.152470177348799,0.0
8128,1.1251119888465082,0.0,1.1419506007942402,0.0,1.1522587218495253,0.0
8129,1.125006827704964,0.0,1.1416684468049645,0.0,1.151981130399045,0.0
8130,1.124896246253683,0.0,1.1412629926096662,0.0,1.1515665082491258,0.0
8131,1.1248507753908596,0.0,1.140978700161409,0.0,1.1513077792319453,0.0
8132,1.1254850825952551,0.0,1.146026301572687,0.0,1.1570022831854947,0.0
8133,1.1256492577380144,0.0,1.1459557743511575,0.0,1.1569165931010807,0.0
8134,1.1257990462081673,0.0,1.1463706201353576,0.0,1.157312891433728,0.0
8135,1.1258809584173675,0.0,1.1464127878189996,0.0,1.157371239655437,0.0
8136,1.1258234850729283,0.0,1.146834812513136,0.0,1.1568569581330408,0.0
8137,1.1258599834612313,0.0,1.1468572975087747,0.0,1.1570513788769285,0.0
8138,1.1259107113511118,0.0,1.1468990934119694,0.0,1.1571962940760319,0.0
8139,1.1259901778013208,0.0,1.1468749902699271,0.0,1.1573716027757823,0.0
8140,1.126059839660033,0.0,1.146940081607118,0.0,1.1574634496503966,0.0
8141,1.126147892803553,0.0,1.1469856471373479,0.0,1.157595258142571,0.0
8142,1.12620441748517,0.0,1.1469478082504025,0.0,1.1576243322446318,0.0
8143,1.126873659105716,0.0,1.148280134677982,0.0,1.1585285564271577,0.0
8144,1.1267749430611589,0.0,1.1467072505750806,0.0,1.1580203990188203,0.0
8145,1.126416978146912,0.0,1.1453940334521455,0.0,1.1565570321268113,0.0
8146,1.1260394814359724,0.0,1.1441720191453524,0.0,1.154852205927243,0.0
8147,1.1257512576651887,0.0,1.1432460680546417,0.0,1.1537190082804858,0.0
8148,1.1254970838535967,0.0,1.1425530021082388,0.0,1.1527845532850547,0.0
8149,1.125239674190971,0.0,1.1417315750499384,0.0,1.1516087205364198,0.0
8150,1.1249721413245473,0.0,1.1409863184384965,0.0,1.1506335932292582,0.0
8151,1.1247068463913217,0.0,1.140826212053392,0.0,1.1501943612538024,0.0
8152,1.1245095724413905,0.0,1.1402455569947116,0.0,1.149688983949696,0.0
8153,1.124425543706279,0.0,1.1398343897193997,0.0,1.1495938941306179,0.0
8154,1.124410964314497,0.0,1.1397200878034988,0.0,1.1496179436822778,0.0
8155,1.1244062104626211,0.0,1.1395669135617665,0.0,1.1495696747536828,0.0
8156,1.1252041772842236,0.0,1.1458193939807315,0.0,1.1567301327683834,0.0
8157,1.1254211703986945,0.0,1.1457202131097601,0.0,1.156627782301259,0.0
8158,1.1255982668897369,0.0,1.1462029520352872,0.0,1.1571094899532108,0.0
8159,1.1256942439336777,0.0,1.146242401147596,0.0,1.1571729704317255,0.0
8160,1.1256615138007449,0.0,1.1466544058457235,0.0,1.1566692383560049,0.0
8161,1.1256945305219095,0.0,1.1467410061074486,0.0,1.1568304006628118,0.0
8162,1.1257472386368577,0.0,1.1467898198870956,0.0,1.1570137163885268,0.0
8163,1.1257998740022825,0.0,1.1468197881410405,0.0,1.1570952600182356,0.0
8164,1.1258683548194435,0.0,1.146857837452286,0.0,1.157236768189518,0.0
8165,1.125937302829597,0.0,1.1469069996860888,0.0,1.1573475470419,0.0
8166,1.1259836857017795,0.0,1.1468363991579078,0.0,1.1573675129650867,0.0
8167,1.1265355669196315,0.0,1.1480683936075513,0.0,1.1582558647336512,0.0
8168,1.1264231278875274,0.0,1.14597880924594,0.0,1.157438397817099,0.0
8169,1.1260714072150826,0.0,1.1445578686071762,0.0,1.1557049731588642,0.0
8170,1.1257737277245898,0.0,1.1436075773794698,0.0,1.1543500132534863,0.0
8171,1.1255585960999503,0.0,1.1430133458614935,0.0,1.1536035740505866,0.0
8172,1.125363596055535,0.0,1.142524633908209,0.0,1.1529429109413598,0.0
8173,1.1251824338575336,0.0,1.142039225056104,0.0,1.1523445786109925,0.0
8174,1.1249919789362424,0.0,1.141326118343162,0.0,1.1515686455754963,0.0
8175,1.1247835826192687,0.0,1.140677165005478,0.0,1.1506384306118975,0.0
8176,1.1245942331165355,0.0,1.14014877017729,0.0,1.150054166913111,0.0
8177,1.1244592622299436,0.0,1.139863203897113,0.0,1.149756582320738,0.0
8178,1.1243493546851053,0.0,1.1394871110650189,0.0,1.1493828724111166,0.0
8179,1.1243160525490612,0.0,1.1391154781068134,0.0,1.1490500999893667,0.0
8180,1.125122280128188,0.0,1.1457574106738204,0.0,1.156664491515736,0.0
8181,1.1253306177083686,0.0,1.1455725950466353,0.0,1.1564469636661832,0.0
8182,1.1254971786532944,0.0,1.14613578561358,0.0,1.1570462075048724,0.0
8183,1.1255797705426958,0.0,1.1461485354682333,0.0,1.1570817621820249,0.0
8184,1.1255636326925835,0.0,1.1465912929772621,0.0,1.156609249237784,0.0
8185,1.1255940338239263,0.0,1.1467137749806697,0.0,1.1567309928894367,0.0
8186,1.1256348932969351,0.0,1.1468119206134142,0.0,1.156876760113673,0.0
8187,1.1256789210989804,0.0,1.14681041653656,0.0,1.156975654113387,0.0
8188,1.1257229988029536,0.0,1.1468368594891443,0.0,1.1570676022861321,0.0
8189,1.1257652813036656,0.0,1.146874137048779,0.0,1.1571280137701503,0.0
8190,1.1257946187448382,0.0,1.1467974745063572,0.0,1.157125404914608,0.0
8191,1.1262288024019511,0.0,1.1479119574211356,0.0,1.1580144908740262,0.0
8192,1.126059586893076,0.0,1.1451157290011376,0.0,1.1565688829607714,0.0
8193,1.1257254600263158,0.0,1.14365169216529,0.0,1.154745872271602,0.0
8194,1.1254470870011113,0.0,1.1426797171982488,0.0,1.1532788752300265,0.0
8195,1.1252563122991166,0.0,1.1421797415055106,0.0,1.1526451366260966,0.0
8196,1.1251426486838334,0.0,1.1421589166029122,0.0,1.1526501108933005,0.0
8197,1.1249714111572988,0.0,1.1415877561586123,0.0,1.1518767464696646,0.0
8198,1.1247715942945893,0.0,1.1407016465939506,0.0,1.1508099788287454,0.0
8199,1.124621487012408,0.0,1.140469479518095,0.0,1.150416788198852,0.0
8200,1.1244832244609646,0.0,1.1400332800396606,0.0,1.1499888842841877,0.0
8201,1.1243606038323013,0.0,1.1396962147778968,0.0,1.1496473699877547,0.0
8202,1.1242352832758487,0.0,1.139249046494747,0.0,1.1491554604484802,0.0
8203,1.1241872134839606,0.0,1.1387125524871373,0.0,1.1485739605746725,0.0
8204,1.1250041528258157,0.0,1.1456780717615136,0.0,1.156537451618023,0.0
8205,1.125220943876857,0.0,1.1454480976936854,0.0,1.1563262387544366,0.0
8206,1.1253939369310122,0.0,1.1460651134926296,0.0,1.1570244532064797,0.0
8207,1.1254672897704798,0.0,1.1460734518769051,0.0,1.157032433879093,0.0
8208,1.125456849514619,0.0,1.1465552764646096,0.0,1.1565773279399425,0.0
8209,1.1254860794442747,0.0,1.146660161504255,0.0,1.1566813750277263,0.0
8210,1.1255250049153707,0.0,1.1467539962081923,0.0,1.156773185206855,0.0
8211,1.12556816964827,0.0,1.146770906813702,0.0,1.1568224678610106,0.0
8212,1.1256197994941404,0.0,1.1467688491379928,0.0,1.1569492287778864,0.0
8213,1.1256652480577751,0.0,1.1467979569848434,0.0,1.157016550207976,0.0
8214,1.1257106743727834,0.0,1.1467773118327191,0.0,1.1570801025223443,0.0
8215,1.125756993446077,0.0,1.1468042765772706,0.0,1.1570992339792365,0.0
8216,1.1260480988593193,0.0,1.1461580628921988,0.0,1.1576233206373172,0.0
8217,1.1264694299155749,0.0,1.1476640214706981,0.0,1.1581722630617728,0.0
8218,1.1261854670398288,0.0,1.1464142347003143,0.0,1.1573086695121144,0.0
8219,1.126000777144171,0.0,1.1453014793328578,0.0,1.1561834961467206,0.0
8220,1.1258607195343715,0.0,1.1446275309061344,0.0,1.155397004939941,0.0
8221,1.125744863144977,0.0,1.1441791375081265,0.0,1.1548876136551025,0.0
8222,1.1256449338118748,0.0,1.1438106394771772,0.0,1.154464508818884,0.0
8223,1.1255776575108145,0.0,1.1436531480615921,0.0,1.1543266212667906,0.0
8224,1.1255549782406922,0.0,1.143727809925288,0.0,1.15457313064478,0.0
8225,1.1258123078820401,0.0,1.1460112754080043,0.0,1.1569507534679522,0.0
8226,1.125874427416382,0.0,1.1456808952313764,0.0,1.1566547013063517,0.0
8227,1.1259797236887938,0.0,1.1461667410299319,0.0,1.1572417708433846,0.0
8228,1.1258686674829261,0.0,1.1463626534859943,0.0,1.1564124605659007,0.0
8229,1.1258718183798206,0.0,1.146353064014913,0.0,1.156629748338478,0.0
8230,1.1259402970655412,0.0,1.146768410107742,0.0,1.1571613628153605,0.0
8231,1.1259920895736295,0.0,1.1468108751733321,0.0,1.1573021134044574,0.0
8232,1.1260705254788352,0.0,1.146904121539273,0.0,1.1574824736631255,0.0
8233,1.126127160581115,0.0,1.1469649478480506,0.0,1.1575732529240852,0.0
8234,1.1262108787607323,0.0,1.1470116934057055,0.0,1.1577164033468605,0.0
8235,1.126269433119354,0.0,1.1470875581675055,0.0,1.1577638273519084,0.0
8236,1.1263619781907954,0.0,1.1471293428128404,0.0,1.1578831888749144,0.0
8237,1.1264129276356636,0.0,1.147206685689766,0.0,1.1579086653098054,0.0
8238,1.126506803766525,0.0,1.1472325700012496,0.0,1.1580126084366162,0.0
8239,1.1265679526581789,0.0,1.14731112414404,0.0,1.1580312462425177,0.0
8240,1.1266348387023817,0.0,1.1470986546716575,0.0,1.1579661473532938,0.0
8241,1.1266380844983181,0.0,1.1470369623726715,0.0,1.1578922223299895,0.0
8242,1.1265979556634427,0.0,1.1469638608055501,0.0,1.1578009541078267,0.0
8243,1.1264858002813003,0.0,1.1469088390201958,0.0,1.1575791666883868,0.0
8244,1.1264340371532868,0.0,1.1468348953725025,0.0,1.1575670072912632,0.0
8245,1.126359838377356,0.0,1.1466837744408764,0.0,1.1574439722353227,0.0
8246,1.1263099305769126,0.0,1.1464898492303868,0.0,1.1573111354441519,0.0
8247,1.1262239741239168,0.0,1.146251750458869,0.0,1.1569403128897182,0.0
8248,1.1261773015267282,0.0,1.1461344122031076,0.0,1.1568553227907623,0.0
8249,1.1261669650100241,0.0,1.1462497995162837,0.0,1.1569608944400445,0.0
8250,1.1262569385648933,0.0,1.146506189061354,0.0,1.1574787158689273,0.0
8251,1.1263922828353399,0.0,1.1469954298086722,0.0,1.1578338963232737,0.0
8252,1.126533113613973,0.0,1.1471038744909854,0.0,1.1580142695376896,0.0
8253,1.1266014106130509,0.0,1.14718989522652,0.0,1.1580475796122571,0.0
8254,1.1267511460510982,0.0,1.147387407071312,0.0,1.1582524936315446,0.0
8255,1.1267952436832525,0.0,1.1474717003286552,0.0,1.158268957260171,0.0
8256,1.1268927417424752,0.0,1.147542360862963,0.0,1.1583694312252606,0.0
8257,1.126894271391607,0.0,1.1476004963775683,0.0,1.158358409968512,0.0
8258,1.1269290864532877,0.0,1.1476131691012086,0.0,1.1584081753518733,0.0
8259,1.1269175871253339,0.0,1.1476542464300696,0.0,1.1583818281096951,0.0
8260,1.1269688122847787,0.0,1.1476713069577886,0.0,1.1584422320638614,0.0
8261,1.1269601672000062,0.0,1.1477097019107032,0.0,1.1584191110480153,0.0
8262,1.1269819424122418,0.0,1.1476330414871123,0.0,1.1584352736614625,0.0
8263,1.1281177482010651,0.0,1.1492702988525816,0.0,1.1594184164021202,0.0
8264,1.1281101041468704,0.0,1.1485806925611333,0.0,1.159269508117836,0.0
8265,1.127673006878214,0.0,1.1479790757414607,0.0,1.158825574600669,0.0
8266,1.127356455692703,0.0,1.147585935223606,0.0,1.1584276161624811,0.0
8267,1.1271227462699585,0.0,1.1471616224471992,0.0,1.1580878970387876,0.0
8268,1.1269312179196935,0.0,1.1467389268945838,0.0,1.157609950271546,0.0
8269,1.1267401860728705,0.0,1.146234868180099,0.0,1.157027654790183,0.0
8270,1.1265496752098991,0.0,1.1455800073620475,0.0,1.1563847891472308,0.0
8271,1.1263931371217262,0.0,1.145242148074183,0.0,1.1559297482921105,0.0
8272,1.1262345882733447,0.0,1.144742270873768,0.0,1.1553954404329565,0.0
8273,1.126091820450485,0.0,1.1443087375097971,0.0,1.154957557259055,0.0
8274,1.1259428710489552,0.0,1.1437665500015903,0.0,1.1544122509535464,0.0
8275,1.1258418207034437,0.0,1.1434004288245285,0.0,1.1540873238191685,0.0
8276,1.126174933276697,0.0,1.1466612586210112,0.0,1.1576288725124115,0.0
8277,1.1262352347342701,0.0,1.1465380711389002,0.0,1.157522044110082,0.0
8278,1.1263173237011708,0.0,1.1468377232946694,0.0,1.157779552398145,0.0
8279,1.1263357131749332,0.0,1.1468306357315499,0.0,1.1577824627579676,0.0
8280,1.1262092126385912,0.0,1.1472187738498272,0.0,1.1572331069611634,0.0
8281,1.1261940858971906,0.0,1.1472002537138604,0.0,1.157352801742558,0.0
8282,1.1262108865446254,0.0,1.1471945198171742,0.0,1.157472622008973,0.0
8283,1.1262495570845326,0.0,1.1471602303004236,0.0,1.157592281238755,0.0
8284,1.1262845964323658,0.0,1.1471981748633473,0.0,1.1576627123947572,0.0
8285,1.1263308050758738,0.0,1.1472169840751978,0.0,1.1577465680226355,0.0
8286,1.126341170598003,0.0,1.147164734733394,0.0,1.1577182985749277,0.0
8287,1.127136203059491,0.0,1.1486167955404294,0.0,1.1587748578530621,0.0
8288,1.1270715825885278,0.0,1.1473302462717532,0.0,1.1584055661542279,0.0
8289,1.1266997468946458,0.0,1.1461152904158791,0.0,1.1572991729680926,0.0
8290,1.1264198340402911,0.0,1.1452889345735315,0.0,1.1561626975164283,0.0
8291,1.1262046779513255,0.0,1.1446374429141968,0.0,1.155358533686502,0.0
8292,1.1260230966713567,0.0,1.1441753032832012,0.0,1.1547587235070413,0.0
8293,1.1258371726427816,0.0,1.1436139744282796,0.0,1.1540663888911786,0.0
8294,1.1256528600106614,0.0,1.1429454906644525,0.0,1.1533620877767,0.0
8295,1.1254884265676022,0.0,1.1425680184972875,0.0,1.1527827964192243,0.0
8296,1.1253435554056475,0.0,1.142145769999957,0.0,1.1523678806059996,0.0
8297,1.1252229000657867,0.0,1.141854877127114,0.0,1.1521037677213952,0.0
8298,1.1251053648111196,0.0,1.1414556482050167,0.0,1.1517167548461222,0.0
8299,1.1250464077793663,0.0,1.141122668207297,0.0,1.1514061398227857,0.0
8300,1.125641279451195,0.0,1.1462376942908654,0.0,1.1571527700005542,0.0
8301,1.1257912859992356,0.0,1.1461324792677607,0.0,1.1570486867274319,0.0
8302,1.125930712612894,0.0,1.1465312330168413,0.0,1.157435411606549,0.0
8303,1.1259981317791348,0.0,1.1465547919831782,0.0,1.1574749087926552,0.0
8304,1.1259326482401473,0.0,1.1469518120357751,0.0,1.1569663055601678,0.0
8305,1.1259454723642695,0.0,1.1470003509899904,0.0,1.1570826578582212,0.0
8306,1.125990688933646,0.0,1.1470220283039323,0.0,1.1572457183576397,0.0
8307,1.1260599056974545,0.0,1.146988040794441,0.0,1.1573992240799025,0.0
8308,1.1261215375002325,0.0,1.1470267239839316,0.0,1.157487647742108,0.0
8309,1.126202784897241,0.0,1.147061343422302,0.0,1.1576203153104219,0.0
8310,1.1262639423171947,0.0,1.14701553942694,0.0,1.1576618129398732,0.0
8311,1.1269478097302537,0.0,1.148343854821282,0.0,1.158582803597666,0.0
8312,1.126866666715551,0.0,1.1468356025214128,0.0,1.1581016764537986,0.0
8313,1.126540885109093,0.0,1.1456245847947795,0.0,1.156776970128685,0.0
8314,1.1262161868263199,0.0,1.1446435083335968,0.0,1.1554045310023149,0.0
8315,1.1259580739346415,0.0,1.1438570389796914,0.0,1.1543915702081864,0.0
8316,1.1257447699212602,0.0,1.1433227277769042,0.0,1.153762606001995,0.0
8317,1.1255109332403497,0.0,1.14262015503605,0.0,1.1527971278353764,0.0
8318,1.1252814325271951,0.0,1.1417858987026648,0.0,1.1518180250306564,0.0
8319,1.1250574177910997,0.0,1.1414105020197058,0.0,1.1511250274030806,0.0
8320,1.1248822852383171,0.0,1.1409003878567292,0.0,1.1506650460106929,0.0
8321,1.1247898119764423,0.0,1.1406970121744482,0.0,1.1506899550793892,0.0
8322,1.1247686284932423,0.0,1.1408563068392095,0.0,1.1509849527029723,0.0
8323,1.1247669958952038,0.0,1.1408323437806127,0.0,1.151121250989058,0.0
8324,1.125525443201494,0.0,1.146100837808554,0.0,1.157037566022216,0.0
8325,1.1257598502548347,0.0,1.1461821044248546,0.0,1.157106212756628,0.0
8326,1.1259519033524537,0.0,1.1465154351158389,0.0,1.1574198585279076,0.0
8327,1.1260582524498606,0.0,1.1465968366409358,0.0,1.1575017908023468,0.0
8328,1.1259889182087097,0.0,1.1469524184357827,0.0,1.1570367797110248,0.0
8329,1.126055180507276,0.0,1.1469367329512867,0.0,1.1573025529253804,0.0
8330,1.1261363580971397,0.0,1.1469962540530425,0.0,1.1574661908682533,0.0
8331,1.1262457947203761,0.0,1.1470486618108273,0.0,1.1576472842953767,0.0
8332,1.1263151510266995,0.0,1.1471377801420874,0.0,1.1577154347304852,0.0
8333,1.1264087834618117,0.0,1.1471963526344389,0.0,1.157843094520144,0.0
8334,1.126439809760706,0.0,1.147183533356204,0.0,1.1578297213755515,0.0
8335,1.1270480026085352,0.0,1.1483455206819744,0.0,1.158615382594592,0.0
8336,1.1269171082111156,0.0,1.1467922428399264,0.0,1.1580976400328342,0.0
8337,1.1265430156119052,0.0,1.145481466189733,0.0,1.1566207795318815,0.0
8338,1.1262531875416477,0.0,1.1446948688435803,0.0,1.1555564075443172,0.0
8339,1.126054845844166,0.0,1.1442148852808376,0.0,1.1549939604038606,0.0
8340,1.1258606899971197,0.0,1.1437462683544288,0.0,1.154386690397958,0.0
8341,1.1256483010894016,0.0,1.1431393684878393,0.0,1.1536162627795468,0.0
8342,1.125449149611843,0.0,1.1424908832762344,0.0,1.1529326986700403,0.0
8343,1.125286800315608,0.0,1.14217985395895,0.0,1.1524673106022214,0.0
8344,1.1251548219126086,0.0,1.1418785005000804,0.0,1.1522120822744024,0.0
8345,1.1250339023841711,0.0,1.141580071131808,0.0,1.1519166728069814,0.0
8346,1.1249103297293965,0.0,1.141156776549897,0.0,1.151478869251695,0.0
8347,1.1248488804705659,0.0,1.1408237568392006,0.0,1.1511652822871603,0.0
8348,1.1255532133547916,0.0,1.1461837352947621,0.0,1.1571000125986948,0.0
8349,1.1257307118203967,0.0,1.146131455769992,0.0,1.157059108879889,0.0
8350,1.1258865420238298,0.0,1.146515189241387,0.0,1.157410238713759,0.0
8351,1.1259610823088342,0.0,1.1465557109018525,0.0,1.1574631246860734,0.0
8352,1.1258946578216027,0.0,1.14697475274446,0.0,1.1569881791183076,0.0
8353,1.1259076243731232,0.0,1.1470185287685786,0.0,1.1570932777297953,0.0
8354,1.1259459039906514,0.0,1.1470355609116432,0.0,1.1572445027234055,0.0
8355,1.1259846444593595,0.0,1.1470473213039658,0.0,1.1573008888208203,0.0
8356,1.1260367872239392,0.0,1.1470641397245822,0.0,1.1574026284206071,0.0
8357,1.1261053449432075,0.0,1.1470802212061848,0.0,1.157512349814929,0.0
8358,1.1261505415407136,0.0,1.1469991522800431,0.0,1.1575378585918457,0.0
8359,1.1266840946795469,0.0,1.148162792504422,0.0,1.1583552047993642,0.0
8360,1.126573847512934,0.0,1.1461663029220746,0.0,1.1575955260940898,0.0
8361,1.1262362740433531,0.0,1.1448455327255662,0.0,1.1559811925701846,0.0
8362,1.125952371259133,0.0,1.1439711792131106,0.0,1.1547380676694545,0.0
8363,1.1257427129979498,0.0,1.1433953507284735,0.0,1.1540290128258168,0.0
8364,1.1255133302344125,0.0,1.1427016232867857,0.0,1.1530951305665909,0.0
8365,1.1252827635552272,0.0,1.141970751287271,0.0,1.1522293981666691,0.0
8366,1.1250433379609879,0.0,1.141017377336028,0.0,1.1510182339556296,0.0
8367,1.1249022708417564,0.0,1.1409433341480704,0.0,1.1509240373036567,0.0
8368,1.1247593953978705,0.0,1.140553665950221,0.0,1.1505425898755868,0.0
8369,1.1246410805898552,0.0,1.1402915286547481,0.0,1.1502868200357215,0.0
8370,1.1245394455315179,0.0,1.1399903767930444,0.0,1.1500054672714362,0.0
8371,1.124505626067473,0.0,1.1397324803319566,0.0,1.1497833188782163,0.0
8372,1.1252950639596389,0.0,1.1459528244555197,0.0,1.1568271452774246,0.0
8373,1.125505807879699,0.0,1.14585244818007,0.0,1.1567352291801525,0.0
8374,1.1256770604302515,0.0,1.1463147694533606,0.0,1.1571893544029876,0.0
8375,1.1257652866440504,0.0,1.1463514886665798,0.0,1.157245838377218,0.0
8376,1.1257322284673799,0.0,1.146756184980492,0.0,1.1567712151622953,0.0
8377,1.1257688219136726,0.0,1.1468377784375112,0.0,1.156908980994079,0.0
8378,1.1258326013696096,0.0,1.1468709785936353,0.0,1.1570991073044683,0.0
8379,1.1258983059557734,0.0,1.1468622514657947,0.0,1.1572200465456617,0.0
8380,1.1259705537332745,0.0,1.1469119260859157,0.0,1.1573387443054226,0.0
8381,1.1260784892559186,0.0,1.1469504001073225,0.0,1.1575140575022675,0.0
8382,1.1261920062345105,0.0,1.1469959824216414,0.0,1.157637483340963,0.0
8383,1.1263265748969502,0.0,1.1470688180102822,0.0,1.1577752081135433,0.0
8384,1.1267311708322687,0.0,1.1470023176135786,0.0,1.1582067172450408,0.0
8385,1.1272341155208219,0.0,1.1482472834054143,0.0,1.1587009682700533,0.0
8386,1.1268413191421611,0.0,1.1473582399009945,0.0,1.1579974396911332,0.0
8387,1.1265243576490223,0.0,1.1464097295990123,0.0,1.1571873236907506,0.0
8388,1.1262760300311716,0.0,1.1452767643466786,0.0,1.155929840516067,0.0
8389,1.1260565580010513,0.0,1.1444169105803816,0.0,1.154834441655528,0.0
8390,1.125841128551871,0.0,1.1434667491508594,0.0,1.1535363353516732,0.0
8391,1.1256658208359123,0.0,1.1427707585186242,0.0,1.1527324567716764,0.0
8392,1.1256269052097163,0.0,1.1431902664193012,0.0,1.1538073674706488,0.0
8393,1.1259029627640735,0.0,1.1461566702879606,0.0,1.1569353546734369,0.0
8394,1.125968214184472,0.0,1.1458083347503563,0.0,1.156672637392762,0.0
8395,1.1260703988917735,0.0,1.1462522496690934,0.0,1.157250377531284,0.0
8396,1.1259888787698387,0.0,1.146484928177703,0.0,1.1565445066944764,0.0
8397,1.1259896118213244,0.0,1.1464619585632734,0.0,1.156688522979391,0.0
8398,1.1260679472394273,0.0,1.1468386924050593,0.0,1.1572845192751455,0.0
8399,1.1261064795258944,0.0,1.1469096361393802,0.0,1.1573815793845506,0.0
8400,1.1261675182891384,0.0,1.1470106588540105,0.0,1.1575425267559372,0.0
8401,1.126209196337004,0.0,1.1470740444320424,0.0,1.1576174676134072,0.0
8402,1.1262569271892677,0.0,1.147115473299664,0.0,1.1577241564745222,0.0
8403,1.1262819965538482,0.0,1.1471820264789763,0.0,1.1577458241896352,0.0
8404,1.1263317598573277,0.0,1.147202898215467,0.0,1.157825672199542,0.0
8405,1.1263716300057385,0.0,1.1472505793447951,0.0,1.157859397441298,0.0
8406,1.1264278534086578,0.0,1.1472513760547027,0.0,1.157928266854422,0.0
8407,1.1264684503702271,0.0,1.1472952443528486,0.0,1.1579430774304542,0.0
8408,1.126476868034874,0.0,1.146960182014961,0.0,1.1577458490984707,0.0
8409,1.1264610572697815,0.0,1.1468218958487946,0.0,1.1576431131087093,0.0
8410,1.1264695236974842,0.0,1.1467891246760713,0.0,1.1576514135325502,0.0
8411,1.126453537280852,0.0,1.14682376425923,0.0,1.1576211029110985,0.0
8412,1.1264562155828621,0.0,1.1468585945408263,0.0,1.1576693126556912,0.0
8413,1.1264163904080307,0.0,1.1468088981378377,0.0,1.1575823516960375,0.0
8414,1.1263993702782005,0.0,1.1467511885625055,0.0,1.157584033361648,0.0
8415,1.1263756537786653,0.0,1.146713543972634,0.0,1.157535741978402,0.0
8416,1.1263734955794888,0.0,1.1466704359311013,0.0,1.1575608660911043,0.0
8417,1.1263735476143717,0.0,1.1466701292960628,0.0,1.1575592899135014,0.0
8418,1.1264169992340547,0.0,1.1467112788126634,0.0,1.1576961269429271,0.0
8419,1.126489987183838,0.0,1.1470961271567826,0.0,1.1579213787578668,0.0
8420,1.126549925695731,0.0,1.1471570566394518,0.0,1.1580118079935975,0.0
8421,1.126566540006856,0.0,1.147187885741957,0.0,1.1580129519544127,0.0
8422,1.1266389008851232,0.0,1.1473600280210985,0.0,1.1581636899090066,0.0
8423,1.1266561245013054,0.0,1.147405723906234,0.0,1.1581752724169532,0.0
8424,1.126709961350849,0.0,1.1474581768506649,0.0,1.1582403498651688,0.0
8425,1.1267205813447345,0.0,1.1474996161772444,0.0,1.1582461246211189,0.0
8426,1.1267392055514849,0.0,1.1475013423422704,0.0,1.1582712101660122,0.0
8427,1.1267386307611598,0.0,1.1475267050912241,0.0,1.158257903187598,0.0
8428,1.1267677951964574,0.0,1.1475297326132174,0.0,1.1582933282877024,0.0
8429,1.1267704504128384,0.0,1.1475570765072234,0.0,1.158283124020119,0.0
8430,1.1267770397865011,0.0,1.1474712551028035,0.0,1.1582764191806276,0.0
8431,1.1279078104289417,0.0,1.1491694010352844,0.0,1.159313386682942,0.0
8432,1.1279326365832991,0.0,1.1484219991105833,0.0,1.1591687890069184,0.0
8433,1.1275040449553058,0.0,1.147785133799658,0.0,1.158706605931807,0.0
8434,1.1271949432501558,0.0,1.1473635501891892,0.0,1.1582756051383525,0.0
8435,1.1269607763126468,0.0,1.146865499955692,0.0,1.1578109444094973,0.0
8436,1.1267288933607964,0.0,1.1462691498901427,0.0,1.1570134084505552,0.0
8437,1.1265272493499148,0.0,1.1456759751584735,0.0,1.1563077094449987,0.0
8438,1.1263553519059306,0.0,1.1450280711461225,0.0,1.1557131866911454,0.0
8439,1.126204764098837,0.0,1.1446710866177212,0.0,1.1551872460771309,0.0
8440,1.1260224739804732,0.0,1.1439339970402784,0.0,1.154335598787107,0.0
8441,1.1258819928294528,0.0,1.143532485755133,0.0,1.1539480870913765,0.0
8442,1.1257835014676032,0.0,1.1433173984985812,0.0,1.1538509751878743,0.0
8443,1.125742658610628,0.0,1.1432512039008207,0.0,1.1539067960102636,0.0
8444,1.126136927691607,0.0,1.1466059574879022,0.0,1.1575826125605408,0.0
8445,1.1262610396037627,0.0,1.1466073436708646,0.0,1.157578188021517,0.0
8446,1.1263909874401643,0.0,1.1468718123566524,0.0,1.157810626438796,0.0
8447,1.1264437101997515,0.0,1.146900967970245,0.0,1.1578430838698894,0.0
8448,1.1263146899307814,0.0,1.1472122109191032,0.0,1.1573147211340267,0.0
8449,1.126368299202436,0.0,1.1471399491808725,0.0,1.15761423646573,0.0
8450,1.1264309460095376,0.0,1.1471804111271546,0.0,1.1577417557816172,0.0
8451,1.1264855563540295,0.0,1.1472248127823776,0.0,1.1578584843194522,0.0
8452,1.1264750588296237,0.0,1.1473087819577326,0.0,1.1578375110846946,0.0
8453,1.1265116857519155,0.0,1.1473299381941402,0.0,1.1579201013279312,0.0
8454,1.1265045055081369,0.0,1.1472816978932756,0.0,1.1578644236114217,0.0
8455,1.1273218992050738,0.0,1.14870185078994,0.0,1.158886097872185,0.0
8456,1.127271582861886,0.0,1.14754177740813,0.0,1.1585615319978373,0.0
8457,1.1269066717830756,0.0,1.1464689127873258,0.0,1.157628080448135,0.0
8458,1.1265457205640204,0.0,1.1453972909088739,0.0,1.1561573773202058,0.0
8459,1.1262657354329166,0.0,1.144479053922043,0.0,1.1550143228731955,0.0
8460,1.1260622670540188,0.0,1.144004729584125,0.0,1.1544524830919833,0.0
8461,1.1258507300284075,0.0,1.1433865822827949,0.0,1.1536874443362553,0.0
8462,1.1256405799336284,0.0,1.142635512743897,0.0,1.1528721644817024,0.0
8463,1.1254701646210383,0.0,1.1423183472035456,0.0,1.1524238746318587,0.0
8464,1.1253295715089395,0.0,1.1419763140186485,0.0,1.1521224404816919,0.0
8465,1.1252166531664256,0.0,1.1417619466461055,0.0,1.1519342273801045,0.0
8466,1.1251287937042258,0.0,1.1415932424329316,0.0,1.1518562835013244,0.0
8467,1.1250999598792402,0.0,1.1414666717207131,0.0,1.1518144558828884,0.0
8468,1.1257412402637732,0.0,1.1462838826881425,0.0,1.1572047726199557,0.0
8469,1.1259366767672072,0.0,1.1463285649128152,0.0,1.1572442507836853,0.0
8470,1.126111513461121,0.0,1.146646221172469,0.0,1.157549500078188,0.0
8471,1.1262061808832327,0.0,1.1467099288482567,0.0,1.1576192795099756,0.0
8472,1.126120973170222,0.0,1.1470540268837024,0.0,1.1571295680167288,0.0
8473,1.1261791089902167,0.0,1.147032326386564,0.0,1.157392957363338,0.0
8474,1.1262623143420882,0.0,1.1470757889648773,0.0,1.1575715973959424,0.0
8475,1.1263715287255844,0.0,1.1471344147576326,0.0,1.1577441020204524,0.0
8476,1.126466164735153,0.0,1.1472181286922742,0.0,1.1578502417967758,0.0
8477,1.1265791544878103,0.0,1.147297129427019,0.0,1.1579774068785464,0.0
8478,1.1266591388314429,0.0,1.1473056214236719,0.0,1.1580248058521887,0.0
8479,1.1272608478752522,0.0,1.14855613929891,0.0,1.1587910399817152,0.0
8480,1.1271828364452798,0.0,1.1472703650575884,0.0,1.1583918107200555,0.0
8481,1.1268771622272087,0.0,1.1462385410884095,0.0,1.1573520178820333,0.0
8482,1.1265093608996484,0.0,1.1451923851121675,0.0,1.1559591411621137,0.0
8483,1.1262021663664152,0.0,1.14425683503382,0.0,1.1548114691814435,0.0
8484,1.1259531690196323,0.0,1.1436397478442784,0.0,1.154037521901126,0.0
8485,1.1256993634132921,0.0,1.1429175784465893,0.0,1.1530625383212347,0.0
8486,1.1254566881729071,0.0,1.1420861084552532,0.0,1.152106948872751,0.0
8487,1.1251958406338856,0.0,1.1416588917396777,0.0,1.1512871191109548,0.0
8488,1.1249886137703826,0.0,1.1410964291440613,0.0,1.1507421579434745,0.0
8489,1.124888998543818,0.0,1.1407376330822727,0.0,1.1506656359070946,0.0
8490,1.1248944517727484,0.0,1.141075678031283,0.0,1.1512034359677734,0.0
8491,1.1248832334320058,0.0,1.141032474005275,0.0,1.151327717747,0.0
8492,1.1256349216092636,0.0,1.1462000212530037,0.0,1.1571060169417873,0.0
8493,1.1258773847711625,0.0,1.1462916946431285,0.0,1.1571814142592747,0.0
8494,1.126079914120585,0.0,1.1466188402706932,0.0,1.1574996110817486,0.0
8495,1.1262008528507679,0.0,1.14672732956027,0.0,1.1576024167028904,0.0
8496,1.126144603272847,0.0,1.1470284799674972,0.0,1.157209924183043,0.0
8497,1.1262446961884371,0.0,1.1470518643521,0.0,1.1575061411688414,0.0
8498,1.1263849307450178,0.0,1.1471254283638348,0.0,1.1577480276597965,0.0
8499,1.1265005462632829,0.0,1.1472369263787852,0.0,1.157865465355533,0.0
8500,1.126636979252941,0.0,1.1473326128551207,0.0,1.1580237193722445,0.0
8501,1.126726410890276,0.0,1.1474369180155766,0.0,1.1580922154871651,0.0
8502,1.1268336478388434,0.0,1.1474521935659705,0.0,1.1581899724240416,0.0
8503,1.127445977387148,0.0,1.1485993160911403,0.0,1.158872603027107,0.0
8504,1.1273318808692416,0.0,1.1473834460981824,0.0,1.1584762663438077,0.0
8505,1.1269630820562226,0.0,1.146274946269472,0.0,1.1573712188632646,0.0
8506,1.1265934202593488,0.0,1.1453020405132226,0.0,1.1561191265008788,0.0
8507,1.1262528405117032,0.0,1.1442775743604388,0.0,1.1548640664307637,0.0
8508,1.1259774542524255,0.0,1.1435730719277948,0.0,1.1540237031299139,0.0
8509,1.1257148289782886,0.0,1.1428548624845367,0.0,1.1531023402057874,0.0
8510,1.125456729100262,0.0,1.1419867299340094,0.0,1.1520935144174491,0.0
8511,1.1252279704484092,0.0,1.1415200893740687,0.0,1.1513503663637856,0.0
8512,1.1250700600305457,0.0,1.1410991400124784,0.0,1.1510747811518807,0.0
8513,1.1249566724228177,0.0,1.1409597412477281,0.0,1.1510328881959315,0.0
8514,1.124866159312695,0.0,1.1408101733624234,0.0,1.1509638595049982,0.0
8515,1.124830689231451,0.0,1.1406170473852795,0.0,1.1508423940718397,0.0
8516,1.1255681982062065,0.0,1.1461921278099636,0.0,1.157081820196374,0.0
8517,1.1257652019919877,0.0,1.1461989936118884,0.0,1.1570854921691893,0.0
8518,1.1259255311427192,0.0,1.1465323225849515,0.0,1.157410895806361,0.0
8519,1.1260040094834238,0.0,1.1465707946041863,0.0,1.1574637571698194,0.0
8520,1.12594340483122,0.0,1.146994409553401,0.0,1.1570084082249734,0.0
8521,1.1259619772175147,0.0,1.1470396440316128,0.0,1.157141873932766,0.0
8522,1.1259981415155937,0.0,1.1470460160069933,0.0,1.1572775706638134,0.0
8523,1.126033834891434,0.0,1.1470984771173935,0.0,1.157342205563078,0.0
8524,1.126081695201914,0.0,1.147124905578718,0.0,1.1574462092371798,0.0
8525,1.126120754609166,0.0,1.147175374064399,0.0,1.157496713159853,0.0
8526,1.1261564302926783,0.0,1.147056890967357,0.0,1.15753315372358,0.0
8527,1.126654757773307,0.0,1.1481870517426476,0.0,1.1583385791596104,0.0
8528,1.1265221660330078,0.0,1.1459937565647316,0.0,1.1574198445702626,0.0
8529,1.1261813909586584,0.0,1.1445862367702666,0.0,1.1557087872726266,0.0
8530,1.1258137597163016,0.0,1.143215631850128,0.0,1.1537287214498329,0.0
8531,1.1255449033967382,0.0,1.142357192999542,0.0,1.1526255886556318,0.0
8532,1.1253849955253736,0.0,1.1422281279052795,0.0,1.152487286054064,0.0
8533,1.1252290741740025,0.0,1.1418933718202273,0.0,1.152090047498514,0.0
8534,1.1250576053649475,0.0,1.1412533597742052,0.0,1.151395959414468,0.0
8535,1.1249066619506807,0.0,1.1409554992570206,0.0,1.1509184473377347,0.0
8536,1.1247840708506927,0.0,1.140681329548601,0.0,1.1507092766799785,0.0
8537,1.1246784185855092,0.0,1.1404615399990274,0.0,1.1505264715643315,0.0
8538,1.1245642610399993,0.0,1.140027890737531,0.0,1.150069175248311,0.0
8539,1.1245170294685385,0.0,1.1396361488222935,0.0,1.14966955242229,0.0
8540,1.1252968352449328,0.0,1.145957842532958,0.0,1.1568320513274388,0.0
8541,1.1254943342927286,0.0,1.1457968591831023,0.0,1.156644555434883,0.0
8542,1.1256536148374223,0.0,1.146316971849623,0.0,1.1571836872197074,0.0
8543,1.1257323469599614,0.0,1.1463347345465915,0.0,1.1572236356817172,0.0
8544,1.125711957091988,0.0,1.1467675402048643,0.0,1.1567852835582886,0.0
8545,1.125734804901463,0.0,1.1468667264954853,0.0,1.1568834683715021,0.0
8546,1.1257677863368754,0.0,1.1469570652689882,0.0,1.1570039006058086,0.0
8547,1.1258130351266515,0.0,1.1469383945573737,0.0,1.1571065426204514,0.0
8548,1.1258562748071421,0.0,1.1469649517630514,0.0,1.157177536153587,0.0
8549,1.1259031757541917,0.0,1.1469767049272648,0.0,1.157266861576896,0.0
8550,1.1259382855176283,0.0,1.1470040041404532,0.0,1.1572904583333774,0.0
8551,1.1259864261789696,0.0,1.1470116038506832,0.0,1.157358054648628,0.0
8552,1.126284494247485,0.0,1.1464529086910333,0.0,1.157836907034327,0.0
8553,1.1267231801935584,0.0,1.1479052593336838,0.0,1.1583753118735733,0.0
8554,1.1264333778848865,0.0,1.1468004187277883,0.0,1.1576162049842293,0.0
8555,1.126270124944669,0.0,1.1460197512983836,0.0,1.1569538706649307,0.0
8556,1.1261074596382696,0.0,1.145095441159809,0.0,1.1558765113360234,0.0
8557,1.1259834394598187,0.0,1.144626013641292,0.0,1.155345814327987,0.0
8558,1.1258768202094127,0.0,1.1442315108914625,0.0,1.1548914257335905,0.0
8559,1.1257861286935267,0.0,1.143928831320549,0.0,1.1545526917724733,0.0
8560,1.1257383199089235,0.0,1.1438954393182688,0.0,1.1546805073313513,0.0
8561,1.1259702725806546,0.0,1.1462002296915157,0.0,1.1570910719334422,0.0
8562,1.1260065788205544,0.0,1.145789366177874,0.0,1.1567053393361417,0.0
8563,1.1260853926032994,0.0,1.1462550970789942,0.0,1.1572754513721575,0.0
8564,1.1259773317485067,0.0,1.1464047053450344,0.0,1.1564303231162902,0.0
8565,1.1259528811988853,0.0,1.146380930816858,0.0,1.1564320230017213,0.0
8566,1.1259879564974244,0.0,1.1469128397266366,0.0,1.1570825580527386,0.0
8567,1.1260041369448464,0.0,1.1469418977306038,0.0,1.157178648683133,0.0
8568,1.1260344180968176,0.0,1.147032077249926,0.0,1.1573178005980818,0.0
8569,1.1260502604058278,0.0,1.1470932662425177,0.0,1.1573931576619907,0.0
8570,1.1260810263389562,0.0,1.1471082528443686,0.0,1.1575054378609846,0.0
8571,1.1261199613555823,0.0,1.1471155025538031,0.0,1.157586195763902,0.0
8572,1.1261564119133316,0.0,1.1471397734675948,0.0,1.1576472173950056,0.0
8573,1.1261830304487033,0.0,1.1471850434263,0.0,1.157670253267057,0.0
8574,1.1262191272948088,0.0,1.1471689128855365,0.0,1.1577210524948205,0.0
8575,1.1262494795632874,0.0,1.1471939122808303,0.0,1.1577251176677759,0.0
8576,1.1262429179856779,0.0,1.1466939000154985,0.0,1.157397673351634,0.0
8577,1.1262199909383883,0.0,1.1464694666383366,0.0,1.1572367637607135,0.0
8578,1.126209166393506,0.0,1.146411766830047,0.0,1.1571849795050084,0.0
8579,1.126177439971225,0.0,1.1464096297099147,0.0,1.1570208411412497,0.0
8580,1.1261544849097027,0.0,1.1464166007882175,0.0,1.156958189202968,0.0
8581,1.1260978456892423,0.0,1.1462157717676655,0.0,1.1566505093578119,0.0
8582,1.1260462577974701,0.0,1.1459742956230456,0.0,1.1563920776105912,0.0
8583,1.1260189702719938,0.0,1.145951256344212,0.0,1.1563421211383687,0.0
8584,1.126023090276561,0.0,1.1460017959530906,0.0,1.156537438028749,0.0
8585,1.1260350981303402,0.0,1.146041713436122,0.0,1.1566597220878636,0.0
8586,1.1260623270679435,0.0,1.1460950628532616,0.0,1.1568575299525456,0.0
8587,1.1261205911408203,0.0,1.1467651510711587,0.0,1.1574724691432103,0.0
8588,1.1261725040573607,0.0,1.1468145726612737,0.0,1.1575940493521568,0.0
8589,1.1261857580446695,0.0,1.1468456911934808,0.0,1.1575889757975528,0.0
8590,1.1262444846865414,0.0,1.147079383516737,0.0,1.1578073075534376,0.0
8591,1.1262565581399222,0.0,1.1471279230213942,0.0,1.1578162131829473,0.0
8592,1.1263016912204713,0.0,1.147178547771982,0.0,1.1578990018574955,0.0
8593,1.1263117491329384,0.0,1.1472445058734675,0.0,1.1579150467978014,0.0
8594,1.1263370247268614,0.0,1.147246702920904,0.0,1.157972356913248,0.0
8595,1.1263386563639317,0.0,1.1472881990943926,0.0,1.1579588248026358,0.0
8596,1.126367830937481,0.0,1.1472747161359638,0.0,1.1580036287736009,0.0
8597,1.1263729746790745,0.0,1.1473127744575318,0.0,1.157991820355892,0.0
8598,1.1263963378896964,0.0,1.1472813470129202,0.0,1.158022165317999,0.0
8599,1.126429144182422,0.0,1.1473126951488564,0.0,1.158020665923172,0.0
8600,1.126436299247303,0.0,1.1468788748409569,0.0,1.1577873247098585,0.0
8601,1.1263990449896133,0.0,1.1466862338491128,0.0,1.157628063525597,0.0
8602,1.1263713753504485,0.0,1.1465749030417645,0.0,1.1575603806836636,0.0
8603,1.1263060303067696,0.0,1.1465149337032017,0.0,1.15732821861124,0.0
8604,1.1263197560926301,0.0,1.1466077493141404,0.0,1.1574851573838518,0.0
8605,1.1262590519378384,0.0,1.1464591223208977,0.0,1.1572072381637033,0.0
8606,1.1261900146243697,0.0,1.1462506698862245,0.0,1.156901988100269,0.0
8607,1.12613599053808,0.0,1.146108105745537,0.0,1.1566887493347076,0.0
8608,1.126108489029663,0.0,1.1460283895732564,0.0,1.1566794041354496,0.0
8609,1.1260896763294124,0.0,1.1459779619313497,0.0,1.1566442688165628,0.0
8610,1.1261040106302322,0.0,1.1460149108455049,0.0,1.1568563597531905,0.0
8611,1.126146847892836,0.0,1.146717736115115,0.0,1.1575546105496717,0.0
8612,1.1261715909624574,0.0,1.1467138005483506,0.0,1.15760438602846,0.0
8613,1.1261758678669773,0.0,1.1467865949500422,0.0,1.1576123104687843,0.0
8614,1.1262277655645359,0.0,1.1470406537846811,0.0,1.1578361021548784,0.0
8615,1.1262307457156069,0.0,1.147081329912395,0.0,1.1578305785744094,0.0
8616,1.1262661809563952,0.0,1.1471352032424464,0.0,1.1579045529573506,0.0
8617,1.1262699616960172,0.0,1.147204462784787,0.0,1.1579164452072654,0.0
8618,1.1262775908909213,0.0,1.1472095636117214,0.0,1.157941940431224,0.0
8619,1.126281983264894,0.0,1.1472519270140267,0.0,1.1579377677487026,0.0
8620,1.126307675223345,0.0,1.1472379654344051,0.0,1.1579774274748889,0.0
8621,1.126315065683881,0.0,1.1472725732431623,0.0,1.1579653439685023,0.0
8622,1.1263414694998273,0.0,1.1471259587893823,0.0,1.1579652436084644,0.0
8623,1.1276509862372368,0.0,1.1491187026952745,0.0,1.159216431950316,0.0
8624,1.1276595042686515,0.0,1.1482430614037094,0.0,1.159036173853162,0.0
8625,1.1272009249628143,0.0,1.147485709429616,0.0,1.158530102053034,0.0
8626,1.1268965303293317,0.0,1.1470618957735192,0.0,1.158073543086314,0.0
8627,1.1266917344955045,0.0,1.1466407156651484,0.0,1.1576112663991616,0.0
8628,1.1265328342149443,0.0,1.1462994428463245,0.0,1.1570842082007975,0.0
8629,1.126382645752791,0.0,1.1458360556698723,0.0,1.1564736338206845,0.0
8630,1.126251597131038,0.0,1.1452025244244644,0.0,1.155918963763035,0.0
8631,1.1261121349185959,0.0,1.1447546009797784,0.0,1.1551878278054248,0.0
8632,1.1259822505761277,0.0,1.1441988811997361,0.0,1.1545850960946733,0.0
8633,1.1258704657513567,0.0,1.143781260610531,0.0,1.1541991293100007,0.0
8634,1.1257508796188156,0.0,1.1432200999317006,0.0,1.1536830212657767,0.0
8635,1.125673551715734,0.0,1.1427901693959015,0.0,1.15327493067947,0.0
8636,1.1259573476959834,0.0,1.1462948862462552,0.0,1.1572625565996657,0.0
8637,1.126011608534166,0.0,1.1461078192874146,0.0,1.1570228840125603,0.0
8638,1.1260821172003062,0.0,1.1465655898827056,0.0,1.157593817581384,0.0
8639,1.1260949534383877,0.0,1.1465078466793108,0.0,1.1575763285163472,0.0
8640,1.1260078485391412,0.0,1.146935406527899,0.0,1.156957299889153,0.0
8641,1.1259908584973377,0.0,1.147029115250993,0.0,1.1570495231747413,0.0
8642,1.1259912189206283,0.0,1.1470943606208128,0.0,1.1571512904465024,0.0
8643,1.1260030601336788,0.0,1.147067510300068,0.0,1.1572412108026655,0.0
8644,1.1260088267306612,0.0,1.1470875910273508,0.0,1.1572798882075337,0.0
8645,1.1260135433970162,0.0,1.1470892742674017,0.0,1.1573154420599725,0.0
8646,1.1260113677776713,0.0,1.1470071935679795,0.0,1.1572623717905386,0.0
8647,1.1267447037288911,0.0,1.1485351501247918,0.0,1.158582981136207,0.0
8648,1.126601625567397,0.0,1.1467622937675106,0.0,1.1579809614029175,0.0
8649,1.1263169443983907,0.0,1.145366429371031,0.0,1.1565285591578103,0.0
8650,1.1260776451538723,0.0,1.1444878500420068,0.0,1.1551636599260462,0.0
8651,1.125898514726138,0.0,1.143853013939457,0.0,1.1543509457362038,0.0
8652,1.1257395482728234,0.0,1.1433979652919917,0.0,1.1537279545815813,0.0
8653,1.125571017630328,0.0,1.1428067102006327,0.0,1.1529509083216198,0.0
8654,1.1253984702978534,0.0,1.1420406626670392,0.0,1.152120994565702,0.0
8655,1.1252397686269573,0.0,1.1418577167217299,0.0,1.1517474825426275,0.0
8656,1.1251005743254903,0.0,1.141360759614724,0.0,1.151290303685383,0.0
8657,1.1249806021309925,0.0,1.140983452183815,0.0,1.1509447884678843,0.0
8658,1.124857896009509,0.0,1.1404840198422885,0.0,1.1504328513722446,0.0
8659,1.1248023112203402,0.0,1.1400139488824916,0.0,1.1499372387475892,0.0
8660,1.1254297664378037,0.0,1.1459421863698693,0.0,1.1567855245858572,0.0
8661,1.1255931213962018,0.0,1.1457342429153403,0.0,1.15655470034176,0.0
8662,1.1257320537114315,0.0,1.1463011896032314,0.0,1.1572263384243655,0.0
8663,1.125796905471643,0.0,1.1462859648982278,0.0,1.157243851520495,0.0
8664,1.1257714746544494,0.0,1.146717568945733,0.0,1.1567378856155723,0.0
8665,1.1257889970839938,0.0,1.1468132388421122,0.0,1.1568321284713103,0.0
8666,1.125817356010683,0.0,1.1468993273845984,0.0,1.1569490629681796,0.0
8667,1.125857153897993,0.0,1.1468959969108294,0.0,1.15707238954447,0.0
8668,1.1258948607054875,0.0,1.1469343568906838,0.0,1.1571548961362113,0.0
8669,1.1259367922932786,0.0,1.146947604618355,0.0,1.1572455724580673,0.0
8670,1.1259608726262016,0.0,1.146907036867188,0.0,1.1572168204331599,0.0
8671,1.1265427435431272,0.0,1.1482287490905936,0.0,1.158334810963923,0.0
8672,1.1264087747418807,0.0,1.14603046195039,0.0,1.1574575275964105,0.0
8673,1.126100263425968,0.0,1.1445856020368046,0.0,1.155684552795529,0.0
8674,1.1258254099349414,0.0,1.1436250123685525,0.0,1.1542442504921984,0.0
8675,1.1256282244492188,0.0,1.1430426554503794,0.0,1.1534952689132463,0.0
8676,1.125464313366161,0.0,1.142668275430586,0.0,1.1529817945908365,0.0
8677,1.125283637776651,0.0,1.1420897343122516,0.0,1.1522359568506715,0.0
8678,1.1250992508720057,0.0,1.141338718864035,0.0,1.1514054022403706,0.0
8679,1.1249447113402518,0.0,1.1411803334393567,0.0,1.1510734464057062,0.0
8680,1.1247952999074768,0.0,1.1406919591952351,0.0,1.1505967777051767,0.0
8681,1.124685380977249,0.0,1.1404187163787332,0.0,1.1503470687410027,0.0
8682,1.1245850859405169,0.0,1.140037757613177,0.0,1.1499910104428779,0.0
8683,1.1245551280511998,0.0,1.139745424787147,0.0,1.1497329053493852,0.0
8684,1.125299936817468,0.0,1.1458536355595321,0.0,1.1567630455173261,0.0
8685,1.1254976997275628,0.0,1.1457115474167543,0.0,1.1565680928364492,0.0
8686,1.125660552973542,0.0,1.1462473767752441,0.0,1.1571509474731763,0.0
8687,1.1257471549641511,0.0,1.1462674769604237,0.0,1.157198015209888,0.0
8688,1.1257303001754848,0.0,1.1466941821662098,0.0,1.1567107205752485,0.0
8689,1.1257730099858128,0.0,1.1467852324025758,0.0,1.156862073282791,0.0
8690,1.125834556636272,0.0,1.1468414113350929,0.0,1.1570594567244088,0.0
8691,1.1258952886213185,0.0,1.1468615362137824,0.0,1.1571841949350745,0.0
8692,1.1259655126280905,0.0,1.146898689095947,0.0,1.157300304686947,0.0
8693,1.1260604116265918,0.0,1.1469208466549106,0.0,1.157463182404108,0.0
8694,1.1261131392117165,0.0,1.1468995797007686,0.0,1.1574786212382364,0.0
8695,1.1266732282352103,0.0,1.148101406234262,0.0,1.1583441494258542,0.0
8696,1.1265711548454875,0.0,1.1461863320255674,0.0,1.157594506935648,0.0
8697,1.126256750791328,0.0,1.1449484522794322,0.0,1.1560838932407433,0.0
8698,1.1259923864562051,0.0,1.144175328482407,0.0,1.1549710041914454,0.0
8699,1.125757852423806,0.0,1.1434583096779773,0.0,1.1540317650674488,0.0
8700,1.125554436854348,0.0,1.1429429856976692,0.0,1.1533483388333916,0.0
8701,1.1253666904848085,0.0,1.1424583361312695,0.0,1.1527794554692399,0.0
8702,1.1251823396485443,0.0,1.1418343370557442,0.0,1.1521187443615144,0.0
8703,1.125008863114865,0.0,1.1414337356488375,0.0,1.1514912168610987,0.0
8704,1.124873414206176,0.0,1.1411076665914521,0.0,1.1511987980524332,0.0
8705,1.124773355611302,0.0,1.1409402719216315,0.0,1.1510557404915887,0.0
8706,1.1247140580343513,0.0,1.1408940064977908,0.0,1.1511347371728804,0.0
8707,1.1247197228173569,0.0,1.1408762449476062,0.0,1.1512399957765147,0.0
8708,1.1255057678413296,0.0,1.1460541210675284,0.0,1.1570215716672596,0.0
8709,1.1257467898408469,0.0,1.1461510141159632,0.0,1.1570936426781109,0.0
8710,1.125952513583075,0.0,1.146505075186144,0.0,1.1574208512061113,0.0
8711,1.1260788032473323,0.0,1.146612315377894,0.0,1.1575235702142246,0.0
8712,1.12602401186198,0.0,1.1469513543441356,0.0,1.1571171714042237,0.0
8713,1.1261203447012538,0.0,1.146946880815778,0.0,1.1574090812732583,0.0
8714,1.126251661090722,0.0,1.1470140477117836,0.0,1.1576408029775769,0.0
8715,1.1263843620238747,0.0,1.1471182485060518,0.0,1.1577980375840176,0.0
8716,1.1265066468613132,0.0,1.1472201100471884,0.0,1.1579265647636823,0.0
8717,1.1266201209057836,0.0,1.1473207824594813,0.0,1.1580341484828005,0.0
8718,1.1267151411640954,0.0,1.1473919797403027,0.0,1.1581140648806727,0.0
8719,1.1268131449663592,0.0,1.1474738486756613,0.0,1.1581886096296794,0.0
8720,1.1272059966115864,0.0,1.1475098965953654,0.0,1.1585630093588628,0.0
8721,1.127713719385177,0.0,1.1486298460986855,0.0,1.1590288284860784,0.0
8722,1.1273351223876131,0.0,1.1479117499600693,0.0,1.1584861880722435,0.0
8723,1.1270609549104196,0.0,1.1474087525614904,0.0,1.1580349686049025,0.0
8724,1.1268249965293193,0.0,1.146709520419649,0.0,1.1575038271648654,0.0
8725,1.1266581472897572,0.0,1.146219204333768,0.0,1.1570173250988844,0.0
8726,1.1264994554899748,0.0,1.1457371862812535,0.0,1.1564692923462194,0.0
8727,1.1263393573681681,0.0,1.1452044556823096,0.0,1.1558451576559787,0.0
8728,1.1262350461416717,0.0,1.1449156333952426,0.0,1.1556764999469262,0.0
8729,1.1264042827059821,0.0,1.1468235619437726,0.0,1.1575980378318105,0.0
8730,1.126490859298583,0.0,1.1466596557618312,0.0,1.1575575598963979,0.0
8731,1.1266007275255907,0.0,1.1469303219263,0.0,1.1578974666370192,0.0
8732,1.1264782212179947,0.0,1.1470916256067782,0.0,1.1573792570363015,0.0
8733,1.1265333000774145,0.0,1.1470728893283524,0.0,1.1576613554020163,0.0
8734,1.1266648794826692,0.0,1.1473488661364943,0.0,1.1579885890507686,0.0
8735,1.1267504336796013,0.0,1.147435018107759,0.0,1.1580919878379679,0.0
8736,1.1268555635882482,0.0,1.14751879096483,0.0,1.1582053983985743,0.0
8737,1.1269297396351001,0.0,1.1475930457773733,0.0,1.158279002321332,0.0
8738,1.1270158121540819,0.0,1.147667937026985,0.0,1.158371495024066,0.0
8739,1.1271022625088833,0.0,1.1477540719164345,0.0,1.1584431766430985,0.0
8740,1.1272069432116156,0.0,1.14784222491099,0.0,1.1585408068224217,0.0
8741,1.1272810452929223,0.0,1.147925467048034,0.0,1.1585950605602695,0.0
8742,1.127381042514772,0.0,1.1479939109633477,0.0,1.1586776839791582,0.0
8743,1.1274548305811338,0.0,1.1480660412102153,0.0,1.1587212196282908,0.0
8744,1.1275155239996433,0.0,1.147989536479115,0.0,1.158705939183439,0.0
8745,1.127536740690302,0.0,1.147963236807119,0.0,1.1586942148737605,0.0
8746,1.1275474802822263,0.0,1.1479602345383866,0.0,1.1586939392416493,0.0
8747,1.1274345033612587,0.0,1.1479000366610732,0.0,1.158566026632223,0.0
8748,1.127376355320399,0.0,1.147863942011156,0.0,1.1585339111863617,0.0
8749,1.1272752867459428,0.0,1.147765241996586,0.0,1.1584316548264797,0.0
8750,1.1272009698366041,0.0,1.147657381592473,0.0,1.1583828432021301,0.0
8751,1.1270891165140404,0.0,1.147521940977297,0.0,1.1582461897197645,0.0
8752,1.1270024182059835,0.0,1.1473707007292409,0.0,1.1581478190060575,0.0
8753,1.126964152244443,0.0,1.1473798800004136,0.0,1.1581249291884643,0.0
8754,1.127058968813854,0.0,1.1474644681302688,0.0,1.1583081101822286,0.0
8755,1.1272048636089835,0.0,1.147758398803403,0.0,1.1585279148925591,0.0
8756,1.1273225478415976,0.0,1.1478586742374197,0.0,1.158637402244579,0.0
8757,1.127382452757451,0.0,1.1479183640600914,0.0,1.1586724405399305,0.0
8758,1.1274982855048379,0.0,1.1480584627469543,0.0,1.1587915659615673,0.0
8759,1.1275558646070047,0.0,1.1481195902053418,0.0,1.1588269635671453,0.0
8760,1.127653284936926,0.0,1.1481938814714643,0.0,1.158900207194554,0.0
