Time Step,HP1,HP2,HP3,HP4,HP5,HP6
2,0.00234,0.0,0.00081,0.0,0.0003799999999999999,0.0
3,0.0022650345925362084,0.0,0.0005743184829279716,0.0,-3.013407233936965e-05,0.0
4,0.0022401137721965634,0.0,0.0005471221116876563,0.0,-4.42612753503085e-05,0.0
5,0.0022200097955745435,0.0,0.0005333091468585832,0.0,-6.57365569316225e-05,0.0
6,0.0022102081821548315,0.0,0.0005202991749878024,0.0,-7.097630021313066e-05,0.0
7,0.0021892371050495647,0.0,0.0005101111012539534,0.0,-9.14529422207127e-05,0.0
8,0.002188023697010704,0.0,0.000551879533252289,0.0,-4.9239312134751064e-05,0.0
9,0.0021908938320404567,0.0,0.0005871303458540198,0.0,-3.185709401148289e-05,0.0
10,0.0021959774772959493,0.0,0.000596339349742557,0.0,-1.1154999417944977e-05,0.0
11,0.002197865668099095,0.0,0.000596536024471043,0.0,-1.085829821872769e-05,0.0
12,0.002202902185462886,0.0,0.000591745696453237,0.0,-1.2601170297491708e-06,0.0
13,0.0022075923343131795,0.0,0.0006051171152080096,0.0,4.208484833452802e-06,0.0
14,0.002215076070434685,0.0,0.0006170856622362574,0.0,2.401128432844696e-05,0.0
15,0.0022172074439242703,0.0,0.000629129434870461,0.0,2.2958535162505463e-05,0.0
16,0.0022200273467616635,0.0,0.0006364734732299527,0.0,3.451628996755014e-05,0.0
17,0.002215873849096767,0.0,0.0006383043682756063,0.0,2.0166597327148203e-05,0.0
18,0.0022131423934977023,0.0,0.0006333150066983762,0.0,1.2634363069537083e-05,0.0
19,0.002195306078032957,0.0,0.0005567811143548738,0.0,-5.5263752256709564e-05,0.0
20,0.0021876918991382954,0.0,0.0005380574048793118,0.0,-6.370274064985038e-05,0.0
21,0.002178060308260428,0.0,0.0005369352845298796,0.0,-7.745022805753115e-05,0.0
22,0.002166618643931348,0.0,0.000494545308990414,0.0,-0.00010335262273835483,0.0
23,0.002155850886870314,0.0,0.0004912756759449264,0.0,-0.00011829456858496363,0.0
24,0.0021488581796245713,0.0,0.00047312567215012453,0.0,-0.0001246311963118877,0.0
25,0.0021383080995606403,0.0,0.00046617914208570805,0.0,-0.00014041643634080635,0.0
26,0.002137060044832886,0.0,0.0004594943434911811,0.0,-0.00013798270863143427,0.0
27,0.002127822432642961,0.0,0.0004564650129980113,0.0,-0.0001493277131557545,0.0
28,0.002124460715948512,0.0,0.0004482607103201749,0.0,-0.00014951976428401572,0.0
29,0.0021135676033148944,0.0,0.00044394993481389005,0.0,-0.0001625639523571776,0.0
30,0.0021140313882499003,0.0,0.0004549275838060448,0.0,-0.000152580625430977,0.0
31,0.0017911079317459813,0.0,-7.546301029820549e-05,0.0,-0.0005591150889985031,0.0
32,0.001776587076724612,0.0,0.00010122177374107238,0.0,-0.0005222022787711037,0.0
33,0.001882202420964449,0.0,0.00022534963676133942,0.0,-0.0004003027881883467,0.0
34,0.0019586664286047038,0.0,0.0002865441773153855,0.0,-0.00030611963807912013,0.0
35,0.0020284170655490196,0.0,0.00040444579335466605,0.0,-0.0001651782101821462,0.0
36,0.002071773988285416,0.0,0.0004633294811115232,0.0,-0.00010047948084421373,0.0
37,0.002108530438832322,0.0,0.0005322705216539953,0.0,-2.7799991524265588e-05,0.0
38,0.0021397851423887526,0.0,0.0006447241247210631,0.0,9.597778291305916e-05,0.0
39,0.0021745017317951207,0.0,0.0007437384492062836,0.0,0.0002719295252655994,0.0
40,0.0022040461843861633,0.0,0.0008562951968128377,0.0,0.00040252245545661426,0.0
41,0.002222263115273632,0.0,0.0009054383413812273,0.0,0.0004229572458017614,0.0
42,0.0022277256664998565,0.0,0.0008786061044402183,0.0,0.0003753494571482397,0.0
43,0.0022362993443330328,0.0,0.0009210876281904564,0.0,0.00040324385168483785,0.0
44,0.0022057541667504996,0.0,0.0006045642597615622,0.0,-2.64054849038217e-06,0.0
45,0.0021986171693192617,0.0,0.0006315792348139597,0.0,2.6929603878442774e-05,0.0
46,0.00218382455802273,0.0,0.0005757897993306906,0.0,-3.841197082811291e-05,0.0
47,0.002179941682356777,0.0,0.0005778074208205963,0.0,-3.8514956217273674e-05,0.0
48,0.002204871155605635,0.0,0.0005237469924011886,0.0,8.250474170628109e-05,0.0
49,0.002205390369030775,0.0,0.0005292055700479939,0.0,4.069487301428139e-05,0.0
50,0.002201766899998757,0.0,0.0005280533811630841,0.0,1.474590840886184e-05,0.0
51,0.002195901187543489,0.0,0.0005283132334062744,0.0,-4.002012942909351e-06,0.0
52,0.002190868488903137,0.0,0.0005197415270664502,0.0,-1.5837154393539177e-05,0.0
53,0.0021828549297460923,0.0,0.0005155438685345578,0.0,-3.5031753752297595e-05,0.0
54,0.0021813213556574227,0.0,0.0005236640430856513,0.0,-2.927785520836102e-05,0.0
55,0.0019988242752762395,0.0,0.00013846441067501432,0.0,-0.0003353261989362509,0.0
56,0.002016719154136012,0.0,0.000401467652579233,0.0,-0.00024035361745915217,0.0
57,0.0020851501104871173,0.0,0.000563269926287863,0.0,-8.811733752703537e-05,0.0
58,0.0021314269506186325,0.0,0.000668870790226655,0.0,8.528606436723242e-05,0.0
59,0.0021712582074459646,0.0,0.0007791568251928934,0.0,0.00024841502958632025,0.0
60,0.0022018791105912175,0.0,0.0008566310852543603,0.0,0.0003552028315860784,0.0
61,0.0022287508629282972,0.0,0.000927774162882663,0.0,0.0004386751863199325,0.0
62,0.002256115361489659,0.0,0.001018471997769223,0.0,0.0005342924819024565,0.0
63,0.0022811017906573037,0.0,0.001069394855308395,0.0,0.0006122892870247657,0.0
64,0.0023009168628874204,0.0,0.001113311675764321,0.0,0.0006495033815696047,0.0
65,0.0023182490079665195,0.0,0.001149601656460106,0.0,0.0006821374629145359,0.0
66,0.002336916088927412,0.0,0.0012041408899741203,0.0,0.000738715983636608,0.0
67,0.0023477888396050686,0.0,0.0012451197012817827,0.0,0.0007782349093988102,0.0
68,0.0022747884765727854,0.0,0.0006608460926281468,0.0,7.375510693281612e-05,0.0
69,0.002256391021152932,0.0,0.0006818558217848059,0.0,0.00010015696807291481,0.0
70,0.002237437054224076,0.0,0.000617689577020647,0.0,2.4674928153822382e-05,0.0
71,0.0022293616387755884,0.0,0.0006165849158520803,0.0,1.968373954283132e-05,0.0
72,0.0022425373328905547,0.0,0.000551541081224896,0.0,0.00011892543567010674,0.0
73,0.002241162372309885,0.0,0.0005415302331967249,0.0,9.312185992605879e-05,0.0
74,0.0022357818335651813,0.0,0.0005388347301442152,0.0,6.248073886028216e-05,0.0
75,0.002231729794313594,0.0,0.0005348938453843801,0.0,5.439664723567083e-05,0.0
76,0.002224536296244463,0.0,0.000533714568592172,0.0,3.0265950263091003e-05,0.0
77,0.0022180695249384187,0.0,0.000525056101238212,0.0,1.7565821062748375e-05,0.0
78,0.002212820309507418,0.0,0.0005420811635076267,0.0,1.3365535202735095e-05,0.0
79,0.0020895106410227914,0.0,0.00023674937792897172,0.0,-0.00022811451100998364,0.0
80,0.0021051268175070266,0.0,0.0005566214541170107,0.0,-0.0001108760793119062,0.0
81,0.0021630436873686354,0.0,0.0007697964691023482,0.0,0.00015643473365996958,0.0
82,0.002207604039904636,0.0,0.0008895643310838227,0.0,0.00034479243612651816,0.0
83,0.002238743860025552,0.0,0.0009640877762831475,0.0,0.00044143780359385035,0.0
84,0.0022656641939994672,0.0,0.0010186093501212447,0.0,0.0005162162411826354,0.0
85,0.002293860521548072,0.0,0.0010860276236173588,0.0,0.0006059852313751481,0.0
86,0.0023196030431052858,0.0,0.0011567390921696766,0.0,0.000681374604451895,0.0
87,0.0023418097142277683,0.0,0.0011927397825918875,0.0,0.0007387296774952485,0.0
88,0.002360960097137995,0.0,0.0012341940397888709,0.0,0.0007783471456030819,0.0
89,0.0023776037052150928,0.0,0.001267302016177101,0.0,0.0008107650564963867,0.0
90,0.002394572976576803,0.0,0.0013145312003754784,0.0,0.0008600800235453738,0.0
91,0.002402931522159088,0.0,0.0013524257586472958,0.0,0.0008972878833656596,0.0
92,0.002311453569643911,0.0,0.0006903990150028026,0.0,0.00010835014316984415,0.0
93,0.002287211501187515,0.0,0.0007058130527692627,0.0,0.00012757715450077266,0.0
94,0.0022653900205128075,0.0,0.0006382969997489798,0.0,5.164605303863579e-05,0.0
95,0.002255815010840949,0.0,0.000635615342625258,0.0,4.51374901965794e-05,0.0
96,0.002265633353882123,0.0,0.0005672909261011424,0.0,0.00013448742852023002,0.0
97,0.0022650804106844344,0.0,0.0005517186285701466,0.0,0.00011862551018306791,0.0
98,0.0022615535922258347,0.0,0.0005436740161635276,0.0,9.568573033359479e-05,0.0
99,0.0022566549266093065,0.0,0.0005460976162300929,0.0,8.086303351129891e-05,0.0
100,0.002252121610227199,0.0,0.0005408228397530655,0.0,7.032394636237384e-05,0.0
101,0.002246633784382129,0.0,0.0005369951266011082,0.0,5.6766687388478255e-05,0.0
102,0.0022445503906336904,0.0,0.000549227539379025,0.0,6.494944396000409e-05,0.0
103,0.0021503957158053493,0.0,0.00029342970618448166,0.0,-0.00015819075263757575,0.0
104,0.0021764424624548793,0.0,0.0007166815596144327,0.0,4.251200163778136e-05,0.0
105,0.0022286579364740417,0.0,0.0009276653826247436,0.0,0.0003444470169924247,0.0
106,0.0022710277887704865,0.0,0.0010430256804508686,0.0,0.0005303336330121228,0.0
107,0.0023010250130930648,0.0,0.0011112352287448184,0.0,0.0006210199116056928,0.0
108,0.002327696098899438,0.0,0.0011643087564157674,0.0,0.0006965689913590682,0.0
109,0.0023551265891160688,0.0,0.0012302202482873752,0.0,0.0007823889276965129,0.0
110,0.0023808264635728675,0.0,0.0013035096652912503,0.0,0.0008618962360139697,0.0
111,0.002401964965660814,0.0,0.0013262791331561526,0.0,0.0009026228039961232,0.0
112,0.002417531646327922,0.0,0.0013540238406951504,0.0,0.0009202304813368133,0.0
113,0.002431387276883525,0.0,0.0013763531303987366,0.0,0.000938000987891246,0.0
114,0.0024466817835119394,0.0,0.0014212714839049335,0.0,0.0009857012480513606,0.0
115,0.0024527442821459357,0.0,0.001457602821066175,0.0,0.0010223121578873332,0.0
116,0.0023498731412711278,0.0,0.0007252340785685459,0.0,0.00015031065575136517,0.0
117,0.0023217017586755154,0.0,0.0007459304096448535,0.0,0.00017878176748059842,0.0
118,0.0022982681612594277,0.0,0.0006685120861587063,0.0,8.808242517936184e-05,0.0
119,0.002286622540573386,0.0,0.0006655754959253983,0.0,8.025091500022264e-05,0.0
120,0.0022915141263533884,0.0,0.0005958656386976164,0.0,0.0001628209845604754,0.0
121,0.0022885403995703117,0.0,0.000578679753183321,0.0,0.00014578481411092466,0.0
122,0.002283618757091579,0.0,0.0005638023193113755,0.0,0.00012365727374783213,0.0
123,0.002277217366627502,0.0,0.0005643605098710207,0.0,0.00010554254339608369,0.0
124,0.0022705961863312093,0.0,0.0005601970944542199,0.0,8.874855184748637e-05,0.0
125,0.0022646051133922416,0.0,0.0005533381963002636,0.0,7.808710129950482e-05,0.0
126,0.0022604704352625743,0.0,0.0005664745302477562,0.0,7.857381309778037e-05,0.0
127,0.0021843455210569726,0.0,0.00034118713255174504,0.0,-0.00011053049528518381,0.0
128,0.002209486883804841,0.0,0.0008010498875271493,0.0,0.00014371602694036303,0.0
129,0.0022595012174190785,0.0,0.0009913774603907731,0.0,0.00041466263863832765,0.0
130,0.0023004484188638577,0.0,0.0011027847038141522,0.0,0.0005960678500628793,0.0
131,0.0023285590782834544,0.0,0.0011631052231932178,0.0,0.0006758108995649804,0.0
132,0.0023509450323486664,0.0,0.001196884263628102,0.0,0.00072370900095068,0.0
133,0.0023741658994568034,0.0,0.0012471954231944233,0.0,0.0007909461081831509,0.0
134,0.002397569751436887,0.0,0.001314506505490014,0.0,0.0008642110866862302,0.0
135,0.0024173265632641532,0.0,0.0013429064889018249,0.0,0.0009117546826379113,0.0
136,0.00243401069510264,0.0,0.0013750327478817802,0.0,0.0009391962122661964,0.0
137,0.0024485114135496333,0.0,0.0014013739562925198,0.0,0.0009634548061564722,0.0
138,0.0024639563577887056,0.0,0.0014473791192920204,0.0,0.0010125041481942498,0.0
139,0.0024702140301164207,0.0,0.0014879283279115795,0.0,0.001054789087893784,0.0
140,0.0023646392761428455,0.0,0.000742314528538595,0.0,0.00016741839639996896,0.0
141,0.002336063817658874,0.0,0.0007670510668261589,0.0,0.00020357729046790811,0.0
142,0.0023124666250973038,0.0,0.0006817274109366415,0.0,0.00010154645063846003,0.0
143,0.002299029566091228,0.0,0.0006780727913371096,0.0,9.199755104393598e-05,0.0
144,0.0023008288085892958,0.0,0.000604475530705574,0.0,0.0001715413452770913,0.0
145,0.0022941651683281517,0.0,0.0005880247353631188,0.0,0.00014987549506253724,0.0
146,0.0022836200617235786,0.0,0.0005822631665383276,0.0,0.0001130124326020293,0.0
147,0.002271814419330928,0.0,0.0005809077156732122,0.0,8.785529086494277e-05,0.0
148,0.0022583807267328336,0.0,0.0005762248086034253,0.0,6.0624587427097424e-05,0.0
149,0.0022430591570992376,0.0,0.0005698816062038687,0.0,3.191461499384011e-05,0.0
150,0.002230356108478839,0.0,0.0005596523572964917,0.0,1.586393614312967e-05,0.0
151,0.002212908459434712,0.0,0.0005505173084508261,0.0,-9.407862916351126e-06,0.0
152,0.0021480180858837743,0.0,0.0005781942772856194,0.0,-0.00010393872421293466,0.0
153,0.0020666275855209214,0.0,0.00032902602886869027,0.0,-0.00021921429405401727,0.0
154,0.002122803467350262,0.0,0.0005116469755797702,0.0,-6.94076553811433e-05,0.0
155,0.0021614160625666656,0.0,0.0006412500775580322,0.0,4.8375888258279346e-05,0.0
156,0.002190526701044872,0.0,0.0007511064916935362,0.0,0.00019340936579906646,0.0
157,0.002213127042050533,0.0,0.0008201251801334786,0.0,0.0002754902117295718,0.0
158,0.0022359361600021235,0.0,0.0008985826266198443,0.0,0.0003667658502567656,0.0
159,0.002257907038595546,0.0,0.0009680904446446432,0.0,0.00045411148381045924,0.0
160,0.0022724068562798225,0.0,0.000998575284608004,0.0,0.0004760725432237684,0.0
161,0.002237795128756772,0.0,0.0006705404967761984,0.0,0.0001066266415749045,0.0
162,0.0022239230355201225,0.0,0.0007031172568762296,0.0,0.00012132355041099923,0.0
163,0.002204043743378245,0.0,0.000631187765104747,0.0,1.4164418043124093e-05,0.0
164,0.002223550952061563,0.0,0.0005973049309510173,0.0,0.00014398383710235367,0.0
165,0.002213797689171176,0.0,0.0006018687800995262,0.0,6.904371132166484e-05,0.0
166,0.002195580753134226,0.0,0.000540460924326557,0.0,6.790448242754337e-07,0.0
167,0.00217483335625369,0.0,0.0005265346972335987,0.0,-4.4010103950038824e-05,0.0
168,0.0021618329467765545,0.0,0.0005039360303525474,0.0,-5.725010537870512e-05,0.0
169,0.002141435155262402,0.0,0.0004915352058967148,0.0,-9.35936365041879e-05,0.0
170,0.002132574176467594,0.0,0.0004723898489829017,0.0,-0.00010025115112462864,0.0
171,0.002110791834895233,0.0,0.00045940136446382654,0.0,-0.00013338923160454179,0.0
172,0.0021034730297937237,0.0,0.00044240680346467815,0.0,-0.0001348002832699249,0.0
173,0.0020793067395553327,0.0,0.0004274494993025122,0.0,-0.00017002965311217343,0.0
174,0.0020707560713969266,0.0,0.0004104163037954283,0.0,-0.00017270764628159185,0.0
175,0.002042595078250725,0.0,0.0003930019476685177,0.0,-0.00020925476931463129,0.0
176,0.0020422468546192588,0.0,0.00041651808703570324,0.0,-0.00017788538086811788,0.0
177,0.0020244101098300035,0.0,0.00041751268882942404,0.0,-0.00020143415800720163,0.0
178,0.002044989086232258,0.0,0.0004305692009858459,0.0,-0.00015568877769811312,0.0
179,0.0020577396164540352,0.0,0.00044047281183434836,0.0,-0.00014186254300788505,0.0
180,0.002074282281703356,0.0,0.00044782142228609394,0.0,-0.00011614456997883734,0.0
181,0.0020740108730628436,0.0,0.0004621424080490401,0.0,-0.0001328105407785963,0.0
182,0.0020863562556763257,0.0,0.00047560242219354726,0.0,-0.00011084194668958814,0.0
183,0.002093843327595407,0.0,0.0004993244842843375,0.0,-0.00010499888793669154,0.0
184,0.0021130950092332007,0.0,0.0005239347693859708,0.0,-5.990309194340833e-05,0.0
185,0.002111389132213176,0.0,0.0005178028876065042,0.0,-7.983606218911758e-05,0.0
186,0.0020970141728847893,0.0,0.00048023571631399323,0.0,-0.00011354797820542701,0.0
187,0.002056454802873141,0.0,0.0004267407567385634,0.0,-0.00019091520464573249,0.0
188,0.002043870190297022,0.0,0.0004035105862361247,0.0,-0.000198846959331823,0.0
189,0.002016623765471821,0.0,0.0003861297031491858,0.0,-0.00023607437445590006,0.0
190,0.002005958129403874,0.0,0.00035442210247805346,0.0,-0.0002471546063069559,0.0
191,0.0019780246276286423,0.0,0.0003367452426424663,0.0,-0.0002840371515627473,0.0
192,0.001972417212592078,0.0,0.0003204194042500675,0.0,-0.0002819829133987766,0.0
193,0.0019446812085375902,0.0,0.0003021319108223215,0.0,-0.0003182717616983155,0.0
194,0.0019444188641737812,0.0,0.00028921731266569144,0.0,-0.0003119746296216127,0.0
195,0.0019185516062273757,0.0,0.00027158820792606993,0.0,-0.00034576648140500566,0.0
196,0.0019185423665537336,0.0,0.00025996712580295676,0.0,-0.0003409338844204057,0.0
197,0.0018927928851023399,0.0,0.00024320642084610508,0.0,-0.00037427990302563754,0.0
198,0.0018990502280183028,0.0,0.00024579446663424505,0.0,-0.000359562034304094,0.0
199,0.0016204724957695161,0.0,-0.00017845076790472627,0.0,-0.0006980196477605408,0.0
200,0.0016001348162742357,0.0,-5.7610775609854e-05,0.0,-0.0006945377438118015,0.0
201,0.0017227996853090787,0.0,0.00010135286678571371,0.0,-0.0005175296347065827,0.0
202,0.0018125271189456417,0.0,0.00019571475668125947,0.0,-0.0003963623420558273,0.0
203,0.001884039912015989,0.0,0.0002816413142176232,0.0,-0.0002919036807228169,0.0
204,0.0019380086971431917,0.0,0.000358386803856269,0.0,-0.00021192774368305133,0.0
205,0.0019819338960924125,0.0,0.0004412419520457555,0.0,-0.00013880933485483238,0.0
206,0.0020166269111068667,0.0,0.0005335141236149858,0.0,-4.701483427105584e-05,0.0
207,0.00205097190133917,0.0,0.0006007350597567929,0.0,4.90825709540812e-05,0.0
208,0.0020774588023429667,0.0,0.0006590673823538746,0.0,0.0001111248689818448,0.0
209,0.002097940848405578,0.0,0.0007047317962925897,0.0,0.00015350123347055138,0.0
210,0.00211854302516153,0.0,0.0007595500129180101,0.0,0.00020520609712135402,0.0
211,0.0021340987218728246,0.0,0.0007922093985633677,0.0,0.00022998027669100438,0.0
212,0.0020877932281037435,0.0,0.0004705028576919585,0.0,-0.00013238563373094874,0.0
213,0.0020787545772616165,0.0,0.000475572003196879,0.0,-0.00012685674927297326,0.0
214,0.0020636950258733607,0.0,0.00043953717702379486,0.0,-0.00016235264524884995,0.0
215,0.0020602395561040206,0.0,0.00043528539730300277,0.0,-0.00016573738748823996,0.0
216,0.0020927777361882836,0.0,0.0003997082307081089,0.0,-7.405546932695139e-05,0.0
217,0.0020881396965614957,0.0,0.0004112577851382612,0.0,-0.00011486638380543148,0.0
218,0.0020798225457662506,0.0,0.0004089560442523915,0.0,-0.00013991719229666853,0.0
219,0.002073953514879639,0.0,0.0004014390501152745,0.0,-0.0001506233040588005,0.0
220,0.0020659131910877515,0.0,0.0003955675876600877,0.0,-0.00016602890808704418,0.0
221,0.0020615803132875755,0.0,0.00038799150281171963,0.0,-0.00017166098725540158,0.0
222,0.002059044119829077,0.0,0.0003986249022585389,0.0,-0.00017359793205600068,0.0
223,0.0018904210369922922,0.0,6.056305845543176e-05,0.0,-0.00042539135915500484,0.0
224,0.0019040621112175328,0.0,0.0002940886315322958,0.0,-0.000346659128653773,0.0
225,0.001985693898396702,0.0,0.000465618517439029,0.0,-0.0001838554759929081,0.0
226,0.002041063679649147,0.0,0.0005793819540253784,0.0,-1.964033625627957e-05,0.0
227,0.0020794216144858343,0.0,0.0006646428585415254,0.0,9.440266708868057e-05,0.0
228,0.0021115807970384353,0.0,0.0007312799294898762,0.0,0.00018489376446377288,0.0
229,0.0021446129850309628,0.0,0.0008093487181964213,0.0,0.00028301247117626404,0.0
230,0.0021768404125554752,0.0,0.0008974550492863527,0.0,0.0003782045991743057,0.0
231,0.0022078419270294336,0.0,0.0009598366643404352,0.0,0.0004726446699883323,0.0
232,0.002224410100816321,0.0,0.0009774406193883767,0.0,0.00047141150646931454,0.0
233,0.0022463260974790247,0.0,0.0010315164280187662,0.0,0.0005332012999785685,0.0
234,0.0022737257856101827,0.0,0.0011166144853080478,0.0,0.0006352422982795682,0.0
235,0.00228487436511644,0.0,0.0011395929229260976,0.0,0.000644258738038651,0.0
236,0.002210188009131246,0.0,0.000575742859028807,0.0,-1.6385264129777566e-05,0.0
237,0.002197863565681427,0.0,0.0005915982459521732,0.0,6.337364048106145e-06,0.0
238,0.0021788274582878516,0.0,0.0005409912745954264,0.0,-5.386246105762611e-05,0.0
239,0.002175232540439042,0.0,0.0005420768622432855,0.0,-5.5043423448890164e-05,0.0
240,0.0021964548776117693,0.0,0.00047626662668824745,0.0,4.353312771572862e-05,0.0
241,0.0022008097396795795,0.0,0.0004666472368643463,0.0,3.32248510641471e-05,0.0
242,0.002202748907494183,0.0,0.00046086069848610923,0.0,1.8931249618932213e-05,0.0
243,0.002205726732254068,0.0,0.00046317941962285,0.0,1.7626221809970317e-05,0.0
244,0.002207122791316036,0.0,0.0004627801960409505,0.0,1.0493761992018294e-05,0.0
245,0.002204964633998705,0.0,0.000467379449416874,0.0,4.370083904194858e-06,0.0
246,0.0022001105675120624,0.0,0.0004891696718365424,0.0,4.57403984333157e-06,0.0
247,0.0020891142648990623,0.0,0.00023335402717167438,0.0,-0.00022446497922152327,0.0
248,0.002103304794308523,0.0,0.0005856721754526645,0.0,-9.038551253931124e-05,0.0
249,0.0021481856038109894,0.0,0.0007714283490225218,0.0,0.00016383047186965339,0.0
250,0.002182801992483529,0.0,0.0008579112984190937,0.0,0.0003097266604174772,0.0
251,0.002205317140185709,0.0,0.0009047116571671971,0.0,0.0003730365419741669,0.0
252,0.002222580666740424,0.0,0.0009302050354554302,0.0,0.0004096535481734221,0.0
253,0.0022369301562528855,0.0,0.0009520874285288501,0.0,0.0004356741661078916,0.0
254,0.002255647524038472,0.0,0.0010048634875928256,0.0,0.0004924390787724294,0.0
255,0.0022749032789922885,0.0,0.0010389280610023765,0.0,0.0005484104846746479,0.0
256,0.002289080979478584,0.0,0.0010664105184189354,0.0,0.0005715463106594518,0.0
257,0.0023017495954125123,0.0,0.0010918262225163313,0.0,0.0005962497396038095,0.0
258,0.002314000758707656,0.0,0.0011229974191592127,0.0,0.0006257301728338749,0.0
259,0.0023186077702037305,0.0,0.0011397395735925704,0.0,0.0006358577863875615,0.0
260,0.0022233864874041122,0.0,0.0006011229600347886,0.0,8.207564722893215e-06,0.0
261,0.0021932347380762807,0.0,0.0005873747656591213,0.0,-3.248542679630583e-06,0.0
262,0.002165563360543513,0.0,0.000539368595490984,0.0,-5.364087302356878e-05,0.0
263,0.0021500205046821224,0.0,0.0005233672618841466,0.0,-6.967971647857049e-05,0.0
264,0.0021680857397173934,0.0,0.00047862504145105656,0.0,1.1644865490008328e-05,0.0
265,0.002155407039584216,0.0,0.00048028520621407544,0.0,-3.7849981599774726e-05,0.0
266,0.0021373429589622,0.0,0.00047150290342327017,0.0,-7.723236805716818e-05,0.0
267,0.0021241384022869262,0.0,0.0004561756586748592,0.0,-9.416413684676741e-05,0.0
268,0.0021064957826445584,0.0,0.00044390591380515175,0.0,-0.00012185371890513367,0.0
269,0.002094865999275013,0.0,0.0004285194725538714,0.0,-0.00013321758341454664,0.0
270,0.002080667114371446,0.0,0.0004308953603026081,0.0,-0.00015022156789153813,0.0
271,0.0019529196010428579,0.0,0.00016264057134433103,0.0,-0.00034155357082173653,0.0
272,0.001972902508462801,0.0,0.0004225790388645951,0.0,-0.00023980610704736963,0.0
273,0.002046097315036614,0.0,0.0006169100847684208,0.0,-8.333939022178933e-06,0.0
274,0.002111599503721705,0.0,0.0007616458768704584,0.0,0.00021060233366662845,0.0
275,0.002162073595914771,0.0,0.0008770074676032378,0.0,0.0003666245364690071,0.0
276,0.0021984258368769874,0.0,0.0009424227697709257,0.0,0.0004460405202579118,0.0
277,0.0022331124711329406,0.0,0.0010141750401590174,0.0,0.0005317090189255018,0.0
278,0.0022650524418111667,0.0,0.001091499993767488,0.0,0.0006114062634335305,0.0
279,0.002291487340054496,0.0,0.0011304941565141685,0.0,0.0006721755380994054,0.0
280,0.0023108648181434633,0.0,0.0011603796351784166,0.0,0.0006952064348509609,0.0
281,0.0023246755277560828,0.0,0.0011743128150736959,0.0,0.0006987364508955654,0.0
282,0.0023419038689929308,0.0,0.001219790163985132,0.0,0.0007459300717377732,0.0
283,0.0023523108811892134,0.0,0.0012592092863666676,0.0,0.0007845168408006252,0.0
284,0.002257811934077543,0.0,0.0006240572912439837,0.0,4.1224216356399346e-05,0.0
285,0.0022325228177342343,0.0,0.0006232258859418444,0.0,4.154325806395487e-05,0.0
286,0.002210913156231493,0.0,0.000576251402802088,0.0,-1.1041356238520716e-05,0.0
287,0.0022024474637165033,0.0,0.0005717862649764838,0.0,-1.8144608651544307e-05,0.0
288,0.0022181348910810285,0.0,0.0005048555957726141,0.0,7.250798090345035e-05,0.0
289,0.002219420899449917,0.0,0.0004989764937948905,0.0,5.626782001158851e-05,0.0
290,0.0022173324667699706,0.0,0.000497452849867001,0.0,3.743225042236438e-05,0.0
291,0.0022129706475937858,0.0,0.0004948530437694069,0.0,2.1173737685756537e-05,0.0
292,0.0022096076334894663,0.0,0.0004859256311754977,0.0,1.2606822851920032e-05,0.0
293,0.0022050478609618876,0.0,0.0004833641953865033,0.0,-8.243588941062377e-07,0.0
294,0.002206134199600078,0.0,0.000496828312776125,0.0,1.4314947802012627e-05,0.0
295,0.00212136798906309,0.0,0.00027408684109561567,0.0,-0.0001793213796358259,0.0
296,0.0021501538859576585,0.0,0.000712025865578866,0.0,4.088744505460946e-05,0.0
297,0.0022041923889798485,0.0,0.0009169711156462865,0.0,0.00033325296274428493,0.0
298,0.002249155383777795,0.0,0.0010411213770175143,0.0,0.0005310322953206419,0.0
299,0.00228349323328152,0.0,0.0011256585992024729,0.0,0.0006454553898018998,0.0
300,0.0023141499803005687,0.0,0.0011911564232988119,0.0,0.0007374677882177846,0.0
301,0.0023431983906059056,0.0,0.0012585527534556627,0.0,0.0008239206044432538,0.0
302,0.002374454395944763,0.0,0.0013493018301661758,0.0,0.000924466114484064,0.0
303,0.0024088978346692427,0.0,0.0013626689037515177,0.0,0.0009729886395451663,0.0
304,0.0024407789170354964,0.0,0.0014202922821874085,0.0,0.0010425372878446935,0.0
305,0.0024539928517215478,0.0,0.0014596164989860065,0.0,0.0010551099640998885,0.0
306,0.002468000979683412,0.0,0.0014875508176983628,0.0,0.0010877321786793345,0.0
307,0.0024739421014537207,0.0,0.0015342822620744861,0.0,0.0011394972004251632,0.0
308,0.0023622945708296323,0.0,0.0007289783869903602,0.0,0.00019156923629185733,0.0
309,0.0023299493411156674,0.0,0.0007582867584382427,0.0,0.00021457250740042496,0.0
310,0.002302345917300722,0.0,0.0006615640858285228,0.0,8.523433564589639e-05,0.0
311,0.002286169583790409,0.0,0.0006589412664708759,0.0,7.403077636735549e-05,0.0
312,0.0022861957228093796,0.0,0.0005841071807851856,0.0,0.00015098831240007273,0.0
313,0.0022802217174904284,0.0,0.0005730950001436629,0.0,0.00013919280584436412,0.0
314,0.002271509768377816,0.0,0.0005687743768067136,0.0,0.00011071094469903002,0.0
315,0.002261467662278145,0.0,0.0005652873510238005,0.0,8.945867032807088e-05,0.0
316,0.002249427258591498,0.0,0.0005617736229730869,0.0,6.170276109117398e-05,0.0
317,0.002237340829092648,0.0,0.0005565129784658782,0.0,3.9009358522298335e-05,0.0
318,0.0022269424366011363,0.0,0.0005517429075526655,0.0,2.4089911408784414e-05,0.0
319,0.0022159073393454966,0.0,0.0005412929103243978,0.0,1.231440107952596e-05,0.0
320,0.002155934138532445,0.0,0.0005940580574496153,0.0,-9.083774186620993e-05,0.0
321,0.002077131665147901,0.0,0.00033168023720142484,0.0,-0.00021009299869761684,0.0
322,0.002131480212322739,0.0,0.0005304064398215401,0.0,-5.036906196182909e-05,0.0
323,0.0021681510659736104,0.0,0.0006808075420771937,0.0,0.00010102269550013663,0.0
324,0.0021898956588567104,0.0,0.0007715715074200797,0.0,0.00021255396995257104,0.0
325,0.0022110022920839812,0.0,0.000839867040267929,0.0,0.000298762950768102,0.0
326,0.002227906939170174,0.0,0.0008900167283730556,0.0,0.0003573813439174858,0.0
327,0.002243658721715841,0.0,0.000936458431612622,0.0,0.00041312580220580555,0.0
328,0.002253414672297207,0.0,0.0009548867342760287,0.0,0.0004158346536022614,0.0
329,0.002222507379385766,0.0,0.000654910841338275,0.0,7.440470685789278e-05,0.0
330,0.0022191842235393705,0.0,0.0007205552642350643,0.0,0.00014552860980372685,0.0
331,0.002208151059627396,0.0,0.0006496045327952327,0.0,4.394699241234545e-05,0.0
332,0.002228611171297944,0.0,0.0006277482491205907,0.0,0.00019349323870987032,0.0
333,0.002234255143869799,0.0,0.0006328268580933541,0.0,0.0001960995733172918,0.0
334,0.0022300521163272713,0.0,0.00054174720946358,0.0,8.823159432632766e-05,0.0
335,0.002228597767706202,0.0,0.0005401522889143448,0.0,6.847808494381681e-05,0.0
336,0.0022265222313250822,0.0,0.0005204276747451767,0.0,5.0767487664790125e-05,0.0
337,0.0022256739702367864,0.0,0.0005133600438753546,0.0,3.214053273170592e-05,0.0
338,0.002225780350215516,0.0,0.0005008725707351505,0.0,2.3493007813855764e-05,0.0
339,0.0022234146827234914,0.0,0.0005007251732473291,0.0,1.226500264796791e-05,0.0
340,0.0022224128120464535,0.0,0.0004926323218450365,0.0,1.0148366482839056e-05,0.0
341,0.0022191531714651457,0.0,0.0004948023876193096,0.0,-6.986036183013241e-07,0.0
342,0.0022176893766392087,0.0,0.0004939530439839313,0.0,8.808841172160478e-07,0.0
343,0.0022111884162113057,0.0,0.0005044931550067125,0.0,-1.1265165896993511e-05,0.0
344,0.0022168555782879377,0.0,0.000614943403981375,0.0,9.74653960096447e-05,0.0
345,0.0022200180377016433,0.0,0.0006717784586801434,0.0,0.0001243090916981009,0.0
346,0.002224487723442228,0.0,0.0006879513185331777,0.0,0.0001787851250114518,0.0
347,0.002228413518933028,0.0,0.0006896363421661702,0.0,0.0001952048174912362,0.0
348,0.0022338556089039462,0.0,0.000690966031277765,0.0,0.00022376640900757133,0.0
349,0.002239542024479323,0.0,0.0007153439972649293,0.0,0.0002488329831460429,0.0
350,0.0022455090605884792,0.0,0.000739637456004652,0.0,0.0002827821302159505,0.0
351,0.002250217960779047,0.0,0.0007608269154890496,0.0,0.00030129934016561864,0.0
352,0.0022544036552923433,0.0,0.0007757340728323317,0.0,0.00031820609882823544,0.0
353,0.002256147267908476,0.0,0.0007809757171602133,0.0,0.0003130394045636482,0.0
354,0.0022571767153382275,0.0,0.0007805589157033133,0.0,0.0003072080788112993,0.0
355,0.002248494258904372,0.0,0.0006356094405478576,0.0,0.00011995096955132515,0.0
356,0.0022470167497626913,0.0,0.0006246333659842482,0.0,0.00010413610968651758,0.0
357,0.0022436188264533985,0.0,0.0006150242499991273,0.0,7.515717814895009e-05,0.0
358,0.0022384833670566224,0.0,0.0005424071668076624,0.0,2.552343208385118e-05,0.0
359,0.002235259370024681,0.0,0.0005451630942608398,0.0,1.0743778873039214e-05,0.0
360,0.00223272390393389,0.0,0.0005195438874263863,0.0,4.668167747992678e-06,0.0
361,0.0022297944385479265,0.0,0.0005145263645599082,0.0,-1.1673239150468005e-05,0.0
362,0.002228960473653843,0.0,0.0005025815431221702,0.0,-1.738084041477217e-05,0.0
363,0.0022261519414857557,0.0,0.0005024003066194238,0.0,-2.548054809606e-05,0.0
364,0.0022250363385125497,0.0,0.0004945210227495636,0.0,-2.6205568097060236e-05,0.0
365,0.00222211304878235,0.0,0.0004972977086932487,0.0,-3.212608875858072e-05,0.0
366,0.002220757135918778,0.0,0.0004984214120967979,0.0,-2.9202107626766748e-05,0.0
367,0.002215716580803567,0.0,0.0005047015375775493,0.0,-3.274370415831402e-05,0.0
368,0.0022213348050633174,0.0,0.0006295640032038985,0.0,7.86402121755053e-05,0.0
369,0.0022248167756397964,0.0,0.0006918989425392524,0.0,0.00012019006897489681,0.0
370,0.0022287310952991686,0.0,0.0007108329458449635,0.0,0.00017585227031034485,0.0
371,0.002232093712262132,0.0,0.0007111270144963945,0.0,0.0001919316396278986,0.0
372,0.0022371141687490908,0.0,0.0007113824374968155,0.0,0.00021995628881332167,0.0
373,0.0022425120922343754,0.0,0.0007371580450211545,0.0,0.00024424492194195465,0.0
374,0.002249859432765622,0.0,0.0007679231923356682,0.0,0.0002977951826551122,0.0
375,0.0022549169188739054,0.0,0.0007896837693151509,0.0,0.00031778076824242967,0.0
376,0.00225880738467177,0.0,0.0008021235708798313,0.0,0.0003292611851547381,0.0
377,0.002259524929722476,0.0,0.000802725996000923,0.0,0.00031250879175845434,0.0
378,0.0022586007441643694,0.0,0.0007917126574347193,0.0,0.0002895830254655439,0.0
379,0.0022469763270953113,0.0,0.0006494150509484588,0.0,9.447997250368074e-05,0.0
380,0.0022428572618361686,0.0,0.0006381870829139434,0.0,6.976690333255933e-05,0.0
381,0.0022363771771957697,0.0,0.0006255628926970739,0.0,3.936168245205691e-05,0.0
382,0.0022276225911106633,0.0,0.0005628783662171804,0.0,-7.037262229654868e-06,0.0
383,0.002221327650806405,0.0,0.0005618929027854439,0.0,-2.237996315634851e-05,0.0
384,0.002216246061580817,0.0,0.0005390282528900853,0.0,-3.083897517992319e-05,0.0
385,0.0022101464929550627,0.0,0.0005330846307005596,0.0,-4.880434927830772e-05,0.0
386,0.002209613791805904,0.0,0.0005217842411822023,0.0,-4.7430611317188275e-05,0.0
387,0.0022044106625694147,0.0,0.0005207799768589825,0.0,-5.763583202851553e-05,0.0
388,0.0022017832703992704,0.0,0.0005115229602059777,0.0,-5.898453782511993e-05,0.0
389,0.002195819709453718,0.0,0.0005120228887335943,0.0,-6.846323429872988e-05,0.0
390,0.002197264745723759,0.0,0.0005320484945980454,0.0,-5.252286488945221e-05,0.0
391,0.001951282819630401,0.0,5.545136748660547e-05,0.0,-0.00040949400791606753,0.0
392,0.0019514521738965588,0.0,0.00029447581399022883,0.0,-0.00034504183298088645,0.0
393,0.0020383157060390126,0.0,0.00045688629612351003,0.0,-0.00020119400428458497,0.0
394,0.0020845119919034637,0.0,0.0005215781066161293,0.0,-0.00010915069199723775,0.0
395,0.002118699046520757,0.0,0.0005907854315336854,0.0,-1.8391855241664035e-05,0.0
396,0.002147225518706849,0.0,0.000651170632279354,0.0,8.915122640055194e-05,0.0
397,0.0021629400526137973,0.0,0.0006904792841692759,0.0,0.00013155009737579474,0.0
398,0.0021848906634552787,0.0,0.0007843733869742674,0.0,0.00023502987420326283,0.0
399,0.0022110042068714192,0.0,0.0008616714090336293,0.0,0.0003662007946195632,0.0
400,0.0022333927418897925,0.0,0.0009391859134687006,0.0,0.0004580400943372709,0.0
401,0.0022511727313908815,0.0,0.0009922168930792622,0.0,0.000509187687686107,0.0
402,0.0022693155477429734,0.0,0.0010584884635727767,0.0,0.0005752023004355709,0.0
403,0.0022801117622655845,0.0,0.0011002642565712852,0.0,0.0006112584166654571,0.0
404,0.002237118922128744,0.0,0.0006420375712800342,0.0,4.496124854287448e-05,0.0
405,0.0022288000700989817,0.0,0.0006797541778639587,0.0,9.715036835185472e-05,0.0
406,0.0022174430071932464,0.0,0.0006093988284803552,0.0,-2.9941012987728423e-06,0.0
407,0.0022157250707014126,0.0,0.0006187119206797038,0.0,1.876976160139314e-06,0.0
408,0.0022316294484002602,0.0,0.0005520788293808275,0.0,0.00011840812860005028,0.0
409,0.0022359283263402754,0.0,0.0005408976966926327,0.0,0.00010736426998352239,0.0
410,0.002236702638370943,0.0,0.0005255472258008281,0.0,8.598676685212133e-05,0.0
411,0.00223486060583833,0.0,0.0005284485265891386,0.0,6.755877448850589e-05,0.0
412,0.002232745563084882,0.0,0.0005250313481245138,0.0,5.57922248336384e-05,0.0
413,0.0022298319600544533,0.0,0.0005250644102993157,0.0,4.45515659908218e-05,0.0
414,0.002229150582181096,0.0,0.0005377236542815743,0.0,5.242558573626086e-05,0.0
415,0.0020947971349150156,0.0,0.0002038735891760049,0.0,-0.00024177249334891686,0.0
416,0.0021178576365061433,0.0,0.0005493842852727211,0.0,-0.00010883499541478861,0.0
417,0.0021690759195327784,0.0,0.0007653087672271736,0.0,0.0001515497960268529,0.0
418,0.002211227411386146,0.0,0.00089349108441316,0.0,0.00036970497290384364,0.0
419,0.002239929658760049,0.0,0.0009716646308721823,0.0,0.00047833462282405683,0.0
420,0.002264735510306426,0.0,0.0010291403946432304,0.0,0.0005588865954975482,0.0
421,0.002291057093104994,0.0,0.001102911089101528,0.0,0.0006550053241757127,0.0
422,0.002320264262821016,0.0,0.0012079474323979343,0.0,0.0007669812351093013,0.0
423,0.002348672193760403,0.0,0.0012443157714416553,0.0,0.0008302790984383783,0.0
424,0.0023818843538318713,0.0,0.0013164626174241995,0.0,0.0009214513907163386,0.0
425,0.002404498912299267,0.0,0.001363763943459948,0.0,0.0009618113664104299,0.0
426,0.002417083710391476,0.0,0.0013955444437373503,0.0,0.0009857518674936023,0.0
427,0.0024167997797847765,0.0,0.0014281541185827958,0.0,0.0010102742362664847,0.0
428,0.0023244380632836976,0.0,0.0007318531518115767,0.0,0.00016300310051604178,0.0
429,0.002298055577184076,0.0,0.0007454925466458728,0.0,0.0001844432359795411,0.0
430,0.0022756902999949216,0.0,0.0006607145065839796,0.0,7.349835495651738e-05,0.0
431,0.002264940408888624,0.0,0.0006622109540028404,0.0,6.904167658800821e-05,0.0
432,0.0022707121515648035,0.0,0.0005970109386479662,0.0,0.0001637407549965335,0.0
433,0.0022687892521893425,0.0,0.0005815641695521049,0.0,0.00014818548134446483,0.0
434,0.002264195653826689,0.0,0.00056346253746634,0.0,0.0001170138200398326,0.0
435,0.002258512099485091,0.0,0.000558104763979117,0.0,9.693042959816852e-05,0.0
436,0.0022493167858931556,0.0,0.0005517693587387207,0.0,6.835827959020789e-05,0.0
437,0.0022423623800574798,0.0,0.0005455575855453935,0.0,5.71265412219671e-05,0.0
438,0.00223882336142912,0.0,0.0005595294964434107,0.0,6.009957063327694e-05,0.0
439,0.0021375158721341006,0.0,0.00027959573217194297,0.0,-0.00017465733827520087,0.0
440,0.002158705060148999,0.0,0.0006783564058792252,0.0,-1.9403608575739367e-06,0.0
441,0.0022067165017258103,0.0,0.0008773806824874046,0.0,0.0002865809822036444,0.0
442,0.0022512750971782616,0.0,0.0010052138366455645,0.0,0.0004927543940494092,0.0
443,0.0022903558183726587,0.0,0.0011180840239604685,0.0,0.0006498484350761073,0.0
444,0.002321078918717084,0.0,0.0011805422887492805,0.0,0.0007269682372420647,0.0
445,0.0023566342134514373,0.0,0.001258587924766213,0.0,0.0008487020190133825,0.0
446,0.0023934314469247478,0.0,0.0013334443471796815,0.0,0.0009499232016597736,0.0
447,0.0024282241637479723,0.0,0.0013477799924663013,0.0,0.0009907505174472017,0.0
448,0.002453824559172728,0.0,0.0014072153199119607,0.0,0.0010407685547614732,0.0
449,0.0024678450430405596,0.0,0.0014482474786364178,0.0,0.0010589910847020752,0.0
450,0.0024749388335182847,0.0,0.0014781678027794302,0.0,0.001074637488803761,0.0
451,0.002474160288389233,0.0,0.0015155925239892002,0.0,0.0011098675776194666,0.0
452,0.0023646612938774,0.0,0.0007520077205858248,0.0,0.0001995346584499633,0.0
453,0.002332793091329304,0.0,0.0007782845864490202,0.0,0.00022920352028855018,0.0
454,0.002305940359314368,0.0,0.0006857976901759536,0.0,0.0001072926796083822,0.0
455,0.0022906593099727614,0.0,0.0006829843626705832,0.0,9.714037835788399e-05,0.0
456,0.0022918265192479817,0.0,0.0006148481011700479,0.0,0.00018187591655475133,0.0
457,0.0022853372394575438,0.0,0.000598548515138637,0.0,0.00015879956714606605,0.0
458,0.0022754732721496297,0.0,0.0005823060866925404,0.0,0.00011849201581156971,0.0
459,0.002265155917297261,0.0,0.000576360215999148,0.0,9.493323516452897e-05,0.0
460,0.002255225753170059,0.0,0.0005678257064256882,0.0,7.608683903365012e-05,0.0
461,0.0022433814307869096,0.0,0.0005610620394069133,0.0,5.03662329462088e-05,0.0
462,0.0022352943634470508,0.0,0.0005686719280393949,0.0,4.554543612070891e-05,0.0
463,0.002143562951395574,0.0,0.0003228273357315073,0.0,-0.00014986475659622338,0.0
464,0.002163588524816031,0.0,0.0007147465720426314,0.0,4.2633919035204746e-05,0.0
465,0.0022184641759852193,0.0,0.0009124212550503307,0.0,0.00032605163950012424,0.0
466,0.002266067738843142,0.0,0.0010403560030949233,0.0,0.0005277701113034976,0.0
467,0.0023061098011777532,0.0,0.0011476800221394106,0.0,0.000675503025914251,0.0
468,0.0023349417138136966,0.0,0.0012002161120207874,0.0,0.0007388283159197339,0.0
469,0.0023775116895996713,0.0,0.0012950113876951238,0.0,0.0008926554426823912,0.0
470,0.0024187562171663086,0.0,0.0013677211100511025,0.0,0.0009968715426864612,0.0
471,0.002455878133862779,0.0,0.00138544377736383,0.0,0.0010376539231923263,0.0
472,0.002483980583192407,0.0,0.0014457881995584038,0.0,0.0010903719336514497,0.0
473,0.002500119965321429,0.0,0.0014871785402072759,0.0,0.0011118189268161571,0.0
474,0.0024996060502223156,0.0,0.0015086143224731152,0.0,0.0011070307801132493,0.0
475,0.0024977604178063892,0.0,0.001545962019157782,0.0,0.0011399017627078136,0.0
476,0.0023811845827235727,0.0,0.0007675915044848159,0.0,0.0002180237049804498,0.0
477,0.0023480595351272476,0.0,0.0007959373327331969,0.0,0.00025093845858639393,0.0
478,0.0023212495153254464,0.0,0.0006996595888559122,0.0,0.00012365652381714155,0.0
479,0.002307111921699413,0.0,0.0006989853153888542,0.0,0.00011565252954946585,0.0
480,0.002307637105342376,0.0,0.0006291441136907821,0.0,0.00019581244030955972,0.0
481,0.002302642798435419,0.0,0.0006089712551934994,0.0,0.00017567012255686651,0.0
482,0.002295798100651513,0.0,0.0005871097262897069,0.0,0.0001450409434264556,0.0
483,0.0022875641976931945,0.0,0.0005823252218533012,0.0,0.00012261782392416977,0.0
484,0.002278812580437265,0.0,0.0005743027738331003,0.0,9.986346638152688e-05,0.0
485,0.0022708349243877645,0.0,0.0005665435270509449,0.0,8.690378072928042e-05,0.0
486,0.0022626551703506417,0.0,0.0005652763150227017,0.0,7.359610585112278e-05,0.0
487,0.0022533089146500756,0.0,0.0005577586376514855,0.0,6.37359541038789e-05,0.0
488,0.0022008988995170574,0.0,0.0006477266186713628,0.0,-3.768903717473718e-05,0.0
489,0.0021242268820059395,0.0,0.0003759107702362074,0.0,-0.00016369316246150434,0.0
490,0.002175139383647544,0.0,0.0005916209201930519,0.0,9.607850076915996e-06,0.0
491,0.002204849908086164,0.0,0.0007306528086618337,0.0,0.00016156212223497114,0.0
492,0.0022322260295817554,0.0,0.0008685402671153805,0.0,0.00033662012445556666,0.0
493,0.0022533581715927916,0.0,0.0009381788920661664,0.0,0.00042049971736225506,0.0
494,0.002277013706353039,0.0,0.0010288352402722082,0.0,0.0005372693444184976,0.0
495,0.0022994707584186626,0.0,0.001107953223304253,0.0,0.0006330634295918531,0.0
496,0.0023152344299937812,0.0,0.0011384067128838607,0.0,0.0006526519873524346,0.0
497,0.0022774822178026144,0.0,0.0007450908190327528,0.0,0.00021333534727503494,0.0
498,0.002269668649296404,0.0,0.0008021237105511941,0.0,0.00025555683732428314,0.0
499,0.0022555287722871753,0.0,0.0007180925929129471,0.0,0.00013381850109437884,0.0
500,0.00226766228536319,0.0,0.0007302347437850507,0.0,0.00029580250554216603,0.0
501,0.002269503961718139,0.0,0.0007171936801155059,0.0,0.000282630554075034,0.0
502,0.0022655262114256985,0.0,0.0005938321210224372,0.0,0.00015768336684834276,0.0
503,0.002263427105968974,0.0,0.0005889133348630986,0.0,0.00013780065750215276,0.0
504,0.002258773547829604,0.0,0.0005672371364303576,0.0,0.00010168223868497908,0.0
505,0.002256379674427318,0.0,0.0005548276548255592,0.0,8.244458926914583e-05,0.0
506,0.0022527688105914226,0.0,0.000542273694002823,0.0,5.882058879806869e-05,0.0
507,0.002248539329146154,0.0,0.0005314373598768432,0.0,4.6951406389350494e-05,0.0
508,0.002243414664933386,0.0,0.0005255565027051297,0.0,3.255704290506666e-05,0.0
509,0.002236910931532679,0.0,0.0005231968892164376,0.0,2.1124303565449114e-05,0.0
510,0.0022265305643665405,0.0,0.0005328326190811675,0.0,1.6069737683191507e-06,0.0
511,0.0022149472886357283,0.0,0.0005295630563192379,0.0,-8.959878199284567e-06,0.0
512,0.00220990110542612,0.0,0.0006159521119283662,0.0,4.76311370851513e-05,0.0
513,0.0022056373757610285,0.0,0.0006417650201198763,0.0,5.526386694671608e-05,0.0
514,0.002205647274856031,0.0,0.0006449091328165207,0.0,7.167726240958053e-05,0.0
515,0.002211515737244601,0.0,0.0006485959778929457,0.0,0.00011123424011772235,0.0
516,0.0022122314891888694,0.0,0.0006404228047723526,0.0,0.00010749615599027766,0.0
517,0.002217304642289976,0.0,0.0006652722936394549,0.0,0.00013473957987765548,0.0
518,0.002222331895547089,0.0,0.0006972847608552747,0.0,0.00016277727185581197,0.0
519,0.002228542698492937,0.0,0.00072098160881047,0.0,0.00019695379928145454,0.0
520,0.002233327048319438,0.0,0.000739839187651011,0.0,0.00021726107898803427,0.0
521,0.0022331312357524724,0.0,0.0007292630637408095,0.0,0.00020305317946381807,0.0
522,0.00222187145981319,0.0,0.0006750540904247983,0.0,0.00011186544255721304,0.0
523,0.002200015645029341,0.0,0.0005777625668246646,0.0,-9.062628029971021e-06,0.0
524,0.002181816836093752,0.0,0.000556360317817429,0.0,-4.019198108545026e-05,0.0
525,0.0021670261789589803,0.0,0.0005410960644043381,0.0,-6.01054243006033e-05,0.0
526,0.002145369354930969,0.0,0.0004967542938729393,0.0,-0.00010328669112297836,0.0
527,0.0021295040068251185,0.0,0.00048048104513897117,0.0,-0.00012237436633764313,0.0
528,0.002110394082706785,0.0,0.00045724897237577717,0.0,-0.00014632862468680493,0.0
529,0.0020952354254225227,0.0,0.00044009696218416075,0.0,-0.000164054538335144,0.0
530,0.0020823006722945608,0.0,0.00042803412280149596,0.0,-0.00017747524082563847,0.0
531,0.0020689225180110637,0.0,0.0004149306961685589,0.0,-0.0001900821407834904,0.0
532,0.002053654227245775,0.0,0.00040061725912302623,0.0,-0.0002062656000849397,0.0
533,0.0020398051374960037,0.0,0.0003853753029230125,0.0,-0.00021987058917552515,0.0
534,0.0020309547536352538,0.0,0.00038735916695779003,0.0,-0.0002249964057318974,0.0
535,0.001780812815353705,0.0,-4.401107402585716e-05,0.0,-0.0005466213621013755,0.0
536,0.001774708203138125,0.0,0.00012637174522042022,0.0,-0.0005025855230134945,0.0
537,0.001874381063103289,0.0,0.0002735107562125466,0.0,-0.00035360859748647744,0.0
538,0.0019533954414176348,0.0,0.00036717057388092206,0.0,-0.0002270047741681295,0.0
539,0.002016292033666929,0.0,0.00046812118990407776,0.0,-0.00010824862287683043,0.0
540,0.0020603352173182736,0.0,0.000566338377306886,0.0,8.671590175859923e-06,0.0
541,0.0020996526232792646,0.0,0.0006670651387039785,0.0,0.00013058899805711986,0.0
542,0.0021366553412344976,0.0,0.0007789326862750476,0.0,0.0002520947902040411,0.0
543,0.0021756490960491487,0.0,0.0008755926228459056,0.0,0.000398354918496059,0.0
544,0.0022102289478413873,0.0,0.0009713057567322888,0.0,0.0005041930116786515,0.0
545,0.002232979111527057,0.0,0.0010123095377647764,0.0,0.0005318452692077273,0.0
546,0.002245436383465133,0.0,0.001021507469276032,0.0,0.0005337894033674625,0.0
547,0.0022546685822206524,0.0,0.0010423058387089177,0.0,0.0005352069958540404,0.0
548,0.0021924089623871325,0.0,0.0005848969649287956,0.0,-1.821698532515593e-05,0.0
549,0.002175764130483184,0.0,0.0005865190500663191,0.0,-1.5866402990031767e-05,0.0
550,0.002157764627218177,0.0,0.0005436095842819162,0.0,-6.112050116899434e-05,0.0
551,0.0021509972585320543,0.0,0.0005383579164873444,0.0,-6.723253173249893e-05,0.0
552,0.0021746418857995385,0.0,0.0004810330495528634,0.0,3.452885240983687e-05,0.0
553,0.0021703166003150783,0.0,0.000491534239952021,0.0,-1.2152539274181708e-05,0.0
554,0.0021650302010986213,0.0,0.0004851315402450393,0.0,-3.279353425034246e-05,0.0
555,0.002155388366062476,0.0,0.0004814952795335653,0.0,-5.766947082538475e-05,0.0
556,0.0021492096982129775,0.0,0.00047144229016895156,0.0,-6.784441652834606e-05,0.0
557,0.0021399805183596647,0.0,0.000465675453309427,0.0,-8.6315091000576e-05,0.0
558,0.0021380436232696816,0.0,0.0004719608379019144,0.0,-8.243426425784883e-05,0.0
559,0.001993356434413582,0.0,0.00015996057925682936,0.0,-0.0003235162043863153,0.0
560,0.002004472162331721,0.0,0.00041871535765151155,0.0,-0.0002345507428038405,0.0
561,0.0020720143254517676,0.0,0.0006107398314362266,0.0,-2.9152362016299812e-05,0.0
562,0.002118265610309605,0.0,0.0007180538470045405,0.0,0.0001407748394135367,0.0
563,0.0021518697262214587,0.0,0.0007973009128685133,0.0,0.00024780039130599917,0.0
564,0.0021812897911129754,0.0,0.0008599672537016006,0.0,0.0003341659614773671,0.0
565,0.0022135493012436424,0.0,0.0009406241963587005,0.0,0.0004381177395639806,0.0
566,0.002244692713202109,0.0,0.001026380564049492,0.0,0.0005328350352070169,0.0
567,0.002274735550135392,0.0,0.0010895192636411332,0.0,0.0006275840066045269,0.0
568,0.0022997986507672903,0.0,0.0011461902634910836,0.0,0.0006860415671044264,0.0
569,0.00231794473605315,0.0,0.0011748354674497702,0.0,0.0007096325449881954,0.0
570,0.002335256151878274,0.0,0.0012162848053073327,0.0,0.0007489112267216544,0.0
571,0.0023442639180233406,0.0,0.001247909602042421,0.0,0.0007756127428593656,0.0
572,0.0022589912083268915,0.0,0.0006370094916616569,0.0,5.246807310110618e-05,0.0
573,0.002236019072726861,0.0,0.0006379818923395498,0.0,5.474252865837303e-05,0.0
574,0.0022153508294417198,0.0,0.0005889267385050679,0.0,-2.901910363165526e-07,0.0
575,0.002205737277806378,0.0,0.0005849647063491631,0.0,-8.109831053438807e-06,0.0
576,0.0022186536951663504,0.0,0.0005149021933048069,0.0,8.202328003764593e-05,0.0
577,0.0022154988395974634,0.0,0.0005122582877444205,0.0,5.342674300846224e-05,0.0
578,0.002207788671545838,0.0,0.000508195262687727,0.0,2.555222531154251e-05,0.0
579,0.0021934950104178473,0.0,0.0005127154308426165,0.0,-9.409293827708195e-06,0.0
580,0.0021788774319224566,0.0,0.0005019883397384137,0.0,-3.409426650872506e-05,0.0
581,0.0021604918234840926,0.0,0.0004921867975115725,0.0,-6.42852808703506e-05,0.0
582,0.0021490720623565723,0.0,0.0004940759654105615,0.0,-7.084748442923129e-05,0.0
583,0.002018149590582054,0.0,0.0002192036346021992,0.0,-0.0002833470341365334,0.0
584,0.0020261839223317847,0.0,0.0004807469401517096,0.0,-0.0001905531142495949,0.0
585,0.0020920832005981585,0.0,0.0006738412677139082,0.0,5.1705728095589876e-05,0.0
586,0.002153469372138666,0.0,0.0008252079018619875,0.0,0.0002834944080783552,0.0
587,0.0022010791728966166,0.0,0.0009427926906470996,0.0,0.00044158465741607304,0.0
588,0.0022375379133459713,0.0,0.0010144983388943685,0.0,0.000529886756366036,0.0
589,0.002275171853675323,0.0,0.0011005719273368103,0.0,0.0006478483041304926,0.0
590,0.0023113584755458843,0.0,0.0011984751413600231,0.0,0.000766430360462176,0.0
591,0.0023466232052079686,0.0,0.0012417211158643228,0.0,0.00084799415016924,0.0
592,0.002375041390881023,0.0,0.0013015392534920056,0.0,0.0009052281770593892,0.0
593,0.002390650799821251,0.0,0.001342098961817282,0.0,0.0009201520878190897,0.0
594,0.002397760244807109,0.0,0.0013439793906257708,0.0,0.0009100539126947419,0.0
595,0.002398200111747322,0.0,0.001341599185375121,0.0,0.0008890785960582188,0.0
596,0.002291062579844001,0.0,0.0006679775451031531,0.0,8.519527217298059e-05,0.0
597,0.0022563686259759576,0.0,0.0006566415790948933,0.0,7.374879450889812e-05,0.0
598,0.0022256032328126195,0.0,0.0006013999591707056,0.0,1.269049967065933e-05,0.0
599,0.0022070344374260677,0.0,0.0005867592423924543,0.0,-5.616483540122393e-06,0.0
600,0.002217630137950563,0.0,0.0005275742966870267,0.0,7.78609881904338e-05,0.0
601,0.002200446206753858,0.0,0.0005320482176813771,0.0,1.3300994317758715e-05,0.0
602,0.002184147995764219,0.0,0.0005167065086174465,0.0,-1.7435007878178143e-05,0.0
603,0.002161151763718698,0.0,0.0005029609178613031,0.0,-5.795352573841116e-05,0.0
604,0.0021460415160567976,0.0,0.00048276013027424153,0.0,-7.335252773466678e-05,0.0
605,0.0021220533454814573,0.0,0.00046678830641138963,0.0,-0.00010952514003220487,0.0
606,0.002111240302388022,0.0,0.0004614027280618713,0.0,-0.00011223662362956047,0.0
607,0.001975292616795711,0.0,0.00020133631097449354,0.0,-0.00031786526418050426,0.0
608,0.001991734001531669,0.0,0.00045123989361437323,0.0,-0.00021806542616506963,0.0
609,0.0020632710333355134,0.0,0.000641062949259586,0.0,1.862706592990109e-05,0.0
610,0.002131451687948559,0.0,0.0007968493787104487,0.0,0.0002521170390427487,0.0
611,0.0021806212789549227,0.0,0.000906365877640545,0.0,0.0003974857599246522,0.0
612,0.002214011492400556,0.0,0.000960345274611423,0.0,0.00046234126042110743,0.0
613,0.002246013691255523,0.0,0.001023315922992043,0.0,0.0005360793679612273,0.0
614,0.0022756036310982615,0.0,0.0010919540015698838,0.0,0.0006078447421564044,0.0
615,0.0023035415498261595,0.0,0.0011410665840075824,0.0,0.0006812020586288326,0.0
616,0.0023253084701050503,0.0,0.0011813072226141438,0.0,0.0007201630075532508,0.0
617,0.002341276870940095,0.0,0.0012031030440167532,0.0,0.0007372149926317558,0.0
618,0.002354235012765789,0.0,0.001225451877088444,0.0,0.0007514648086505934,0.0
619,0.002359226249332501,0.0,0.0012408384220869997,0.0,0.0007578226637690395,0.0
620,0.002255227530588488,0.0,0.0006307729691859996,0.0,4.337182494603255e-05,0.0
621,0.0022231702778762377,0.0,0.0006181875203464609,0.0,3.243611838887287e-05,0.0
622,0.0021946949424557225,0.0,0.0005674783865738404,0.0,-2.237903656875269e-05,0.0
623,0.002179197558546196,0.0,0.0005517013859548556,0.0,-3.868399441807585e-05,0.0
624,0.002196668666169081,0.0,0.0004976393656069811,0.0,5.030738123692677e-05,0.0
625,0.0021866796267298633,0.0,0.0005015373260176086,0.0,1.2565039102688073e-06,0.0
626,0.002175133255788678,0.0,0.000492379877914261,0.0,-2.671184704047195e-05,0.0
627,0.002159665019206493,0.0,0.00048390521013706353,0.0,-5.590366114726958e-05,0.0
628,0.002146832787956449,0.0,0.00047083752346448995,0.0,-7.426673858985282e-05,0.0
629,0.0021322894141365904,0.0,0.00045974131012748473,0.0,-9.596871083307739e-05,0.0
630,0.0021249727353108054,0.0,0.0004633926295575481,0.0,-9.863405692350552e-05,0.0
631,0.0020091787121449215,0.0,0.00021714463431666848,0.0,-0.0002848846585965226,0.0
632,0.0020312197408665447,0.0,0.0005106771926831131,0.0,-0.0001680671494475541,0.0
633,0.0020966504405652052,0.0,0.0007040427831944839,0.0,8.746470887265392e-05,0.0
634,0.002144446492055228,0.0,0.0008072552329121845,0.0,0.0002440232747311004,0.0
635,0.002184026231384921,0.0,0.0008948380722555555,0.0,0.00036226643045105737,0.0
636,0.0022254484294078995,0.0,0.0009891128023821634,0.0,0.0004926351868385619,0.0
637,0.002261912705931522,0.0,0.001067891521057941,0.0,0.0005868110089731625,0.0
638,0.0022917538553654934,0.0,0.0011341851526260277,0.0,0.000656423773067395,0.0
639,0.0023143148512065675,0.0,0.0011586796519841764,0.0,0.0006975365083539385,0.0
640,0.002333410479682054,0.0,0.0011925818876678028,0.0,0.0007279199401891098,0.0
641,0.002352770367692097,0.0,0.0012338496830461496,0.0,0.0007743097806514106,0.0
642,0.0023685238298149325,0.0,0.0012667722556421793,0.0,0.0008047096624435042,0.0
643,0.002372300416954404,0.0,0.001273795012924012,0.0,0.0007972369605259921,0.0
644,0.0022671375112860246,0.0,0.0006390227021326016,0.0,5.4487169095845814e-05,0.0
645,0.002234332534449308,0.0,0.0006279119538688588,0.0,4.403934889359116e-05,0.0
646,0.002205167651157809,0.0,0.0005770401560494711,0.0,-1.2145235304392588e-05,0.0
647,0.0021892329341984167,0.0,0.0005620918464221562,0.0,-2.8296498560115746e-05,0.0
648,0.0022050396325260296,0.0,0.000504694084905586,0.0,6.002482779750751e-05,0.0
649,0.002195682993550327,0.0,0.0005089916951141478,0.0,1.3187901756703604e-05,0.0
650,0.0021833509284040777,0.0,0.0005003957200394086,0.0,-1.760822224059855e-05,0.0
651,0.00216445769648157,0.0,0.0004932215156957623,0.0,-5.436110607338787e-05,0.0
652,0.0021516796158250473,0.0,0.000476920458933686,0.0,-6.872333640680912e-05,0.0
653,0.002132358733672817,0.0,0.0004662075469166132,0.0,-9.979976120165978e-05,0.0
654,0.002123052291824762,0.0,0.0004533578076803172,0.0,-0.00010552058727795598,0.0
655,0.0021036144383658013,0.0,0.00044349641761711584,0.0,-0.00013245441170170707,0.0
656,0.002028818325001185,0.0,0.0004397211076246294,0.0,-0.00023122362194988517,0.0
657,0.0019324914253715905,0.0,0.00018170941629516387,0.0,-0.0003592259706678152,0.0
658,0.0020175863862868975,0.0,0.0003691401855350087,0.0,-0.0001872190616388369,0.0
659,0.0020689412215088845,0.0,0.0004845537186110258,0.0,-7.19303359814679e-05,0.0
660,0.0021104374921601166,0.0,0.0006237838730941215,0.0,6.562503072244914e-05,0.0
661,0.002140324379238316,0.0,0.0007156954272721165,0.0,0.00016759657507720363,0.0
662,0.002162947315999422,0.0,0.0007759532537873648,0.0,0.0002337447708867144,0.0
663,0.0021835084483022744,0.0,0.000830529001889054,0.0,0.0003007979833607279,0.0
664,0.002194972113376113,0.0,0.0008474286922870707,0.0,0.00030457654941220603,0.0
665,0.002168746272059442,0.0,0.0005787943952443987,0.0,-1.5046386117731e-07,0.0
666,0.0021622657929804903,0.0,0.0006311109503594511,0.0,4.695423143611906e-05,0.0
667,0.002147171765826101,0.0,0.0005607193746475778,0.0,-5.695025450753674e-05,0.0
668,0.0021714287155866225,0.0,0.0005269048004117486,0.0,7.944605326106824e-05,0.0
669,0.002168173439757784,0.0,0.0005391241264495428,0.0,2.6834015089635915e-05,0.0
670,0.0021551232506416777,0.0,0.00048496299267707923,0.0,-3.8049358654199616e-05,0.0
671,0.0021413302649465372,0.0,0.00047793081095616724,0.0,-7.232076269155158e-05,0.0
672,0.002128346973281252,0.0,0.00046359937680743267,0.0,-9.199975688713505e-05,0.0
673,0.002114963772695478,0.0,0.0004534909360696802,0.0,-0.00011581353929592897,0.0
674,0.0021028051761886437,0.0,0.0004394067305219817,0.0,-0.00013299316873240823,0.0
675,0.002085844265287961,0.0,0.00042549468940496704,0.0,-0.00015544498819684068,0.0
676,0.002070959658418992,0.0,0.0004091408210451817,0.0,-0.00017161329559485592,0.0
677,0.0020523192213578365,0.0,0.000393354010315438,0.0,-0.00019445159561830034,0.0
678,0.002037579267956344,0.0,0.0003780488086673723,0.0,-0.00020902037335299736,0.0
679,0.002016837701892062,0.0,0.0003611837307617837,0.0,-0.0002315047108292313,0.0
680,0.0020098240683703167,0.0,0.0003827532868394103,0.0,-0.00021461014123552388,0.0
681,0.0020037545482546122,0.0,0.00039074941068090966,0.0,-0.00021639888183007925,0.0
682,0.0020251203050125764,0.0,0.00040705787639841733,0.0,-0.0001729635292991009,0.0
683,0.0020450972190633916,0.0,0.0004217398205853916,0.0,-0.00014456582309391197,0.0
684,0.0020635673468189578,0.0,0.0004370666155623193,0.0,-0.00012210531922913126,0.0
685,0.0020774425683102115,0.0,0.0004640245592852987,0.0,-0.00011292511442459994,0.0
686,0.002093522762979484,0.0,0.0004929136302224694,0.0,-8.915952130793237e-05,0.0
687,0.0021106381475727047,0.0,0.0005358064674629038,0.0,-4.746651046922388e-05,0.0
688,0.0021296279573426264,0.0,0.0005851114666583774,0.0,2.6265739334800447e-05,0.0
689,0.002139880875312811,0.0,0.0006088863989723269,0.0,5.08556738388359e-05,0.0
690,0.0021399069975868486,0.0,0.0005631785517846815,0.0,-5.016374241109721e-06,0.0
691,0.002113577152799952,0.0,0.0004757325859785546,0.0,-0.00011636899909448742,0.0
692,0.002096724926712575,0.0,0.00045851154600705065,0.0,-0.00013842724956699424,0.0
693,0.002078774956623239,0.0,0.0004450120656333853,0.0,-0.00016367807670205107,0.0
694,0.0020599337398940964,0.0,0.0004065414407410595,0.0,-0.00019405846245017797,0.0
695,0.0020418238993908776,0.0,0.0003913827656407316,0.0,-0.0002169234479726626,0.0
696,0.002028988006306448,0.0,0.00037426987705285416,0.0,-0.00022760114360743857,0.0
697,0.0020138259553817107,0.0,0.00036144177398147786,0.0,-0.00024652716329138136,0.0
698,0.002006916905599292,0.0,0.0003509430465537004,0.0,-0.0002512801908904512,0.0
699,0.0019915917959811547,0.0,0.00033741970906707767,0.0,-0.00026931126520977065,0.0
700,0.0019814403841431913,0.0,0.0003236841064442386,0.0,-0.0002781129601411341,0.0
701,0.00196545115539064,0.0,0.00031046995152567917,0.0,-0.0002961797367025922,0.0
702,0.001961270803849922,0.0,0.00031271626580465107,0.0,-0.00029457623270499227,0.0
703,0.0016910663943618398,0.0,-0.0001279741021720821,0.0,-0.0006332191314366116,0.0
704,0.0016827219869921983,0.0,3.180480322239888e-05,0.0,-0.0005950529521926438,0.0
705,0.0017976752334809016,0.0,0.0001877845071053617,0.0,-0.0004349910586634808,0.0
706,0.0018740580763543404,0.0,0.00027280326231270667,0.0,-0.0003255380664548914,0.0
707,0.001935026593177846,0.0,0.00035794583885043554,0.0,-0.00023034747481334456,0.0
708,0.0019842985558942454,0.0,0.0004407393033480499,0.0,-0.00014490619871680612,0.0
709,0.002030432060019339,0.0,0.0005479594841566665,0.0,-6.968274556336533e-06,0.0
710,0.00207027449067716,0.0,0.0006646911281564607,0.0,0.00011656869599746241,0.0
711,0.0021097628073498843,0.0,0.0007613186749303514,0.0,0.00025196477086962044,0.0
712,0.0021425366599399837,0.0,0.0008423689153928403,0.0,0.00034870222951887634,0.0
713,0.0021699334033909116,0.0,0.0009076442951285548,0.0,0.00042001971477546515,0.0
714,0.002192986436813742,0.0,0.0009644738989264292,0.0,0.00047223839064161285,0.0
715,0.0022040442888539152,0.0,0.0009792040790518651,0.0,0.0004658596183011777,0.0
716,0.0021502033613120444,0.0,0.0005351389781224929,0.0,-6.580055522328984e-05,0.0
717,0.002135500830817914,0.0,0.0005395350271771056,0.0,-6.177139755774764e-05,0.0
718,0.0021172385736243898,0.0,0.0004989374535299064,0.0,-0.00010526338654488461,0.0
719,0.0021092868253322185,0.0,0.0004939425807730224,0.0,-0.00011185168013783629,0.0
720,0.0021323229330121023,0.0,0.0004462904995112192,0.0,-1.6244409416025173e-05,0.0
721,0.0021236143021989874,0.0,0.0004569834261808646,0.0,-6.647317035973896e-05,0.0
722,0.0021072604342688684,0.0,0.0004508539956901284,0.0,-0.00010565852481473649,0.0
723,0.0020907597459882523,0.0,0.00043607455560957414,0.0,-0.00012929111967002185,0.0
724,0.0020708390886768064,0.0,0.00042049071816687735,0.0,-0.00015735161915514135,0.0
725,0.002054636116528212,0.0,0.00040328666881626137,0.0,-0.00017564053493441796,0.0
726,0.002041694087213687,0.0,0.0004018805983117831,0.0,-0.000188151290071,0.0
727,0.0018635890180711558,0.0,5.83508663711714e-05,0.0,-0.0004433166188333112,0.0
728,0.0018768023893196706,0.0,0.00027274756931113333,0.0,-0.0003655481256747949,0.0
729,0.001957663627147885,0.0,0.0004367980058657471,0.0,-0.00020560156946843522,0.0
730,0.0020193724499501407,0.0,0.00055949513942856,0.0,-2.7394443546260622e-05,0.0
731,0.002071792310097524,0.0,0.0006786612086115645,0.0,0.00013981925314935132,0.0
732,0.002113447187565584,0.0,0.0007704961914458503,0.0,0.00025876057563055,0.0
733,0.0021531095932571234,0.0,0.0008687941693135061,0.0,0.00037021671163398745,0.0
734,0.002195600953649791,0.0,0.0009901755876626172,0.0,0.0005083642200216878,0.0
735,0.0022388131609785726,0.0,0.0010957656766302816,0.0,0.0006696138676597139,0.0
736,0.0022762535993788163,0.0,0.0011804327353448782,0.0,0.0007656463708412193,0.0
737,0.002302018014256762,0.0,0.001226456570279286,0.0,0.0007969630660167304,0.0
738,0.002322537831075483,0.0,0.0012676746894319173,0.0,0.00083256927656315,0.0
739,0.0023276089427710965,0.0,0.001270628175545115,0.0,0.0008256004657287619,0.0
740,0.002236297205055404,0.0,0.0006109975807646315,0.0,3.3921869480213864e-05,0.0
741,0.002209068798536805,0.0,0.0006105957767187017,0.0,3.128578516566115e-05,0.0
742,0.0021837626521547535,0.0,0.0005601001680688649,0.0,-2.7000136798130555e-05,0.0
743,0.002170510988311658,0.0,0.0005530381544412657,0.0,-3.8485938237800815e-05,0.0
744,0.002183880874204732,0.0,0.0004924702959897174,0.0,5.1131094637498625e-05,0.0
745,0.0021755894326683485,0.0,0.0004951582715128664,0.0,5.834362453008713e-06,0.0
746,0.002161835748858785,0.0,0.0004897963288003112,0.0,-2.9803242037548653e-05,0.0
747,0.002140306798089137,0.0,0.00048003241466790995,0.0,-7.226976334096587e-05,0.0
748,0.0021229307187656237,0.0,0.0004615972282791752,0.0,-9.414544907194761e-05,0.0
749,0.002097753734794985,0.0,0.00044493919767957626,0.0,-0.0001313960340403492,0.0
750,0.002083879730673467,0.0,0.0004383729374205094,0.0,-0.00013852182476910605,0.0
751,0.0019300168730538578,0.0,0.00014900028165106233,0.0,-0.00036735617268403265,0.0
752,0.001941743707322005,0.0,0.00037586831181076526,0.0,-0.00027921701012948265,0.0
753,0.0020102346817577926,0.0,0.000549276601546635,0.0,-8.170922565877141e-05,0.0
754,0.002068162472506257,0.0,0.0006720493084801864,0.0,0.00010433982828921202,0.0
755,0.0021157281141355303,0.0,0.0007797154471654193,0.0,0.00024936129353821655,0.0
756,0.0021520201048891097,0.0,0.0008500871313686996,0.0,0.00033830400690152123,0.0
757,0.002185397830513667,0.0,0.0009188404259745683,0.0,0.0004174019549139645,0.0
758,0.0022168455750186,0.0,0.0009916954453003085,0.0,0.0004946600064212616,0.0
759,0.0022491523187794203,0.0,0.0010549446986193377,0.0,0.0005898630421720832,0.0
760,0.0022767432645652954,0.0,0.001114498330499113,0.0,0.000652933628093186,0.0
761,0.002297386043088098,0.0,0.0011503998693796489,0.0,0.0006877484363448465,0.0
762,0.0023128166245773105,0.0,0.0011774398089962265,0.0,0.000712910267861779,0.0
763,0.0023123774258249396,0.0,0.0011609777038025992,0.0,0.000671396012645953,0.0
764,0.00220792262517951,0.0,0.0005902627511295514,0.0,6.170943843097866e-07,0.0
765,0.002173274004160057,0.0,0.0005719131866268035,0.0,-1.4910879033275021e-05,0.0
766,0.0021411702904428707,0.0,0.0005171397559248968,0.0,-7.15929082798735e-05,0.0
767,0.0021215074942778915,0.0,0.0004964897179132584,0.0,-9.241209965919078e-05,0.0
768,0.0021357051767871785,0.0,0.00045436231424458796,0.0,-2.6096649082260463e-05,0.0
769,0.002115079044949619,0.0,0.0004503865213578154,0.0,-8.651350718760266e-05,0.0
770,0.002092441555521963,0.0,0.00043335585149363847,0.0,-0.00012462821308215695,0.0
771,0.0020707298085961383,0.0,0.0004132715147926664,0.0,-0.00015351185013472146,0.0
772,0.002051259087246313,0.0,0.0003938390756228488,0.0,-0.00017731677989165674,0.0
773,0.002032064017861551,0.0,0.0003744109599222585,0.0,-0.00020216026240423978,0.0
774,0.0020218379414015048,0.0,0.0003708848606593573,0.0,-0.00020944205861336016,0.0
775,0.0018807455262579553,0.0,0.00010686436022024287,0.0,-0.0004100172471043592,0.0
776,0.0018999504413856655,0.0,0.0003326787239364839,0.0,-0.0003189999114872899,0.0
777,0.0019777668845176928,0.0,0.0005155684025064539,0.0,-0.00011938523869639399,0.0
778,0.002045889986588968,0.0,0.0006569285161452901,0.0,8.829022443379564e-05,0.0
779,0.002102092410127376,0.0,0.0007803995155204425,0.0,0.00025261015828279606,0.0
780,0.002145314267058928,0.0,0.0008641253654991618,0.0,0.00035652797864242094,0.0
781,0.0021845693588922847,0.0,0.000943909136503935,0.0,0.0004498967074780978,0.0
782,0.0022223767952210074,0.0,0.0010324359951288488,0.0,0.0005489450007021262,0.0
783,0.0022606337697848975,0.0,0.0011124512100895187,0.0,0.0006681915567549595,0.0
784,0.0022921365105431977,0.0,0.0011796801755317463,0.0,0.0007396650463419941,0.0
785,0.0023142754108660566,0.0,0.0012124332093485595,0.0,0.000763168497694966,0.0
786,0.002333058614632357,0.0,0.001250121177798718,0.0,0.0008014916591166212,0.0
787,0.002336784660359379,0.0,0.0012459820666290606,0.0,0.0007785434238458725,0.0
788,0.002231582707749084,0.0,0.0006028535657269024,0.0,2.0844832916932805e-05,0.0
789,0.0021989303010064784,0.0,0.0005922899483492394,0.0,1.0677300307338736e-05,0.0
790,0.0021699181382120987,0.0,0.0005409852615723237,0.0,-4.526426666133141e-05,0.0
791,0.002153315405644779,0.0,0.0005245780097651214,0.0,-6.283721428716521e-05,0.0
792,0.0021678414942989405,0.0,0.00047305491438456783,0.0,1.6048401328927074e-05,0.0
793,0.0021549026235236357,0.0,0.0004734773873452761,0.0,-3.387192168448144e-05,0.0
794,0.0021378777903790277,0.0,0.0004639308338508938,0.0,-7.073595765100628e-05,0.0
795,0.002121400004347962,0.0,0.0004504906295491264,0.0,-9.68222110200828e-05,0.0
796,0.002106199654907779,0.0,0.00043587442179526207,0.0,-0.00011855966387259553,0.0
797,0.0020897603360635853,0.0,0.00042152185286065407,0.0,-0.00013984464962059893,0.0
798,0.0020775421261208307,0.0,0.00042192610113774075,0.0,-0.0001504424632493501,0.0
799,0.0019513396081850352,0.0,0.0001686859925424495,0.0,-0.0003403110528862822,0.0
800,0.0019635319860417293,0.0,0.00042263464425761456,0.0,-0.00024762768169417663,0.0
801,0.002036708794893311,0.0,0.0006141034900207947,0.0,-8.611544900703175e-06,0.0
802,0.0021005548539019137,0.0,0.0007564789546391686,0.0,0.0002051020089350866,0.0
803,0.0021479715124582913,0.0,0.0008608525232944582,0.0,0.0003448830779067473,0.0
804,0.002184745819356017,0.0,0.0009293074846586499,0.0,0.0004282026302162491,0.0
805,0.002221267782429005,0.0,0.0010052961454887278,0.0,0.0005242599389361545,0.0
806,0.002255894847156795,0.0,0.0010871389984867794,0.0,0.0006166165850346708,0.0
807,0.00229199056994774,0.0,0.001164196106639226,0.0,0.0007348859117001644,0.0
808,0.002320028672644632,0.0,0.001221443953232943,0.0,0.000791347706816741,0.0
809,0.00233972055046754,0.0,0.0012483554570762935,0.0,0.0008055128188698582,0.0
810,0.0023566951001540498,0.0,0.0012845297407165393,0.0,0.0008420225909835273,0.0
811,0.0023560693608492356,0.0,0.001266119550266381,0.0,0.0007999503042804917,0.0
812,0.002245094363398001,0.0,0.0006186941470548474,0.0,3.6323531197555666e-05,0.0
813,0.0022092321411899137,0.0,0.0006040935460908737,0.0,2.2468304278253624e-05,0.0
814,0.0021783335826369822,0.0,0.0005514309573889941,0.0,-3.468090756640011e-05,0.0
815,0.002159651570590271,0.0,0.0005328347140421824,0.0,-5.429933941297196e-05,0.0
816,0.0021706452306739926,0.0,0.0004835431873940749,0.0,1.7186553810663216e-05,0.0
817,0.0021537990809243966,0.0,0.0004802581622800116,0.0,-3.701832662368512e-05,0.0
818,0.0021308068752882775,0.0,0.0004688634800047776,0.0,-8.464952396569202e-05,0.0
819,0.0021144008775937583,0.0,0.000449461011470463,0.0,-0.00010408102944743929,0.0
820,0.0020910862055883413,0.0,0.0004331454388530277,0.0,-0.00013902691568605833,0.0
821,0.0020766304124597234,0.0,0.0004136759809881754,0.0,-0.00015223299037713726,0.0
822,0.0020536193327738953,0.0,0.0003993732406309765,0.0,-0.00018380930412249157,0.0
823,0.002039841741114781,0.0,0.00038002361842156423,0.0,-0.0001922432138249286,0.0
824,0.0019610551591498528,0.0,0.0003660335432299227,0.0,-0.00029430915538446753,0.0
825,0.0018546207893140004,0.0,0.00010890892831155621,0.0,-0.00043146737549460903,0.0
826,0.0019357167672763935,0.0,0.0002791410731075093,0.0,-0.0002794316073899093,0.0
827,0.0019938811948902652,0.0,0.0003833880846806259,0.0,-0.00017081533578885218,0.0
828,0.00204400827504621,0.0,0.0005091859814209324,0.0,-5.6315491418384425e-05,0.0
829,0.0020763006302934577,0.0,0.0005962529819291272,0.0,2.958530975371047e-05,0.0
830,0.0021016056033545533,0.0,0.0006626714970558703,0.0,0.00010369806743456232,0.0
831,0.0021288667098966277,0.0,0.0007431854258496849,0.0,0.00020297482595768384,0.0
832,0.002149109784522601,0.0,0.000793180965939753,0.0,0.00025197831056815554,0.0
833,0.002130062732763609,0.0,0.0005384559357929499,0.0,-2.9867565997257896e-05,0.0
834,0.0021297999652687407,0.0,0.0006030905948179151,0.0,3.133253466232875e-05,0.0
835,0.0021134952578535206,0.0,0.0005257751197490058,0.0,-8.970574750434448e-05,0.0
836,0.0021363337356285405,0.0,0.0004931745898675708,0.0,3.2655316352525154e-05,0.0
837,0.00213251551901468,0.0,0.000503886852448597,0.0,-1.6184578043050525e-05,0.0
838,0.0021169761367860465,0.0,0.0004516655444053695,0.0,-8.334028710678962e-05,0.0
839,0.0021039044251598043,0.0,0.0004411126910299957,0.0,-0.00011178235238277394,0.0
840,0.0020921111375116594,0.0,0.000426686351412555,0.0,-0.0001289174859589906,0.0
841,0.002081444195185675,0.0,0.00041784933320966914,0.0,-0.00014878339508587904,0.0
842,0.0020724802286393408,0.0,0.0004058402017916414,0.0,-0.00016074111910817292,0.0
843,0.0020558607666908315,0.0,0.0003939470165791212,0.0,-0.00018389401645769131,0.0
844,0.0020448222676799624,0.0,0.00037841088800859117,0.0,-0.00019600352859174626,0.0
845,0.0020292743646675823,0.0,0.0003639820068327233,0.0,-0.0002178809212123971,0.0
846,0.0020209746854801002,0.0,0.0003523683149083427,0.0,-0.00022489352363946555,0.0
847,0.002004235246100209,0.0,0.00034005827438029004,0.0,-0.00024391652350158426,0.0
848,0.0019995897567469476,0.0,0.00036754658216615454,0.0,-0.00022212958865273447,0.0
849,0.0019913894884574165,0.0,0.0003751431749919284,0.0,-0.00022783624339188936,0.0
850,0.001996785965625403,0.0,0.00038048996474770774,0.0,-0.00021408757759301819,0.0
851,0.002013448993974153,0.0,0.0003915109468998287,0.0,-0.00019081659670809668,0.0
852,0.0020267787249287975,0.0,0.00039622719788993607,0.0,-0.00017598655935043732,0.0
853,0.0020472932953155814,0.0,0.000421400890004297,0.0,-0.0001467798315134232,0.0
854,0.0020628988609513207,0.0,0.00044290639284584685,0.0,-0.0001267069790588406,0.0
855,0.002076996223842255,0.0,0.00046658650495235484,0.0,-0.00010543205453663338,0.0
856,0.002087064074993137,0.0,0.000483577603467605,0.0,-9.188591227527485e-05,0.0
857,0.0020938477691063917,0.0,0.0004988901356931582,0.0,-8.268767496647173e-05,0.0
858,0.00208931707329368,0.0,0.0004906175763988559,0.0,-0.0001062752810035869,0.0
859,0.0020675503236925047,0.0,0.0004277639401396743,0.0,-0.00017165136671604836,0.0
860,0.0020575590158183527,0.0,0.00041407078483969985,0.0,-0.00018404419262692457,0.0
861,0.002048847156739754,0.0,0.0004086510062210945,0.0,-0.00019633050080110923,0.0
862,0.002039475065982163,0.0,0.0003779515630953816,0.0,-0.00021679446050647223,0.0
863,0.002032101288886453,0.0,0.00037104637575028005,0.0,-0.00022905208017002425,0.0
864,0.002027187548727547,0.0,0.0003608212722006238,0.0,-0.0002330104794954818,0.0
865,0.0020197469339015383,0.0,0.0003553297053003736,0.0,-0.00024392253259364457,0.0
866,0.00201956034092091,0.0,0.00035171110030868713,0.0,-0.00024256920154581854,0.0
867,0.0020157086963654416,0.0,0.0003492877457239976,0.0,-0.0002481737718219674,0.0
868,0.002015197241520877,0.0,0.0003442279148640411,0.0,-0.00024809402182698827,0.0
869,0.002010690896474976,0.0,0.00034061577376138553,0.0,-0.00025431691556943004,0.0
870,0.002012676427226279,0.0,0.00035286789933478696,0.0,-0.00024564408697971515,0.0
871,0.0017574159570981308,0.0,-8.701724325479516e-05,0.0,-0.0005774068686325517,0.0
872,0.001747903996748326,0.0,9.395672720810544e-05,0.0,-0.0005363084031534951,0.0
873,0.0018524301054180068,0.0,0.0002500646841844007,0.0,-0.0003832558394742723,0.0
874,0.001919900405305069,0.0,0.0003298658479421565,0.0,-0.0002785247917005786,0.0
875,0.001972832050597445,0.0,0.00041438275554632486,0.0,-0.00018673631234444692,0.0
876,0.0020103453082540015,0.0,0.0004881437082113662,0.0,-9.964058101953361e-05,0.0
877,0.00204487484382192,0.0,0.0005720048478647171,0.0,7.099204746896515e-06,0.0
878,0.0020735958708289234,0.0,0.0006597790355386409,0.0,9.443254077116903e-05,0.0
879,0.002104560490405726,0.0,0.00072694536789667,0.0,0.00019889300394861542,0.0
880,0.002131142837848557,0.0,0.0007943913464397369,0.0,0.00027799849570370357,0.0
881,0.0021527716651601166,0.0,0.0008463460596342314,0.0,0.0003316608292881389,0.0
882,0.002174673031475391,0.0,0.0009114753022859033,0.0,0.0003963414865144181,0.0
883,0.0021885369375656463,0.0,0.0009470732696512036,0.0,0.0004222542136551146,0.0
884,0.002140371673822406,0.0,0.0005251587018722491,0.0,-7.84769485703933e-05,0.0
885,0.0021289889780458145,0.0,0.0005323651829897193,0.0,-7.112761549923614e-05,0.0
886,0.0021141366345339653,0.0,0.0004935743837909417,0.0,-0.00011269883021008931,0.0
887,0.002109423072643707,0.0,0.0004922204791925934,0.0,-0.00011515463001214067,0.0
888,0.002134038269896275,0.0,0.0004350161449974021,0.0,-7.153015900098489e-06,0.0
889,0.002131083648375707,0.0,0.0004483941835947894,0.0,-4.9238451685668094e-05,0.0
890,0.0021227504571636226,0.0,0.000446876067562553,0.0,-7.970885995011562e-05,0.0
891,0.0021120129532998166,0.0,0.00044375159208737906,0.0,-0.00010248429637193417,0.0
892,0.0021032774977175987,0.0,0.0004341881718516868,0.0,-0.0001170495149496151,0.0
893,0.002091966625506089,0.0,0.00042570225892312743,0.0,-0.0001350030225366703,0.0
894,0.0020855133268170897,0.0,0.0004324119649357412,0.0,-0.00013764960726642085,0.0
895,0.0019194531637813112,0.0,9.756726644515545e-05,0.0,-0.0003941865888804068,0.0
896,0.0019226620464686556,0.0,0.0003277794325386577,0.0,-0.00032081111205712676,0.0
897,0.00199858103629483,0.0,0.0005040968924762652,0.0,-0.00014020496451337585,0.0
898,0.002066439911256788,0.0,0.000661928240149318,0.0,0.00010964803077578888,0.0
899,0.002113796398374155,0.0,0.0007796734160694665,0.0,0.000265782627500465,0.0
900,0.002151471904139883,0.0,0.0008637894651534316,0.0,0.0003715009988477266,0.0
901,0.0021910006378656165,0.0,0.0009648528318034308,0.0,0.0005087004296943532,0.0
902,0.00223135485629443,0.0,0.0010848123793873725,0.0,0.000654620821051769,0.0
903,0.0022715806219777554,0.0,0.001138929404839659,0.0,0.0007509186456529961,0.0
904,0.002288274994247499,0.0,0.001180381232204638,0.0,0.0007351111630344968,0.0
905,0.002305089656367304,0.0,0.0012057179777660483,0.0,0.0007627089571547851,0.0
906,0.0023280082871718153,0.0,0.0012776678468225994,0.0,0.0008453598324448242,0.0
907,0.0023338995224471415,0.0,0.001291522356576246,0.0,0.0008543052378305041,0.0
908,0.0022395281305556897,0.0,0.0006152591529892549,0.0,3.916993894057571e-05,0.0
909,0.0022070410173361133,0.0,0.0006087884280515058,0.0,2.830505415855498e-05,0.0
910,0.0021764983504361287,0.0,0.0005548417567411031,0.0,-3.2641264604681293e-05,0.0
911,0.0021588974586916393,0.0,0.0005427426441393329,0.0,-4.9171784871819535e-05,0.0
912,0.0021707598493174787,0.0,0.0004918055772997255,0.0,3.749091926251132e-05,0.0
913,0.0021514084959343015,0.0,0.0004944322362077763,0.0,-3.242053532644617e-05,0.0
914,0.002131537015342933,0.0,0.000479139178870601,0.0,-7.101785683336255e-05,0.0
915,0.0021081083018966414,0.0,0.00045875202351210675,0.0,-0.00010792697403717508,0.0
916,0.00208817621737957,0.0,0.00043733697721890527,0.0,-0.00013249999838939135,0.0
917,0.002065730655086034,0.0,0.00041679814527321557,0.0,-0.00016174538682412626,0.0
918,0.002050926925994133,0.0,0.00041005403554431703,0.0,-0.00017369689688418594,0.0
919,0.0019000435059647045,0.0,0.00011838740525917883,0.0,-0.0003947995542442214,0.0
920,0.0019147788256893858,0.0,0.0003442686899739131,0.0,-0.0003063698591171443,0.0
921,0.001991198612872394,0.0,0.0005293301862615949,0.0,-0.00010076015792896784,0.0
922,0.002063183814992647,0.0,0.0006882427450813577,0.0,0.00013438966136737368,0.0
923,0.002123348016910346,0.0,0.0008351042447703274,0.0,0.0003236580971240064,0.0
924,0.002170100196086237,0.0,0.0009332272563701003,0.0,0.0004431093162066957,0.0
925,0.002214591961769236,0.0,0.0010344604098255674,0.0,0.0005783492967165612,0.0
926,0.0022572356352290215,0.0,0.001148298498631451,0.0,0.0007150625831624374,0.0
927,0.0022876239580908826,0.0,0.0011884670198631564,0.0,0.0007691102845492068,0.0
928,0.002310917632827374,0.0,0.0012291885706621501,0.0,0.0007949229941448307,0.0
929,0.0023291796388732306,0.0,0.0012542329464417608,0.0,0.0008159325660539599,0.0
930,0.002347878356774178,0.0,0.0012990098399161556,0.0,0.0008640622967246425,0.0
931,0.0023527224131385527,0.0,0.0013047582763981418,0.0,0.0008549532094221384,0.0
932,0.002250701767579611,0.0,0.0006244626939761473,0.0,4.5236784258100016e-05,0.0
933,0.0022199298330428004,0.0,0.0006190836853421408,0.0,3.9460606029375614e-05,0.0
934,0.002193767310330011,0.0,0.0005676993665923032,0.0,-1.8685833211320524e-05,0.0
935,0.002181012101535854,0.0,0.0005604026967900107,0.0,-2.9866256012828804e-05,0.0
936,0.002194441244187555,0.0,0.0004991884372340382,0.0,6.117799181317807e-05,0.0
937,0.0021907118249973228,0.0,0.0004949537566094766,0.0,3.0464594569731135e-05,0.0
938,0.0021805263955210724,0.0,0.0004933622607285967,0.0,-7.568423354935641e-06,0.0
939,0.0021720089099201605,0.0,0.00048425069032734496,0.0,-2.239972496460201e-05,0.0
940,0.0021611965890710096,0.0,0.00047718542265571997,0.0,-4.700675941327309e-05,0.0
941,0.002153146683951643,0.0,0.00046588026615780685,0.0,-5.8785588274036906e-05,0.0
942,0.0021471095828475076,0.0,0.00047841532225197786,0.0,-6.415024921901881e-05,0.0
943,0.002044925313442661,0.0,0.00022669054013857665,0.0,-0.0002524980080742663,0.0
944,0.002065516246775709,0.0,0.0005730549577726376,0.0,-0.00011968122900793735,0.0
945,0.0021264346759452173,0.0,0.0007785102028136505,0.0,0.00017722631328069018,0.0
946,0.0021731972532505767,0.0,0.0008917474826350808,0.0,0.00035199434486831924,0.0
947,0.002205239501290827,0.0,0.000957757974945306,0.0,0.00043809250879786404,0.0
948,0.0022344075195630114,0.0,0.0010135090388072065,0.0,0.0005171896292116254,0.0
949,0.0022613582210874623,0.0,0.001068351873718739,0.0,0.0005877602021542112,0.0
950,0.002288351739522722,0.0,0.0011391426375747327,0.0,0.0006656531473788008,0.0
951,0.002313042065308345,0.0,0.0011841711542053724,0.0,0.0007356431483050577,0.0
952,0.002333493971648143,0.0,0.0012250537555623963,0.0,0.0007749338271282422,0.0
953,0.002350850825893338,0.0,0.0012571829472767808,0.0,0.0008068737623421363,0.0
954,0.0023680586239037097,0.0,0.0013016070381759671,0.0,0.0008528280383626409,0.0
955,0.0023741229832144415,0.0,0.0013234729827161084,0.0,0.0008655403980049057,0.0
956,0.002272424345453327,0.0,0.0006461874631219153,0.0,6.51274654092399e-05,0.0
957,0.00224484549395859,0.0,0.0006538389796032452,0.0,7.129909536862395e-05,0.0
958,0.0022208311774559704,0.0,0.0005906951247659461,0.0,5.951225636136753e-06,0.0
959,0.0022107492552573146,0.0,0.0005861494511392926,0.0,-1.0420494034922914e-06,0.0
960,0.0022211128515813184,0.0,0.0005172888398241184,0.0,8.466726269233064e-05,0.0
961,0.002219821570053676,0.0,0.0005048695639012749,0.0,6.81512967319125e-05,0.0
962,0.002214989910494604,0.0,0.0004995694245703703,0.0,4.097655004836197e-05,0.0
963,0.002210693664390499,0.0,0.0004972484491629964,0.0,3.18772637272393e-05,0.0
964,0.0022051310459421884,0.0,0.0004938500569606276,0.0,1.5832319810919412e-05,0.0
965,0.0022002576922988126,0.0,0.00048374830168784494,0.0,7.291405390526034e-06,0.0
966,0.0021972736259047864,0.0,0.0005021429766401688,0.0,9.647347274471113e-06,0.0
967,0.0021155562902426426,0.0,0.00027408373853010214,0.0,-0.0001775661919674983,0.0
968,0.0021408723624712703,0.0,0.0007135519785817276,0.0,5.073435714702352e-05,0.0
969,0.0021937341896778057,0.0,0.0009087766349271588,0.0,0.00033070143365216765,0.0
970,0.002240953762195466,0.0,0.001042166121521035,0.0,0.0005436886310637881,0.0
971,0.0022761238972938214,0.0,0.0011273259772303509,0.0,0.0006600546903901665,0.0
972,0.0023055106284232746,0.0,0.0011825070464245462,0.0,0.0007329384420381956,0.0
973,0.002334495103029593,0.0,0.001248126429843839,0.0,0.0008147307457824573,0.0
974,0.002366587757638838,0.0,0.001327173477904769,0.0,0.0009121137695023982,0.0
975,0.0023927295346108444,0.0,0.0013336051857316192,0.0,0.0009337516973195248,0.0
976,0.002405431068862118,0.0,0.001367525440933146,0.0,0.0009495191803978464,0.0
977,0.0024178195431209075,0.0,0.0013890659186415507,0.0,0.000969082299036595,0.0
978,0.0024316062201641332,0.0,0.0014287763991823559,0.0,0.0010095612817038377,0.0
979,0.0024350161333418427,0.0,0.0014673441166904414,0.0,0.0010448901331516498,0.0
980,0.002325413960694502,0.0,0.0006942999060029736,0.0,0.00012719887853096079,0.0
981,0.0022939110950508726,0.0,0.0007179779076966538,0.0,0.00015684696458457474,0.0
982,0.0022676557631672893,0.0,0.0006368618809694199,0.0,6.022441982965097e-05,0.0
983,0.002252796255420563,0.0,0.0006312967560903465,0.0,4.885983105726473e-05,0.0
984,0.002255972174737951,0.0,0.0005631947265484495,0.0,0.00013041989421128,0.0
985,0.002251234661322517,0.0,0.000549938636811026,0.0,0.00011259545220520628,0.0
986,0.0022422771986764806,0.0,0.0005412903603133789,0.0,7.564047375072059e-05,0.0
987,0.0022335419452112924,0.0,0.0005362947914479378,0.0,5.985937542098889e-05,0.0
988,0.002223137130328964,0.0,0.0005332613938153005,0.0,3.4625762220474496e-05,0.0
989,0.0022126330431809934,0.0,0.0005253924603004088,0.0,1.5774066131823516e-05,0.0
990,0.0022004593352541882,0.0,0.000522978557077729,0.0,-7.076242229012955e-06,0.0
991,0.002189386191221241,0.0,0.0005116969003255824,0.0,-1.6382281136973517e-05,0.0
992,0.002125889636997798,0.0,0.0005593960650950956,0.0,-0.0001218933042874019,0.0
993,0.0020459336116937683,0.0,0.00030081696798072636,0.0,-0.0002399033311020908,0.0
994,0.0021070256088007474,0.0,0.0005046454295774798,0.0,-6.878142371297634e-05,0.0
995,0.0021510141620831964,0.0,0.0006776688310452888,0.0,0.00012127266275754976,0.0
996,0.0021863570092345106,0.0,0.0008309563848422007,0.0,0.0003133935344553382,0.0
997,0.002217640977123541,0.0,0.0009407888038859809,0.0,0.0004501922458918343,0.0
998,0.002249686286533474,0.0,0.001055462372133601,0.0,0.0006187122391415948,0.0
999,0.002279426736501251,0.0,0.0011497993436707672,0.0,0.0007523344056625924,0.0
1000,0.0022994772824996364,0.0,0.001192140450987686,0.0,0.0007588073918498167,0.0
1001,0.002258909161619461,0.0,0.000763799396427939,0.0,0.0002750943136280192,0.0
1002,0.00225204756826064,0.0,0.0008171971119945289,0.0,0.00030632676622844137,0.0
1003,0.0022313893494873525,0.0,0.0006742828220867032,0.0,0.00010823741670737007,0.0
1004,0.002237887284383213,0.0,0.0006780577881768891,0.0,0.0002438760890361082,0.0
1005,0.0022362086927247434,0.0,0.0006658536448497549,0.0,0.00022010132383718265,0.0
1006,0.0022267457181713033,0.0,0.0005673301498527253,0.0,9.698851977704812e-05,0.0
1007,0.002219131688023771,0.0,0.0005609083353669991,0.0,6.651745866190293e-05,0.0
1008,0.0022071458497534753,0.0,0.0005411936027508961,0.0,2.363636752192701e-05,0.0
1009,0.002197014560659512,0.0,0.0005248591627610717,0.0,-2.7701192182701595e-06,0.0
1010,0.0021832643208140245,0.0,0.0005138744187156964,0.0,-3.535658051010424e-05,0.0
1011,0.00217034230806926,0.0,0.0005014525914918288,0.0,-5.393989912526819e-05,0.0
1012,0.0021544648884143586,0.0,0.0004902084541742337,0.0,-7.892400527398618e-05,0.0
1013,0.0021411058803887982,0.0,0.0004755006717780141,0.0,-9.39939527044222e-05,0.0
1014,0.002125086274643271,0.0,0.00046659163756903016,0.0,-0.00011489200348277072,0.0
1015,0.0021118206073466456,0.0,0.00045259063633203665,0.0,-0.00012462486368916353,0.0
1016,0.0021042405479236065,0.0,0.0004975416422316577,0.0,-9.753014981671478e-05,0.0
1017,0.0021083934495875895,0.0,0.0005183657844475233,0.0,-7.231314395660853e-05,0.0
1018,0.0021252296554137616,0.0,0.0005400415119270369,0.0,-2.3406356393080967e-05,0.0
1019,0.00214244291880847,0.0,0.000561809917667455,0.0,1.821297691686238e-05,0.0
1020,0.0021541605117407618,0.0,0.0005852661627643837,0.0,4.905837509487534e-05,0.0
1021,0.0021680441266995615,0.0,0.0006274789917572457,0.0,0.0001019250005422043,0.0
1022,0.0021796551685826253,0.0,0.0006625904377532351,0.0,0.00014047961828298448,0.0
1023,0.0021938742539864683,0.0,0.0007139566086538556,0.0,0.0002148685201749886,0.0
1024,0.0022065704135791806,0.0,0.0007662034595047201,0.0,0.00027679320653818304,0.0
1025,0.002215762427721886,0.0,0.0007957316795940762,0.0,0.00031295463563665556,0.0
1026,0.0022197752165089013,0.0,0.0007901169966141291,0.0,0.000297739904046848,0.0
1027,0.002207525839881258,0.0,0.0006004703283085354,0.0,6.773177074899178e-05,0.0
1028,0.0021980341742616908,0.0,0.0005947374424266664,0.0,2.69036073827694e-05,0.0
1029,0.0021868940926935794,0.0,0.0005702340582160307,0.0,-8.264068797055307e-06,0.0
1030,0.002170263096727922,0.0,0.0005148171960265647,0.0,-6.162774211829105e-05,0.0
1031,0.0021571842884435,0.0,0.0005045730795043054,0.0,-8.216299825110102e-05,0.0
1032,0.0021422079248881822,0.0,0.0004830554952079643,0.0,-0.00010484234652229053,0.0
1033,0.002129609461707861,0.0,0.00046828805718445853,0.0,-0.00012461769770829374,0.0
1034,0.002120337158595488,0.0,0.0004563410463436638,0.0,-0.00013523045985467568,0.0
1035,0.0021066550700810315,0.0,0.00044514753411621535,0.0,-0.00015090629741179194,0.0
1036,0.002093336025291804,0.0,0.00043304889159810124,0.0,-0.00016457673751905445,0.0
1037,0.002078190534508767,0.0,0.0004205257078970648,0.0,-0.00018077917860024413,0.0
1038,0.0020726878679871636,0.0,0.0004259320495391013,0.0,-0.00018046692835167679,0.0
1039,0.0018450595245692748,0.0,4.875618954781468e-06,0.0,-0.0004887019106917728,0.0
1040,0.0018438233499320496,0.0,0.00020510995169006072,0.0,-0.0004340690149759549,0.0
1041,0.0019361504982778703,0.0,0.00035110028353336933,0.0,-0.00028800538396358665,0.0
1042,0.0019989328653280468,0.0,0.00044017943698026574,0.0,-0.00017477665307102377,0.0
1043,0.0020458067373633542,0.0,0.0005368642272741486,0.0,-5.81503924980051e-05,0.0
1044,0.0020889226025362605,0.0,0.0006427493630975925,0.0,9.673724217402211e-05,0.0
1045,0.0021231436666124858,0.0,0.0007330463748341936,0.0,0.00020615659533579508,0.0
1046,0.002150299273353202,0.0,0.0008153034814346429,0.0,0.0002823542320597326,0.0
1047,0.002177004162718801,0.0,0.0008736397612608866,0.0,0.0003706646441076983,0.0
1048,0.002203110617413971,0.0,0.0009455032642139965,0.0,0.0004561961805467855,0.0
1049,0.002224666086266363,0.0,0.00099688528925913,0.0,0.0005086955078012229,0.0
1050,0.0022452255730426992,0.0,0.0010538921893998411,0.0,0.0005644252141008162,0.0
1051,0.0022561691543209364,0.0,0.001081985111020906,0.0,0.000581595307186883,0.0
1052,0.002195751905260017,0.0,0.0005906087247645189,0.0,-1.7166385461640462e-05,0.0
1053,0.0021811854569618407,0.0,0.000608339823617678,0.0,5.172300266115802e-06,0.0
1054,0.002163305995477328,0.0,0.0005498241831137778,0.0,-5.9564844645342506e-05,0.0
1055,0.002157527487413575,0.0,0.000549941351630461,0.0,-6.206176130395876e-05,0.0
1056,0.002178789490233037,0.0,0.0004855870100096656,0.0,4.911515877447444e-05,0.0
1057,0.0021786467581522296,0.0,0.000484328910969896,0.0,1.5045889330521866e-05,0.0
1058,0.002170979360731418,0.0,0.0004883896089109747,0.0,-2.23371298562142e-05,0.0
1059,0.0021629483207478753,0.0,0.0004874876465302346,0.0,-3.925885215988966e-05,0.0
1060,0.002152895088076519,0.0,0.0004817222963348931,0.0,-6.197634557026711e-05,0.0
1061,0.0021441877037367708,0.0,0.00047189781453945995,0.0,-7.59739606633359e-05,0.0
1062,0.0021378996816172674,0.0,0.0004830035653908194,0.0,-8.087105438861941e-05,0.0
1063,0.001997222227720284,0.0,0.0001620705325822582,0.0,-0.0003193901006331406,0.0
1064,0.002006432953198469,0.0,0.0004328127631951079,0.0,-0.0002276553427020369,0.0
1065,0.002072278189735677,0.0,0.0006291486643096524,0.0,-2.005704872649525e-06,0.0
1066,0.002131031177933277,0.0,0.0007820030991186567,0.0,0.00024004874102720192,0.0
1067,0.0021743291677479063,0.0,0.0008958239275896505,0.0,0.00039357181140752613,0.0
1068,0.002207447360957671,0.0,0.0009643608235069786,0.0,0.0004780010698055518,0.0
1069,0.0022422992230315695,0.0,0.0010510288512127718,0.0,0.000592756171724759,0.0
1070,0.0022791290198648983,0.0,0.0011602738154856073,0.0,0.0007260427725231931,0.0
1071,0.0023158576660658784,0.0,0.001203440000725004,0.0,0.0008122123363496158,0.0
1072,0.0023451458652803125,0.0,0.0012675188467640263,0.0,0.000873027924205917,0.0
1073,0.0023630278973756627,0.0,0.0013161965603392153,0.0,0.0008986600212526662,0.0
1074,0.002376805001831047,0.0,0.0013513091554700086,0.0,0.0009250795136671989,0.0
1075,0.00237808251171013,0.0,0.001357701203931737,0.0,0.0009252217601696294,0.0
1076,0.002279405193886686,0.0,0.0006631339416108704,0.0,8.386067229986275e-05,0.0
1077,0.0022499869590121534,0.0,0.0006746924236787745,0.0,9.718687728729432e-05,0.0
1078,0.0022219304657602732,0.0,0.000602074156021339,0.0,1.300849619452352e-05,0.0
1079,0.0022052857076726414,0.0,0.0005928495147860065,0.0,-2.1626645472896987e-06,0.0
1080,0.002214764086159492,0.0,0.0005293369786417806,0.0,8.892809968890974e-05,0.0
1081,0.00220604544048793,0.0,0.00052469686969262,0.0,4.2867804748365095e-05,0.0
1082,0.002194134842325453,0.0,0.0005183101759531677,0.0,8.022978658790399e-06,0.0
1083,0.002180517120356898,0.0,0.0005120109944363188,0.0,-1.7191574396007163e-05,0.0
1084,0.0021654334532984136,0.0,0.0004982623954862921,0.0,-4.309257843491878e-05,0.0
1085,0.0021455103699370686,0.0,0.0004844207132362673,0.0,-7.565814950579949e-05,0.0
1086,0.002133639882776076,0.0,0.0004841400844791719,0.0,-8.336849020278917e-05,0.0
1087,0.0020063699190710194,0.0,0.0002106726962594523,0.0,-0.0002917148787216912,0.0
1088,0.002020493138097428,0.0,0.000483318332943467,0.0,-0.0001865726653859426,0.0
1089,0.0020880493072470913,0.0,0.0006878566890492878,0.0,7.671278573539748e-05,0.0
1090,0.0021503378770276237,0.0,0.0008433153953357798,0.0,0.0003120223572681297,0.0
1091,0.0021977881664755304,0.0,0.0009594346637159311,0.0,0.0004647630059035786,0.0
1092,0.002233849989607144,0.0,0.001028174774334751,0.0,0.0005490005932560589,0.0
1093,0.002270315428080584,0.0,0.0011128921810208603,0.0,0.0006563598838468842,0.0
1094,0.00230032854093787,0.0,0.001185491338309693,0.0,0.000730005365424641,0.0
1095,0.0023254395385801383,0.0,0.001224669028411067,0.0,0.0007909766771978953,0.0
1096,0.0023457098969409595,0.0,0.001261260136257113,0.0,0.0008247329278480854,0.0
1097,0.002364307768567015,0.0,0.0012975306744254765,0.0,0.0008618347211331858,0.0
1098,0.002379131607645295,0.0,0.00132652360841838,0.0,0.0008850568297217164,0.0
1099,0.0023845638668543324,0.0,0.0013484279842916203,0.0,0.000899463539805934,0.0
1100,0.002282617244670807,0.0,0.0006608534768865119,0.0,8.166444468795308e-05,0.0
1101,0.0022537515607370644,0.0,0.0006695346498769475,0.0,9.072961378031597e-05,0.0
1102,0.0022269618548896807,0.0,0.0006014882861102044,0.0,1.569412133088947e-05,0.0
1103,0.002213120024846008,0.0,0.000594391470649053,0.0,4.002380388916024e-06,0.0
1104,0.0022233806799967547,0.0,0.0005265373376784801,0.0,9.282536957362782e-05,0.0
1105,0.0022129154485704162,0.0,0.0005213971133861343,0.0,4.233076949320899e-05,0.0
1106,0.0021988925423086264,0.0,0.0005152337763300619,0.0,3.7140868094703502e-06,0.0
1107,0.002184679975288948,0.0,0.0005109627935341028,0.0,-2.430955383922516e-05,0.0
1108,0.0021720111531295812,0.0,0.0004980000626989363,0.0,-4.469137780391155e-05,0.0
1109,0.0021648602896537465,0.0,0.000487919607400491,0.0,-5.450029189722186e-05,0.0
1110,0.002168873148823567,0.0,0.0004930283434170371,0.0,-3.4277107536806375e-05,0.0
1111,0.0020773988959499486,0.0,0.0002589235331835781,0.0,-0.00021737378895505578,0.0
1112,0.0020981435225003397,0.0,0.000628934581063797,0.0,-5.566643351119906e-05,0.0
1113,0.0021581427317145527,0.0,0.0008328696587004297,0.0,0.00023886175256778884,0.0
1114,0.002208043208483464,0.0,0.0009619354134919511,0.0,0.0004383846434725324,0.0
1115,0.002244052366423315,0.0,0.0010426915502518644,0.0,0.0005457368407365975,0.0
1116,0.0022779144046321323,0.0,0.0011169661748340128,0.0,0.0006497096593460784,0.0
1117,0.0023038041378776403,0.0,0.0011613215619145282,0.0,0.0007026107289263409,0.0
1118,0.0023304646030833974,0.0,0.0012342485742595228,0.0,0.0007818575624052517,0.0
1119,0.0023542769020900517,0.0,0.0012748633817264714,0.0,0.0008443531909330033,0.0
1120,0.0023749761160307137,0.0,0.001319000207081983,0.0,0.0008881348005689979,0.0
1121,0.0023935209509693862,0.0,0.0013575379349765244,0.0,0.0009288943723539523,0.0
1122,0.002410495791018473,0.0,0.001402010100889586,0.0,0.0009751752156721594,0.0
1123,0.0024163194931580987,0.0,0.0014289253913705546,0.0,0.000995645983017053,0.0
1124,0.002311658884796011,0.0,0.0006816728548218879,0.0,0.00010855391863381317,0.0
1125,0.0022840887533869527,0.0,0.0007058808209086732,0.0,0.00014175780364670556,0.0
1126,0.0022615726767563045,0.0,0.0006265842449187774,0.0,4.967642039317352e-05,0.0
1127,0.0022510107815868733,0.0,0.0006259484466736153,0.0,4.432920860217835e-05,0.0
1128,0.0022554785551656548,0.0,0.0005551865352957688,0.0,0.00012201474712499169,0.0
1129,0.0022523386348517038,0.0,0.0005382547778212739,0.0,0.00010525709550114777,0.0
1130,0.002247349080488295,0.0,0.0005222186450041889,0.0,8.381420138282164e-05,0.0
1131,0.002240785851812667,0.0,0.0005241581852464528,0.0,6.609150044099745e-05,0.0
1132,0.002234341870979431,0.0,0.000518944209672083,0.0,5.2832060940517117e-05,0.0
1133,0.0022268370060573232,0.0,0.0005173112591031937,0.0,3.6596147017563664e-05,0.0
1134,0.002223021572522461,0.0,0.0005262960726507593,0.0,4.371489093982575e-05,0.0
1135,0.0021441722636240334,0.0,0.000313382142601527,0.0,-0.00014478688558196816,0.0
1136,0.00216668524588404,0.0,0.0007552771569014614,0.0,9.867374667092525e-05,0.0
1137,0.0022213058855321197,0.0,0.0009557071299175,0.0,0.00038723873555423366,0.0
1138,0.0022757972172370573,0.0,0.0011271390847859104,0.0,0.0006562117517707898,0.0
1139,0.0023108412847688874,0.0,0.0012013604222337688,0.0,0.0007405916400672558,0.0
1140,0.002343572682492882,0.0,0.0012668788873965635,0.0,0.0008419962536542753,0.0
1141,0.0023815935404470127,0.0,0.0012990454810525168,0.0,0.0009188845618390467,0.0
1142,0.002419543679276736,0.0,0.0013685561266222094,0.0,0.0010101390297231538,0.0
1143,0.002456047486354288,0.0,0.0013883852062166458,0.0,0.0010501771480501603,0.0
1144,0.0024849074964838273,0.0,0.0014511391141637253,0.0,0.0011056249729383394,0.0
1145,0.002501050134625615,0.0,0.0014959289582337386,0.0,0.0011284203280373427,0.0
1146,0.0025111625716319535,0.0,0.001540855293485111,0.0,0.0011540589113420976,0.0
1147,0.0025069184891398652,0.0,0.001569631473936449,0.0,0.0011790550847737098,0.0
1148,0.0023801384317732495,0.0,0.0007378840309611046,0.0,0.00021603145279727688,0.0
1149,0.0023449693339186394,0.0,0.000797531204272349,0.0,0.00027588796562763216,0.0
1150,0.002315571093559919,0.0,0.0006880183762002728,0.0,0.0001222196184658442,0.0
1151,0.0022989341252545787,0.0,0.0006879302079995744,0.0,0.00011194040060152042,0.0
1152,0.002296597475531492,0.0,0.0006190252238237079,0.0,0.00018552090765221467,0.0
1153,0.002290035425756139,0.0,0.000600059137042269,0.0,0.00016658236780640748,0.0
1154,0.002280788004910982,0.0,0.0005793206259620638,0.0,0.00013645013804613787,0.0
1155,0.0022702570287057825,0.0,0.0005723538760571472,0.0,0.00011101877878702266,0.0
1156,0.002260844979450817,0.0,0.0005630312101405325,0.0,8.616527414612087e-05,0.0
1157,0.002253412223911397,0.0,0.0005506427906137439,0.0,7.394186330931553e-05,0.0
1158,0.0022450499130622407,0.0,0.0005484330877539666,0.0,5.778462692413897e-05,0.0
1159,0.00223643362238155,0.0,0.000539270365317485,0.0,5.177260173355356e-05,0.0
1160,0.0021843250990576397,0.0,0.0006327902174179786,0.0,-5.177030569999551e-05,0.0
1161,0.002111782839107168,0.0,0.0003678920909857443,0.0,-0.0001708366963313118,0.0
1162,0.002160911334094369,0.0,0.0005929522918080435,0.0,6.66554191931627e-06,0.0
1163,0.0021894065627662265,0.0,0.000750187978760034,0.0,0.00018194230193148355,0.0
1164,0.0022184495942972446,0.0,0.0008737758813066154,0.0,0.0003508496501076926,0.0
1165,0.0022459256050057354,0.0,0.0009769784776006304,0.0,0.00048482633462797057,0.0
1166,0.002260987817464204,0.0,0.0010056419273082914,0.0,0.0005095301550653755,0.0
1167,0.0022753696342662716,0.0,0.0010435149946717774,0.0,0.000551903911795244,0.0
1168,0.00229368482225867,0.0,0.0011049152455640387,0.0,0.0006163455223301298,0.0
1169,0.002259233181656828,0.0,0.0007446436376572526,0.0,0.00022760529350350001,0.0
1170,0.0022576473842183327,0.0,0.0008240968286483564,0.0,0.0003135278827412376,0.0
1171,0.002240283220366961,0.0,0.0007137235122402143,0.0,0.00014854474100389412,0.0
1172,0.0022475003125428045,0.0,0.0007085837878036858,0.0,0.0002746197396757469,0.0
1173,0.0022454576049100415,0.0,0.0006799607323830456,0.0,0.00023561341704705918,0.0
1174,0.002234576672625636,0.0,0.0005775016629270275,0.0,0.00010282494015318084,0.0
1175,0.0022264209867922003,0.0,0.0005701588026956017,0.0,7.397610071405267e-05,0.0
1176,0.0022131554134190677,0.0,0.000548883607206909,0.0,2.938943588043537e-05,0.0
1177,0.0022021758502218506,0.0,0.0005325554671472331,0.0,1.41426866428194e-06,0.0
1178,0.0021919113272162918,0.0,0.0005182753013595916,0.0,-2.5588864038246224e-05,0.0
1179,0.0021854054864972284,0.0,0.0005038799447053365,0.0,-3.482859579024883e-05,0.0
1180,0.002175352766067085,0.0,0.0004969018698713305,0.0,-5.3073556147507765e-05,0.0
1181,0.0021681903342755226,0.0,0.00048593598687698687,0.0,-6.211583368896222e-05,0.0
1182,0.002160393842627957,0.0,0.00048330756304549726,0.0,-7.412962657782059e-05,0.0
1183,0.0021524000396884527,0.0,0.00047602498921006143,0.0,-7.956142782818728e-05,0.0
1184,0.0021507797381564307,0.0,0.0005447207901342533,0.0,-3.257338632755148e-05,0.0
1185,0.0021554528501968252,0.0,0.0005760920188702646,0.0,-3.5367761255924524e-06,0.0
1186,0.002157919190950797,0.0,0.0005837219784580964,0.0,6.725829052880235e-06,0.0
1187,0.0021663116985267267,0.0,0.0005837984999086168,0.0,3.2489634692675715e-05,0.0
1188,0.002174744435992652,0.0,0.0005883778387254961,0.0,5.797874789522587e-05,0.0
1189,0.002187622778657935,0.0,0.000619520686278447,0.0,0.0001156711141377519,0.0
1190,0.0022013377654492164,0.0,0.0006677051196818798,0.0,0.00018628756013670963,0.0
1191,0.0022138102266999,0.0,0.0007224555653223806,0.0,0.00025646515579508884,0.0
1192,0.0022243070224757526,0.0,0.0007686031495850178,0.0,0.0003067226431673496,0.0
1193,0.002233171434245649,0.0,0.0008095627464006884,0.0,0.00035073288118369185,0.0
1194,0.0022372024883233017,0.0,0.000803763312427727,0.0,0.00033764674638562197,0.0
1195,0.0022286528089819897,0.0,0.0006438812723929023,0.0,0.00014092696908299005,0.0
1196,0.0022224490660058757,0.0,0.0006210812118986858,0.0,7.059633105864114e-05,0.0
1197,0.0022144730635295187,0.0,0.0005978788581721514,0.0,3.9410427717893794e-05,0.0
1198,0.0021966421071516933,0.0,0.0005397285653795723,0.0,-3.214912129633385e-05,0.0
1199,0.0021859999717391432,0.0,0.0005281300939910078,0.0,-4.753541497701285e-05,0.0
1200,0.002171395396423937,0.0,0.0005102507953270619,0.0,-7.490778478324645e-05,0.0
1201,0.0021637364987565286,0.0,0.0004938306484106349,0.0,-8.599940956744193e-05,0.0
1202,0.002153238630041054,0.0,0.0004843696754791724,0.0,-0.00010588575355409923,0.0
1203,0.0021477858177381326,0.0,0.00047114483085428473,0.0,-0.00011030892681922818,0.0
1204,0.0021387603623737677,0.0,0.0004661494599811695,0.0,-0.00012403620758576694,0.0
1205,0.0021339642165992875,0.0,0.00045685780073980776,0.0,-0.00012632168313952215,0.0
1206,0.002125565341448708,0.0,0.0004566933448994101,0.0,-0.0001371528226144646,0.0
1207,0.0021206878038764736,0.0,0.00044940049643058607,0.0,-0.00013570066436862326,0.0
1208,0.0021206352947825734,0.0,0.0005157611573388773,0.0,-9.19400668408975e-05,0.0
1209,0.0021200014418842846,0.0,0.000534145970817487,0.0,-7.939174223038463e-05,0.0
1210,0.002118362724648936,0.0,0.0005400586183946887,0.0,-7.87589339329458e-05,0.0
1211,0.0021298607974957343,0.0,0.0005471878741084356,0.0,-4.9650787118786966e-05,0.0
1212,0.0021372600875820243,0.0,0.0005497455345364482,0.0,-4.4291470462845994e-05,0.0
1213,0.0021532851283996186,0.0,0.0005804926004732136,0.0,1.6794624528788374e-05,0.0
1214,0.0021697847814188343,0.0,0.000641263051768404,0.0,9.074723652600794e-05,0.0
1215,0.0021888200818844937,0.0,0.0007078805339671517,0.0,0.00019740170712023936,0.0
1216,0.002202211622829824,0.0,0.0007443129655962425,0.0,0.00024554792248917406,0.0
1217,0.0022113447859338385,0.0,0.0007581745239151269,0.0,0.000271424282156071,0.0
1218,0.0022155220975099556,0.0,0.00075295704826627,0.0,0.00025230594979687676,0.0
1219,0.00220874321102779,0.0,0.0006024219664690113,0.0,6.292507298344538e-05,0.0
1220,0.002204972506755839,0.0,0.0005994770323095957,0.0,2.130630589072249e-05,0.0
1221,0.00220585368834843,0.0,0.0005867027995226303,0.0,1.9477043822245478e-05,0.0
1222,0.002196324940099389,0.0,0.0005246361439231251,0.0,-4.500178560054287e-05,0.0
1223,0.002193654162363707,0.0,0.0005187390945230062,0.0,-4.878478297638128e-05,0.0
1224,0.002188718034043412,0.0,0.0005054589811079481,0.0,-6.513671711747178e-05,0.0
1225,0.002188388051458955,0.0,0.000492374486418723,0.0,-6.968971438001126e-05,0.0
1226,0.002187645832553249,0.0,0.0004923474100830562,0.0,-7.604586187098512e-05,0.0
1227,0.0021879155385701073,0.0,0.00048426219370509445,0.0,-7.366420366810374e-05,0.0
1228,0.0021852008550715834,0.0,0.00048598506647702406,0.0,-8.158312409554274e-05,0.0
1229,0.0021849082816842147,0.0,0.0004785496728863356,0.0,-7.91649733239252e-05,0.0
1230,0.0021862952818888655,0.0,0.0005126823037448601,0.0,-6.753248435643216e-05,0.0
1231,0.0019497820294452255,0.0,3.950558548827983e-05,0.0,-0.0004150494299010525,0.0
1232,0.001945298275934057,0.0,0.0002891232350779251,0.0,-0.00035472144218235183,0.0
1233,0.0020327904187742323,0.0,0.00045890620870805054,0.0,-0.0002100464313838688,0.0
1234,0.002090263201023411,0.0,0.0005485602864153682,0.0,-8.853588694423002e-05,0.0
1235,0.002127659088031623,0.0,0.0006310127102132181,0.0,5.060166095495835e-05,0.0
1236,0.0021546049002975913,0.0,0.000691117928236173,0.0,0.00015916224418630097,0.0
1237,0.0021800732409266547,0.0,0.0007749855378335025,0.0,0.00028018366533336895,0.0
1238,0.002203901118898141,0.0,0.0008898072298610827,0.0,0.00039823730085160303,0.0
1239,0.0022255907934358794,0.0,0.000952145727757446,0.0,0.0004968685051507484,0.0
1240,0.002247019715302258,0.0,0.0010337462077607312,0.0,0.0005874515184067547,0.0
1241,0.0022664575372554766,0.0,0.0010991069462182904,0.0,0.0006542289703982875,0.0
1242,0.0022870627972896135,0.0,0.0011841663647408696,0.0,0.0007463452618001229,0.0
1243,0.0022986799373318064,0.0,0.0012416682833409833,0.0,0.0008022870621464614,0.0
1244,0.0022512638697015693,0.0,0.000675635866840784,0.0,0.00011215219206795347,0.0
1245,0.0022408266274058153,0.0,0.0007121110227176755,0.0,0.0001562686705116178,0.0
1246,0.0022283773304167375,0.0,0.0006286241200010162,0.0,3.458365358742716e-05,0.0
1247,0.002225401640038499,0.0,0.0006408165351382768,0.0,3.7085178191999745e-05,0.0
1248,0.002235923755246941,0.0,0.000563596803025724,0.0,0.00012871924357767302,0.0
1249,0.002238213455824643,0.0,0.0005481472151457067,0.0,0.00011346023055954825,0.0
1250,0.0022382085039850657,0.0,0.0005283541238560192,0.0,9.398052421217044e-05,0.0
1251,0.002237332976783672,0.0,0.0005313336748516724,0.0,9.658429899187925e-05,0.0
1252,0.0022351149267865857,0.0,0.0005295682244470639,0.0,8.168563386854919e-05,0.0
1253,0.0022317247391937817,0.0,0.000525762726622717,0.0,6.190986548766859e-05,0.0
1254,0.0022299946084817506,0.0,0.0005437260761858413,0.0,6.731902300282418e-05,0.0
1255,0.002105943953950689,0.0,0.00020821678757988998,0.0,-0.00023258041520005492,0.0
1256,0.0021325937955948425,0.0,0.0005891888695849139,0.0,-7.920232076988245e-05,0.0
1257,0.002182640498472493,0.0,0.0008228806261202492,0.0,0.00023075276518020878,0.0
1258,0.0022226233438325175,0.0,0.000954148236645449,0.0,0.00045773678100055116,0.0
1259,0.002250497840061214,0.0,0.0010327798085269034,0.0,0.0005654312683040607,0.0
1260,0.002276822387093913,0.0,0.0011007081323526381,0.0,0.0006557492605373393,0.0
1261,0.002306402643242562,0.0,0.00117464688717048,0.0,0.0007571754234026503,0.0
1262,0.0023585489699925757,0.0,0.0012780723162104852,0.0,0.0009274499567473221,0.0
1263,0.0024031210284686556,0.0,0.0013173394790944534,0.0,0.0009907217144105647,0.0
1264,0.0024388039089751506,0.0,0.0013967921138343011,0.0,0.0010622378339795577,0.0
1265,0.0024622605150200908,0.0,0.0014557126442600206,0.0,0.0011003084126026547,0.0
1266,0.002476520507505268,0.0,0.001516802370518547,0.0,0.00113502447087352,0.0
1267,0.0024747585078662543,0.0,0.0015444223164882912,0.0,0.0011649586866042416,0.0
1268,0.0023644766593520815,0.0,0.0007961775225145966,0.0,0.00031633169189720163,0.0
1269,0.0023352010417805142,0.0,0.0008310419577580684,0.0,0.00034432643755598195,0.0
1270,0.0023136280143413136,0.0,0.000717393258348535,0.0,0.0001939094457312446,0.0
1271,0.0023036626021160577,0.0,0.0007336343007261759,0.0,0.00019906088855047867,0.0
1272,0.0022996302116422844,0.0,0.0006708948324403424,0.0,0.00023567198089056475,0.0
1273,0.0022947169299107773,0.0,0.0006377957022027469,0.0,0.00020248088712030723,0.0
1274,0.0022897613740228686,0.0,0.0005858881264567048,0.0,0.00015026753471026515,0.0
1275,0.0022856799029426795,0.0,0.0005904188569334755,0.0,0.00015504112436596725,0.0
1276,0.0022816330706332457,0.0,0.0005790399604008317,0.0,0.00014377601363029565,0.0
1277,0.0022776133436871087,0.0,0.0005701539147502908,0.0,0.00013523479604112226,0.0
1278,0.0022747998077825276,0.0,0.0005875646795513757,0.0,0.00015242198591802866,0.0
1279,0.0022015209245956693,0.0,0.00031148997895616046,0.0,-0.00011994849090954547,0.0
1280,0.002236498588384912,0.0,0.0008863395849136942,0.0,0.0002684246255266233,0.0
1281,0.0022819928692154887,0.0,0.0010900363465528588,0.0,0.0005548737549018383,0.0
1282,0.0023223343325025564,0.0,0.0012320219572590494,0.0,0.0007918280817316816,0.0
1283,0.0023510640903157912,0.0,0.0012840426037126615,0.0,0.0008624976511430382,0.0
1284,0.0023761284492034357,0.0,0.0013116452530241092,0.0,0.0008938918806988762,0.0
1285,0.0023985427062775443,0.0,0.001336265674595823,0.0,0.0009276468995813678,0.0
1286,0.0024226214168838775,0.0,0.0013979643795117701,0.0,0.0009967672495108694,0.0
1287,0.0024438669732945286,0.0,0.0014113546381504536,0.0,0.001014312148897355,0.0
1288,0.0024629760952730164,0.0,0.0014609081998175528,0.0,0.001059251931798207,0.0
1289,0.0024804594750121676,0.0,0.0014948148152731408,0.0,0.0010929018549150594,0.0
1290,0.0025000666729356226,0.0,0.0015385749279418792,0.0,0.0011443194708485333,0.0
1291,0.002508552057596983,0.0,0.0015792529561591392,0.0,0.0011978769184173813,0.0
1292,0.0023911002076430175,0.0,0.0008215014215081312,0.0,0.0003520507018710448,0.0
1293,0.0023601923258096983,0.0,0.0008568125567394252,0.0,0.0003790357996635656,0.0
1294,0.002336724704908825,0.0,0.000742063171372624,0.0,0.00022007027503182994,0.0
1295,0.002324796677676052,0.0,0.0007537315102279592,0.0,0.00021916636083294796,0.0
1296,0.002318962663139371,0.0,0.0006848106566916053,0.0,0.0002497484816639387,0.0
1297,0.0023128380692225437,0.0,0.0006503129648666064,0.0,0.00021492595832172117,0.0
1298,0.0023057556741738934,0.0,0.0005948400337506892,0.0,0.0001597363074798022,0.0
1299,0.0022992731181411107,0.0,0.0005931834873616965,0.0,0.00015837928089919252,0.0
1300,0.0022941052783945993,0.0,0.0005831970916631314,0.0,0.00014855083361585853,0.0
1301,0.002289865753117398,0.0,0.0005763610318738047,0.0,0.00014155151693840133,0.0
1302,0.0022866147256843097,0.0,0.0005915179534840829,0.0,0.00015670819625633907,0.0
1303,0.002233285026158459,0.0,0.00037186896014048526,0.0,-5.98902345105213e-05,0.0
1304,0.002271702219457782,0.0,0.00099474801140719,0.0,0.0004014749283995588,0.0
1305,0.0023169329315832453,0.0,0.0011698237549806053,0.0,0.0006474061766408472,0.0
1306,0.0023545132672259023,0.0,0.0012923480809721214,0.0,0.0008546877076290448,0.0
1307,0.002381179164518481,0.0,0.001330423880330361,0.0,0.0009104259708158674,0.0
1308,0.0024016834980068093,0.0,0.0013392464723754496,0.0,0.0009217947867209168,0.0
1309,0.0024238661527008396,0.0,0.0013669553288253992,0.0,0.0009579846963803397,0.0
1310,0.002447873019538763,0.0,0.0014270229602368352,0.0,0.001025869475418493,0.0
1311,0.002467282334330521,0.0,0.0014343562261819663,0.0,0.0010370942936213583,0.0
1312,0.0024849960331375398,0.0,0.0014800670245717052,0.0,0.0010781363769971047,0.0
1313,0.00250133887552036,0.0,0.0015116972773024876,0.0,0.0011094980530626367,0.0
1314,0.0025211465312008044,0.0,0.0015580566022700647,0.0,0.0011633633556896333,0.0
1315,0.0025285364286394374,0.0,0.0015977622906515213,0.0,0.001214910023121703,0.0
1316,0.0024051953193662086,0.0,0.0008314426692423544,0.0,0.0003396709978280455,0.0
1317,0.0023715627793563605,0.0,0.000857648690638375,0.0,0.0003578096121717397,0.0
1318,0.002345977881108452,0.0,0.0007446462514023435,0.0,0.00020293373237153535,0.0
1319,0.0023320947895219364,0.0,0.000748876983424777,0.0,0.00019393550886339858,0.0
1320,0.002326614839531565,0.0,0.0006728035058374709,0.0,0.00023796624036028012,0.0
1321,0.0023198782486382663,0.0,0.0006397555574869653,0.0,0.00020484691472953112,0.0
1322,0.002312865355993638,0.0,0.0006081043316334973,0.0,0.0001733941266382085,0.0
1323,0.00230663878394498,0.0,0.0006058658789189679,0.0,0.00017144439946707593,0.0
1324,0.002300782799286803,0.0,0.0005929759935826119,0.0,0.0001586004317205242,0.0
1325,0.00229513901445253,0.0,0.0005799494238236231,0.0,0.0001458519842174105,0.0
1326,0.002290527276140459,0.0,0.0005826451520663633,0.0,0.00014779026217753952,0.0
1327,0.0022839339985000658,0.0,0.0005818618680422838,0.0,0.0001382339825689923,0.0
1328,0.002248959166866323,0.0,0.0007371338917352987,0.0,7.537473839806959e-05,0.0
1329,0.002195066416453271,0.0,0.0004467020492396475,0.0,-8.184148729608492e-05,0.0
1330,0.0022416232851844888,0.0,0.0007920715805609917,0.0,0.00024390732739704374,0.0
1331,0.002264783895470453,0.0,0.0009387090613182168,0.0,0.0004350255231096831,0.0
1332,0.0022899064811345423,0.0,0.0010589831377715731,0.0,0.0005811236544767391,0.0
1333,0.0023093801821571234,0.0,0.0011259913283549717,0.0,0.0006604987812878114,0.0
1334,0.002327249804552881,0.0,0.001188414355011224,0.0,0.0007369805864510344,0.0
1335,0.0023426276715766293,0.0,0.001234860120093189,0.0,0.0007915797610982514,0.0
1336,0.0023536959312291904,0.0,0.0012491521055225877,0.0,0.0007938018435975265,0.0
1337,0.002311356900359056,0.0,0.0008072712851938469,0.0,0.00032664070632747524,0.0
1338,0.0023054325535342315,0.0,0.0008909356925854372,0.0,0.00039907452715271766,0.0
1339,0.002291039496483358,0.0,0.0007852133993454889,0.0,0.0002486834532100248,0.0
1340,0.0022933507400790965,0.0,0.0008150776844295508,0.0,0.00038003685044970506,0.0
1341,0.0022918414565689517,0.0,0.0008004026176466046,0.0,0.00036523529880202045,0.0
1342,0.002286803182500562,0.0,0.0006693392626485382,0.0,0.00023336733024450812,0.0
1343,0.002284185786359852,0.0,0.0006506934972470122,0.0,0.00021350098894149915,0.0
1344,0.0022811492554541527,0.0,0.000600270169286501,0.0,0.00016524809725576768,0.0
1345,0.0022806830905657584,0.0,0.0005802376819630641,0.0,0.00014517035202631762,0.0
1346,0.0022790652957134184,0.0,0.0005467057363624818,0.0,0.0001123952917104255,0.0
1347,0.00227717399693614,0.0,0.0005447915591404042,0.0,0.00011070638661034651,0.0
1348,0.002274054966567034,0.0,0.0005356187146856992,0.0,9.76178969520694e-05,0.0
1349,0.002269365742985465,0.0,0.0005362282011617592,0.0,8.122004346623822e-05,0.0
1350,0.002264746673291812,0.0,0.0005498157596025221,0.0,8.063629403352532e-05,0.0
1351,0.0022565447520558717,0.0,0.0005547141686385045,0.0,6.843042918311436e-05,0.0
1352,0.0022567759600022794,0.0,0.0007169165357163809,0.0,0.0002266889737400446,0.0
1353,0.0022566425975748365,0.0,0.0007732685819392786,0.0,0.0002721794566974381,0.0
1354,0.002256779095031907,0.0,0.0007754271267473218,0.0,0.0002977004718703704,0.0
1355,0.0022576247976494666,0.0,0.0007699749725990153,0.0,0.0003022983118710883,0.0
1356,0.0022607878980744713,0.0,0.0007790137342466624,0.0,0.00032313587649984493,0.0
1357,0.002260431068776236,0.0,0.0007676603280576387,0.0,0.0003031029951161522,0.0
1358,0.002260585830158451,0.0,0.0007690434997454942,0.0,0.00030251767316563714,0.0
1359,0.002261446982888827,0.0,0.0007783446785377798,0.0,0.00030742430990867136,0.0
1360,0.0022639206029434,0.0,0.0007918709157118181,0.0,0.0003294963832447806,0.0
1361,0.002263489012253244,0.0,0.0007919109998841868,0.0,0.0003176736958836195,0.0
1362,0.0022619231601969277,0.0,0.0007827615860868391,0.0,0.00030026910627494645,0.0
1363,0.0022500171979296015,0.0,0.0006498687531742786,0.0,0.0001244645271099707,0.0
1364,0.0022418664214816563,0.0,0.0006319512527861162,0.0,8.945488086665304e-05,0.0
1365,0.0022307415271691005,0.0,0.0006161055587769364,0.0,4.823423254050408e-05,0.0
1366,0.0022175016046013024,0.0,0.0005566063719369598,0.0,8.57525574566231e-07,0.0
1367,0.00220308305461678,0.0,0.0005504612228953418,0.0,-2.9248897319385844e-05,0.0
1368,0.002191450364960618,0.0,0.0005241528198275892,0.0,-4.3887214694517964e-05,0.0
1369,0.0021756975134803545,0.0,0.0005131921738912331,0.0,-7.338552784765928e-05,0.0
1370,0.002167587212631756,0.0,0.0004975442156611754,0.0,-7.92135924657484e-05,0.0
1371,0.0021517245100182688,0.0,0.000489167888165781,0.0,-0.00010259851745589863,0.0
1372,0.002143586781284631,0.0,0.0004750599371897849,0.0,-0.00010732284826884522,0.0
1373,0.0021277050237384276,0.0,0.0004667949015973545,0.0,-0.00012906647457410327,0.0
1374,0.0021249813199684196,0.0,0.0004724395813640312,0.0,-0.00012056434123756694,0.0
1375,0.0018924260887357514,0.0,4.698747025492231e-05,0.0,-0.00044422389351466226,0.0
1376,0.0018972680465341434,0.0,0.0002586134449397785,0.0,-0.00037786355352901227,0.0
1377,0.001994417914980714,0.0,0.0004188416321474892,0.0,-0.00021383201955929023,0.0
1378,0.0020707633281523254,0.0,0.0005513817654484381,0.0,-4.141618850026787e-05,0.0
1379,0.002119502866885185,0.0,0.0006836245093634445,0.0,0.0001382159551067191,0.0
1380,0.0021561061408489294,0.0,0.0007783464009433316,0.0,0.0002626140142799008,0.0
1381,0.0021938298410139395,0.0,0.0008932402497155495,0.0,0.00041808888141651123,0.0
1382,0.002232444673290264,0.0,0.00103369825664003,0.0,0.0005857308334090087,0.0
1383,0.002273851558029629,0.0,0.0011089349871057958,0.0,0.0007267953785627364,0.0
1384,0.0023072538303559047,0.0,0.0011980138363073276,0.0,0.0008072897615276798,0.0
1385,0.0023243846796915015,0.0,0.0012511457819699174,0.0,0.0008146429969791557,0.0
1386,0.0023502632606169525,0.0,0.0013275307890473452,0.0,0.0009055855956518651,0.0
1387,0.0023596736892602726,0.0,0.001367906388026936,0.0,0.0009556856492078964,0.0
1388,0.0022859013222392794,0.0,0.000670616458943599,0.0,0.00011684332570034792,0.0
1389,0.0022692475738784923,0.0,0.0007329383918688044,0.0,0.00018605157756209235,0.0
1390,0.002253618470605904,0.0,0.0006465949807609305,0.0,6.229564017497203e-05,0.0
1391,0.002248773783130438,0.0,0.0006567822446711359,0.0,6.351129771836616e-05,0.0
1392,0.002256881220234975,0.0,0.0005840487678302575,0.0,0.00014965485197648062,0.0
1393,0.002258143812714591,0.0,0.0005672622482100179,0.0,0.00013301778686588422,0.0
1394,0.0022574050872311378,0.0,0.0005448664516705201,0.0,0.00011066175563842473,0.0
1395,0.002256119744114642,0.0,0.0005424406936224499,0.0,0.0001080382750359315,0.0
1396,0.0022536311265773153,0.0,0.0005333117671685839,0.0,9.097586353440748e-05,0.0
1397,0.0022505171258359524,0.0,0.0005272437620174824,0.0,7.529625716612203e-05,0.0
1398,0.0022489018078840376,0.0,0.0005461293192955605,0.0,8.180714172310096e-05,0.0
1399,0.00214468953921056,0.0,0.00024751305500882127,0.0,-0.00019082561387043998,0.0
1400,0.0021782535842595997,0.0,0.0006983130912603687,0.0,1.6863361132161275e-05,0.0
1401,0.0022330201998312198,0.0,0.0009685153615086081,0.0,0.0004085382697195145,0.0
1402,0.0022827528035718877,0.0,0.0011595955780294692,0.0,0.000713233409220895,0.0
1403,0.0023153297119974025,0.0,0.0012359209717402605,0.0,0.0008038517472878299,0.0
1404,0.002348085112040753,0.0,0.0012759324158575682,0.0,0.0008633856814103445,0.0
1405,0.002386328509928708,0.0,0.001316631097582057,0.0,0.0009436108509669309,0.0
1406,0.0024110603492534803,0.0,0.0013990104904354345,0.0,0.0010049758330257248,0.0
1407,0.0024436902156731,0.0,0.0013969337817226432,0.0,0.0010450525376167067,0.0
1408,0.002467429379194589,0.0,0.0014704164520017396,0.0,0.0010954877188329949,0.0
1409,0.0024824765863653807,0.0,0.001515374757004355,0.0,0.0011199507855261,0.0
1410,0.0025005445107990415,0.0,0.0015586729680773274,0.0,0.001166193557149444,0.0
1411,0.0025085651725048636,0.0,0.0016000450802495629,0.0,0.0012210897697936757,0.0
1412,0.0023924112678289427,0.0,0.0008264506171544955,0.0,0.0003784821040335657,0.0
1413,0.002362646189875136,0.0,0.0008714148993720942,0.0,0.0004182601837128845,0.0
1414,0.0023375984216348657,0.0,0.0007340427304395941,0.0,0.0001996069144950313,0.0
1415,0.0023229590819044818,0.0,0.000742198784353335,0.0,0.00017109525764142926,0.0
1416,0.0023181875731953724,0.0,0.000653410573972669,0.0,0.00021812229242278245,0.0
1417,0.0023124265236608072,0.0,0.0006235595577857803,0.0,0.00018794838796167197,0.0
1418,0.0023068836256607394,0.0,0.0005926212048979838,0.0,0.0001571957664952843,0.0
1419,0.0023011739311389508,0.0,0.0005950109442540079,0.0,0.00015990936291380813,0.0
1420,0.00229507145598167,0.0,0.0005832320268639264,0.0,0.00014860082977737944,0.0
1421,0.0022884398020296733,0.0,0.0005735811994034715,0.0,0.00013947053956694325,0.0
1422,0.0022819431716026685,0.0,0.0005903997628387736,0.0,0.00014229429511577562,0.0
1423,0.002207181442799833,0.0,0.0003507265564641404,0.0,-9.237806797495211e-05,0.0
1424,0.0022305609971625434,0.0,0.0008521612435054438,0.0,0.0002164830170871654,0.0
1425,0.0022863603841861745,0.0,0.001082061838928195,0.0,0.0005469879640037161,0.0
1426,0.0023320888948178396,0.0,0.0012280801234359226,0.0,0.0007802816351586081,0.0
1427,0.00236368252800853,0.0,0.0012961328906071893,0.0,0.0008650245825361977,0.0
1428,0.0023953332446185385,0.0,0.0013225201367805112,0.0,0.000921499204126963,0.0
1429,0.0024322062294329294,0.0,0.0013514269229206496,0.0,0.0009883529564959775,0.0
1430,0.0024676017178335017,0.0,0.0014188781804306014,0.0,0.001070813252943047,0.0
1431,0.0025006695945654026,0.0,0.0014395870873179103,0.0,0.0011048243378694233,0.0
1432,0.002525738282628247,0.0,0.0014964909708485596,0.0,0.0011522643803341657,0.0
1433,0.0025389790342304134,0.0,0.001537189034874623,0.0,0.0011703609480758314,0.0
1434,0.0025431985458612143,0.0,0.0015737237202974673,0.0,0.0011823103372509834,0.0
1435,0.002540294609552687,0.0,0.0016007822157016527,0.0,0.001212535725140278,0.0
1436,0.0024107485396132056,0.0,0.0008197675219120918,0.0,0.00030720024808108333,0.0
1437,0.0023741214842571273,0.0,0.0008495687008523414,0.0,0.000333747249253617,0.0
1438,0.0023455582445511946,0.0,0.0007441453864606899,0.0,0.00019070416791772387,0.0
1439,0.002328612207675208,0.0,0.0007407590698692676,0.0,0.00017194013396608344,0.0
1440,0.0023232506175435265,0.0,0.0006651470237385843,0.0,0.00023133703696815214,0.0
1441,0.0023146256490841786,0.0,0.0006401477014591069,0.0,0.00020664448269667231,0.0
1442,0.0023055134469782412,0.0,0.0006167759324662669,0.0,0.00017649799345245947,0.0
1443,0.0022954915777758434,0.0,0.0006126314284601805,0.0,0.00015235348332830146,0.0
1444,0.0022842657223916705,0.0,0.0005983376832634883,0.0,0.0001205690739065217,0.0
1445,0.002272007896223344,0.0,0.0005844861986398972,0.0,9.61684998870366e-05,0.0
1446,0.0022603551244635483,0.0,0.0005972305128671045,0.0,8.225880836030424e-05,0.0
1447,0.002183063537146651,0.0,0.0003763400709276743,0.0,-9.566732722154285e-05,0.0
1448,0.0022018778042697546,0.0,0.0007993461332321812,0.0,0.00014876590019527068,0.0
1449,0.002263613212983963,0.0,0.001018880869127261,0.0,0.0004640759494786357,0.0
1450,0.0023171074304001492,0.0,0.00117908389956474,0.0,0.0007142055710691272,0.0
1451,0.0023508697248394066,0.0,0.0012476687488791394,0.0,0.0007918588615509945,0.0
1452,0.0023823974838054016,0.0,0.0013091239880386057,0.0,0.0008812871424449262,0.0
1453,0.0024238092096337057,0.0,0.0013424053695535766,0.0,0.0009702307270019377,0.0
1454,0.002463830480512837,0.0,0.0014134179348156317,0.0,0.0010628135600748226,0.0
1455,0.0025008711845985725,0.0,0.0014366657403129084,0.0,0.001102385782723527,0.0
1456,0.0025308016529102103,0.0,0.001498097090473545,0.0,0.0011576638713140675,0.0
1457,0.0025551339653645073,0.0,0.0015422658718913826,0.0,0.0011965248432638854,0.0
1458,0.002568779798338576,0.0,0.0015930131656024186,0.0,0.0012259777213115834,0.0
1459,0.002554168952433462,0.0,0.0016180135114575603,0.0,0.0012263338516834642,0.0
1460,0.0024167413874074204,0.0,0.0008062773130520769,0.0,0.0002838617518664563,0.0
1461,0.002375190648659363,0.0,0.0008289756851362848,0.0,0.000297395242335755,0.0
1462,0.0023399862968410145,0.0,0.0007323258416055511,0.0,0.0001576462717088466,0.0
1463,0.0023159268921061787,0.0,0.0007193080007222774,0.0,0.00013476565591661954,0.0
1464,0.002313168309664103,0.0,0.0006544372439745711,0.0,0.0002199088910298662,0.0
1465,0.0023030218438021624,0.0,0.0006391791840869472,0.0,0.00018208437192362785,0.0
1466,0.0022871025168462876,0.0,0.000617706791694823,0.0,0.00013144560698518987,0.0
1467,0.0022660517221549325,0.0,0.0006077410242756769,0.0,8.357082490001889e-05,0.0
1468,0.002244877228501348,0.0,0.0005877452247626978,0.0,4.865504031314886e-05,0.0
1469,0.0022174951647797284,0.0,0.0005684674970982211,0.0,4.09584833323273e-06,0.0
1470,0.0021985718459132863,0.0,0.0005604673459085122,0.0,-1.1696781524754584e-05,0.0
1471,0.002090474240236809,0.0,0.00032389414748717625,0.0,-0.00019254222826591732,0.0
1472,0.0021180769866276155,0.0,0.0006559243731510736,0.0,-1.5498115797507074e-05,0.0
1473,0.0021935335021577157,0.0,0.0008803438553286985,0.0,0.0003030176730181057,0.0
1474,0.002260039980500122,0.0,0.0010584955096652,0.0,0.0005656276387361067,0.0
1475,0.0023028475205036326,0.0,0.0011533748092455067,0.0,0.0006844718349152106,0.0
1476,0.0023296960585322455,0.0,0.001181053194824505,0.0,0.000718268765709359,0.0
1477,0.0023615444123012107,0.0,0.0012575833299738274,0.0,0.0008174833770881636,0.0
1478,0.0023919629881502405,0.0,0.0013441225304868896,0.0,0.0009157493100536355,0.0
1479,0.0024143031526863076,0.0,0.0013443995385575274,0.0,0.0009287257823250221,0.0
1480,0.0024321998845303313,0.0,0.00138636476480182,0.0,0.0009649932375792843,0.0
1481,0.002450000672722372,0.0,0.0014190515629398546,0.0,0.0009999195968090468,0.0
1482,0.0024690208858915846,0.0,0.0014629203724675047,0.0,0.0010505207770103659,0.0
1483,0.0024731630978383195,0.0,0.001512616602776369,0.0,0.0010953452155442263,0.0
1484,0.002358434021640761,0.0,0.0007442655207125907,0.0,0.00017411662481003334,0.0
1485,0.0023254309132556454,0.0,0.0007635493164324812,0.0,0.00020123896481785263,0.0
1486,0.0022971922989773576,0.0,0.0006769952774121689,0.0,9.531040652544843e-05,0.0
1487,0.0022816389878809137,0.0,0.0006713987475511012,0.0,8.43456729833934e-05,0.0
1488,0.0022846920997500898,0.0,0.0006046115814622283,0.0,0.00017188642874331017,0.0
1489,0.0022744612059327598,0.0,0.0005888038778505791,0.0,0.00012931476065837738,0.0
1490,0.002260713535718305,0.0,0.0005772850977604255,0.0,8.777126485202307e-05,0.0
1491,0.0022414446432922766,0.0,0.0005731223864315444,0.0,4.620838165963429e-05,0.0
1492,0.0022191929231231587,0.0,0.0005553240538653575,0.0,9.6601742706451e-06,0.0
1493,0.0021952440584847126,0.0,0.0005377144179834344,0.0,-2.730190856644276e-05,0.0
1494,0.0021784430090984338,0.0,0.0005206172730447062,0.0,-4.4869856280921826e-05,0.0
1495,0.00215649284629263,0.0,0.0005036077845949698,0.0,-7.185677897375944e-05,0.0
1496,0.002088889958773101,0.0,0.000510552877573541,0.0,-0.0001612289393023562,0.0
1497,0.0020233938718819135,0.0,0.0002754574489655429,0.0,-0.0002564094482870238,0.0
1498,0.0021097804921089824,0.0,0.0005088602919018238,0.0,-4.5993537172924447e-05,0.0
1499,0.002164550118847592,0.0,0.0007273554327452301,0.0,0.00017839222196545045,0.0
1500,0.0022043602276473747,0.0,0.0008800331482610398,0.0,0.00036218160482459735,0.0
1501,0.0022413083941506596,0.0,0.0010061554459197728,0.0,0.0005265402116104002,0.0
1502,0.0022667491578035985,0.0,0.0010716310201939025,0.0,0.000594304753747847,0.0
1503,0.0022944494955913154,0.0,0.0011644030564428617,0.0,0.0007164178087074708,0.0
1504,0.0023062496492191552,0.0,0.0011489933208537078,0.0,0.0006656457330981341,0.0
1505,0.0022651162884069365,0.0,0.0007209312047196704,0.0,0.00019249933020470521,0.0
1506,0.002260652496210905,0.0,0.0007965197370948813,0.0,0.00027165574465030863,0.0
1507,0.0022467515976021045,0.0,0.0007081725952420548,0.0,0.00013945076679849292,0.0
1508,0.002254952451430826,0.0,0.0006906040442531661,0.0,0.0002561613519403013,0.0
1509,0.0022554916145717026,0.0,0.0006842395072376049,0.0,0.000247608433411388,0.0
1510,0.0022481694375322634,0.0,0.0005803916369325685,0.0,0.00012125899348685188,0.0
1511,0.002243367528371943,0.0,0.000573631373378706,0.0,9.737326489793138e-05,0.0
1512,0.002236288364703837,0.0,0.000554665787592948,0.0,6.450827653977959e-05,0.0
1513,0.0022282693547672205,0.0,0.0005452725051932303,0.0,3.157754642916979e-05,0.0
1514,0.0022181447489258432,0.0,0.0005337129765886656,0.0,4.05982191249688e-06,0.0
1515,0.002206473662341406,0.0,0.0005257113578262624,0.0,-1.5356720632954792e-05,0.0
1516,0.0021928897901960223,0.0,0.0005177477000113628,0.0,-3.734356411188135e-05,0.0
1517,0.0021787775414237025,0.0,0.0005075507490397143,0.0,-5.69933458306692e-05,0.0
1518,0.002165968424127035,0.0,0.0004994134550428986,0.0,-7.194117451150102e-05,0.0
1519,0.0021512838455638797,0.0,0.0004884339122078269,0.0,-8.651450352522455e-05,0.0
1520,0.0021464763851780045,0.0,0.0005396894049127232,0.0,-4.775901159386495e-05,0.0
1521,0.0021590942708450645,0.0,0.0005734596900556358,0.0,3.3772699013441586e-06,0.0
1522,0.0021739668786662633,0.0,0.0006002067336497382,0.0,5.356289633958377e-05,0.0
1523,0.002187050081490149,0.0,0.0006261749703217381,0.0,0.00010212251459315266,0.0
1524,0.0021964337500680877,0.0,0.0006464121231583703,0.0,0.00013214147766008218,0.0
1525,0.0022074688332368872,0.0,0.0006870711641236884,0.0,0.00017815396818966528,0.0
1526,0.0022191871471221604,0.0,0.0007269592342481564,0.0,0.00023238521831785,0.0
1527,0.0022311302017629297,0.0,0.0007766390520925241,0.0,0.0003010834427489193,0.0
1528,0.002240768373021047,0.0,0.0008198508369818959,0.0,0.00034323999759563995,0.0
1529,0.0022478926673338263,0.0,0.000844014253143953,0.0,0.0003704943111296666,0.0
1530,0.0022515430719169693,0.0,0.0008404689059754583,0.0,0.00036560653221879755,0.0
1531,0.0022413778648454723,0.0,0.0006719354168435478,0.0,0.00016633043043575726,0.0
1532,0.0022327673180818595,0.0,0.0006394738206193873,0.0,8.18222844323975e-05,0.0
1533,0.0022229913195942284,0.0,0.0006126059705221616,0.0,4.5048152492142726e-05,0.0
1534,0.002207233309386102,0.0,0.0005501737063961427,0.0,-1.6647011701059126e-05,0.0
1535,0.0021955861755746623,0.0,0.0005391159555126995,0.0,-3.7345371653941715e-05,0.0
1536,0.0021806382821458322,0.0,0.0005175346712259698,0.0,-6.360344815419504e-05,0.0
1537,0.0021686114925167296,0.0,0.0005020962644096902,0.0,-8.334872332148421e-05,0.0
1538,0.0021602167990419025,0.0,0.0004912602253209324,0.0,-9.46293737399107e-05,0.0
1539,0.0021491571288113995,0.0,0.00048028984152404257,0.0,-0.00010724021396005354,0.0
1540,0.002137236011612463,0.0,0.00047092355186555037,0.0,-0.00012116512212890563,0.0
1541,0.00212828441533238,0.0,0.00046143474511569857,0.0,-0.0001303423997306199,0.0
1542,0.002125019721576741,0.0,0.00047165707100312276,0.0,-0.00012825401973013914,0.0
1543,0.001910559822781047,0.0,5.633988688121878e-05,0.0,-0.0004291617369273859,0.0
1544,0.0019073460226583447,0.0,0.00026981965251993124,0.0,-0.0003728534896715743,0.0
1545,0.001997699805376994,0.0,0.0004243263999632442,0.0,-0.00022063779877025738,0.0
1546,0.002070358268713092,0.0,0.0005489879701062998,0.0,-5.633572968300794e-05,0.0
1547,0.0021206420929972265,0.0,0.0006878340600032322,0.0,0.00014327346899345493,0.0
1548,0.002160704586273901,0.0,0.0008048267274446386,0.0,0.0002957957254291243,0.0
1549,0.002192739636576291,0.0,0.0008906180156317202,0.0,0.00039965195734775164,0.0
1550,0.0022271081808695383,0.0,0.0010160168118235292,0.0,0.0005371689104479069,0.0
1551,0.002267309918027725,0.0,0.0011127350517817828,0.0,0.0007071067387253271,0.0
1552,0.0023005281093988134,0.0,0.001194659588196681,0.0,0.0007908916137461062,0.0
1553,0.00232689680499317,0.0,0.0012632343525083053,0.0,0.0008440974221999539,0.0
1554,0.002349115003188626,0.0,0.0013209080727198134,0.0,0.0008980362929721113,0.0
1555,0.002355118778303064,0.0,0.0013405452807752059,0.0,0.0009115595955991409,0.0
1556,0.002274253956341861,0.0,0.000668808895652037,0.0,8.578039346479745e-05,0.0
1557,0.0022504284557889193,0.0,0.000699842959284514,0.0,0.00012078888300078602,0.0
1558,0.0022267981457905735,0.0,0.0006224184864871782,0.0,1.750638910886571e-05,0.0
1559,0.0022146708754170723,0.0,0.000619697543207956,0.0,9.823978288528586e-06,0.0
1560,0.0022274432402755047,0.0,0.0005632349031049953,0.0,0.0001223593348740632,0.0
1561,0.002220164133586865,0.0,0.0005546214674109237,0.0,6.855452894077223e-05,0.0
1562,0.00220499240377981,0.0,0.0005441346123568398,0.0,1.5159134343473461e-05,0.0
1563,0.002189413016515515,0.0,0.0005347958584433295,0.0,-1.3115308102165917e-05,0.0
1564,0.002170441638364007,0.0,0.0005204199432053225,0.0,-4.6679975259699595e-05,0.0
1565,0.002155024981837286,0.0,0.0005025884379602235,0.0,-6.59209409633989e-05,0.0
1566,0.0021402888426223913,0.0,0.0005026494391786809,0.0,-8.168842204334245e-05,0.0
1567,0.0019899859640325327,0.0,0.00018331864489036617,0.0,-0.0003173083355494786,0.0
1568,0.0019934054570407253,0.0,0.00041939449244116675,0.0,-0.0002382073426581378,0.0
1569,0.002075135528850835,0.0,0.0006327980027113946,0.0,1.2515567195366247e-05,0.0
1570,0.002140492432957488,0.0,0.000796101767014713,0.0,0.00026065403335335515,0.0
1571,0.002188407875460612,0.0,0.0009193827951157734,0.0,0.00041687982610093765,0.0
1572,0.002226385190191267,0.0,0.0009988997046776146,0.0,0.0005146247284538411,0.0
1573,0.002266344236924169,0.0,0.0010981464277477681,0.0,0.0006502320220199112,0.0
1574,0.002305906756509389,0.0,0.0012125931363575393,0.0,0.0007911671784415905,0.0
1575,0.0023440541381628682,0.0,0.0012387316282244643,0.0,0.0008538960721747927,0.0
1576,0.002374876139382362,0.0,0.0013068861720548102,0.0,0.0009168613557347838,0.0
1577,0.0023964075135085063,0.0,0.0013598106444282802,0.0,0.0009524389940488553,0.0
1578,0.0024126385131369756,0.0,0.0014056444634916356,0.0,0.0009885797987314318,0.0
1579,0.002415230488514281,0.0,0.0014356837482402784,0.0,0.0010201469516567317,0.0
1580,0.002310659480130866,0.0,0.0007037177734342554,0.0,0.0001341403026280469,0.0
1581,0.0022797048804512306,0.0,0.0007193191929464079,0.0,0.0001544062328693045,0.0
1582,0.002254100726091681,0.0,0.0006409697593174014,0.0,5.8064620419209854e-05,0.0
1583,0.002239757950986486,0.0,0.0006360203608853671,0.0,4.522890436477406e-05,0.0
1584,0.0022472927934244964,0.0,0.0005746985052059001,0.0,0.00014060272291862154,0.0
1585,0.002241438411252688,0.0,0.000559324479924834,0.0,0.00010066453605037627,0.0
1586,0.0022333478962678344,0.0,0.00054240644653454,0.0,6.839176084065762e-05,0.0
1587,0.002222414785283757,0.0,0.0005394491335643657,0.0,3.8431264372159484e-05,0.0
1588,0.0022121168546884963,0.0,0.0005265903482820461,0.0,1.8154546965056624e-05,0.0
1589,0.002199587083036734,0.0,0.000518192731654951,0.0,-7.258384663208625e-06,0.0
1590,0.0021933294588600974,0.0,0.0005261727509303354,0.0,-7.295585019114793e-06,0.0
1591,0.0020839053525241215,0.0,0.0002619440429912881,0.0,-0.0002185977634150374,0.0
1592,0.0021046690093671503,0.0,0.0006096844886015807,0.0,-8.11570315186565e-05,0.0
1593,0.0021669523151172645,0.0,0.0008312187629899888,0.0,0.00023644111137739146,0.0
1594,0.002216226661689296,0.0,0.0009567893104791135,0.0,0.00043076028673474,0.0
1595,0.0022498019546835376,0.0,0.0010281931310252407,0.0,0.0005243515608374929,0.0
1596,0.002277931497868771,0.0,0.0010792424304305029,0.0,0.0005958042025337583,0.0
1597,0.0023058307004999836,0.0,0.0011414674370201934,0.0,0.0006781224607378046,0.0
1598,0.0023326885888005694,0.0,0.0012137005374814604,0.0,0.0007569938910232932,0.0
1599,0.0023571764752219814,0.0,0.0012587376817752103,0.0,0.0008273897567508902,0.0
1600,0.0023781652206248663,0.0,0.0013039460880408867,0.0,0.0008733534346409097,0.0
1601,0.002395904408747076,0.0,0.001337485585783802,0.0,0.000906850120221638,0.0
1602,0.00241450896712033,0.0,0.0013901864153647702,0.0,0.0009646916530626597,0.0
1603,0.0024205857976146135,0.0,0.0014152992006768654,0.0,0.000983523750991192,0.0
1604,0.002312435118963602,0.0,0.0006983872411260143,0.0,0.00011944139656564498,0.0
1605,0.0022797580118158805,0.0,0.0007044682241784056,0.0,0.000126659290385949,0.0
1606,0.0022506289064599884,0.0,0.0006308801261586229,0.0,4.4211410644573305e-05,0.0
1607,0.002234123009474453,0.0,0.0006218483901335025,0.0,3.0473445253186254e-05,0.0
1608,0.00224151526089314,0.0,0.0005526995345651104,0.0,0.0001151203986956374,0.0
1609,0.0022325238828616034,0.0,0.000542400343511149,0.0,7.374481108326342e-05,0.0
1610,0.0022168557797042467,0.0,0.0005388082810147227,0.0,2.8034181953445823e-05,0.0
1611,0.0022005701898569797,0.0,0.0005283442161830436,0.0,8.233542977029943e-07,0.0
1612,0.002180665790076187,0.0,0.0005150705374462417,0.0,-3.3821347830996495e-05,0.0
1613,0.0021624804282288903,0.0,0.0004980789849555316,0.0,-5.835699532675024e-05,0.0
1614,0.0021479427090677857,0.0,0.0004987121194881669,0.0,-7.189723782583142e-05,0.0
1615,0.002032673840401537,0.0,0.000252725975769934,0.0,-0.00025525861444879085,0.0
1616,0.0020501442846573943,0.0,0.000539407249867474,0.0,-0.00014026504345196,0.0
1617,0.0021295036207393987,0.0,0.0007730119329772639,0.0,0.0001821040075222983,0.0
1618,0.002190055426252153,0.0,0.0009190750619540737,0.0,0.0003965958059405233,0.0
1619,0.0022408551963870775,0.0,0.0010494132854870818,0.0,0.0005674903612198801,0.0
1620,0.0022740294891166243,0.0,0.0011000951854079164,0.0,0.0006317786655103165,0.0
1621,0.002303288172492349,0.0,0.0011538286183846837,0.0,0.0006968281744903276,0.0
1622,0.00233128414248682,0.0,0.0012242895943228378,0.0,0.0007705863468364207,0.0
1623,0.0023567505732514198,0.0,0.0012690447202993995,0.0,0.0008391883578582446,0.0
1624,0.0023791761964183124,0.0,0.0013178280684790294,0.0,0.0008891878896616868,0.0
1625,0.002397497397375637,0.0,0.0013501954321344296,0.0,0.0009205177921531521,0.0
1626,0.00241417424948047,0.0,0.0013894143823216932,0.0,0.000958733885493006,0.0
1627,0.002419342377710514,0.0,0.0014090619840291818,0.0,0.0009692893381737398,0.0
1628,0.002311640891635017,0.0,0.000683087762485296,0.0,0.00010694787227923249,0.0
1629,0.002282105948754415,0.0,0.0007009271554928235,0.0,0.00012567648151452218,0.0
1630,0.002257075637060456,0.0,0.0006296280809494248,0.0,4.644195108947631e-05,0.0
1631,0.0022448618765734812,0.0,0.0006249816832287459,0.0,3.760149749231401e-05,0.0
1632,0.002252600565255573,0.0,0.0005554129231755993,0.0,0.00012275619401373565,0.0
1633,0.002248744545324625,0.0,0.0005397237835729947,0.0,9.790255991644467e-05,0.0
1634,0.0022418702280440177,0.0,0.0005317723850839938,0.0,6.854800140211441e-05,0.0
1635,0.0022346085418017813,0.0,0.0005309052084953976,0.0,5.170965593844824e-05,0.0
1636,0.0022280165471936218,0.0,0.0005204372947397431,0.0,4.0605254855832925e-05,0.0
1637,0.0022192875850922398,0.0,0.0005158404882180255,0.0,1.957293876229721e-05,0.0
1638,0.0022154440096297055,0.0,0.0005266366878507234,0.0,2.5227255877878193e-05,0.0
1639,0.0021302765843673513,0.0,0.0003129523227992405,0.0,-0.0001602910500622728,0.0
1640,0.0021563475916017184,0.0,0.0007296399108509461,0.0,6.475227733381624e-05,0.0
1641,0.0022174380156144424,0.0,0.0009468997804630206,0.0,0.00037561531768577476,0.0
1642,0.0022762971298024076,0.0,0.0011299912082778645,0.0,0.0006598195579551201,0.0
1643,0.002314619688684086,0.0,0.001216994997833634,0.0,0.0007699428938750311,0.0
1644,0.002343657460155924,0.0,0.0012616812369152391,0.0,0.0008272819072415469,0.0
1645,0.002368872453426568,0.0,0.0012924072004188952,0.0,0.0008694864538623004,0.0
1646,0.002395899050801932,0.0,0.0013575221710180694,0.0,0.0009434108780661712,0.0
1647,0.002418749320879733,0.0,0.0013664998376096433,0.0,0.0009618041896793524,0.0
1648,0.0024292446364344803,0.0,0.0013969481299969853,0.0,0.0009747585726744012,0.0
1649,0.0024442985245812913,0.0,0.001426960553442512,0.0,0.001006071481331366,0.0
1650,0.0024662509192707165,0.0,0.0014711872538752508,0.0,0.0010673865863869696,0.0
1651,0.002474101887118222,0.0,0.0015210842442624317,0.0,0.0011229369048742538,0.0
1652,0.002362534525898177,0.0,0.0007466921436828807,0.0,0.0002103353601322366,0.0
1653,0.002333043950514563,0.0,0.0007748213952403812,0.0,0.00024593770053180997,0.0
1654,0.0023098893778306265,0.0,0.0006687552423126546,0.0,0.00010345033494066401,0.0
1655,0.002297221323350497,0.0,0.0006724271363207004,0.0,9.685297411711512e-05,0.0
1656,0.0022954172891671305,0.0,0.0005969739444093025,0.0,0.0001631720045509248,0.0
1657,0.0022896340812688545,0.0,0.0005773576575415842,0.0,0.00014373385750180443,0.0
1658,0.0022834813001430575,0.0,0.0005604188135958175,0.0,0.00012703610969589654,0.0
1659,0.0022770983252658715,0.0,0.000555769350269734,0.0,0.00011632597895536786,0.0
1660,0.002269927765596294,0.0,0.0005520465110156755,0.0,9.506001835876763e-05,0.0
1661,0.002262477619646301,0.0,0.0005477991957504961,0.0,8.112894476939594e-05,0.0
1662,0.002253771779861728,0.0,0.000552583221189914,0.0,6.885055834497114e-05,0.0
1663,0.002243043969080294,0.0,0.0005511107958686825,0.0,6.000834159837628e-05,0.0
1664,0.0021899168283105153,0.0,0.0006377473772788333,0.0,-4.46288491523203e-05,0.0
1665,0.0021299633828695307,0.0,0.0003764618632602606,0.0,-0.00014665767192375743,0.0
1666,0.0021920948938776805,0.0,0.0006578350795336612,0.0,0.0001058603396461911,0.0
1667,0.0022295705325048303,0.0,0.0008967057334332634,0.0,0.00038986686588016075,0.0
1668,0.002264468611664887,0.0,0.001047649240065447,0.0,0.000580150311536177,0.0
1669,0.0022992174299517705,0.0,0.001166987582370937,0.0,0.0007686270284968685,0.0
1670,0.002331524291949226,0.0,0.0012173152257377697,0.0,0.0008613808446728145,0.0
1671,0.0023596655153667297,0.0,0.0012704887886310526,0.0,0.000924454566567115,0.0
1672,0.0023792914961409347,0.0,0.0013366187844321823,0.0,0.0009659421952613737,0.0
1673,0.00232832488840161,0.0,0.0008968022562008411,0.0,0.0005260278286830474,0.0
1674,0.002319930980094459,0.0,0.0009923612957041716,0.0,0.0005359542920320836,0.0
1675,0.0022999695389634344,0.0,0.0007826411748713313,0.0,0.00028431886036590134,0.0
1676,0.002295181109364987,0.0,0.0007878637535631348,0.0,0.0003522999659343238,0.0
1677,0.0022915000052049807,0.0,0.0007960348315967541,0.0,0.00036075517369886533,0.0
1678,0.002284805330557225,0.0,0.0006657888573978457,0.0,0.00022994253494541578,0.0
1679,0.002281547844454722,0.0,0.0006596522159209898,0.0,0.0002228248844455918,0.0
1680,0.0022767954112590137,0.0,0.0006065470418006879,0.0,0.00016939937893187848,0.0
1681,0.00227345380234131,0.0,0.000591149073773336,0.0,0.0001416916322220824,0.0
1682,0.0022697383171306363,0.0,0.000568738202923872,0.0,0.00010706530935840103,0.0
1683,0.00226601112752721,0.0,0.0005641534308419937,0.0,9.884984955849888e-05,0.0
1684,0.0022602038867906562,0.0,0.000557732374885436,0.0,7.801419339505784e-05,0.0
1685,0.002254944916765233,0.0,0.000560734602589868,0.0,7.436457886385707e-05,0.0
1686,0.0022477363421796563,0.0,0.0005576505960749236,0.0,6.261659616842977e-05,0.0
1687,0.0022491272159628874,0.0,0.0007083604455116099,0.0,0.00020981173365768806,0.0
1688,0.0022498596199450986,0.0,0.0007660657875104596,0.0,0.00026129947470310776,0.0
1689,0.0022515842540792217,0.0,0.0007753343452843386,0.0,0.00029561734987990627,0.0
1690,0.00225420315325278,0.0,0.000772660512058599,0.0,0.0003089545220703127,0.0
1691,0.0022574305187258786,0.0,0.0007691266014273012,0.0,0.00032158492303343265,0.0
1692,0.0022615217259832803,0.0,0.00078872775757714,0.0,0.00034234325124579863,0.0
1693,0.0022671464696440696,0.0,0.0008230074015781095,0.0,0.00038583740676191016,0.0
1694,0.0022718745970390338,0.0,0.0008472721229613519,0.0,0.000411975170776321,0.0
1695,0.0022721380380239984,0.0,0.0008313947024967442,0.0,0.00038149592991268324,0.0
1696,0.0022721480586827955,0.0,0.0008290649650908551,0.0,0.0003734842385000874,0.0
1697,0.0022723270984755612,0.0,0.0008297334758879799,0.0,0.0003683117118671621,0.0
1698,0.0022665571143650615,0.0,0.0007034758923066522,0.0,0.00024015152466576447,0.0
1699,0.0022655152688329096,0.0,0.0007047731720123561,0.0,0.00022510809297281598,0.0
1700,0.0022631008634906528,0.0,0.0006737709744715418,0.0,0.00017993432594001811,0.0
1701,0.0022566831003207185,0.0,0.0005753822307356172,0.0,7.837764262186016e-05,0.0
1702,0.0022544489269978128,0.0,0.0005687844658193392,0.0,6.944679013725112e-05,0.0
1703,0.0022501314265225758,0.0,0.0005450471366704615,0.0,4.5606690825455445e-05,0.0
1704,0.0022480273189064864,0.0,0.0005298808430166856,0.0,3.099832371878221e-05,0.0
1705,0.002245981106618183,0.0,0.0005248796515695934,0.0,1.9599702583222205e-05,0.0
1706,0.0022426215813530475,0.0,0.0005207327383265032,0.0,1.414662030590878e-05,0.0
1707,0.0022372289879433876,0.0,0.0005225492546143536,0.0,-4.003244235672304e-10,0.0
1708,0.002232068595982648,0.0,0.0005154363280182933,0.0,-6.306724940940479e-06,0.0
1709,0.0022295184209115125,0.0,0.0005468092856779547,0.0,3.2638917092077608e-06,0.0
1710,0.0020444609182189103,0.0,0.00014112837384607044,0.0,-0.0003120911920009164,0.0
1711,0.0020498523325461634,0.0,0.00041638632245363403,0.0,-0.00022872348885699548,0.0
1712,0.002115229147539771,0.0,0.0005923979374850453,0.0,-7.951803388539578e-05,0.0
1713,0.0021595440340744163,0.0,0.0007094636722351426,0.0,0.00011937695437480534,0.0
1714,0.0021901974565693,0.0,0.0008006971622637933,0.0,0.0002551436543702086,0.0
1715,0.002215618225752192,0.0,0.0008688057308765048,0.0,0.00036028646473596046,0.0
1716,0.0022429581139088673,0.0,0.0009620986772732527,0.0,0.00048771861090102946,0.0
1717,0.002272028245085247,0.0,0.0010825314219620062,0.0,0.0006277319600721438,0.0
1718,0.002300095893802977,0.0,0.0011454191077670405,0.0,0.0007220637202285198,0.0
1719,0.0023294944432099797,0.0,0.0012335169209375147,0.0,0.000816401175179541,0.0
1720,0.0023643069504353464,0.0,0.0013080248683451816,0.0,0.0009150273026050128,0.0
1721,0.0023970494933586795,0.0,0.0013822084898031228,0.0,0.0010015216548545285,0.0
1722,0.0024123671158211147,0.0,0.0014444515215582385,0.0,0.0010684960256236375,0.0
1723,0.002325726741238193,0.0,0.0007409787785410359,0.0,0.00024270554469583484,0.0
1724,0.0023039857920938074,0.0,0.0007768200620883979,0.0,0.00026381792387872587,0.0
1725,0.002286598793977349,0.0,0.0007001573208824281,0.0,0.00014007960659417331,0.0
1726,0.002279186269034364,0.0,0.0007082023190870482,0.0,0.00013355188312474324,0.0
1727,0.0022816491582999107,0.0,0.0006385129416538872,0.0,0.000203766152872487,0.0
1728,0.002280012146166966,0.0,0.0006061124634469423,0.0,0.00017108595997294496,0.0
1729,0.002277314466813186,0.0,0.000575927658783032,0.0,0.00014119429264063165,0.0
1730,0.002274604333822705,0.0,0.0005783520016900484,0.0,0.00014388941719762922,0.0
1731,0.002270837946586716,0.0,0.0005684230714299648,0.0,0.00012964502291485833,0.0
1732,0.0022649175770871888,0.0,0.0005623373570154346,0.0,0.00010490335621391161,0.0
1733,0.0022614327200153536,0.0,0.0005833791216393435,0.0,0.00011264368523332174,0.0
1734,0.0021570066496579836,0.0,0.00027390783567518735,0.0,-0.0001703308480098015,0.0
1735,0.0021818484812012352,0.0,0.0006998774653812049,0.0,2.2008081864300722e-05,0.0
1736,0.0022295983135709567,0.0,0.0009262661441396128,0.0,0.00035033809239151366,0.0
1737,0.0022787485226953685,0.0,0.0011018089001373814,0.0,0.0006301214666441261,0.0
1738,0.0023179352228408314,0.0,0.0012163663913029449,0.0,0.0007965304967363007,0.0
1739,0.0023490388253684454,0.0,0.0012622510048247587,0.0,0.0008441236981160567,0.0
1740,0.002389927754931815,0.0,0.0013045853682913634,0.0,0.0009341932244277479,0.0
1741,0.002417113378448867,0.0,0.0013838605737709114,0.0,0.0010000278311752728,0.0
1742,0.002446808798703148,0.0,0.0014011490092211494,0.0,0.0010341997319910277,0.0
1743,0.0024826063182727515,0.0,0.0014429476018983376,0.0,0.0011141756500587514,0.0
1744,0.002519001901435058,0.0,0.0015253724160910298,0.0,0.001183888387991639,0.0
1745,0.002538580554873126,0.0,0.001575177276633123,0.0,0.0012241039225707748,0.0
1746,0.0025467578203794295,0.0,0.0016441140726516266,0.0,0.0012770457306277654,0.0
1747,0.0024122012683839783,0.0,0.000860375972454693,0.0,0.00041121970045444596,0.0
1748,0.002376068310561626,0.0,0.000875338026938224,0.0,0.00040732262003604215,0.0
1749,0.0023507665830620017,0.0,0.0007613383092865528,0.0,0.00024857447893520085,0.0
1750,0.0023374097617205204,0.0,0.0007739391819600798,0.0,0.00024154736364280028,0.0
1751,0.0023302807529409306,0.0,0.0007082486202755578,0.0,0.00027311280664012367,0.0
1752,0.0023229376939904343,0.0,0.0006719464231853892,0.0,0.00023687269480649137,0.0
1753,0.0023157879311080628,0.0,0.0006218974605565997,0.0,0.00018663025488635738,0.0
1754,0.0023096388704998572,0.0,0.0006247344266861292,0.0,0.0001898182313446984,0.0
1755,0.0023035524746315376,0.0,0.000611329388288415,0.0,0.0001766428754076219,0.0
1756,0.0022971684791699186,0.0,0.0006005863489420972,0.0,0.00016627764266822988,0.0
1757,0.002291788987019501,0.0,0.0006152562960302559,0.0,0.00017279419947013983,0.0
1758,0.0022251008304267315,0.0,0.00036416946491765626,0.0,-7.335445909918833e-05,0.0
1759,0.0022563627772913784,0.0,0.0009205371676123595,0.0,0.00029963076613566506,0.0
1760,0.002305033568905542,0.0,0.0011174025375018028,0.0,0.0005780664966560268,0.0
1761,0.0023477437907247906,0.0,0.0012627043388663945,0.0,0.0008170729081940073,0.0
1762,0.0023770844800270795,0.0,0.0013228210054617672,0.0,0.0008999676475074678,0.0
1763,0.0024012198197714343,0.0,0.001340282124220241,0.0,0.0009235381064938476,0.0
1764,0.0024256135695095845,0.0,0.001371298051566104,0.0,0.0009644018861448636,0.0
1765,0.0024516907204924403,0.0,0.0014355838955631322,0.0,0.001037307664879949,0.0
1766,0.00247221380922363,0.0,0.0014456179610955408,0.0,0.001050815649346854,0.0
1767,0.0024913735414344943,0.0,0.001495234599611513,0.0,0.0010957242273532532,0.0
1768,0.002510153581788285,0.0,0.0015329420996811325,0.0,0.001133540605202623,0.0
1769,0.0025313971466900936,0.0,0.0015817489206765222,0.0,0.001189321184646251,0.0
1770,0.002539815752865651,0.0,0.001622362928810667,0.0,0.0012422152093869922,0.0
1771,0.0024161334831956736,0.0,0.0008591880725877376,0.0,0.00040969584332357554,0.0
1772,0.0023831220941004337,0.0,0.0008886364796899004,0.0,0.0004214051567991261,0.0
1773,0.00235832699262297,0.0,0.0007658080941617908,0.0,0.000248782617465576,0.0
1774,0.0023449377710234223,0.0,0.0007749114960556266,0.0,0.00024041853939289932,0.0
1775,0.0023376613094627037,0.0,0.0007016145439270164,0.0,0.0002665911091830318,0.0
1776,0.002330446452699173,0.0,0.0006651817536775309,0.0,0.0002298648910201539,0.0
1777,0.0023235000386837663,0.0,0.0006191075817029424,0.0,0.00018383441860136225,0.0
1778,0.0023175399737292665,0.0,0.0006199666274151457,0.0,0.00018471688792575606,0.0
1779,0.0023119949559331043,0.0,0.0006057639847689153,0.0,0.00017080022875250243,0.0
1780,0.0023068988149040166,0.0,0.0005944729705442584,0.0,0.0001595000168114018,0.0
1781,0.0023030290274081706,0.0,0.0006092750184601512,0.0,0.00017430029666783186,0.0
1782,0.0022548799057839817,0.0,0.0004044854228603649,0.0,-2.7371206811865694e-05,0.0
1783,0.0022945739846545227,0.0,0.001039723142860464,0.0,0.00045287320481864003,0.0
1784,0.0023345876223915115,0.0,0.0011803042437707608,0.0,0.0006477105901560327,0.0
1785,0.002366858734676027,0.0,0.0012701013095080698,0.0,0.0008052815606080465,0.0
1786,0.002394825751629904,0.0,0.0013472394970808483,0.0,0.0009160318797268459,0.0
1787,0.002419380806266237,0.0,0.0013641305272486888,0.0,0.000948168028402074,0.0
1788,0.002443792958702334,0.0,0.0013959927990744162,0.0,0.0009891783760351258,0.0
1789,0.002469971501186144,0.0,0.0014604180954635706,0.0,0.0010618991793462885,0.0
1790,0.0024903339517053777,0.0,0.0014700183063921528,0.0,0.0010748003470606832,0.0
1791,0.0025098912701180458,0.0,0.0015205251167049545,0.0,0.00112084419936599,0.0
1792,0.002529232405338178,0.0,0.0015596383689399052,0.0,0.0011603477818768145,0.0
1793,0.0025486698604191872,0.0,0.001600972762227867,0.0,0.0012083465269308131,0.0
1794,0.0025563519182695152,0.0,0.0016400548285487508,0.0,0.0012591465954096166,0.0
1795,0.002428283371212637,0.0,0.0008608946365158052,0.0,0.0004110677837008568,0.0
1796,0.0023937282006045594,0.0,0.0008923400561654986,0.0,0.0004229604422773712,0.0
1797,0.0023678215413882537,0.0,0.0007673767423064873,0.0,0.00024934016538304756,0.0
1798,0.0023539173299430977,0.0,0.0007772010247855366,0.0,0.0002449585540669952,0.0
1799,0.002346177032371975,0.0,0.0007073120869595963,0.0,0.0002722282548700645,0.0
1800,0.002338597730991894,0.0,0.0006727022920260549,0.0,0.00023747343564701475,0.0
1801,0.0023315076281223987,0.0,0.0006268508169456459,0.0,0.00019141471236513758,0.0
1802,0.002325532933694141,0.0,0.0006282004016304229,0.0,0.00019294200050682482,0.0
1803,0.002319712188281663,0.0,0.000614740628639003,0.0,0.00017958857937847277,0.0
1804,0.0023137946207040672,0.0,0.0006038633141580078,0.0,0.00016912448413229815,0.0
1805,0.0023095777843175477,0.0,0.0006188589610371103,0.0,0.00018390213216272987,0.0
1806,0.002265345805443817,0.0,0.00042673063422777886,0.0,-5.220174723505745e-06,0.0
1807,0.002304806584369906,0.0,0.0010592135351920216,0.0,0.00047721369478478915,0.0
1808,0.0023500727572714625,0.0,0.0012249740456482842,0.0,0.000708366763916717,0.0
1809,0.002388074919500923,0.0,0.00134917005048821,0.0,0.0009179895011607988,0.0
1810,0.0024151359424171882,0.0,0.0013787743917707328,0.0,0.0009629787917160343,0.0
1811,0.0024396446642720236,0.0,0.001402680586556204,0.0,0.0009895368739731782,0.0
1812,0.0024689472622016406,0.0,0.0014490716146278568,0.0,0.001046599968547789,0.0
1813,0.002503959233565829,0.0,0.0015089319812896173,0.0,0.0011344114335914133,0.0
1814,0.002535401215248631,0.0,0.001523184530276858,0.0,0.0011655913425954382,0.0
1815,0.002568826553014364,0.0,0.0015831365607802776,0.0,0.001234018752826591,0.0
1816,0.002599593771445477,0.0,0.00163525221585386,0.0,0.0012863934737849928,0.0
1817,0.002630919225595065,0.0,0.0016919027901922538,0.0,0.0013478373003172348,0.0
1818,0.0026377355670425848,0.0,0.001747310611235795,0.0,0.0013923710271029508,0.0
1819,0.002474363662818141,0.0,0.0009449199958958356,0.0,0.0005035085412644878,0.0
1820,0.002430536482961144,0.0,0.0009494689987945143,0.0,0.0005009542186298985,0.0
1821,0.002401719544270168,0.0,0.0008184810730714883,0.0,0.00034224866546946975,0.0
1822,0.0023856052895649955,0.0,0.0008310192294440763,0.0,0.00033960886136536047,0.0
1823,0.0023736190602508104,0.0,0.0007712572676997114,0.0,0.0003357791304419574,0.0
1824,0.0023637360499880536,0.0,0.0007340531303474415,0.0,0.0002985177969005552,0.0
1825,0.002354766690334244,0.0,0.0006737587129958306,0.0,0.00023776266440978118,0.0
1826,0.002347249572753632,0.0,0.0006794231065386915,0.0,0.00024374675686374917,0.0
1827,0.002340469955410184,0.0,0.0006605577599030109,0.0,0.00022494554034399746,0.0
1828,0.0023340148765285795,0.0,0.0006425246616480042,0.0,0.0002069040047267196,0.0
1829,0.002328391816828484,0.0,0.0006576577627435904,0.0,0.00022240044954073795,0.0
1830,0.0023216280791485445,0.0,0.0006525984121108878,0.0,0.0002158873491353206,0.0
1831,0.002299448647047582,0.0,0.0008325951883640648,0.0,0.00020987873384923695,0.0
1832,0.002255362706185813,0.0,0.0005216640909101171,0.0,1.609110808168052e-06,0.0
1833,0.0022930036154028225,0.0,0.0009448687027023366,0.0,0.0004330500124873715,0.0
1834,0.0023177578140067484,0.0,0.001099790185590885,0.0,0.0006351593698137143,0.0
1835,0.0023445176870691025,0.0,0.0012103716906318321,0.0,0.0007652234266458747,0.0
1836,0.0023640172162516706,0.0,0.0012721323030064772,0.0,0.0008329409221498208,0.0
1837,0.0023807763736744345,0.0,0.0013237031065963893,0.0,0.0008886527765886206,0.0
1838,0.002394593119347687,0.0,0.0013575034259910178,0.0,0.0009232358995657343,0.0
1839,0.002406614912500817,0.0,0.001384921837845044,0.0,0.0009505145831238053,0.0
1840,0.0023568637169175937,0.0,0.0008989749683289616,0.0,0.00045936176247842104,0.0
1841,0.002351435353055658,0.0,0.0010087370431105514,0.0,0.0005665395409225054,0.0
1842,0.002338041304785347,0.0,0.0008940538176426581,0.0,0.00043296784075934824,0.0
1843,0.00233232262143193,0.0,0.0009054629188317014,0.0,0.00047007452668934016,0.0
1844,0.0023271570924915273,0.0,0.000874023962400961,0.0,0.00043864854151511035,0.0
1845,0.002319795781752651,0.0,0.000745855048438653,0.0,0.00030981051668224624,0.0
1846,0.0023162512060312715,0.0,0.0007385327109442992,0.0,0.0003012290607959224,0.0
1847,0.0023117057713560383,0.0,0.0006827570550124386,0.0,0.0002476272025192527,0.0
1848,0.0023092073734964575,0.0,0.0006526501803911957,0.0,0.00021744997753413262,0.0
1849,0.0023060664507636285,0.0,0.0006022184020606904,0.0,0.00016752404650173633,0.0
1850,0.0023027728078555782,0.0,0.0005994069569108381,0.0,0.0001650983119581915,0.0
1851,0.0022990555712686803,0.0,0.0005841980326374604,0.0,0.00014912799410244835,0.0
1852,0.002294387079674258,0.0,0.0005766652257514647,0.0,0.00012976724323248898,0.0
1853,0.0022868772486653497,0.0,0.0005886091370252268,0.0,0.0001105589137892349,0.0
1854,0.0022773564874909724,0.0,0.0005853065733179615,0.0,9.859203010747022e-05,0.0
1855,0.0022743787052230202,0.0,0.0007422302407378632,0.0,0.00022784936824262348,0.0
1856,0.0022733966794814577,0.0,0.0007915038142128771,0.0,0.00027432061703058916,0.0
1857,0.0022680656560710786,0.0,0.0007771246471382353,0.0,0.0002522044157474044,0.0
1858,0.0022707363115500876,0.0,0.0007786881291361367,0.0,0.0002960248119847147,0.0
1859,0.0022731984669652357,0.0,0.0007769246459179459,0.0,0.0003117164025206829,0.0
1860,0.002277314199620904,0.0,0.0007960176059146513,0.0,0.000343272598805949,0.0
1861,0.0022808941385134072,0.0,0.0008145776609875827,0.0,0.0003653678621436567,0.0
1862,0.0022834779645876666,0.0,0.0008265795955983415,0.0,0.0003772846695031171,0.0
1863,0.002286155325045413,0.0,0.0008394009814335491,0.0,0.0003919474978163755,0.0
1864,0.00228715367311284,0.0,0.0008437781833191625,0.0,0.00039266233286630614,0.0
1865,0.002287476161246571,0.0,0.0008438440624913429,0.0,0.000388486519845277,0.0
1866,0.0022782158288466095,0.0,0.0007072636191261003,0.0,0.00022458979246704975,0.0
1867,0.002273963001166563,0.0,0.0006860783323748084,0.0,0.00018022997996907037,0.0
1868,0.002266490675111394,0.0,0.0006585733125092604,0.0,0.00012517071746324417,0.0
1869,0.002256940502325289,0.0,0.0005854441339481027,0.0,6.310382806680036e-05,0.0
1870,0.002249682494804549,0.0,0.0005830567960955105,0.0,4.011687917766782e-05,0.0
1871,0.0022428639496052108,0.0,0.0005584822653564209,0.0,2.3691888666061475e-05,0.0
1872,0.002235608935812689,0.0,0.0005509237657365322,0.0,7.850611828575001e-07,0.0
1873,0.0022329001140606996,0.0,0.0005389342043343426,0.0,-2.8442865727038285e-06,0.0
1874,0.0022276128400754887,0.0,0.000535900046810264,0.0,-1.469468005276984e-05,0.0
1875,0.0022248516105944213,0.0,0.0005252956422927732,0.0,-1.714801825307378e-05,0.0
1876,0.00221961884266966,0.0,0.0005235274301060025,0.0,-2.8410741478596168e-05,0.0
1877,0.0022209134194322386,0.0,0.0005405340371763455,0.0,-1.2638044635772654e-05,0.0
1878,0.002026265348752233,0.0,0.00013277176073443135,0.0,-0.00032804901247465636,0.0
1879,0.002033395356006234,0.0,0.00039927822485060144,0.0,-0.0002478727967416551,0.0
1880,0.002108928904799026,0.0,0.0005782090207612136,0.0,-9.166411181409703e-05,0.0
1881,0.002159629127441082,0.0,0.0007049328606713386,0.0,0.0001138581108370302,0.0
1882,0.002194656318458928,0.0,0.0008082776607176508,0.0,0.00026703191591348333,0.0
1883,0.0022232365696395733,0.0,0.0008846104069121111,0.0,0.00038434626283532646,0.0
1884,0.0022508964558405654,0.0,0.0009742176011835451,0.0,0.0005035892137591844,0.0
1885,0.002278018346652473,0.0,0.0010798354942745127,0.0,0.000619366697966155,0.0
1886,0.00230296049783946,0.0,0.0011292377392008853,0.0,0.0007017667537654443,0.0
1887,0.0023264074746634283,0.0,0.0011990978872136735,0.0,0.0007724809283955166,0.0
1888,0.0023488259929707986,0.0,0.0012551088797776422,0.0,0.0008323093380568582,0.0
1889,0.002372190658412195,0.0,0.001316620614851591,0.0,0.0009052053794732021,0.0
1890,0.0023859019755046434,0.0,0.0013742712666901665,0.0,0.0009769569687314073,0.0
1891,0.002315205388816824,0.0,0.0007419324225955506,0.0,0.00022057956523639202,0.0
1892,0.002296116151605142,0.0,0.0007668635588107345,0.0,0.00022719990873268522,0.0
1893,0.0022795804387764906,0.0,0.000677506882759788,0.0,9.820961180576017e-05,0.0
1894,0.002270410459397929,0.0,0.0006786872434712797,0.0,7.396264323904255e-05,0.0
1895,0.002276461622937416,0.0,0.0005994072941224321,0.0,0.00016532546418738213,0.0
1896,0.0022757872769544607,0.0,0.0005815338531256773,0.0,0.000147544263580799,0.0
1897,0.0022736958680488672,0.0,0.0005611084442882158,0.0,0.00012712145625539924,0.0
1898,0.0022705842118989593,0.0,0.00055969293460536,0.0,0.00011651223026914461,0.0
1899,0.002267430749281616,0.0,0.0005533527698636856,0.0,9.942919789980055e-05,0.0
1900,0.002264926108228994,0.0,0.000547047210402821,0.0,9.120340733562496e-05,0.0
1901,0.0022627985948456336,0.0,0.0005689092775837794,0.0,9.640308842699761e-05,0.0
1902,0.002159745755828576,0.0,0.00026824914890704026,0.0,-0.0001722444132260237,0.0
1903,0.002188635684700157,0.0,0.0007049977782639684,0.0,2.22675266222718e-05,0.0
1904,0.0022369103908358996,0.0,0.000936746324813694,0.0,0.0003599167329824348,0.0
1905,0.002279631050559406,0.0,0.0010801702756850378,0.0,0.0005994239121213378,0.0
1906,0.002310431316424752,0.0,0.0011639999177631593,0.0,0.0007122298000047992,0.0
1907,0.0023382526001025014,0.0,0.0012256924949621659,0.0,0.0007906586467362842,0.0
1908,0.0023698016195262735,0.0,0.0012995364536389923,0.0,0.0008725944203593244,0.0
1909,0.0024166619937053355,0.0,0.0013686001825333085,0.0,0.0010087088392849504,0.0
1910,0.0024574567578797306,0.0,0.0013924944052712642,0.0,0.0010605339259965746,0.0
1911,0.0024939673740621135,0.0,0.0014651611078901978,0.0,0.001134599937084204,0.0
1912,0.002528157605556903,0.0,0.001527352598658822,0.0,0.0011961683372100611,0.0
1913,0.00255972242324948,0.0,0.0015881829307758928,0.0,0.0012606158486831867,0.0
1914,0.0025507354230646113,0.0,0.0016562291037813396,0.0,0.0012795530978607118,0.0
1915,0.002420742648854883,0.0,0.0008910508147495708,0.0,0.00044559027795614426,0.0
1916,0.0023862360681641184,0.0,0.0009128700132960681,0.0,0.00045641772565409213,0.0
1917,0.0023613461031532276,0.0,0.000763642303788027,0.0,0.0002669039949785826,0.0
1918,0.0023486730440822373,0.0,0.000779870249282809,0.0,0.00026721235851177947,0.0
1919,0.0023407285704695126,0.0,0.0007150455747947798,0.0,0.0002793843521923026,0.0
1920,0.002333539166804204,0.0,0.000677711775336863,0.0,0.00024202978637107193,0.0
1921,0.002326650599970357,0.0,0.0006188261301985117,0.0,0.0001827829720127815,0.0
1922,0.0023206357016928797,0.0,0.0006227223157060464,0.0,0.0001871616105705682,0.0
1923,0.0023145705110115995,0.0,0.000609182747882102,0.0,0.00017390443458468866,0.0
1924,0.002308514042600937,0.0,0.0005993583352868286,0.0,0.00016465487448623557,0.0
1925,0.00230371252690967,0.0,0.0006143306879070752,0.0,0.00017956854576950463,0.0
1926,0.0022405635783021346,0.0,0.000369733886107854,0.0,-6.227737404683692e-05,0.0
1927,0.0022732821300808573,0.0,0.0009516397558187218,0.0,0.00034028007879056987,0.0
1928,0.0023227342268075197,0.0,0.001159438818515678,0.0,0.0006339299372406584,0.0
1929,0.002365646537300879,0.0,0.0013077918359495244,0.0,0.000874643809987581,0.0
1930,0.0024026354300569993,0.0,0.0013449419967160728,0.0,0.0009565545667729572,0.0
1931,0.0024348569344878365,0.0,0.0013756373412398609,0.0,0.0009981328118504813,0.0
1932,0.0024728228883962775,0.0,0.0014173654326808925,0.0,0.0010669248284936848,0.0
1933,0.002512252933247194,0.0,0.0014918850157432306,0.0,0.0011576473827882541,0.0
1934,0.0025492782447092063,0.0,0.0015160915405412236,0.0,0.0011965142602928386,0.0
1935,0.002583346445091038,0.0,0.0015829122943698123,0.0,0.0012620659253887471,0.0
1936,0.0026188699692842685,0.0,0.0016394414707291206,0.0,0.0013211655274003274,0.0
1937,0.002652745996804956,0.0,0.0016913260082022112,0.0,0.0013828655090761047,0.0
1938,0.002670203462721286,0.0,0.001757200088288863,0.0,0.0014424379368809083,0.0
1939,0.0024989448133401586,0.0,0.0010648040791033826,0.0,0.0007824901552664243,0.0
1940,0.0024435907080901597,0.0,0.00099181729628901,0.0,0.0005539427308508592,0.0
1941,0.002411315531996125,0.0,0.0008572829628822915,0.0,0.00038357988530518376,0.0
1942,0.0023929176983555605,0.0,0.0008588149029012779,0.0,0.000370899527845902,0.0
1943,0.00237930312462661,0.0,0.0007965037703080479,0.0,0.00036099576258845746,0.0
1944,0.0023683484018582578,0.0,0.000757760275901748,0.0,0.00032225002791484714,0.0
1945,0.002358211165699928,0.0,0.0006919622319453192,0.0,0.00025608255959532486,0.0
1946,0.0023498141903001203,0.0,0.0006972168373725123,0.0,0.000261712770806138,0.0
1947,0.002341963770132678,0.0,0.0006708306469818547,0.0,0.0002354235075060808,0.0
1948,0.0023344076132653267,0.0,0.0006472419544931072,0.0,0.0002118788681393733,0.0
1949,0.002328297784528293,0.0,0.0006690576157506337,0.0,0.00023408819256914588,0.0
1950,0.0022887077926991586,0.0,0.0004625900088635472,0.0,3.0413993760343623e-05,0.0
1951,0.0023254144085943025,0.0,0.0010925795311460384,0.0,0.0005164271563608924,0.0
1952,0.0023680214747399267,0.0,0.001249814143714786,0.0,0.0007357271969287977,0.0
1953,0.002404848674301386,0.0,0.0013748774754160666,0.0,0.0009487491318968878,0.0
1954,0.002434028011303673,0.0,0.0014059011336004976,0.0,0.0009971117508481553,0.0
1955,0.002458786504098005,0.0,0.0014308688248898895,0.0,0.0010230056737601826,0.0
1956,0.0024825417343058223,0.0,0.0014612570692646555,0.0,0.0010602815626703421,0.0
1957,0.0025091139493598896,0.0,0.0015270173274110578,0.0,0.0011329276368447624,0.0
1958,0.002534608857285846,0.0,0.001543687179449474,0.0,0.0011575188692399853,0.0
1959,0.00255651156264083,0.0,0.0015954015398459778,0.0,0.0012052076111386122,0.0
1960,0.0025735856536625804,0.0,0.0016283726126690922,0.0,0.0012341321328759327,0.0
1961,0.0025925718980651376,0.0,0.0016691254648266375,0.0,0.0012803991008871543,0.0
1962,0.0026011778064357303,0.0,0.0017173066433961639,0.0,0.0013365718674105413,0.0
1963,0.002461271167509877,0.0,0.0009303289953937926,0.0,0.0004889370847751388,0.0
1964,0.0024225030699105417,0.0,0.0009341597310388887,0.0,0.00047021730914012494,0.0
1965,0.0023958124825788365,0.0,0.0008141607349272367,0.0,0.00031001979042997183,0.0
1966,0.0023825614443484956,0.0,0.0008311545046786185,0.0,0.000336327490117753,0.0
1967,0.0023723343899455587,0.0,0.0007720659220914641,0.0,0.0003365077390861614,0.0
1968,0.002363424295729868,0.0,0.000730301410269239,0.0,0.00029445539651596015,0.0
1969,0.0023551515975660285,0.0,0.000662262897532153,0.0,0.00022609051240307762,0.0
1970,0.0023483599128176374,0.0,0.0006677608254327706,0.0,0.00023169849016051723,0.0
1971,0.002341874807877571,0.0,0.0006441107111716008,0.0,0.00020816568219951233,0.0
1972,0.0023355077657801785,0.0,0.000623470065230704,0.0,0.0001875790207432359,0.0
1973,0.0023304879615400785,0.0,0.0006496888090584318,0.0,0.0002142011057933745,0.0
1974,0.0022969923935142415,0.0,0.0004749648581489544,0.0,4.25377300485863e-05,0.0
1975,0.00233933529834512,0.0,0.0011475815323480827,0.0,0.0005888494908214883,0.0
1976,0.002382082636847075,0.0,0.001295388959840665,0.0,0.0007937781069060463,0.0
1977,0.0024189112716358164,0.0,0.0013985426014305263,0.0,0.0009823626075144971,0.0
1978,0.0024456788774092865,0.0,0.0014236136470520502,0.0,0.0010161675413713524,0.0
1979,0.002466937764888234,0.0,0.0014386116752777734,0.0,0.0010285885595359234,0.0
1980,0.0024949803967651615,0.0,0.001467656917379408,0.0,0.0010798810434819383,0.0
1981,0.002535052672519228,0.0,0.0015354579790386935,0.0,0.0011771978442294195,0.0
1982,0.0025700604797583904,0.0,0.0015497342934601528,0.0,0.0012116629628017295,0.0
1983,0.0026046270805531683,0.0,0.0016106277101101579,0.0,0.0012778118695310507,0.0
1984,0.0026311916670149977,0.0,0.0016611470476924513,0.0,0.0013200151632008269,0.0
1985,0.0026507414576647315,0.0,0.0017113527284798944,0.0,0.0013601664876322882,0.0
1986,0.0026435604350585834,0.0,0.0017624183399977077,0.0,0.0013830391353106051,0.0
1987,0.0024887501530129696,0.0,0.000998861761568339,0.0,0.0005562576717409572,0.0
1988,0.0024442558570742746,0.0,0.0009690781144569298,0.0,0.0005137389547407733,0.0
1989,0.0024134141227509114,0.0,0.0008369869963250286,0.0,0.00034126374835771614,0.0
1990,0.0023950832950290135,0.0,0.0008411119831155391,0.0,0.0003212920869815764,0.0
1991,0.00238311967050216,0.0,0.0007755995178061197,0.0,0.0003407988358187239,0.0
1992,0.0023723961460830256,0.0,0.0007345079884984022,0.0,0.00029945167213468065,0.0
1993,0.0023624074340424395,0.0,0.0006750357913121662,0.0,0.00023988543722708137,0.0
1994,0.002353784761849511,0.0,0.0006757007747392686,0.0,0.00024073464768279958,0.0
1995,0.00234534371132236,0.0,0.0006585178977891763,0.0,0.00022405532636718645,0.0
1996,0.002337181596955,0.0,0.0006447907944473626,0.0,0.00021035214868867858,0.0
1997,0.002329445516311134,0.0,0.0006512269088011569,0.0,0.0002053699865382356,0.0
1998,0.002318872987032923,0.0,0.0006451386099404679,0.0,0.0001807994242943962,0.0
1999,0.0022790820836057464,0.0,0.0007655114688549377,0.0,0.0001032856837431277,0.0
2000,0.0022282044091017405,0.0,0.0005095257811644401,0.0,-3.15303857278289e-05,0.0
2001,0.0022658072255846793,0.0,0.0008149478178942023,0.0,0.0002461382238487207,0.0
2002,0.002292897776195727,0.0,0.0009821893600726321,0.0,0.00046559855427720986,0.0
2003,0.002319830509662802,0.0,0.0010938910622309396,0.0,0.0006156355246901663,0.0
2004,0.0023429421463696232,0.0,0.0011787395969949186,0.0,0.0007189464773937695,0.0
2005,0.0023594212795519072,0.0,0.0012208265357014855,0.0,0.0007634771511402334,0.0
2006,0.002381082233508547,0.0,0.001305291026595329,0.0,0.000868110549525888,0.0
2007,0.002399525420890206,0.0,0.0013585667089802175,0.0,0.0009263617323947741,0.0
2008,0.002350015295542655,0.0,0.0008860414162927179,0.0,0.0004272469656620393,0.0
2009,0.0023401274643572454,0.0,0.0009267331014392295,0.0,0.00045652019950527013,0.0
2010,0.00232892187140495,0.0,0.0008593085935830319,0.0,0.000369660839495652,0.0
2011,0.0023259693199347243,0.0,0.0008685820095364358,0.0,0.00043371870518856795,0.0
2012,0.002321848885752262,0.0,0.0008406851226047385,0.0,0.00040576677001721764,0.0
2013,0.0023148655110539706,0.0,0.0007140914335551441,0.0,0.0002786006297327678,0.0
2014,0.0023112522489255327,0.0,0.0007011561049867635,0.0,0.0002645932930071106,0.0
2015,0.0023063205627030505,0.0,0.0006434825609742455,0.0,0.00020858391533599475,0.0
2016,0.002302358224022245,0.0,0.0006218898391395589,0.0,0.00017638779153049226,0.0
2017,0.0022965949360175247,0.0,0.0005965839719846474,0.0,0.00013391465949688045,0.0
2018,0.0022898383762471634,0.0,0.0005981093528145485,0.0,0.00011706654960136928,0.0
2019,0.0022821560263649185,0.0,0.0005850241985387848,0.0,9.679126038340076e-05,0.0
2020,0.0022725097740395285,0.0,0.0005765069411088723,0.0,7.18215626224249e-05,0.0
2021,0.002263501699725191,0.0,0.0005761611926045807,0.0,6.05190075732712e-05,0.0
2022,0.002249424098101834,0.0,0.0005730145563451225,0.0,3.7002959566378784e-05,0.0
2023,0.002245998455481209,0.0,0.0006659464244336685,0.0,0.00011355066066776488,0.0
2024,0.0022481308527676647,0.0,0.0007128340908861839,0.0,0.00015846766776700253,0.0
2025,0.0022537623683710362,0.0,0.0007368327480026988,0.0,0.00022526928364650402,0.0
2026,0.002260164279308714,0.0,0.0007546252835411492,0.0,0.0002650198749783348,0.0
2027,0.0022675066150774663,0.0,0.0007750065933468341,0.0,0.00030966674908786,0.0
2028,0.002275547755381806,0.0,0.000820497178080697,0.0,0.0003574000995911445,0.0
2029,0.002282647163909522,0.0,0.0008527270726689125,0.0,0.0003948677264080606,0.0
2030,0.002289297414617298,0.0,0.0008864574427039868,0.0,0.0004314520335578435,0.0
2031,0.0022971702492983474,0.0,0.0009335245458083452,0.0,0.0004880366561077188,0.0
2032,0.0023034989218414757,0.0,0.0009674521496690358,0.0,0.0005228357241541469,0.0
2033,0.0023087038135881878,0.0,0.0009910560135264791,0.0,0.00054720515626343,0.0
2034,0.002304291213473232,0.0,0.0009109864392756451,0.0,0.00045876716641509406,0.0
2035,0.002302301242122529,0.0,0.000911754176971935,0.0,0.0004501575688092448,0.0
2036,0.0022970319537265094,0.0,0.0008277072627006748,0.0,0.00035075852143916036,0.0
2037,0.0022872290372695676,0.0,0.0006805599894496937,0.0,0.00016925478746306587,0.0
2038,0.00227812211151269,0.0,0.0006537541406628057,0.0,0.00011070925886569598,0.0
2039,0.0022653170164791967,0.0,0.000614569637905414,0.0,7.167560721052524e-05,0.0
2040,0.0022502417290535997,0.0,0.0005971560442722215,0.0,3.314558630140396e-05,0.0
2041,0.002237197159418825,0.0,0.0005798562830595215,0.0,1.117329993505071e-05,0.0
2042,0.0022225275170552243,0.0,0.0005652915828189092,0.0,-1.3798742773651375e-05,0.0
2043,0.0022110860067150497,0.0,0.0005479244403785579,0.0,-2.7338950680524444e-05,0.0
2044,0.0021956310236012047,0.0,0.0005358430132577522,0.0,-4.877361458755132e-05,0.0
2045,0.0021840903648212596,0.0,0.0005382909732846299,0.0,-5.410847091562266e-05,0.0
2046,0.001962731351154124,0.0,0.0001159626540719683,0.0,-0.0003744352613248528,0.0
2047,0.001964355403008342,0.0,0.00032913776786094027,0.0,-0.0003079522683055975,0.0
2048,0.002047763811142529,0.0,0.00048693747904860103,0.0,-0.00015311867986983832,0.0
2049,0.0021126464776152192,0.0,0.0006148522368515882,0.0,2.2548336750648256e-05,0.0
2050,0.0021635017359946792,0.0,0.0007628405037719168,0.0,0.0002258607032155865,0.0
2051,0.0022072447428593926,0.0,0.0008967085411391263,0.0,0.00040198553170090433,0.0
2052,0.0022465640284707843,0.0,0.0010186705231484507,0.0,0.000553816629406245,0.0
2053,0.0022870221589701757,0.0,0.0011675030403832014,0.0,0.0007426875776837863,0.0
2054,0.0023283487712925334,0.0,0.001193542069464365,0.0,0.0008244943802974641,0.0
2055,0.0023668889823869736,0.0,0.0012758944632877188,0.0,0.0009181326606115053,0.0
2056,0.002400957627440688,0.0,0.0013510849337187265,0.0,0.0009883600695720022,0.0
2057,0.002435443735970542,0.0,0.0014268873785242798,0.0,0.0010693693946950801,0.0
2058,0.0024514363260505472,0.0,0.0014979746389404097,0.0,0.001134921723196345,0.0
2059,0.0023538329444336174,0.0,0.0008479351916760563,0.0,0.00036762162072816813,0.0
2060,0.002326529731055421,0.0,0.0008017798501544964,0.0,0.0002973223961627823,0.0
2061,0.0023067185465220894,0.0,0.0007278286963910228,0.0,0.00017318206720058475,0.0
2062,0.002297805664834644,0.0,0.0007349326535903617,0.0,0.00016366703385375697,0.0
2063,0.0022997427075275604,0.0,0.0006743047101620838,0.0,0.0002398610424156802,0.0
2064,0.0022976547999728077,0.0,0.0006451324220678408,0.0,0.00021044290531967353,0.0
2065,0.0022945129347568694,0.0,0.000608931154663483,0.0,0.00017443047725542002,0.0
2066,0.0022919866521304436,0.0,0.0006131425870546197,0.0,0.0001780029097400483,0.0
2067,0.0022881411778625984,0.0,0.0006019663346527515,0.0,0.00015801055092333504,0.0
2068,0.0022835489600162885,0.0,0.0005931369889526548,0.0,0.00013656504572587356,0.0
2069,0.002280957077492293,0.0,0.0006083166048764168,0.0,0.00014437364515699092,0.0
2070,0.002182925707019081,0.0,0.000292247689669695,0.0,-0.00014854281101259854,0.0
2071,0.0022138581323882453,0.0,0.0007660875941179856,0.0,9.761497752759434e-05,0.0
2072,0.002265574287165211,0.0,0.0010112219839411222,0.0,0.00044997831758950176,0.0
2073,0.002311243951512847,0.0,0.0011771241637757938,0.0,0.0007225318645326299,0.0
2074,0.002344744845305508,0.0,0.0012687921875904435,0.0,0.0008395575619585102,0.0
2075,0.002374734639402358,0.0,0.0013100821786784496,0.0,0.0008873906624975577,0.0
2076,0.002404420272597782,0.0,0.0013505052679890466,0.0,0.000943048786441696,0.0
2077,0.002431951737948429,0.0,0.0014163239207192633,0.0,0.0010166920414441622,0.0
2078,0.0024535088737374193,0.0,0.0014242317064412605,0.0,0.0010287417084069,0.0
2079,0.00248093734164498,0.0,0.0014881319026606116,0.0,0.0010972596301011754,0.0
2080,0.002499234090212332,0.0,0.0015269121834485743,0.0,0.0011286369962579838,0.0
2081,0.0025191708992992317,0.0,0.001570573973619349,0.0,0.0011786764831896346,0.0
2082,0.002528627452877826,0.0,0.001614874422770787,0.0,0.0012358266593218066,0.0
2083,0.0024111957397750083,0.0,0.0008613276711050238,0.0,0.0004171973184086007,0.0
2084,0.002381353531362026,0.0,0.0009029849915190452,0.0,0.0004530416088670856,0.0
2085,0.0023591096028139523,0.0,0.0007702522803841581,0.0,0.00027566404892030694,0.0
2086,0.002348431403111707,0.0,0.0007891349048596132,0.0,0.0002813615043230015,0.0
2087,0.002341776656735844,0.0,0.000729243563302994,0.0,0.0002937183176085255,0.0
2088,0.0023358585674864343,0.0,0.0006932532494017701,0.0,0.00025724571341281897,0.0
2089,0.0023301661236347616,0.0,0.0006310846928092341,0.0,0.0001947120745696162,0.0
2090,0.0023253748575527387,0.0,0.0006399071733465666,0.0,0.00020374486598749315,0.0
2091,0.0023207091060128437,0.0,0.0006187046729032738,0.0,0.0001824891190605367,0.0
2092,0.002316065998558466,0.0,0.0005997358793180443,0.0,0.00016366437978115726,0.0
2093,0.0023124858917244785,0.0,0.0006311946532163647,0.0,0.000195396303065572,0.0
2094,0.0022579400606074704,0.0,0.00037824384029545215,0.0,-5.3506589160592206e-05,0.0
2095,0.0023030099922169926,0.0,0.0010620985238578462,0.0,0.0004872673413099241,0.0
2096,0.0023500610423025465,0.0,0.0012476374211644575,0.0,0.0007437408086991381,0.0
2097,0.002387566844522643,0.0,0.0013552699572652563,0.0,0.0009368747159926303,0.0
2098,0.002413886286969663,0.0,0.0013788616236110264,0.0,0.000969215460716331,0.0
2099,0.0024359360842053914,0.0,0.0013977803755914496,0.0,0.0009867360613197034,0.0
2100,0.0024598969078978806,0.0,0.0014326721747280795,0.0,0.001028528250157554,0.0
2101,0.002486594739433654,0.0,0.001498494636004427,0.0,0.0011025002080478615,0.0
2102,0.002508206556966879,0.0,0.0015101419544840528,0.0,0.0011166211395176842,0.0
2103,0.0025292189911677804,0.0,0.0015634885619223071,0.0,0.001165551679199526,0.0
2104,0.0025500101920382613,0.0,0.0016039498476326179,0.0,0.0012064307213507227,0.0
2105,0.002571206897164846,0.0,0.0016494459590337808,0.0,0.0012580062807947242,0.0
2106,0.002580261217196313,0.0,0.0016931460567738822,0.0,0.0013130569931453667,0.0
2107,0.002446730766803036,0.0,0.0009138455869684699,0.0,0.0004721352408410323,0.0
2108,0.0024122923144728496,0.0,0.0009523543554165333,0.0,0.0005123224156310779,0.0
2109,0.0023877100048483087,0.0,0.0008040200852726294,0.0,0.00033343318302731873,0.0
2110,0.0023748650727882055,0.0,0.000824309075300265,0.0,0.00033843440392718476,0.0
2111,0.0023641195017043235,0.0,0.0007471694500181005,0.0,0.00031147106665091744,0.0
2112,0.002355078483575021,0.0,0.0006989299458312612,0.0,0.0002629134517417326,0.0
2113,0.0023472969082341524,0.0,0.0006366963057221379,0.0,0.00020043859327428261,0.0
2114,0.0023409287987055244,0.0,0.0006430076885785385,0.0,0.00020683343805887478,0.0
2115,0.0023349360884822546,0.0,0.0006202989736451207,0.0,0.0001841467322581654,0.0
2116,0.00232905608977117,0.0,0.0006087774607533654,0.0,0.00017307515455214579,0.0
2117,0.0023245334114010236,0.0,0.0006285925308693225,0.0,0.00019285244930475906,0.0
2118,0.0022860473514664708,0.0,0.000443067634421412,0.0,1.0886540970461126e-05,0.0
2119,0.00232668833911657,0.0,0.001110594486759324,0.0,0.0005389496951215106,0.0
2120,0.0023693810313205593,0.0,0.0012640829827733997,0.0,0.0007511930929078191,0.0
2121,0.002403944874726783,0.0,0.0013722123646094022,0.0,0.0009368973558787999,0.0
2122,0.00242853835722019,0.0,0.0014019609030982332,0.0,0.000983777773588033,0.0
2123,0.0024512992030175018,0.0,0.0014156445143897356,0.0,0.0010034125707334752,0.0
2124,0.0024764951285654313,0.0,0.0014537801135679938,0.0,0.0010495172874034823,0.0
2125,0.002502887560241479,0.0,0.0015172006533008772,0.0,0.0011208701891106277,0.0
2126,0.002524709275952019,0.0,0.001530044375366032,0.0,0.0011359971715090692,0.0
2127,0.002544972408998923,0.0,0.0015803962208256583,0.0,0.001182276373563728,0.0
2128,0.0025595119845578168,0.0,0.0016013980293432875,0.0,0.0012034214259791154,0.0
2129,0.0025798717457892516,0.0,0.0016501591737449076,0.0,0.0012581352000429324,0.0
2130,0.002585929190130258,0.0,0.0016862471886869479,0.0,0.001305993661993925,0.0
2131,0.002453753098534692,0.0,0.0009063647429006436,0.0,0.0004639411611435248,0.0
2132,0.0024195500517700287,0.0,0.000950390234539369,0.0,0.0005091673119605887,0.0
2133,0.002394212969601243,0.0,0.0008030989144636126,0.0,0.0003223567810727078,0.0
2134,0.002380443228808162,0.0,0.0008180696826909251,0.0,0.0003196688829291605,0.0
2135,0.0023694840997002756,0.0,0.0007364850014900592,0.0,0.0003010222994975567,0.0
2136,0.0023601986751749116,0.0,0.0006892635126493358,0.0,0.0002534944631815265,0.0
2137,0.0023521214296554614,0.0,0.0006332224206885822,0.0,0.00019737276271088633,0.0
2138,0.0023454990481750317,0.0,0.0006323532009137761,0.0,0.00019643421416642212,0.0
2139,0.0023399472047043847,0.0,0.0006172947515232692,0.0,0.00018143533881897394,0.0
2140,0.0023349799324382937,0.0,0.0006062099031035766,0.0,0.00017015282938634608,0.0
2141,0.002330088054105052,0.0,0.0006129593314613537,0.0,0.00017709897802406852,0.0
2142,0.0022931683104109664,0.0,0.00046023225790311584,0.0,2.8001480801466828e-05,0.0
2143,0.0023311281808422544,0.0,0.0011075251688558302,0.0,0.0005324342586999584,0.0
2144,0.002375927443978596,0.0,0.0012760366641758497,0.0,0.0007675690648272528,0.0
2145,0.002415453205950789,0.0,0.001395678976730863,0.0,0.0009795005721593838,0.0
2146,0.0024414624690067455,0.0,0.0014168009070191561,0.0,0.0010083299788249598,0.0
2147,0.0024630964399873756,0.0,0.0014333961794366465,0.0,0.001023302588037399,0.0
2148,0.0024929862719141405,0.0,0.0014822019662916583,0.0,0.0010836892133833447,0.0
2149,0.00253458197888576,0.0,0.0015396461425065797,0.0,0.0011841250611583773,0.0
2150,0.0025713961333570607,0.0,0.0015537254478940534,0.0,0.0012206340264977042,0.0
2151,0.0026020847682440484,0.0,0.0016145264859889874,0.0,0.0012782245549660476,0.0
2152,0.002635868439261689,0.0,0.0016668212125896464,0.0,0.0013345246566633393,0.0
2153,0.0026686903193590926,0.0,0.0017215670277299824,0.0,0.0013948326821562511,0.0
2154,0.002671515421629537,0.0,0.0017762157065324086,0.0,0.0014310812392033115,0.0
2155,0.00250346574494361,0.0,0.0010388990107131502,0.0,0.0006401639411517238,0.0
2156,0.002453684058460613,0.0,0.0009746574858034577,0.0,0.0005235350971318498,0.0
2157,0.0024217628416816975,0.0,0.0008463442128048217,0.0,0.0003573194373815477,0.0
2158,0.002403342192999941,0.0,0.0008515033540705758,0.0,0.0003432645153024186,0.0
2159,0.0023906735416228332,0.0,0.0007890632581692815,0.0,0.00035394437727760317,0.0
2160,0.0023798515942981616,0.0,0.0007482968991491875,0.0,0.0003128779953464908,0.0
2161,0.002369892348172631,0.0,0.0006844169749574557,0.0,0.0002488096834939587,0.0
2162,0.002361667369655829,0.0,0.0006860309836742742,0.0,0.0002505231916112463,0.0
2163,0.0023540005347161726,0.0,0.0006606267138718471,0.0,0.00022525792345204593,0.0
2164,0.002346460729055257,0.0,0.0006472051455156773,0.0,0.00021212112596122714,0.0
2165,0.0023399772123785037,0.0,0.0006562210193837021,0.0,0.00022141529132498386,0.0
2166,0.0023317686202186886,0.0,0.0006524473890968173,0.0,0.0002164899058212785,0.0
2167,0.0022997652989437452,0.0,0.0008019487965919021,0.0,0.00015705186152287264,0.0
2168,0.002256342835457991,0.0,0.0005274975553748764,0.0,4.371257388213041e-06,0.0
2169,0.0022959575745466827,0.0,0.0009197006421955702,0.0,0.0004015785113246212,0.0
2170,0.0023239790824630315,0.0,0.0010968298385466947,0.0,0.0006210953391591709,0.0
2171,0.0023524192539344435,0.0,0.0012099149766665851,0.0,0.0007547623707042533,0.0
2172,0.0023751572045337694,0.0,0.0012864075255080794,0.0,0.0008415627309863768,0.0
2173,0.00239822234362201,0.0,0.0013431765725391836,0.0,0.0009321030957438515,0.0
2174,0.0024209484731739245,0.0,0.0013700144035738715,0.0,0.0009903659364460628,0.0
2175,0.0024340055979073473,0.0,0.0014221780770219672,0.0,0.0010166617104110972,0.0
2176,0.0023810800303648,0.0,0.000972754595297657,0.0,0.0005766476783056723,0.0
2177,0.0023752270046854293,0.0,0.0010975595957143339,0.0,0.0006633011203561411,0.0
2178,0.0023609366913879973,0.0,0.0009837229163016242,0.0,0.0005332064470463672,0.0
2179,0.002353986258629831,0.0,0.0010002973099003272,0.0,0.0005647639615950792,0.0
2180,0.002347700203020825,0.0,0.0009450637530317733,0.0,0.0005093106938812567,0.0
2181,0.0023392465905705496,0.0,0.0007961058883317403,0.0,0.00035960531346838085,0.0
2182,0.002335009314075905,0.0,0.0007854508094091656,0.0,0.00034770238176932197,0.0
2183,0.0023303638566762245,0.0,0.0007303858917927487,0.0,0.0002949369451919436,0.0
2184,0.0023278002704732485,0.0,0.0006999843992065167,0.0,0.0002644503952174428,0.0
2185,0.0023248097347001685,0.0,0.0006376740946465091,0.0,0.00020232308692838042,0.0
2186,0.0023219216309671256,0.0,0.0006419302244603123,0.0,0.00020690580052129775,0.0
2187,0.002318396179546226,0.0,0.000617414912442459,0.0,0.00018243283291677695,0.0
2188,0.0023123916483579433,0.0,0.0005968222132630044,0.0,0.0001576776251072411,0.0
2189,0.0023082769982768095,0.0,0.0006090880980778358,0.0,0.0001600077675499756,0.0
2190,0.0023043255873956745,0.0,0.00061194669343802,0.0,0.00016388445159815513,0.0
2191,0.002306485837494575,0.0,0.0008616855993877201,0.0,0.00040985947006716276,0.0
2192,0.0023092216418478416,0.0,0.0009185744349400741,0.0,0.00047149429323377714,0.0
2193,0.002310039420645835,0.0,0.0009088357919619485,0.0,0.00047077126909869974,0.0
2194,0.0023070443668426178,0.0,0.000864669884150001,0.0,0.00041431965279362104,0.0
2195,0.002307991545762039,0.0,0.0008617840229988871,0.0,0.00042290955952346615,0.0
2196,0.002314643816241921,0.0,0.0009233187180249203,0.0,0.0004903327978873547,0.0
2197,0.0023189549424569265,0.0,0.0009474892374584012,0.0,0.0005143669029066713,0.0
2198,0.002324142005248349,0.0,0.0009860463538959193,0.0,0.0005519282694143013,0.0
2199,0.002330668721250998,0.0,0.001037317374638816,0.0,0.0006041509500424428,0.0
2200,0.0023361830440367893,0.0,0.0010726402752331502,0.0,0.0006401028058481005,0.0
2201,0.0023404986441814086,0.0,0.001093881957665516,0.0,0.0006614481229984806,0.0
2202,0.0023344194212565335,0.0,0.0010049984872590196,0.0,0.0005719339348707231,0.0
2203,0.002331581451180208,0.0,0.0010273809109802709,0.0,0.0005936856570795362,0.0
2204,0.0023268622913173035,0.0,0.0009436558554734473,0.0,0.0005096643505289053,0.0
2205,0.002318665958374338,0.0,0.0007665047359520639,0.0,0.0003254823991103743,0.0
2206,0.002313671051132794,0.0,0.0007338345538196907,0.0,0.0002728820900416882,0.0
2207,0.0023074255360778385,0.0,0.0006545050955682357,0.0,0.00018532337122612844,0.0
2208,0.0023008628209467037,0.0,0.0006265307139115208,0.0,0.00013751195404994375,0.0
2209,0.0022948751974252316,0.0,0.0006081405907220933,0.0,0.00011654282493642318,0.0
2210,0.0022861055699034388,0.0,0.0006008658321715091,0.0,8.984006086688705e-05,0.0
2211,0.0022770788817552063,0.0,0.0005888956766365199,0.0,7.141476755664856e-05,0.0
2212,0.0022643235732924634,0.0,0.0005850163671289701,0.0,4.210953293720622e-05,0.0
2213,0.002257787108422073,0.0,0.0005944032722128452,0.0,4.906628558312871e-05,0.0
2214,0.0020630844639699182,0.0,0.0001825777573816051,0.0,-0.00028501260526859595,0.0
2215,0.0020756084360934253,0.0,0.0004411546593962106,0.0,-0.00019176657900791053,0.0
2216,0.002152205489357432,0.0,0.0006445523438321262,0.0,1.8752312267228052e-06,0.0
2217,0.002201795004889191,0.0,0.0007883006039621429,0.0,0.0002455122224982356,0.0
2218,0.0022396409439821765,0.0,0.000917688217301407,0.0,0.00042821132815964004,0.0
2219,0.0022707072452510238,0.0,0.0010103510527779203,0.0,0.0005484053179027387,0.0
2220,0.0023015546879983835,0.0,0.0011086878712523538,0.0,0.0006713495850683611,0.0
2221,0.002338294450746268,0.0,0.00122132213480346,0.0,0.0008236017812579906,0.0
2222,0.0023754730017780806,0.0,0.001245295308798373,0.0,0.0008904026943466407,0.0
2223,0.0024122010976929406,0.0,0.0013296321259878025,0.0,0.0009820753555222963,0.0
2224,0.0024469513008277917,0.0,0.0014055605237879376,0.0,0.001056249355588063,0.0
2225,0.002484405677668956,0.0,0.0014791350408646226,0.0,0.001142700616157674,0.0
2226,0.0025029265873102325,0.0,0.001547121092401471,0.0,0.0012123349484596683,0.0
2227,0.002398425056256861,0.0,0.0009492145315668685,0.0,0.0006119419268590745,0.0
2228,0.002365561871060199,0.0,0.00089408503357394,0.0,0.0004231972876069165,0.0
2229,0.0023433136337468077,0.0,0.0007642820261504941,0.0,0.00024410219092433532,0.0
2230,0.002332688897774908,0.0,0.0007875342081597124,0.0,0.00024208380752019669,0.0
2231,0.0023298930710437143,0.0,0.0007326817914620287,0.0,0.0002977249492519625,0.0
2232,0.002326205115250327,0.0,0.0007028610405129373,0.0,0.00026775202064259485,0.0
2233,0.0023222210325990257,0.0,0.0006467177189834093,0.0,0.00021107376602283803,0.0
2234,0.0023193799762878343,0.0,0.0006605555286495319,0.0,0.00022503463810581215,0.0
2235,0.0023166916417146494,0.0,0.0006438827191360048,0.0,0.00020823621678540353,0.0
2236,0.0023142570124313417,0.0,0.0006288962633627636,0.0,0.00019300385780995758,0.0
2237,0.0023120948029822933,0.0,0.0006315322023428263,0.0,0.0001957153022536537,0.0
2238,0.0022343368469713246,0.0,0.0003220250996224033,0.0,-0.00010934913223863596,0.0
2239,0.002279057302450845,0.0,0.0009424615252830893,0.0,0.0003298268240655906,0.0
2240,0.002328030456408916,0.0,0.0011939895029669722,0.0,0.0006845920845705911,0.0
2241,0.0023711819208024204,0.0,0.0013266969915855728,0.0,0.0009182563040515382,0.0
2242,0.0024076871297314993,0.0,0.0013720180499945992,0.0,0.0009863697695175633,0.0
2243,0.0024408983502343714,0.0,0.0014041396276246864,0.0,0.0010294839412961958,0.0
2244,0.002480569925682807,0.0,0.001448165802266679,0.0,0.0011015641764196512,0.0
2245,0.002520263403799512,0.0,0.0015275351193994792,0.0,0.0011929124890312712,0.0
2246,0.002554199128154239,0.0,0.0015519728979828662,0.0,0.0012230434379807168,0.0
2247,0.0025913542207296626,0.0,0.001612317653592294,0.0,0.0012862010581091562,0.0
2248,0.002633691692539087,0.0,0.0016638924630722003,0.0,0.0013481146021162645,0.0
2249,0.0026682918821490037,0.0,0.001713902670520469,0.0,0.0014047311913386027,0.0
2250,0.0026836133404158956,0.0,0.0017770306173989518,0.0,0.0014589976216703216,0.0
2251,0.002511857265942488,0.0,0.001112015681105999,0.0,0.0008003275727430632,0.0
2252,0.0024619277289784328,0.0,0.0011361877873901612,0.0,0.000698323673879479,0.0
2253,0.0024296785446392363,0.0,0.0009456400211170521,0.0,0.0005025295444169987,0.0
2254,0.0024130669527596673,0.0,0.0009594660469415897,0.0,0.0005207019274352353,0.0
2255,0.002399272487637502,0.0,0.0008749864144089396,0.0,0.0004373867058300785,0.0
2256,0.0023891854229680506,0.0,0.000824292547192256,0.0,0.0003858547222783382,0.0
2257,0.002380171034456831,0.0,0.0007270799042580992,0.0,0.000287382656389357,0.0
2258,0.002372818225927776,0.0,0.000756438212872524,0.0,0.0003180503128143025,0.0
2259,0.0023655162915098846,0.0,0.0007311370185991808,0.0,0.0002930910703763097,0.0
2260,0.002358332911487688,0.0,0.000708720794011622,0.0,0.0002714276698477583,0.0
2261,0.0023523917236535734,0.0,0.0007394014007727344,0.0,0.00030270177711299836,0.0
2262,0.0023202978855894835,0.0,0.00047641038105888163,0.0,4.360945415575999e-05,0.0
2263,0.0023636453033193056,0.0,0.001230536444724533,0.0,0.0007052742600980098,0.0
2264,0.0024073902777182413,0.0,0.001375652535850283,0.0,0.0008984377278163467,0.0
2265,0.002444666886384268,0.0,0.0014359503274200072,0.0,0.001039063608921232,0.0
2266,0.0024696784192320144,0.0,0.0014664108013763566,0.0,0.0010683207138409258,0.0
2267,0.0024904165887850594,0.0,0.0014822732365042213,0.0,0.0010796259097199555,0.0
2268,0.002514008760877252,0.0,0.0015128121296754777,0.0,0.0011156714506405626,0.0
2269,0.0025412445882689507,0.0,0.0015792335081444297,0.0,0.0011873668392558536,0.0
2270,0.0025686348540868522,0.0,0.001590710882254289,0.0,0.0012115300789289295,0.0
2271,0.0025890701469202942,0.0,0.0016380021593250607,0.0,0.001251402093181074,0.0
2272,0.002612135694082785,0.0,0.0016785580902332253,0.0,0.0012925474342351702,0.0
2273,0.0026309761828058296,0.0,0.0017154076338927752,0.0,0.0013323282856323752,0.0
2274,0.0026313415909256692,0.0,0.001743284354392701,0.0,0.001364297670343235,0.0
2275,0.0024834427568966345,0.0,0.0009485150766146016,0.0,0.0005035401033240061,0.0
2276,0.0024432122163367295,0.0,0.0009755087273238046,0.0,0.000515550915951106,0.0
2277,0.0024139674016724283,0.0,0.0008467636082547404,0.0,0.0003377273007452526,0.0
2278,0.002397361270521841,0.0,0.0008539706292029353,0.0,0.0003279822797123673,0.0
2279,0.0023866798807724524,0.0,0.0007913908446341583,0.0,0.0003564134617928443,0.0
2280,0.002376886820280135,0.0,0.000750807689407561,0.0,0.00031547915326145563,0.0
2281,0.0023677746830475885,0.0,0.000687278616851272,0.0,0.00025173067979646904,0.0
2282,0.0023601770797025776,0.0,0.0006886959239241844,0.0,0.0002531806485209112,0.0
2283,0.002353013057789433,0.0,0.0006618882223421736,0.0,0.0002264980573489935,0.0
2284,0.0023461616082356713,0.0,0.0006478699618430769,0.0,0.0002126394731672564,0.0
2285,0.0023407752336608596,0.0,0.0006657667668513096,0.0,0.0002306407212549766,0.0
2286,0.0023016739149658363,0.0,0.00047241232135057524,0.0,4.029746171150671e-05,0.0
2287,0.002338379875866682,0.0,0.001101607422602293,0.0,0.0005208972773309698,0.0
2288,0.00238290006188823,0.0,0.001265479729303945,0.0,0.000748876293714793,0.0
2289,0.00241864874861021,0.0,0.0013777159240071842,0.0,0.0009409047798386565,0.0
2290,0.002443664645502785,0.0,0.001413277494367467,0.0,0.0009943926206188855,0.0
2291,0.002464005085081841,0.0,0.0014193521448421838,0.0,0.0010051820770569755,0.0
2292,0.002486325705405923,0.0,0.0014441902851048164,0.0,0.0010401951165512208,0.0
2293,0.0025102552981433163,0.0,0.0015023487088407718,0.0,0.0011061782503372795,0.0
2294,0.002528889306345962,0.0,0.0015094081718709732,0.0,0.001115489403052433,0.0
2295,0.002546210079990105,0.0,0.0015534863413355986,0.0,0.0011552299808160952,0.0
2296,0.0025630936007612296,0.0,0.0015864971294690673,0.0,0.0011884431929534154,0.0
2297,0.0025814848542448036,0.0,0.001628767073983727,0.0,0.0012367188042558073,0.0
2298,0.0025883152071335277,0.0,0.0016675064532572093,0.0,0.001286839831940632,0.0
2299,0.0024584633197808252,0.0,0.0008973649074202898,0.0,0.00044374721070246695,0.0
2300,0.0024232763455801004,0.0,0.0009281487686350462,0.0,0.0004551677487017482,0.0
2301,0.0023963047476648286,0.0,0.0008037090334985146,0.0,0.0002781300607819562,0.0
2302,0.002381491816259294,0.0,0.0008090109705383151,0.0,0.00026903056016072636,0.0
2303,0.0023732995650387356,0.0,0.0007354046101122028,0.0,0.0003004355687786491,0.0
2304,0.0023649938144014683,0.0,0.0006985742581758392,0.0,0.00026356348817992386,0.0
2305,0.002356997719528353,0.0,0.0006562439969233695,0.0,0.00022119411491741117,0.0
2306,0.002349741585129109,0.0,0.0006552447570805668,0.0,0.00022053565553006708,0.0
2307,0.0023424438202535296,0.0,0.0006426117106229578,0.0,0.00020826402756138102,0.0
2308,0.0023349035773231677,0.0,0.0006280071823002997,0.0,0.0001940202107946654,0.0
2309,0.002329199136728071,0.0,0.000643126449923568,0.0,0.0002060430078843639,0.0
2310,0.0022798098428604063,0.0,0.00045258338007580275,0.0,1.3634966153011e-05,0.0
2311,0.002311096879104162,0.0,0.001017451879803877,0.0,0.00041128685888137603,0.0
2312,0.00236331164670357,0.0,0.0012179192321167345,0.0,0.0006942330623470163,0.0
2313,0.002405996697662862,0.0,0.001359792624730148,0.0,0.0009264192963847838,0.0
2314,0.0024346860433626435,0.0,0.0014004269149149155,0.0,0.0009824531442845135,0.0
2315,0.0024612040114074672,0.0,0.0014347521503859425,0.0,0.0010171610984504886,0.0
2316,0.0024954898438889423,0.0,0.00147833676748106,0.0,0.001085492663229942,0.0
2317,0.002537409053566265,0.0,0.001539936622510964,0.0,0.0011859382965686352,0.0
2318,0.0025744262769183766,0.0,0.0015614464022307756,0.0,0.0012261572817847477,0.0
2319,0.00260983626181326,0.0,0.0016299450794935177,0.0,0.0012953544239439805,0.0
2320,0.002649032137633369,0.0,0.0016901344098250867,0.0,0.0013610854945935447,0.0
2321,0.0026846021576552564,0.0,0.0017420314846249795,0.0,0.0014242808515394683,0.0
2322,0.002704166778728596,0.0,0.0018119583278646079,0.0,0.001487218019355632,0.0
2323,0.002529383386543323,0.0,0.0011073017473380508,0.0,0.000829026163933813,0.0
2324,0.0024760120593854264,0.0,0.0010887444979007911,0.0,0.0006622363853093804,0.0
2325,0.0024429677789440576,0.0,0.0008968461076375551,0.0,0.00044899535958082474,0.0
2326,0.0024251701714657348,0.0,0.0009061520508836898,0.0,0.0004500551832134943,0.0
2327,0.0024108523579688093,0.0,0.0008374524479822945,0.0,0.000400973130124596,0.0
2328,0.0024001034906855198,0.0,0.0008003683360009236,0.0,0.0003634457450322594,0.0
2329,0.0023904527094975344,0.0,0.0007245173897227418,0.0,0.0002870179052184307,0.0
2330,0.0023827756297630197,0.0,0.0007457776949469188,0.0,0.0003088755210303353,0.0
2331,0.002375447805304613,0.0,0.0007223778902853766,0.0,0.0002854858449543743,0.0
2332,0.00236852352520905,0.0,0.00070188834086815,0.0,0.000265277910061571,0.0
2333,0.0023628987178900625,0.0,0.0007244580786149352,0.0,0.000288063257193885,0.0
2334,0.0023563023119862496,0.0,0.0007230946001683392,0.0,0.0002852867067702951,0.0
2335,0.00234735053346629,0.0,0.0009366494140716013,0.0,0.0003665394222248015,0.0
2336,0.002317896931827426,0.0,0.0005849246139372883,0.0,0.00010010881692909079,0.0
2337,0.0023518961965818745,0.0,0.0011627212234071851,0.0,0.0007107397665551071,0.0
2338,0.002375612306165527,0.0,0.0012859886455625885,0.0,0.0008484654661049253,0.0
2339,0.0024016637807038436,0.0,0.0013664833203380058,0.0,0.0009320298557467068,0.0
2340,0.002423868876741925,0.0,0.0014325963362889558,0.0,0.0010025680688767486,0.0
2341,0.0024425188642270028,0.0,0.001471734064726479,0.0,0.0010528772233565486,0.0
2342,0.002457145380704945,0.0,0.0014999423519219308,0.0,0.0010824780047738217,0.0
2343,0.0024673280187230604,0.0,0.001533330784273119,0.0,0.0011009628030342479,0.0
2344,0.0024078894544406816,0.0,0.001030614657670229,0.0,0.000593358230504603,0.0
2345,0.0024004341501738463,0.0,0.0011437672582352448,0.0,0.0007075783489285037,0.0
2346,0.0023853578660984693,0.0,0.0010272227318872005,0.0,0.0005923476254765126,0.0
2347,0.0023758494755290096,0.0,0.0010276068828948383,0.0,0.0005912310790845345,0.0
2348,0.0023696215703377164,0.0,0.0009987558287652008,0.0,0.0005621884345369677,0.0
2349,0.0023614825890439528,0.0,0.0008495642488941422,0.0,0.00041174108384742225,0.0
2350,0.002357185689888396,0.0,0.0008398951535806406,0.0,0.0004005186677341246,0.0
2351,0.0023525834195926546,0.0,0.0007787889020075382,0.0,0.0003419760648270163,0.0
2352,0.002350306326484485,0.0,0.0007519961841994662,0.0,0.0003148252249979718,0.0
2353,0.0023470533046856343,0.0,0.000665597436706166,0.0,0.00022840065190383551,0.0
2354,0.0023446235985015,0.0,0.0006900758052025985,0.0,0.0002534541942566049,0.0
2355,0.002342103144639723,0.0,0.0006741842074267734,0.0,0.00023725956617091904,0.0
2356,0.0023386821925103,0.0,0.000643670325823078,0.0,0.0002070883731759062,0.0
2357,0.00233639495155213,0.0,0.0006784423642556168,0.0,0.00024210332702351116,0.0
2358,0.002333089198266949,0.0,0.0006881221186919688,0.0,0.00025019709120358,0.0
2359,0.0023363891078285685,0.0,0.0009876593836069968,0.0,0.0005542782545876104,0.0
2360,0.0023398474953096274,0.0,0.001053422469138308,0.0,0.0006203253562895258,0.0
2361,0.0023412565993665294,0.0,0.0010324227188887476,0.0,0.000599536936815136,0.0
2362,0.002342850310370969,0.0,0.0010198707730180677,0.0,0.0005872065831056903,0.0
2363,0.002343719081691519,0.0,0.000999488088877966,0.0,0.0005668836165825832,0.0
2364,0.0023462406868337694,0.0,0.001020784414053192,0.0,0.0005875306033227565,0.0
2365,0.002346877150855377,0.0,0.0010142767041289886,0.0,0.0005808934844924588,0.0
2366,0.002348463800679392,0.0,0.0010281343490618588,0.0,0.0005937948468273052,0.0
2367,0.0023504151760761743,0.0,0.0010434221703737355,0.0,0.0006101438697225317,0.0
2368,0.00235053518576106,0.0,0.0010371567306819783,0.0,0.0006045565360655349,0.0
2369,0.002349984151380509,0.0,0.001029007248452468,0.0,0.000596523516355828,0.0
2370,0.0023407511351770795,0.0,0.0009015899485367205,0.0,0.0004683607951665779,0.0
2371,0.0023367015693660374,0.0,0.0009121201615080623,0.0,0.00047823699372807763,0.0
2372,0.0023329331118874487,0.0,0.0008719510071864764,0.0,0.00043787161864681286,0.0
2373,0.0023262250856799175,0.0,0.0007199920477273219,0.0,0.0002853799854634488,0.0
2374,0.002322708419304813,0.0,0.0006940587401087141,0.0,0.00025749416422752767,0.0
2375,0.002317645760030646,0.0,0.000631857239199554,0.0,0.00019140582543534395,0.0
2376,0.002313245502624912,0.0,0.0006106481511508742,0.0,0.00015109476489221993,0.0
2377,0.002309610118968042,0.0,0.0005976913129248482,0.0,0.0001294717062923866,0.0
2378,0.002304639133732047,0.0,0.0005920246638296115,0.0,0.00011080591005300426,0.0
2379,0.002300192607780078,0.0,0.0005803118549976925,0.0,0.00010026446431851623,0.0
2380,0.0022946443133487334,0.0,0.0005776239644976384,0.0,8.445716338099105e-05,0.0
2381,0.0022929463439616653,0.0,0.0006008044887138152,0.0,0.00010546693598023724,0.0
2382,0.0021198592019849908,0.0,0.00020332827256651473,0.0,-0.00024076821526114055,0.0
2383,0.00214810310633334,0.0,0.0005084861947800765,0.0,-0.00011477652084398873,0.0
2384,0.002214026398102308,0.0,0.0007641996352640821,0.0,0.00014664701876299698,0.0
2385,0.0022589052789849418,0.0,0.0009323438261800731,0.0,0.0004330056325765081,0.0
2386,0.002293664962382291,0.0,0.0010667311904332217,0.0,0.0006310728500880868,0.0
2387,0.002320999446772227,0.0,0.0011317626726056768,0.0,0.000711844205209929,0.0
2388,0.0023499582162858756,0.0,0.0011985351495445756,0.0,0.0007945856692694923,0.0
2389,0.0023838075083894043,0.0,0.0012914529954596032,0.0,0.0009141495832677043,0.0
2390,0.0024194540460758837,0.0,0.0013123446228560135,0.0,0.0009709624416713426,0.0
2391,0.002453913108111691,0.0,0.0013970514484226838,0.0,0.0010544618961606988,0.0
2392,0.002485688848196595,0.0,0.0014702840529673166,0.0,0.0011189440443777066,0.0
2393,0.002512890351263822,0.0,0.0015244806789026883,0.0,0.0011810511374155618,0.0
2394,0.002529749562666444,0.0,0.00160172463817743,0.0,0.0012499104221500522,0.0
2395,0.0024173411954594905,0.0,0.0009544516221243469,0.0,0.0005306407576407574,0.0
2396,0.002387673117212291,0.0,0.0009444071240387382,0.0,0.00048540992780745805,0.0
2397,0.0023653201510512372,0.0,0.0008012480537418394,0.0,0.00029426791471304616,0.0
2398,0.0023537263975355696,0.0,0.000809780823320095,0.0,0.00027347421309506883,0.0
2399,0.002348731613489769,0.0,0.0007538194197613916,0.0,0.00031875584043444165,0.0
2400,0.0023431115824837025,0.0,0.0007175490367753298,0.0,0.000282448114696614,0.0
2401,0.002337254665533665,0.0,0.000659671162796496,0.0,0.000224266119754595,0.0
2402,0.002332131340551012,0.0,0.000664861684632926,0.0,0.00022988182179558333,0.0
2403,0.0023269135005454006,0.0,0.0006480038732375405,0.0,0.00021312497770407837,0.0
2404,0.002321565778472625,0.0,0.0006384004008951874,0.0,0.0002016262868403181,0.0
2405,0.0023171115937166446,0.0,0.0006558976037710021,0.0,0.0002063887188914113,0.0
2406,0.0022286971307371103,0.0,0.0003403378161401234,0.0,-9.798711216917077e-05,0.0
2407,0.002260846474247928,0.0,0.0008519746173952802,0.0,0.00020519086642907915,0.0
2408,0.0023154807413099795,0.0,0.0011140590146620456,0.0,0.0005811237907344053,0.0
2409,0.00236205048640146,0.0,0.001285962432152377,0.0,0.0008650846015671517,0.0
2410,0.0024001995022253564,0.0,0.0013225143381598292,0.0,0.0009401074913278989,0.0
2411,0.0024299718554136726,0.0,0.001361234434231807,0.0,0.0009764056413404658,0.0
2412,0.0024604222038459283,0.0,0.0014094517285921295,0.0,0.0010314641336331195,0.0
2413,0.0024960519179892202,0.0,0.0014858920610275087,0.0,0.0011246575950475818,0.0
2414,0.0025312174757277134,0.0,0.0015072487331178929,0.0,0.001165377978760008,0.0
2415,0.0025646104565875704,0.0,0.0015763192716726656,0.0,0.001233981019514917,0.0
2416,0.0025974691282639167,0.0,0.0016323381816832608,0.0,0.0012918761700029921,0.0
2417,0.0026293975785074237,0.0,0.0016835067550116003,0.0,0.0013530258516536247,0.0
2418,0.0026458413817688924,0.0,0.0017518744238502239,0.0,0.001413691938810498,0.0
2419,0.0024901649624547986,0.0,0.001049877118656857,0.0,0.0007174155615831946,0.0
2420,0.0024450888417970086,0.0,0.0010397506463992914,0.0,0.000606741452086513,0.0
2421,0.0024149071163234214,0.0,0.0008666982207121755,0.0,0.00039125794522020516,0.0
2422,0.0023983242876095823,0.0,0.0008698209490499559,0.0,0.00037408925621302646,0.0
2423,0.002386788329683336,0.0,0.0008119227979925035,0.0,0.00037645440346749555,0.0
2424,0.0023774625764556466,0.0,0.0007779717630179148,0.0,0.0003423293879096037,0.0
2425,0.002368836551072252,0.0,0.0007127837851072666,0.0,0.0002768343334371721,0.0
2426,0.00236199323653439,0.0,0.0007231007220492155,0.0,0.0002873152364071311,0.0
2427,0.00235559236422339,0.0,0.0006998569859425509,0.0,0.00026410247992212635,0.0
2428,0.0023497223703276616,0.0,0.0006803780719284044,0.0,0.0002444934406604705,0.0
2429,0.002345051868236136,0.0,0.0007065223010083237,0.0,0.0002710378560879896,0.0
2430,0.0023005580406422585,0.0,0.00043935423348072595,0.0,7.296765143002836e-06,0.0
2431,0.0023424198220777202,0.0,0.0011271164783644243,0.0,0.0005622288536699137,0.0
2432,0.002388297194471858,0.0,0.0013024429796835465,0.0,0.0008023564182771379,0.0
2433,0.0024260562518480947,0.0,0.0014055535622459789,0.0,0.0009941305760006731,0.0
2434,0.0024533372745968256,0.0,0.0014347623936003496,0.0,0.001030477071037936,0.0
2435,0.0024782108914479842,0.0,0.0014650792471394562,0.0,0.0010588352753129558,0.0
2436,0.002509724621095805,0.0,0.0015122684205078477,0.0,0.001120225057127987,0.0
2437,0.0025533261884190094,0.0,0.0015814211667994308,0.0,0.0012267000229293878,0.0
2438,0.0025900990758347727,0.0,0.0016031267860826843,0.0,0.001263933494657085,0.0
2439,0.0026226358215997274,0.0,0.0016685373970964582,0.0,0.001324523393499994,0.0
2440,0.002654681857196973,0.0,0.0017175159694960585,0.0,0.0013750649858424602,0.0
2441,0.0026696242564213145,0.0,0.001759441958851283,0.0,0.0014052577016921376,0.0
2442,0.0026666986138951672,0.0,0.0018181364218244603,0.0,0.0014384567979420222,0.0
2443,0.0025068807943756212,0.0,0.0010189338925716872,0.0,0.0005767600356814725,0.0
2444,0.0024648613150876973,0.0,0.001059549561754217,0.0,0.0006190534547512981,0.0
2445,0.002436032362219491,0.0,0.0008814024355803191,0.0,0.00043732803828129075,0.0
2446,0.002420393365634461,0.0,0.0009040972898644742,0.0,0.00045928519954217405,0.0
2447,0.002407052281662104,0.0,0.0008408147961372686,0.0,0.00040432104365987543,0.0
2448,0.002396986408483525,0.0,0.0008046212310927935,0.0,0.00036757659240731536,0.0
2449,0.002387918816613877,0.0,0.0007274497864018582,0.0,0.00028990266231956516,0.0
2450,0.0023807138136142446,0.0,0.0007473283215907508,0.0,0.000310005812718278,0.0
2451,0.002373824923422317,0.0,0.00072310937394791,0.0,0.00028596656281938953,0.0
2452,0.0023673167720712823,0.0,0.0007016843357940739,0.0,0.0002646256567081656,0.0
2453,0.0023619628161666785,0.0,0.0007343501350252242,0.0,0.0002977913178833548,0.0
2454,0.0023377031472404807,0.0,0.0005307087774553357,0.0,9.749105604882195e-05,0.0
2455,0.002386242137660712,0.0,0.0012966686568005143,0.0,0.0007871565203840922,0.0
2456,0.0024304185944090733,0.0,0.0014305990112730273,0.0,0.0009659190142578711,0.0
2457,0.0024664837103451345,0.0,0.0014697295341111192,0.0,0.0010727457419755606,0.0
2458,0.0024899714995652803,0.0,0.0014938980263823566,0.0,0.0010945636632636595,0.0
2459,0.0025103695800193417,0.0,0.0015102397648462038,0.0,0.0011063398054375808,0.0
2460,0.0025340233003178086,0.0,0.0015425169439934434,0.0,0.001144320754642521,0.0
2461,0.0025592329120114523,0.0,0.0016035694500528724,0.0,0.0012112085648494342,0.0
2462,0.002581159537065284,0.0,0.0016167912581726608,0.0,0.0012254445475793777,0.0
2463,0.0026021174377497346,0.0,0.0016626564965381062,0.0,0.0012700808171164472,0.0
2464,0.0026224477184435243,0.0,0.0016966938307915647,0.0,0.0013058523862376254,0.0
2465,0.002644020063938956,0.0,0.0017405513101569658,0.0,0.0013552475413005434,0.0
2466,0.002651026779572985,0.0,0.0017859773288493323,0.0,0.0014054763751417923,0.0
2467,0.002500771011041741,0.0,0.00098871689548797,0.0,0.0005468720390744504,0.0
2468,0.0024615384074638353,0.0,0.0010301963839085674,0.0,0.000590176342183195,0.0
2469,0.0024342267371478938,0.0,0.0008657107214702312,0.0,0.00041774982327948086,0.0
2470,0.002417481349227861,0.0,0.0008776740596307877,0.0,0.0003825328077106864,0.0
2471,0.0024054090134984895,0.0,0.0008170062647229342,0.0,0.00038092479182938585,0.0
2472,0.0023961512819233597,0.0,0.0007891386518346195,0.0,0.0003527141834024617,0.0
2473,0.0023868934312014567,0.0,0.0007049359341607254,0.0,0.0002678319514966786,0.0
2474,0.0023796923283799635,0.0,0.0007173471308320051,0.0,0.00028064028729641644,0.0
2475,0.0023734095119402098,0.0,0.0007015196280718977,0.0,0.00026453872634238785,0.0
2476,0.0023666316221277383,0.0,0.0006646669892855679,0.0,0.00022791821930276033,0.0
2477,0.0023615886877915247,0.0,0.0007018164678079413,0.0,0.00026534725736163936,0.0
2478,0.0023397670514124923,0.0,0.0005403840223616495,0.0,0.00010706257101356803,0.0
2479,0.002385938267723901,0.0,0.001272701505304447,0.0,0.0007488438333798238,0.0
2480,0.0024292631739647437,0.0,0.0014074062057665786,0.0,0.0009291310413626895,0.0
2481,0.0024673496558078657,0.0,0.0014736809808501283,0.0,0.0010743082245488404,0.0
2482,0.0024935855407709592,0.0,0.0015064354402855073,0.0,0.0011054306025942442,0.0
2483,0.0025158763971112877,0.0,0.0015262031538706444,0.0,0.001121098251983351,0.0
2484,0.002540967219075709,0.0,0.0015605486118426186,0.0,0.0011615531409698804,0.0
2485,0.0025683597016020535,0.0,0.0016257303160429413,0.0,0.0012329846522846641,0.0
2486,0.002591887936448053,0.0,0.0016407349660372739,0.0,0.0012487704802847947,0.0
2487,0.002614298934457049,0.0,0.0016885943005936468,0.0,0.0012950141938281624,0.0
2488,0.002631037303655975,0.0,0.0017111312190151962,0.0,0.0013188307122991064,0.0
2489,0.002652810480037195,0.0,0.0017562127738193604,0.0,0.0013693811830119977,0.0
2490,0.0026616274852266342,0.0,0.001804987753901455,0.0,0.0014236121645651786,0.0
2491,0.002508180665621652,0.0,0.0009977012325912242,0.0,0.0005556010671411214,0.0
2492,0.002468164874009284,0.0,0.0010389368320949056,0.0,0.0005986094887111683,0.0
2493,0.002440571828910813,0.0,0.000862828162222156,0.0,0.0004189823888757578,0.0
2494,0.002424987108016062,0.0,0.0008826838427073848,0.0,0.0004201535805219,0.0
2495,0.0024123675622852664,0.0,0.0008200306736319805,0.0,0.0003833136560715579,0.0
2496,0.0024029441539810386,0.0,0.0007852907060642189,0.0,0.0003481529699412686,0.0
2497,0.002394390014209058,0.0,0.0007117484116883617,0.0,0.00027358093301665227,0.0
2498,0.002387446078005697,0.0,0.0007287541479240782,0.0,0.00029114611932540236,0.0
2499,0.002380752840095922,0.0,0.0007016956158424027,0.0,0.0002638272362267501,0.0
2500,0.0023739716719675267,0.0,0.000665780439934111,0.0,0.00022817109739469354,0.0
2501,0.002368534275648375,0.0,0.0006973583647850083,0.0,0.0002602706984093871,0.0
2502,0.0023621383985191614,0.0,0.0007032302659274524,0.0,0.0002646227737706959,0.0
2503,0.0023543655111596317,0.0,0.0009436584330284889,0.0,0.00038066379822448504,0.0
2504,0.0023272431182535204,0.0,0.0006084000765686729,0.0,0.0001182375785737463,0.0
2505,0.0023605951875803576,0.0,0.0011749382353090545,0.0,0.0007239970811268007,0.0
2506,0.0023826687834565706,0.0,0.0012833634459661816,0.0,0.0008453852950937768,0.0
2507,0.0024073045134385233,0.0,0.0013593049073672477,0.0,0.0009248968527191003,0.0
2508,0.0024261301729903853,0.0,0.0014154122752445932,0.0,0.0009803247693160955,0.0
2509,0.0024469028324452476,0.0,0.0014544714708434885,0.0,0.0010440270334791076,0.0
2510,0.0024713055846566512,0.0,0.0014743957277132632,0.0,0.0011060185467899437,0.0
2511,0.0024905522271036055,0.0,0.0015172796790419926,0.0,0.0011472586598087848,0.0
2512,0.002434700077020256,0.0,0.0011060710002994477,0.0,0.0007921346694470372,0.0
2513,0.0024325081664420324,0.0,0.0011946576835127202,0.0,0.0008682927181912169,0.0
2514,0.0024199996164211133,0.0,0.0011249158676314424,0.0,0.0008122088355651739,0.0
2515,0.00240459675934574,0.0,0.0011875965299226008,0.0,0.0007635651532118144,0.0
2516,0.00239426891499245,0.0,0.0011296791153249156,0.0,0.0006940092696925651,0.0
2517,0.0023818339347427622,0.0,0.0009436679762704985,0.0,0.0005062289332302733,0.0
2518,0.0023757228522709242,0.0,0.0009213959847963922,0.0,0.0004819059614304033,0.0
2519,0.0023698261820807804,0.0,0.0008423084666042454,0.0,0.000404790886161085,0.0
2520,0.002366397014871662,0.0,0.0008056031738947953,0.0,0.0003675058035303169,0.0
2521,0.0023625688282585223,0.0,0.0007230459543982985,0.0,0.00028521392126656833,0.0
2522,0.002359685938264239,0.0,0.0007536965416770818,0.0,0.0003165556481273539,0.0
2523,0.0023564290463370134,0.0,0.000733442234605087,0.0,0.0002962451998366157,0.0
2524,0.002353099617955409,0.0,0.0007150750316614149,0.0,0.00027823491532916666,0.0
2525,0.0023505048118244902,0.0,0.0007464550997171894,0.0,0.0003099068062290453,0.0
2526,0.0023462864824655406,0.0,0.0007432597689042543,0.0,0.0003053076700779394,0.0
2527,0.0023491903144791646,0.0,0.0010207980079463702,0.0,0.00058755963772846,0.0
2528,0.0023523563855779783,0.0,0.001084802121783204,0.0,0.0006517888963580474,0.0
2529,0.00235391327595085,0.0,0.0010698640041305707,0.0,0.0006371004346959243,0.0
2530,0.002355991305029365,0.0,0.0010654206881546705,0.0,0.0006328717421873135,0.0
2531,0.0023582709870100613,0.0,0.0010602999805039341,0.0,0.0006277720022298066,0.0
2532,0.0023624158356450667,0.0,0.0010961778652205769,0.0,0.0006629780201270969,0.0
2533,0.0023666650313808393,0.0,0.0011280791671250737,0.0,0.0006947573137017367,0.0
2534,0.0023702816174035733,0.0,0.0011491765346236902,0.0,0.0007156098375895453,0.0
2535,0.0023730036994580594,0.0,0.0011621457128935524,0.0,0.0007287769121022065,0.0
2536,0.0023731038257611904,0.0,0.0011462116580136916,0.0,0.0007134545023819387,0.0
2537,0.002373014684916565,0.0,0.0011380992327760873,0.0,0.0007054400734547693,0.0
2538,0.0023636440403550455,0.0,0.0010204388352191276,0.0,0.0005868860119351781,0.0
2539,0.0023586603192617306,0.0,0.001037940165225679,0.0,0.0006035108236450038,0.0
2540,0.002355126253712021,0.0,0.0010041834822467218,0.0,0.000569501584324741,0.0
2541,0.002348364642852598,0.0,0.0008413864728733615,0.0,0.00040594787892881475,0.0
2542,0.0023450751418468236,0.0,0.000824300043638469,0.0,0.000386697704097361,0.0
2543,0.0023411750518171886,0.0,0.0007574114012478747,0.0,0.00032178932778485054,0.0
2544,0.0023393415709586215,0.0,0.0007276272690145771,0.0,0.00029136247257493327,0.0
2545,0.0023366465967521394,0.0,0.0006405590121731854,0.0,0.00020307944618349933,0.0
2546,0.0023349890914792946,0.0,0.00066122018172935,0.0,0.0002238454419363203,0.0
2547,0.0023332766287267725,0.0,0.0006407250739103088,0.0,0.00020334699156500206,0.0
2548,0.002330502287103553,0.0,0.0005933894828129777,0.0,0.00015598311996497779,0.0
2549,0.002328872571121095,0.0,0.0006263422793107059,0.0,0.0001894195235043032,0.0
2550,0.0021905635149467367,0.0,0.00024369703665578634,0.0,-0.0001871598686610051,0.0
2551,0.00224143708022729,0.0,0.0006039843188586072,0.0,1.4642694783979847e-05,0.0
2552,0.0022878337948339126,0.0,0.0009629249578189817,0.0,0.0004089063922665889,0.0
2553,0.002322888076603156,0.0,0.0011237635067766834,0.0,0.0007053575588746197,0.0
2554,0.0023425283329656177,0.0,0.0011636791057352996,0.0,0.0007412937601269636,0.0
2555,0.002362046212882856,0.0,0.0011928761812666606,0.0,0.0007773583026284955,0.0
2556,0.002384863062658064,0.0,0.0012458085731165843,0.0,0.000843160627673849,0.0
2557,0.00240522056444369,0.0,0.0013064368297030404,0.0,0.0009128798328217817,0.0
2558,0.0024250367654792995,0.0,0.0013239115083927473,0.0,0.000935002030839218,0.0
2559,0.002447422861526604,0.0,0.0013988231580785988,0.0,0.001003855002455996,0.0
2560,0.0024684028257135346,0.0,0.0014475143015075498,0.0,0.0010521595632137588,0.0
2561,0.0024908346981693365,0.0,0.0015018163987403671,0.0,0.0011151971254328226,0.0
2562,0.002501223546977944,0.0,0.0015461620877741421,0.0,0.0011746744400961207,0.0
2563,0.0024076273741509948,0.0,0.00086752898379984,0.0,0.00042349967752570994,0.0
2564,0.0023841245704171285,0.0,0.0009090871208503135,0.0,0.00045100965327466314,0.0
2565,0.0023644042792959038,0.0,0.0007861407809544836,0.0,0.00026866114080275325,0.0
2566,0.0023551837220910357,0.0,0.0007994893820562584,0.0,0.00026509947560668726,0.0
2567,0.002351209400447638,0.0,0.0007347190515862019,0.0,0.0002994815563142131,0.0
2568,0.0023466321892880743,0.0,0.0006988995789338499,0.0,0.0002632117087590373,0.0
2569,0.002342024911405993,0.0,0.000641572557397437,0.0,0.00020562064740197285,0.0
2570,0.002338070923919671,0.0,0.0006459295860354632,0.0,0.00021007858302722702,0.0
2571,0.0023339395021174307,0.0,0.0006255760362208105,0.0,0.0001898665073456322,0.0
2572,0.0023297371902963717,0.0,0.0006150805587252263,0.0,0.00017978699367582297,0.0
2573,0.0023268113799231093,0.0,0.0006335086228655632,0.0,0.0001980820640652295,0.0
2574,0.002244704196188818,0.0,0.0003374640504297911,0.0,-9.379155400713224e-05,0.0
2575,0.0022866627257621093,0.0,0.0009177431257889855,0.0,0.00029571786948536264,0.0
2576,0.00233384755803108,0.0,0.0011560746876422988,0.0,0.0006324135796600772,0.0
2577,0.0023739820778768935,0.0,0.001301923873764415,0.0,0.0008795198007742384,0.0
2578,0.0024028132958325214,0.0,0.0013356991292320431,0.0,0.0009259576777388894,0.0
2579,0.002427521990328585,0.0,0.0013638245099152604,0.0,0.0009544533577718389,0.0
2580,0.0024529395071459428,0.0,0.0014043667241482932,0.0,0.0010022821011154831,0.0
2581,0.0024831732727033868,0.0,0.0014834602776025406,0.0,0.0010920021675298929,0.0
2582,0.0025142140505621468,0.0,0.0014999694771848288,0.0,0.0011295207740276932,0.0
2583,0.002548613217572199,0.0,0.0015634211214704664,0.0,0.0012058025547509441,0.0
2584,0.002584717766295477,0.0,0.001621860617602214,0.0,0.001273032513000964,0.0
2585,0.0026228076435150524,0.0,0.0016729987065532022,0.0,0.0013456870450703458,0.0
2586,0.002645963560336268,0.0,0.0017447407704816234,0.0,0.001415876616393628,0.0
2587,0.002497249420032756,0.0,0.0010663317784714449,0.0,0.0008216201651224881,0.0
2588,0.002453229270339772,0.0,0.0010690963142386569,0.0,0.000704413958755304,0.0
2589,0.002419738756917269,0.0,0.0008553945764120574,0.0,0.00038646879342136035,0.0
2590,0.0024035066057733053,0.0,0.0008817358456268997,0.0,0.0003944688498077871,0.0
2591,0.0023914885574625455,0.0,0.0008187441183582854,0.0,0.0003832034127527089,0.0
2592,0.002381933408626453,0.0,0.00078232168942307,0.0,0.00034647771963678764,0.0
2593,0.0023731378775493223,0.0,0.000716314933070907,0.0,0.00028030456615201903,0.0
2594,0.002365944174582026,0.0,0.0007248896296046165,0.0,0.0002891450176362093,0.0
2595,0.0023589614157122295,0.0,0.000697621702120051,0.0,0.0002619750060369626,0.0
2596,0.002352319553672157,0.0,0.0006742965620740939,0.0,0.0002388404683950976,0.0
2597,0.0023470622790713073,0.0,0.000697323409919297,0.0,0.0002621349004751643,0.0
2598,0.002297666116695682,0.0,0.0004345383637407638,0.0,2.7107835295540157e-06,0.0
2599,0.002339084209425193,0.0,0.0010978684762372605,0.0,0.0005240380633267825,0.0
2600,0.0023914151726298133,0.0,0.001315773400435774,0.0,0.0008262270587702388,0.0
2601,0.0024337782894539722,0.0,0.0014068372114677688,0.0,0.001010068413669348,0.0
2602,0.002466502438540819,0.0,0.0014360881633166565,0.0,0.0010583642682490183,0.0
2603,0.002493962134589026,0.0,0.0014652857200464758,0.0,0.0010872725246814006,0.0
2604,0.002524725466457647,0.0,0.0015082860655858653,0.0,0.001140857363639987,0.0
2605,0.0025614045540372065,0.0,0.0015830508704195204,0.0,0.0012308772869869607,0.0
2606,0.0025967665478217154,0.0,0.0016042216719968133,0.0,0.0012679915406468316,0.0
2607,0.0026325667309629822,0.0,0.0016712010466102712,0.0,0.0013354991311435764,0.0
2608,0.0026727090851878556,0.0,0.0017239432955903128,0.0,0.0013982937825363748,0.0
2609,0.002708462278004654,0.0,0.001773472587217715,0.0,0.0014589287250009486,0.0
2610,0.0027245183275167936,0.0,0.0018389713216899566,0.0,0.0015141126675718422,0.0
2611,0.0025479296758950084,0.0,0.0011401936684930967,0.0,0.0009046388735431828,0.0
2612,0.002494027637152507,0.0,0.001140272409435176,0.0,0.0007661914796197745,0.0
2613,0.0024568918103127168,0.0,0.0009463932186184155,0.0,0.0004970960963964041,0.0
2614,0.0024368583545428734,0.0,0.0009425443895991227,0.0,0.00048227183761518104,0.0
2615,0.002421109826635958,0.0,0.0008747104227980178,0.0,0.00043882199129210574,0.0
2616,0.002409165467757214,0.0,0.0008351029393525503,0.0,0.00039881504657607336,0.0
2617,0.0023983853040384796,0.0,0.0007621900008629131,0.0,0.00032564618508815744,0.0
2618,0.002390017057789847,0.0,0.0007771219369110645,0.0,0.00034074170021727813,0.0
2619,0.0023822860380719015,0.0,0.000752732958796086,0.0,0.00031647038417815946,0.0
2620,0.002375168737941354,0.0,0.0007309244808440057,0.0,0.0002945517802991583,0.0
2621,0.0023694062976700966,0.0,0.0007568892198752343,0.0,0.00032090774208351665,0.0
2622,0.0023421456670438,0.0,0.0005309408022862897,0.0,9.803331755710678e-05,0.0
2623,0.0023897293076027165,0.0,0.0012760695645178304,0.0,0.0007550443689639452,0.0
2624,0.0024332921078714853,0.0,0.0014142752090013672,0.0,0.0009403818509934527,0.0
2625,0.0024682627119638595,0.0,0.0014658322866707648,0.0,0.001066307924972479,0.0
2626,0.0024886228351526348,0.0,0.0014801358559197804,0.0,0.0010783601597026996,0.0
2627,0.0025080569127142885,0.0,0.00149418308426226,0.0,0.0010900278701529969,0.0
2628,0.0025318966089103254,0.0,0.0015293763217799176,0.0,0.001131296893835938,0.0
2629,0.002552855882591732,0.0,0.0015746057649700612,0.0,0.0011823174275904093,0.0
2630,0.002573157356970499,0.0,0.0015884221583426469,0.0,0.001196693725962426,0.0
2631,0.0025953016394440823,0.0,0.0016418989999259388,0.0,0.0012487842276275147,0.0
2632,0.002609880067262836,0.0,0.0016603687856891443,0.0,0.001268655671385034,0.0
2633,0.002630396702748971,0.0,0.0017086118591158452,0.0,0.0013217579010058943,0.0
2634,0.002639857930948851,0.0,0.0017610588475559074,0.0,0.001380653982653374,0.0
2635,0.0024953313505280354,0.0,0.0009603730665425239,0.0,0.0005192997357413025,0.0
2636,0.0024580871211433092,0.0,0.001009669320381637,0.0,0.0005696529460707533,0.0
2637,0.002432314770154025,0.0,0.000859861023366967,0.0,0.0004061917922270348,0.0
2638,0.002417609206478378,0.0,0.0008760949707124102,0.0,0.00039649110705168664,0.0
2639,0.0024063302865443064,0.0,0.0008162245436013757,0.0,0.00038007837226797193,0.0
2640,0.0023977589196047446,0.0,0.0007845714695059458,0.0,0.0003476998837892704,0.0
2641,0.002389458871743499,0.0,0.0006992977591177027,0.0,0.000261744153718607,0.0
2642,0.002382963293404098,0.0,0.0007136234358871105,0.0,0.0002761077955086872,0.0
2643,0.002377081602002584,0.0,0.0006938334924932131,0.0,0.00025633727304499605,0.0
2644,0.0023713458507653522,0.0,0.0006710066374557499,0.0,0.00023332381883788347,0.0
2645,0.0023665625537771834,0.0,0.0007067523780787202,0.0,0.00026984419287987395,0.0
2646,0.002342298078662452,0.0,0.0005251667622585943,0.0,9.19815280835453e-05,0.0
2647,0.002394471555876337,0.0,0.0013253991118662568,0.0,0.0008259847981361573,0.0
2648,0.0024418127795724906,0.0,0.0014637628615322194,0.0,0.0010064716461910589,0.0
2649,0.0024845160142767725,0.0,0.0014834861691272485,0.0,0.0011111037076055644,0.0
2650,0.0025105750138514765,0.0,0.0015157309839858957,0.0,0.0011355193845272661,0.0
2651,0.002530064373552776,0.0,0.0015382815708486948,0.0,0.0011425485820129376,0.0
2652,0.002554292284094135,0.0,0.001572103097697752,0.0,0.0011804183764889111,0.0
2653,0.0025788327709669037,0.0,0.0016345518749759475,0.0,0.0012436740806561829,0.0
2654,0.002607830207398362,0.0,0.0016446531497062496,0.0,0.0012711974829434348,0.0
2655,0.002643407102182248,0.0,0.001699181972120074,0.0,0.0013414810757229985,0.0
2656,0.002676445845502853,0.0,0.0017457986552552875,0.0,0.0013942899401662868,0.0
2657,0.0027067582782620055,0.0,0.0017980861468702614,0.0,0.0014501415036107025,0.0
2658,0.0027067198500728617,0.0,0.0018484747923257015,0.0,0.0014821907454788518,0.0
2659,0.0025351876484592147,0.0,0.0010807292274384568,0.0,0.0006436011502450425,0.0
2660,0.00248868273646547,0.0,0.0010796764647827888,0.0,0.000639907912211667,0.0
2661,0.0024569091558653013,0.0,0.0008980568293133371,0.0,0.0004476501614773677,0.0
2662,0.0024387649412412563,0.0,0.0009099095535451071,0.0,0.0004445523395890862,0.0
2663,0.0024240286919674243,0.0,0.0008475852041805868,0.0,0.00041180150113297024,0.0
2664,0.0024123016034924023,0.0,0.0008083208858254995,0.0,0.00037237154887953777,0.0
2665,0.002400594381850951,0.0,0.0007185947848908627,0.0,0.0002824581741105426,0.0
2666,0.0023913164797834128,0.0,0.0007227884901301782,0.0,0.00028693450451068364,0.0
2667,0.002383342975279294,0.0,0.0007065840264184259,0.0,0.00027083295232057866,0.0
2668,0.002375435093760236,0.0,0.0006810574865952206,0.0,0.00024535034162804646,0.0
2669,0.0023687732447184176,0.0,0.0006962950521520132,0.0,0.00026099916646720855,0.0
2670,0.0023610705919293565,0.0,0.0006894976091747556,0.0,0.00025281583649267307,0.0
2671,0.0023396331636602917,0.0,0.0008776464124608775,0.0,0.0002542126064951243,0.0
2672,0.002301624166268802,0.0,0.0005876213885575084,0.0,6.178394579108406e-05,0.0
2673,0.002334599929657133,0.0,0.0009999176505696432,0.0,0.0004839407514049595,0.0
2674,0.002360012827383689,0.0,0.001158939348778708,0.0,0.0006841182882369205,0.0
2675,0.0023821040214144036,0.0,0.001235961238631685,0.0,0.0007803311638264364,0.0
2676,0.0023985312253785294,0.0,0.0012865629222216077,0.0,0.0008377938857329116,0.0
2677,0.002411924517283859,0.0,0.001324235810890311,0.0,0.0008797578799311842,0.0
2678,0.002423957996329919,0.0,0.0013587217230243524,0.0,0.0009192105977931739,0.0
2679,0.0024342997963091827,0.0,0.0013794683535187334,0.0,0.0009345259794907295,0.0
2680,0.0023859880192757645,0.0,0.0009221011004106221,0.0,0.0004684967507220749,0.0
2681,0.002380751191135923,0.0,0.0010282336859505777,0.0,0.0005703605775942686,0.0
2682,0.00236547453634874,0.0,0.000905096033762712,0.0,0.00041426690601710503,0.0
2683,0.002361567502428067,0.0,0.0009310556544894853,0.0,0.0004961978296174434,0.0
2684,0.0023567810932225404,0.0,0.0009031042426735601,0.0,0.00046807528005680466,0.0
2685,0.002348732701924581,0.0,0.0007643018022694538,0.0,0.00032857033691228695,0.0
2686,0.002344519458239197,0.0,0.0007505693159047381,0.0,0.0003138842193221771,0.0
2687,0.0023394090694501893,0.0,0.0006916972818047163,0.0,0.00025685756205972026,0.0
2688,0.002335930304025586,0.0,0.0006573303004617037,0.0,0.00022266242139033885,0.0
2689,0.0023316051359636315,0.0,0.000619514583917475,0.0,0.0001829822573050882,0.0
2690,0.002326494058961608,0.0,0.00062242179446946,0.0,0.00016755757493543827,0.0
2691,0.002319986751074306,0.0,0.000615645976975111,0.0,0.00014157320159015048,0.0
2692,0.002313222990152178,0.0,0.0006042207621254105,0.0,0.0001246806836717161,0.0
2693,0.0023069411206809286,0.0,0.0006086046061499649,0.0,0.00011614204323685709,0.0
2694,0.0022998678184618804,0.0,0.0006013113464579999,0.0,0.00010995275352937374,0.0
2695,0.0023023378009515236,0.0,0.0007608992019913527,0.0,0.0002643588393804288,0.0
2696,0.0023077368166365382,0.0,0.0008461146088724841,0.0,0.00036834302298877097,0.0
2697,0.002309504384180179,0.0,0.0008522072251220395,0.0,0.0003836781478347463,0.0
2698,0.0023116688402853485,0.0,0.000847715402378667,0.0,0.000392637276080732,0.0
2699,0.0023150961816760995,0.0,0.0008559752312266053,0.0,0.0004120973310694021,0.0
2700,0.0023204815925972383,0.0,0.000890992450381152,0.0,0.0004554210643861606,0.0
2701,0.0023251073107804247,0.0,0.0009179851352332689,0.0,0.0004846386369575294,0.0
2702,0.0023287057556679053,0.0,0.0009357850446111901,0.0,0.0005017670809589498,0.0
2703,0.0023327795072974602,0.0,0.000961532505432393,0.0,0.0005284557145180749,0.0
2704,0.0023348985024963325,0.0,0.0009668032900374984,0.0,0.0005343052069174236,0.0
2705,0.0023362170941889737,0.0,0.0009685613646609349,0.0,0.0005352603818266472,0.0
2706,0.002328297366034071,0.0,0.0008263951361948043,0.0,0.00038827544548840354,0.0
2707,0.0023253829208830673,0.0,0.0008236011856121678,0.0,0.00037500187646525153,0.0
2708,0.002321677555418452,0.0,0.0007844205750789917,0.0,0.0003143732140189941,0.0
2709,0.002314130713579521,0.0,0.0006511703609084075,0.0,0.00015746587549127678,0.0
2710,0.002310295493921269,0.0,0.0006423014846387886,0.0,0.00014299868013069078,0.0
2711,0.002304331108114987,0.0,0.0006140834323103653,0.0,0.00011070047034346527,0.0
2712,0.0023006292263957127,0.0,0.0005947605779876867,0.0,9.33092514440498e-05,0.0
2713,0.0022973253884519596,0.0,0.0005873008410957527,0.0,7.981686083347787e-05,0.0
2714,0.002293699367614154,0.0,0.0005779745571202132,0.0,7.417371112583776e-05,0.0
2715,0.002289168277681676,0.0,0.0005738252820094889,0.0,6.300485912394621e-05,0.0
2716,0.002285049553233693,0.0,0.0005653078976834373,0.0,5.789102968694205e-05,0.0
2717,0.002283431981100905,0.0,0.0005950146605894454,0.0,6.920361741471115e-05,0.0
2718,0.0021040067380982313,0.0,0.00018967237735677668,0.0,-0.00025761066164212544,0.0
2719,0.002122817908885799,0.0,0.0004867107239807973,0.0,-0.0001533362752376801,0.0
2720,0.0021936684342808506,0.0,0.0007134834894531761,0.0,6.038944762130861e-05,0.0
2721,0.002242563393893597,0.0,0.0008771871769032752,0.0,0.0003416703287880418,0.0
2722,0.002275301143513658,0.0,0.0009928354896801463,0.0,0.000501724320205902,0.0
2723,0.0023033840216479997,0.0,0.0010811833101070087,0.0,0.0006238420278387787,0.0
2724,0.0023318042927298536,0.0,0.0011770532520823998,0.0,0.00074381899010638,0.0
2725,0.0023617663690373583,0.0,0.0012773598885829937,0.0,0.0008606863196163246,0.0
2726,0.0023904858150040568,0.0,0.0013018924112880074,0.0,0.0009074798946906064,0.0
2727,0.002423995542653461,0.0,0.001386528633286416,0.0,0.0010041189857240248,0.0
2728,0.002455709011094391,0.0,0.00145965228834535,0.0,0.0010762230154776886,0.0
2729,0.002483207487573617,0.0,0.0015101479192750208,0.0,0.0011430666025290972,0.0
2730,0.002505275061319572,0.0,0.001583329986662547,0.0,0.0012254664394611777,0.0
2731,0.0024055717838225603,0.0,0.0009525695792591603,0.0,0.0005365227326229304,0.0
2732,0.0023819022354704964,0.0,0.0009841414865294964,0.0,0.000539490354733901,0.0
2733,0.0023615664747252303,0.0,0.0008029355028967853,0.0,0.0002988764391086392,0.0
2734,0.0023518343662917436,0.0,0.000812124969277461,0.0,0.0002765232767435082,0.0
2735,0.002347929686296535,0.0,0.0007552594935405854,0.0,0.0003197592662565758,0.0
2736,0.0023433607179257753,0.0,0.000720750174686414,0.0,0.00028533937144637335,0.0
2737,0.0023381341879358418,0.0,0.0006622969565219464,0.0,0.0002266017488819173,0.0
2738,0.0023335157608624234,0.0,0.0006684509176285334,0.0,0.00023327603695347753,0.0
2739,0.002328643637295589,0.0,0.0006489959542016765,0.0,0.00021399232260492875,0.0
2740,0.002323453335695272,0.0,0.000640266509034785,0.0,0.00020361141616509698,0.0
2741,0.002318892862545872,0.0,0.0006590872072794816,0.0,0.0002059713374230887,0.0
2742,0.0022281476488359158,0.0,0.00034016105646058584,0.0,-9.999599198116959e-05,0.0
2743,0.0022615299445612877,0.0,0.0008453486746415547,0.0,0.00019593236089890712,0.0
2744,0.0023164979056385804,0.0,0.0011122999023321187,0.0,0.0005781037358270388,0.0
2745,0.0023641003117352045,0.0,0.0012971308563339934,0.0,0.0008754722962984996,0.0
2746,0.002404747162886865,0.0,0.0013395593084775234,0.0,0.0009608645363979598,0.0
2747,0.0024364199109297006,0.0,0.001382185908117686,0.0,0.00100147253032959,0.0
2748,0.002468375292076954,0.0,0.0014343261220607448,0.0,0.0010593403020181908,0.0
2749,0.0024998186380044787,0.0,0.0015161009352807424,0.0,0.0011416903380618761,0.0
2750,0.00252871826156766,0.0,0.0015355187109663332,0.0,0.0011690397412789317,0.0
2751,0.0025621498310823623,0.0,0.0016030676938361972,0.0,0.0012411143546806375,0.0
2752,0.0025904116811742016,0.0,0.0016569530521393639,0.0,0.001289851129786483,0.0
2753,0.002622752315068091,0.0,0.0017091801659029568,0.0,0.001354417115091109,0.0
2754,0.0026397125852484393,0.0,0.0017698501152716222,0.0,0.0014157454912029498,0.0
2755,0.002486874383493786,0.0,0.001072315145766835,0.0,0.0006643522849117257,0.0
2756,0.0024480198899659335,0.0,0.0011073353407393648,0.0,0.0006685190010308677,0.0
2757,0.0024202967775444257,0.0,0.0008904862480832449,0.0,0.0004456008206743941,0.0
2758,0.0024059261755416065,0.0,0.0008991403177772239,0.0,0.00044463726662438414,0.0
2759,0.002394082566111696,0.0,0.0008306483619138583,0.0,0.00039418772798042274,0.0
2760,0.002385098784232458,0.0,0.000793621681026622,0.0,0.0003568976976324526,0.0
2761,0.0023766372298302187,0.0,0.0007239055655496177,0.0,0.0002869323016976616,0.0
2762,0.0023697094467231856,0.0,0.0007406756242817449,0.0,0.00030437550528105133,0.0
2763,0.0023627882244985745,0.0,0.0007155610050553448,0.0,0.0002794092196802644,0.0
2764,0.002356010714064618,0.0,0.000691029948587772,0.0,0.00025519639718342554,0.0
2765,0.0023504825403036856,0.0,0.0007153763982788758,0.0,0.00027993448121450457,0.0
2766,0.002307513223379681,0.0,0.00045301719011193683,0.0,2.0978913175922305e-05,0.0
2767,0.0023475208416543856,0.0,0.001126074590993127,0.0,0.000560168058915144,0.0
2768,0.002399140833479298,0.0,0.0013409412157093402,0.0,0.0008571513942961298,0.0
2769,0.002442569787029116,0.0,0.0014349517822257673,0.0,0.0010371777458497574,0.0
2770,0.0024808994881418325,0.0,0.0014715190325494361,0.0,0.0011026977516316115,0.0
2771,0.0025114346718300993,0.0,0.0015050837806787668,0.0,0.0011354782510440758,0.0
2772,0.0025460601153037246,0.0,0.0015508934782159773,0.0,0.001192194158039834,0.0
2773,0.0025813981077974467,0.0,0.0016275918103276475,0.0,0.0012735150973426576,0.0
2774,0.002614764663987082,0.0,0.0016495897347712874,0.0,0.0013035908126910298,0.0
2775,0.0026530824585997126,0.0,0.0017126412386718824,0.0,0.0013727280766824344,0.0
2776,0.0026848416047358663,0.0,0.0017579101270227594,0.0,0.0014165492580838182,0.0
2777,0.0027095631756856794,0.0,0.0017976941778918073,0.0,0.001458456573943313,0.0
2778,0.002717841885004453,0.0,0.0018567003778202004,0.0,0.0015046355244732073,0.0
2779,0.0025365140942261053,0.0,0.0011156441551831177,0.0,0.0006769868100063787,0.0
2780,0.002489352489580462,0.0,0.0011390381035647243,0.0,0.0006989456795801863,0.0
2781,0.002457237073267323,0.0,0.0009440118122869495,0.0,0.0005000251683679646,0.0
2782,0.0024398588559297885,0.0,0.0009638555464601673,0.0,0.000524833658211265,0.0
2783,0.0024249728707587534,0.0,0.0008829867014200344,0.0,0.0004456610092743122,0.0
2784,0.002413643543553089,0.0,0.0008414217251853319,0.0,0.00040393328107202913,0.0
2785,0.0024033108996742852,0.0,0.0007611495025760032,0.0,0.0003231655307935101,0.0
2786,0.0023950867134948086,0.0,0.0007842519570036184,0.0,0.0003469328178107025,0.0
2787,0.0023872176695900766,0.0,0.0007580748085737341,0.0,0.00032100310952119446,0.0
2788,0.0023797420118368486,0.0,0.0007335359901553247,0.0,0.00029659903727173565,0.0
2789,0.002373601913992396,0.0,0.0007629634556695387,0.0,0.0003267136364525924,0.0
2790,0.0023527964377171415,0.0,0.0005744157994184648,0.0,0.00014082610660011538,0.0
2791,0.002400427502900239,0.0,0.0013177610338325823,0.0,0.0008097276000962779,0.0
2792,0.0024478901337600762,0.0,0.0014693010111036403,0.0,0.0010106992468939871,0.0
2793,0.00249284347088432,0.0,0.0015067268491359598,0.0,0.00113048607104143,0.0
2794,0.0025313988666089407,0.0,0.00153928157539519,0.0,0.001186294004344769,0.0
2795,0.002562996282362222,0.0,0.001573009711087563,0.0,0.0012171503948663902,0.0
2796,0.0025987706434245734,0.0,0.0016145956796445734,0.0,0.0012710144286435005,0.0
2797,0.002623765216541611,0.0,0.0016966613833811902,0.0,0.0013289238819085836,0.0
2798,0.002655468853359431,0.0,0.0017115463159175957,0.0,0.0013567989933224215,0.0
2799,0.0026936564396443123,0.0,0.001761531345744339,0.0,0.001418782597534115,0.0
2800,0.0027417620897951965,0.0,0.0018049834939844612,0.0,0.0014837178525436636,0.0
2801,0.002781632561229609,0.0,0.0018445342360964739,0.0,0.0015422725465786065,0.0
2802,0.002787692555792666,0.0,0.0019052551733698597,0.0,0.0015810376150746847,0.0
2803,0.002590621056735287,0.0,0.0012034652048321303,0.0,0.0009335648979971402,0.0
2804,0.0025351208542071383,0.0,0.0012320251451312628,0.0,0.0008711284700952133,0.0
2805,0.0024919695353126147,0.0,0.0010014202110011931,0.0,0.0005580291249031239,0.0
2806,0.0024701004718565758,0.0,0.0010263614229504255,0.0,0.00058750931401857,0.0
2807,0.002451828370955542,0.0,0.0009360682723411147,0.0,0.000498813947363139,0.0
2808,0.0024381670582889724,0.0,0.0008909194783928741,0.0,0.0004530412441511955,0.0
2809,0.0024259761063163614,0.0,0.0008079409219809782,0.0,0.00036975050142345534,0.0
2810,0.0024161082687539507,0.0,0.000827910406812869,0.0,0.0003904643030459467,0.0
2811,0.002406629041838843,0.0,0.0008031062420140202,0.0,0.0003661296864572309,0.0
2812,0.0023975524197044603,0.0,0.0007756880071406733,0.0,0.0003391894986695739,0.0
2813,0.0023904380545392828,0.0,0.0007998918688026729,0.0,0.0003637778513735101,0.0
2814,0.0023762978788605515,0.0,0.0006713994363934548,0.0,0.0002368208922533246,0.0
2815,0.0024256940456272857,0.0,0.00137992942672868,0.0,0.0008832426136656905,0.0
2816,0.0024695266016302587,0.0,0.0015019189073394489,0.0,0.001045007787493305,0.0
2817,0.002506662008687599,0.0,0.0015329884195049508,0.0,0.0011396886367128203,0.0
2818,0.0025340902487822666,0.0,0.0015660142580885162,0.0,0.001173364000845568,0.0
2819,0.0025585028116079547,0.0,0.001586401976494948,0.0,0.001191912081807201,0.0
2820,0.002584957229126047,0.0,0.0016176795979420662,0.0,0.0012298523917755578,0.0
2821,0.002605148266445534,0.0,0.0016676851958550038,0.0,0.0012765333503620942,0.0
2822,0.0026286325933324727,0.0,0.001679835788909577,0.0,0.0012941558823126227,0.0
2823,0.0026549443053390815,0.0,0.001734747434088403,0.0,0.0013495874408765342,0.0
2824,0.0026772144773978468,0.0,0.0017687045511187484,0.0,0.0013851242285807834,0.0
2825,0.0026998481095054983,0.0,0.0018108854379969288,0.0,0.0014326796937512566,0.0
2826,0.0027059810721381367,0.0,0.0018512196243814767,0.0,0.001477800043303125,0.0
2827,0.0025379751479865766,0.0,0.0010121379916661285,0.0,0.0005706999766498097,0.0
2828,0.0024943164754786837,0.0,0.0010708661419979889,0.0,0.0006308105567332282,0.0
2829,0.0024644631436712416,0.0,0.0009104617976310981,0.0,0.00046195701825446135,0.0
2830,0.002446021856115004,0.0,0.0009195265999814432,0.0,0.0004321424864471672,0.0
2831,0.0024320342054017,0.0,0.0008572477205548437,0.0,0.000421305712521876,0.0
2832,0.00242119078158553,0.0,0.0008247772806907587,0.0,0.00038857542796556094,0.0
2833,0.002411279676135972,0.0,0.0007522984695666611,0.0,0.0003152855633326906,0.0
2834,0.002403247475482005,0.0,0.0007601069133193756,0.0,0.00032347759249124483,0.0
2835,0.002395693790260274,0.0,0.0007327177894981554,0.0,0.00029581062589257093,0.0
2836,0.002388050083465163,0.0,0.0006930444384309058,0.0,0.0002563773124343127,0.0
2837,0.0023822532112668156,0.0,0.00072151482699474,0.0,0.00028496609080151127,0.0
2838,0.0023759476980911754,0.0,0.0007290302444929713,0.0,0.000290938919068834,0.0
2839,0.0023659847220671047,0.0,0.0009468850554781158,0.0,0.0003666030500458228,0.0
2840,0.002336972413435951,0.0,0.0006220741595973588,0.0,0.0001193943199433795,0.0
2841,0.0023703992530559907,0.0,0.0011658633939866457,0.0,0.0007076175221061912,0.0
2842,0.0023915178951956755,0.0,0.0012755414291417276,0.0,0.000835047000570909,0.0
2843,0.0024152617128346135,0.0,0.0013534463704351803,0.0,0.0009187728241588861,0.0
2844,0.0024331296853647346,0.0,0.0014080490995621842,0.0,0.0009729948442537156,0.0
2845,0.002448219691449435,0.0,0.0014510364736464547,0.0,0.00101660559698235,0.0
2846,0.0024617993939547844,0.0,0.0014852468367369442,0.0,0.0010510846524946806,0.0
2847,0.002472505954955106,0.0,0.0015053847242231487,0.0,0.0010719542711388325,0.0
2848,0.0024165717742660195,0.0,0.0010014797616857563,0.0,0.0005647796205218492,0.0
2849,0.0024097058219453,0.0,0.001115829142398876,0.0,0.0006800518095343609,0.0
2850,0.002393706022322041,0.0,0.0009779638389196298,0.0,0.0005267687651420926,0.0
2851,0.00238545120833658,0.0,0.0009857652525809486,0.0,0.0005499981394860925,0.0
2852,0.0023793202730864873,0.0,0.0009588613382701758,0.0,0.0005230874979476779,0.0
2853,0.0023709399602720805,0.0,0.000822991532693619,0.0,0.00038649750542671456,0.0
2854,0.0023658676575890824,0.0,0.0007995906134325693,0.0,0.0003618018843881373,0.0
2855,0.002360556224379747,0.0,0.0007378937905924315,0.0,0.00030231170736659215,0.0
2856,0.0023577586540415854,0.0,0.0007121151884527249,0.0,0.0002762996511048621,0.0
2857,0.00235379645559137,0.0,0.0006380641750962548,0.0,0.00020255565434683332,0.0
2858,0.00235069467314177,0.0,0.000645677229647359,0.0,0.0002103666596001163,0.0
2859,0.0023477049550416954,0.0,0.0006312458396307678,0.0,0.00019603422432189275,0.0
2860,0.0023430154939442166,0.0,0.0006102883450772262,0.0,0.00017569562697883866,0.0
2861,0.0023398809770286792,0.0,0.0006201740221648102,0.0,0.00018575347817848518,0.0
2862,0.002336003598131916,0.0,0.0006242480948802972,0.0,0.00018827944072227158,0.0
2863,0.0023371630007861886,0.0,0.0008806069023004849,0.0,0.00044061746456262895,0.0
2864,0.002340490310258741,0.0,0.0009656373205613536,0.0,0.0005253316916806012,0.0
2865,0.0023415687450959594,0.0,0.0009565830086678182,0.0,0.0005239865027586957,0.0
2866,0.0023397961743110976,0.0,0.0009183132324121284,0.0,0.0004808549939733079,0.0
2867,0.002339739772116675,0.0,0.0009061435565131588,0.0,0.00047263868197379736,0.0
2868,0.0023425732440052597,0.0,0.0009344611043929228,0.0,0.0005014193194573466,0.0
2869,0.0023451300230265867,0.0,0.0009545602372751172,0.0,0.0005215043455534948,0.0
2870,0.002347407334253506,0.0,0.0009705478088158253,0.0,0.0005366121186351747,0.0
2871,0.0023490173931976586,0.0,0.000976887678889864,0.0,0.0005437560527084264,0.0
2872,0.002347761855220085,0.0,0.0009567792813915345,0.0,0.0005243852281255122,0.0
2873,0.0023481865719290496,0.0,0.000965505129730392,0.0,0.0005330391141864493,0.0
2874,0.0023404150917341513,0.0,0.0008325666953545353,0.0,0.00039864157813774615,0.0
2875,0.0023346243480469216,0.0,0.0008019988045755674,0.0,0.000336011248304956,0.0
2876,0.002330329432255823,0.0,0.0007707414183254575,0.0,0.0002906272963417453,0.0
2877,0.0023233209426209204,0.0,0.000651993187708945,0.0,0.00016391637805385716,0.0
2878,0.002317842901606503,0.0,0.0006404648517783947,0.0,0.000141574917065269,0.0
2879,0.0023115335693026868,0.0,0.0006144546903128845,0.0,0.0001124783112277319,0.0
2880,0.002309407359863293,0.0,0.0005949925784903046,0.0,0.00010134696381036863,0.0
2881,0.0023046428151062637,0.0,0.0005856061930990283,0.0,8.1609161562737e-05,0.0
2882,0.002300776347682094,0.0,0.0005768901324504064,0.0,7.510155777759565e-05,0.0
2883,0.0022981326473030233,0.0,0.0005721276395625442,0.0,6.716713178856609e-05,0.0
2884,0.002295305432521897,0.0,0.000563387669279148,0.0,6.307506942175752e-05,0.0
2885,0.002295208852851391,0.0,0.0005933715781544224,0.0,7.93392731556809e-05,0.0
2886,0.002121838462182015,0.0,0.00020100039591851055,0.0,-0.00024267431030803492,0.0
2887,0.002143726576672316,0.0,0.0005046621928158247,0.0,-0.00013176884184402373,0.0
2888,0.0022141631314504377,0.0,0.0007462608068754639,0.0,0.00010458574338199813,0.0
2889,0.0022582715243452452,0.0,0.0008979525133218696,0.0,0.0003694958991934611,0.0
2890,0.00228951833810187,0.0,0.0010155729058046478,0.0,0.0005333034527481208,0.0
2891,0.0023141718508557455,0.0,0.0010853024117681584,0.0,0.0006326537497814775,0.0
2892,0.0023385302853382323,0.0,0.0011578949612758018,0.0,0.0007281404293497894,0.0
2893,0.0023677219901641873,0.0,0.0012673378542855764,0.0,0.0008531271132103614,0.0
2894,0.0023905479976316837,0.0,0.0012810881586523045,0.0,0.000878776133092208,0.0
2895,0.002415234339121027,0.0,0.0013626310757746266,0.0,0.0009551312706504119,0.0
2896,0.002443134753340412,0.0,0.0014393331483088757,0.0,0.0010313989016123531,0.0
2897,0.002468142016058486,0.0,0.0014909067718336803,0.0,0.0010962225488294868,0.0
2898,0.0024862401407449563,0.0,0.00155257965945227,0.0,0.0011778473260453692,0.0
2899,0.0024003817156267224,0.0,0.0009366697680927869,0.0,0.00051791262738776,0.0
2900,0.0023821053099929842,0.0,0.0010002823954860097,0.0,0.0005738316286484917,0.0
2901,0.0023599623702193102,0.0,0.0007292710159224078,0.0,0.00021686954459351868,0.0
2902,0.002352264276513226,0.0,0.0008083720995478644,0.0,0.00026982300302686303,0.0
2903,0.002349498159457946,0.0,0.0007478641639653309,0.0,0.00031238011796193635,0.0
2904,0.0023457782349948636,0.0,0.0007143474710945077,0.0,0.000278847884763408,0.0
2905,0.0023414785245989833,0.0,0.0006541607185289206,0.0,0.00021825587287047153,0.0
2906,0.002337874719523373,0.0,0.0006627781210088598,0.0,0.00022725456061532204,0.0
2907,0.00233392092197066,0.0,0.00064263415831527,0.0,0.00020723376342506841,0.0
2908,0.0023299138890413877,0.0,0.0006327109113567545,0.0,0.0001976768023337894,0.0
2909,0.0023274108294464493,0.0,0.0006502477026871989,0.0,0.00021519091617209205,0.0
2910,0.0022417291975968447,0.0,0.0003359304793847977,0.0,-9.547872858411879e-05,0.0
2911,0.0022842894407545337,0.0,0.000902901419892599,0.0,0.0002705274976250111,0.0
2912,0.0023375722403937886,0.0,0.0011800271051844262,0.0,0.0006628714982228965,0.0
2913,0.0023816132758010967,0.0,0.0013299208572157151,0.0,0.0009168677407837683,0.0
2914,0.002414932272711808,0.0,0.0013767726708035217,0.0,0.0009774990791219555,0.0
2915,0.002443933081878769,0.0,0.0014102072806261904,0.0,0.0010138030098208592,0.0
2916,0.0024751941689423263,0.0,0.0014594271271818776,0.0,0.0010731808869883874,0.0
2917,0.0025095360465691584,0.0,0.0015357006158852515,0.0,0.001163403562783983,0.0
2918,0.002543698070424987,0.0,0.0015518958123508146,0.0,0.0011995645136316565,0.0
2919,0.002576230686167384,0.0,0.0016179141268852992,0.0,0.0012646462826457982,0.0
2920,0.002608473595609807,0.0,0.0016675999682002833,0.0,0.0013179110916508915,0.0
2921,0.0026285870080187453,0.0,0.001719506670846304,0.0,0.0013586613321577867,0.0
2922,0.0026516714731547645,0.0,0.0017776385200198913,0.0,0.0014298312333832922,0.0
2923,0.002498254240198918,0.0,0.0010926498451657755,0.0,0.0007153927294048918,0.0
2924,0.0024590547312169034,0.0,0.0011390332872171162,0.0,0.0007098014355506014,0.0
2925,0.0024304407289754727,0.0,0.000922580947185679,0.0,0.00047864138671328544,0.0
2926,0.0024162181668228805,0.0,0.0009322545682491972,0.0,0.0004929017796115173,0.0
2927,0.002404155654557475,0.0,0.0008515224358968871,0.0,0.0004142155556616208,0.0
2928,0.002395248039588776,0.0,0.0008116632080561903,0.0,0.0003739758143563544,0.0
2929,0.002387208166849085,0.0,0.0007293479688239516,0.0,0.000291002275437921,0.0
2930,0.0023806861232647906,0.0,0.0007603119320974837,0.0,0.0003227795121477316,0.0
2931,0.002374408943098925,0.0,0.00073952994682244,0.0,0.00030234884650737616,0.0
2932,0.002368158977504347,0.0,0.0007169361987869325,0.0,0.00027998652794840903,0.0
2933,0.002362746696807718,0.0,0.0007441355769601914,0.0,0.00030802620289494334,0.0
2934,0.0023239511266150187,0.0,0.0004609051945453947,0.0,2.8607547176874603e-05,0.0
2935,0.002375790198206444,0.0,0.0012652315873493815,0.0,0.0007529423467780333,0.0
2936,0.002428904741531212,0.0,0.0014547382867763847,0.0,0.001001457239765754,0.0
2937,0.0024795249299413976,0.0,0.0014725367628937052,0.0,0.0011217107811753698,0.0
2938,0.0025173446105225712,0.0,0.0015120865609159668,0.0,0.0011731417805450847,0.0
2939,0.002551530421162282,0.0,0.0015503431604580187,0.0,0.0012103113249412926,0.0
2940,0.0025918720040972775,0.0,0.0015948348927577415,0.0,0.0012703183001676632,0.0
2941,0.0026318340850256753,0.0,0.001669811508849604,0.0,0.001343805948391264,0.0
2942,0.0026727526508201274,0.0,0.001697658258340103,0.0,0.001378046263534393,0.0
2943,0.0027160870123681445,0.0,0.001760025198650694,0.0,0.0014455891606962507,0.0
2944,0.0027631211507457665,0.0,0.0018091707335093365,0.0,0.0015084099903621886,0.0
2945,0.0028030071106306636,0.0,0.0018565664217645623,0.0,0.0015662857893896597,0.0
2946,0.0028216396481805252,0.0,0.0019162618266541128,0.0,0.001617690166265799,0.0
2947,0.00261590517112985,0.0,0.0012491413768489542,0.0,0.0010497696961143201,0.0
2948,0.0025563747161255353,0.0,0.0012650984336125852,0.0,0.0009739583179650456,0.0
2949,0.0025041671575239117,0.0,0.0010321926640783226,0.0,0.0005984964260397222,0.0
2950,0.0024800381640308717,0.0,0.0010809441417219737,0.0,0.000642676529737524,0.0
2951,0.0024603292699502564,0.0,0.0009881360806758934,0.0,0.0005509392917368444,0.0
2952,0.002445951984065787,0.0,0.000935211354082877,0.0,0.0004964852533133127,0.0
2953,0.0024334125654713887,0.0,0.0008298914931390196,0.0,0.00038992578874134996,0.0
2954,0.0024233198275619918,0.0,0.000848396551460234,0.0,0.0004093536590123639,0.0
2955,0.002413557234744728,0.0,0.0008184161946197576,0.0,0.00038031833091802403,0.0
2956,0.0024046427866736214,0.0,0.0007966513585015442,0.0,0.0003589418826626207,0.0
2957,0.0023971851233956796,0.0,0.000822136718754692,0.0,0.0003853292807263172,0.0
2958,0.00238200252076987,0.0,0.0006593562867365293,0.0,0.00022439473568936115,0.0
2959,0.002431809720421625,0.0,0.0014167866895731147,0.0,0.0009339631126501493,0.0
2960,0.0024774863348962237,0.0,0.001533597521948648,0.0,0.0010841855179609622,0.0
2961,0.002515009171629072,0.0,0.0015527352400594703,0.0,0.00116086538925769,0.0
2962,0.002543993618958692,0.0,0.0015874393628448346,0.0,0.0011978205101570126,0.0
2963,0.0025719171882218265,0.0,0.0016159833218388666,0.0,0.0012248089182582884,0.0
2964,0.0026040793124068587,0.0,0.0016559247474439186,0.0,0.0012737038543617282,0.0
2965,0.002642426458888206,0.0,0.0017311532284404994,0.0,0.0013599023561489437,0.0
2966,0.0026803275188029795,0.0,0.00174248282495863,0.0,0.0013903781681864446,0.0
2967,0.002718658676666433,0.0,0.001792288463136313,0.0,0.001449400917699046,0.0
2968,0.002746056365603283,0.0,0.001830921923684613,0.0,0.0014859255077311032,0.0
2969,0.002766568646220337,0.0,0.0018733129185942055,0.0,0.0015238473620879881,0.0
2970,0.0027662147294571877,0.0,0.001915843650001856,0.0,0.0015559816423118692,0.0
2971,0.0025786213305179157,0.0,0.0011753900731666354,0.0,0.0007598269192914111,0.0
2972,0.002527713479728963,0.0,0.0011971940815282552,0.0,0.0007579097586238679,0.0
2973,0.002492241908704644,0.0,0.0009912906445664685,0.0,0.0005477329585024055,0.0
2974,0.0024723739050904222,0.0,0.001007994605970539,0.0,0.0005687843289145567,0.0
2975,0.00245524714425886,0.0,0.0009253040143476531,0.0,0.00048810756661670125,0.0
2976,0.0024420987379822523,0.0,0.0008825471774861482,0.0,0.0004450522414206652,0.0
2977,0.002430036538641587,0.0,0.0008013636448912496,0.0,0.00036370958266184893,0.0
2978,0.0024203071485149903,0.0,0.000819814822087251,0.0,0.00038285956802799393,0.0
2979,0.0024111266459789947,0.0,0.0007905431158956168,0.0,0.0003538932723354477,0.0
2980,0.0024022186812440276,0.0,0.0007612337270702042,0.0,0.0003247897310415396,0.0
2981,0.0023947986965536724,0.0,0.0007854727363130012,0.0,0.0003497186929616498,0.0
2982,0.002377260781159443,0.0,0.0006453006308189415,0.0,0.00021141446036482292,0.0
2983,0.0024263723851056015,0.0,0.001353352210272899,0.0,0.0008471049012473435,0.0
2984,0.0024770175577355944,0.0,0.001524199725656334,0.0,0.0010729141142307927,0.0
2985,0.002522473268516044,0.0,0.0015567061199569289,0.0,0.0011786120649568258,0.0
2986,0.0025532175448973867,0.0,0.0015996310479484183,0.0,0.001216406533375174,0.0
2987,0.0025923281711851456,0.0,0.0016268091949149536,0.0,0.0012654521174189442,0.0
2988,0.002633130153580349,0.0,0.0016706955477681512,0.0,0.0013232630310885726,0.0
2989,0.0026764866136695094,0.0,0.0017403419152418884,0.0,0.001399054887724968,0.0
2990,0.002712880163173479,0.0,0.0017596824218957098,0.0,0.0014257720035445657,0.0
2991,0.0027527040713289245,0.0,0.0018108125228084172,0.0,0.0014869750922889406,0.0
2992,0.0027986691497493684,0.0,0.0018519093192013124,0.0,0.0015466594486944854,0.0
2993,0.002793247719711979,0.0,0.0018908234486437181,0.0,0.0015465009922373562,0.0
2994,0.002796573330519532,0.0,0.0019454693227982961,0.0,0.001587520111406331,0.0
2995,0.0026012427374791872,0.0,0.0012053166372131797,0.0,0.0008130713477349572,0.0
2996,0.002548998725913933,0.0,0.0012460798596574839,0.0,0.000823200386098994,0.0
2997,0.002510193191763369,0.0,0.0010346676593957478,0.0,0.0005917344865305925,0.0
2998,0.002488347705838922,0.0,0.0010344820108146224,0.0,0.0005958364527163139,0.0
2999,0.002469623366090538,0.0,0.0009405335576212575,0.0,0.0005028351923562356,0.0
3000,0.00245522020557112,0.0,0.000891258733608918,0.0,0.0004535720933051678,0.0
3001,0.002442306006960252,0.0,0.0008074662611159658,0.0,0.0003695183823225782,0.0
3002,0.00243190865784116,0.0,0.0008279830683828419,0.0,0.0003908703082318391,0.0
3003,0.002422137420072155,0.0,0.0008012439280821843,0.0,0.00036446112481409434,0.0
3004,0.0024127680659328816,0.0,0.0007722506544354517,0.0,0.00033566535600453376,0.0
3005,0.002404854200730655,0.0,0.0007914882608347799,0.0,0.0003554884181639778,0.0
3006,0.002395965245552011,0.0,0.0007828932164591098,0.0,0.0003455636844370857,0.0
3007,0.002388448591968472,0.0,0.0009982725193985853,0.0,0.0004421553099965463,0.0
3008,0.0023689227809373025,0.0,0.0007005814192350801,0.0,0.00022476804712976426,0.0
3009,0.002408140056454241,0.0,0.0013102217384948986,0.0,0.0009087701034431008,0.0
3010,0.0024384865847665556,0.0,0.0013887954388164942,0.0,0.0010120018843696541,0.0
3011,0.0024617189797031622,0.0,0.00147393706478203,0.0,0.0010556908733317329,0.0
3012,0.0024859252010882185,0.0,0.0015165234254097295,0.0,0.0011153699460094424,0.0
3013,0.002510806673964,0.0,0.0015317390850722208,0.0,0.0011595336167038103,0.0
3014,0.0025321401187905117,0.0,0.0015579923627023157,0.0,0.0011928007084028008,0.0
3015,0.0025484128427846605,0.0,0.0015980324531735467,0.0,0.0012183785882926342,0.0
3016,0.0024850952942305194,0.0,0.0011971908496769585,0.0,0.0008703997533677419,0.0
3017,0.0024835209378480626,0.0,0.0012652263319798658,0.0,0.0009436846560950097,0.0
3018,0.0024702893233683335,0.0,0.0011948847972830601,0.0,0.0008830791454148045,0.0
3019,0.0024533907197906374,0.0,0.0012479360443390535,0.0,0.0008261413179957563,0.0
3020,0.002442317767245142,0.0,0.0012121346011121803,0.0,0.0007828562558862648,0.0
3021,0.002427169031611839,0.0,0.0010739558213427247,0.0,0.0006382360170957379,0.0
3022,0.00241927618274145,0.0,0.0010604517375438515,0.0,0.0006229341947404181,0.0
3023,0.002411352017843753,0.0,0.0009933357322676555,0.0,0.0005572092130936295,0.0
3024,0.0024061583635363523,0.0,0.0009609291818011168,0.0,0.0005236081055996066,0.0
3025,0.0024008101923781314,0.0,0.0008680857175080417,0.0,0.00042961919737158545,0.0
3026,0.002397088491803155,0.0,0.0008869381805196865,0.0,0.0004482777073574009,0.0
3027,0.002393238158106283,0.0,0.0008537594875130106,0.0,0.0004147119597210074,0.0
3028,0.002389442864473857,0.0,0.0008194953282907418,0.0,0.00037973743432525154,0.0
3029,0.0023868236141089427,0.0,0.0008684558732254849,0.0,0.0004296977588260642,0.0
3030,0.0023828632614327763,0.0,0.0008637380059736549,0.0,0.0004232138175194,0.0
3031,0.002391180788194545,0.0,0.0012080828825066457,0.0,0.0007747402543628167,0.0
3032,0.0023980055670167165,0.0,0.0012685633681841497,0.0,0.000840247957029021,0.0
3033,0.002400771340060449,0.0,0.0012362729599890599,0.0,0.0008150066452745849,0.0
3034,0.0024027724118350045,0.0,0.0012098566020824406,0.0,0.0007875489599388334,0.0
3035,0.0024044671310075845,0.0,0.0011806222311226365,0.0,0.0007577635292480385,0.0
3036,0.002407399834970619,0.0,0.001204337540633422,0.0,0.0007714221190225805,0.0
3037,0.0024105586777232856,0.0,0.0012172418786963776,0.0,0.0007856348109008813,0.0
3038,0.002413457852023417,0.0,0.0012261636888354793,0.0,0.0007993440265377837,0.0
3039,0.0024167387897412853,0.0,0.0012475100918838623,0.0,0.0008180413592623025,0.0
3040,0.002418430961293246,0.0,0.0012533128188464866,0.0,0.0008210103546109257,0.0
3041,0.002420769847559674,0.0,0.001256101646871012,0.0,0.000828909321259508,0.0
3042,0.0024104470543868132,0.0,0.0011651888390279553,0.0,0.0007345675654979872,0.0
3043,0.002404296402558268,0.0,0.001187888723954865,0.0,0.0007557246296700962,0.0
3044,0.002398800603015629,0.0,0.0011490695794209751,0.0,0.0007153167935177655,0.0
3045,0.002389874559832349,0.0,0.00101534266068001,0.0,0.0005805398900309336,0.0
3046,0.0023846665467043182,0.0,0.0009694537442112919,0.0,0.0005320592686419918,0.0
3047,0.0023794238388620383,0.0,0.0008957776138541851,0.0,0.0004592100015327449,0.0
3048,0.0023762802515558627,0.0,0.0008605809750850328,0.0,0.0004233818376284278,0.0
3049,0.002372823447945995,0.0,0.0007760597747643008,0.0,0.00033702846348770184,0.0
3050,0.0023703144140427615,0.0,0.0007934378006956889,0.0,0.0003552954025119756,0.0
3051,0.0023675560448646257,0.0,0.0007642986722783906,0.0,0.0003260981111700822,0.0
3052,0.002364816467524729,0.0,0.0007387310532205261,0.0,0.00030082633484690836,0.0
3053,0.0023623446739302013,0.0,0.0007330519144900431,0.0,0.00029532640799507007,0.0
3054,0.002245293661704516,0.0,0.0002952782754767773,0.0,-0.0001356811752972095,0.0
3055,0.0023032350843875827,0.0,0.0007265621078920421,0.0,0.00015944216437827215,0.0
3056,0.0023435393192541582,0.0,0.001124960103549243,0.0,0.0006156415314204165,0.0
3057,0.0023747525365460194,0.0,0.001220116684736478,0.0,0.0008299877495265887,0.0
3058,0.002395642979213321,0.0,0.0012552385031770312,0.0,0.0008649119407438007,0.0
3059,0.0024117537301023583,0.0,0.001270244323740049,0.0,0.0008726704184696379,0.0
3060,0.0024334354314590675,0.0,0.0013216797481112265,0.0,0.000931443156009725,0.0
3061,0.002461565474845707,0.0,0.0014209450729364796,0.0,0.0010395807021581424,0.0
3062,0.0024946719895300494,0.0,0.0014593907346130283,0.0,0.0010984613419262356,0.0
3063,0.0025384283351546025,0.0,0.0015286659389170199,0.0,0.0011998096311608862,0.0
3064,0.002588568895163083,0.0,0.0015829893020885848,0.0,0.0012778164159117063,0.0
3065,0.002632608662826441,0.0,0.0016391305536443757,0.0,0.0013499269323206812,0.0
3066,0.0026574639415238585,0.0,0.0017182319985485377,0.0,0.0014154568924838076,0.0
3067,0.0025088569391784736,0.0,0.001119679288283995,0.0,0.0007641109104516621,0.0
3068,0.0024700932308960046,0.0,0.0011557406274401915,0.0,0.0007265138129107719,0.0
3069,0.0024429336042759934,0.0,0.0009862521787450166,0.0,0.0005443520789792597,0.0
3070,0.002429977477647879,0.0,0.00100573170234958,0.0,0.000567803952497025,0.0
3071,0.0024186259075809928,0.0,0.0009322835561190034,0.0,0.0004954854400478275,0.0
3072,0.002410421275043682,0.0,0.0008909761983517707,0.0,0.0004525689589551772,0.0
3073,0.0024029878296549173,0.0,0.000780346819130816,0.0,0.00033942458699279905,0.0
3074,0.002397466118526216,0.0,0.0008085142143027112,0.0,0.00036812464008394185,0.0
3075,0.0023920568066977533,0.0,0.0007810688390503539,0.0,0.00034141810003764615,0.0
3076,0.0023869769472717006,0.0,0.0007596514806349148,0.0,0.00032024471046453455,0.0
3077,0.002382967209900144,0.0,0.0007981274479367517,0.0,0.00035992937980304594,0.0
3078,0.00234062369615502,0.0,0.0004295336158124769,0.0,-2.731923691353614e-06,0.0
3079,0.002390039767689088,0.0,0.001343434747562333,0.0,0.0008760253353441122,0.0
3080,0.0024343449301423175,0.0,0.0014648645152337348,0.0,0.0010214600549645779,0.0
3081,0.0024714288756965833,0.0,0.0014733573344803395,0.0,0.0010856921415287129,0.0
3082,0.0024986195095467656,0.0,0.0015038429314190131,0.0,0.0011174273101993769,0.0
3083,0.0025222162260643763,0.0,0.0015235007117316143,0.0,0.0011350070985442582,0.0
3084,0.002547323832617967,0.0,0.0015538184674197305,0.0,0.001172415666213236,0.0
3085,0.002572230047119173,0.0,0.0016221774116731136,0.0,0.0012363868400839546,0.0
3086,0.0025962260734052577,0.0,0.0016288135786386405,0.0,0.001251381703574484,0.0
3087,0.002619212485049183,0.0,0.0016767344197328624,0.0,0.001298374122478034,0.0
3088,0.0026413081732469834,0.0,0.0017096026078876564,0.0,0.0013345850419801677,0.0
3089,0.002665424959926913,0.0,0.0017530471849022085,0.0,0.0013851931933599065,0.0
3090,0.0026699612078797336,0.0,0.0017928987972185351,0.0,0.001425895004202852,0.0
3091,0.0025193075446211946,0.0,0.001032896752784129,0.0,0.0005946299255303396,0.0
3092,0.002479613657304702,0.0,0.0010628368357380505,0.0,0.0006234014600416389,0.0
3093,0.00245199108188353,0.0,0.000909508575306379,0.0,0.0004517764782258533,0.0
3094,0.0024346268199178355,0.0,0.0009122796297714158,0.0,0.0004033983870972717,0.0
3095,0.002422736685344337,0.0,0.0008555577601499435,0.0,0.00041998455937088184,0.0
3096,0.0024133541332615905,0.0,0.0008290304932236274,0.0,0.00039327555482730195,0.0
3097,0.0024036948016139996,0.0,0.0007393529797797942,0.0,0.00030298847001474925,0.0
3098,0.00239638463518609,0.0,0.0007500272356912941,0.0,0.0003139421819295968,0.0
3099,0.0023899530190430217,0.0,0.0007347337558754686,0.0,0.00029856638816505685,0.0
3100,0.0023835559919346506,0.0,0.0007095919942765336,0.0,0.00027339734489968985,0.0
3101,0.0023784076116035394,0.0,0.0007354186859422085,0.0,0.0002996268523874899,0.0
3102,0.002340322998875702,0.0,0.00048560101967261586,0.0,5.338633900899112e-05,0.0
3103,0.0023855996994940525,0.0,0.001213382351123997,0.0,0.0006692226125499269,0.0
3104,0.0024334177163655366,0.0,0.0013926267994126865,0.0,0.0009120948719619356,0.0
3105,0.0024701119117626572,0.0,0.0014602202157189676,0.0,0.0010588691496410266,0.0
3106,0.00249500952759504,0.0,0.0014835149306150163,0.0,0.001085031861402108,0.0
3107,0.002514877980559241,0.0,0.0014973281055897757,0.0,0.001094495333314152,0.0
3108,0.002539143739230831,0.0,0.0015338699745109634,0.0,0.0011369524647510294,0.0
3109,0.002569620435814807,0.0,0.001605641821463435,0.0,0.0012196096838948344,0.0
3110,0.002600879224574946,0.0,0.0016205062806171273,0.0,0.001254691371108136,0.0
3111,0.002637123429558502,0.0,0.001688149931419538,0.0,0.001330753775854762,0.0
3112,0.002676288245124233,0.0,0.001752343329777256,0.0,0.001400049413363992,0.0
3113,0.002720312473381973,0.0,0.001797090277361636,0.0,0.001475607754797219,0.0
3114,0.002746369221728748,0.0,0.0018609589912136216,0.0,0.001539154940084993,0.0
3115,0.002574460198692023,0.0,0.0011858690838012496,0.0,0.0009766261023636438,0.0
3116,0.0025296631971225467,0.0,0.0012135804624522132,0.0,0.0009411049512815565,0.0
3117,0.0024849622853267096,0.0,0.0009595276547157317,0.0,0.0005452590545746089,0.0
3118,0.0024647708654430304,0.0,0.0010184620414717598,0.0,0.0005773408787076507,0.0
3119,0.002448195482625464,0.0,0.0009316193056003489,0.0,0.0004948198506892522,0.0
3120,0.0024355120632035287,0.0,0.0008831170620622795,0.0,0.00044630063397260267,0.0
3121,0.0024237236849421794,0.0,0.0008002251993640098,0.0,0.00036327605300732926,0.0
3122,0.0024146648956942856,0.0,0.0008125593603819947,0.0,0.0003762531786745682,0.0
3123,0.0024063850516385064,0.0,0.0007871436599967442,0.0,0.0003508753854688008,0.0
3124,0.002398880159037056,0.0,0.0007637436510268283,0.0,0.00032765224336447625,0.0
3125,0.0023928865461597436,0.0,0.0007885355872649313,0.0,0.00035272827983621156,0.0
3126,0.002366658850911106,0.0,0.0005630749541124719,0.0,0.0001302266766215768,0.0
3127,0.0024214800497167847,0.0,0.0013587824674288068,0.0,0.0008627276106762962,0.0
3128,0.0024738808487195126,0.0,0.0015288028184476633,0.0,0.0010845764618620328,0.0
3129,0.0025259200437919727,0.0,0.001529960312000838,0.0,0.0011855017075012263,0.0
3130,0.002563870901491031,0.0,0.0015709872259480962,0.0,0.0012344733863059116,0.0
3131,0.0025974421930997083,0.0,0.0016082795703776275,0.0,0.0012690125912061282,0.0
3132,0.002636907980410069,0.0,0.0016535351563476167,0.0,0.0013271013136542547,0.0
3133,0.0026722144011610003,0.0,0.0017289637153690585,0.0,0.0013912178313728674,0.0
3134,0.002713049604818977,0.0,0.0017488698908144599,0.0,0.001424367175806246,0.0
3135,0.002754613207324092,0.0,0.0018052665762073891,0.0,0.0014882946225545585,0.0
3136,0.0027971801863538037,0.0,0.001847614480812051,0.0,0.0015438649439788225,0.0
3137,0.0028358328310070092,0.0,0.001888494547795806,0.0,0.0015986491478421961,0.0
3138,0.002841855620277323,0.0,0.0019399729416459423,0.0,0.001632786359300479,0.0
3139,0.0026274877855403294,0.0,0.0012349592044549004,0.0,0.0009193804391887659,0.0
3140,0.0025682910373867967,0.0,0.001271694772336961,0.0,0.0008719483660950967,0.0
3141,0.0025263437702326107,0.0,0.001096477630550199,0.0,0.0006547974062152751,0.0
3142,0.002503047961303015,0.0,0.0011007877623178404,0.0,0.0006630373451316537,0.0
3143,0.0024833975318360275,0.0,0.001014822699852996,0.0,0.0005778951072136498,0.0
3144,0.0024687950409307494,0.0,0.0009694727160253027,0.0,0.0005312002696105113,0.0
3145,0.002454463596171353,0.0,0.0007484880034678192,0.0,0.0003064640363464315,0.0
3146,0.0024450829660471905,0.0,0.000853959303655123,0.0,0.00041316313773745537,0.0
3147,0.002436249152306989,0.0,0.000830621443374799,0.0,0.0003898061157633897,0.0
3148,0.002427652651203203,0.0,0.0008019186271931685,0.0,0.00036161893426566913,0.0
3149,0.002420448908850111,0.0,0.0008422595663557298,0.0,0.0004033304681861163,0.0
3150,0.002412178739216865,0.0,0.0008340248808161282,0.0,0.0003952297954479076,0.0
3151,0.002467208050127371,0.0,0.0015599999277205944,0.0,0.0011199422747262566,0.0
3152,0.0025212216732686376,0.0,0.0016439370453210048,0.0,0.0012146913866282632,0.0
3153,0.002575445116564225,0.0,0.0016249524446719794,0.0,0.0012764325564284455,0.0
3154,0.0026206141420742138,0.0,0.0016583140444377585,0.0,0.0013309299688961766,0.0
3155,0.0026614875222057896,0.0,0.0016827225320346073,0.0,0.0013595781733734135,0.0
3156,0.0027066626731203254,0.0,0.0017201046282597982,0.0,0.001411935358077673,0.0
3157,0.0027434470375773488,0.0,0.0017936846346161305,0.0,0.001474679884199749,0.0
3158,0.0027898349960557662,0.0,0.0018105298200742058,0.0,0.0015140366977293776,0.0
3159,0.0028400052610100587,0.0,0.0018658712640113814,0.0,0.001583677188808084,0.0
3160,0.0028911710915769627,0.0,0.0019170721814902,0.0,0.0016460474172599851,0.0
3161,0.002938724262319584,0.0,0.0019652232630916868,0.0,0.0017074306375996842,0.0
3162,0.002961015259637812,0.0,0.0020174594287038676,0.0,0.0017550058084283685,0.0
3163,0.002730053535204559,0.0,0.0013417150452833398,0.0,0.0012351815881661101,0.0
3164,0.002660678359974989,0.0,0.0013380894734973043,0.0,0.0011490728620609124,0.0
3165,0.002590242291984142,0.0,0.001155235461542756,0.0,0.0007927455036269388,0.0
3166,0.0025545900971779348,0.0,0.0011729861899685316,0.0,0.0007730438781883432,0.0
3167,0.002526253365704839,0.0,0.0010793725329187995,0.0,0.0006427355962983199,0.0
3168,0.0025059890327867413,0.0,0.001022358138896867,0.0,0.0005839883157820686,0.0
3169,0.002489103969211901,0.0,0.0009171233834437283,0.0,0.00047671140491970334,0.0
3170,0.0024760311398666747,0.0,0.000935530093618733,0.0,0.0004956193325781266,0.0
3171,0.002464193417351819,0.0,0.0009033080593414675,0.0,0.0004637354915776968,0.0
3172,0.0024526545166800107,0.0,0.0008695238032234609,0.0,0.0004311408137423452,0.0
3173,0.0024427121285523394,0.0,0.0008899979866750889,0.0,0.00045282739180819596,0.0
3174,0.0024325649502784413,0.0,0.0008785818224693875,0.0,0.0004401958225729286,0.0
3175,0.0024321617715034136,0.0,0.0011496941502653147,0.0,0.0006665763529438019,0.0
3176,0.002420535995554471,0.0,0.001022597258248533,0.0,0.0005744002847283794,0.0
3177,0.002459692655620218,0.0,0.0014354443962891,0.0,0.0010532446636338307,0.0
3178,0.0024946215115915016,0.0,0.0014810609045272018,0.0,0.0011279142160262965,0.0
3179,0.0025226177258399042,0.0,0.001510840261818325,0.0,0.0011529338570888856,0.0
3180,0.0025398424830271756,0.0,0.0015541593979413132,0.0,0.0011792512992469116,0.0
3181,0.00254051834281294,0.0,0.0015988267336982597,0.0,0.0011753691820178677,0.0
3182,0.0025523635620407128,0.0,0.0016264504662402066,0.0,0.001202577623574765,0.0
3183,0.0025666518947873944,0.0,0.0016574552818795559,0.0,0.0012312143303112562,0.0
3184,0.0024954195011171534,0.0,0.0012185713034006404,0.0,0.0007828536097820818,0.0
3185,0.0024857659841282,0.0,0.0012985434837719224,0.0,0.0008634168869428676,0.0
3186,0.00246709104288503,0.0,0.0011920659730836503,0.0,0.0007580882726300052,0.0
3187,0.002455054883900306,0.0,0.001203043069890856,0.0,0.0007681937948351126,0.0
3188,0.0024464637392756627,0.0,0.001175929040898872,0.0,0.0007407230432938906,0.0
3189,0.0024323601615497876,0.0,0.0009765824881030304,0.0,0.0005396487769076049,0.0
3190,0.0024263917597206397,0.0,0.001000446205865771,0.0,0.0005618700020535927,0.0
3191,0.0024204471060221295,0.0,0.0009487883688649244,0.0,0.0005120713079731064,0.0
3192,0.002415342704069237,0.0,0.0008916711700091033,0.0,0.000453451592627913,0.0
3193,0.002410192662737027,0.0,0.0007728043339977982,0.0,0.00033282483666062556,0.0
3194,0.002406277024966548,0.0,0.0007984890477369712,0.0,0.00035879840698004256,0.0
3195,0.002401747112055236,0.0,0.000764794591307683,0.0,0.00032531895375492617,0.0
3196,0.002397322639810133,0.0,0.0007360824989770735,0.0,0.0002970887725459951,0.0
3197,0.002393706050554408,0.0,0.0007752044571536316,0.0,0.00033716578275229023,0.0
3198,0.002388884562333173,0.0,0.0007772434102224916,0.0,0.00033800352598156724,0.0
3199,0.002393369025533303,0.0,0.0011154529045213396,0.0,0.0006818831037042354,0.0
3200,0.0023967670857690266,0.0,0.0011786536933390778,0.0,0.0007454158522677075,0.0
3201,0.0023968839105229607,0.0,0.0011370648513710808,0.0,0.0007041001997807011,0.0
3202,0.0023963883327444806,0.0,0.0011017777309550517,0.0,0.0006690245359903088,0.0
3203,0.0023955404825870288,0.0,0.001069875581885279,0.0,0.0006372893049953166,0.0
3204,0.002396608293618455,0.0,0.0010873752586783544,0.0,0.0006540487956429393,0.0
3205,0.002397955958690423,0.0,0.001103227692042223,0.0,0.0006698837043803262,0.0
3206,0.0024008188178271574,0.0,0.0011369206047789847,0.0,0.0007026698500364548,0.0
3207,0.0024040237543609933,0.0,0.0011672777882834003,0.0,0.0007338921453403048,0.0
3208,0.002405645806897413,0.0,0.001174791704955935,0.0,0.0007421757343016016,0.0
3209,0.002406134866659723,0.0,0.0011723169449667091,0.0,0.0007396140013485534,0.0
3210,0.002397051098403791,0.0,0.0010564376648912808,0.0,0.0006229929540680415,0.0
3211,0.0023922570621797102,0.0,0.001076733675534545,0.0,0.0006420991842846727,0.0
3212,0.002388793345718421,0.0,0.0010427869983884604,0.0,0.0006080850238298827,0.0
3213,0.002382154262265893,0.0,0.0008714284409615772,0.0,0.00043545547431131826,0.0
3214,0.0023794506363779312,0.0,0.0008643563561887395,0.0,0.00042622796044377025,0.0
3215,0.002375726875982304,0.0,0.0007935090398228932,0.0,0.0003571258828682861,0.0
3216,0.0023734187633196423,0.0,0.0007530880619203181,0.0,0.00031645567701405223,0.0
3217,0.002370817977415781,0.0,0.0006738282102263695,0.0,0.0002354986582579412,0.0
3218,0.0023691532708588507,0.0,0.0006961922766048727,0.0,0.000258418244864373,0.0
3219,0.00236724444801403,0.0,0.0006694340658898374,0.0,0.00023133659489265896,0.0
3220,0.002365059292749814,0.0,0.0006400934548617533,0.0,0.0002021930430653638,0.0
3221,0.0023635209740961722,0.0,0.0006705462785099492,0.0,0.0002329954355037528,0.0
3222,0.002230871225470006,0.0,0.0002781733757816632,0.0,-0.0001526820263805565,0.0
3223,0.00229240401888458,0.0,0.0006533120387902335,0.0,9.299368843331012e-05,0.0
3224,0.002338081973413575,0.0,0.0010894360529528316,0.0,0.0005816429437422949,0.0
3225,0.0023667979582021543,0.0,0.0011860921544885419,0.0,0.0007802042620210414,0.0
3226,0.0023861507392378897,0.0,0.0012246655848794725,0.0,0.0008172000415271248,0.0
3227,0.0024028622798140165,0.0,0.001244097920828034,0.0,0.000835626001251439,0.0
3228,0.002424712393246317,0.0,0.0013000543313979008,0.0,0.0009013243185888415,0.0
3229,0.0024509114198328734,0.0,0.0013910737298125236,0.0,0.0010037108671118523,0.0
3230,0.0024694252806406617,0.0,0.0013929921331806191,0.0,0.0010091181580990517,0.0
3231,0.0024908547559386804,0.0,0.0014647785952828349,0.0,0.0010720326395429072,0.0
3232,0.002513648246453443,0.0,0.0015202060573786397,0.0,0.0011279799740719215,0.0
3233,0.002537724357771576,0.0,0.001578631208965167,0.0,0.0011945261008173905,0.0
3234,0.002549623749247977,0.0,0.0016303914015757712,0.0,0.00126105459335118,0.0
3235,0.0024505726077045185,0.0,0.0009514488486442264,0.0,0.0005096780868593192,0.0
3236,0.0024266952179953913,0.0,0.0010016121027355386,0.0,0.0005615398971730455,0.0
3237,0.0024085573092055097,0.0,0.0008410645764961215,0.0,0.0003854664345258644,0.0
3238,0.0024003385416974856,0.0,0.0008682288046398445,0.0,0.00039691686688787895,0.0
3239,0.0023932502336215388,0.0,0.0008049850649742823,0.0,0.0003685938873634509,0.0
3240,0.002387594179053067,0.0,0.0007653193226282516,0.0,0.0003287847572558914,0.0
3241,0.0023825512281066084,0.0,0.0006960274236610736,0.0,0.0002585887533291954,0.0
3242,0.0023787091477341935,0.0,0.0007082814338791347,0.0,0.0002712087551429757,0.0
3243,0.002374840552990636,0.0,0.0006831845246735074,0.0,0.00024587840091761935,0.0
3244,0.00237112846829183,0.0,0.0006617897355201987,0.0,0.00022455216602814028,0.0
3245,0.0023680402935539017,0.0,0.0006734414215117247,0.0,0.0002363647452410325,0.0
3246,0.002305864843576131,0.0,0.0003861265203200533,0.0,-4.543517648084646e-05,0.0
3247,0.0023543994609988893,0.0,0.0011156826165754246,0.0,0.0005569162165205629,0.0
3248,0.0023978425099550962,0.0,0.0013160158060513125,0.0,0.000826823437780699,0.0
3249,0.002435597877186986,0.0,0.0013988718040239727,0.0,0.0010004439701941379,0.0
3250,0.0024642632970794357,0.0,0.0014444508901118379,0.0,0.0010452327395105686,0.0
3251,0.002488909054561534,0.0,0.0014737946008098624,0.0,0.0010703938153462647,0.0
3252,0.002514232681246417,0.0,0.001509160998694921,0.0,0.0011125153374457436,0.0
3253,0.0025417114491822325,0.0,0.0015765967057902064,0.0,0.0011872419397273791,0.0
3254,0.002565532074545564,0.0,0.0015946168323856351,0.0,0.0012059154425171537,0.0
3255,0.002589001776132184,0.0,0.001652352205178784,0.0,0.001259147926842868,0.0
3256,0.0026153131082456526,0.0,0.0017022831055605251,0.0,0.001311669658548533,0.0
3257,0.002631686247510626,0.0,0.001733981861636922,0.0,0.0013491331593272668,0.0
3258,0.0026452270237807395,0.0,0.0017886972410254551,0.0,0.0014111392442136676,0.0
3259,0.002507160744292386,0.0,0.001045266822577573,0.0,0.0006037901628874755,0.0
3260,0.0024726052307018757,0.0,0.0010932046832421022,0.0,0.0006529332062111298,0.0
3261,0.002447764615514332,0.0,0.0009032252584197655,0.0,0.00045920091645455254,0.0
3262,0.0024352064884020025,0.0,0.0009311545317690821,0.0,0.0004918020935188114,0.0
3263,0.0024238002997801307,0.0,0.0008516974600433999,0.0,0.000413848031773787,0.0
3264,0.002415190212685339,0.0,0.000811368994152331,0.0,0.0003731147030325405,0.0
3265,0.002407630054418749,0.0,0.0007266810787146505,0.0,0.00028751068024430223,0.0
3266,0.002401905331068123,0.0,0.0007572263118378198,0.0,0.0003184094084339754,0.0
3267,0.0023963690805521376,0.0,0.0007365876416207857,0.0,0.0002979258975156947,0.0
3268,0.002390946529266887,0.0,0.0007185889075130695,0.0,0.0002801082678982193,0.0
3269,0.0023858740786540863,0.0,0.000717228819082842,0.0,0.0002793219565536808,0.0
3270,0.002355545377619059,0.0,0.0004921113105012633,0.0,5.9360152677151684e-05,0.0
3271,0.002403349524709669,0.0,0.0013099185927360148,0.0,0.0008017990332836998,0.0
3272,0.002451083402254967,0.0,0.0014668184781066172,0.0,0.001007341015782781,0.0
3273,0.0024868029269249385,0.0,0.001493322953083094,0.0,0.0010982797024565627,0.0
3274,0.00251076656667047,0.0,0.0015179253806535328,0.0,0.0011201604607167645,0.0
3275,0.0025322801999533833,0.0,0.0015390449296567186,0.0,0.001136711235826406,0.0
3276,0.0025575402208072836,0.0,0.0015767665810527403,0.0,0.0011805309480117506,0.0
3277,0.0025788956909013573,0.0,0.0016218290930628705,0.0,0.0012315063649065575,0.0
3278,0.002596111061991941,0.0,0.0016240756633922888,0.0,0.0012340421852680226,0.0
3279,0.002612278764881416,0.0,0.0016615822952586996,0.0,0.0012687297728793223,0.0
3280,0.0026275080656050576,0.0,0.0016861058259510268,0.0,0.0012945906587787394,0.0
3281,0.002644727302047336,0.0,0.0017224381862559,0.0,0.0013368883549306635,0.0
3282,0.002648667856122459,0.0,0.0017598928696987107,0.0,0.0013812919063740875,0.0
3283,0.002511674773629037,0.0,0.0009825649495361483,0.0,0.0005416555640071436,0.0
3284,0.0024758296687978345,0.0,0.0010280816835914997,0.0,0.0005885861531550955,0.0
3285,0.0024499437512769387,0.0,0.0008741499624001982,0.0,0.00040716859904101326,0.0
3286,0.002435605066724556,0.0,0.0008909314846085093,0.0,0.0004090833845020066,0.0
3287,0.0024236226430648135,0.0,0.0008113318827405963,0.0,0.0003754811455600629,0.0
3288,0.002413752785847674,0.0,0.0007595357024554829,0.0,0.00032327460194881883,0.0
3289,0.002405446091270096,0.0,0.000698074637535314,0.0,0.00026135280654054514,0.0
3290,0.0023990396839524107,0.0,0.0007137619348913506,0.0,0.000277033492614211,0.0
3291,0.002392751047600854,0.0,0.0006866972780604753,0.0,0.00024997721252152097,0.0
3292,0.0023866862351591194,0.0,0.0006617529511520964,0.0,0.00022491901681819925,0.0
3293,0.0023818230356143152,0.0,0.0006966654784836298,0.0,0.0002604073643942843,0.0
3294,0.002349617777193174,0.0,0.0005065299825447189,0.0,7.411761908358307e-05,0.0
3295,0.002398684945551439,0.0,0.0012626646940074083,0.0,0.0007306179991729777,0.0
3296,0.0024447324217305427,0.0,0.0014179717197898472,0.0,0.0009389447230434846,0.0
3297,0.0024821271467458453,0.0,0.0014833854084162505,0.0,0.001082670298780126,0.0
3298,0.0025077831700311176,0.0,0.001512734214935285,0.0,0.0011125110543677144,0.0
3299,0.002531191240484711,0.0,0.0015398242634790586,0.0,0.001135551986692,0.0
3300,0.002556946099084091,0.0,0.0015768085553118309,0.0,0.001179060589933781,0.0
3301,0.002590003789657313,0.0,0.001648541793762966,0.0,0.001265284653969603,0.0
3302,0.002624803942829896,0.0,0.001665590395942154,0.0,0.0013055276165000662,0.0
3303,0.0026609695298032672,0.0,0.001731060227023252,0.0,0.0013766081740862433,0.0
3304,0.0027042563454588915,0.0,0.0017801068577143386,0.0,0.0014417488246208292,0.0
3305,0.002740149126506664,0.0,0.0018228502274140284,0.0,0.0014969051151398692,0.0
3306,0.002759816055323161,0.0,0.001884953952789362,0.0,0.0015531297397035743,0.0
3307,0.002580711141920788,0.0,0.001182133148693614,0.0,0.0009235932807769678,0.0
3308,0.0025282958802723696,0.0,0.0012148636097036273,0.0,0.0008223261211325701,0.0
3309,0.0024916262646117113,0.0,0.0010113232822149998,0.0,0.0005681620745356974,0.0
3310,0.002472112351611041,0.0,0.0010086711560507412,0.0,0.0005696747767877396,0.0
3311,0.002456280489204905,0.0,0.0009260505333339821,0.0,0.00048827755242441986,0.0
3312,0.002444452428373281,0.0,0.0008767305799164283,0.0,0.0004378961748238222,0.0
3313,0.002433750295504789,0.0,0.0007768337404155891,0.0,0.0003373268496730808,0.0
3314,0.0024254459167120748,0.0,0.0008110115583371583,0.0,0.0003724113873232516,0.0
3315,0.0024174639365500067,0.0,0.0007878267607372565,0.0,0.00034984201020946517,0.0
3316,0.0024102217871895567,0.0,0.0007678285623286829,0.0,0.00032999510411618944,0.0
3317,0.002404571595819335,0.0,0.0007996063204076234,0.0,0.0003623411267479357,0.0
3318,0.0023905601543981773,0.0,0.0006437611837557273,0.0,0.0002089660651823349,0.0
3319,0.00244539415650882,0.0,0.0014697077768711785,0.0,0.001002788437270113,0.0
3320,0.0024915682840319676,0.0,0.0015693828784671237,0.0,0.0011260763105565628,0.0
3321,0.002527599895017181,0.0,0.0015740324535930222,0.0,0.001180396877829905,0.0
3322,0.0025520712283854828,0.0,0.0015972326384311598,0.0,0.0012020442729451792,0.0
3323,0.002574049866564437,0.0,0.0016110793945603803,0.0,0.0012134477764830158,0.0
3324,0.002601383849676351,0.0,0.0016453584643502854,0.0,0.0012551621809262286,0.0
3325,0.0026275061716338685,0.0,0.0017082747188595828,0.0,0.0013172446179387392,0.0
3326,0.0026517971531577742,0.0,0.001717664039570497,0.0,0.0013329800812637584,0.0
3327,0.0026760416169065793,0.0,0.0017666026450594452,0.0,0.0013810772517203565,0.0
3328,0.002697109232363784,0.0,0.0017977793661370517,0.0,0.0014140342580225224,0.0
3329,0.002718293065459468,0.0,0.0018354676763446371,0.0,0.0014579059987704077,0.0
3330,0.0027238485958049653,0.0,0.0018750309354109579,0.0,0.001501325296425833,0.0
3331,0.0025585548229099175,0.0,0.0011097048193581167,0.0,0.0006709548561366734,0.0
3332,0.002514760711060186,0.0,0.0011364690217932978,0.0,0.0006963783595819876,0.0
3333,0.0024842777703567402,0.0,0.0009463153353312913,0.0,0.0005029925746806629,0.0
3334,0.002467200814588646,0.0,0.0009633488133059627,0.0,0.00052061956334858,0.0
3335,0.0024526207798232086,0.0,0.0008998122784413139,0.0,0.0004632400817402558,0.0
3336,0.0024414671545201303,0.0,0.0008630849158523673,0.0,0.0004260486753846311,0.0
3337,0.002431195844849374,0.0,0.0007857600496918315,0.0,0.00034825120673293757,0.0
3338,0.0024229682010579352,0.0,0.0008031626340712537,0.0,0.00036610091830304326,0.0
3339,0.0024152107101297537,0.0,0.0007744954396638117,0.0,0.0003375148018247571,0.0
3340,0.0024077555973384982,0.0,0.0007463197059534613,0.0,0.0003093975511470645,0.0
3341,0.0024016316558437964,0.0,0.0007706715120988615,0.0,0.0003342934983804305,0.0
3342,0.0023947806923822574,0.0,0.0007689585007467439,0.0,0.000331040556375744,0.0
3343,0.0023917887654016025,0.0,0.001021388385886095,0.0,0.0004844205738594651,0.0
3344,0.002370239267815496,0.0,0.0006711020671940776,0.0,0.00020419073071075875,0.0
3345,0.002406747200277319,0.0,0.0012936939196587617,0.0,0.0008851397338858254,0.0
3346,0.0024345410179958758,0.0,0.0013731349487802248,0.0,0.0009870830366386478,0.0
3347,0.0024624546942853985,0.0,0.0014453997829881784,0.0,0.0010513288431287073,0.0
3348,0.0024790699349142194,0.0,0.0015035758634941107,0.0,0.0010885369686716596,0.0
3349,0.0024928347142682368,0.0,0.0015438462390996715,0.0,0.0011219574355712165,0.0
3350,0.002510602693774564,0.0,0.0015630139058150536,0.0,0.0011648181947052092,0.0
3351,0.0025253640105072795,0.0,0.0016014832481387462,0.0,0.0011945281912788064,0.0
3352,0.0024654610626091015,0.0,0.0011803469283495126,0.0,0.0007892049424493687,0.0
3353,0.00246231791738957,0.0,0.001259008640152102,0.0,0.0008884860011359498,0.0
3354,0.002449212826691141,0.0,0.0011701269418175832,0.0,0.0008266207341303536,0.0
3355,0.0024350362987232777,0.0,0.0012229117980070714,0.0,0.0007879049101752094,0.0
3356,0.002425926698127352,0.0,0.0011768866793024856,0.0,0.0007414622989788977,0.0
3357,0.0024134161187513506,0.0,0.0009941145576641724,0.0,0.000556770206867936,0.0
3358,0.0024069316775339267,0.0,0.0009711091265515233,0.0,0.0005315453826783684,0.0
3359,0.0024005691515464438,0.0,0.0008909316752202473,0.0,0.00045367539002576294,0.0
3360,0.0023963239294430456,0.0,0.0008544231402680589,0.0,0.00041684785922235226,0.0
3361,0.0023918094275063276,0.0,0.000776562676899694,0.0,0.00033940077608685744,0.0
3362,0.002388321931773278,0.0,0.0008011225404709345,0.0,0.00036453011658354973,0.0
3363,0.0023844223826402855,0.0,0.0007779961528387566,0.0,0.0003415241707423126,0.0
3364,0.0023805525938427976,0.0,0.0007562799948374124,0.0,0.0003200618864906597,0.0
3365,0.002377505142703044,0.0,0.0007812998742713175,0.0,0.0003453090319375145,0.0
3366,0.002373376683429803,0.0,0.000778715506492307,0.0,0.00034131935637378734,0.0
3367,0.002379387673054687,0.0,0.0010936554877977445,0.0,0.0006604745747633008,0.0
3368,0.002385446129263848,0.0,0.001183111952457794,0.0,0.0007502256994108998,0.0
3369,0.0023886277840327237,0.0,0.0011678266761935147,0.0,0.0007386520168142191,0.0
3370,0.0023919188948771934,0.0,0.001165549026072852,0.0,0.0007365576589006965,0.0
3371,0.0023946245709050673,0.0,0.0011552226170434914,0.0,0.0007258412129928266,0.0
3372,0.002397309980912546,0.0,0.0011757162741268968,0.0,0.0007424635151859161,0.0
3373,0.0024001805183704243,0.0,0.0011937474724586787,0.0,0.0007603520966824877,0.0
3374,0.002402312775554324,0.0,0.0012007794308259573,0.0,0.0007664153094404595,0.0
3375,0.0024065610819847066,0.0,0.00122557559718351,0.0,0.0007923517795298759,0.0
3376,0.002411168974935749,0.0,0.0012467610603263703,0.0,0.0008142825608733566,0.0
3377,0.002413920440115274,0.0,0.0012463423517923785,0.0,0.0008139965771601764,0.0
3378,0.0024058226846670454,0.0,0.0011542360257434728,0.0,0.0007213805476770454,0.0
3379,0.002400091892133846,0.0,0.0011627490027012067,0.0,0.000729104717327667,0.0
3380,0.0023958951350376233,0.0,0.0011293752067949555,0.0,0.0006954401774310354,0.0
3381,0.0023887380551933326,0.0,0.0010047063627345346,0.0,0.000569794546320875,0.0
3382,0.0023846644392283203,0.0,0.0009618123353550975,0.0,0.0005242699712369615,0.0
3383,0.0023804764750743495,0.0,0.0008874201975907683,0.0,0.0004510357681835051,0.0
3384,0.002378222241033392,0.0,0.0008546764558273979,0.0,0.0004169659244586557,0.0
3385,0.0023754276458899906,0.0,0.0007586916087233212,0.0,0.0003184870937856211,0.0
3386,0.002373645551214069,0.0,0.0007927972479256759,0.0,0.00035371736779432963,0.0
3387,0.0023714113429308932,0.0,0.0007642028422907485,0.0,0.00032524540812878646,0.0
3388,0.002369094342367378,0.0,0.0007371422975772878,0.0,0.0002983647809193719,0.0
3389,0.0023670980666005087,0.0,0.0007367376052887919,0.0,0.0002984423609732039,0.0
3390,0.0022453397315251285,0.0,0.0002882930758878467,0.0,-0.00014263256511999633,0.0
3391,0.0023187768835370316,0.0,0.0007511606119750408,0.0,0.0002605118490239355,0.0
3392,0.002366620298871989,0.0,0.0013045039084294122,0.0,0.0008746493390769763,0.0
3393,0.002404700759870198,0.0,0.001300334222685836,0.0,0.0009699862100337674,0.0
3394,0.002429645069060859,0.0,0.001356175092412188,0.0,0.0010017761446253573,0.0
3395,0.0024433805077063286,0.0,0.0013777159748704156,0.0,0.0009856214451635736,0.0
3396,0.002460879307285657,0.0,0.0013983966928443744,0.0,0.0010115728674369537,0.0
3397,0.002486552698524712,0.0,0.001483513129031392,0.0,0.001104364751120363,0.0
3398,0.002507287850319892,0.0,0.001493541624946409,0.0,0.0011140481965183275,0.0
3399,0.002527076002436303,0.0,0.0015443062622188467,0.0,0.0011593030785140993,0.0
3400,0.0025465118503216417,0.0,0.0015792509183503122,0.0,0.001194992528199088,0.0
3401,0.002568608134030405,0.0,0.0016297553136950338,0.0,0.0012523405334247555,0.0
3402,0.002578125544207684,0.0,0.0016838373830771094,0.0,0.0013145481411106054,0.0
3403,0.002471375254691768,0.0,0.0010498721944881676,0.0,0.0006088365310071614,0.0
3404,0.0024480372245455897,0.0,0.0011334718092181628,0.0,0.0006943338812958741,0.0
3405,0.002426990004930652,0.0,0.0009413765294687094,0.0,0.0004981451506121416,0.0
3406,0.0024167408669915355,0.0,0.0009510427024157604,0.0,0.0005119376037120238,0.0
3407,0.0024074708312207143,0.0,0.00087071147488077,0.0,0.00043350692247127814,0.0
3408,0.0024005726364298985,0.0,0.0008305581756259742,0.0,0.0003930955964320999,0.0
3409,0.0023940582050366666,0.0,0.0007490090659837041,0.0,0.00031071263766608887,0.0
3410,0.002389331610274305,0.0,0.0007756850323383552,0.0,0.00033802376600598847,0.0
3411,0.002384853612353381,0.0,0.0007552168140838281,0.0,0.00031731885747001884,0.0
3412,0.002380623616911033,0.0,0.0007358802867805778,0.0,0.000298216772108415,0.0
3413,0.0023773119089366555,0.0,0.0007708455029103152,0.0,0.00033358024723315776,0.0
3414,0.002324056931523424,0.0,0.0004092597795529295,0.0,-2.2493067448556454e-05,0.0
3415,0.002380045196280738,0.0,0.0013048483347403719,0.0,0.000827222874910557,0.0
3416,0.002427354566369378,0.0,0.0014610727729608031,0.0,0.0010202469371501006,0.0
3417,0.0024734592708411996,0.0,0.0014734644616115236,0.0,0.001108577650967719,0.0
3418,0.002514474337181097,0.0,0.001509088821406059,0.0,0.0011717904977211224,0.0
3419,0.0025459652071458767,0.0,0.0015430635404314536,0.0,0.0011991347061455445,0.0
3420,0.0025826245407830515,0.0,0.0015798897401930287,0.0,0.001245485521281549,0.0
3421,0.002616323602835618,0.0,0.0016573551945839118,0.0,0.0013130485151525689,0.0
3422,0.00265450852327976,0.0,0.0016739107085349573,0.0,0.0013452927626645263,0.0
3423,0.002699551257854581,0.0,0.0017302295727245197,0.0,0.0014174067363887446,0.0
3424,0.0027494101660009164,0.0,0.0017792919344468267,0.0,0.0014855981202317923,0.0
3425,0.002794262191785796,0.0,0.0018293027894247694,0.0,0.0015495703778964213,0.0
3426,0.0028208147625528816,0.0,0.0018918165695150995,0.0,0.0016068310402029733,0.0
3427,0.002629400115857183,0.0,0.0012633938247554155,0.0,0.0010819749454030016,0.0
3428,0.0025774931191051903,0.0,0.0012784445698891282,0.0,0.0010348868416804314,0.0
3429,0.0025221237527935044,0.0,0.0010624849766139553,0.0,0.000669598900510632,0.0
3430,0.0024968926481466203,0.0,0.0011235460582105373,0.0,0.0006861969802136859,0.0
3431,0.0024768068096550086,0.0,0.0010355661296043196,0.0,0.0005991159797311329,0.0
3432,0.002462089121093891,0.0,0.0009874923682403,0.0,0.0005494736003794185,0.0
3433,0.002449502774063062,0.0,0.0008825944882396783,0.0,0.00044241338750265974,0.0
3434,0.0024399644905102476,0.0,0.0008963746203522061,0.0,0.00045563083612664844,0.0
3435,0.0024311683687141903,0.0,0.0008560386650650594,0.0,0.00041542001427004663,0.0
3436,0.0024230453965567713,0.0,0.0008261131876777172,0.0,0.0003858357102154331,0.0
3437,0.0024163826936291237,0.0,0.0008644137596128905,0.0,0.00042560438938535404,0.0
3438,0.0023975487351225074,0.0,0.0005867024889046975,0.0,0.00015216288377559476,0.0
3439,0.00245464720169668,0.0,0.001556059026844527,0.0,0.0011207117783808619,0.0
3440,0.002509577269513087,0.0,0.0016322690807950098,0.0,0.0012057590658392128,0.0
3441,0.002565724880853824,0.0,0.0016029274842392202,0.0,0.001267185839609984,0.0
3442,0.002609757180665739,0.0,0.0016338629862435647,0.0,0.0013118194652085424,0.0
3443,0.0026508025164435293,0.0,0.0016602904445310854,0.0,0.0013430838297227299,0.0
3444,0.0026979000289450764,0.0,0.0016996198685969835,0.0,0.0013998232731563462,0.0
3445,0.0027356457628115328,0.0,0.001773660495292782,0.0,0.0014641244935301545,0.0
3446,0.002782925559586578,0.0,0.0017918303063448025,0.0,0.0015057245238500679,0.0
3447,0.0028307823708452074,0.0,0.0018490020739241424,0.0,0.0015728527182656419,0.0
3448,0.002887391394791228,0.0,0.0019015678587680936,0.0,0.0016411266384734288,0.0
3449,0.0029330268069338895,0.0,0.0019513450205183816,0.0,0.001700104599026637,0.0
3450,0.002950642827497614,0.0,0.0020017288171378907,0.0,0.0017423510835864239,0.0
3451,0.002720905741534293,0.0,0.001319826423301266,0.0,0.0012113096529131036,0.0
3452,0.002652015191880841,0.0,0.0013133621452313025,0.0,0.0011243815263425566,0.0
3453,0.00258819715153678,0.0,0.0011957538339972156,0.0,0.0008376727340962194,0.0
3454,0.0025540203319422664,0.0,0.0011883817206285647,0.0,0.0008064400660760885,0.0
3455,0.002526192076770563,0.0,0.001117376299461274,0.0,0.0006811750306620226,0.0
3456,0.0025064571536802527,0.0,0.001071579468415282,0.0,0.000634351715129594,0.0
3457,0.0024898358928960728,0.0,0.0009798469653177512,0.0,0.0005403830251774861,0.0
3458,0.002477139850026364,0.0,0.0009940040418946027,0.0,0.0005546445055628353,0.0
3459,0.00246548499607696,0.0,0.0009462954914315979,0.0,0.0005058209551504845,0.0
3460,0.0024550624807961503,0.0,0.0009040602671026336,0.0,0.0004634156066123103,0.0
3461,0.002445964041569694,0.0,0.0009191667713500267,0.0,0.0004788971407586216,0.0
3462,0.0024367680252770575,0.0,0.0009284059040710277,0.0,0.00048692665728406067,0.0
3463,0.002494201838925806,0.0,0.0016194167909270192,0.0,0.0011818423964519466,0.0
3464,0.002544892766379956,0.0,0.001679234139869639,0.0,0.0012422492355277002,0.0
3465,0.0025886166430428076,0.0,0.0016611679130546528,0.0,0.0012872966697347085,0.0
3466,0.0026222856573675495,0.0,0.0016967550040646363,0.0,0.001325266895061954,0.0
3467,0.002665042322734251,0.0,0.0017211539223357158,0.0,0.0013655233915572237,0.0
3468,0.002717607170599977,0.0,0.0017441213633947632,0.0,0.0014277650860411014,0.0
3469,0.0027556323042569903,0.0,0.0018135710936216102,0.0,0.0014912654035174016,0.0
3470,0.0027936877514484,0.0,0.0018265019330166025,0.0,0.0015201183738239284,0.0
3471,0.0028431829341962382,0.0,0.001874300357573884,0.0,0.0015891577590390945,0.0
3472,0.002886305275406748,0.0,0.0019167124173922513,0.0,0.0016420440102658035,0.0
3473,0.002923467876350125,0.0,0.0019644685123951094,0.0,0.0016942476608416135,0.0
3474,0.0029311247843745373,0.0,0.0020028272290011943,0.0,0.001726664408820283,0.0
3475,0.0027013000000755275,0.0,0.001283689398729919,0.0,0.0011223114590859975,0.0
3476,0.0026313706068412717,0.0,0.001293095658583008,0.0,0.0010195813695947939,0.0
3477,0.002580503218021993,0.0,0.0011496417746939959,0.0,0.0007876938497173439,0.0
3478,0.002550438607102982,0.0,0.001159213410428151,0.0,0.000744214317915007,0.0
3479,0.002526341098014113,0.0,0.0010829117293724635,0.0,0.0006465564303658178,0.0
3480,0.0025086103643310164,0.0,0.0010437271524082075,0.0,0.0006060515289259016,0.0
3481,0.002493012322341318,0.0,0.0009387129617056159,0.0,0.00049900565017135,0.0
3482,0.0024809934524668877,0.0,0.0009508514662798062,0.0,0.0005106546525783092,0.0
3483,0.0024700480350546145,0.0,0.0009079034346642432,0.0,0.0004672163660287298,0.0
3484,0.002459952708504791,0.0,0.0008672993014984703,0.0,0.0004256492001506317,0.0
3485,0.0024514547845747294,0.0,0.0009067398710471985,0.0,0.0004666915996253953,0.0
3486,0.0024447732748120172,0.0,0.0011107585528925645,0.0,0.000665474303819911,0.0
3487,0.0025003332238670755,0.0,0.001627540902001434,0.0,0.001194529842684311,0.0
3488,0.002551227788587098,0.0,0.0016778200987161596,0.0,0.0012394842276820198,0.0
3489,0.0025948277920367774,0.0,0.0016636409960421319,0.0,0.0012892010290111683,0.0
3490,0.002627279130559717,0.0,0.0016867034458274306,0.0,0.0013220986142213286,0.0
3491,0.0026529709586381213,0.0,0.001700643793439713,0.0,0.0013340287883620702,0.0
3492,0.0026795424442772014,0.0,0.0017280876490394475,0.0,0.001366030121948191,0.0
3493,0.0027025140618462474,0.0,0.0017932773234637072,0.0,0.0014195043468524901,0.0
3494,0.0027271710435292943,0.0,0.0017948497740811746,0.0,0.0014342526743122788,0.0
3495,0.0027493759920651263,0.0,0.001835595833276799,0.0,0.0014752013477173699,0.0
3496,0.00277085177833065,0.0,0.0018671256778326668,0.0,0.001508065996965408,0.0
3497,0.0028002010407537983,0.0,0.0019179159104913996,0.0,0.0015660373598472468,0.0
3498,0.002804179733355416,0.0,0.0019493103926703289,0.0,0.0015974969773259475,0.0
3499,0.002616831153193539,0.0,0.00117807859340392,0.0,0.0007929625494881676,0.0
3500,0.0025656491970932616,0.0,0.0012054883162455215,0.0,0.0007913824252377686,0.0
3501,0.0025299281608544694,0.0,0.0010153764069468834,0.0,0.0005714271692315916,0.0
3502,0.0025099944819807927,0.0,0.0010410891704503572,0.0,0.0006018599288326839,0.0
3503,0.0024926238000653866,0.0,0.0009593628697515115,0.0,0.0005216518861993768,0.0
3504,0.0024794416252458115,0.0,0.0009155383243951865,0.0,0.00047720999959367186,0.0
3505,0.0024676410521776793,0.0,0.0008124996126863356,0.0,0.00037259322565937666,0.0
3506,0.0024583294429369297,0.0,0.0008431299046511862,0.0,0.0004040732785163977,0.0
3507,0.0024494139354529912,0.0,0.0008137089735925766,0.0,0.00037461714313060095,0.0
3508,0.0024411388860172607,0.0,0.0007898899340087878,0.0,0.00035129757819977406,0.0
3509,0.0024342979490716266,0.0,0.0008215575602196976,0.0,0.00038343519033422224,0.0
3510,0.0024232990635695132,0.0,0.0006110001665744851,0.0,0.00017052372998700238,0.0
3511,0.002430173564279629,0.0,0.001183459582844259,0.0,0.0007319427905967332,0.0
3512,0.002420537548423045,0.0,0.0008586935974480223,0.0,0.0005196698847532498,0.0
3513,0.002463972415508451,0.0,0.001386765644941154,0.0,0.0010680626856759366,0.0
3514,0.002493242043517803,0.0,0.0014420417935110388,0.0,0.0011108763556744669,0.0
3515,0.0025222419362616257,0.0,0.0015018062893755217,0.0,0.0011469927335899608,0.0
3516,0.0025455668674525577,0.0,0.0015387809991874468,0.0,0.0011872836293935199,0.0
3517,0.002566865374565731,0.0,0.0015709583051938334,0.0,0.0012236679764365977,0.0
3518,0.0025864409848213787,0.0,0.0016056589297901134,0.0,0.001254845384350374,0.0
3519,0.002602701208472471,0.0,0.0016554619692333691,0.0,0.001280215102200273,0.0
3520,0.002536310214466209,0.0,0.0012416606884012463,0.0,0.0009488631632785789,0.0
3521,0.00253683147296069,0.0,0.0013058126196329556,0.0,0.0010168393108696946,0.0
3522,0.0025258254413767674,0.0,0.0012442715871253862,0.0,0.0009689506713223162,0.0
3523,0.0025101123550468345,0.0,0.0013004169888705423,0.0,0.0009279822726366155,0.0
3524,0.0025009782981775504,0.0,0.0012838508058241062,0.0,0.0009007598110143376,0.0
3525,0.0024793020447785217,0.0,0.0011468401517106832,0.0,0.0007170772016366488,0.0
3526,0.002466472426267332,0.0,0.0011282106852918104,0.0,0.0006918888230035064,0.0
3527,0.0024533931429173194,0.0,0.001058534162307217,0.0,0.0006228543146544353,0.0
3528,0.002444451486960696,0.0,0.0010186551242211503,0.0,0.0005815580260347124,0.0
3529,0.0024370827359358437,0.0,0.0009405734077013613,0.0,0.0005026087388449302,0.0
3530,0.0024319175417476073,0.0,0.0009620413621418964,0.0,0.0005237857204362258,0.0
3531,0.0024267613971963044,0.0,0.0009307007815263057,0.0,0.0004921070109445169,0.0
3532,0.00242215280911476,0.0,0.0009079504508947064,0.0,0.00046886200279908,0.0
3533,0.0024189597826007898,0.0,0.0009575539698290774,0.0,0.0005194479753236612,0.0
3534,0.0024148240751109074,0.0,0.0009570198015749229,0.0,0.0005173973488189611,0.0
3535,0.002425507406685337,0.0,0.0012742975346905644,0.0,0.0008439881667145139,0.0
3536,0.0024348172095569687,0.0,0.0013252757097072482,0.0,0.000911572600155456,0.0
3537,0.002440000710264333,0.0,0.0012907318428123044,0.0,0.000895305572213905,0.0
3538,0.0024406636501064227,0.0,0.0012684025924627898,0.0,0.0008563864831982822,0.0
3539,0.0024387640005099995,0.0,0.0012360504778506445,0.0,0.0008058941481890905,0.0
3540,0.002440334590792012,0.0,0.0012538458519011902,0.0,0.00082135070644558,0.0
3541,0.0024422021891690273,0.0,0.0012650309054371798,0.0,0.0008321381224890166,0.0
3542,0.002443645447738757,0.0,0.00127260964414624,0.0,0.0008387964291813128,0.0
3543,0.0024473821159723833,0.0,0.00129493518952981,0.0,0.0008633529627561905,0.0
3544,0.0024519800228691435,0.0,0.0013069811047466471,0.0,0.0008841585581537876,0.0
3545,0.002456722567710692,0.0,0.0013116076895760037,0.0,0.000896031367853131,0.0
3546,0.0024516345090787144,0.0,0.0012348692606881785,0.0,0.0008443367674099438,0.0
3547,0.002449355121420217,0.0,0.0012631335572371798,0.0,0.0008805970296616396,0.0
3548,0.00244445959131273,0.0,0.0012611397710325153,0.0,0.0008463592783701194,0.0
3549,0.0024315497803127787,0.0,0.0011405393141356334,0.0,0.0007113678989283899,0.0
3550,0.002423467132772371,0.0,0.0010980432216123293,0.0,0.000661758488994099,0.0
3551,0.002416025019504579,0.0,0.0010177425161880397,0.0,0.000582328614592882,0.0
3552,0.002411198493041171,0.0,0.0009825094153136347,0.0,0.0005457237401380814,0.0
3553,0.0024067606028373594,0.0,0.0009006384270513978,0.0,0.0004621366131922569,0.0
3554,0.0024039132251113112,0.0,0.00091280394321922,0.0,0.00047373827258092617,0.0
3555,0.0024008779961616346,0.0,0.000877135647396043,0.0,0.000438129563210725,0.0
3556,0.0023977549395377052,0.0,0.0008468617207189168,0.0,0.00040822414511361427,0.0
3557,0.002395155796207602,0.0,0.0008686312643034976,0.0,0.0004313035692753923,0.0
3558,0.002391478594958118,0.0,0.0008534035686841976,0.0,0.0004145559926085711,0.0
3559,0.002400172688408979,0.0,0.0011992422189547492,0.0,0.0007658802809897727,0.0
3560,0.0024073835850114515,0.0,0.0012874894023015271,0.0,0.0008543738284873825,0.0
3561,0.0024112717099347624,0.0,0.0012659859877224532,0.0,0.0008372000007360934,0.0
3562,0.00241573182892995,0.0,0.0012416561390043465,0.0,0.0008267974213143523,0.0
3563,0.00241868421041454,0.0,0.0012163786236862807,0.0,0.0007901100837940976,0.0
3564,0.002422718877720039,0.0,0.0012363882544651178,0.0,0.000805242374708619,0.0
3565,0.002426001175129789,0.0,0.0012479496221784539,0.0,0.0008149904146515867,0.0
3566,0.002429357210258707,0.0,0.0012594064216473661,0.0,0.0008273814692032885,0.0
3567,0.0024344375216321787,0.0,0.0012803713286966565,0.0,0.0008556560293567674,0.0
3568,0.002439405302665236,0.0,0.001294104591287977,0.0,0.0008727370000959822,0.0
3569,0.0024426915084445355,0.0,0.001284690774946509,0.0,0.0008665786111646575,0.0
3570,0.002437811824803622,0.0,0.0012201495952119613,0.0,0.0008118727324382404,0.0
3571,0.0024337065792516257,0.0,0.001244346625495839,0.0,0.0008281395673720598,0.0
3572,0.002428778209792571,0.0,0.0012240686893662735,0.0,0.0007945388728845496,0.0
3573,0.0024169744086723916,0.0,0.0010927755956803415,0.0,0.0006586991012443174,0.0
3574,0.002410260529997193,0.0,0.0010611695133651354,0.0,0.0006246307680574062,0.0
3575,0.0024035994257999667,0.0,0.000979925497469123,0.0,0.0005441999150429938,0.0
3576,0.002399242205072257,0.0,0.0009373140007548171,0.0,0.000500096160074865,0.0
3577,0.0023953761798292082,0.0,0.000847196255586508,0.0,0.0004069135190553827,0.0
3578,0.002392420707638931,0.0,0.0008633084310190797,0.0,0.00042433256211150787,0.0
3579,0.002388810026286486,0.0,0.0008284957082833567,0.0,0.0003904793020223947,0.0
3580,0.002385013393311206,0.0,0.0007942208010602728,0.0,0.0003567091465104986,0.0
3581,0.002381409055945358,0.0,0.0007796406358716798,0.0,0.0003428402209929215,0.0
3582,0.0022291149546262105,0.0,0.0002741907930660823,0.0,-0.00015656102851870004,0.0
3583,0.002306868306719022,0.0,0.0006045824351320333,0.0,0.00011280598897415778,0.0
3584,0.0023624586744361497,0.0,0.001240709207819825,0.0,0.0008279560617258687,0.0
3585,0.0024044838535921915,0.0,0.001229131881993567,0.0,0.0009618727007666514,0.0
3586,0.002434783678072501,0.0,0.0012771153422358682,0.0,0.0010051466408461888,0.0
3587,0.0024626092680427782,0.0,0.0013119699040221805,0.0,0.001021955488759205,0.0
3588,0.002496455038041679,0.0,0.0013606799459657745,0.0,0.001082598140220908,0.0
3589,0.0025289584405588992,0.0,0.0014589036601303032,0.0,0.0011657706128006227,0.0
3590,0.002569370757920194,0.0,0.001489270329870001,0.0,0.0012114916868284035,0.0
3591,0.0026139201023411803,0.0,0.001567129594440664,0.0,0.0012894816372577135,0.0
3592,0.002675561555522423,0.0,0.0016271025479695628,0.0,0.0013774931029020008,0.0
3593,0.0027335424212487974,0.0,0.0016858487908798668,0.0,0.0014580358870031171,0.0
3594,0.0027758280164472443,0.0,0.001766275659951943,0.0,0.0015302624445703563,0.0
3595,0.0026263909882609064,0.0,0.0012656586018144512,0.0,0.0011220887097189223,0.0
3596,0.0025917810740140384,0.0,0.001281662172492141,0.0,0.0011008132339525442,0.0
3597,0.0025369935513250338,0.0,0.0011775941336608132,0.0,0.0008535355850503811,0.0
3598,0.0025070792119152637,0.0,0.0011738718143546748,0.0,0.000785690753300847,0.0
3599,0.0024817566652669855,0.0,0.0010834303015761204,0.0,0.000647768818107303,0.0
3600,0.0024665320990690494,0.0,0.0010762576834092133,0.0,0.0006393511447103971,0.0
3601,0.0024542770827896605,0.0,0.0010021470563832922,0.0,0.0005635994925460928,0.0
3602,0.0024459157485337557,0.0,0.001025301532304897,0.0,0.0005866072121874356,0.0
3603,0.00243819865740339,0.0,0.000993253373531952,0.0,0.0005541390067981807,0.0
3604,0.002430973334598646,0.0,0.000951243001361055,0.0,0.000511356828178151,0.0
3605,0.0024246007302654543,0.0,0.0009260342258798706,0.0,0.0004862658395623806,0.0
3606,0.002383918621838719,0.0,0.00045917790875099433,0.0,2.6820906030792808e-05,0.0
3607,0.0024368284676625014,0.0,0.0014916537801680564,0.0,0.0010689676534949744,0.0
3608,0.0024921477680839594,0.0,0.0015629226839010979,0.0,0.0011559555400671136,0.0
3609,0.002553186439145993,0.0,0.001540338577871461,0.0,0.0012353941805858804,0.0
3610,0.00260615716950054,0.0,0.0015804589098821302,0.0,0.0012970621864247392,0.0
3611,0.00265212496947976,0.0,0.0016024425193036298,0.0,0.0013342704832909153,0.0
3612,0.0027130654578053012,0.0,0.0016673799057028455,0.0,0.0014107079120023137,0.0
3613,0.002759723027133426,0.0,0.0017465207367364712,0.0,0.0014808772838259647,0.0
3614,0.0028170629021139915,0.0,0.0017792947815064855,0.0,0.0015314772032332157,0.0
3615,0.0028750686781672855,0.0,0.0018454606583150656,0.0,0.0016055803490668923,0.0
3616,0.0029342626793483605,0.0,0.0019076397590295014,0.0,0.0016739379794797563,0.0
3617,0.002987830911149542,0.0,0.0019662005553786905,0.0,0.0017382247035707503,0.0
3618,0.0030168102812706222,0.0,0.0020168490958461897,0.0,0.0017870876107504508,0.0
3619,0.0027976403284453778,0.0,0.0014069192435968683,0.0,0.0013357137161418156,0.0
3620,0.002734132504793048,0.0,0.0013928176260421777,0.0,0.0012734149022251597,0.0
3621,0.0026581296099514925,0.0,0.0012693684252926664,0.0,0.0010495503984951618,0.0
3622,0.0026137377030881325,0.0,0.001252516645382356,0.0,0.0009855884816843984,0.0
3623,0.0025721735185990566,0.0,0.0012241994598511904,0.0,0.0007895868437177084,0.0
3624,0.0025457349581308646,0.0,0.0011941109614020972,0.0,0.000758303084342545,0.0
3625,0.0025239095534617013,0.0,0.0011273471614561886,0.0,0.0006898385651649009,0.0
3626,0.0025077715674203934,0.0,0.0011245731601399152,0.0,0.0006864981946071724,0.0
3627,0.0024934357685466426,0.0,0.001074997093712839,0.0,0.0006362822336567068,0.0
3628,0.002480567874785988,0.0,0.0010206787381389789,0.0,0.0005810539712018704,0.0
3629,0.0024702040381832276,0.0,0.0010384162535199844,0.0,0.000599333326326271,0.0
3630,0.0024524295698252524,0.0,0.0007015614212057572,0.0,0.0002652110743555363,0.0
3631,0.0025148198182752424,0.0,0.0016259981731090443,0.0,0.0012248557021448557,0.0
3632,0.0025769112582659324,0.0,0.001695831321962656,0.0,0.0012924458386386188,0.0
3633,0.0026542667530873266,0.0,0.0016804069310921578,0.0,0.0013822196143023283,0.0
3634,0.0027103054733990453,0.0,0.0017191746633462201,0.0,0.0014385274168420268,0.0
3635,0.0027593669654390317,0.0,0.0017534701204884632,0.0,0.0014789441690614448,0.0
3636,0.0028084064306888755,0.0,0.0017976746251438457,0.0,0.001533399940583094,0.0
3637,0.002843859995627725,0.0,0.0018676648288205777,0.0,0.0015904740749895238,0.0
3638,0.0028876670489364448,0.0,0.00188934638387426,0.0,0.0016269463218238794,0.0
3639,0.0029238963402278004,0.0,0.0019390559827963114,0.0,0.0016776775672892215,0.0
3640,0.0029586477439219796,0.0,0.0019805388584491585,0.0,0.0017208772229052867,0.0
3641,0.0029874668808300194,0.0,0.0020254464485007636,0.0,0.0017631301852024184,0.0
3642,0.0029921534410892276,0.0,0.002058640174930568,0.0,0.001790595325104405,0.0
3643,0.002756560160779389,0.0,0.0013377237080816856,0.0,0.0012363608724003522,0.0
3644,0.002687442242428665,0.0,0.001340088443522148,0.0,0.00116481649283285,0.0
3645,0.0026290837883386577,0.0,0.0012198850695807773,0.0,0.0009583172153462061,0.0
3646,0.0025942208372707705,0.0,0.0012087993144852404,0.0,0.0009167539220385616,0.0
3647,0.002561759537087308,0.0,0.0011475858262641938,0.0,0.0007113039596239718,0.0
3648,0.0025398171818092627,0.0,0.0010949792574007303,0.0,0.0006572749865786601,0.0
3649,0.002521271966620039,0.0,0.0009906056500887028,0.0,0.0005507707565453614,0.0
3650,0.00250691450680521,0.0,0.0010009210940153863,0.0,0.0005607669582669522,0.0
3651,0.0024939777454201653,0.0,0.000956860511704491,0.0,0.0005161746498188004,0.0
3652,0.002482086760613458,0.0,0.0009142079398003729,0.0,0.0004731526204314407,0.0
3653,0.002472329806375113,0.0,0.0009523907279427087,0.0,0.0005126925071824208,0.0
3654,0.0024630376980538235,0.0,0.000994591237550904,0.0,0.0005523753249037707,0.0
3655,0.0025277885344250997,0.0,0.0016702285406324064,0.0,0.0012513453035572267,0.0
3656,0.002590316471047103,0.0,0.0017457766207608042,0.0,0.00131645268848518,0.0
3657,0.0026513901063398935,0.0,0.001723604958464121,0.0,0.0013771698913132742,0.0
3658,0.0027034951278705533,0.0,0.00174983216821385,0.0,0.0014299361249341344,0.0
3659,0.0027579195120408556,0.0,0.0017726373090084953,0.0,0.001477952432026443,0.0
3660,0.0028118916028002836,0.0,0.0018129879747998676,0.0,0.0015381232217609934,0.0
3661,0.0028516858654853393,0.0,0.0018824483107077047,0.0,0.0015995392055709787,0.0
3662,0.002895458622493887,0.0,0.001903583234600878,0.0,0.0016354946588985051,0.0
3663,0.0029366154248490735,0.0,0.0019547104510841485,0.0,0.0016916525391839077,0.0
3664,0.0029526619752657047,0.0,0.001994174733789796,0.0,0.001713355772050066,0.0
3665,0.002984781032473677,0.0,0.0020364104964619035,0.0,0.001760073870953715,0.0
3666,0.0029975888495785636,0.0,0.0020650347566732027,0.0,0.0017947091215200282,0.0
3667,0.002771833992468134,0.0,0.001362692200366,0.0,0.0012737631065643461,0.0
3668,0.002710322714901886,0.0,0.001361961495781848,0.0,0.001226618296154175,0.0
3669,0.00264111582044146,0.0,0.001236894415034068,0.0,0.0009365734791218852,0.0
3670,0.0026047600399912063,0.0,0.0012322535666911124,0.0,0.0009108788717360342,0.0
3671,0.0025722439774795132,0.0,0.0011608929287539864,0.0,0.0007247196441850716,0.0
3672,0.0025498352490714886,0.0,0.0011044506658652478,0.0,0.000666928375645778,0.0
3673,0.002530819681192697,0.0,0.000992538647988889,0.0,0.0005527851910079641,0.0
3674,0.00251621248152156,0.0,0.0010023167847775295,0.0,0.0005622306650334863,0.0
3675,0.0025031802754837598,0.0,0.0009608945094547335,0.0,0.0005202780393672977,0.0
3676,0.0024913989594133584,0.0,0.0009204983448435804,0.0,0.0004793288052436567,0.0
3677,0.0024816306644991144,0.0,0.000963021765167611,0.0,0.0005225877815406459,0.0
3678,0.0024718970293461625,0.0,0.0009673041831503159,0.0,0.0005256864989807736,0.0
3679,0.0024766287765975586,0.0,0.0012962437790541815,0.0,0.000879974074510058,0.0
3680,0.0024631098560301467,0.0,0.0012638887844216358,0.0,0.0008220989729659151,0.0
3681,0.002494727060060674,0.0,0.0015049781486603175,0.0,0.0010723220559694013,0.0
3682,0.002515125096083583,0.0,0.0015462198090452127,0.0,0.0011145476412138433,0.0
3683,0.0025406436399916916,0.0,0.0015839034760701694,0.0,0.0011578022848863431,0.0
3684,0.002557700126226987,0.0,0.0016161176192354485,0.0,0.0011910048350182098,0.0
3685,0.002581278105729525,0.0,0.001637103836603197,0.0,0.001239940101850382,0.0
3686,0.0026107927770700483,0.0,0.0016547747778999828,0.0,0.0012907289859313761,0.0
3687,0.0026409379773773547,0.0,0.001695942585565011,0.0,0.001334344290249563,0.0
3688,0.0025684565969977986,0.0,0.0012838909991839144,0.0,0.000995651771886144,0.0
3689,0.002560294117443342,0.0,0.0013391662250010785,0.0,0.0010199531522559022,0.0
3690,0.002538461386400811,0.0,0.0012642146489225384,0.0,0.0009234601159136659,0.0
3691,0.002519039863901459,0.0,0.001299165885426598,0.0,0.0008703363468387081,0.0
3692,0.0025086377658002203,0.0,0.0012821494807223146,0.0,0.0008552836502480747,0.0
3693,0.0024913099209906446,0.0,0.0011536149650538438,0.0,0.0007190520042841895,0.0
3694,0.0024803438730998774,0.0,0.0011439219660863834,0.0,0.0007073043776298661,0.0
3695,0.0024688944280826866,0.0,0.0010788446576905759,0.0,0.0006430934804200357,0.0
3696,0.002460986974339893,0.0,0.001048759469054617,0.0,0.0006118600050327072,0.0
3697,0.0024535324023455137,0.0,0.0009624388955254285,0.0,0.0005243344914769253,0.0
3698,0.002448311672964352,0.0,0.0009810099274995996,0.0,0.0005427934760031735,0.0
3699,0.0024430930551616985,0.0,0.0009466055847038601,0.0,0.00050789933955775,0.0
3700,0.002438165187597225,0.0,0.0009127250062173126,0.0,0.0004732804778381026,0.0
3701,0.0024347813186616314,0.0,0.0009629494030134447,0.0,0.0005245404209936323,0.0
3702,0.002430671394837656,0.0,0.0009665309996005015,0.0,0.0005267345397050205,0.0
3703,0.002438921632527913,0.0,0.001275165031627041,0.0,0.0008419124582059836,0.0
3704,0.002444402689258057,0.0,0.001327424659703622,0.0,0.0008944314992238797,0.0
3705,0.0024467173927054248,0.0,0.0013007744065224452,0.0,0.0008681110714487,0.0
3706,0.002448617446006678,0.0,0.0012772417467670993,0.0,0.0008446768338642254,0.0
3707,0.0024504752477715,0.0,0.0012526574489612977,0.0,0.0008203281378762123,0.0
3708,0.0024539783331023034,0.0,0.0012750986164058165,0.0,0.0008421845974352605,0.0
3709,0.002457038231731423,0.0,0.0012888373714445367,0.0,0.0008559992173021184,0.0
3710,0.002460092445562497,0.0,0.0012988238552963092,0.0,0.0008672128676578054,0.0
3711,0.0024626861655778955,0.0,0.0013088027498964947,0.0,0.0008761034159069732,0.0
3712,0.002467111428845921,0.0,0.0013118151377597286,0.0,0.0008845243451533786,0.0
3713,0.002473912154294355,0.0,0.001320217159106844,0.0,0.0008961748224022134,0.0
3714,0.0024726682625226233,0.0,0.001233681113885602,0.0,0.0008559556181371344,0.0
3715,0.002474802865205443,0.0,0.0012521901104193972,0.0,0.0008959992900852017,0.0
3716,0.0024738396833378917,0.0,0.001247853403374588,0.0,0.000878627513434208,0.0
3717,0.002459875699918891,0.0,0.0011691522246420076,0.0,0.0007455262395527483,0.0
3718,0.0024500505288153488,0.0,0.0011367176708019728,0.0,0.0007015665412877983,0.0
3719,0.0024406725621822015,0.0,0.001077852718893032,0.0,0.0006432780518529715,0.0
3720,0.002434117292564865,0.0,0.0010581028794101278,0.0,0.0006222443666899175,0.0
3721,0.002428371375167452,0.0,0.0009872101048814066,0.0,0.0005490315309004017,0.0
3722,0.0024248212860358423,0.0,0.0009981453633665475,0.0,0.0005594174398650114,0.0
3723,0.002421200006731707,0.0,0.0009614466862971989,0.0,0.0005221458283342624,0.0
3724,0.0024177769937152056,0.0,0.0009226223937919532,0.0,0.0004825167785579155,0.0
3725,0.0024147595844940164,0.0,0.0008989507496480972,0.0,0.0004589770456572017,0.0
3726,0.0023301799656793637,0.0,0.00036789341435227525,0.0,-6.333364951553028e-05,0.0
3727,0.0023901361886437293,0.0,0.0012150180560386772,0.0,0.0008077297453570273,0.0
3728,0.002439980810032302,0.0,0.001397491580854942,0.0,0.001026677954209841,0.0
3729,0.0024848629134560617,0.0,0.0013791137007214216,0.0,0.001101479030154185,0.0
3730,0.002520234900204783,0.0,0.0014273071605432914,0.0,0.0011465014081119508,0.0
3731,0.002555851606337051,0.0,0.0014585388974332491,0.0,0.0011810792200809468,0.0
3732,0.0025992316925278402,0.0,0.0015052740917707382,0.0,0.0012467766854881114,0.0
3733,0.0026414320421717053,0.0,0.0015957236913127272,0.0,0.001329763556781616,0.0
3734,0.0026880154595560635,0.0,0.0016268220468936931,0.0,0.0013759699643444523,0.0
3735,0.002740356392088494,0.0,0.0016974666008163317,0.0,0.001455375771659273,0.0
3736,0.0027870413127733746,0.0,0.0017566017775123113,0.0,0.0015157264960535526,0.0
3737,0.0028300593229846774,0.0,0.0018097347279570793,0.0,0.0015752273638811641,0.0
3738,0.0028588012722230815,0.0,0.0018690855990948156,0.0,0.0016317146324601331,0.0
3739,0.002683095912903187,0.0,0.0012919618633409036,0.0,0.0011994544877434675,0.0
3740,0.00263164757791576,0.0,0.0012982072750254618,0.0,0.001141956725550839,0.0
3741,0.002574159091314712,0.0,0.0011846676916928082,0.0,0.0008944101485239676,0.0
3742,0.0025424421484388287,0.0,0.001192229326261036,0.0,0.0008462229031864284,0.0
3743,0.0025165474314018917,0.0,0.0011283061634625301,0.0,0.0006921673296630207,0.0
3744,0.002499579804625514,0.0,0.0010864239958724422,0.0,0.0006493047167544853,0.0
3745,0.0024854676409038646,0.0,0.0010000883033487338,0.0,0.0005606855810010682,0.0
3746,0.002474924525812051,0.0,0.0010067159382679295,0.0,0.0005673151639765325,0.0
3747,0.0024654525280723887,0.0,0.0009637448041295337,0.0,0.0005232932949968164,0.0
3748,0.002456871157234512,0.0,0.0009229742289072489,0.0,0.0004822636520960973,0.0
3749,0.0024489868306331597,0.0,0.0008951459439452661,0.0,0.0004543435899419747,0.0
3750,0.0024185440013358246,0.0,0.00051384420946551,0.0,8.078142953645798e-05,0.0
3751,0.0024689374202430613,0.0,0.0015571240808685712,0.0,0.0011315847904389263,0.0
3752,0.0025237938356144243,0.0,0.001641683294185412,0.0,0.0012082839353156462,0.0
3753,0.002576515442440561,0.0,0.0016339870427107578,0.0,0.0012684651724698742,0.0
3754,0.0026280387165098645,0.0,0.0016538638293515518,0.0,0.0013285434005169882,0.0
3755,0.0026778672124745965,0.0,0.0016740588237389427,0.0,0.001374201861117965,0.0
3756,0.0027264180083993277,0.0,0.0017186860069807492,0.0,0.001432234714288895,0.0
3757,0.0027675803652951227,0.0,0.0017923524558092986,0.0,0.0015000519160038766,0.0
3758,0.0028065166008610404,0.0,0.001811621323594965,0.0,0.0015311506666944468,0.0
3759,0.0028409393861878367,0.0,0.001861177371220527,0.0,0.0015821760494099581,0.0
3760,0.002854595097706952,0.0,0.0019021586950102624,0.0,0.0016019615490171007,0.0
3761,0.0028831740949933314,0.0,0.0019423332407449885,0.0,0.00164794664067862,0.0
3762,0.0028888818903452214,0.0,0.0019753314310189942,0.0,0.0016802107419923258,0.0
3763,0.0026780464558913255,0.0,0.0012608315368526817,0.0,0.001033617225548464,0.0
3764,0.0026178741598674596,0.0,0.001273410282225022,0.0,0.0009753688212709392,0.0
3765,0.002573698771711929,0.0,0.0011338317328355853,0.0,0.0007586835152109878,0.0
3766,0.00254737689074914,0.0,0.0011509998551949914,0.0,0.0007245224572587272,0.0
3767,0.002526130602018587,0.0,0.0010709535014966475,0.0,0.0006342951486346842,0.0
3768,0.002510364445355807,0.0,0.0010296592502901688,0.0,0.0005917967982970445,0.0
3769,0.0024965630854748,0.0,0.0009303227230110609,0.0,0.0004903444986997039,0.0
3770,0.002485894995426067,0.0,0.0009528923503465403,0.0,0.0005128725819045273,0.0
3771,0.002475900226888818,0.0,0.0009137925043544311,0.0,0.0004731067147397811,0.0
3772,0.002466720067208935,0.0,0.0008771261407882899,0.0,0.00043604883931237337,0.0
3773,0.002459193011919205,0.0,0.0009213322876123929,0.0,0.00048097867299097064,0.0
3774,0.0024449513312060495,0.0,0.000683354733355253,0.0,0.000247248499812582,0.0
3775,0.0025091656212124173,0.0,0.0016333201832744264,0.0,0.0012099966674902459,0.0
3776,0.0025670567488769486,0.0,0.001710063606022031,0.0,0.0012773506324304453,0.0
3777,0.0026238666386292388,0.0,0.0016915300594463475,0.0,0.0013370050671898362,0.0
3778,0.002658550039826205,0.0,0.001719722315618061,0.0,0.0013693043418499728,0.0
3779,0.002697608419094706,0.0,0.0017441158363105892,0.0,0.0014005106024352408,0.0
3780,0.002750147280368983,0.0,0.0017732209536069543,0.0,0.001464381464047947,0.0
3781,0.0027947546870047404,0.0,0.0018403965387954258,0.0,0.0015354153950700817,0.0
3782,0.0028461070591766268,0.0,0.0018589853186952224,0.0,0.0015807471565167435,0.0
3783,0.0028967116817229625,0.0,0.0019131969000112964,0.0,0.001647935520778836,0.0
3784,0.0029455834022065006,0.0,0.001961936800573369,0.0,0.0017041864960836957,0.0
3785,0.002993355257256502,0.0,0.002011675001828638,0.0,0.0017620821386505328,0.0
3786,0.003019012030614916,0.0,0.0020591293792668244,0.0,0.001807487164221527,0.0
3787,0.0027989961429298335,0.0,0.001402371046184888,0.0,0.0013320156528408927,0.0
3788,0.0027416156842582145,0.0,0.0013930976913422222,0.0,0.0012826022371528857,0.0
3789,0.00267219843571179,0.0,0.0012686568670113607,0.0,0.0010670122902291122,0.0
3790,0.002627493555839346,0.0,0.0012544310860824082,0.0,0.0009738920313647496,0.0
3791,0.0025878182197604767,0.0,0.0012099617224617747,0.0,0.0007749076063689703,0.0
3792,0.002561742011586249,0.0,0.001171926011003925,0.0,0.0007355541645179863,0.0
3793,0.002540424369601654,0.0,0.0010816512672637574,0.0,0.0006433211789608438,0.0
3794,0.002524936566113452,0.0,0.001089986733528054,0.0,0.0006513682906984933,0.0
3795,0.002511436564447474,0.0,0.001052013595414142,0.0,0.000612913628056836,0.0
3796,0.0024994825384931883,0.0,0.001015612204049057,0.0,0.000576055303905205,0.0
3797,0.0024897905559747467,0.0,0.0010461344105177515,0.0,0.0006072088518902527,0.0
3798,0.0024849238787417213,0.0,0.0013722894128500524,0.0,0.0009304880240014728,0.0
3799,0.0025615066555794144,0.0,0.0016976096815639588,0.0,0.0013002747129772,0.0
3800,0.0026286659613832183,0.0,0.0017646766695123132,0.0,0.0013634142953880533,0.0
3801,0.0027037332780406103,0.0,0.0017587477729565629,0.0,0.0014435102181778862,0.0
3802,0.0027513766553169134,0.0,0.0017941990674884614,0.0,0.0014885078574732305,0.0
3803,0.0027931627133107114,0.0,0.001819279130003591,0.0,0.0015197432239871128,0.0
3804,0.002842998814431466,0.0,0.0018534120961265384,0.0,0.001574815416722415,0.0
3805,0.002881673739631283,0.0,0.001918296934086913,0.0,0.0016346906414000124,0.0
3806,0.002929497530263259,0.0,0.001938034851707404,0.0,0.0016735851415471772,0.0
3807,0.0029837524994772765,0.0,0.0019914127988504577,0.0,0.001739669946660936,0.0
3808,0.003038228762810465,0.0,0.0020426978329791297,0.0,0.0017995977069737092,0.0
3809,0.003079201993666747,0.0,0.0020890239973764685,0.0,0.0018486441581009039,0.0
3810,0.0030958491628139766,0.0,0.002128870842962872,0.0,0.0018838109286187553,0.0
3811,0.002850299468207901,0.0,0.0014399217427651097,0.0,0.0013801360016344917,0.0
3812,0.002777481360788585,0.0,0.0014177798945524723,0.0,0.0013068870011267784,0.0
3813,0.0027032113920685183,0.0,0.0012848102767784439,0.0,0.0010905655582719401,0.0
3814,0.002656996276013041,0.0,0.0012779049502256138,0.0,0.0010256468193607928,0.0
3815,0.002613319755217786,0.0,0.0012353293641188521,0.0,0.0007997573882251028,0.0
3816,0.002585374491791966,0.0,0.0011869709689109565,0.0,0.0007499797719771285,0.0
3817,0.0025626412417488237,0.0,0.001085306795912751,0.0,0.0006464040374216239,0.0
3818,0.002545351678509544,0.0,0.0010896351233622445,0.0,0.000650307154379338,0.0
3819,0.002530143273841396,0.0,0.001043903780206249,0.0,0.0006040651530035924,0.0
3820,0.0025166783486935667,0.0,0.0010004149238209404,0.0,0.0005599259204272582,0.0
3821,0.0025057954187901457,0.0,0.001036675771153953,0.0,0.0005971218708250737,0.0
3822,0.0025045650581673774,0.0,0.0014892914549269744,0.0,0.0010497298877099668,0.0
3823,0.0025811372083856983,0.0,0.0017261171039172315,0.0,0.0013256849136484457,0.0
3824,0.0026491404439876994,0.0,0.0018074699360114746,0.0,0.001391860666094156,0.0
3825,0.0027176109071763536,0.0,0.0017842251261306317,0.0,0.0014579299998354802,0.0
3826,0.002767057583920558,0.0,0.001813812699115581,0.0,0.0015051392521288026,0.0
3827,0.0028143951614947533,0.0,0.001838554393413317,0.0,0.0015434431000166723,0.0
3828,0.0028510309639943536,0.0,0.0018751532267650168,0.0,0.0015819103795085376,0.0
3829,0.0028809001587587167,0.0,0.0019381072180262272,0.0,0.0016331868186129465,0.0
3830,0.0029206781319529524,0.0,0.001950104132180307,0.0,0.0016648950976030528,0.0
3831,0.002955181992902091,0.0,0.0019937306161480197,0.0,0.0017130287833313313,0.0
3832,0.0029714620043863856,0.0,0.0020285436189503604,0.0,0.0017348426230735276,0.0
3833,0.002996387897950691,0.0,0.0020657971796846962,0.0,0.0017737887874084103,0.0
3834,0.00299946108721251,0.0,0.0020922687651598656,0.0,0.0018004928389180807,0.0
3835,0.002759790965706849,0.0,0.0013314227140588356,0.0,0.0011568524920245018,0.0
3836,0.002690087531998088,0.0,0.0013412860465541526,0.0,0.0010883973986097898,0.0
3837,0.0026394663306041188,0.0,0.0012012233721354088,0.0,0.0008867142002035606,0.0
3838,0.0026074438606360027,0.0,0.0011983405356764108,0.0,0.0008412311239875414,0.0
3839,0.002579490540868504,0.0,0.0011201678307299467,0.0,0.0006832900795745421,0.0
3840,0.0025595588824300144,0.0,0.001079228550901508,0.0,0.0006414056955460037,0.0
3841,0.002541664424836539,0.0,0.0009541120913945773,0.0,0.0005134249844016552,0.0
3842,0.002527839746702203,0.0,0.0009729350860220014,0.0,0.0005324763984761794,0.0
3843,0.002515426604608872,0.0,0.0009360658498564439,0.0,0.0004947725644475357,0.0
3844,0.0025038818947752204,0.0,0.0008825907618593639,0.0,0.0004409501977649245,0.0
3845,0.00249427943780206,0.0,0.0009236161242897696,0.0,0.00048233632517902594,0.0
3846,0.002484420386964419,0.0,0.0009220798043227513,0.0,0.00047962125324207483,0.0
3847,0.002485729624467096,0.0,0.001282555260519592,0.0,0.0008488560716951392,0.0
3848,0.002472801517212763,0.0,0.0012290710199243117,0.0,0.000776923912553198,0.0
3849,0.0025022286819350197,0.0,0.0015120534366452137,0.0,0.0010774010100447753,0.0
3850,0.0025204454423323943,0.0,0.0015522663986009338,0.0,0.0011171790549620113,0.0
3851,0.002543008144433063,0.0,0.0015882019485974044,0.0,0.0011542396955159491,0.0
3852,0.0025614304121309448,0.0,0.0016218527548425325,0.0,0.0011911821840357977,0.0
3853,0.00258170033555781,0.0,0.0016384486557550636,0.0,0.001232680753074852,0.0
3854,0.0026031633879217207,0.0,0.0016566388002982487,0.0,0.0012716532324629909,0.0
3855,0.002622907985551884,0.0,0.0017009846795937604,0.0,0.001307558048118324,0.0
3856,0.002554936629605117,0.0,0.001278764656636026,0.0,0.0009414459191621819,0.0
3857,0.002549229263825478,0.0,0.0013473786006872942,0.0,0.000998508415095053,0.0
3858,0.0025413803480308955,0.0,0.001266446210138103,0.0,0.0009716543115172182,0.0
3859,0.0025283540036186245,0.0,0.0013237150217191493,0.0,0.0009372323287465999,0.0
3860,0.0025214595930955967,0.0,0.0013100114771614963,0.0,0.0009189377862524248,0.0
3861,0.002504133385154943,0.0,0.0011964412686088337,0.0,0.0007684082615577242,0.0
3862,0.0024918155771098995,0.0,0.0011487745186331162,0.0,0.0007122666491961459,0.0
3863,0.002481390450776724,0.0,0.0011047887375396739,0.0,0.0006693987803781465,0.0
3864,0.002473464420983911,0.0,0.0010749488754882872,0.0,0.0006381959217587961,0.0
3865,0.0024660368842596707,0.0,0.0009889718021326055,0.0,0.0005512671177002602,0.0
3866,0.002460744464393053,0.0,0.00099875277964489,0.0,0.0005606253755284067,0.0
3867,0.0024553580366747,0.0,0.0009559464576950963,0.0,0.0005171247230597101,0.0
3868,0.0024502564444413423,0.0,0.0009139047700776456,0.0,0.0004746570566874779,0.0
3869,0.002446547231956931,0.0,0.0009519631513923222,0.0,0.0005129113163780997,0.0
3870,0.0024422227130976456,0.0,0.0009544090959840215,0.0,0.0005142744348281183,0.0
3871,0.002451698438862804,0.0,0.0012944680667028548,0.0,0.0008611610509768847,0.0
3872,0.0024594853469108594,0.0,0.0013519618958652165,0.0,0.0009290531572690749,0.0
3873,0.0024634190067928056,0.0,0.0013243226648007626,0.0,0.0009072696536074182,0.0
3874,0.002467397780542827,0.0,0.0012978414074181397,0.0,0.0008916553024005609,0.0
3875,0.0024698311762757883,0.0,0.0012758362817867665,0.0,0.0008621271039059471,0.0
3876,0.0024728301865142343,0.0,0.0012962937849379072,0.0,0.000871744419137354,0.0
3877,0.0024757243752096293,0.0,0.001307147504536016,0.0,0.0008758902582989565,0.0
3878,0.0024806490283664708,0.0,0.0013114112629979359,0.0,0.0008889094128640461,0.0
3879,0.002488016809090061,0.0,0.0013252097526523189,0.0,0.0009110343036079637,0.0
3880,0.0024950941013667694,0.0,0.0013397497096108114,0.0,0.000919124774323367,0.0
3881,0.0025028706621150238,0.0,0.0013274002483080088,0.0,0.0009271660810426506,0.0
3882,0.0025031281631412916,0.0,0.00125872520866231,0.0,0.0008981837227438883,0.0
3883,0.002504576415599704,0.0,0.0012712448302343439,0.0,0.00092460975838537,0.0
3884,0.0024975776813618124,0.0,0.0012768140350874371,0.0,0.0008721188445720465,0.0
3885,0.0024749716296014806,0.0,0.001062186729472817,0.0,0.0006414235719231184,0.0
3886,0.0024684674299715456,0.0,0.001155792940468092,0.0,0.0007210041543344243,0.0
3887,0.0024584908744786447,0.0,0.0011012861159227867,0.0,0.000666727238590894,0.0
3888,0.0024509144486800265,0.0,0.0010829764278879528,0.0,0.0006473518276311565,0.0
3889,0.0024442374463762026,0.0,0.001008755606060913,0.0,0.0005703802448983838,0.0
3890,0.002440096746960509,0.0,0.0010200308036515534,0.0,0.0005814526391746679,0.0
3891,0.0024359707834662094,0.0,0.000981205365640895,0.0,0.000541608310404091,0.0
3892,0.0024321466166592936,0.0,0.0009403459087946547,0.0,0.0005003483514774661,0.0
3893,0.0024288950734322632,0.0,0.000918805811168315,0.0,0.00047854864344095967,0.0
3894,0.002346091631077034,0.0,0.0003837016620444649,0.0,-4.750591493004697e-05,0.0
3895,0.0024052611783496724,0.0,0.0012556815131895733,0.0,0.0008412956204775822,0.0
3896,0.0024552372851270182,0.0,0.001430728754023923,0.0,0.0010476493988620312,0.0
3897,0.0025013924263414073,0.0,0.0014119915818791983,0.0,0.0011228658547557907,0.0
3898,0.0025353232119163546,0.0,0.0014613526896516712,0.0,0.0011632331761470024,0.0
3899,0.00257515420537373,0.0,0.0014899698137528221,0.0,0.0012069392524530521,0.0
3900,0.002621011101237607,0.0,0.0015401626372049339,0.0,0.0012752658989881671,0.0
3901,0.002666078672841027,0.0,0.0016322318871828184,0.0,0.0013598798105568912,0.0
3902,0.0027211787874581767,0.0,0.0016647722109409118,0.0,0.0014154121611683404,0.0
3903,0.0027792315098029196,0.0,0.001736413931103762,0.0,0.0014960752196463414,0.0
3904,0.002840997258425042,0.0,0.0018029215993878819,0.0,0.0015707823599644612,0.0
3905,0.0028921882333255112,0.0,0.00186433546389096,0.0,0.0016361471037200622,0.0
3906,0.0029224941748517206,0.0,0.0019227293821665323,0.0,0.0016900864037888677,0.0
3907,0.0027376493281501225,0.0,0.0013576640100716293,0.0,0.0012662571097285477,0.0
3908,0.002688990300663515,0.0,0.0013628418897551568,0.0,0.0012261544959008327,0.0
3909,0.002625025922606763,0.0,0.001251908751232712,0.0,0.0010105038351105485,0.0
3910,0.0025839874020543354,0.0,0.001248917332540462,0.0,0.0009142145197124773,0.0
3911,0.002551555006681963,0.0,0.0012036585777633326,0.0,0.0007682864212712715,0.0
3912,0.002530643331105256,0.0,0.0011705072406452785,0.0,0.0007341230851002842,0.0
3913,0.0025138729430908844,0.0,0.0010915711240387016,0.0,0.000653204994791099,0.0
3914,0.0025015915881268806,0.0,0.001097871214634201,0.0,0.000659494920007923,0.0
3915,0.0024905971640772143,0.0,0.0010564687919909037,0.0,0.0006170964818208613,0.0
3916,0.0024807418430994434,0.0,0.0010134615098214275,0.0,0.0005738423898422088,0.0
3917,0.0024730723123301,0.0,0.0010453281066519437,0.0,0.0006060146842348073,0.0
3918,0.00244532087656524,0.0,0.0005639098768992066,0.0,0.00013049031240202377,0.0
3919,0.002499514159931298,0.0,0.001596154233585758,0.0,0.0011760753550295257,0.0
3920,0.002560085606465373,0.0,0.00169338891635411,0.0,0.0012604177679380797,0.0
3921,0.002620916582900779,0.0,0.0016756905145353166,0.0,0.0013288582240591294,0.0
3922,0.0026521858461350054,0.0,0.0016321452769952015,0.0,0.0013438908854233747,0.0
3923,0.002728479553248921,0.0,0.0017174788158471164,0.0,0.0014403835668270006,0.0
3924,0.0027902689063526898,0.0,0.0017696970490547897,0.0,0.0015101676355927475,0.0
3925,0.0028402862273575664,0.0,0.0018462034989033024,0.0,0.0015806376326087694,0.0
3926,0.002896460164614212,0.0,0.0018790132313065584,0.0,0.0016279886444754456,0.0
3927,0.0029530376372341304,0.0,0.0019416218735812901,0.0,0.0016975157357388775,0.0
3928,0.0030015966939220423,0.0,0.0019945373575703364,0.0,0.001751670768166963,0.0
3929,0.0030529192942789826,0.0,0.0020477193473670318,0.0,0.0018128650953666424,0.0
3930,0.003082012972273796,0.0,0.0020954724254313144,0.0,0.001861008585670378,0.0
3931,0.0028523293964801367,0.0,0.0014602664486688883,0.0,0.0013993525362646373,0.0
3932,0.0027870873304456714,0.0,0.0014420889274303693,0.0,0.0013379485372643865,0.0
3933,0.0027113607208498975,0.0,0.00132110484457968,0.0,0.0011371433440852431,0.0
3934,0.0026626019545679365,0.0,0.0012997034764396693,0.0,0.0010598607238449641,0.0
3935,0.0026170609383192878,0.0,0.0012766357892066106,0.0,0.0008419951391423338,0.0
3936,0.002589848864857679,0.0,0.0012495917403888585,0.0,0.0008143146118038717,0.0
3937,0.0025679233522893003,0.0,0.0011989950218831461,0.0,0.000762400018301266,0.0
3938,0.002551535578523143,0.0,0.0012112852456531516,0.0,0.0007746554946303319,0.0
3939,0.0025366257105478005,0.0,0.00118301996215975,0.0,0.0007456565691624291,0.0
3940,0.0025232452027191504,0.0,0.0011512002046584484,0.0,0.0007136583319960962,0.0
3941,0.002512566319869318,0.0,0.0011699731294503716,0.0,0.0007325451288551356,0.0
3942,0.002509251806911206,0.0,0.0014700414105673603,0.0,0.00103149335127859,0.0
3943,0.002592029816692585,0.0,0.0017095802582245115,0.0,0.0013366200616290271,0.0
3944,0.002669098430814474,0.0,0.0017979028160454204,0.0,0.0014080380748568906,0.0
3945,0.0027638650851040452,0.0,0.0017859149323854343,0.0,0.0015084407845066179,0.0
3946,0.0028326829219045995,0.0,0.0018300449420423366,0.0,0.0015757849686855946,0.0
3947,0.002895057729106103,0.0,0.0018724490463453527,0.0,0.0016273736976205834,0.0
3948,0.002956269701542802,0.0,0.0019257472947347362,0.0,0.0016885210295613092,0.0
3949,0.003004953103085896,0.0,0.001996428530192121,0.0,0.0017507305911150547,0.0
3950,0.003059331432665042,0.0,0.002031761514955591,0.0,0.0017959925976489873,0.0
3951,0.0031141370822893783,0.0,0.002091957611490756,0.0,0.0018604706387285838,0.0
3952,0.003168194919167483,0.0,0.0021473673374298244,0.0,0.0019193232304691517,0.0
3953,0.003212687381601434,0.0,0.0021965557387786964,0.0,0.0019708202873473715,0.0
3954,0.003236867281365236,0.0,0.0022361690176405744,0.0,0.0020103799048021933,0.0
3955,0.0029758584107906485,0.0,0.001582246528740253,0.0,0.0015309035291859122,0.0
3956,0.0028993757251222045,0.0,0.0015498799508796327,0.0,0.001456996465786598,0.0
3957,0.002819855613085745,0.0,0.0014263652601510795,0.0,0.0012905786405234387,0.0
3958,0.0027672255665628443,0.0,0.0013876822070252191,0.0,0.001222051928601356,0.0
3959,0.002702528763902864,0.0,0.0013776043617869478,0.0,0.0009441337077714261,0.0
3960,0.0026667611199965987,0.0,0.0013457387229513322,0.0,0.0009142960274872399,0.0
3961,0.002638598266365972,0.0,0.0012996614660864359,0.0,0.0008762960760121167,0.0
3962,0.002616963566118618,0.0,0.0012961390508206948,0.0,0.0008788994088443217,0.0
3963,0.002597359415547529,0.0,0.0012691846167108053,0.0,0.0008535458684939803,0.0
3964,0.0025791417677265825,0.0,0.0012352407751654872,0.0,0.0008202113619225153,0.0
3965,0.0025646623415803978,0.0,0.001246000585595908,0.0,0.0008257680309597859,0.0
3966,0.002586459649894959,0.0,0.0016716271527087124,0.0,0.0012471568848517471,0.0
3967,0.0027070982968930464,0.0,0.0017761010453845713,0.0,0.0014731545981465787,0.0
3968,0.002784413929885712,0.0,0.00189694242328128,0.0,0.0015402807874563091,0.0
3969,0.002876254887918426,0.0,0.0018957550295719565,0.0,0.001629046840927704,0.0
3970,0.0029434003316955223,0.0,0.001939557616014217,0.0,0.0016936679611977363,0.0
3971,0.0029971648810746044,0.0,0.0019787448801069736,0.0,0.0017363068118016788,0.0
3972,0.0030528638249003705,0.0,0.0020258750000630285,0.0,0.0017912383122121191,0.0
3973,0.0030990825556001618,0.0,0.0020892094761926633,0.0,0.0018502153507135017,0.0
3974,0.0031428897599107613,0.0,0.002118030758485606,0.0,0.0018847677766052982,0.0
3975,0.003194904020778942,0.0,0.0021731814895577144,0.0,0.001944967120534661,0.0
3976,0.00324910882223737,0.0,0.002227131720041342,0.0,0.002003024837512781,0.0
3977,0.0032936897410801034,0.0,0.00227620306258537,0.0,0.0020541369851085297,0.0
3978,0.00331134157562189,0.0,0.0023106792843058666,0.0,0.0020859956487101227,0.0
3979,0.0030354561459663156,0.0,0.001637492955592659,0.0,0.0015930545929011527,0.0
3980,0.0029593445175606654,0.0,0.001616340055812711,0.0,0.0015316338412551082,0.0
3981,0.002868020602690072,0.0,0.0014750142260767395,0.0,0.00134778462108317,0.0
3982,0.0028065937374050377,0.0,0.0014253383784304967,0.0,0.0012709545942356745,0.0
3983,0.0027346475357710367,0.0,0.0014071878543288003,0.0,0.0009732086688573828,0.0
3984,0.002692648952886954,0.0,0.0013669086765406852,0.0,0.0009332671450886585,0.0
3985,0.0026585564752676268,0.0,0.0013037251790951547,0.0,0.0008672667034773218,0.0
3986,0.002632341400093917,0.0,0.0013022241082024804,0.0,0.0008653436607505066,0.0
3987,0.002610077995471651,0.0,0.0012630461912093575,0.0,0.000825268776577403,0.0
3988,0.0025908894308607974,0.0,0.0012197970006416312,0.0,0.0007818451379705291,0.0
3989,0.0025754736241627874,0.0,0.0012371112092918319,0.0,0.0007993622628194464,0.0
3990,0.0025901949833727978,0.0,0.0017152946724627715,0.0,0.001280880384425715,0.0
3991,0.002685479783139136,0.0,0.0018202829792556693,0.0,0.001462639861378328,0.0
3992,0.0027445932811107454,0.0,0.001905531175674505,0.0,0.0015033809843175896,0.0
3993,0.00281653975256335,0.0,0.0018889915036047406,0.0,0.0015724931858672525,0.0
3994,0.0028659456030611166,0.0,0.0019178999836123101,0.0,0.0016184459344867831,0.0
3995,0.0029079097471409214,0.0,0.0019415569159594445,0.0,0.0016498022040878687,0.0
3996,0.0029492482718032273,0.0,0.0019746925776179007,0.0,0.0016929558380608702,0.0
3997,0.002982762037640441,0.0,0.0020315223154270708,0.0,0.0017448169787006728,0.0
3998,0.0030195679618979813,0.0,0.002044343996698966,0.0,0.001772602581209893,0.0
3999,0.0030480001607881137,0.0,0.002083478377989098,0.0,0.0018129300286011578,0.0
4000,0.003053721720411109,0.0,0.0021128214664083,0.0,0.0018235066217510967,0.0
4001,0.0030720280680550703,0.0,0.0021448675118908196,0.0,0.0018546050272747524,0.0
4002,0.003076718862290964,0.0,0.002164823102097667,0.0,0.0018807368021572552,0.0
4003,0.0028275743166655647,0.0,0.0014062657496041844,0.0,0.001266131180720752,0.0
4004,0.002753432134312943,0.0,0.0014067664537467982,0.0,0.0011909291173267324,0.0
4005,0.002698690797383383,0.0,0.001272960074572262,0.0,0.0010051393099372468,0.0
4006,0.002664236675051351,0.0,0.0012746434862446058,0.0,0.0009754140255154118,0.0
4007,0.0026310395327321257,0.0,0.0012116995238613739,0.0,0.0007751829011843402,0.0
4008,0.002607647337186566,0.0,0.0011581401541172001,0.0,0.000720540932235763,0.0
4009,0.0025875520781318442,0.0,0.0010491584788785598,0.0,0.0006090779292479845,0.0
4010,0.0025717039000775843,0.0,0.0010606585311145617,0.0,0.000620657132041924,0.0
4011,0.0025574094107890396,0.0,0.0010145920454107205,0.0,0.0005736262564156689,0.0
4012,0.002544521511533112,0.0,0.0009706258741065674,0.0,0.0005295362476958967,0.0
4013,0.0025337706493004557,0.0,0.0010099799348289053,0.0,0.000569336516460611,0.0
4014,0.002523083868622189,0.0,0.0010100283861504693,0.0,0.0005685443463280247,0.0
4015,0.002528589849431846,0.0,0.0013571798178413038,0.0,0.0009487874865836143,0.0
4016,0.002525738343492482,0.0,0.001403588483574628,0.0,0.0010685589421048525,0.0
4017,0.0025696207168609086,0.0,0.001531161323790116,0.0,0.0012061584468480405,0.0
4018,0.002598593524126877,0.0,0.00157565512653766,0.0,0.001247224027259668,0.0
4019,0.002627389877227351,0.0,0.0016264805166358424,0.0,0.0012829319188144969,0.0
4020,0.0026493209693074634,0.0,0.0016631257860209765,0.0,0.0013194022196566743,0.0
4021,0.0026698293620895687,0.0,0.0016943481668396756,0.0,0.001353539115850044,0.0
4022,0.0026872852238707004,0.0,0.0017286246488547334,0.0,0.0013805673611693688,0.0
4023,0.0027008276738085192,0.0,0.0017807413230411827,0.0,0.001401540799847445,0.0
4024,0.0026096685125503198,0.0,0.0013424613638850843,0.0,0.0009683788823479384,0.0
4025,0.0025920016893794385,0.0,0.001411665807272521,0.0,0.00099762828747096,0.0
4026,0.0025675764512267177,0.0,0.0013065413308672809,0.0,0.0008732117216071812,0.0
4027,0.002552799650159359,0.0,0.001313090992678202,0.0,0.0008788787306361874,0.0
4028,0.002542528842699456,0.0,0.0012976452006893736,0.0,0.000863199282332934,0.0
4029,0.0025275095739103605,0.0,0.0011729100116696354,0.0,0.0007373051585887402,0.0
4030,0.002517743278114881,0.0,0.0011600134075434667,0.0,0.0007227473187217189,0.0
4031,0.0025077479751420186,0.0,0.0010895351189285662,0.0,0.0006532749060178577,0.0
4032,0.002500528363968576,0.0,0.0010557477509962588,0.0,0.0006184677781094449,0.0
4033,0.0024931733095370614,0.0,0.0009597243607241629,0.0,0.000520994075006155,0.0
4034,0.002487640597909924,0.0,0.0009787952880294804,0.0,0.0005401084996564018,0.0
4035,0.00248187516585569,0.0,0.0009349163375778715,0.0,0.0004951942530667455,0.0
4036,0.0024764137512588488,0.0,0.0008936316021252401,0.0,0.00045363630518181633,0.0
4037,0.0024723102037131333,0.0,0.0009414001430082281,0.0,0.0005019518093655982,0.0
4038,0.002467794410281214,0.0,0.0009611935649961596,0.0,0.0005207863348989027,0.0
4039,0.00247715681816277,0.0,0.0013202474163385432,0.0,0.0008868931140215263,0.0
4040,0.002485191702244102,0.0,0.0013772765226180096,0.0,0.0009586974985557729,0.0
4041,0.002489204755899649,0.0,0.0013486573246005327,0.0,0.000937738140650925,0.0
4042,0.0024933645913286367,0.0,0.0013199068024613498,0.0,0.0009234589926178805,0.0
4043,0.0024950355014093564,0.0,0.001301505249847458,0.0,0.0008878988408283052,0.0
4044,0.002497668923830359,0.0,0.001321934168577604,0.0,0.0008989098783193014,0.0
4045,0.002499761907462827,0.0,0.0013341091246567595,0.0,0.000904198519697216,0.0
4046,0.0025023793554142344,0.0,0.0013399174083827052,0.0,0.0009121125435342765,0.0
4047,0.0025077962250243165,0.0,0.0013540628488608543,0.0,0.0009368301127427655,0.0
4048,0.002512961700576565,0.0,0.001363417663452035,0.0,0.0009467482030265364,0.0
4049,0.002518119064496206,0.0,0.0013688059499555026,0.0,0.0009511438207278065,0.0
4050,0.0025110896508377905,0.0,0.0012889867044393933,0.0,0.0008786953001490988,0.0
4051,0.002508832448647034,0.0,0.0013101982334443446,0.0,0.0009073403115401866,0.0
4052,0.002505950050720439,0.0,0.001306282508523928,0.0,0.0008919603698317512,0.0
4053,0.0024945002269987507,0.0,0.001209820965290758,0.0,0.000790314458650258,0.0
4054,0.0024846600912356897,0.0,0.0011778979797660133,0.0,0.0007425269764603226,0.0
4055,0.0024750331204768713,0.0,0.0011147918291425291,0.0,0.0006799639023772875,0.0
4056,0.002468583755015079,0.0,0.0010862177974526204,0.0,0.0006500887025428662,0.0
4057,0.002462568450893197,0.0,0.001002890711052828,0.0,0.0005643156116139374,0.0
4058,0.002458906992457119,0.0,0.0010192559275896274,0.0,0.0005801760249489008,0.0
4059,0.002455271928642434,0.0,0.0009861235960386104,0.0,0.000546604539760765,0.0
4060,0.002451854269533565,0.0,0.0009523961234014159,0.0,0.0005121450883175658,0.0
4061,0.0024488500627503507,0.0,0.0009342709485433184,0.0,0.0004942847940204555,0.0
4062,0.002364715050411207,0.0,0.0003997982005124063,0.0,-3.140020604920201e-05,0.0
4063,0.00242213848789886,0.0,0.0012422450063946646,0.0,0.000810925812311175,0.0
4064,0.002465014250367178,0.0,0.001467215457419181,0.0,0.001031889921833753,0.0
4065,0.002499910394593258,0.0,0.0014557088724963,0.0,0.0010940907908510626,0.0
4066,0.0025296787278685597,0.0,0.0014939175060019784,0.0,0.0011378235422866366,0.0
4067,0.0025571502179203547,0.0,0.001515894279766881,0.0,0.0011614108889097916,0.0
4068,0.002591506588776444,0.0,0.0015533479121989833,0.0,0.0012192655947934694,0.0
4069,0.00262091384724674,0.0,0.0016380342478437067,0.0,0.001290044082155108,0.0
4070,0.0026601067090271354,0.0,0.0016472004355072383,0.0,0.0013308167280275513,0.0
4071,0.0027028924092088163,0.0,0.0017033149946486146,0.0,0.00140408927960366,0.0
4072,0.002724386057229606,0.0,0.001754450160221638,0.0,0.0014349271472123225,0.0
4073,0.0027523728915752593,0.0,0.0018054370951036721,0.0,0.0014857361442009082,0.0
4074,0.0027663496507408848,0.0,0.001846404067826782,0.0,0.0015332703732381676,0.0
4075,0.0026108667169465025,0.0,0.0012332949006516865,0.0,0.0008986613231983975,0.0
4076,0.0025701844476487476,0.0,0.0012759600703132438,0.0,0.0008859781245408108,0.0
4077,0.0025390820982253517,0.0,0.0011390827612130282,0.0,0.0006984885927853964,0.0
4078,0.0025227259152476736,0.0,0.001153235774980299,0.0,0.0007161752027190355,0.0
4079,0.0025086605639425296,0.0,0.0010880814498463543,0.0,0.0006518678886535932,0.0
4080,0.0024985688272136522,0.0,0.0010696260087307652,0.0,0.0006326021646482613,0.0
4081,0.0024883116702888453,0.0,0.0009552057946836832,0.0,0.0005158227134496414,0.0
4082,0.0024812537305401797,0.0,0.0009835717670178626,0.0,0.0005443121014007467,0.0
4083,0.002474699512440302,0.0,0.0009574264378801403,0.0,0.0005174697344618639,0.0
4084,0.0024682343954557755,0.0,0.0009123849790269997,0.0,0.000472045866812493,0.0
4085,0.0024623312333835476,0.0,0.0008857405256546581,0.0,0.0004450397280239761,0.0
4086,0.002434290192988917,0.0,0.0005333293328359099,0.0,0.00010037436475980306,0.0
4087,0.0024889729094666113,0.0,0.0015758837583461605,0.0,0.0011499011524507478,0.0
4088,0.0025461270189229505,0.0,0.0016653202834994438,0.0,0.0012320658334886042,0.0
4089,0.002607229512856216,0.0,0.0016441297934631112,0.0,0.001304399116538187,0.0
4090,0.0026626722707172165,0.0,0.0016667846423538454,0.0,0.0013680799494485887,0.0
4091,0.0027080124489991583,0.0,0.0016996014981329325,0.0,0.0014067503151723496,0.0
4092,0.002746867680093111,0.0,0.0017440660807964972,0.0,0.0014514963557707987,0.0
4093,0.0027803299773004435,0.0,0.0018152006608661766,0.0,0.0015105653652026608,0.0
4094,0.002821525621407731,0.0,0.00182791752769154,0.0,0.0015449505860318947,0.0
4095,0.002859229031887853,0.0,0.0018762633209830459,0.0,0.0015993176395530666,0.0
4096,0.0029017477477747467,0.0,0.001919501902976947,0.0,0.0016521975993459117,0.0
4097,0.0029350331546862452,0.0,0.001966597948178085,0.0,0.0016983527742921263,0.0
4098,0.0029429485656400907,0.0,0.0020021012168782645,0.0,0.0017274929199501852,0.0
4099,0.002729123544362874,0.0,0.0013217989944348644,0.0,0.0011416378090301355,0.0
4100,0.002664494508803481,0.0,0.0013286841562602859,0.0,0.0010526660686634194,0.0
4101,0.00261604831738191,0.0,0.0012057614763490451,0.0,0.0008441885910750865,0.0
4102,0.002586685585248173,0.0,0.0012148333395466146,0.0,0.000805993133830892,0.0
4103,0.0025627213148697466,0.0,0.001152260124823663,0.0,0.0007162938004947317,0.0
4104,0.0025455677025093978,0.0,0.0011295105665687908,0.0,0.0006926702969686825,0.0
4105,0.00253039412464862,0.0,0.0010440246243371548,0.0,0.000605304568291738,0.0
4106,0.002519035225310095,0.0,0.0010687047781397974,0.0,0.0006301141129689094,0.0
4107,0.0025084307311442604,0.0,0.001033542000673983,0.0,0.0005943151427245865,0.0
4108,0.002498351483002957,0.0,0.0009785363335252533,0.0,0.0005387439376220791,0.0
4109,0.0024907060154371417,0.0,0.0010226393869910313,0.0,0.0005834608794281985,0.0
4110,0.0024799944015315937,0.0,0.0008559044634358145,0.0,0.00041754342873691406,0.0
4111,0.0025469638959429108,0.0,0.0016825231257776442,0.0,0.0012636026523634995,0.0
4112,0.002605777649837502,0.0,0.0017599127691271018,0.0,0.0013271377883678635,0.0
4113,0.002663272476588361,0.0,0.0017426661834079639,0.0,0.001386439372934139,0.0
4114,0.0027074905199718246,0.0,0.0017688886999847598,0.0,0.00143151394329087,0.0
4115,0.0027467452153590475,0.0,0.0017886565447885934,0.0,0.0014614420861834665,0.0
4116,0.002788456071736719,0.0,0.0018195925617026704,0.0,0.0015092476385283275,0.0
4117,0.002821554465148409,0.0,0.0018826697017955312,0.0,0.0015664387899016387,0.0
4118,0.0028606825689948185,0.0,0.001890750260186247,0.0,0.0015972338807338947,0.0
4119,0.002894811890946739,0.0,0.0019337214689528948,0.0,0.001646127883717602,0.0
4120,0.0029241646400631964,0.0,0.001969712507763158,0.0,0.0016831233460756615,0.0
4121,0.002951574401779355,0.0,0.002010304763728981,0.0,0.001724629327167187,0.0
4122,0.002951547509288337,0.0,0.002042722164959131,0.0,0.0017489362913747546,0.0
4123,0.00273442384512677,0.0,0.0013186791966993414,0.0,0.001134055704499697,0.0
4124,0.0026703985453893743,0.0,0.0013329574450088623,0.0,0.0010608565245942884,0.0
4125,0.0026221817785808538,0.0,0.001192723334469226,0.0,0.0008396180717900607,0.0
4126,0.0025929134859287136,0.0,0.0012010658474707959,0.0,0.0007935842117698677,0.0
4127,0.0025688290013271206,0.0,0.001117385450705229,0.0,0.0006807582164933216,0.0
4128,0.0025508379168848643,0.0,0.001068336970396136,0.0,0.00063026631668041,0.0
4129,0.0025351965285256117,0.0,0.0009607859554475629,0.0,0.0005205498931676283,0.0
4130,0.0025230945326868526,0.0,0.0009818930234368499,0.0,0.0005413816818497536,0.0
4131,0.0025120737667211806,0.0,0.0009396251902955245,0.0,0.0004985828848448816,0.0
4132,0.0025021006913899533,0.0,0.0008998083139127118,0.0,0.0004582197145494176,0.0
4133,0.002493981118736835,0.0,0.0009463717470908932,0.0,0.0005057336067831124,0.0
4134,0.0024853747209238764,0.0,0.0009414066462669094,0.0,0.0005003942741647843,0.0
4135,0.0025470427430519084,0.0,0.0017013476510012759,0.0,0.0012720488957772978,0.0
4136,0.0026019885939699856,0.0,0.001758395678434729,0.0,0.00132449077633672,0.0
4137,0.0026522378797698798,0.0,0.0017452944722576413,0.0,0.0013767529758534338,0.0
4138,0.0026885888592245353,0.0,0.0017698276749817823,0.0,0.0014120111685683384,0.0
4139,0.002720659699746573,0.0,0.0017884883857448425,0.0,0.001431116455427346,0.0
4140,0.0027545911212818208,0.0,0.0018192012479800758,0.0,0.0014690833905555054,0.0
4141,0.0027852839381610397,0.0,0.0018831327203973267,0.0,0.0015260639710478305,0.0
4142,0.0028252933978099833,0.0,0.0018870637231132275,0.0,0.0015579230404725187,0.0
4143,0.002872682288379635,0.0,0.0019286293507497466,0.0,0.0016245580095250816,0.0
4144,0.0029239893387398306,0.0,0.001970363074289828,0.0,0.0016872554111288197,0.0
4145,0.00296888575466704,0.0,0.002014400080792642,0.0,0.0017463863106266181,0.0
4146,0.0029905204181730457,0.0,0.002066068791853868,0.0,0.0017948494856541773,0.0
4147,0.002768761369876147,0.0,0.0013803188545499605,0.0,0.0012840967446537334,0.0
4148,0.002705410734698018,0.0,0.001378758016966863,0.0,0.0012155885100816111,0.0
4149,0.002642704044115287,0.0,0.0012667713350960465,0.0,0.0009207161066469125,0.0
4150,0.002606498937612463,0.0,0.0012179923397594775,0.0,0.0008151450266862829,0.0
4151,0.002580089077122369,0.0,0.0011575153553934762,0.0,0.0007209646838623747,0.0
4152,0.00256036963489347,0.0,0.0011050740238625926,0.0,0.0006672136371791513,0.0
4153,0.0025435634165644786,0.0,0.00099792720628063,0.0,0.0005575365438266807,0.0
4154,0.0025305492197955286,0.0,0.0010110573363368803,0.0,0.0005704227199834339,0.0
4155,0.0025187912769573284,0.0,0.0009668510595372713,0.0,0.0005263221590656906,0.0
4156,0.002507965175107067,0.0,0.0009303991322478736,0.0,0.0004908285165835051,0.0
4157,0.0024990630412327856,0.0,0.0009619884478880177,0.0,0.0005234599134075514,0.0
4158,0.0024905429823393506,0.0,0.0009896196311539199,0.0,0.0005499517231530515,0.0
4159,0.00255582130243244,0.0,0.0016943567363223385,0.0,0.0012625441032197517,0.0
4160,0.002613747838460428,0.0,0.0017712858464421306,0.0,0.0013384791454644543,0.0
4161,0.0026682314469233586,0.0,0.0017582654207496183,0.0,0.0013959073982704358,0.0
4162,0.0027148920160146982,0.0,0.0017845749818172238,0.0,0.0014494388906434552,0.0
4163,0.0027602754745747566,0.0,0.0018036612563651219,0.0,0.0014823417261573867,0.0
4164,0.0028046094074500117,0.0,0.00184113362114171,0.0,0.0015310260707047984,0.0
4165,0.0028384187290904483,0.0,0.0019108596681493143,0.0,0.0015878033691356704,0.0
4166,0.002882166845844009,0.0,0.0019226916088146094,0.0,0.0016239543166029187,0.0
4167,0.002928083559383359,0.0,0.0019727738135442473,0.0,0.0016866598384701428,0.0
4168,0.0029794664523262234,0.0,0.0020188701748342875,0.0,0.0017486233855558944,0.0
4169,0.0030205467199958935,0.0,0.0020624693270083093,0.0,0.0018017600309760354,0.0
4170,0.0030407659945410883,0.0,0.0021097762835694473,0.0,0.0018457881305929797,0.0
4171,0.0027907394634624737,0.0,0.0013831595036750176,0.0,0.0012599403960908127,0.0
4172,0.0027239097764812327,0.0,0.001388046978547723,0.0,0.0012113588155390383,0.0
4173,0.0026661564485562905,0.0,0.00127062835467151,0.0,0.001006743224347996,0.0
4174,0.0026275285746232033,0.0,0.001260954837537309,0.0,0.0008996939016604163,0.0
4175,0.002596933678419798,0.0,0.0011755552873899669,0.0,0.0007389769931743409,0.0
4176,0.0025752467657340857,0.0,0.0011195838993538947,0.0,0.0006816800153558976,0.0
4177,0.0025570961352574147,0.0,0.0010110048005941342,0.0,0.000570511413408718,0.0
4178,0.002543033141452898,0.0,0.0010225484802830111,0.0,0.0005819609733590946,0.0
4179,0.0025301387940484888,0.0,0.0009780862027998186,0.0,0.000537610697814766,0.0
4180,0.0025182239366570497,0.0,0.000942897899849689,0.0,0.0005037845850572973,0.0
4181,0.0025084146246003155,0.0,0.0009736088092452968,0.0,0.0005352944712785945,0.0
4182,0.002498572785073429,0.0,0.0009658271292993553,0.0,0.0005260904565839802,0.0
4183,0.0025018382520973007,0.0,0.0013067438738788581,0.0,0.0008668761451242704,0.0
4184,0.0024902915294386287,0.0,0.0012995614497118607,0.0,0.0009026642620118585,0.0
4185,0.0025303579731826434,0.0,0.0015213288955195213,0.0,0.0011566076740776544,0.0
4186,0.002559909253307711,0.0,0.0015500362541930543,0.0,0.001201671799483225,0.0
4187,0.002589927673882342,0.0,0.0015978853263544774,0.0,0.0012387191008157977,0.0
4188,0.0026117392278064318,0.0,0.001634797561382733,0.0,0.0012747400345648275,0.0
4189,0.002631031462794042,0.0,0.0016664653456522998,0.0,0.0013076067575461896,0.0
4190,0.0026512775248285422,0.0,0.0017005086890850053,0.0,0.001341386329682746,0.0
4191,0.002673075325265661,0.0,0.0017508433720058367,0.0,0.0013786245251847253,0.0
4192,0.0025974508422498634,0.0,0.0013217514349353077,0.0,0.0010348266493477977,0.0
4193,0.0025921868195961217,0.0,0.001387407513101117,0.0,0.0010874159448085669,0.0
4194,0.0025760040412837575,0.0,0.0013163770817751375,0.0,0.00102687040466902,0.0
4195,0.002554539676157064,0.0,0.0013765329138973289,0.0,0.000959510643590573,0.0
4196,0.002541175247165797,0.0,0.0013459813592731147,0.0,0.0009203237016152158,0.0
4197,0.0025215350727507023,0.0,0.0011986424895719103,0.0,0.0007632890825386269,0.0
4198,0.0025100898265207824,0.0,0.0011905346810848342,0.0,0.0007534792977766376,0.0
4199,0.002499265633399612,0.0,0.0011150590252700626,0.0,0.0006789108511182295,0.0
4200,0.002491746621637708,0.0,0.0010840775239254843,0.0,0.0006469357253787947,0.0
4201,0.002484444791069231,0.0,0.0010019647366603683,0.0,0.0005634822229365845,0.0
4202,0.002479060396078399,0.0,0.001016931991510263,0.0,0.0005784529248841759,0.0
4203,0.002473626950196829,0.0,0.000978501369138648,0.0,0.0005391744587275897,0.0
4204,0.002468465957828703,0.0,0.0009403738671956068,0.0,0.0005007507070857278,0.0
4205,0.002464488956319842,0.0,0.0009806483335878472,0.0,0.0005414450484433442,0.0
4206,0.0024597052604978494,0.0,0.0009726906289781656,0.0,0.0005319559176892052,0.0
4207,0.002468506364206673,0.0,0.0013171326789828109,0.0,0.0008837056302699519,0.0
4208,0.002475575197596183,0.0,0.0013786834263010987,0.0,0.0009463826249967865,0.0
4209,0.0024799002478237504,0.0,0.0013474925301402143,0.0,0.0009292637090344206,0.0
4210,0.0024742302788014208,0.0,0.001223360763509575,0.0,0.000802250078445519,0.0
4211,0.0024834887601271425,0.0,0.0013016006808262985,0.0,0.0008809274805522637,0.0
4212,0.002489411232267625,0.0,0.001328927093660565,0.0,0.0009051174597866356,0.0
4213,0.002494820837540548,0.0,0.0013434632684425029,0.0,0.0009178777838267588,0.0
4214,0.002501096490698666,0.0,0.0013514071568090148,0.0,0.0009314357975147864,0.0
4215,0.00250805027360555,0.0,0.001362439100932448,0.0,0.0009490977294676734,0.0
4216,0.002512464269632063,0.0,0.0013640402599871516,0.0,0.0009473908757534235,0.0
4217,0.0025174977921459006,0.0,0.0013682687327624956,0.0,0.0009431933854091691,0.0
4218,0.002511464755015812,0.0,0.0012923672186765088,0.0,0.0008720923488847239,0.0
4219,0.002507439220135537,0.0,0.001296613384765971,0.0,0.0008741562586103981,0.0
4220,0.0025020765263396036,0.0,0.001272775498806262,0.0,0.0008401860540061771,0.0
4221,0.0024925601125319924,0.0,0.0011906388086803973,0.0,0.0007576625074317675,0.0
4222,0.0024865499670102247,0.0,0.0011708000028341032,0.0,0.0007362719654524302,0.0
4223,0.0024791674922428693,0.0,0.0011312154744815438,0.0,0.0006973644188188195,0.0
4224,0.002472952255710215,0.0,0.0011217037282613275,0.0,0.0006869092280108011,0.0
4225,0.0024651520481851455,0.0,0.0010551582973676189,0.0,0.0006179712018792968,0.0
4226,0.0024609970560098256,0.0,0.0010806943375901595,0.0,0.0006430048729531936,0.0
4227,0.002457869147289838,0.0,0.0010730960456372253,0.0,0.000635312391494069,0.0
4228,0.0024547842371281598,0.0,0.0010539588201253934,0.0,0.0006157882158708621,0.0
4229,0.0024517866254559397,0.0,0.0010312654801811734,0.0,0.0005931344360931307,0.0
4230,0.0023788063843085743,0.0,0.0004241656874991428,0.0,-7.154969204583987e-06,0.0
4231,0.002434762646032586,0.0,0.0013199182542310243,0.0,0.0009311925337519326,0.0
4232,0.002484782567543158,0.0,0.0014977002007937122,0.0,0.0010837533164658893,0.0
4233,0.0025424540417761958,0.0,0.0014540265587274987,0.0,0.0011782582121975995,0.0
4234,0.0026035941966393757,0.0,0.0014880821698615135,0.0,0.0012614459027553314,0.0
4235,0.0026560233840201082,0.0,0.0015367371871847146,0.0,0.0013122010333671587,0.0
4236,0.0027159168105418347,0.0,0.0016000936638265303,0.0,0.0013877012894462333,0.0
4237,0.002766652718194687,0.0,0.001690930495587617,0.0,0.0014657631585506229,0.0
4238,0.002820199840125882,0.0,0.0017347546752631679,0.0,0.001515340526655442,0.0
4239,0.0028799986306371423,0.0,0.001809176604236804,0.0,0.0015931058573682485,0.0
4240,0.0029456165341042494,0.0,0.0018827287185330325,0.0,0.0016704173641130414,0.0
4241,0.0029997896755093612,0.0,0.001947709390454973,0.0,0.0017374235952543403,0.0
4242,0.0030304368438172228,0.0,0.0020020434113691664,0.0,0.0017884726330488396,0.0
4243,0.0028369629256735935,0.0,0.0014490542258970695,0.0,0.001386623692226838,0.0
4244,0.002789166632620992,0.0,0.0014481369390037006,0.0,0.0013515487953071775,0.0
4245,0.0027261240629493783,0.0,0.0013584920907011527,0.0,0.0012099001092609313,0.0
4246,0.0026706474638634424,0.0,0.001305837069804852,0.0,0.001084770574349662,0.0
4247,0.002621766545666086,0.0,0.0012973793132843759,0.0,0.0008633412386841633,0.0
4248,0.0025936169699761584,0.0,0.001267498704562146,0.0,0.0008324962219157495,0.0
4249,0.002571054501652615,0.0,0.0012148264570537417,0.0,0.0007786454196861583,0.0
4250,0.0025537210830032537,0.0,0.0012213313055784844,0.0,0.000784310158476067,0.0
4251,0.0025384028538046085,0.0,0.0011819550716690814,0.0,0.000744255256022001,0.0
4252,0.002524995195253991,0.0,0.0011308666001318094,0.0,0.0006922479219676754,0.0
4253,0.0025147397069027687,0.0,0.0011521138231160156,0.0,0.000714129709381179,0.0
4254,0.002492353349455974,0.0,0.0006800508493612239,0.0,0.0002453559843943766,0.0
4255,0.0025600980447278727,0.0,0.0016426113685020958,0.0,0.0012730925442018402,0.0
4256,0.0026277986874234972,0.0,0.001712904521983036,0.0,0.0013458174301993159,0.0
4257,0.0027229331809452,0.0,0.001710533534704482,0.0,0.0014552555008756174,0.0
4258,0.00278950391182138,0.0,0.0017608257059778564,0.0,0.0015220366239550509,0.0
4259,0.0028465274940242193,0.0,0.0018050272839266782,0.0,0.0015684589411701926,0.0
4260,0.0029035876994996028,0.0,0.0018594868199602748,0.0,0.0016276271627771203,0.0
4261,0.0029514803261868087,0.0,0.0019333682250819632,0.0,0.0016917192403105713,0.0
4262,0.0030091417733596644,0.0,0.001971402417071789,0.0,0.001741406950098371,0.0
4263,0.0030661299721619233,0.0,0.0020355378305572276,0.0,0.0018095377450343137,0.0
4264,0.0031130364407997405,0.0,0.002089407387487312,0.0,0.0018615280104652722,0.0
4265,0.0031580451555670106,0.0,0.002139424958521716,0.0,0.0019144489924920135,0.0
4266,0.003189798915262362,0.0,0.0021857165755611854,0.0,0.00196335093615165,0.0
4267,0.0029484189178727457,0.0,0.0015548383049864506,0.0,0.0015080031414085597,0.0
4268,0.002882162631715042,0.0,0.0015368597231124744,0.0,0.0014506500224748921,0.0
4269,0.0028043360319661035,0.0,0.0014236739082715928,0.0,0.0012864269018582012,0.0
4270,0.002745984977127634,0.0,0.0013647545217766192,0.0,0.0011878636768493608,0.0
4271,0.0026857237235171647,0.0,0.0013611790703509281,0.0,0.0009271898102211885,0.0
4272,0.002650752616075682,0.0,0.00132736345403136,0.0,0.0008925970863740199,0.0
4273,0.002622334889576887,0.0,0.0012713074966147324,0.0,0.0008351762317801372,0.0
4274,0.0026004540469478166,0.0,0.0012753402921002691,0.0,0.0008385964404358467,0.0
4275,0.0025814071457820643,0.0,0.0012419722487944642,0.0,0.000804564709399339,0.0
4276,0.002564985639701361,0.0,0.0012001515458208952,0.0,0.0007620913535105649,0.0
4277,0.0025521917507764992,0.0,0.0012211754132991405,0.0,0.0007837746878599158,0.0
4278,0.0025502864742605177,0.0,0.0015812717207199982,0.0,0.0011435423751878088,0.0
4279,0.0026376904122424666,0.0,0.001743222765932994,0.0,0.0013952172516158304,0.0
4280,0.0027075954251965482,0.0,0.0018513548171584483,0.0,0.0014566660488532857,0.0
4281,0.002793952535398953,0.0,0.001838452615666043,0.0,0.0015453565863456716,0.0
4282,0.002862518520810717,0.0,0.001872453848079981,0.0,0.001612351758454267,0.0
4283,0.002921181621558168,0.0,0.0019104656735847074,0.0,0.0016598913305688745,0.0
4284,0.002982111655433589,0.0,0.0019604270561269753,0.0,0.0017207445602880453,0.0
4285,0.003031819528642023,0.0,0.002029571679320449,0.0,0.001783672250974541,0.0
4286,0.0030769338710880862,0.0,0.0020605034219320223,0.0,0.0018199663035088991,0.0
4287,0.003123219321265555,0.0,0.0021132590239555686,0.0,0.0018762527966073453,0.0
4288,0.003146152123477437,0.0,0.0021485973175011455,0.0,0.0019031686300911544,0.0
4289,0.0031696875868433487,0.0,0.0021848608706681056,0.0,0.0019360942993566495,0.0
4290,0.0031634173825544065,0.0,0.002202974625388446,0.0,0.0019473084666772047,0.0
4291,0.0028934453016758047,0.0,0.0014664157412211777,0.0,0.0013630165266210015,0.0
4292,0.00280929374813076,0.0,0.0014451248191607678,0.0,0.001273031324319697,0.0
4293,0.002748680020131934,0.0,0.0013375678816842358,0.0,0.0011233364956924848,0.0
4294,0.002708687155689873,0.0,0.0013346138261275007,0.0,0.0010889459870750452,0.0
4295,0.002666097041096544,0.0,0.0013098838916753733,0.0,0.0008748569962538587,0.0
4296,0.0026378405337509217,0.0,0.0012753921494162849,0.0,0.0008394327475626522,0.0
4297,0.002613782650680503,0.0,0.0011976109702894614,0.0,0.00075980297830719,0.0
4298,0.002595189587002396,0.0,0.00120165541031801,0.0,0.0007636352470013789,0.0
4299,0.0025783584164259825,0.0,0.0011512805964853283,0.0,0.0007124162195747486,0.0
4300,0.0025631122128117103,0.0,0.0010968839128899601,0.0,0.0006574709466541657,0.0
4301,0.0025508162645448296,0.0,0.0011260141676570753,0.0,0.0006870945942498785,0.0
4302,0.002549279825586429,0.0,0.0015631739249401643,0.0,0.001124580885771104,0.0
4303,0.0026298211623099607,0.0,0.001763471680121027,0.0,0.0013827792026736372,0.0
4304,0.002696546501501226,0.0,0.001849730206366117,0.0,0.0014428433668027055,0.0
4305,0.0027901136875860314,0.0,0.0018228365544952867,0.0,0.0015412306114426498,0.0
4306,0.0028580289716634054,0.0,0.0018643120138445168,0.0,0.001606376931403143,0.0
4307,0.002916557662735744,0.0,0.0019041837324373387,0.0,0.0016529053355412047,0.0
4308,0.0029745128361822245,0.0,0.0019550542218317903,0.0,0.0017110080002178652,0.0
4309,0.0030221384569688913,0.0,0.0020250713118697104,0.0,0.0017729127120089108,0.0
4310,0.0030798102316483963,0.0,0.0020604552665029387,0.0,0.0018214115404262222,0.0
4311,0.003133807768078532,0.0,0.0021205726373695593,0.0,0.0018852701758817632,0.0
4312,0.0031797223476003797,0.0,0.00217060857684575,0.0,0.0019353255286080023,0.0
4313,0.0032126032076067205,0.0,0.0022125038087974554,0.0,0.0019761543082951723,0.0
4314,0.003210701153218472,0.0,0.00223914906740285,0.0,0.0019922861323319716,0.0
4315,0.00292730378651415,0.0,0.0014973989329698954,0.0,0.0014087176873236276,0.0
4316,0.00283945009985252,0.0,0.0014711746313877151,0.0,0.0013167798752907684,0.0
4317,0.0027728465707010843,0.0,0.0013521832969888192,0.0,0.001152190444325487,0.0
4318,0.002729490808298655,0.0,0.0013444462067880418,0.0,0.0011098173861264359,0.0
4319,0.0026836103722911405,0.0,0.0013169750758279366,0.0,0.0008820238281466984,0.0
4320,0.0026533264064120764,0.0,0.0012790190202845316,0.0,0.0008430522153494969,0.0
4321,0.0026275782321073483,0.0,0.0011934521764501065,0.0,0.0007553982983442334,0.0
4322,0.002608050282436853,0.0,0.001200055626593563,0.0,0.0007618194749079953,0.0
4323,0.0025907935998230273,0.0,0.0011553031375627697,0.0,0.0007163456001159846,0.0
4324,0.0025753876656612875,0.0,0.0011093165584634987,0.0,0.0006699816211101874,0.0
4325,0.0025629583020272883,0.0,0.0011422397417020945,0.0,0.0007034389673824743,0.0
4326,0.002565867975287759,0.0,0.0016174803642542582,0.0,0.0011805865302803626,0.0
4327,0.002654041601501204,0.0,0.0017804537343710113,0.0,0.0014141066156156167,0.0
4328,0.0027249755418952844,0.0,0.001864237974486692,0.0,0.0014774048620778534,0.0
4329,0.0028187924603165406,0.0,0.001846681260657849,0.0,0.0015724957058060722,0.0
4330,0.0028856793598619904,0.0,0.0018910465066076588,0.0,0.001635658505334227,0.0
4331,0.0029433433795052148,0.0,0.0019319122092312797,0.0,0.0016808426053646817,0.0
4332,0.0029995829121884166,0.0,0.0019828214585387114,0.0,0.0017366591238276385,0.0
4333,0.003048115363312059,0.0,0.002052621360203854,0.0,0.0017987624840798268,0.0
4334,0.003103470458739622,0.0,0.002087413105309993,0.0,0.001845119784437489,0.0
4335,0.0031573955055252214,0.0,0.0021465642082551875,0.0,0.0019091545402164733,0.0
4336,0.0032043442122598412,0.0,0.002196472490384508,0.0,0.0019609238305495847,0.0
4337,0.0032363138428946436,0.0,0.0022372968879956568,0.0,0.002000430357598753,0.0
4338,0.0032565589405542258,0.0,0.0022740536583014427,0.0,0.002038310783422793,0.0
4339,0.002988845633739205,0.0,0.0015821680959708891,0.0,0.001534067954326313,0.0
4340,0.002905907427850831,0.0,0.0015467602622041738,0.0,0.0014525835480382835,0.0
4341,0.002826952828161991,0.0,0.0014206337550096203,0.0,0.0012796069112184596,0.0
4342,0.002770347555810535,0.0,0.0013926810386021894,0.0,0.0011904066036247099,0.0
4343,0.002714425670344408,0.0,0.0013684426761167191,0.0,0.0009337683541524649,0.0
4344,0.002679424643452284,0.0,0.0013283040345841435,0.0,0.0008925759678121863,0.0
4345,0.002650570839470717,0.0,0.0012508778952298653,0.0,0.0008131491413149654,0.0
4346,0.0026287217485464246,0.0,0.0012491101766609477,0.0,0.0008110905331047366,0.0
4347,0.0026095341328956235,0.0,0.001198243985834919,0.0,0.0007594722709845778,0.0
4348,0.002592480046529436,0.0,0.0011436691675211193,0.0,0.0007041863477165022,0.0
4349,0.0025784131236756087,0.0,0.0011612984204929283,0.0,0.0007223113304602017,0.0
4350,0.0025648804355543823,0.0,0.0011361465014004884,0.0,0.0006956654924699724,0.0
4351,0.0025733506514107295,0.0,0.0014073780114898652,0.0,0.00105814807249288,0.0
4352,0.0025771491315346798,0.0,0.0015163507977717856,0.0,0.0012018636232910282,0.0
4353,0.002623115935960237,0.0,0.001586892808927057,0.0,0.0012898826315959006,0.0
4354,0.0026590028730103183,0.0,0.0016446749919757136,0.0,0.001343192249523699,0.0
4355,0.0026970881152655352,0.0,0.0017041169133098237,0.0,0.001390777063857929,0.0
4356,0.00273181887468179,0.0,0.001738066731720391,0.0,0.00144052464458322,0.0
4357,0.002762570428462975,0.0,0.0017763592281504505,0.0,0.0014802020712368366,0.0
4358,0.0027897459822596666,0.0,0.0018165104163936493,0.0,0.0015123791529639708,0.0
4359,0.0028110248310124018,0.0,0.0018767975966839086,0.0,0.0015363721121130674,0.0
4360,0.0027114680370635682,0.0,0.0014237413087980378,0.0,0.0011991063057261056,0.0
4361,0.002700875187644459,0.0,0.0014657118636055393,0.0,0.0012230757766999354,0.0
4362,0.0026779479266996415,0.0,0.001403589704334643,0.0,0.001156582287671932,0.0
4363,0.0026485162648639694,0.0,0.0014498543473427526,0.0,0.0010776029481570396,0.0
4364,0.002631367908999386,0.0,0.001429906646933863,0.0,0.0010382088570904243,0.0
4365,0.0026052194904158986,0.0,0.0013221287736442159,0.0,0.0008939318948393044,0.0
4366,0.002585758425097638,0.0,0.0012719636592962646,0.0,0.0008363685688952851,0.0
4367,0.0025692114301144884,0.0,0.0012352395690533294,0.0,0.000800451908818886,0.0
4368,0.0025557610317470418,0.0,0.0012147713951367275,0.0,0.0007785773838474216,0.0
4369,0.0025440191565148356,0.0,0.0011476354784564163,0.0,0.000710611086921504,0.0
4370,0.0025351623995374713,0.0,0.0011506789492016338,0.0,0.0007131979200073976,0.0
4371,0.0025264273889218725,0.0,0.0011023118150061601,0.0,0.0006640812874921527,0.0
4372,0.0025184762240237205,0.0,0.0010593796265819242,0.0,0.0006207583084582345,0.0
4373,0.002512298225504485,0.0,0.0010895777713243392,0.0,0.0006511069370429066,0.0
4374,0.00250561785650792,0.0,0.0010708763767544474,0.0,0.0006312459463059248,0.0
4375,0.0025143720685192896,0.0,0.0013863549864920873,0.0,0.0009530992668766642,0.0
4376,0.002521252654127033,0.0,0.0014400420495345196,0.0,0.0010130453757468355,0.0
4377,0.0025253976090264833,0.0,0.0014110253350224833,0.0,0.0009976707814620836,0.0
4378,0.002528836508782868,0.0,0.0013890105900087018,0.0,0.0009809950156506448,0.0
4379,0.0025316097060058837,0.0,0.0013648358359751053,0.0,0.0009569628625036742,0.0
4380,0.0025348704320445944,0.0,0.0013866429410005856,0.0,0.0009624989901172195,0.0
4381,0.002541129124817752,0.0,0.0013875557703960806,0.0,0.0009753036104879326,0.0
4382,0.0025463241622947757,0.0,0.0013973436262502907,0.0,0.0009758549576225717,0.0
4383,0.002553160660001277,0.0,0.0014097276560261266,0.0,0.0009923144468676614,0.0
4384,0.002559638192959226,0.0,0.0014177185166431977,0.0,0.0009986887240984615,0.0
4385,0.0025641440167235297,0.0,0.001408582906958043,0.0,0.0009914994153208735,0.0
4386,0.002558596860920905,0.0,0.0013352895193649112,0.0,0.0009332215216417991,0.0
4387,0.002552254608935538,0.0,0.0013355984707198593,0.0,0.0009204409768710175,0.0
4388,0.002545675827157974,0.0,0.0013174836009089627,0.0,0.0008917577251714576,0.0
4389,0.0025325012771112874,0.0,0.0012364560004817949,0.0,0.0008035597417951896,0.0
4390,0.0025232207084850905,0.0,0.0012117029906407656,0.0,0.0007771448383516208,0.0
4391,0.0025133160890737595,0.0,0.0011712451208386577,0.0,0.0007371776630948831,0.0
4392,0.0025054435577464827,0.0,0.0011631349648115396,0.0,0.0007280939550010918,0.0
4393,0.0024978761424221873,0.0,0.0011154659424287565,0.0,0.0006783396700274502,0.0
4394,0.0024932697228051207,0.0,0.0011372921493260912,0.0,0.0006996261333155143,0.0
4395,0.0024886834230849336,0.0,0.0011067830901068964,0.0,0.0006687302998935488,0.0
4396,0.002484480705832212,0.0,0.001075458616104247,0.0,0.0006367070373820044,0.0
4397,0.002480777386060921,0.0,0.0010531643384843442,0.0,0.000614597629659069,0.0
4398,0.002414460902644798,0.0,0.0004568326469151961,0.0,2.540288171116458e-05,0.0
4399,0.002468334163342062,0.0,0.0014353482298787462,0.0,0.0010263969300711123,0.0
4400,0.0025235614391933376,0.0,0.001604066478748226,0.0,0.0011699801423439345,0.0
4401,0.0025755267276992063,0.0,0.0015709300209833389,0.0,0.0012395126138801133,0.0
4402,0.002621163912684627,0.0,0.0016051222403955748,0.0,0.0012974345596798767,0.0
4403,0.002666837816290184,0.0,0.0016357983563853493,0.0,0.00134256118104917,0.0
4404,0.0027208262831634623,0.0,0.0016810888001976985,0.0,0.0014109632331408806,0.0
4405,0.0027689127049371452,0.0,0.0017625986937575683,0.0,0.0014871376053252096,0.0
4406,0.0028256357627731814,0.0,0.0017903835823145817,0.0,0.0015379080979710047,0.0
4407,0.0028618977856826,0.0,0.0018497150662261928,0.0,0.0015872368961785724,0.0
4408,0.002893342133069704,0.0,0.0018980840954774577,0.0,0.0016279581693237977,0.0
4409,0.0029345003559896722,0.0,0.0019470324611024035,0.0,0.0016847393183257544,0.0
4410,0.002941515883575205,0.0,0.0019842123440850746,0.0,0.001712871538508774,0.0
4411,0.0027488546006361487,0.0,0.0013570331668515154,0.0,0.0011963426984640106,0.0
4412,0.0027092371366068636,0.0,0.0013777691531816087,0.0,0.0012023293974884647,0.0
4413,0.0026659236362464936,0.0,0.0012764564129098804,0.0,0.0010590747740475829,0.0
4414,0.0026280545866850646,0.0,0.0012862487339919,0.0,0.0009522853709008558,0.0
4415,0.002597167582648611,0.0,0.0012426784884412572,0.0,0.0008079357421003444,0.0
4416,0.002576320317349722,0.0,0.0012125250564004378,0.0,0.0007765247294216659,0.0
4417,0.002558644575327144,0.0,0.0011360498563299849,0.0,0.0006991046116677888,0.0
4418,0.002546029786150805,0.0,0.0011489531934678698,0.0,0.000711689561821772,0.0
4419,0.00253460656268769,0.0,0.0011077147778945082,0.0,0.0006699182092270958,0.0
4420,0.002524136343546131,0.0,0.0010590554336244852,0.0,0.0006208223662756004,0.0
4421,0.002515708659563254,0.0,0.001082503143024466,0.0,0.0006442863168434764,0.0
4422,0.0025076132308821256,0.0,0.001077983908818839,0.0,0.0006388957282536208,0.0
4423,0.0025182997515712704,0.0,0.001410184052183475,0.0,0.0009814055996507926,0.0
4424,0.0025254279243616716,0.0,0.0014532577292646486,0.0,0.0010382130628071667,0.0
4425,0.0025313136033807164,0.0,0.0014050484436945398,0.0,0.0010370905978345244,0.0
4426,0.0025382232252125036,0.0,0.0013688702771062224,0.0,0.001032241067217873,0.0
4427,0.0025414942899881212,0.0,0.001357200398381601,0.0,0.000984822858981586,0.0
4428,0.002544436508910712,0.0,0.0013835138262095602,0.0,0.0009700064182915102,0.0
4429,0.0025493064718127706,0.0,0.001389649501968236,0.0,0.0009708039987688041,0.0
4430,0.002554802113365926,0.0,0.0013941850529040742,0.0,0.0009733909715685524,0.0
4431,0.002563433458515102,0.0,0.0014040205505852412,0.0,0.0009902732040013977,0.0
4432,0.002572390761006787,0.0,0.0014151201455846662,0.0,0.0010002827842076306,0.0
4433,0.00258362089796468,0.0,0.0013991062508892092,0.0,0.0010204663071207507,0.0
4434,0.0025817789126550564,0.0,0.0013398459807899637,0.0,0.0009769620704081074,0.0
4435,0.002583948756230763,0.0,0.0013351011502269756,0.0,0.0010040252292002662,0.0
4436,0.0025794490011493442,0.0,0.0013410838885813986,0.0,0.000970036054309529,0.0
4437,0.0025607332171548357,0.0,0.0012612610336357145,0.0,0.0008497540954988949,0.0
4438,0.002545610289187492,0.0,0.0012348413933888234,0.0,0.0008054922473973007,0.0
4439,0.0025312314701721496,0.0,0.0011944358599977668,0.0,0.0007612312262926411,0.0
4440,0.0025201059027632295,0.0,0.0011855733332759885,0.0,0.0007515295632023712,0.0
4441,0.0025096930051827656,0.0,0.001151071656039224,0.0,0.0007153785728760389,0.0
4442,0.0025025784498649197,0.0,0.0011706395777477013,0.0,0.0007342339582566905,0.0
4443,0.002495487940127548,0.0,0.0011527888119274693,0.0,0.0007156977033061661,0.0
4444,0.002489282320279763,0.0,0.0011248864597813478,0.0,0.0006868703534897234,0.0
4445,0.0024841214553911997,0.0,0.001096672766313503,0.0,0.000658660518448449,0.0
4446,0.0024209193353226226,0.0,0.0004702012133929117,0.0,3.8714505364229436e-05,0.0
4447,0.002484793502400756,0.0,0.0014510836933276918,0.0,0.0011247274842965845,0.0
4448,0.002565247001550652,0.0,0.0015738025234399912,0.0,0.0012475986915544777,0.0
4449,0.002654362050971591,0.0,0.0015604253023579313,0.0,0.0013494666092195005,0.0
4450,0.002727402124359247,0.0,0.001623723518053321,0.0,0.0014267062894610257,0.0
4451,0.002786795075395721,0.0,0.001668654278372383,0.0,0.0014753629095298612,0.0
4452,0.0028536744537458873,0.0,0.0017529259795615833,0.0,0.0015508027159263052,0.0
4453,0.0029085907404998914,0.0,0.001840422205568087,0.0,0.001624157874441356,0.0
4454,0.002972646326045952,0.0,0.0018938091902834053,0.0,0.0016835222604049743,0.0
4455,0.003039873483187649,0.0,0.0019747727350474488,0.0,0.0017647819998798395,0.0
4456,0.0031097193767359896,0.0,0.0020521489419238976,0.0,0.0018427339789041236,0.0
4457,0.003170218617759629,0.0,0.0021205452672209257,0.0,0.001912688279272403,0.0
4458,0.0032056596163853356,0.0,0.0021744588208064955,0.0,0.0019643894533134055,0.0
4459,0.0029810303381790004,0.0,0.0016031028107316699,0.0,0.0015499854509689907,0.0
4460,0.002929637968416737,0.0,0.0016009226615700401,0.0,0.0015147621940409602,0.0
4461,0.0028527376057089055,0.0,0.0014742083677845013,0.0,0.001363447959368878,0.0
4462,0.002790767965975352,0.0,0.0014304002477111906,0.0,0.0012675792595857726,0.0
4463,0.0027183199172696538,0.0,0.0014154564073258669,0.0,0.0009835199883753126,0.0
4464,0.002679689776173339,0.0,0.001367362317318477,0.0,0.000950293718795408,0.0
4465,0.002649943269860372,0.0,0.0013228209324043453,0.0,0.0009100079749458471,0.0
4466,0.0026272808534553967,0.0,0.0013243084830445988,0.0,0.0009064516585879064,0.0
4467,0.0026072747083978757,0.0,0.0013040191693781567,0.0,0.0008754752994543336,0.0
4468,0.00258991886595658,0.0,0.0012801042407970086,0.0,0.0008442407947152901,0.0
4469,0.0025761367180659944,0.0,0.0012926766790144826,0.0,0.0008568513197982524,0.0
4470,0.002561617443461773,0.0,0.0014446589697350229,0.0,0.0010024861707890365,0.0
4471,0.0026853828321428954,0.0,0.0017138137186644678,0.0,0.0014491663152915585,0.0
4472,0.0027930931563862746,0.0,0.0018419955411363646,0.0,0.0015426876430590449,0.0
4473,0.002903524685331073,0.0,0.0018731478944305406,0.0,0.0016500663277952067,0.0
4474,0.0029782009850262353,0.0,0.0019389092535052734,0.0,0.0017218367679937697,0.0
4475,0.003043054279836776,0.0,0.001992692340750386,0.0,0.0017764242686774839,0.0
4476,0.003105165033733738,0.0,0.0020526392196167894,0.0,0.001837210222953451,0.0
4477,0.003154901531014172,0.0,0.002123514941390032,0.0,0.0018979273737608072,0.0
4478,0.0032116807454316164,0.0,0.002165798630150668,0.0,0.0019469536883001477,0.0
4479,0.003269600728476504,0.0,0.002230219397769034,0.0,0.00201346492896471,0.0
4480,0.003327954340819582,0.0,0.00229169374281802,0.0,0.002076357185120406,0.0
4481,0.003379236762072422,0.0,0.0023481993891685867,0.0,0.002134273028245937,0.0
4482,0.00340416185659273,0.0,0.00238804879600836,0.0,0.002172554334364284,0.0
4483,0.0031311131032734562,0.0,0.0017623383337446081,0.0,0.0017132081761970625,0.0
4484,0.0030609367027920643,0.0,0.001741812584069485,0.0,0.0016586542305971085,0.0
4485,0.0029674297765783344,0.0,0.0015924257928660683,0.0,0.0014927993977271832,0.0
4486,0.002899291252065614,0.0,0.0015421699205376007,0.0,0.0014046742280636104,0.0
4487,0.002811257241101751,0.0,0.0015192187404490152,0.0,0.0010975166507883943,0.0
4488,0.002763035898279248,0.0,0.0014665974595236668,0.0,0.0010437322338085252,0.0
4489,0.0027263988450554368,0.0,0.001412048982640179,0.0,0.0010046200272525634,0.0
4490,0.0026990848856537847,0.0,0.0013994505168443087,0.0,0.0010071684571357872,0.0
4491,0.0026750357990000303,0.0,0.0013709469442906555,0.0,0.000984910832217955,0.0
4492,0.002653923266906982,0.0,0.0013427393516440079,0.0,0.000961375176385302,0.0
4493,0.0026365057736270217,0.0,0.001346834318851952,0.0,0.0009654543253360091,0.0
4494,0.0026644432107092533,0.0,0.0017711951504931899,0.0,0.0013778596893403426,0.0
4495,0.002821562660269966,0.0,0.001862854111381103,0.0,0.0016018042833131803,0.0
4496,0.002921933392565688,0.0,0.0019753762574697686,0.0,0.0016873547409253318,0.0
4497,0.0030287033700530245,0.0,0.0020127684858498368,0.0,0.001788990099018558,0.0
4498,0.003098151307931744,0.0,0.0020728430546372535,0.0,0.00185325721715354,0.0
4499,0.0031590009910909362,0.0,0.002121702858510213,0.0,0.001902768507564205,0.0
4500,0.0032139644302270226,0.0,0.002174747826271883,0.0,0.0019559259470886725,0.0
4501,0.0032539164588808074,0.0,0.0022358360104622705,0.0,0.002006183887035305,0.0
4502,0.0033045250125156122,0.0,0.002270293370444784,0.0,0.002048846873366601,0.0
4503,0.00335453022427723,0.0,0.0023252690496151354,0.0,0.002106052934528777,0.0
4504,0.0034040718962786904,0.0,0.0023773951808361933,0.0,0.00215919236757733,0.0
4505,0.0034487947663536206,0.0,0.0024298746443643634,0.0,0.0022111315137395378,0.0
4506,0.0034585975244448204,0.0,0.0024534233382007328,0.0,0.002232703358729382,0.0
4507,0.003171526395700276,0.0,0.0017927936375979837,0.0,0.0017519962812117392,0.0
4508,0.003092891492973479,0.0,0.0017635518716671396,0.0,0.0016892288156769653,0.0
4509,0.0029977212746849754,0.0,0.001612372729109189,0.0,0.0015203271837223135,0.0
4510,0.0029292132108002036,0.0,0.0015614509540343615,0.0,0.0014312553917262792,0.0
4511,0.0028418142450695174,0.0,0.0015482045237008963,0.0,0.0011217244092564345,0.0
4512,0.0027954809585829655,0.0,0.0014900288339679006,0.0,0.001098059479372327,0.0
4513,0.0027574776965518496,0.0,0.0014434675800222446,0.0,0.0010463112538182666,0.0
4514,0.002727714920133054,0.0,0.0014337251695667383,0.0,0.001032312632888948,0.0
4515,0.002701553501192151,0.0,0.0014050602793588705,0.0,0.0010007721975667312,0.0
4516,0.002678709533195908,0.0,0.0013765586020283182,0.0,0.0009669782378370509,0.0
4517,0.0026602245369615413,0.0,0.0013822809640013718,0.0,0.0009653713903200289,0.0
4518,0.0026437679339314387,0.0,0.0013508035479101678,0.0,0.0009288298255572655,0.0
4519,0.0026978642305482575,0.0,0.0014339388566910994,0.0,0.0013122567454964943,0.0
4520,0.002745129689593675,0.0,0.001651627622496666,0.0,0.0014567119342822378,0.0
4521,0.0028068401609692836,0.0,0.0017377254456487155,0.0,0.0015151437401426855,0.0
4522,0.0028759214359054415,0.0,0.0018139926777327607,0.0,0.0015967742683813714,0.0
4523,0.0029388217343753287,0.0,0.0018825031728986477,0.0,0.0016591483357445104,0.0
4524,0.0029895487278848868,0.0,0.0019332272634792365,0.0,0.0017136143616298958,0.0
4525,0.0030257180086252404,0.0,0.0019776638930609092,0.0,0.0017523697910585686,0.0
4526,0.003058842418684332,0.0,0.002016762100353833,0.0,0.0017871930788996536,0.0
4527,0.0030629296446730474,0.0,0.0020588460075544254,0.0,0.0017919426013569468,0.0
4528,0.0029236603670545593,0.0,0.0016162270445634417,0.0,0.0014788283145991464,0.0
4529,0.002895726991981069,0.0,0.001618899344157115,0.0,0.001457428767714567,0.0
4530,0.0028295164223683996,0.0,0.001517465457434064,0.0,0.0013056627379797446,0.0
4531,0.002761439182595876,0.0,0.0015399186342618654,0.0,0.001107636142989512,0.0
4532,0.0027314707248595007,0.0,0.0015185032856189816,0.0,0.0010937937059848468,0.0
4533,0.0027002152464909086,0.0,0.0014109050981891782,0.0,0.0009818599432381886,0.0
4534,0.0026771851653995277,0.0,0.001387881350757156,0.0,0.0009531900470210772,0.0
4535,0.002655193772538635,0.0,0.0013395046767592474,0.0,0.0009054855119038853,0.0
4536,0.002636744974506048,0.0,0.0013256603686777186,0.0,0.0008908890031680136,0.0
4537,0.0026194440277453324,0.0,0.0012838825197368378,0.0,0.0008483759657417038,0.0
4538,0.0026055685602806074,0.0,0.0012956793018636314,0.0,0.0008598218142372362,0.0
4539,0.0025922333072600353,0.0,0.0012658751455595673,0.0,0.000829446907350786,0.0
4540,0.0025802511603530507,0.0,0.0012299808094523921,0.0,0.0007929168162899532,0.0
4541,0.002570607246987263,0.0,0.00124593110615293,0.0,0.0008093457210062915,0.0
4542,0.0025610666837657,0.0,0.0012187932493146578,0.0,0.000780731598358331,0.0
4543,0.002571281976896113,0.0,0.0014782858610219163,0.0,0.0010546336907352183,0.0
4544,0.002580312791858583,0.0,0.0014996409109124872,0.0,0.0011073361662233643,0.0
4545,0.002590897673950467,0.0,0.001439566165400791,0.0,0.0011216633630816908,0.0
4546,0.0026014478401645827,0.0,0.0014075119407882914,0.0,0.0011180718113217533,0.0
4547,0.0026064025264670807,0.0,0.0013997543546367466,0.0,0.0010771627759016244,0.0
4548,0.0026070719084300307,0.0,0.0014279910295245627,0.0,0.0010509980702295117,0.0
4549,0.002607009263411936,0.0,0.0014427068350042279,0.0,0.0010288186587030228,0.0
4550,0.0026124536849000644,0.0,0.0014377095494762457,0.0,0.0010420570421058161,0.0
4551,0.0026175965118956064,0.0,0.001454937439568199,0.0,0.0010473021207672284,0.0
4552,0.0026257548284064707,0.0,0.0014612094120077376,0.0,0.0010657280125552975,0.0
4553,0.002637582082865993,0.0,0.0014598835361388854,0.0,0.0010932215402090256,0.0
4554,0.002642552954111395,0.0,0.0013825758680954929,0.0,0.0010897649211815267,0.0
4555,0.0026414581146296688,0.0,0.001390210089431325,0.0,0.0010976377699493066,0.0
4556,0.002638400021896454,0.0,0.0013869719323527784,0.0,0.001080521154362835,0.0
4557,0.002612286094040424,0.0,0.0013302843159341516,0.0,0.0009285874823611517,0.0
4558,0.002592230610986588,0.0,0.0013022266236614175,0.0,0.0008685691468470042,0.0
4559,0.0025759485700069746,0.0,0.001258541923640892,0.0,0.0008250823307817945,0.0
4560,0.0025640612036905656,0.0,0.001251258593290981,0.0,0.0008172395216243288,0.0
4561,0.0025528722114786097,0.0,0.001220447919460724,0.0,0.0007845871069685326,0.0
4562,0.0025449934915063666,0.0,0.0012392017216194143,0.0,0.0008030420396098882,0.0
4563,0.002537338889881917,0.0,0.0012212660800653419,0.0,0.0007841983318363055,0.0
4564,0.002530572945580063,0.0,0.0011933851754721539,0.0,0.0007559115212801713,0.0
4565,0.0025249454776949728,0.0,0.00116919674518153,0.0,0.0007313883415844737,0.0
4566,0.002466630224615541,0.0,0.0005179256720583859,0.0,8.636566551233776e-05,0.0
4567,0.0025267447966278995,0.0,0.0014844506517335736,0.0,0.0011675971150258,0.0
4568,0.0025955868396217337,0.0,0.001624650789259563,0.0,0.0012687961901754427,0.0
4569,0.0026995079132056945,0.0,0.0016123121824844642,0.0,0.0014047964876819797,0.0
4570,0.0027762737018678482,0.0,0.001680758812584006,0.0,0.0014848884135276424,0.0
4571,0.0028382087782413594,0.0,0.0017274390880521694,0.0,0.001534997625589514,0.0
4572,0.0029089314407693334,0.0,0.0018132897623081583,0.0,0.0016136471990874216,0.0
4573,0.0029613914926675507,0.0,0.001899392934460519,0.0,0.0016829122040294157,0.0
4574,0.003024249479793761,0.0,0.0019513762551681558,0.0,0.0017405499190640212,0.0
4575,0.0030886541729422613,0.0,0.002027647787138971,0.0,0.001818253317034947,0.0
4576,0.0031510100444670504,0.0,0.0020966380894688686,0.0,0.0018883952739359154,0.0
4577,0.0031900045823474352,0.0,0.0021475847455881226,0.0,0.0019355565971788356,0.0
4578,0.0031885510010114487,0.0,0.002175271620415019,0.0,0.0019490563922272427,0.0
4579,0.0029508881837970024,0.0,0.0015303728380129564,0.0,0.0014701360929124932,0.0
4580,0.0028912897453788593,0.0,0.001522323715980461,0.0,0.0014326721046645737,0.0
4581,0.002822131010933162,0.0,0.00141385370528019,0.0,0.001278534515767456,0.0
4582,0.0027742100831110762,0.0,0.0013894017343847934,0.0,0.0012141535526631565,0.0
4583,0.0027166141415583024,0.0,0.0013858907644011646,0.0,0.0009523011656954888,0.0
4584,0.002683638052396192,0.0,0.0013528217551684615,0.0,0.0009184633347403262,0.0
4585,0.002656216838656223,0.0,0.0012996250739402706,0.0,0.0008641615907816526,0.0
4586,0.002635301219311828,0.0,0.0013075446511688158,0.0,0.0008715044143451729,0.0
4587,0.0026173804238003497,0.0,0.0012852330027410142,0.0,0.0008487814624276782,0.0
4588,0.00260200473533976,0.0,0.0012613976447278716,0.0,0.0008245781803384907,0.0
4589,0.0025888950056916988,0.0,0.001277115210349918,0.0,0.0008403857790625919,0.0
4590,0.0025733850452063544,0.0,0.001132430570486885,0.0,0.000693075045227519,0.0
4591,0.0026729845156239097,0.0,0.001745141902935497,0.0,0.0014297401594151734,0.0
4592,0.0027515764330830915,0.0,0.0018854666230189389,0.0,0.0014981415286586981,0.0
4593,0.0028562352384195596,0.0,0.0018645242831780053,0.0,0.0016042466272479308,0.0
4594,0.002938577458660467,0.0,0.0019164429495906108,0.0,0.001683925702350857,0.0
4595,0.003009311436460835,0.0,0.0019692407401624623,0.0,0.0017434754271311828,0.0
4596,0.003072048401986308,0.0,0.002029594826918356,0.0,0.001806209624736745,0.0
4597,0.003120223262016691,0.0,0.002101541376519284,0.0,0.0018670994574571382,0.0
4598,0.0031771958477039485,0.0,0.0021420545379408733,0.0,0.0019160067113493584,0.0
4599,0.00323368730903171,0.0,0.00220459853161726,0.0,0.0019814641383672986,0.0
4600,0.003285611275764413,0.0,0.002260367420223849,0.0,0.0020380329101698847,0.0
4601,0.0033377388809705338,0.0,0.0023154928329289113,0.0,0.0020974427887634796,0.0
4602,0.0033612971124530014,0.0,0.0023559249674325183,0.0,0.002135876621713158,0.0
4603,0.0030911780301308115,0.0,0.001707708253482095,0.0,0.0016654484114884066,0.0
4604,0.0030211623332001654,0.0,0.0016896639597809005,0.0,0.0016096222786312494,0.0
4605,0.002933062181249995,0.0,0.0015406941442550105,0.0,0.0014380891655406862,0.0
4606,0.0028681769909499827,0.0,0.0014953153807898125,0.0,0.0013466636928915273,0.0
4607,0.0027911719617538305,0.0,0.0014760679387367096,0.0,0.00104356912017729,0.0
4608,0.0027488439577681443,0.0,0.0014325816897460333,0.0,0.0010124877619190275,0.0
4609,0.002714760523997657,0.0,0.0013815653354052211,0.0,0.0009632971586551675,0.0
4610,0.0026882484705240866,0.0,0.0013824514898285129,0.0,0.0009541387223247148,0.0
4611,0.002665242641943235,0.0,0.0013557291152677378,0.0,0.0009198174822013228,0.0
4612,0.002645246912314038,0.0,0.0013248152755965408,0.0,0.000888269469441769,0.0
4613,0.0026287523068146286,0.0,0.0013371075283419964,0.0,0.000900784446104532,0.0
4614,0.002639679436856966,0.0,0.001766940774660656,0.0,0.0013324191811073791,0.0
4615,0.002756798758639161,0.0,0.0018668671899789802,0.0,0.001541720355040506,0.0
4616,0.0028346961158937003,0.0,0.001982264317543292,0.0,0.00160591961408762,0.0
4617,0.002923810387118283,0.0,0.0019715040346990186,0.0,0.0016876608834922335,0.0
4618,0.0029863360439837186,0.0,0.002013098831512447,0.0,0.0017458473189803769,0.0
4619,0.00302284233895717,0.0,0.0020466155917968337,0.0,0.0017714677699813878,0.0
4620,0.0030620267076705452,0.0,0.0020837620363863083,0.0,0.0018113050901788744,0.0
4621,0.0031070543411695004,0.0,0.0021396738544296016,0.0,0.00187132597766814,0.0
4622,0.0031635248156080707,0.0,0.0021635993990345237,0.0,0.00191805375203158,0.0
4623,0.0032251660111233212,0.0,0.0022206921296778143,0.0,0.0019868295568125052,0.0
4624,0.003284198383533162,0.0,0.002277083424073903,0.0,0.0020481670450547005,0.0
4625,0.003335550107174187,0.0,0.0023306346756619316,0.0,0.0021040681020921144,0.0
4626,0.0033581739846472265,0.0,0.0023693471119653753,0.0,0.002140167803492931,0.0
4627,0.0030850200176198036,0.0,0.0016973987133062412,0.0,0.001654937057095554,0.0
4628,0.003006958764560144,0.0,0.001664372008261377,0.0,0.0015800207856697473,0.0
4629,0.002924139943631953,0.0,0.0015340900465243357,0.0,0.0014149000145581877,0.0
4630,0.0028656000777284437,0.0,0.0014899632928081924,0.0,0.0013322312664295058,0.0
4631,0.002794695502191218,0.0,0.001474090990311794,0.0,0.001040640891126377,0.0
4632,0.0027546207230234824,0.0,0.0014358453216540095,0.0,0.0010082803652860955,0.0
4633,0.0027218529935035983,0.0,0.0013846619683497252,0.0,0.0009633852912366684,0.0
4634,0.002695814296341259,0.0,0.0013829832796951236,0.0,0.0009575638898012236,0.0
4635,0.0026731801569773884,0.0,0.001355645551580439,0.0,0.0009205085598896108,0.0
4636,0.002653587296006007,0.0,0.001323980799413456,0.0,0.0008875297583514224,0.0
4637,0.0026374097794305863,0.0,0.0013362297970720873,0.0,0.0008996336906806927,0.0
4638,0.002659138937856109,0.0,0.0018108334138355398,0.0,0.001377238425338751,0.0
4639,0.0027879808264696616,0.0,0.0018884114419975967,0.0,0.0015765084589245593,0.0
4640,0.0028806803722143644,0.0,0.001991958700328968,0.0,0.0016524758875524235,0.0
4641,0.0029898031894098785,0.0,0.001995368549192445,0.0,0.0017532556448970529,0.0
4642,0.00306470733964365,0.0,0.002052987211205938,0.0,0.0018221606807885928,0.0
4643,0.0031310071924263052,0.0,0.002103125431060517,0.0,0.001876593712196237,0.0
4644,0.0031918212800910064,0.0,0.00215969794797969,0.0,0.0019353113376617027,0.0
4645,0.0032357997509194036,0.0,0.0022255333945537014,0.0,0.0019898116633562408,0.0
4646,0.003294110241807104,0.0,0.0022648301971285806,0.0,0.002039373902128204,0.0
4647,0.0033541624142946337,0.0,0.0023271256773927497,0.0,0.0021062763392173936,0.0
4648,0.003411092760947285,0.0,0.0023852490324804618,0.0,0.002166629926129187,0.0
4649,0.0034536353184769475,0.0,0.0024338231234375257,0.0,0.0022146561282681064,0.0
4650,0.003468509645823464,0.0,0.0024651429304070292,0.0,0.0022423504090834296,0.0
4651,0.0031602402122931383,0.0,0.0017621240505922007,0.0,0.0017157216513406727,0.0
4652,0.0030661161709127863,0.0,0.001724137589904197,0.0,0.001628889250640103,0.0
4653,0.0029728396887454475,0.0,0.0015682656842239482,0.0,0.0014478589528163343,0.0
4654,0.002912196692328692,0.0,0.001523221426888762,0.0,0.0013777762544300576,0.0
4655,0.002836310752569657,0.0,0.0015122751505759228,0.0,0.0010821576838706706,0.0
4656,0.002793051977418835,0.0,0.0014670762861532722,0.0,0.0010597925777434446,0.0
4657,0.002758075719256601,0.0,0.001413374754400594,0.0,0.0010150313127434464,0.0
4658,0.0027315071132640698,0.0,0.0014128953377942944,0.0,0.0010147449848639121,0.0
4659,0.0027075942509911365,0.0,0.00138611289783405,0.0,0.0009853369845728153,0.0
4660,0.0026863506285261865,0.0,0.0013576120920222386,0.0,0.0009515783086741297,0.0
4661,0.0026673636676669936,0.0,0.0013574392588453505,0.0,0.0009465261174228885,0.0
4662,0.0026974030773597403,0.0,0.0018562258089357536,0.0,0.0014301134913864903,0.0
4663,0.0028193464674420576,0.0,0.0019391833706189578,0.0,0.0016145443491304046,0.0
4664,0.0028854193271511137,0.0,0.0020352128796146804,0.0,0.001664691389243896,0.0
4665,0.002956344278188708,0.0,0.002031211911102138,0.0,0.0017304534174968542,0.0
4666,0.0029939249487199024,0.0,0.0020638143434850388,0.0,0.001763873884405037,0.0
4667,0.003023032902143432,0.0,0.002082674526246776,0.0,0.0017812973588674581,0.0
4668,0.0030525420731034904,0.0,0.0021081848594095,0.0,0.0018108525387294586,0.0
4669,0.0030734532560598798,0.0,0.002156411033004007,0.0,0.0018489170903629505,0.0
4670,0.0030993689671238002,0.0,0.0021599422236510566,0.0,0.0018642090465626,0.0
4671,0.0031199715229410932,0.0,0.0021913311235947893,0.0,0.0018949701185820822,0.0
4672,0.003138444480257736,0.0,0.002215380050588877,0.0,0.0019183435603210928,0.0
4673,0.0031547958403681333,0.0,0.002244444429828272,0.0,0.0019458856416836806,0.0
4674,0.003146681029016731,0.0,0.0022640920009985516,0.0,0.0019600944886556775,0.0
4675,0.002899834376387498,0.0,0.0014807504952201614,0.0,0.0013457195227842352,0.0
4676,0.002824535424285384,0.0,0.001471652242272935,0.0,0.0012632796892171729,0.0
4677,0.002767720202884856,0.0,0.0013254863996908176,0.0,0.0010512423801768414,0.0
4678,0.0027323486489617436,0.0,0.0013298631324217352,0.0,0.0010205437552966276,0.0
4679,0.0026992157624928384,0.0,0.0012648062642959064,0.0,0.0008281760155355025,0.0
4680,0.002675627932012769,0.0,0.0012255718559206776,0.0,0.0007878100756289216,0.0
4681,0.0026549903166138275,0.0,0.0011210082116432753,0.0,0.0006813060643800363,0.0
4682,0.0026384217100483194,0.0,0.001127950159004068,0.0,0.0006879062658717372,0.0
4683,0.0026235363621553943,0.0,0.0010832211050399482,0.0,0.000642617269793558,0.0
4684,0.002610070567700581,0.0,0.0010370007828020115,0.0,0.0005959038256452504,0.0
4685,0.0025988948839247832,0.0,0.0010759907388400729,0.0,0.0006354602597511087,0.0
4686,0.002587613894382514,0.0,0.0010573573789849169,0.0,0.0006154448881466141,0.0
4687,0.0025930191227629927,0.0,0.001423542863622497,0.0,0.0010244427560767817,0.0
4688,0.0025845548150323777,0.0,0.0015382574813012555,0.0,0.0010996929256230142,0.0
4689,0.0026175338863195117,0.0,0.001663617299142125,0.0,0.0012384733888001894,0.0
4690,0.002645183326033795,0.0,0.0017222511212885,0.0,0.0012981643390649429,0.0
4691,0.0026727313012688903,0.0,0.0017612302691010064,0.0,0.0013375811978550648,0.0
4692,0.002693570193143473,0.0,0.0017904679278099068,0.0,0.001374447792870678,0.0
4693,0.0027112965704053026,0.0,0.0018187479314581204,0.0,0.0014056282244830891,0.0
4694,0.00272848804011886,0.0,0.0018411268730482752,0.0,0.0014334545242567134,0.0
4695,0.0027403612820260295,0.0,0.00187765527911031,0.0,0.0014526282200197855,0.0
4696,0.002656662235348219,0.0,0.0014452970453123454,0.0,0.0010245340236409012,0.0
4697,0.0026416599241176255,0.0,0.00149206515350042,0.0,0.0010662145351490702,0.0
4698,0.002619364963519704,0.0,0.0013725918641766149,0.0,0.0009403079706636266,0.0
4699,0.002605547571900904,0.0,0.0013672844033545586,0.0,0.0009328767817188637,0.0
4700,0.002595410038113578,0.0,0.0013430525981542635,0.0,0.0009084335148156274,0.0
4701,0.0025812837137679226,0.0,0.0012117457692542206,0.0,0.0007760511044317747,0.0
4702,0.0025729507849751817,0.0,0.001208509009766643,0.0,0.0007712096494316128,0.0
4703,0.002563572752737761,0.0,0.0011461916873091336,0.0,0.000710128395440675,0.0
4704,0.0025567281231187724,0.0,0.0011219573000039937,0.0,0.0006845689896409423,0.0
4705,0.002549870813576381,0.0,0.0010374510571985475,0.0,0.0005993062066741253,0.0
4706,0.0025450608480063223,0.0,0.0010713841547819246,0.0,0.0006330672108829888,0.0
4707,0.002539895604105372,0.0,0.0010412720464508059,0.0,0.0006026217332714167,0.0
4708,0.002534842480969992,0.0,0.0010098461458737452,0.0,0.000570721938257581,0.0
4709,0.002531161710524508,0.0,0.0010589777381153226,0.0,0.0006205672171659591,0.0
4710,0.002526754599209636,0.0,0.001055286883087159,0.0,0.0006155091047906353,0.0
4711,0.002537721994824617,0.0,0.0014016648077840815,0.0,0.0009685088048918514,0.0
4712,0.0025461340276652935,0.0,0.00145582935577758,0.0,0.0010340619479209119,0.0
4713,0.002551106971161718,0.0,0.0014327983172687402,0.0,0.0010187708098065087,0.0
4714,0.002554654429861177,0.0,0.00141197248336296,0.0,0.0009949614079539364,0.0
4715,0.0025547157866796996,0.0,0.0013823261693370937,0.0,0.0009525999495065725,0.0
4716,0.0025588656131473346,0.0,0.0013994389469776651,0.0,0.0009696208698677863,0.0
4717,0.0025653900546101375,0.0,0.0014129904273300464,0.0,0.000985097439916113,0.0
4718,0.0025705370082011237,0.0,0.0014222561296059334,0.0,0.0009932712605163745,0.0
4719,0.0025773225355806293,0.0,0.0014277516063280844,0.0,0.0010127904276912936,0.0
4720,0.002583036150969902,0.0,0.0014350719147494626,0.0,0.001014110750961317,0.0
4721,0.0025907617078648523,0.0,0.0014396864330568668,0.0,0.0010185614243234237,0.0
4722,0.002579480148661896,0.0,0.0013458313990136882,0.0,0.0009191933269029901,0.0
4723,0.0025698259641880167,0.0,0.001317741167063062,0.0,0.0008935880704507655,0.0
4724,0.002566792857669818,0.0,0.001326603502287885,0.0,0.0009027437341695168,0.0
4725,0.0025564594280449095,0.0,0.0012443694553503997,0.0,0.0008124206048280931,0.0
4726,0.002548949745047733,0.0,0.0012179830576152617,0.0,0.0007834031824505607,0.0
4727,0.00254021486025352,0.0,0.0011742444864205903,0.0,0.0007401506646820969,0.0
4728,0.00253303073389925,0.0,0.0011642713564876729,0.0,0.0007292418213447414,0.0
4729,0.002526086102873363,0.0,0.0011125976070967913,0.0,0.0006755666975499864,0.0
4730,0.00252169516557394,0.0,0.0011409728040834293,0.0,0.0007033213883658432,0.0
4731,0.0025174657858943565,0.0,0.001122374410441328,0.0,0.0006843485180654516,0.0
4732,0.002513759083797475,0.0,0.0011001288277982426,0.0,0.0006615261228832068,0.0
4733,0.0025104447178468845,0.0,0.001080129654138965,0.0,0.0006417472623928976,0.0
4734,0.002441089079651854,0.0,0.0004810399842869273,0.0,4.9705735992739667e-05,0.0
4735,0.002500558453821136,0.0,0.0014741135199958413,0.0,0.0010837586390168897,0.0
4736,0.002565965148216433,0.0,0.0016122676425539804,0.0,0.0012234777689937681,0.0
4737,0.0026441250689114267,0.0,0.0015598801272644995,0.0,0.001327204124007636,0.0
4738,0.0027104265747485605,0.0,0.0016094075135618176,0.0,0.0013992588076366485,0.0
4739,0.0027702510697580718,0.0,0.001660673914418333,0.0,0.001452153662195013,0.0
4740,0.002837456628508298,0.0,0.001725987985560325,0.0,0.0015272893238906563,0.0
4741,0.002889073102758687,0.0,0.0018112668196641256,0.0,0.00159911497547613,0.0
4742,0.002938604981893931,0.0,0.0018543970381742702,0.0,0.0016433019525616964,0.0
4743,0.003001430018844088,0.0,0.0019282501053087288,0.0,0.0017220633995838489,0.0
4744,0.003064658529204045,0.0,0.00199841873082754,0.0,0.0017951698587409855,0.0
4745,0.003120056630784007,0.0,0.0020640355210147744,0.0,0.001862328998284155,0.0
4746,0.003142124971597673,0.0,0.002111638173978648,0.0,0.001902336125168741,0.0
4747,0.002930616340023736,0.0,0.0015314327953868917,0.0,0.0014849820956841673,0.0
4748,0.002863624785779348,0.0,0.0015064158698685495,0.0,0.0014168194909008032,0.0
4749,0.0027910440527636497,0.0,0.001395924880780702,0.0,0.0012428786458741972,0.0
4750,0.002742656594039386,0.0,0.0013703817951821811,0.0,0.0011634084087032547,0.0
4751,0.002691989079371988,0.0,0.0013604307182213807,0.0,0.0009264481718750698,0.0
4752,0.0026620423965370297,0.0,0.0013340258628508623,0.0,0.0008990746790002904,0.0
4753,0.0026375165097209047,0.0,0.0012817383389300042,0.0,0.0008455685214620585,0.0
4754,0.002618856450752001,0.0,0.0012895347089054866,0.0,0.0008525988670960863,0.0
4755,0.002602069410173561,0.0,0.0012511300649190925,0.0,0.00081346295063252,0.0
4756,0.0025876524294779144,0.0,0.0012064371802321904,0.0,0.000767954397330559,0.0
4757,0.002576430106937971,0.0,0.0012279132746007462,0.0,0.0007900938331704551,0.0
4758,0.0025546336603178297,0.0,0.0007621461636481766,0.0,0.0003270798707398217,0.0
4759,0.0026297137704127966,0.0,0.0017275033012791768,0.0,0.0013709943662229083,0.0
4760,0.0027078677771442522,0.0,0.0018024313474639525,0.0,0.0014481336107594165,0.0
4761,0.002802094823687506,0.0,0.0018017791379096647,0.0,0.00154740665369345,0.0
4762,0.0028711916080027726,0.0,0.0018515185268585261,0.0,0.0016151172387821656,0.0
4763,0.002932841715417982,0.0,0.001896825055510955,0.0,0.00166528424457262,0.0
4764,0.0029932534810596613,0.0,0.0019534877218647948,0.0,0.0017272544252790382,0.0
4765,0.003043524064368055,0.0,0.0020285066476230127,0.0,0.0017918137587418686,0.0
4766,0.0031044860821396974,0.0,0.0020703209522494664,0.0,0.001843673919302688,0.0
4767,0.003163848161518264,0.0,0.002136116700691331,0.0,0.0019125909100167347,0.0
4768,0.0032221733603945975,0.0,0.002196987351514447,0.0,0.0019761284934925022,0.0
4769,0.0032759387467853254,0.0,0.002255169633900632,0.0,0.002037624560181436,0.0
4770,0.003295729620814052,0.0,0.0022947929098646336,0.0,0.00207254573625244,0.0
4771,0.00303611439019254,0.0,0.0016419654820317745,0.0,0.0016024221516840278,0.0
4772,0.0029632906142076747,0.0,0.0016160768293420299,0.0,0.0015424144648268903,0.0
4773,0.0028682890343064344,0.0,0.0014705424990168786,0.0,0.0013355973347651188,0.0
4774,0.0028084843294406757,0.0,0.001437690142253665,0.0,0.0012515512867798538,0.0
4775,0.002748298583414921,0.0,0.0014274187413326716,0.0,0.0009933269147220434,0.0
4776,0.00271193568751045,0.0,0.0013969102227619384,0.0,0.0009617653330226698,0.0
4777,0.0026823652992301267,0.0,0.0013397487238229866,0.0,0.0009033237780257325,0.0
4778,0.0026598645129565406,0.0,0.0013440648086664206,0.0,0.0009069942505458349,0.0
4779,0.002640302862010907,0.0,0.00130761041140391,0.0,0.0008701188758294387,0.0
4780,0.002623204397413997,0.0,0.001264793791841347,0.0,0.0008266315960137206,0.0
4781,0.002609291178988527,0.0,0.0012777308697942455,0.0,0.0008400807419905116,0.0
4782,0.002606069950532334,0.0,0.0016523208122799667,0.0,0.001214311248596746,0.0
4783,0.002698371230120141,0.0,0.0018364718488248545,0.0,0.0014727271549473731,0.0
4784,0.0027694922787227247,0.0,0.001940537473246075,0.0,0.0015315719035893125,0.0
4785,0.002876167006318921,0.0,0.0019071181831849607,0.0,0.0016384686567113187,0.0
4786,0.0029539358347265357,0.0,0.0019563041419661305,0.0,0.0017104166553276587,0.0
4787,0.003024420344063474,0.0,0.002004602472413233,0.0,0.001767555048551753,0.0
4788,0.003087453432438262,0.0,0.0020629364242227364,0.0,0.0018292263232396054,0.0
4789,0.0031429306842228576,0.0,0.0021356467373563563,0.0,0.0018974150450290464,0.0
4790,0.0031993538767913594,0.0,0.002175977731438416,0.0,0.001946243991707175,0.0
4791,0.003260582219039575,0.0,0.0022397555680199292,0.0,0.0020147854564266927,0.0
4792,0.0033212875343326897,0.0,0.0023000890093256886,0.0,0.0020789207079294505,0.0
4793,0.0033602087624898078,0.0,0.002347291240364431,0.0,0.0021234786668035657,0.0
4794,0.0033699170561121154,0.0,0.0023770092826631223,0.0,0.0021477017513916105,0.0
4795,0.003069558886541788,0.0,0.0016629820266807025,0.0,0.0016078549047361845,0.0
4796,0.0029771289093999706,0.0,0.0016290337844566268,0.0,0.0015181937748087525,0.0
4797,0.002894025612299314,0.0,0.0014819375548365328,0.0,0.0013314403260379537,0.0
4798,0.002842321486887861,0.0,0.0014603419063120553,0.0,0.0012771237524558626,0.0
4799,0.002781681865379803,0.0,0.0014540898071949367,0.0,0.0010203931312395172,0.0
4800,0.002745088406370625,0.0,0.0014248025450135486,0.0,0.0009903600477353261,0.0
4801,0.002714993769404062,0.0,0.001376220428545242,0.0,0.0009409149511071986,0.0
4802,0.0026918830969327907,0.0,0.0013804224703093534,0.0,0.0009447476531620584,0.0
4803,0.0026709667443716436,0.0,0.0013529719839416325,0.0,0.0009169036468792185,0.0
4804,0.0026523313434145043,0.0,0.0013220230817331212,0.0,0.0008853589075735267,0.0
4805,0.002637467257998186,0.0,0.00133738077001564,0.0,0.0009010955444548035,0.0
4806,0.0026560432611389497,0.0,0.0017796612547589209,0.0,0.0013458529144140196,0.0
4807,0.002773588677244452,0.0,0.0018927289786566201,0.0,0.001557739321879479,0.0
4808,0.002850588485356525,0.0,0.0020046940701959823,0.0,0.0016234821038698735,0.0
4809,0.0029352163141276957,0.0,0.0019946229146906537,0.0,0.0017019669051384113,0.0
4810,0.0030072245100972034,0.0,0.0020329806537373526,0.0,0.0017691970277038125,0.0
4811,0.003076166254240428,0.0,0.0020719995178655236,0.0,0.0018259845354368517,0.0
4812,0.0031316709206638165,0.0,0.0021228624088408324,0.0,0.0018792285089067507,0.0
4813,0.003152549401428824,0.0,0.0021816112489526033,0.0,0.0019161084820779502,0.0
4814,0.0032015547758491307,0.0,0.0022060013143292267,0.0,0.0019569592784097066,0.0
4815,0.0032394376314050953,0.0,0.0022501474797217745,0.0,0.0020055180666886233,0.0
4816,0.00324224528175219,0.0,0.002278084419642617,0.0,0.0020146259995014676,0.0
4817,0.0032628732610861084,0.0,0.0023062360091909966,0.0,0.0020435332335144527,0.0
4818,0.0032589882018993644,0.0,0.002320964639810354,0.0,0.0020571063856845468,0.0
4819,0.0029777503474544935,0.0,0.0015625101498278453,0.0,0.0014676540725608806,0.0
4820,0.002887400525512803,0.0,0.0015333430575299846,0.0,0.0013647947731941531,0.0
4821,0.0028192145468390476,0.0,0.001402968128202184,0.0,0.0011711032913078513,0.0
4822,0.002777119177523427,0.0,0.0013989362239265083,0.0,0.0011445411161228433,0.0
4823,0.0027340107553985695,0.0,0.0013611436555556206,0.0,0.000925353853245964,0.0
4824,0.0027047124618760883,0.0,0.0013157981240385012,0.0,0.0008787322190748762,0.0
4825,0.002679993788861935,0.0,0.0012126134665885434,0.0,0.0007737605449133907,0.0
4826,0.0026606568015433516,0.0,0.0012218274373656296,0.0,0.000782703805053806,0.0
4827,0.0026429895477312064,0.0,0.0011703472998433582,0.0,0.0007306674030220118,0.0
4828,0.002627011523623564,0.0,0.0011184953385651247,0.0,0.0006781203248972432,0.0
4829,0.002614017949364849,0.0,0.0011530101787561192,0.0,0.0007134197434549153,0.0
4830,0.0026149775715850277,0.0,0.0016783207423867058,0.0,0.0012403971611427119,0.0
4831,0.0027018695027334286,0.0,0.0018727146758706255,0.0,0.0014753450219566464,0.0
4832,0.002767217904947182,0.0,0.0019510304236365838,0.0,0.0015318170234745834,0.0
4833,0.002832089753372645,0.0,0.0019265227202635634,0.0,0.0015901942745948799,0.0
4834,0.0028750588822799242,0.0,0.0019567682981009686,0.0,0.001629446354686787,0.0
4835,0.0029200831414229224,0.0,0.0019769110181708377,0.0,0.0016647067446100483,0.0
4836,0.0029746624721947593,0.0,0.0020066285204962285,0.0,0.0017233717420759207,0.0
4837,0.0030064688344670406,0.0,0.0020702137508084193,0.0,0.0017731643262141297,0.0
4838,0.0030583124363213234,0.0,0.002087264811688824,0.0,0.0018170888492461683,0.0
4839,0.0031093427481283056,0.0,0.0021389785682878427,0.0,0.0018800701001514576,0.0
4840,0.0031603941779717705,0.0,0.0021875172843767443,0.0,0.0019372066660530984,0.0
4841,0.0032073635868277097,0.0,0.0022396473043748482,0.0,0.0019942393901448857,0.0
4842,0.003224546467720757,0.0,0.002274687183785866,0.0,0.0020279880719098827,0.0
4843,0.002967776990855343,0.0,0.001562300392764326,0.0,0.0015231591460212138,0.0
4844,0.0028931493192951947,0.0,0.0015394505255494535,0.0,0.0014481315152900954,0.0
4845,0.0028103883923231558,0.0,0.0014058673991485865,0.0,0.0011931668920461985,0.0
4846,0.0027621951065674886,0.0,0.001395846285725657,0.0,0.001137840518731518,0.0
4847,0.002718833974965452,0.0,0.0013451101759972077,0.0,0.0009090382059723488,0.0
4848,0.002690318856452922,0.0,0.001288647737622927,0.0,0.0008513524189200877,0.0
4849,0.002666861398387359,0.0,0.0011878938406033176,0.0,0.0007483130792890823,0.0
4850,0.002648631660631915,0.0,0.0011879087863456827,0.0,0.0007482367061337751,0.0
4851,0.0026325151444774567,0.0,0.0011370358231721238,0.0,0.0006962057849697833,0.0
4852,0.002618037252815705,0.0,0.0010879107940765646,0.0,0.0006467598611197729,0.0
4853,0.0026060843865718117,0.0,0.0011207268897854667,0.0,0.0006803050857074084,0.0
4854,0.00259416689197617,0.0,0.001101489250210764,0.0,0.000659951041931212,0.0
4855,0.0025990268270516944,0.0,0.0014437100283163043,0.0,0.0010447904511816598,0.0
4856,0.002594621461394264,0.0,0.0015637611355351062,0.0,0.0011713037292238938,0.0
4857,0.0026393216916606225,0.0,0.0016509316474953232,0.0,0.0012969279973241285,0.0
4858,0.0026768465765391876,0.0,0.0016945565389267076,0.0,0.0013589864433578543,0.0
4859,0.002712447373210832,0.0,0.0017448697150058668,0.0,0.0014020487258342195,0.0
4860,0.002740793035157697,0.0,0.0017728329560048187,0.0,0.001444117112960427,0.0
4861,0.00276570974784649,0.0,0.001805358528645735,0.0,0.0014795095736447601,0.0
4862,0.0027871728377486865,0.0,0.0018439081513466056,0.0,0.0015080513313563576,0.0
4863,0.0028075203878278753,0.0,0.0018961671512560338,0.0,0.0015355647870742032,0.0
4864,0.0027155743315450667,0.0,0.0014398304550269367,0.0,0.00118758947568301,0.0
4865,0.0027028280979471716,0.0,0.001491609913086415,0.0,0.0012071802224747036,0.0
4866,0.0026816798065806826,0.0,0.001416247883447958,0.0,0.0011312650583706835,0.0
4867,0.0026563932496323772,0.0,0.0014623653808002195,0.0,0.0010506171545561628,0.0
4868,0.002639809871370593,0.0,0.00143149401212459,0.0,0.0010053428294523176,0.0
4869,0.0026186886716915046,0.0,0.0013141786993440389,0.0,0.0008794824937242991,0.0
4870,0.002605118593941298,0.0,0.0012969735401067604,0.0,0.0008607650437895461,0.0
4871,0.0025915753339173834,0.0,0.0012410275979797037,0.0,0.0008056448552295435,0.0
4872,0.00258136443196546,0.0,0.0012187770139219195,0.0,0.0007821321774011062,0.0
4873,0.0025719469855592977,0.0,0.0011449284249455672,0.0,0.0007074343236108374,0.0
4874,0.0025651137119529323,0.0,0.0011645278221579325,0.0,0.0007270236406970857,0.0
4875,0.002557664008661987,0.0,0.0011114825695496626,0.0,0.0006727688858741917,0.0
4876,0.0025507421421004425,0.0,0.0010673936763114756,0.0,0.0006283996696429409,0.0
4877,0.0025456388932053107,0.0,0.0011054165710650326,0.0,0.0006667607785337533,0.0
4878,0.002540142654259403,0.0,0.0010926510652809961,0.0,0.0006529308436871502,0.0
4879,0.0025484562732811657,0.0,0.0014075648422891482,0.0,0.0009741900292242174,0.0
4880,0.002553397675390723,0.0,0.0014588576087727109,0.0,0.0010259284837402024,0.0
4881,0.0025550293426112834,0.0,0.001430607430183761,0.0,0.0009978549072687045,0.0
4882,0.0025566681779412423,0.0,0.0014081553400459572,0.0,0.0009756174987885172,0.0
4883,0.002558071501045861,0.0,0.00138361458171504,0.0,0.0009512822386907682,0.0
4884,0.002560291993673264,0.0,0.0014026998015535023,0.0,0.0009697478590083685,0.0
4885,0.0025629393725763016,0.0,0.001419675395242486,0.0,0.0009868510736550135,0.0
4886,0.0025654999277347837,0.0,0.001433828946736981,0.0,0.001000197327927806,0.0
4887,0.0025678494619792163,0.0,0.0014470367007508268,0.0,0.0010141980423886002,0.0
4888,0.0025691688029360537,0.0,0.0014476502055302818,0.0,0.0010154163598974932,0.0
4889,0.0025681966026672824,0.0,0.0014313513138855792,0.0,0.0009991081026746393,0.0
4890,0.0025578214062231975,0.0,0.001323784113497046,0.0,0.0008910196857249064,0.0
4891,0.002552385975549272,0.0,0.0013301526110432301,0.0,0.0008970135525398415,0.0
4892,0.0025482075155588754,0.0,0.0013155975694925056,0.0,0.0008821957684748624,0.0
4893,0.0025395707305639523,0.0,0.0012220327626751152,0.0,0.0007879983229506951,0.0
4894,0.002533102055965998,0.0,0.0011879659534955401,0.0,0.0007515810019200354,0.0
4895,0.002526495018059645,0.0,0.0011193016835746826,0.0,0.000683754780012244,0.0
4896,0.002521954799623758,0.0,0.0010878559302641795,0.0,0.0006510959378486047,0.0
4897,0.0025173740568875313,0.0,0.0010014914665094612,0.0,0.0005620716595653606,0.0
4898,0.0025149297065065013,0.0,0.0010382618778138081,0.0,0.0005987715476305873,0.0
4899,0.0025123466587326474,0.0,0.0010185040154462382,0.0,0.0005786909661150172,0.0
4900,0.0025097024535099656,0.0,0.0009924880788599545,0.0,0.0005523434089983537,0.0
4901,0.002507184067259025,0.0,0.0009744909749583284,0.0,0.0005342813782451335,0.0
4902,0.0024267531287240074,0.0,0.00045772936380499485,0.0,2.656967984788301e-05,0.0
4903,0.0024878214806929267,0.0,0.0014095450300623436,0.0,0.0010047722597523118,0.0
4904,0.0025386078380903237,0.0,0.001601643203261827,0.0,0.001167079711837484,0.0
4905,0.002586615490292349,0.0,0.0015639248337741922,0.0,0.0012406731399355326,0.0
4906,0.002623814913005562,0.0,0.0015999814576380556,0.0,0.0012855703112710191,0.0
4907,0.002655371980610164,0.0,0.001625027122930317,0.0,0.0013082147903102173,0.0
4908,0.0026941542645198806,0.0,0.0016631649352729283,0.0,0.0013630749754712994,0.0
4909,0.002723563171707643,0.0,0.0017422175873428862,0.0,0.0014251975925344764,0.0
4910,0.0027560255327541265,0.0,0.0017554230189246397,0.0,0.001451824364377166,0.0
4911,0.0027880126576013938,0.0,0.001806537822934384,0.0,0.0015058950095229876,0.0
4912,0.0028287814284720936,0.0,0.0018502844480929568,0.0,0.0015628331667850914,0.0
4913,0.002882188226314469,0.0,0.0019016429142943512,0.0,0.001640036066606872,0.0
4914,0.0029045892817315556,0.0,0.001947261629164476,0.0,0.0016870295082759635,0.0
4915,0.002734704911435861,0.0,0.0013424479663185012,0.0,0.0011988635337684757,0.0
4916,0.0026824699189665745,0.0,0.0013579449962129245,0.0,0.001106812551512593,0.0
4917,0.0026372498649233946,0.0,0.0012387869295193566,0.0,0.0008620957110037984,0.0
4918,0.0026121875373139227,0.0,0.0012546533307318181,0.0,0.000830808352320647,0.0
4919,0.0025921608694698113,0.0,0.0011854599909004412,0.0,0.0007492555170122311,0.0
4920,0.0025778705559290054,0.0,0.0011540227129945967,0.0,0.0007168927148675152,0.0
4921,0.0025654518120122216,0.0,0.0010662541053812124,0.0,0.0006270129429020057,0.0
4922,0.0025565323734682384,0.0,0.0010935636076616067,0.0,0.000654596518280713,0.0
4923,0.0025481374055019547,0.0,0.0010567733126466607,0.0,0.0006169762061146162,0.0
4924,0.002540272344659402,0.0,0.0010129642228575986,0.0,0.0005728254400072905,0.0
4925,0.0025342154866402067,0.0,0.0010539760320118425,0.0,0.0006142324392120091,0.0
4926,0.0025072463533559225,0.0,0.0006104627550906044,0.0,0.00017750905261975053,0.0
4927,0.002573142089295417,0.0,0.001705349900701655,0.0,0.0012877408551254842,0.0
4928,0.0026329100869222286,0.0,0.0017838187263034095,0.0,0.0013525079374540456,0.0
4929,0.0026894879868138303,0.0,0.001753465357696208,0.0,0.0014090802043011182,0.0
4930,0.0027298819990710273,0.0,0.001782742979131352,0.0,0.0014490896871227656,0.0
4931,0.002766656111002812,0.0,0.0018061385042261238,0.0,0.0014768507847932972,0.0
4932,0.002806947848193797,0.0,0.00183986878559363,0.0,0.0015245808594359718,0.0
4933,0.002840466418985558,0.0,0.001906012493804971,0.0,0.0015838597929372033,0.0
4934,0.0028874088706646968,0.0,0.0019143242591957703,0.0,0.0016252993800077412,0.0
4935,0.0029340641919139102,0.0,0.0019623069713576146,0.0,0.0016888511590713675,0.0
4936,0.002990104483215154,0.0,0.0020119114276118746,0.0,0.001755894038616989,0.0
4937,0.0030394931388848015,0.0,0.0020657703695839396,0.0,0.0018174217594490558,0.0
4938,0.0030560058224102845,0.0,0.002104556463110292,0.0,0.001851252429935888,0.0
4939,0.002838677045105175,0.0,0.0014268033653494516,0.0,0.0013549555072625958,0.0
4940,0.0027755728564587395,0.0,0.001419149232862756,0.0,0.0012839680167808817,0.0
4941,0.0027083934641026195,0.0,0.0012966375744269067,0.0,0.001012775154349849,0.0
4942,0.0026712850717577116,0.0,0.0013060190306379087,0.0,0.0009761866313315263,0.0
4943,0.002639881513572252,0.0,0.0012413866923033914,0.0,0.0008051708873432933,0.0
4944,0.002618422255761519,0.0,0.001187539894098886,0.0,0.000749826972472488,0.0
4945,0.00260039293584764,0.0,0.0010802239801652998,0.0,0.0006403668848636412,0.0
4946,0.002586866129311092,0.0,0.001094055227373084,0.0,0.0006536556161743645,0.0
4947,0.0025749327164056954,0.0,0.001053596671259498,0.0,0.000612861755510665,0.0
4948,0.0025644233994185613,0.0,0.0010198814663548992,0.0,0.0005784790678987951,0.0
4949,0.0025559246389527325,0.0,0.00106366530618757,0.0,0.0006233718881482977,0.0
4950,0.0025425153353559908,0.0,0.0008151136528760804,0.0,0.00037842222370400454,0.0
4951,0.0026110898693857626,0.0,0.0017736938624586505,0.0,0.001352063517772863,0.0
4952,0.0026737653441104648,0.0,0.0018479948236719715,0.0,0.0014160981630329098,0.0
4953,0.002732027535966019,0.0,0.0018256869105849852,0.0,0.00147092373225039,0.0
4954,0.002777532529179041,0.0,0.0018551509879295637,0.0,0.0015151998326707987,0.0
4955,0.0028295972000135787,0.0,0.001873522123026923,0.0,0.0015608208296452597,0.0
4956,0.002890957305605623,0.0,0.001908445674780629,0.0,0.0016301894942659634,0.0
4957,0.002936126507410303,0.0,0.0019782353884135375,0.0,0.0016959913386292791,0.0
4958,0.0029891879779462283,0.0,0.0020040046998580077,0.0,0.001741890785385252,0.0
4959,0.0030426253626498136,0.0,0.0020608737897762153,0.0,0.0018082963483994742,0.0
4960,0.003095903342979082,0.0,0.0021137960930990747,0.0,0.0018679774025079283,0.0
4961,0.0031468223057912565,0.0,0.0021646592369972953,0.0,0.0019267458440602792,0.0
4962,0.003172056626513614,0.0,0.002210328802066973,0.0,0.0019690673159898898,0.0
4963,0.002924143016147321,0.0,0.0015204833908757183,0.0,0.0014728472379634421,0.0
4964,0.0028504836339617867,0.0,0.001496615843493114,0.0,0.0013911594264717324,0.0
4965,0.002769374621279602,0.0,0.001365693599713429,0.0,0.0011237044626101031,0.0
4966,0.0027232141364208215,0.0,0.0013645824340855698,0.0,0.0010781510166155473,0.0
4967,0.0026822097175169504,0.0,0.0013120705981692334,0.0,0.0008761137685425668,0.0
4968,0.002655671857190654,0.0,0.0012618873791550075,0.0,0.0008246169273369494,0.0
4969,0.002633912200236542,0.0,0.0011641874968724426,0.0,0.0007249165912940612,0.0
4970,0.00261721915177886,0.0,0.0011672707817163615,0.0,0.0007276040042161658,0.0
4971,0.0026024355676608642,0.0,0.0011188173723585982,0.0,0.0006783550356824172,0.0
4972,0.002589305674408465,0.0,0.0010755510412019463,0.0,0.0006347285690546584,0.0
4973,0.002578285554707643,0.0,0.0011056838218905986,0.0,0.0006653026526160619,0.0
4974,0.002570304412938871,0.0,0.001457571175841289,0.0,0.001011598450496499,0.0
4975,0.002650082374113228,0.0,0.0018339444386813793,0.0,0.0014199165285695109,0.0
4976,0.00272289252676605,0.0,0.0018973675462640959,0.0,0.0014823895714276536,0.0
4977,0.002806418436365134,0.0,0.0018597424169839872,0.0,0.0015618404330844165,0.0
4978,0.00286364516075992,0.0,0.0019021017866013258,0.0,0.0016167523934334104,0.0
4979,0.002917965796786241,0.0,0.001936761851186529,0.0,0.0016630702105850767,0.0
4980,0.0029735211525498163,0.0,0.001982390455449245,0.0,0.0017219848819015372,0.0
4981,0.0030186118507387755,0.0,0.0020502673271856845,0.0,0.0017847368851468394,0.0
4982,0.0030574851969851556,0.0,0.002076299692106938,0.0,0.0018157941471181032,0.0
4983,0.0030971978347423394,0.0,0.002123810223479192,0.0,0.0018660881570770464,0.0
4984,0.003129738307893661,0.0,0.002162529912496689,0.0,0.0019030765547617028,0.0
4985,0.0031589940461095867,0.0,0.00220294763297738,0.0,0.0019411482028924036,0.0
4986,0.0031656784041878584,0.0,0.0022303260036535934,0.0,0.001964817791278258,0.0
4987,0.0029122107507954034,0.0,0.0014859199298107991,0.0,0.0014049922472487162,0.0
4988,0.002833275976643736,0.0,0.0014738636433865647,0.0,0.0013102561482567997,0.0
4989,0.0027677846904319812,0.0,0.0013607463070507235,0.0,0.0011045991303242526,0.0
4990,0.0027266750990197317,0.0,0.0013569467413966022,0.0,0.001061045869316964,0.0
4991,0.002689584849256311,0.0,0.0013094436091639187,0.0,0.0008733879557342777,0.0
4992,0.0026647687746565282,0.0,0.0012729077925807896,0.0,0.0008359830069936145,0.0
4993,0.0026434540746537545,0.0,0.0011768448640983506,0.0,0.0007378597598999477,0.0
4994,0.002627179596483751,0.0,0.0011970617392543122,0.0,0.0007582273053206938,0.0
4995,0.0026121237305461284,0.0,0.0011480750548796793,0.0,0.0007083372517464597,0.0
4996,0.0025982722272792137,0.0,0.00108973954905125,0.0,0.0006493235840640862,0.0
4997,0.002586897948609105,0.0,0.001117262223322359,0.0,0.0006773213864527093,0.0
4998,0.0025850220625304008,0.0,0.0016117787805519335,0.0,0.0011717422648768127,0.0
4999,0.0026690212522576164,0.0,0.0018507103419404087,0.0,0.0014390736084825538,0.0
5000,0.002742575064338907,0.0,0.0019224560051304192,0.0,0.0015057300681729727,0.0
5001,0.0028206717480431147,0.0,0.001895675626502256,0.0,0.0015790078083059568,0.0
5002,0.0028791956458509484,0.0,0.0019313868800212928,0.0,0.0016361054971919075,0.0
5003,0.0029412146108755365,0.0,0.0019602460877923347,0.0,0.001690290432467725,0.0
5004,0.0029998848739143575,0.0,0.0020055886227003713,0.0,0.0017502349524585212,0.0
5005,0.003038499894941062,0.0,0.00207334667723018,0.0,0.0018040219173459612,0.0
5006,0.003102180003244203,0.0,0.0021034156448259296,0.0,0.0018565003687402181,0.0
5007,0.00315748091116916,0.0,0.0021624127870186523,0.0,0.0019210861285272746,0.0
5008,0.0031988816299187957,0.0,0.002210598643002681,0.0,0.0019677192943814135,0.0
5009,0.0032412298389767453,0.0,0.0022547954165985946,0.0,0.002016948467750712,0.0
5010,0.0032558088269196974,0.0,0.002291229385047509,0.0,0.002047124010172539,0.0
5011,0.0029922570818125315,0.0,0.0015786687774214912,0.0,0.0015308732193672417,0.0
5012,0.0029173127280566575,0.0,0.0015518324563288854,0.0,0.0014610594280617807,0.0
5013,0.0028360973353165767,0.0,0.0014333620616446487,0.0,0.0012482475983843833,0.0
5014,0.0027845365370456204,0.0,0.0014126417630062277,0.0,0.0011734751926686052,0.0
5015,0.0027347946448184855,0.0,0.0013848058353046265,0.0,0.0009500121746682164,0.0
5016,0.002702421205602179,0.0,0.0013481241662587648,0.0,0.0009119920993143,0.0
5017,0.0026758329087321134,0.0,0.0012663734667511465,0.0,0.0008284355759441999,0.0
5018,0.0026560605211077082,0.0,0.0012720437466051187,0.0,0.0008337600409066223,0.0
5019,0.002638446483667416,0.0,0.00122483818506135,0.0,0.0007859862169871962,0.0
5020,0.0026229151380575974,0.0,0.0011817078843467704,0.0,0.0007422929687447715,0.0
5021,0.002610123102540188,0.0,0.0012036297318576397,0.0,0.000764732817711546,0.0
5022,0.002597380673766805,0.0,0.0011676758509865332,0.0,0.0007271999619763094,0.0
5023,0.002605473706153264,0.0,0.001453723377538122,0.0,0.0010836050999823046,0.0
5024,0.002611531125773499,0.0,0.0015661465174315414,0.0,0.0012484806518206523,0.0
5025,0.002662209524173873,0.0,0.0016388007674478435,0.0,0.0013395508392325542,0.0
5026,0.002702436457323646,0.0,0.0017015801548016763,0.0,0.0013969245101602915,0.0
5027,0.0027441994412993683,0.0,0.001756129795700422,0.0,0.0014451360620879503,0.0
5028,0.00278382055425449,0.0,0.001785994235892965,0.0,0.0014959822404873634,0.0
5029,0.0028063628295226643,0.0,0.0018272434492564973,0.0,0.0015236176451546425,0.0
5030,0.0028287029682187827,0.0,0.0018615093341508256,0.0,0.0015504536383397437,0.0
5031,0.0028318376219753083,0.0,0.0019218231532825531,0.0,0.0015514577239871324,0.0
5032,0.002726351167712467,0.0,0.0014680276757800565,0.0,0.0011569994017437274,0.0
5033,0.0027060925464820035,0.0,0.0015087959990902522,0.0,0.0011664602098186852,0.0
5034,0.0026739317448770325,0.0,0.0014194724479508426,0.0,0.0010274308210807808,0.0
5035,0.00265175274755895,0.0,0.001417175752123557,0.0,0.0009836381005129495,0.0
5036,0.002637307218958459,0.0,0.0013922631854627258,0.0,0.0009586197530303874,0.0
5037,0.0026196994906953976,0.0,0.0012835465281169458,0.0,0.0008490389330250547,0.0
5038,0.002608965828994633,0.0,0.001282821825943373,0.0,0.0008472083520664462,0.0
5039,0.002597378449369542,0.0,0.0012401488558377283,0.0,0.000805562827757345,0.0
5040,0.0025879260356140793,0.0,0.0012319357322725572,0.0,0.0007964341729625737,0.0
5041,0.0025780147741262054,0.0,0.0011809595095816374,0.0,0.0007447906920691409,0.0
5042,0.002570881714840892,0.0,0.001206861431762158,0.0,0.00077051352883435,0.0
5043,0.002563725097493718,0.0,0.0011864586899536726,0.0,0.0007495476881742833,0.0
5044,0.0025567404724654253,0.0,0.0011610430853586375,0.0,0.0007239233990382387,0.0
5045,0.0025516409294709056,0.0,0.0011934641174989283,0.0,0.0007565062681440372,0.0
5046,0.002545873201676391,0.0,0.0011663079329509766,0.0,0.0007281982958566098,0.0
5047,0.002556552721695281,0.0,0.0014468519423044039,0.0,0.0010138649089634036,0.0
5048,0.00256114897431826,0.0,0.0014860748971852692,0.0,0.001053392098954255,0.0
5049,0.0025625698599312484,0.0,0.0014605945394926517,0.0,0.0010280069485303187,0.0
5050,0.002565071694174706,0.0,0.0014411233798043493,0.0,0.0010087764380027468,0.0
5051,0.002566705171494046,0.0,0.0014137867768796734,0.0,0.0009816077060288495,0.0
5052,0.0025700884723745057,0.0,0.0014316251661248692,0.0,0.0009989093919528774,0.0
5053,0.002573818237783011,0.0,0.001443839795053051,0.0,0.001011249341081533,0.0
5054,0.0025774676444036857,0.0,0.0014525155761920731,0.0,0.001019251241468629,0.0
5055,0.0025817971533376276,0.0,0.001460484344767036,0.0,0.0010309393216449308,0.0
5056,0.002585764315791339,0.0,0.0014560073201712739,0.0,0.0010338003795017751,0.0
5057,0.00259032780726951,0.0,0.0014503843854699148,0.0,0.0010237777946323027,0.0
5058,0.0025815809006073044,0.0,0.0013558386239579969,0.0,0.0009289222550427729,0.0
5059,0.0025738204797307587,0.0,0.0013397065810984308,0.0,0.000907827783859026,0.0
5060,0.0025689104084798227,0.0,0.001322897637843179,0.0,0.0008901447116910805,0.0
5061,0.0025588123657083635,0.0,0.0012324023491301584,0.0,0.0007991885249753988,0.0
5062,0.002552942039081357,0.0,0.0012175786893079705,0.0,0.0007827987525220173,0.0
5063,0.0025462010487854,0.0,0.0011808437450914037,0.0,0.0007468296788961974,0.0
5064,0.002540790337852614,0.0,0.001176789944274901,0.0,0.0007419812999490498,0.0
5065,0.0025348432270136776,0.0,0.0011317494630025467,0.0,0.0006951957703411856,0.0
5066,0.0025316192602563214,0.0,0.0011607546896379546,0.0,0.0007239907089031661,0.0
5067,0.0025281475078571623,0.0,0.001144800790378514,0.0,0.0007076897763310462,0.0
5068,0.002524364964397961,0.0,0.0011187859198954534,0.0,0.0006811702384021598,0.0
5069,0.00252091092736875,0.0,0.0010976423660759849,0.0,0.0006597637053446322,0.0
5070,0.0024557632845227423,0.0,0.0005002924352309923,0.0,6.893611264254104e-05,0.0
5071,0.0025255477616176925,0.0,0.0013922183803049737,0.0,0.001163102954405556,0.0
5072,0.002582279128013065,0.0,0.0016224974876600082,0.0,0.0012422013738227857,0.0
5073,0.0026524860988989657,0.0,0.0015784895562265175,0.0,0.0013391841722884385,0.0
5074,0.00270632858367568,0.0,0.0016244471255179502,0.0,0.0014006984695673027,0.0
5075,0.0027557180863738624,0.0,0.0016666086535369452,0.0,0.0014442941926855438,0.0
5076,0.002806675509278442,0.0,0.0017189289735657389,0.0,0.0015039021105726666,0.0
5077,0.002835928545573071,0.0,0.0017980120199220654,0.0,0.0015557374789285242,0.0
5078,0.0028831687051375033,0.0,0.0018253258736313598,0.0,0.0015978759301143613,0.0
5079,0.002932655845463771,0.0,0.0018841519458933072,0.0,0.00166373558111612,0.0
5080,0.0029753927308747738,0.0,0.001935875543296027,0.0,0.0017147812670630985,0.0
5081,0.003015590444609724,0.0,0.001988795790696821,0.0,0.001765837084079474,0.0
5082,0.003031601468314801,0.0,0.0020241723982670637,0.0,0.0017977271385224455,0.0
5083,0.002844217014502162,0.0,0.0014268049195040751,0.0,0.0013601025043200004,0.0
5084,0.002784828777326536,0.0,0.0014196838185362166,0.0,0.0012865350624142232,0.0
5085,0.0027284103505762405,0.0,0.0013109875003675937,0.0,0.0011099004225201237,0.0
5086,0.0026949568564718484,0.0,0.0013095627078866705,0.0,0.0010692375280597535,0.0
5087,0.0026573909613728016,0.0,0.0012913207793537305,0.0,0.0008567804237810399,0.0
5088,0.0026340680967404267,0.0,0.0012653677480482523,0.0,0.0008299373527353633,0.0
5089,0.002614407556887941,0.0,0.0011986740230388942,0.0,0.0007615766216094375,0.0
5090,0.002599683973767543,0.0,0.001213239144126142,0.0,0.0007757319402435254,0.0
5091,0.0025864297143537458,0.0,0.001177917402118855,0.0,0.000739650878822436,0.0
5092,0.0025748235108806142,0.0,0.0011387696790497465,0.0,0.000699752540434238,0.0
5093,0.002565923311290925,0.0,0.0011696106416732997,0.0,0.0007313382791272833,0.0
5094,0.002541433714610451,0.0,0.0006817115208818715,0.0,0.00024799626686896475,0.0
5095,0.0026196014694348495,0.0,0.0017167699822764244,0.0,0.0013566993664393318,0.0
5096,0.0026785900818930815,0.0,0.001817703757840825,0.0,0.0014081202399058067,0.0
5097,0.0027770019545579104,0.0,0.001773171110337149,0.0,0.001517697879063108,0.0
5098,0.0028439862538337567,0.0,0.001821928852941296,0.0,0.0015842195194725635,0.0
5099,0.0029054558765258826,0.0,0.001864334196415621,0.0,0.0016357553122457948,0.0
5100,0.0029606600510722896,0.0,0.0019171762569524912,0.0,0.0016916802644827396,0.0
5101,0.0030093623713296205,0.0,0.0019893565994284004,0.0,0.0017556334978323204,0.0
5102,0.0030639988579219688,0.0,0.0020268316630492203,0.0,0.001802512368603675,0.0
5103,0.00312514650478624,0.0,0.002093135662646189,0.0,0.0018746615519072835,0.0
5104,0.0031830722117587753,0.0,0.0021548793354063157,0.0,0.0019385957393545125,0.0
5105,0.00322286514899315,0.0,0.002204259660815793,0.0,0.0019858470610777217,0.0
5106,0.003233398777952379,0.0,0.002237514279856287,0.0,0.002012133863259022,0.0
5107,0.0029867508777954984,0.0,0.0015771873552013983,0.0,0.0015395250906477787,0.0
5108,0.0029098903608313536,0.0,0.001542943579214968,0.0,0.0014634785013117276,0.0
5109,0.0028250793182604556,0.0,0.0014123520798464948,0.0,0.0012497791274286435,0.0
5110,0.0027733515911704835,0.0,0.0013997143797585588,0.0,0.00119227709846738,0.0
5111,0.0027212838240575354,0.0,0.0013808338642241362,0.0,0.0009457588811515466,0.0
5112,0.0026889587010440687,0.0,0.0013447846988931958,0.0,0.0009085270735968783,0.0
5113,0.0026630807757611957,0.0,0.001258056365273914,0.0,0.00081967822810366,0.0
5114,0.0026436351882107106,0.0,0.0012617522553460207,0.0,0.0008234269507037758,0.0
5115,0.0026264641465808345,0.0,0.0012160999547769535,0.0,0.00077678876126554,0.0
5116,0.002611229576929784,0.0,0.0011683343933143913,0.0,0.0007287580020315482,0.0
5117,0.002599054694445555,0.0,0.0011999462122907216,0.0,0.0007607453219648057,0.0
5118,0.002585520025283698,0.0,0.0010861468929721188,0.0,0.0006454759812758221,0.0
5119,0.0026638706553530336,0.0,0.0018065549629252187,0.0,0.001416987922777372,0.0
5120,0.0027327464668374358,0.0,0.0019032844685295555,0.0,0.0014866062546550346,0.0
5121,0.0028020011841544037,0.0,0.001876599344316733,0.0,0.0015527185854067754,0.0
5122,0.002849605913615316,0.0,0.0019089869580173715,0.0,0.0015981767554477774,0.0
5123,0.0029074781175375845,0.0,0.0019321899674397574,0.0,0.0016496046850961762,0.0
5124,0.0029714914709035208,0.0,0.0019713903939052157,0.0,0.001718955719253823,0.0
5125,0.0030219425769915,0.0,0.002042027807790576,0.0,0.001785709309114208,0.0
5126,0.003073401715065769,0.0,0.00207476366674724,0.0,0.0018286472651218174,0.0
5127,0.003121240703731958,0.0,0.002131044074883238,0.0,0.0018874244091871897,0.0
5128,0.003151514210726757,0.0,0.0021731820436075473,0.0,0.0019225595687874255,0.0
5129,0.0031820490801915693,0.0,0.0022107215264837634,0.0,0.0019610643345943177,0.0
5130,0.0031977397498465484,0.0,0.0022452320212430618,0.0,0.001995310799933262,0.0
5131,0.002947709120659595,0.0,0.0015367218577653787,0.0,0.0014880694468534417,0.0
5132,0.002870852279756945,0.0,0.0015120949118589122,0.0,0.0014092909159466828,0.0
5133,0.002794366565025297,0.0,0.0014023127717524451,0.0,0.0011778159067380991,0.0
5134,0.0027500753071139803,0.0,0.001383894929113295,0.0,0.0011366014682500938,0.0
5135,0.00270773000842293,0.0,0.0013500742685139094,0.0,0.0009142884318922336,0.0
5136,0.0026804709808245972,0.0,0.0013071598832819912,0.0,0.0008700809504412991,0.0
5137,0.0026578843500475093,0.0,0.0012171121376466825,0.0,0.0007783678079677882,0.0
5138,0.0026404216293653034,0.0,0.001221736791954298,0.0,0.0007824730432615314,0.0
5139,0.0026245872999792683,0.0,0.001169228917767608,0.0,0.000729339510902455,0.0
5140,0.0026103658773120983,0.0,0.0011160054509319534,0.0,0.0006752623644735985,0.0
5141,0.0025987491865482413,0.0,0.0011469833231129395,0.0,0.0007071264275916075,0.0
5142,0.0025920241228392926,0.0,0.001551123786101498,0.0,0.0011075474571928935,0.0
5143,0.0026710208816769147,0.0,0.0018424962506142556,0.0,0.0014359060545019358,0.0
5144,0.002738959367824579,0.0,0.00192014180579972,0.0,0.0014976950862547718,0.0
5145,0.002810165833050954,0.0,0.0018899656820814232,0.0,0.0015643514283148674,0.0
5146,0.002861163319181299,0.0,0.0019216037007207312,0.0,0.0016129385706025933,0.0
5147,0.0029076251022274787,0.0,0.0019507630861888274,0.0,0.001650195099862061,0.0
5148,0.002963795150156116,0.0,0.001988343593832557,0.0,0.0017115181081936285,0.0
5149,0.003019123962397282,0.0,0.0020540573694397017,0.0,0.0017862552796461882,0.0
5150,0.0030788428412326777,0.0,0.0020860093388298,0.0,0.0018367434786340556,0.0
5151,0.003137832848153235,0.0,0.00214800213267464,0.0,0.00190498857207726,0.0
5152,0.003196702975027404,0.0,0.002205123459825171,0.0,0.0019670692331004687,0.0
5153,0.003246475153298651,0.0,0.002257728869121934,0.0,0.0020232216508674398,0.0
5154,0.003269760812383249,0.0,0.0023001447373674653,0.0,0.002062799185130156,0.0
5155,0.0030040734946622516,0.0,0.0016057332408762396,0.0,0.0015629496099214169,0.0
5156,0.002924136670229233,0.0,0.001575412460639699,0.0,0.0014847681027070135,0.0
5157,0.002836775153555752,0.0,0.001434443427576912,0.0,0.001250762585337906,0.0
5158,0.002784435618201672,0.0,0.0014227341420465721,0.0,0.0011858116582233423,0.0
5159,0.0027357114265714414,0.0,0.0013981161243583715,0.0,0.0009628267301335571,0.0
5160,0.0027047175881364832,0.0,0.001366312851998015,0.0,0.0009300541727997891,0.0
5161,0.0026797999682113367,0.0,0.0012948893934265472,0.0,0.0008569371678454011,0.0
5162,0.002660826649387662,0.0,0.0012994649020543082,0.0,0.000861488356243878,0.0
5163,0.0026437718417668815,0.0,0.0012522932268054165,0.0,0.0008134907019777609,0.0
5164,0.002628498399498588,0.0,0.0012017301894549808,0.0,0.0007624374427335331,0.0
5165,0.002616068732637338,0.0,0.0012249279853486722,0.0,0.00078604284360573,0.0
5166,0.002617225592214071,0.0,0.0016916622488207065,0.0,0.0012541628889874337,0.0
5167,0.0027038764188460646,0.0,0.001878764568985309,0.0,0.0014788159944789056,0.0
5168,0.002772494865204145,0.0,0.0019574841337961797,0.0,0.001537814625892189,0.0
5169,0.002865046109269548,0.0,0.001922344881142296,0.0,0.0016299256419316792,0.0
5170,0.0029302295844329963,0.0,0.0019625914712040234,0.0,0.0016922776850842522,0.0
5171,0.0029909650148852527,0.0,0.0019991159087668605,0.0,0.0017430574101491882,0.0
5172,0.0030531945491597545,0.0,0.002049902598100119,0.0,0.0018049060464903964,0.0
5173,0.003105900795985054,0.0,0.002121524743967245,0.0,0.001869582647371323,0.0
5174,0.0031660860026454856,0.0,0.0021601548818810474,0.0,0.0019197955749934571,0.0
5175,0.003219780733357584,0.0,0.0022205589140683133,0.0,0.0019815267751550096,0.0
5176,0.0032722610521234096,0.0,0.00227375859319379,0.0,0.0020373037646395785,0.0
5177,0.0033224196860384067,0.0,0.0023251829586217855,0.0,0.0020937033596191154,0.0
5178,0.0033449748941845924,0.0,0.002364679418689929,0.0,0.002130659324513506,0.0
5179,0.0030682093230401143,0.0,0.0016719176018432805,0.0,0.001626856138452286,0.0
5180,0.0029893963117542956,0.0,0.0016459772409415342,0.0,0.0015565344323208575,0.0
5181,0.0028999623382057168,0.0,0.0015098636850945605,0.0,0.0013502749045436937,0.0
5182,0.002844806728219268,0.0,0.001470706291734145,0.0,0.0012801083401675017,0.0
5183,0.002784916643160775,0.0,0.0014593082874042604,0.0,0.0010252981244911672,0.0
5184,0.0027484381220818335,0.0,0.0014261847846874815,0.0,0.0009914079779262375,0.0
5185,0.002718474872648046,0.0,0.0013673873785881392,0.0,0.0009311502829666995,0.0
5186,0.0026954437969928767,0.0,0.0013719363183151724,0.0,0.0009354341709377747,0.0
5187,0.0026751442281940756,0.0,0.0013405457673808083,0.0,0.0009031047221985647,0.0
5188,0.0026573116419742813,0.0,0.0013033976123778348,0.0,0.0008656646643572076,0.0
5189,0.0026431126305837046,0.0,0.0013210634103821579,0.0,0.0008834910103694936,0.0
5190,0.002629341788048952,0.0,0.0012840175350419978,0.0,0.0008453814186836412,0.0
5191,0.0026447663029825173,0.0,0.001478845574834193,0.0,0.0011867929509736547,0.0
5192,0.0026527034979790566,0.0,0.0016448850626691917,0.0,0.0013140084356162108,0.0
5193,0.0027015983140396475,0.0,0.001689198342333122,0.0,0.0013832836172186771,0.0
5194,0.00275502354076297,0.0,0.001741614654185125,0.0,0.0014571336371271,0.0
5195,0.002811412847855212,0.0,0.0018016858248761953,0.0,0.001520001203637596,0.0
5196,0.0028530149901321153,0.0,0.00184467030378225,0.0,0.0015694800151831406,0.0
5197,0.002889780040855573,0.0,0.0018846857064218536,0.0,0.001611472328912341,0.0
5198,0.0029258017368339567,0.0,0.001923247970762408,0.0,0.0016504904074129013,0.0
5199,0.0029419027078772648,0.0,0.001977532498631968,0.0,0.0016662913672802339,0.0
5200,0.0028335416571721346,0.0,0.0015470118295495166,0.0,0.0013550197124390512,0.0
5201,0.0028202187201362017,0.0,0.00156700790877717,0.0,0.0013615585891605156,0.0
5202,0.002794448425072615,0.0,0.0015067524909820511,0.0,0.0012950296538603175,0.0
5203,0.0027487940684846456,0.0,0.0015551429925575214,0.0,0.0011527249669323171,0.0
5204,0.0027231977812247924,0.0,0.001519241145054272,0.0,0.001094863176719303,0.0
5205,0.0026940130867955632,0.0,0.0013926746473626739,0.0,0.0009631615859735465,0.0
5206,0.0026749541875677693,0.0,0.001373849601330475,0.0,0.0009394908655676651,0.0
5207,0.002657271953927451,0.0,0.001334137915722375,0.0,0.0009004066365075416,0.0
5208,0.002643404474068305,0.0,0.0013297403514008063,0.0,0.0008955213565223557,0.0
5209,0.002629018510559482,0.0,0.0012937014495756495,0.0,0.0008587499199927901,0.0
5210,0.0026184536660588745,0.0,0.001308661664953024,0.0,0.0008735965557311761,0.0
5211,0.0026086884512695648,0.0,0.0012932566032909554,0.0,0.0008577393606061651,0.0
5212,0.002598884123210558,0.0,0.0012666569928154376,0.0,0.0008308025000818126,0.0
5213,0.0025915444124793366,0.0,0.0012890814912981119,0.0,0.0008534753555320157,0.0
5214,0.0025840201762485876,0.0,0.0012588311491073298,0.0,0.0008217773862265864,0.0
5215,0.0025955691137778698,0.0,0.001514957492034546,0.0,0.0010823788669997703,0.0
5216,0.00260038539841297,0.0,0.001544066000707222,0.0,0.0011116088574407545,0.0
5217,0.002601945431558136,0.0,0.0015193568645856068,0.0,0.0010871299235960146,0.0
5218,0.0026032856447529,0.0,0.0014962604567354655,0.0,0.0010641007995079688,0.0
5219,0.002604699900990122,0.0,0.001468673044179554,0.0,0.0010366846117266365,0.0
5220,0.0026075225603900947,0.0,0.0014816819490479644,0.0,0.0010492329146845796,0.0
5221,0.0026115217472669847,0.0,0.0014874920603514445,0.0,0.001062040663911825,0.0
5222,0.002615544916513114,0.0,0.001493170008367329,0.0,0.0010725318004123866,0.0
5223,0.0026180611232647843,0.0,0.0015009235946990738,0.0,0.0010798007360357882,0.0
5224,0.002621314154307285,0.0,0.0014911779084016486,0.0,0.0010869457881075813,0.0
5225,0.00262143708712428,0.0,0.0014917320931114864,0.0,0.00106973588552413,0.0
5226,0.0026078843061079424,0.0,0.001397546557801636,0.0,0.0009687297961833159,0.0
5227,0.002596980134733932,0.0,0.0013841672503568452,0.0,0.0009515753577349335,0.0
5228,0.002588742166801542,0.0,0.0013607629842751143,0.0,0.0009278425860538993,0.0
5229,0.0025769356541872957,0.0,0.0012641405959172049,0.0,0.000830410930967741,0.0
5230,0.002568584945059486,0.0,0.0012421286370608712,0.0,0.0008066118997544546,0.0
5231,0.0025598953113415935,0.0,0.0011923402727870025,0.0,0.0007572171692500963,0.0
5232,0.002553813146422443,0.0,0.0011833320719205989,0.0,0.0007474553701965758,0.0
5233,0.0025472598290534653,0.0,0.0011008990657390182,0.0,0.0006621863999274082,0.0
5234,0.0025436076810866374,0.0,0.0011318179277070974,0.0,0.0006932951327172907,0.0
5235,0.0025400569237388603,0.0,0.0011134568090079141,0.0,0.000674385625856761,0.0
5236,0.002536466080158199,0.0,0.0010845351113741054,0.0,0.0006452825288002257,0.0
5237,0.002533075692466343,0.0,0.0010604124147328227,0.0,0.0006208794553424811,0.0
5238,0.002468263063301478,0.0,0.0005029362682888698,0.0,7.158454302935756e-05,0.0
5239,0.002524596206669793,0.0,0.0013625698692921562,0.0,0.0011096062820540112,0.0
5240,0.0025742593316232156,0.0,0.001618222398805955,0.0,0.0012167042879348828,0.0
5241,0.0026316639933329465,0.0,0.0015756055269439625,0.0,0.0013048033058856204,0.0
5242,0.002672593926467961,0.0,0.0016140213638528324,0.0,0.0013528108432230104,0.0
5243,0.002710880496361372,0.0,0.0016505331394565434,0.0,0.0013862485308906223,0.0
5244,0.002756043916777187,0.0,0.0016923690796117072,0.0,0.001445885184669841,0.0
5245,0.0027826728398069435,0.0,0.001772935508552088,0.0,0.0014995628785128925,0.0
5246,0.002824069314795362,0.0,0.0017958423438791018,0.0,0.0015376962846681635,0.0
5247,0.0028692982684949218,0.0,0.0018498244832941965,0.0,0.0016041003676032953,0.0
5248,0.0029079459109757917,0.0,0.001897677353855795,0.0,0.0016534371790116542,0.0
5249,0.0029403286651276035,0.0,0.0019481095080136938,0.0,0.0017017144185206804,0.0
5250,0.0029422447629136625,0.0,0.0019842044131830657,0.0,0.0017282470372582915,0.0
5251,0.002762657333955115,0.0,0.0013471897921207574,0.0,0.0012227906973628572,0.0
5252,0.002709512025678906,0.0,0.0013637205970021703,0.0,0.001158122708293824,0.0
5253,0.0026664338261181237,0.0,0.0012310864280110259,0.0,0.000961862993969461,0.0
5254,0.002641705047987015,0.0,0.0012426953966572156,0.0,0.0009353392503487596,0.0
5255,0.00261770580457092,0.0,0.0011780973692827545,0.0,0.0007413766371110837,0.0
5256,0.0026016587590475216,0.0,0.0011301494863349196,0.0,0.0006920469677519263,0.0
5257,0.00258788523376213,0.0,0.0010215098618911564,0.0,0.0005807831681618168,0.0
5258,0.0025776352194980786,0.0,0.0010422777287366239,0.0,0.0006016667950025072,0.0
5259,0.002568211811613395,0.0,0.0009982036126094508,0.0,0.0005563077308736787,0.0
5260,0.002559398958527391,0.0,0.000959583691710409,0.0,0.0005182234131289373,0.0
5261,0.002552444299056254,0.0,0.0010077112825795274,0.0,0.0005672827380261644,0.0
5262,0.0025204428935882944,0.0,0.000599169483404115,0.0,0.00016663788316991597,0.0
5263,0.0025800228353308873,0.0,0.001706770810587497,0.0,0.0012882243201988424,0.0
5264,0.002638995609697253,0.0,0.0017865521954781901,0.0,0.0013534881595755623,0.0
5265,0.0026961834600089355,0.0,0.0017519490141470505,0.0,0.0014106497070627746,0.0
5266,0.0027474899668375975,0.0,0.00177410634221113,0.0,0.0014656641466969018,0.0
5267,0.002800012418989391,0.0,0.0017983642038345252,0.0,0.0015141474258350699,0.0
5268,0.002859346573565436,0.0,0.001843026590816431,0.0,0.001584236141179729,0.0
5269,0.002909692832838563,0.0,0.0019200681743865215,0.0,0.0016588176345944008,0.0
5270,0.002971884104087961,0.0,0.001952620183891149,0.0,0.0017140535409555786,0.0
5271,0.0030303730256997963,0.0,0.0020184766433173516,0.0,0.0017857361912504517,0.0
5272,0.003092118387440737,0.0,0.002082618966271271,0.0,0.0018543012013559302,0.0
5273,0.0031475426900862305,0.0,0.0021422300290812202,0.0,0.0019179007106846996,0.0
5274,0.003173063479953551,0.0,0.0021904500573925664,0.0,0.001960269073969153,0.0
5275,0.0029389110695504186,0.0,0.0015430608054252909,0.0,0.0014954631355213513,0.0
5276,0.0028734048653271376,0.0,0.0015240410654731838,0.0,0.0014351253300694277,0.0
5277,0.0027908092257588873,0.0,0.0013876925606122388,0.0,0.0011941601622841832,0.0
5278,0.0027428818818005687,0.0,0.001376756078395217,0.0,0.0011276946596256708,0.0
5279,0.002698937682055381,0.0,0.0013477117753388178,0.0,0.0009125979447037259,0.0
5280,0.002671451873471152,0.0,0.0013172887231820165,0.0,0.0008809380701323135,0.0
5281,0.002649255169241503,0.0,0.001244951613544853,0.0,0.0008070271344813268,0.0
5282,0.0026328674348083327,0.0,0.0012545236038020394,0.0,0.0008162941614150959,0.0
5283,0.0026181774714715686,0.0,0.001212248142751062,0.0,0.0007734844953822422,0.0
5284,0.0026049825834091062,0.0,0.0011669775949526204,0.0,0.0007275235084677422,0.0
5285,0.002594459027854247,0.0,0.0011952812124471186,0.0,0.0007564720232521212,0.0
5286,0.002580925886334802,0.0,0.0009812785600652372,0.0,0.0005422590234372142,0.0
5287,0.0026626996373153126,0.0,0.0018173695921763196,0.0,0.0014150653361515112,0.0
5288,0.002729945215297773,0.0,0.001892549680788417,0.0,0.0014790593813459475,0.0
5289,0.0028224746504318683,0.0,0.0018612318861852518,0.0,0.0015773076717787104,0.0
5290,0.002889593860422456,0.0,0.0019050354539728797,0.0,0.0016431595696635363,0.0
5291,0.002954381429157686,0.0,0.0019453506123028963,0.0,0.0016984358404512749,0.0
5292,0.0030183410092429405,0.0,0.0019990911742570564,0.0,0.0017616059175113493,0.0
5293,0.0030735898909782563,0.0,0.0020733886457156257,0.0,0.0018293598445068594,0.0
5294,0.003132872484292649,0.0,0.0021136900154560207,0.0,0.0018801535759412212,0.0
5295,0.0031880370982774564,0.0,0.002176063503620012,0.0,0.0019451607075393882,0.0
5296,0.003233734024953725,0.0,0.002228045114747606,0.0,0.001995862903672513,0.0
5297,0.003279281117262578,0.0,0.0022767523568390114,0.0,0.002048586280256267,0.0
5298,0.0032968816120047075,0.0,0.002314109405057758,0.0,0.0020817789507111993,0.0
5299,0.003035491070594973,0.0,0.0016381887266447798,0.0,0.0015971310899149031,0.0
5300,0.0029572643110025282,0.0,0.0016060909665081694,0.0,0.0015231414943447873,0.0
5301,0.0028662167707041476,0.0,0.0014637735315293908,0.0,0.001297592231769932,0.0
5302,0.0028118306552203957,0.0,0.0014444553954834833,0.0,0.0012332569194830755,0.0
5303,0.002757149447133077,0.0,0.0014283052221868043,0.0,0.0009937812339676348,0.0
5304,0.0027228334356801604,0.0,0.0013946344228621401,0.0,0.0009588339789018624,0.0
5305,0.0026945936089513454,0.0,0.001324202461905486,0.0,0.000886749290165454,0.0
5306,0.002673511705124504,0.0,0.001324512575195385,0.0,0.000886535121072541,0.0
5307,0.0026549923147567746,0.0,0.0012795678215452905,0.0,0.0008411603762172742,0.0
5308,0.002638536768823892,0.0,0.0012316250967207994,0.0,0.0007924023999025542,0.0
5309,0.0026251255758667864,0.0,0.0012522908757933765,0.0,0.0008137310124723466,0.0
5310,0.002621821236776027,0.0,0.0016752472930166914,0.0,0.0012363623794091451,0.0
5311,0.002707887508998557,0.0,0.0018803891799863781,0.0,0.0014821450610496547,0.0
5312,0.00278361577836054,0.0,0.0019413007585704705,0.0,0.001549897598869979,0.0
5313,0.0028761361360872795,0.0,0.001917664797747497,0.0,0.001641347372697566,0.0
5314,0.0029367238789469894,0.0,0.0019619709877648035,0.0,0.0016984019065533658,0.0
5315,0.0029929660534615933,0.0,0.001997811205007521,0.0,0.0017449823233687926,0.0
5316,0.003049119852676154,0.0,0.002045337619014055,0.0,0.0018018033524927891,0.0
5317,0.0030956846960730946,0.0,0.0021137010888530984,0.0,0.0018619318637054525,0.0
5318,0.0031496266266596426,0.0,0.002147438127818189,0.0,0.0019061940685135208,0.0
5319,0.003202591055465246,0.0,0.002206641398654503,0.0,0.0019678614232329717,0.0
5320,0.003258525625814445,0.0,0.0022618695801583585,0.0,0.0020277067799846175,0.0
5321,0.0033034298149741013,0.0,0.0023115288248687646,0.0,0.0020794282240452393,0.0
5322,0.003319329256457853,0.0,0.0023486404938886703,0.0,0.0021117881138482905,0.0
5323,0.003050710153186211,0.0,0.0016599935309195015,0.0,0.001621508820863861,0.0
5324,0.0029717187956870943,0.0,0.001630196132108756,0.0,0.0015500309771298033,0.0
5325,0.0028780246610142467,0.0,0.001485230777857066,0.0,0.001315878314675575,0.0
5326,0.002822275311306482,0.0,0.001463709914561783,0.0,0.0012474371585034418,0.0
5327,0.002769130794123717,0.0,0.0014494551374520995,0.0,0.001014617669480476,0.0
5328,0.0027362852984678023,0.0,0.001421754608086946,0.0,0.0009861867435003464,0.0
5329,0.0027096235023400224,0.0,0.0013688336377847175,0.0,0.0009319877911625038,0.0
5330,0.002689174250660358,0.0,0.0013799113095452945,0.0,0.0009429806967150016,0.0
5331,0.0026708821358653947,0.0,0.0013469176521984827,0.0,0.0009095686696500365,0.0
5332,0.0026547052114043275,0.0,0.0013103815601435453,0.0,0.000872482212794989,0.0
5333,0.0026417857804436435,0.0,0.0013295523986511745,0.0,0.0008923562490928602,0.0
5334,0.0026535739777170547,0.0,0.0017648649091635729,0.0,0.0013301189571226723,0.0
5335,0.0027521427917044624,0.0,0.0019097204629039187,0.0,0.0015354000888068375,0.0
5336,0.0028209710371208483,0.0,0.0020071417848701893,0.0,0.0015899651282811431,0.0
5337,0.0029188379073780924,0.0,0.001976974109759986,0.0,0.0016837239817366284,0.0
5338,0.0029997738136320357,0.0,0.0020140465166512186,0.0,0.0017600135562021572,0.0
5339,0.003069919678004296,0.0,0.0020600972079960374,0.0,0.0018176556486223967,0.0
5340,0.0031388563924692665,0.0,0.002117877924492784,0.0,0.001884457499784087,0.0
5341,0.0031930430458773002,0.0,0.0021899247543560804,0.0,0.0019489776171949047,0.0
5342,0.0032520431351836603,0.0,0.002230649553963268,0.0,0.0019989877449211606,0.0
5343,0.0033115755207098565,0.0,0.002293105963231769,0.0,0.0020659149160687645,0.0
5344,0.0033623511262892308,0.0,0.002346812735489272,0.0,0.0021199149904440177,0.0
5345,0.0034128194965014026,0.0,0.0023997133400684434,0.0,0.002176589135794891,0.0
5346,0.0034256056182431134,0.0,0.002431923999617178,0.0,0.002202944462677214,0.0
5347,0.0031428928208520755,0.0,0.0017550306116267788,0.0,0.0017086941306183072,0.0
5348,0.0030567598638910325,0.0,0.0017162660051532033,0.0,0.001626837638377765,0.0
5349,0.0029641430516726794,0.0,0.0015719267394179858,0.0,0.0014348954621140183,0.0
5350,0.002906356633353942,0.0,0.0015308334535552336,0.0,0.0013656252705500074,0.0
5351,0.0028370150465832538,0.0,0.0015228495514283194,0.0,0.0010894123957830013,0.0
5352,0.0027970152988172617,0.0,0.0014895633615743657,0.0,0.0010571289092671178,0.0
5353,0.002764493798673834,0.0,0.0014431585971139173,0.0,0.0010083472882043566,0.0
5354,0.002739487750588836,0.0,0.001442170668097913,0.0,0.0010071937255874696,0.0
5355,0.0027174416786031816,0.0,0.001415453591740698,0.0,0.0009799901849000092,0.0
5356,0.0026978905248224994,0.0,0.0013873683568192286,0.0,0.0009516586933289853,0.0
5357,0.0026819813149565486,0.0,0.0013985120789660472,0.0,0.0009628326048902185,0.0
5358,0.002666531981843825,0.0,0.0013597069280034523,0.0,0.0009228520551157636,0.0
5359,0.002693888350861387,0.0,0.0014859501993088214,0.0,0.00127091703301734,0.0
5360,0.0027163528624817184,0.0,0.0016939540368176296,0.0,0.0013986817150188958,0.0
5361,0.002771677177564922,0.0,0.0017486812617371575,0.0,0.001465087391653211,0.0
5362,0.0028414605227451133,0.0,0.0018017467182236005,0.0,0.0015541240227313412,0.0
5363,0.0029127950080193926,0.0,0.001870340419546226,0.0,0.0016298043342781372,0.0
5364,0.0029733136944826094,0.0,0.0019246220781601634,0.0,0.001696288959017904,0.0
5365,0.0030224162596207177,0.0,0.0019761580799795867,0.0,0.0017477364741148508,0.0
5366,0.0030648455782508787,0.0,0.0020240195366977498,0.0,0.0017914390946631234,0.0
5367,0.0030967269766524093,0.0,0.0020787501361372975,0.0,0.0018238419735263898,0.0
5368,0.002968011239934073,0.0,0.0016576854666075652,0.0,0.0015303532681470037,0.0
5369,0.002944580705431801,0.0,0.001665982462826381,0.0,0.0015137507539967126,0.0
5370,0.0029084100600637857,0.0,0.0016085010003200134,0.0,0.0014454838034191255,0.0
5371,0.002832940350079566,0.0,0.0016474666357877957,0.0,0.0012371075681356478,0.0
5372,0.0027952376420927348,0.0,0.00159929459610003,0.0,0.0011709850998728598,0.0
5373,0.0027577844054365473,0.0,0.001469768899904628,0.0,0.0010397731267958047,0.0
5374,0.0027330003079321665,0.0,0.0014459340862603553,0.0,0.0010118029420517736,0.0
5375,0.0027100187417624755,0.0,0.0014025487978083318,0.0,0.0009690815199923015,0.0
5376,0.002691033347223584,0.0,0.0013928699000036785,0.0,0.0009587011791480147,0.0
5377,0.002672969662576496,0.0,0.0013604733018286548,0.0,0.0009258297807336528,0.0
5378,0.002658793431183904,0.0,0.001373252873708229,0.0,0.0009380304415520936,0.0
5379,0.0026453077077686626,0.0,0.0013550900088844491,0.0,0.0009194795227735854,0.0
5380,0.0026326854932327576,0.0,0.001331590103554318,0.0,0.0008952949097707132,0.0
5381,0.002622855879318806,0.0,0.0013509215791798037,0.0,0.0009149155943034214,0.0
5382,0.002612827218304055,0.0,0.0013109360056768916,0.0,0.0008734132361075202,0.0
5383,0.002622620268606295,0.0,0.0015604090576191337,0.0,0.0011277202352542592,0.0
5384,0.002628949345758843,0.0,0.0015891061554306784,0.0,0.0011638228326542642,0.0
5385,0.0026338474617540433,0.0,0.0015543863622502283,0.0,0.0011431375670473043,0.0
5386,0.0026444516918176595,0.0,0.001515181101495866,0.0,0.0011396136733683284,0.0
5387,0.002654524286412577,0.0,0.0014922651832102458,0.0,0.0011228986352864508,0.0
5388,0.002661622625223311,0.0,0.0015126018005474076,0.0,0.0011213515914281907,0.0
5389,0.0026737445035789256,0.0,0.0015054341527346471,0.0,0.0011453607675326913,0.0
5390,0.0026858145478865962,0.0,0.0015059373260205176,0.0,0.0011646950167703038,0.0
5391,0.0027005574162828833,0.0,0.00151855681134422,0.0,0.0011932910940646514,0.0
5392,0.0027115453219789393,0.0,0.0015389816835575465,0.0,0.0012011614596493104,0.0
5393,0.002716075069206036,0.0,0.0015456798882299949,0.0,0.001190027874564578,0.0
5394,0.002711422203575084,0.0,0.0014936147669287001,0.0,0.0011524599645282214,0.0
5395,0.00270132028050756,0.0,0.0014893098018891027,0.0,0.0011323058857384749,0.0
5396,0.0026882442068493235,0.0,0.0014839399341755807,0.0,0.001080096072586431,0.0
5397,0.0026668721131134273,0.0,0.0013962062132808267,0.0,0.0009688685359022864,0.0
5398,0.002654586506368196,0.0,0.0013711648636295214,0.0,0.0009488285051062707,0.0
5399,0.0026424004756976753,0.0,0.0013395583281845687,0.0,0.0009191189197371268,0.0
5400,0.002632543095978215,0.0,0.0013398832268361157,0.0,0.0009119622763515711,0.0
5401,0.0026235912406736717,0.0,0.0013197223299745912,0.0,0.0009011047635279915,0.0
5402,0.00261756413207931,0.0,0.0013296812352655183,0.0,0.0009199970278737847,0.0
5403,0.0026112044222099196,0.0,0.0013183898770550747,0.0,0.0009139926904822124,0.0
5404,0.0026049171416221498,0.0,0.001305016860870506,0.0,0.0009016243745389762,0.0
5405,0.0025992554980897534,0.0,0.0012954427293039373,0.0,0.0008900485193826201,0.0
5406,0.002553748546880991,0.0,0.0006598813353641609,0.0,0.00023812486196326784,0.0
5407,0.0026416580757715183,0.0,0.0015191606792868575,0.0,0.0013283328450900073,0.0
5408,0.0027127331683693247,0.0,0.0017171978532256923,0.0,0.001405173073200728,0.0
5409,0.0028166227667528352,0.0,0.0017443955392288304,0.0,0.001530594599267529,0.0
5410,0.0028958433456596,0.0,0.0018130335891870842,0.0,0.001614490379196871,0.0
5411,0.002971815856539666,0.0,0.001878643518679071,0.0,0.0016846772960833218,0.0
5412,0.0030487505402208596,0.0,0.0019544528374426913,0.0,0.0017651789719388706,0.0
5413,0.0031099345019121854,0.0,0.0020420431209448205,0.0,0.0018406007085098957,0.0
5414,0.0031728528271724485,0.0,0.00209671564275485,0.0,0.0018978989690475278,0.0
5415,0.0032336880014436475,0.0,0.0021692465379533604,0.0,0.0019693354379490173,0.0
5416,0.003291117575903247,0.0,0.0022339497564688726,0.0,0.0020329127837001924,0.0
5417,0.0033384796240072353,0.0,0.0022934072821542218,0.0,0.002089706884359849,0.0
5418,0.0033437442258773963,0.0,0.0023183182110515675,0.0,0.0021093963533596865,0.0
5419,0.0030801988201867845,0.0,0.0016869790630165487,0.0,0.0016387898990439134,0.0
5420,0.003000624864465079,0.0,0.001655002532172961,0.0,0.0015671486664789991,0.0
5421,0.0029120320892496903,0.0,0.0015226157960028558,0.0,0.001377483346064762,0.0
5422,0.002858426785980494,0.0,0.0014915387260303298,0.0,0.0013227290226409034,0.0
5423,0.0027951175222456367,0.0,0.001496783252131443,0.0,0.001063032699467517,0.0
5424,0.002758347695560919,0.0,0.0014699686168766642,0.0,0.0010354446537959908,0.0
5425,0.002728590570233348,0.0,0.0014245965810159,0.0,0.0009890906118590868,0.0
5426,0.002705517627845801,0.0,0.001427297001482429,0.0,0.0009911519899729732,0.0
5427,0.002684814316363735,0.0,0.0013970947867560691,0.0,0.0009604052247327007,0.0
5428,0.0026665950493025515,0.0,0.0013566508702945782,0.0,0.0009191711597316312,0.0
5429,0.002652020456554097,0.0,0.0013652734737648632,0.0,0.0009282401359706483,0.0
5430,0.002636305192740885,0.0,0.0015224305543472356,0.0,0.0010766987608380133,0.0
5431,0.002719508092816666,0.0,0.0018238194915182018,0.0,0.001490045318072787,0.0
5432,0.002787315117537643,0.0,0.0019505275316159373,0.0,0.0015446174762164173,0.0
5433,0.0028875326616169747,0.0,0.0019203368373764452,0.0,0.0016477321299450415,0.0
5434,0.0029612484744219805,0.0,0.0019638203777298515,0.0,0.0017184980442290134,0.0
5435,0.0030338254851341334,0.0,0.002008497618666983,0.0,0.001779230389652114,0.0
5436,0.0031002554644070962,0.0,0.0020675051891782615,0.0,0.0018444612059719265,0.0
5437,0.0031566094471548087,0.0,0.002143000405334417,0.0,0.0019123005577392181,0.0
5438,0.0032188423225511086,0.0,0.0021874633093735855,0.0,0.0019653990730696316,0.0
5439,0.0032774511673481443,0.0,0.0022528702995055347,0.0,0.002031862948314908,0.0
5440,0.003334801261144089,0.0,0.002312612660543118,0.0,0.0020929613875691447,0.0
5441,0.003381889758117659,0.0,0.002365231352956418,0.0,0.002146122314351161,0.0
5442,0.0034001992651388523,0.0,0.0024022986861171446,0.0,0.0021787427607339723,0.0
5443,0.0031256772861388074,0.0,0.0017414954311634667,0.0,0.0016971873935137621,0.0
5444,0.003041767907945501,0.0,0.001714096307690804,0.0,0.0016186941113671806,0.0
5445,0.0029461174202171925,0.0,0.0015611384332860467,0.0,0.0014122431245768108,0.0
5446,0.0028893402523896194,0.0,0.001519307439359468,0.0,0.0013511621129458327,0.0
5447,0.0028229883707836497,0.0,0.0015153640909554354,0.0,0.001081560228109645,0.0
5448,0.0027838706952496945,0.0,0.0014847452343069436,0.0,0.0010502252795551665,0.0
5449,0.0027520367793886034,0.0,0.0014343449987418411,0.0,0.00099862251661599,0.0
5450,0.0027275442176841087,0.0,0.001435800024672932,0.0,0.000999577746795934,0.0
5451,0.002705970231309574,0.0,0.001405939448633469,0.0,0.0009692128591069582,0.0
5452,0.0026869758587743453,0.0,0.0013709849523761255,0.0,0.0009334941977506904,0.0
5453,0.002671707109317632,0.0,0.0013831635212146049,0.0,0.0009461775160663818,0.0
5454,0.002677215396636689,0.0,0.0018071734800124085,0.0,0.0013716980906386522,0.0
5455,0.0027780744051555464,0.0,0.0019154141904281004,0.0,0.00156576508628714,0.0
5456,0.002847745937213153,0.0,0.002019157551894463,0.0,0.0016225131407723863,0.0
5457,0.0029250237005451147,0.0,0.002004584820678855,0.0,0.0016944506096172839,0.0
5458,0.0029754721019441114,0.0,0.002037212469909804,0.0,0.001740784454833702,0.0
5459,0.003029385333925048,0.0,0.002062529335664532,0.0,0.0017839901928525213,0.0
5460,0.0030900863284218315,0.0,0.0021020889264276137,0.0,0.0018446138703544358,0.0
5461,0.0031423369846960143,0.0,0.0021659574323980467,0.0,0.00191014631827341,0.0
5462,0.003188240310570054,0.0,0.0021942724801194725,0.0,0.0019463085137428758,0.0
5463,0.003243600776019689,0.0,0.002247663151295318,0.0,0.0020090744270542735,0.0
5464,0.003283417932805959,0.0,0.0022923811099782527,0.0,0.002051953622295916,0.0
5465,0.0033269644874496015,0.0,0.002341044952971775,0.0,0.002102531756759036,0.0
5466,0.003335895352372487,0.0,0.002367633933122424,0.0,0.002124794126117556,0.0
5467,0.0030631511554724167,0.0,0.0016557748628328185,0.0,0.00160300882218525,0.0
5468,0.0029770250623885382,0.0,0.0016149726396338753,0.0,0.0015099086921829992,0.0
5469,0.0028966697174885973,0.0,0.0014975125326936,0.0,0.0013107221251639238,0.0
5470,0.002848250077655199,0.0,0.001480655143549654,0.0,0.0012644085712993037,0.0
5471,0.00279589915837422,0.0,0.0014690129143896025,0.0,0.0010345643299887431,0.0
5472,0.0027628111621926512,0.0,0.0014405636547313238,0.0,0.0010053707865769375,0.0
5473,0.002735347934191945,0.0,0.001383863731120316,0.0,0.000947255544446008,0.0
5474,0.0027143020387273044,0.0,0.0013933524718786948,0.0,0.0009565110180414379,0.0
5475,0.002695683790475048,0.0,0.0013640597584428224,0.0,0.000926689247957708,0.0
5476,0.002679262783540093,0.0,0.001331760618446243,0.0,0.0008939174459949484,0.0
5477,0.0026661448080910312,0.0,0.00135358744223376,0.0,0.0009164023484823335,0.0
5478,0.0026774305775925486,0.0,0.00178640334410009,0.0,0.001351607631010391,0.0
5479,0.002777792215440179,0.0,0.0019296818124684976,0.0,0.0015618357114513402,0.0
5480,0.002845926924405221,0.0,0.0020254362103559664,0.0,0.0016175912384289019,0.0
5481,0.002922595436534647,0.0,0.002010345583447013,0.0,0.0016903387075460465,0.0
5482,0.002977843487829328,0.0,0.0020436570285399195,0.0,0.0017416453914104908,0.0
5483,0.003049018406020463,0.0,0.002069310120535321,0.0,0.0018018411488695094,0.0
5484,0.0031145086787734678,0.0,0.002115417684481229,0.0,0.0018663593577049587,0.0
5485,0.00316299208963646,0.0,0.002182886916080401,0.0,0.0019264156680563168,0.0
5486,0.0032220174890461514,0.0,0.0022172369791173133,0.0,0.0019753721253497844,0.0
5487,0.0032772468859208863,0.0,0.002275430612782346,0.0,0.002038311224454691,0.0
5488,0.0033302216554540903,0.0,0.0023281979790489475,0.0,0.002094718666591092,0.0
5489,0.003371010468509974,0.0,0.0023743182515541094,0.0,0.002141697645204333,0.0
5490,0.0033855647795598917,0.0,0.002408236339423154,0.0,0.0021714127433428913,0.0
5491,0.003103912666082711,0.0,0.0017046256866701966,0.0,0.0016569154246521976,0.0
5492,0.003016513963538644,0.0,0.0016629342421748629,0.0,0.0015706124318255786,0.0
5493,0.002925675824852158,0.0,0.0015269637513234875,0.0,0.0013532303586724984,0.0
5494,0.0028709184053802715,0.0,0.001501052578637115,0.0,0.001294417096805231,0.0
5495,0.00281355991734399,0.0,0.0014861849615514355,0.0,0.0010515891236355785,0.0
5496,0.0027769338311896424,0.0,0.0014519682197395285,0.0,0.0010163376250246225,0.0
5497,0.002746785213633361,0.0,0.0013816001609280265,0.0,0.0009439639659226727,0.0
5498,0.0027242995891240494,0.0,0.001381484393656991,0.0,0.0009436807550544362,0.0
5499,0.002704666987637675,0.0,0.0013394592492260975,0.0,0.0009009702566714422,0.0
5500,0.002687221778417467,0.0,0.0012956803282396687,0.0,0.0008568540229280011,0.0
5501,0.002673098636837565,0.0,0.0013191841450021936,0.0,0.0008809652061386919,0.0
5502,0.0026787935873772845,0.0,0.001796734592037021,0.0,0.001360802987218533,0.0
5503,0.0027701428100780166,0.0,0.0019437060833270541,0.0,0.0015535326978392194,0.0
5504,0.0028343949626479896,0.0,0.002024582149342558,0.0,0.0016052558993883592,0.0
5505,0.0029040098092526436,0.0,0.0020055974226180287,0.0,0.0016705186122876609,0.0
5506,0.0029511321362059115,0.0,0.0020348711572391173,0.0,0.0017137765562090113,0.0
5507,0.003001985491143726,0.0,0.0020543457080671734,0.0,0.0017554993014192244,0.0
5508,0.0030604527707711344,0.0,0.002088893677236401,0.0,0.0018174363356255364,0.0
5509,0.0031044754710153315,0.0,0.0021520961944965153,0.0,0.0018771659522082125,0.0
5510,0.003159793126503702,0.0,0.0021785441453649104,0.0,0.0019224386467145268,0.0
5511,0.0032076733227367447,0.0,0.0022317394528139573,0.0,0.0019795937145118256,0.0
5512,0.0032612223816668754,0.0,0.002280864498105984,0.0,0.0020367258385559197,0.0
5513,0.0032958600774591314,0.0,0.0023220779820355437,0.0,0.002077834300710759,0.0
5514,0.00330272606718085,0.0,0.0023532459315924494,0.0,0.0021015383097304735,0.0
5515,0.003024271131288377,0.0,0.0016095626659965209,0.0,0.0015436442217301879,0.0
5516,0.0029373502395701077,0.0,0.0015814940467569823,0.0,0.0014468314212022085,0.0
5517,0.002862017270909849,0.0,0.0014650496369613734,0.0,0.0012239036011515115,0.0
5518,0.002818229965365177,0.0,0.0014558679483882434,0.0,0.0011954304484813575,0.0
5519,0.0027746440393712282,0.0,0.0014269708908063712,0.0,0.0009913754672995654,0.0
5520,0.002745413137099706,0.0,0.0013913728036554867,0.0,0.0009547545158761681,0.0
5521,0.0027212070766800085,0.0,0.001307006706508936,0.0,0.0008684896592656254,0.0
5522,0.0027025193914887776,0.0,0.0013119916442691432,0.0,0.0008734335774476557,0.0
5523,0.0026856276374806042,0.0,0.0012642192809899835,0.0,0.0008248087099491581,0.0
5524,0.0026703771521464103,0.0,0.0012152660857364006,0.0,0.0007753781694138087,0.0
5525,0.0026577994977798496,0.0,0.0012398852412741094,0.0,0.000800511962394618,0.0
5526,0.002645092127565499,0.0,0.0012006010266449407,0.0,0.0007595971909670537,0.0
5527,0.0026498006012632847,0.0,0.0014938443366315473,0.0,0.0011080773771187762,0.0
5528,0.0026432569791166377,0.0,0.0016417512516708102,0.0,0.001210776421478974,0.0
5529,0.0026839571990002844,0.0,0.0017218788366609773,0.0,0.0013362910923965152,0.0
5530,0.0027241587060730936,0.0,0.0017502815056196998,0.0,0.0014069146116443341,0.0
5531,0.002766781519954374,0.0,0.0017974789807331637,0.0,0.001463860555221819,0.0
5532,0.0027975891785973683,0.0,0.0018327581935194011,0.0,0.0015079736988376415,0.0
5533,0.0028286903740534393,0.0,0.0018644402722150716,0.0,0.0015495416377939212,0.0
5534,0.0028559968221241417,0.0,0.00189886533940486,0.0,0.0015823258092289203,0.0
5535,0.0028734884621137934,0.0,0.0019550849092713355,0.0,0.0016015521054505645,0.0
5536,0.0027791404002827126,0.0,0.0014972306959725088,0.0,0.0012588135441534624,0.0
5537,0.00276606145608942,0.0,0.0015464741463588115,0.0,0.0012755102913224194,0.0
5538,0.0027427898776679555,0.0,0.0014741153436859486,0.0,0.0011982460171998778,0.0
5539,0.002711686437438529,0.0,0.0015132634447486682,0.0,0.0010918638417916759,0.0
5540,0.00269157628782179,0.0,0.001471869507204251,0.0,0.0010445790903275082,0.0
5541,0.0026681569907708227,0.0,0.0013545582421783996,0.0,0.0009198082774241477,0.0
5542,0.002652576385622902,0.0,0.0013450736744043935,0.0,0.0009084261169867928,0.0
5543,0.0026380030177022163,0.0,0.0012827328187688819,0.0,0.0008469658618989895,0.0
5544,0.0026276464622011315,0.0,0.0012564243530652154,0.0,0.0008193274484612962,0.0
5545,0.0026178055645315907,0.0,0.001177578247902448,0.0,0.0007396442316019293,0.0
5546,0.002610511055539247,0.0,0.0011965911159865764,0.0,0.000758231387982795,0.0
5547,0.002603241413456261,0.0,0.0011618512685769363,0.0,0.0007231115736777672,0.0
5548,0.0025963372360996596,0.0,0.0011244008740269782,0.0,0.0006850559634573683,0.0
5549,0.002591039853677978,0.0,0.0011628864245402566,0.0,0.0007242243870235908,0.0
5550,0.0025847154324209745,0.0,0.0011361786553958906,0.0,0.00069569689354506,0.0
5551,0.0025925604253698303,0.0,0.0014648440857073191,0.0,0.0010313908816205147,0.0
5552,0.002599128041710582,0.0,0.0015243098191514777,0.0,0.001091437902709379,0.0
5553,0.002602445533721842,0.0,0.0014968680617980395,0.0,0.0010673402763718887,0.0
5554,0.0026069857953570155,0.0,0.0014734700769576583,0.0,0.0010570202334663598,0.0
5555,0.0026106304589531585,0.0,0.0014565849692736576,0.0,0.0010362579869045514,0.0
5556,0.0026148193322090827,0.0,0.0014793596355385235,0.0,0.0010542535867686723,0.0
5557,0.002619628451685804,0.0,0.0014843898806250293,0.0,0.0010690354086790143,0.0
5558,0.0026240154563839328,0.0,0.0014857318727088426,0.0,0.0010770554931337887,0.0
5559,0.002628577259202563,0.0,0.0014955573538005566,0.0,0.0010883336340493793,0.0
5560,0.002634340531145166,0.0,0.001499083485073722,0.0,0.0010928047448180598,0.0
5561,0.0026388216434794576,0.0,0.0015065156174439596,0.0,0.0010854183012127335,0.0
5562,0.0026280616271134516,0.0,0.0014173911533683795,0.0,0.0009940975805157299,0.0
5563,0.0026210708418656827,0.0,0.0014145321622852875,0.0,0.000995773759641232,0.0
5564,0.0026134608958422933,0.0,0.0013982061788688166,0.0,0.0009656777184979155,0.0
5565,0.0026008830011689816,0.0,0.001306054230368949,0.0,0.0008725671057248092,0.0
5566,0.002591941860287097,0.0,0.0012836238912434016,0.0,0.000847978011538736,0.0
5567,0.002582948615940446,0.0,0.0012313664425935892,0.0,0.0007963519681319726,0.0
5568,0.0025770576942022757,0.0,0.0012158982133723324,0.0,0.0007797952384095781,0.0
5569,0.0025712897050715975,0.0,0.0011494152252855896,0.0,0.0007111550043832338,0.0
5570,0.0025678467928108607,0.0,0.0011753098619472256,0.0,0.0007367469697030485,0.0
5571,0.00256407405362426,0.0,0.0011449153627451204,0.0,0.0007058931586583646,0.0
5572,0.002560393566530146,0.0,0.001111016034786529,0.0,0.0006713260156889806,0.0
5573,0.00255706737097877,0.0,0.0010868530981647786,0.0,0.0006472036373899042,0.0
5574,0.0024807393869902767,0.0,0.0005099629163509667,0.0,7.877536492479113e-05,0.0
5575,0.0025350034179327952,0.0,0.0014327492830475612,0.0,0.0010198750609968835,0.0
5576,0.002584585791245126,0.0,0.0016452540221035849,0.0,0.001210605442510634,0.0
5577,0.0026292895935745696,0.0,0.0016179781803086033,0.0,0.0012805274833442041,0.0
5578,0.0026650813578268573,0.0,0.0016540409699913937,0.0,0.0013248550662357038,0.0
5579,0.002696318246915062,0.0,0.0016785202780630114,0.0,0.0013487924311910808,0.0
5580,0.002728883232139534,0.0,0.0017147265484170687,0.0,0.001394434611003689,0.0
5581,0.002750625747002646,0.0,0.0017918560116299937,0.0,0.0014484834885495038,0.0
5582,0.0027835778389819106,0.0,0.0018034263438083357,0.0,0.0014774855048737502,0.0
5583,0.0028228595373350936,0.0,0.0018521097438332563,0.0,0.0015430591352970755,0.0
5584,0.0028577996213668593,0.0,0.0018948547445650106,0.0,0.0015918913670968718,0.0
5585,0.0028899195391403065,0.0,0.0019433346425100212,0.0,0.0016437133617295202,0.0
5586,0.0028990953698280588,0.0,0.0019888237116127564,0.0,0.0016826565012123145,0.0
5587,0.002732580319016462,0.0,0.0013428367335875904,0.0,0.001068875888648041,0.0
5588,0.002686954404931663,0.0,0.0013887729935647321,0.0,0.001028956404601594,0.0
5589,0.0026518845802885813,0.0,0.0012360156052772118,0.0,0.000800308187150912,0.0
5590,0.0026338436559109717,0.0,0.0012624045836639153,0.0,0.0008247634144844826,0.0
5591,0.002618128188051388,0.0,0.0011831716885110483,0.0,0.0007464377083133166,0.0
5592,0.0026060863222030963,0.0,0.0011437261828372886,0.0,0.0007054374623109688,0.0
5593,0.002595153750155987,0.0,0.001041621077768492,0.0,0.0006011302724884739,0.0
5594,0.0025867680321358085,0.0,0.0010630303604892645,0.0,0.000621849119350731,0.0
5595,0.002578850882723467,0.0,0.0010198867016299516,0.0,0.0005792956628773145,0.0
5596,0.002571368882680737,0.0,0.000987894226718902,0.0,0.0005480326342736889,0.0
5597,0.002565521475400007,0.0,0.0010258039797831717,0.0,0.0005872152807389014,0.0
5598,0.002532334778199123,0.0,0.0006199501813113338,0.0,0.00018759054525783786,0.0
5599,0.0025898865765547905,0.0,0.0016750774631461745,0.0,0.001233279000082454,0.0
5600,0.002648806143230223,0.0,0.001787005154167128,0.0,0.0013538167327318122,0.0
5601,0.0027043882547968428,0.0,0.001771777434123218,0.0,0.001421677404228579,0.0
5602,0.0027577126436716766,0.0,0.0017859206409378064,0.0,0.0014772428593127882,0.0
5603,0.0028084237075764384,0.0,0.0018119469341907853,0.0,0.0015196443475701668,0.0
5604,0.00286322569702008,0.0,0.001856134445262052,0.0,0.0015837266093073317,0.0
5605,0.002908617232049457,0.0,0.0019330961649319624,0.0,0.0016533394381547419,0.0
5606,0.002961372912706658,0.0,0.001961272009968246,0.0,0.00169958164281736,0.0
5607,0.0030204332995300556,0.0,0.0020208349735783655,0.0,0.0017733030244076482,0.0
5608,0.0030828697416073465,0.0,0.0020796970642158984,0.0,0.0018437950603344697,0.0
5609,0.0031365569284034296,0.0,0.0021356938793373253,0.0,0.0019070487895563614,0.0
5610,0.0031409353956569673,0.0,0.0021749595652371945,0.0,0.0019293264917633673,0.0
5611,0.0029021022890392866,0.0,0.0014909227627630914,0.0,0.001398881410433461,0.0
5612,0.0028272265022870635,0.0,0.0014809040685041395,0.0,0.0013031904199220486,0.0
5613,0.0027613152915169333,0.0,0.0013758428752803132,0.0,0.0010509215765120304,0.0
5614,0.002724326961360342,0.0,0.001379144320065713,0.0,0.0010207507002698295,0.0
5615,0.0026924411081543356,0.0,0.0013245925964242157,0.0,0.0008889149283356449,0.0
5616,0.0026700367885334796,0.0,0.0012840122396668458,0.0,0.0008469084072140584,0.0
5617,0.0026510012013355273,0.0,0.0011836384029453625,0.0,0.0007446418289835401,0.0
5618,0.002636743763324582,0.0,0.0011975777879789378,0.0,0.0007581452464611789,0.0
5619,0.002623910259588479,0.0,0.0011555711448606666,0.0,0.0007156096170930302,0.0
5620,0.0026123442846729137,0.0,0.0011107970415079296,0.0,0.0006701185186508043,0.0
5621,0.0026030887618239784,0.0,0.001149088841466834,0.0,0.0007092736461649606,0.0
5622,0.002589587743479419,0.0,0.0008877965406422048,0.0,0.0004506267604907422,0.0
5623,0.0026611117407601484,0.0,0.0018280625787485108,0.0,0.0014056938503323579,0.0
5624,0.0027223769468190345,0.0,0.0018987006825714671,0.0,0.001466106722973622,0.0
5625,0.0027813158679547644,0.0,0.0018758542832961616,0.0,0.001521544090661642,0.0
5626,0.0028363994277072896,0.0,0.0019004673219085515,0.0,0.0015780113860236421,0.0
5627,0.0028966641824083672,0.0,0.0019216086841131101,0.0,0.0016329933886957684,0.0
5628,0.0029547959904921406,0.0,0.0019662439959678866,0.0,0.0016964688354927206,0.0
5629,0.003004170678725991,0.0,0.0020369834055740457,0.0,0.0017635739718381044,0.0
5630,0.0030667701848299594,0.0,0.0020672953373165595,0.0,0.0018171090656388862,0.0
5631,0.0031321744523442425,0.0,0.002130413039572665,0.0,0.0018926387358430834,0.0
5632,0.0031867546861011793,0.0,0.0021864888166892747,0.0,0.0019512491440585788,0.0
5633,0.003234374565421842,0.0,0.0022375368104483985,0.0,0.002005857364729319,0.0
5634,0.0032519029640367897,0.0,0.0022777082441057415,0.0,0.0020402972868198374,0.0
5635,0.0029934933920037197,0.0,0.0015899340708473736,0.0,0.001534498709934442,0.0
5636,0.002906421550426532,0.0,0.001551164435593115,0.0,0.0014223924670914625,0.0
5637,0.0028307939685022964,0.0,0.0014402559945054089,0.0,0.0012062546040777595,0.0
5638,0.002785703717193896,0.0,0.0014359195571000533,0.0,0.0011500836757213626,0.0
5639,0.002743701490628265,0.0,0.0014087879479772736,0.0,0.0009741041561494262,0.0
5640,0.0027155131736974654,0.0,0.0013816924643626743,0.0,0.0009458953635397666,0.0
5641,0.0026918599881276626,0.0,0.0013174183576448039,0.0,0.0008801642277002095,0.0
5642,0.002674147417110408,0.0,0.0013260172283971303,0.0,0.0008883247006832163,0.0
5643,0.0026583520414836465,0.0,0.001286725506567257,0.0,0.0008486372276481041,0.0
5644,0.002644196121032315,0.0,0.001244445495482969,0.0,0.0008057312031989712,0.0
5645,0.002632835310955821,0.0,0.0012671575480359925,0.0,0.0008290223487572904,0.0
5646,0.0026298426888913813,0.0,0.0016494052919289683,0.0,0.00121035096520718,0.0
5647,0.00271419361107736,0.0,0.0018825684823678133,0.0,0.001482095410194948,0.0
5648,0.002781799059385276,0.0,0.0019610266150728974,0.0,0.00154176109607844,0.0
5649,0.0028654826327936195,0.0,0.0019398906392222991,0.0,0.0016260732140935862,0.0
5650,0.0029363736723643187,0.0,0.0019685643780673777,0.0,0.0016962308960634062,0.0
5651,0.0029875721596259483,0.0,0.0020053945078035993,0.0,0.0017364763814569657,0.0
5652,0.00305805039496881,0.0,0.0020513757235849353,0.0,0.0018072370077372693,0.0
5653,0.0031046164442922438,0.0,0.0021211349939007874,0.0,0.0018673280524843542,0.0
5654,0.0031575880910577705,0.0,0.0021536767873257968,0.0,0.0019109954290646102,0.0
5655,0.00320406055010891,0.0,0.002207826409104891,0.0,0.0019663903100745708,0.0
5656,0.0032437222381852746,0.0,0.002251705021135357,0.0,0.0020100631851165916,0.0
5657,0.0032604886045608087,0.0,0.002288483407011571,0.0,0.0020354031418940224,0.0
5658,0.0032563606527563713,0.0,0.0023091634293395244,0.0,0.002048606355027401,0.0
5659,0.0029811171834539223,0.0,0.0015606068873073606,0.0,0.001453405476338189,0.0
5660,0.0028948565353661697,0.0,0.001540739308098699,0.0,0.001357816681340118,0.0
5661,0.002830321565976529,0.0,0.0014230975190698638,0.0,0.001174984745309921,0.0
5662,0.0027898761703251044,0.0,0.0014240179333195547,0.0,0.0011460345809928612,0.0
5663,0.002749836468916754,0.0,0.001391424526370743,0.0,0.0009560059221171036,0.0
5664,0.002722469971078474,0.0,0.00135760810991738,0.0,0.000920916351808704,0.0
5665,0.0026989689860072138,0.0,0.0012580547738975957,0.0,0.0008195328507891867,0.0
5666,0.002681233560479438,0.0,0.0012725481081119134,0.0,0.0008338174121743801,0.0
5667,0.002665602654815658,0.0,0.0012420650173330919,0.0,0.0008031327734191495,0.0
5668,0.002650964656704035,0.0,0.0011896966736086216,0.0,0.0007499563637888519,0.0
5669,0.002639280884792748,0.0,0.0012258521248180957,0.0,0.0007869702087603641,0.0
5670,0.0026395370314383215,0.0,0.0016755730324808078,0.0,0.0012375955609749381,0.0
5671,0.0027235276568102467,0.0,0.0018984186299064504,0.0,0.0014942634821288217,0.0
5672,0.0027851110817247093,0.0,0.001972129772944151,0.0,0.0015451006303268773,0.0
5673,0.002854316902590003,0.0,0.0019578118489646263,0.0,0.0016133554762275066,0.0
5674,0.0029025612454627115,0.0,0.0019863046663085755,0.0,0.0016590558193088295,0.0
5675,0.0029447777192214003,0.0,0.00200836514656609,0.0,0.0016911135804624634,0.0
5676,0.002990405107782969,0.0,0.002039891777382558,0.0,0.0017401183392507587,0.0
5677,0.003027235414928018,0.0,0.0021000713782883523,0.0,0.0017967581019633226,0.0
5678,0.0030732323017962056,0.0,0.002114510232293542,0.0,0.0018348189305748713,0.0
5679,0.003109045885922138,0.0,0.0021587636010809742,0.0,0.001881555531660229,0.0
5680,0.0031280631360390107,0.0,0.0021949894458322535,0.0,0.001905230372137277,0.0
5681,0.0031585604815498607,0.0,0.0022317611212736115,0.0,0.001945635880687305,0.0
5682,0.0031635938739574708,0.0,0.0022564077114485426,0.0,0.0019686321664506186,0.0
5683,0.0029144826752726333,0.0,0.0014996650510837007,0.0,0.0013521098889301962,0.0
5684,0.0028393862651337805,0.0,0.001498392919185763,0.0,0.0012627176429233608,0.0
5685,0.002784495283376474,0.0,0.0013639437321333815,0.0,0.0010601167934704485,0.0
5686,0.0027509143565721096,0.0,0.0013766097167657004,0.0,0.0010358963375095402,0.0
5687,0.0027199078432529234,0.0,0.0013216033941985368,0.0,0.0008855653973329121,0.0
5688,0.002697632870609355,0.0,0.001284800880750433,0.0,0.0008474958127517164,0.0
5689,0.0026783742963670406,0.0,0.0011886013818294175,0.0,0.0007495751302956629,0.0
5690,0.002663666961500716,0.0,0.0012108050686538724,0.0,0.0007716368852395874,0.0
5691,0.0026502023170357405,0.0,0.0011709725868431487,0.0,0.0007313840453365803,0.0
5692,0.002638003227647699,0.0,0.0011312239085056967,0.0,0.0006910747060329162,0.0
5693,0.0026282155224215905,0.0,0.0011742836466166855,0.0,0.0007350034822196925,0.0
5694,0.002618003829992649,0.0,0.0011474491588409504,0.0,0.000706652906321017,0.0
5695,0.0026256675621513024,0.0,0.001488616249918596,0.0,0.0010813157977318496,0.0
5696,0.0026178158861353924,0.0,0.001584530794519533,0.0,0.0011466913598703462,0.0
5697,0.0026490615956074226,0.0,0.0016966417114826552,0.0,0.0012668975219413277,0.0
5698,0.0026747033839519202,0.0,0.0017519651169285993,0.0,0.0013234406884529972,0.0
5699,0.0027031065472962303,0.0,0.001794438664779586,0.0,0.0013669970314355443,0.0
5700,0.002726243386765328,0.0,0.0018273694559000212,0.0,0.0014089659641351674,0.0
5701,0.002756348265434137,0.0,0.0018402888299700545,0.0,0.0014580827644741948,0.0
5702,0.0027742372567963543,0.0,0.0018716761930996485,0.0,0.0014816206705115936,0.0
5703,0.0027861818944263502,0.0,0.0019170535278258784,0.0,0.001497295321884321,0.0
5704,0.0027030001092529926,0.0,0.00149781189766999,0.0,0.0010929889991733853,0.0
5705,0.0026882876823731954,0.0,0.0015380637963218688,0.0,0.0011161611253824085,0.0
5706,0.0026652240844668527,0.0,0.0014268720312532845,0.0,0.000993540534319786,0.0
5707,0.002650286611031303,0.0,0.001410493092203483,0.0,0.0009764697480017595,0.0
5708,0.002639890217208445,0.0,0.0013878546553705933,0.0,0.0009537040933456666,0.0
5709,0.002625412527555339,0.0,0.001266017488545866,0.0,0.0008307663670723865,0.0
5710,0.0026164677127358273,0.0,0.001264500458446489,0.0,0.0008279033682639925,0.0
5711,0.0026066670157474806,0.0,0.0012103186618651165,0.0,0.0007746116416597107,0.0
5712,0.0025993317013723663,0.0,0.00119908445962722,0.0,0.0007624759957772982,0.0
5713,0.0025916043369280375,0.0,0.0011201288452995358,0.0,0.0006820858433833424,0.0
5714,0.0025866249807371686,0.0,0.0011527824830406398,0.0,0.0007150242921233367,0.0
5715,0.0025814844050649688,0.0,0.0011256341517957764,0.0,0.0006871911224005762,0.0
5716,0.002576530016166808,0.0,0.0010970983752488209,0.0,0.0006585353678212641,0.0
5717,0.0025729520016232912,0.0,0.0011403306184149132,0.0,0.0007021949988990329,0.0
5718,0.0025682273638504933,0.0,0.0011142882047834699,0.0,0.0006747202579795563,0.0
5719,0.0025788077521909916,0.0,0.0014583008822856647,0.0,0.001025043493426536,0.0
5720,0.0025840324018726224,0.0,0.0015022710718587578,0.0,0.0010693213871346991,0.0
5721,0.0025857624258470435,0.0,0.0014698963494889034,0.0,0.001037170973430916,0.0
5722,0.0025867267671887796,0.0,0.0014408061303231494,0.0,0.0010081208487289501,0.0
5723,0.0025874595101929598,0.0,0.001410492155487103,0.0,0.0009780257364861995,0.0
5724,0.002589606451555538,0.0,0.001430490578995831,0.0,0.0009974206398177922,0.0
5725,0.002591610194380427,0.0,0.0014447289764986475,0.0,0.0010117311366514214,0.0
5726,0.0025944274610819537,0.0,0.0014608584652311975,0.0,0.0010270769706816594,0.0
5727,0.0025972857086332944,0.0,0.0014764093494417767,0.0,0.0010435328658121832,0.0
5728,0.0025993711842873875,0.0,0.0014802159416462336,0.0,0.0010478648525775371,0.0
5729,0.0026012823744905335,0.0,0.0014628439357330881,0.0,0.0010407143321386348,0.0
5730,0.0025909286105547493,0.0,0.0013813478721427744,0.0,0.0009485427741354972,0.0
5731,0.002582842364505441,0.0,0.0013822689024875873,0.0,0.000948802262112268,0.0
5732,0.002576510582669801,0.0,0.0013457760218153732,0.0,0.0009119676745933168,0.0
5733,0.002567240122027577,0.0,0.0012191365606108444,0.0,0.0007842725710034946,0.0
5734,0.002561502680657548,0.0,0.0011794627361588741,0.0,0.0007423035909655919,0.0
5735,0.0025554760360917486,0.0,0.0011033050191557754,0.0,0.0006667385428168625,0.0
5736,0.002551479381124925,0.0,0.0010730928825600716,0.0,0.0006354666471552856,0.0
5737,0.0025474336934690808,0.0,0.0009712563507528233,0.0,0.0005298775391536831,0.0
5738,0.002544821693778844,0.0,0.0009985460426375793,0.0,0.000557872890494252,0.0
5739,0.0025416945873769905,0.0,0.0009593791927052892,0.0,0.0005189998746714015,0.0
5740,0.0025383741539866172,0.0,0.0009259378908577831,0.0,0.00048657378949246524,0.0
5741,0.0025354535492123796,0.0,0.0009237612599718697,0.0,0.0004851078174399003,0.0
5742,0.002437015093040237,0.0,0.00047218567324734575,0.0,4.124486948231076e-05,0.0
5743,0.002493492433460876,0.0,0.0009593111924769389,0.0,0.0004268952904025402,0.0
5744,0.0025441076744791074,0.0,0.0015085665974095734,0.0,0.0010520890204996987,0.0
5745,0.0025937008700254076,0.0,0.0015297469925601662,0.0,0.0012178117622214427,0.0
5746,0.002634423416039859,0.0,0.0015829526485705238,0.0,0.0012884869592419473,0.0
5747,0.002677954633283466,0.0,0.0016213351906266074,0.0,0.0013425982059857558,0.0
5748,0.002725008417657467,0.0,0.0016651566657271556,0.0,0.0014028241895290027,0.0
5749,0.0027624485464032168,0.0,0.0017517343172598337,0.0,0.0014707617565957983,0.0
5750,0.0028046581470812073,0.0,0.0017805662637173974,0.0,0.0015083402451993118,0.0
5751,0.0028567559826702896,0.0,0.0018447842762267434,0.0,0.001585755682457425,0.0
5752,0.0029139096423228144,0.0,0.001907175436371392,0.0,0.0016580735428113947,0.0
5753,0.0029656927367542416,0.0,0.0019574582503471827,0.0,0.0017251439543674247,0.0
5754,0.0029879340400145674,0.0,0.0020177269508267802,0.0,0.0017732402545463477,0.0
5755,0.0027991713060273537,0.0,0.0014118817814796495,0.0,0.0013020673281739972,0.0
5756,0.0027302374812915573,0.0,0.0014427263677045234,0.0,0.0011443069795704884,0.0
5757,0.002680713449097194,0.0,0.0012994555635401136,0.0,0.0008906129493186877,0.0
5758,0.0026542988332814155,0.0,0.0013077291643282549,0.0,0.0008722730325413006,0.0
5759,0.002633961262124342,0.0,0.0012267175291752368,0.0,0.0007899520863403832,0.0
5760,0.002618891038444226,0.0,0.0011873237709559919,0.0,0.0007494226058104157,0.0
5761,0.0026057718495332413,0.0,0.0010854338371033842,0.0,0.000644869641173051,0.0
5762,0.002595889324418329,0.0,0.0011027723760167626,0.0,0.0006621929753670868,0.0
5763,0.00258674758857424,0.0,0.0010592321881325493,0.0,0.0006187673916438017,0.0
5764,0.002578185167179136,0.0,0.0010224454124463987,0.0,0.0005830438135368868,0.0
5765,0.0025712855797553223,0.0,0.0010555211963545505,0.0,0.0006171704054001605,0.0
5766,0.0025373588619192196,0.0,0.0006296428430594267,0.0,0.00019729341783165152,0.0
5767,0.0025909976347493332,0.0,0.001638921840352093,0.0,0.001181843579604372,0.0
5768,0.002646612163983826,0.0,0.001762650584011752,0.0,0.0013246326188898058,0.0
5769,0.00269548684923763,0.0,0.0017570480320246642,0.0,0.0013916975514242304,0.0
5770,0.002727220103690883,0.0,0.0017856151660228766,0.0,0.001423824565757592,0.0
5771,0.0027552051259691155,0.0,0.0018142936725379468,0.0,0.0014476947193128352,0.0
5772,0.0027858392851451918,0.0,0.0018484492738534075,0.0,0.0014898893923892507,0.0
5773,0.0028107425270076838,0.0,0.0019078640806865158,0.0,0.0015419398407296595,0.0
5774,0.002839611312663471,0.0,0.0019178815169971655,0.0,0.001565049218586322,0.0
5775,0.002865692467671389,0.0,0.001960187537488052,0.0,0.0016104480465009494,0.0
5776,0.002882624112018019,0.0,0.0019851848170317245,0.0,0.0016319722399876302,0.0
5777,0.002906520940732557,0.0,0.0020253778374604873,0.0,0.0016799151107580296,0.0
5778,0.002913699100660466,0.0,0.002059629908510485,0.0,0.0017134071622076897,0.0
5779,0.0027375530704130914,0.0,0.001325295455180133,0.0,0.0009853340776276374,0.0
5780,0.002688748128059085,0.0,0.00137340537220786,0.0,0.000955331170338674,0.0
5781,0.0026545061863077948,0.0,0.0011840564964744095,0.0,0.0007408508675709228,0.0
5782,0.0026348294692766366,0.0,0.0012045483801318233,0.0,0.0007653506285365294,0.0
5783,0.0026183349103867967,0.0,0.0011206486909117964,0.0,0.0006827880185004097,0.0
5784,0.002605851481961099,0.0,0.001082305288165742,0.0,0.0006439939129257292,0.0
5785,0.00259425045774529,0.0,0.0009758466378230538,0.0,0.000536182573395088,0.0
5786,0.0025855606535302323,0.0,0.0010072421653479916,0.0,0.0005683482441280778,0.0
5787,0.002577526932754818,0.0,0.0009806194978970357,0.0,0.0005412929029461834,0.0
5788,0.0025700425600712583,0.0,0.0009538511959749404,0.0,0.0005147099638411346,0.0
5789,0.002564036904995292,0.0,0.0009928435841645693,0.0,0.0005541796724941386,0.0
5790,0.0025438370552728204,0.0,0.0006950228289622376,0.0,0.0002616205969756559,0.0
5791,0.002608333051938788,0.0,0.0017036869854883173,0.0,0.0012538949362946622,0.0
5792,0.0026647107923539063,0.0,0.0017996679214226238,0.0,0.0013620084918019612,0.0
5793,0.002709834385144402,0.0,0.001791693786401553,0.0,0.0014160758876322252,0.0
5794,0.0027379850114036897,0.0,0.0018120792829606658,0.0,0.0014380755696220865,0.0
5795,0.0027628623518124802,0.0,0.001833864663992204,0.0,0.0014549388787820257,0.0
5796,0.0027920446042929868,0.0,0.0018688080403853533,0.0,0.0014962090249102905,0.0
5797,0.002814671813227178,0.0,0.0019199954488221913,0.0,0.0015433232661259291,0.0
5798,0.002840488995173007,0.0,0.0019349366538380056,0.0,0.0015635240441349185,0.0
5799,0.002868681145525731,0.0,0.001981093974785359,0.0,0.0016150532493522407,0.0
5800,0.0028943876006891217,0.0,0.002013983077848537,0.0,0.0016531780496645589,0.0
5801,0.002920257502255851,0.0,0.0020519075297852065,0.0,0.0016978777914369966,0.0
5802,0.002925673983651539,0.0,0.002086614849064681,0.0,0.001729032179040932,0.0
5803,0.002741874741793918,0.0,0.0013199429576565772,0.0,0.0009440468951682748,0.0
5804,0.002691784277584799,0.0,0.0013669161518900402,0.0,0.0009274572943111074,0.0
5805,0.0026576556843027257,0.0,0.0011666531677148333,0.0,0.0007235221115894778,0.0
5806,0.0026383483750374564,0.0,0.0011950994245405434,0.0,0.0007563963694859211,0.0
5807,0.002621402643666979,0.0,0.0011165008486120087,0.0,0.0006784079063483475,0.0
5808,0.002608038177910918,0.0,0.0010699978385092677,0.0,0.0006307768557406001,0.0
5809,0.0025961939215149877,0.0,0.0009587944718407783,0.0,0.0005178827782137143,0.0
5810,0.002587256068795265,0.0,0.000995625368730984,0.0,0.0005556671409408845,0.0
5811,0.0025789118064254695,0.0,0.0009648484632465018,0.0,0.0005245938273600928,0.0
5812,0.002571285847126907,0.0,0.0009382658412447568,0.0,0.0004982899481089731,0.0
5813,0.002565176193311528,0.0,0.0009822065285689974,0.0,0.000542872806185985,0.0
5814,0.0025533830262808046,0.0,0.0007965620989775545,0.0,0.00036133989837715177,0.0
5815,0.0026234846387074,0.0,0.0017698488904696805,0.0,0.0013346677366993256,0.0
5816,0.0026814335343368174,0.0,0.0018457432772278732,0.0,0.0014129863444340826,0.0
5817,0.0027283390189337424,0.0,0.001832046642909717,0.0,0.0014557222172580718,0.0
5818,0.0027706401800992662,0.0,0.001857727520449482,0.0,0.001503213697177048,0.0
5819,0.0028186978043021277,0.0,0.0018695201030787783,0.0,0.0015414715879023158,0.0
5820,0.0028694931798739637,0.0,0.001904668009385437,0.0,0.00159868830295486,0.0
5821,0.0029052703655497777,0.0,0.0019775991346433356,0.0,0.0016569718931337776,0.0
5822,0.0029512446327612176,0.0,0.0019924182546409803,0.0,0.0016962223406517848,0.0
5823,0.00300395522664419,0.0,0.0020432398402409077,0.0,0.0017659372060008778,0.0
5824,0.003044179863920471,0.0,0.002089005880601268,0.0,0.0018142365452477123,0.0
5825,0.0030889835408950115,0.0,0.0021388966331712207,0.0,0.001873360939019035,0.0
5826,0.0031000070460485128,0.0,0.0021790384785484312,0.0,0.0019075144547170335,0.0
5827,0.002861534301556893,0.0,0.0014665987368763847,0.0,0.0013471038466020616,0.0
5828,0.002777748149151003,0.0,0.0015039091978949653,0.0,0.001150101635552956,0.0
5829,0.002723741231349451,0.0,0.0013237471334209096,0.0,0.0008880180566764912,0.0
5830,0.002693607850591519,0.0,0.0013269203032657095,0.0,0.0008894414976332277,0.0
5831,0.002669195999376593,0.0,0.0012430679664120969,0.0,0.0008062019138230475,0.0
5832,0.0026505829399101795,0.0,0.0012047985894208537,0.0,0.0007669201002060478,0.0
5833,0.0026343867511611956,0.0,0.0011063429182463127,0.0,0.0006660641508354635,0.0
5834,0.0026221807641486935,0.0,0.0011350767607281238,0.0,0.0006950841604624898,0.0
5835,0.002610944759776061,0.0,0.0010989571156880288,0.0,0.0006581334723514847,0.0
5836,0.002600645593777924,0.0,0.0010607998616362737,0.0,0.0006196783611459508,0.0
5837,0.0025924565985715334,0.0,0.0011121691603255747,0.0,0.0006717433022859808,0.0
5838,0.002585426413206341,0.0,0.001305608146638255,0.0,0.0008601233352133163,0.0
5839,0.002657301983364741,0.0,0.0018316197957566804,0.0,0.0014055698070026936,0.0
5840,0.002715921980864543,0.0,0.0018920735598471244,0.0,0.0014594621445337187,0.0
5841,0.0027667988375962016,0.0,0.001879203008268315,0.0,0.0015063826174098877,0.0
5842,0.002800070154687269,0.0,0.0019022501858640994,0.0,0.0015374654568264595,0.0
5843,0.0028316208613789044,0.0,0.0019242382852654556,0.0,0.001556831712093832,0.0
5844,0.002871543418259742,0.0,0.001953595372770074,0.0,0.0016024534307988712,0.0
5845,0.002903371347701288,0.0,0.0020155793513226827,0.0,0.001658503013041844,0.0
5846,0.0029445751940184893,0.0,0.0020180249651582287,0.0,0.0016917354518298667,0.0
5847,0.0029789425550437836,0.0,0.0020588190489973703,0.0,0.001740385354685652,0.0
5848,0.0030089021531965804,0.0,0.002092989002199813,0.0,0.0017776739345668055,0.0
5849,0.0030378558585106774,0.0,0.0021322084195771135,0.0,0.001820495337132421,0.0
5850,0.003039196389183319,0.0,0.002167149676751326,0.0,0.0018459804803308047,0.0
5851,0.0028179459721060477,0.0,0.0014314264732829133,0.0,0.0011508064552842763,0.0
5852,0.0027556835887182418,0.0,0.0014464693094146568,0.0,0.0011013052133931505,0.0
5853,0.0027101783177744697,0.0,0.0012909480445580904,0.0,0.000858249774942484,0.0
5854,0.002684810599312401,0.0,0.0013149202863884006,0.0,0.0008776085624530106,0.0
5855,0.0026632410429909626,0.0,0.0012389790392873868,0.0,0.00080235483292291,0.0
5856,0.002646390039971243,0.0,0.0012015528909918639,0.0,0.0007639756194059021,0.0
5857,0.002630781792852204,0.0,0.0010809687436908382,0.0,0.0006407255850227422,0.0
5858,0.002619169730196042,0.0,0.0011074288661462649,0.0,0.0006673838845633322,0.0
5859,0.00260867991731736,0.0,0.0010737350662811769,0.0,0.0006329498400353233,0.0
5860,0.002598953176754055,0.0,0.0010330437223689275,0.0,0.0005919272497585215,0.0
5861,0.0025910931411668343,0.0,0.0010778906666943722,0.0,0.0006373413801142303,0.0
5862,0.00258261246204237,0.0,0.001058056769948192,0.0,0.0006161574367863111,0.0
5863,0.0025879376830366847,0.0,0.0014249487649346648,0.0,0.0009977228781830013,0.0
5864,0.0025766612486577897,0.0,0.0014299554324766458,0.0,0.0009878601977075564,0.0
5865,0.0026161798656229598,0.0,0.001630055457916785,0.0,0.0012352309189864403,0.0
5866,0.0026495141985725962,0.0,0.0016497917726838918,0.0,0.001298842534152936,0.0
5867,0.0026860366283676307,0.0,0.0016903645515839898,0.0,0.0013506703645164635,0.0
5868,0.0027170360039349764,0.0,0.0017210480430678201,0.0,0.0014001562558539167,0.0
5869,0.0027444304985146757,0.0,0.001758185964100921,0.0,0.0014398345355596466,0.0
5870,0.0027697968459720343,0.0,0.001797013442452888,0.0,0.0014727331661959107,0.0
5871,0.0027887535572981488,0.0,0.0018462665358916664,0.0,0.0014976176623167528,0.0
5872,0.002712354168097455,0.0,0.0014425148953421626,0.0,0.001187133673064791,0.0
5873,0.0027072170455031486,0.0,0.0014944339915843553,0.0,0.0012222483396322212,0.0
5874,0.002680555396475876,0.0,0.001421177561588907,0.0,0.0011127841287155923,0.0
5875,0.0026550136867539795,0.0,0.0014571508619545034,0.0,0.0010298954985453294,0.0
5876,0.0026384513343580772,0.0,0.0014138846237562884,0.0,0.0009799401653562366,0.0
5877,0.002620320775941853,0.0,0.0012919411658928357,0.0,0.0008570647224574205,0.0
5878,0.0026095600884934646,0.0,0.0012887444548095347,0.0,0.000852354744370724,0.0
5879,0.0025981791980108555,0.0,0.0012351953648233969,0.0,0.0007997498910115033,0.0
5880,0.002589687118981201,0.0,0.0012177319973950293,0.0,0.000781119539495264,0.0
5881,0.0025814481471232104,0.0,0.0011434762506044994,0.0,0.0007060274473601868,0.0
5882,0.0025758838484164067,0.0,0.0011682659622652902,0.0,0.000730449749866401,0.0
5883,0.002570244714344175,0.0,0.0011406000391178588,0.0,0.0007025740649779036,0.0
5884,0.0025643418466888748,0.0,0.001093592743386739,0.0,0.0006547143503469182,0.0
5885,0.00256038509975091,0.0,0.0011383872292902411,0.0,0.0007002977154722493,0.0
5886,0.0025558570231084456,0.0,0.001125097057692699,0.0,0.0006856189584385649,0.0
5887,0.002564714192800173,0.0,0.0014309224022517465,0.0,0.0009976141668197594,0.0
5888,0.0025702984534274166,0.0,0.0014825692025964145,0.0,0.0010496347286821314,0.0
5889,0.002573968899648813,0.0,0.0014638529579124198,0.0,0.0010311778217007652,0.0
5890,0.002577818601230304,0.0,0.001448531504467888,0.0,0.0010181773337825165,0.0
5891,0.002582275491703945,0.0,0.0014300935016949028,0.0,0.0010040703171141764,0.0
5892,0.0025872681855293586,0.0,0.0014514310956211033,0.0,0.0010233005461791555,0.0
5893,0.0025926881634733574,0.0,0.0014550367291096217,0.0,0.001039839898582668,0.0
5894,0.002597138441832394,0.0,0.0014677604127579904,0.0,0.0010464135917110928,0.0
5895,0.0026014418312585103,0.0,0.0014798809597537715,0.0,0.0010561991361230099,0.0
5896,0.0026043747125634132,0.0,0.001479416210363762,0.0,0.0010523285505566267,0.0
5897,0.0026059499802387866,0.0,0.0014721406070585098,0.0,0.001040275493404814,0.0
5898,0.0025961126724979144,0.0,0.001377974548154871,0.0,0.0009456782277575517,0.0
5899,0.002588742202948282,0.0,0.0013661167817459183,0.0,0.0009333081985790669,0.0
5900,0.0025836430866743396,0.0,0.0013484595806142685,0.0,0.0009155270229299697,0.0
5901,0.0025730202803990864,0.0,0.0012347891099136951,0.0,0.0008011789602976977,0.0
5902,0.0025670774446113626,0.0,0.0012344256146589526,0.0,0.0007989511859493087,0.0
5903,0.002559973059436009,0.0,0.0011852295011843294,0.0,0.0007505065899231233,0.0
5904,0.0025552085301846395,0.0,0.0011791647879632054,0.0,0.0007434142357064715,0.0
5905,0.002549865840654382,0.0,0.0011181897130518362,0.0,0.0006811082631318012,0.0
5906,0.0025468475703964316,0.0,0.0011443654698762643,0.0,0.0007069191134764737,0.0
5907,0.0025433959015389407,0.0,0.0011090008636607856,0.0,0.0006710696608080446,0.0
5908,0.0025399511209684223,0.0,0.0010686590216173594,0.0,0.000630027015283913,0.0
5909,0.0025378970733057763,0.0,0.0011032425076783234,0.0,0.0006650954616477657,0.0
5910,0.0025347191519596805,0.0,0.001073554514403781,0.0,0.0006337460235510248,0.0
5911,0.0025464838525497773,0.0,0.0014200144848815776,0.0,0.000986712555331674,0.0
5912,0.002555039914903924,0.0,0.001477917656414566,0.0,0.0010500990279106595,0.0
5913,0.002560530773348912,0.0,0.0014557184619035553,0.0,0.0010359287088831698,0.0
5914,0.0025655321001066427,0.0,0.001434650212108205,0.0,0.00102056272724387,0.0
5915,0.0025688136938244507,0.0,0.0014136711250523446,0.0,0.000990699768032433,0.0
5916,0.0025740089969403003,0.0,0.0014308791232930302,0.0,0.001009258057627085,0.0
5917,0.002577896653754116,0.0,0.0014366651599482274,0.0,0.00101826825296861,0.0
5918,0.0025836723051565775,0.0,0.0014465298274047018,0.0,0.0010297141905581898,0.0
5919,0.0025893371952076605,0.0,0.0014611587150223221,0.0,0.0010467867333500379,0.0
5920,0.0025960921695918635,0.0,0.0014756148976892058,0.0,0.001055714673833906,0.0
5921,0.0026009318152315124,0.0,0.0014745259806987132,0.0,0.0010563369560661782,0.0
5922,0.0025904405801664247,0.0,0.001388234937669335,0.0,0.0009645214040454059,0.0
5923,0.0025845780312775198,0.0,0.0013990637993885632,0.0,0.00097736849371203,0.0
5924,0.0025760666807255125,0.0,0.0013526176192735738,0.0,0.0009233750714280557,0.0
5925,0.0025654088097480997,0.0,0.0012698675346575223,0.0,0.0008363124574487944,0.0
5926,0.002558400869335003,0.0,0.001246906193011485,0.0,0.0008113629941972969,0.0
5927,0.0025504641356529356,0.0,0.0011934747552769431,0.0,0.0007585450913136654,0.0
5928,0.0025448083254181546,0.0,0.0011715409595276845,0.0,0.0007353432090193993,0.0
5929,0.0025392386219460477,0.0,0.0010902458788577386,0.0,0.0006516369385207012,0.0
5930,0.0025360935705734363,0.0,0.0011119893050215233,0.0,0.0006729874544484269,0.0
5931,0.0025328712474206234,0.0,0.001082032867169183,0.0,0.000642549581713218,0.0
5932,0.002529788945980175,0.0,0.0010501529669196665,0.0,0.0006100038289860983,0.0
5933,0.002526955564765601,0.0,0.0010239468421811518,0.0,0.0005838268144686513,0.0
5934,0.0024034177517012244,0.0,0.0004261939114304415,0.0,-4.6097214540718676e-06,0.0
5935,0.002471094818538545,0.0,0.0007329149941286671,0.0,0.0003050776386513919,0.0
5936,0.0025159782339373086,0.0,0.001455857801859189,0.0,0.0010191821530434178,0.0
5937,0.0025596966316636777,0.0,0.001437705354504671,0.0,0.0011500556397780388,0.0
5938,0.0026077903584554945,0.0,0.0014581326332183465,0.0,0.0012364641184412157,0.0
5939,0.0026560145809764522,0.0,0.0014959466788948335,0.0,0.0012928170304508748,0.0
5940,0.002707223785882294,0.0,0.0015579583282853218,0.0,0.0013638483653611536,0.0
5941,0.0027514955960459718,0.0,0.0016552059151904365,0.0,0.0014385797046231699,0.0
5942,0.002809709087424085,0.0,0.0016970132952559365,0.0,0.0014962167269500317,0.0
5943,0.0028702299665821027,0.0,0.001772423180794904,0.0,0.001577741802643023,0.0
5944,0.002927883842523034,0.0,0.001840103526307444,0.0,0.001646818909053722,0.0
5945,0.002977756548407362,0.0,0.0019016275162139459,0.0,0.0017108636171177124,0.0
5946,0.003004755003630388,0.0,0.0019646830314263043,0.0,0.0017616122003825032,0.0
5947,0.002831603736502778,0.0,0.001440046113693841,0.0,0.0013643109222162336,0.0
5948,0.002761681054494224,0.0,0.0014343101454129484,0.0,0.0012371156441936667,0.0
5949,0.0027042110425513637,0.0,0.0013250074191957994,0.0,0.0010296944250456008,0.0
5950,0.00267197535320923,0.0,0.001333512044867989,0.0,0.0009997438768854815,0.0
5951,0.0026432938463809463,0.0,0.0012982208039899919,0.0,0.0008628614554162981,0.0
5952,0.00262454213370214,0.0,0.0012710263288949564,0.0,0.0008343564422750758,0.0
5953,0.002609147941439592,0.0,0.0011962155903394377,0.0,0.000757990940752469,0.0
5954,0.0025979426492139697,0.0,0.00120696362544172,0.0,0.0007682957005315575,0.0
5955,0.0025876509101239163,0.0,0.0011674590166318676,0.0,0.0007282179379675818,0.0
5956,0.002578323456687088,0.0,0.00112438887060074,0.0,0.0006843825515992848,0.0
5957,0.002571060592556444,0.0,0.0011531993691436735,0.0,0.0007138684001528983,0.0
5958,0.0025318520363143394,0.0,0.0005974391911474984,0.0,0.00016522152160587797,0.0
5959,0.002579648726135592,0.0,0.0016639119994582674,0.0,0.0012453021927352871,0.0
5960,0.002635473499242088,0.0,0.001763178124520194,0.0,0.0013321358618030485,0.0
5961,0.0027040140876836436,0.0,0.001712193161427901,0.0,0.0014150595388246596,0.0
5962,0.002768731936685601,0.0,0.0017435291763866093,0.0,0.0014873296277672127,0.0
5963,0.0028309374741342617,0.0,0.0017855972375548843,0.0,0.0015455478627887003,0.0
5964,0.002893274895026808,0.0,0.0018439024018616589,0.0,0.0016141069983355797,0.0
5965,0.0029444640793838883,0.0,0.001922559777723673,0.0,0.0016825263534058655,0.0
5966,0.0030043239268337857,0.0,0.0019608323883392826,0.0,0.001734740641245206,0.0
5967,0.0030679900742788878,0.0,0.002030856029904461,0.0,0.0018112148683833138,0.0
5968,0.003132112690710281,0.0,0.0020987259008593273,0.0,0.0018825525648492971,0.0
5969,0.0031816791793622015,0.0,0.002157960397036018,0.0,0.0019419897700937213,0.0
5970,0.00319516862248016,0.0,0.002199190007759354,0.0,0.001974255201790223,0.0
5971,0.0029546837644423914,0.0,0.001562647931948408,0.0,0.0015045149606798028,0.0
5972,0.002863806400641111,0.0,0.0015285503219920143,0.0,0.0013694279635042598,0.0
5973,0.0027922054141758957,0.0,0.0014087833570988596,0.0,0.0011657509397326473,0.0
5974,0.0027497034857263294,0.0,0.0014065741514627695,0.0,0.0011235531736234232,0.0
5975,0.0027097305175144146,0.0,0.0013826407410481652,0.0,0.00094758155383956,0.0
5976,0.0026834051146982724,0.0,0.0013512092864396887,0.0,0.0009148556180494142,0.0
5977,0.0026617780719053958,0.0,0.0012750247442915262,0.0,0.0008371406156663748,0.0
5978,0.0026455400874975162,0.0,0.0012796346693880027,0.0,0.0008413265720696901,0.0
5979,0.0026310437348114725,0.0,0.00124107983085278,0.0,0.0008023636915854471,0.0
5980,0.0026180880178954284,0.0,0.0012011093643757322,0.0,0.0007617274680933007,0.0
5981,0.0026076026958615156,0.0,0.0012242552916321297,0.0,0.0007855284425413163,0.0
5982,0.0025901227225725706,0.0,0.0008430596521491075,0.0,0.00040704905322671626,0.0
5983,0.0026563135178912646,0.0,0.0017939808835267087,0.0,0.0013895237356152143,0.0
5984,0.002720489362842197,0.0,0.001884250620665561,0.0,0.001459248653115437,0.0
5985,0.002800619246867476,0.0,0.00183764983856502,0.0,0.0015435112933433253,0.0
5986,0.002868371951667238,0.0,0.0018749629695259736,0.0,0.0016133594772111985,0.0
5987,0.002931371365927019,0.0,0.0019158332907635107,0.0,0.0016692238125318123,0.0
5988,0.002993422471208323,0.0,0.0019698123586100397,0.0,0.0017331954370080039,0.0
5989,0.0030442537952637483,0.0,0.002043539512402253,0.0,0.0017981121054980141,0.0
5990,0.0031027607489752854,0.0,0.002082918024498495,0.0,0.0018480927069317895,0.0
5991,0.0031652726889611483,0.0,0.0021496513251123856,0.0,0.0019204516944158795,0.0
5992,0.003224081368402601,0.0,0.002210472629390881,0.0,0.0019838755172015693,0.0
5993,0.003265672248279352,0.0,0.0022607850758846323,0.0,0.0020335344194348246,0.0
5994,0.0032698442633783396,0.0,0.0022926084916487337,0.0,0.002055865989804975,0.0
5995,0.0030041922091016615,0.0,0.001603594258049316,0.0,0.0015476548981096148,0.0
5996,0.002907154205116958,0.0,0.0015649587534896138,0.0,0.001409972579729398,0.0
5997,0.0028340751159690743,0.0,0.0014436910239623158,0.0,0.0012166386315282849,0.0
5998,0.0027899652393579546,0.0,0.0014385583003076667,0.0,0.001176021349379192,0.0
5999,0.00274641627959343,0.0,0.0014204004662982546,0.0,0.0009856099731072137,0.0
6000,0.0027175536789007066,0.0,0.001394051502024541,0.0,0.0009580945922637329,0.0
6001,0.0026935400797580044,0.0,0.001330136723422459,0.0,0.0008928342609062852,0.0
6002,0.002675425123114074,0.0,0.0013385313074782206,0.0,0.00090087251508907,0.0
6003,0.002659309058909911,0.0,0.0013037429493951743,0.0,0.0008658187567851534,0.0
6004,0.00264490690237951,0.0,0.0012667670109005416,0.0,0.0008282989302971276,0.0
6005,0.002633329898205523,0.0,0.0012901897844376327,0.0,0.0008523900858795829,0.0
6006,0.002629346543570007,0.0,0.0016509706165990549,0.0,0.0012117998444101997,0.0
6007,0.0027071503826935645,0.0,0.0018583763500249607,0.0,0.0014677559990490868,0.0
6008,0.0027664872530217526,0.0,0.0019432991543009068,0.0,0.0015183559391521704,0.0
6009,0.002834069457665834,0.0,0.0019302934582679859,0.0,0.001588082469351638,0.0
6010,0.0028820274475380514,0.0,0.0019584724025529443,0.0,0.001634182100100543,0.0
6011,0.0029341045293601654,0.0,0.0019800211359895835,0.0,0.0016780978137837755,0.0
6012,0.0030020212181746846,0.0,0.0020154053635616466,0.0,0.0017500552337419515,0.0
6013,0.003061639790929979,0.0,0.0020851326283878573,0.0,0.0018238663900308513,0.0
6014,0.0031235291576187808,0.0,0.002121082281342052,0.0,0.001876045312519537,0.0
6015,0.0031755246205580987,0.0,0.0021799157551231066,0.0,0.0019383383115692192,0.0
6016,0.0031977259843454634,0.0,0.002220255955453672,0.0,0.00196541583250564,0.0
6017,0.003215765015662093,0.0,0.0022506824109208698,0.0,0.00199013386261682,0.0
6018,0.0032123401738870672,0.0,0.002275921475040306,0.0,0.002003310566018298,0.0
6019,0.0029544502037512996,0.0,0.0015456459291617482,0.0,0.0014129745874533767,0.0
6020,0.0028768841399177125,0.0,0.0015337401447471357,0.0,0.0013325962768530042,0.0
6021,0.002817677781298055,0.0,0.0014145954048576921,0.0,0.001165980230482961,0.0
6022,0.0027798871602323543,0.0,0.0014200917304642553,0.0,0.0011302566697377896,0.0
6023,0.002741484440103691,0.0,0.0013894125798531764,0.0,0.0009545744980686752,0.0
6024,0.002714540953882701,0.0,0.0013536368964848786,0.0,0.0009175157947380827,0.0
6025,0.002691212368215262,0.0,0.0012678992752236235,0.0,0.0008299503789265276,0.0
6026,0.0026736299392008467,0.0,0.0012694533573747737,0.0,0.0008308412403816728,0.0
6027,0.002657869667170993,0.0,0.0012176732097950223,0.0,0.0007784948489026383,0.0
6028,0.0026435793658094032,0.0,0.0011648143908230865,0.0,0.0007246526299083621,0.0
6029,0.002631778485213364,0.0,0.001188997694936072,0.0,0.000749531814762667,0.0
6030,0.0026197500545146867,0.0,0.0011510496919958453,0.0,0.0007097429700800742,0.0
6031,0.0026251308458274357,0.0,0.0014774609999594858,0.0,0.0010824328595421772,0.0
6032,0.0026170482045294397,0.0,0.0015806158020054315,0.0,0.0011721423077226244,0.0
6033,0.0026625348993631654,0.0,0.0016483703151149059,0.0,0.0013167142227570668,0.0
6034,0.0026968749541013953,0.0,0.0016825008212594157,0.0,0.0013691604880864245,0.0
6035,0.0027358546483225903,0.0,0.0017216380362422687,0.0,0.0014190329214899561,0.0
6036,0.002767810754658849,0.0,0.001755994639672163,0.0,0.0014656043282045175,0.0
6037,0.002793964214420867,0.0,0.0017942614449926958,0.0,0.0014996601220637657,0.0
6038,0.0028194251333815636,0.0,0.0018289823261708655,0.0,0.0015302645752613303,0.0
6039,0.002840914372709791,0.0,0.001884273979941067,0.0,0.0015573756299466631,0.0
6040,0.0027574803690512345,0.0,0.0014744133321021003,0.0,0.0012592097413700772,0.0
6041,0.0027508032853025485,0.0,0.0015309103599314368,0.0,0.0012937846989125373,0.0
6042,0.002726305028425054,0.0,0.0014648738417024924,0.0,0.001220050372435005,0.0
6043,0.0026922245681570544,0.0,0.0015214785601181588,0.0,0.0011173589996671019,0.0
6044,0.0026675200659685453,0.0,0.001460301769554044,0.0,0.0010262146423516607,0.0
6045,0.0026449820876403053,0.0,0.0013351812892909581,0.0,0.0008998387635896549,0.0
6046,0.0026309654054930964,0.0,0.001319537917032415,0.0,0.0008823761901804248,0.0
6047,0.0026180021584739422,0.0,0.001248713559437537,0.0,0.0008126442528985974,0.0
6048,0.00260859639000339,0.0,0.0012212890600288384,0.0,0.0007838977829118618,0.0
6049,0.0025995810953868023,0.0,0.0011404201122289523,0.0,0.0007020592335746873,0.0
6050,0.0025928676241346697,0.0,0.0011561002862000196,0.0,0.0007174226742718947,0.0
6051,0.002586033710446801,0.0,0.001113835841546833,0.0,0.0006744313801767699,0.0
6052,0.002579463471187685,0.0,0.0010725001127053894,0.0,0.0006328356979712828,0.0
6053,0.0025742761720992362,0.0,0.0011035229836695137,0.0,0.0006647812047686948,0.0
6054,0.0025682042494046074,0.0,0.001079131232877314,0.0,0.0006394170446760888,0.0
6055,0.0025746093202568994,0.0,0.00140514945669393,0.0,0.0009715768673347887,0.0
6056,0.0025801147361766705,0.0,0.001492135575585286,0.0,0.0010590341675560861,0.0
6057,0.0025848839011496576,0.0,0.0014778208424824732,0.0,0.0010535160523673219,0.0
6058,0.0025904989849903784,0.0,0.0014541723904073363,0.0,0.0010410341362101089,0.0
6059,0.002594878106459285,0.0,0.001435666395058596,0.0,0.0010165553663046157,0.0
6060,0.002600372080826048,0.0,0.0014518673938197437,0.0,0.0010395647840867376,0.0
6061,0.0026077745030902337,0.0,0.0014480668989853387,0.0,0.0010669772673746524,0.0
6062,0.0026175507002950456,0.0,0.001443689228113614,0.0,0.0010941001291753434,0.0
6063,0.002628477643418156,0.0,0.001455797754969013,0.0,0.001123286747202704,0.0
6064,0.0026322177277329764,0.0,0.0014935514743211447,0.0,0.0011107157459643538,0.0
6065,0.002635507169194455,0.0,0.0015109757327606214,0.0,0.0011057047397777069,0.0
6066,0.002624996318235611,0.0,0.0014359211755194767,0.0,0.0010289758575903224,0.0
6067,0.0026159445802418383,0.0,0.0014399183823582534,0.0,0.0010247017339020472,0.0
6068,0.002604511730593729,0.0,0.0013857716533694552,0.0,0.0009554563776510124,0.0
6069,0.00259298867959132,0.0,0.0013083519735072509,0.0,0.0008748492609073704,0.0
6070,0.002585192342378856,0.0,0.0012885867632332962,0.0,0.000853180099566785,0.0
6071,0.0025770006733079357,0.0,0.0012383848628789815,0.0,0.0008036561999244852,0.0
6072,0.0025709488401187168,0.0,0.0012236811164368123,0.0,0.0007878773570199203,0.0
6073,0.002565038870999837,0.0,0.0011602695415034222,0.0,0.0007222864279953565,0.0
6074,0.0025613384335404048,0.0,0.001174682121380449,0.0,0.0007363008067828591,0.0
6075,0.0025573499025077196,0.0,0.001139711679439837,0.0,0.0007006503949857912,0.0
6076,0.0025534670175357725,0.0,0.0010997683809742583,0.0,0.0006601338082969747,0.0
6077,0.002550041607557847,0.0,0.0010706450709671257,0.0,0.0006305876003995748,0.0
6078,0.0024689271161962593,0.0,0.0004968632671812687,0.0,6.573293151717653e-05,0.0
6079,0.0025232285761416793,0.0,0.0013781435428924964,0.0,0.0009331400787577443,0.0
6080,0.0025693496311054885,0.0,0.001604103031316869,0.0,0.0011688942998483655,0.0
6081,0.0026092458843047428,0.0,0.0015904483174909374,0.0,0.0012341867534942687,0.0
6082,0.002646341593084662,0.0,0.0016205976338116862,0.0,0.0012864771910759752,0.0
6083,0.0026824320503300823,0.0,0.0016441775240335634,0.0,0.001322518173563925,0.0
6084,0.0027297709912951574,0.0,0.0016797316984994125,0.0,0.0013947595568595023,0.0
6085,0.0027635859650794216,0.0,0.0017669750272357296,0.0,0.0014623224236970877,0.0
6086,0.0028076995438389343,0.0,0.0017861785368510337,0.0,0.001505670181850906,0.0
6087,0.002847181242179782,0.0,0.001846202816495326,0.0,0.0015670949517983066,0.0
6088,0.0028808155444413853,0.0,0.0018960065439859607,0.0,0.0016125018729926319,0.0
6089,0.0029160491938691217,0.0,0.0019466214899560186,0.0,0.0016664310805067448,0.0
6090,0.0029120565008772404,0.0,0.001990734880468797,0.0,0.0016870692615085564,0.0
6091,0.0027397351802290184,0.0,0.001364559912050858,0.0,0.001050066332300118,0.0
6092,0.0026929179755342844,0.0,0.0013959998526867077,0.0,0.0010319613804475533,0.0
6093,0.002656729308003066,0.0,0.0012602706288852438,0.0,0.0008222702432168698,0.0
6094,0.00263713500240567,0.0,0.001276193011421074,0.0,0.0008387884624299377,0.0
6095,0.002620693874866177,0.0,0.001203312456383631,0.0,0.000766817734344234,0.0
6096,0.002608621518215403,0.0,0.0011792050440500527,0.0,0.0007415039921177327,0.0
6097,0.0025974946396920854,0.0,0.0010883829873051198,0.0,0.000648757329527784,0.0
6098,0.0025893201348419484,0.0,0.0011113278381789425,0.0,0.0006713952687243685,0.0
6099,0.002581550399127697,0.0,0.001072276504326781,0.0,0.0006317988528312555,0.0
6100,0.0025743150376943587,0.0,0.0010337555698120636,0.0,0.0005926182362245597,0.0
6101,0.002568724486542391,0.0,0.001077991316872887,0.0,0.0006377824829575747,0.0
6102,0.002540920511957962,0.0,0.0006308228283147257,0.0,0.0001980060312460367,0.0
6103,0.0025926690068414594,0.0,0.0017057747864720931,0.0,0.0012738333370076018,0.0
6104,0.002647041801214024,0.0,0.001780267095796851,0.0,0.0013455747210751328,0.0
6105,0.0026937385571614188,0.0,0.0017690301189982685,0.0,0.0013984808887981945,0.0
6106,0.002727315503346729,0.0,0.0017966534503029432,0.0,0.0014328047822410868,0.0
6107,0.0027566248708864776,0.0,0.0018147961017463607,0.0,0.0014505911831565752,0.0
6108,0.0027872207678188584,0.0,0.0018460060177614504,0.0,0.0014883479177868215,0.0
6109,0.0028089179310881087,0.0,0.0019086810102839486,0.0,0.00153935338967872,0.0
6110,0.0028390667377447146,0.0,0.001914152793785679,0.0,0.0015607975684268152,0.0
6111,0.0028671704258416537,0.0,0.001956082090072477,0.0,0.0016068949858987751,0.0
6112,0.0028850465814710133,0.0,0.001984128836516207,0.0,0.0016342875162731509,0.0
6113,0.002908349192813752,0.0,0.0020203683748775732,0.0,0.0016747301685373487,0.0
6114,0.00291367860487545,0.0,0.002054144350657849,0.0,0.0017077795306809367,0.0
6115,0.002736154104169884,0.0,0.0013204921162852776,0.0,0.0009359665083156703,0.0
6116,0.002688415563602481,0.0,0.0013627199525421264,0.0,0.0009350109730786652,0.0
6117,0.002655528037522142,0.0,0.0011836262733137277,0.0,0.0007409808516387136,0.0
6118,0.0026368010164263033,0.0,0.0012068928731053372,0.0,0.0007682821907877059,0.0
6119,0.002620540612095041,0.0,0.0011312528307357694,0.0,0.0006937141910745067,0.0
6120,0.0026080518867403982,0.0,0.0010942809533570801,0.0,0.0006549644503148883,0.0
6121,0.0025964625215452878,0.0,0.0009727620311971142,0.0,0.0005314973236609833,0.0
6122,0.002587925537590346,0.0,0.0010120455134984099,0.0,0.0005711256204083063,0.0
6123,0.0025800355805174697,0.0,0.0009819995579256095,0.0,0.0005409905428141737,0.0
6124,0.002572729678394253,0.0,0.0009515752356081784,0.0,0.0005101852216134516,0.0
6125,0.0025670610484066804,0.0,0.0010060518448544245,0.0,0.0005657564883479287,0.0
6126,0.0025513925970413374,0.0,0.0007154196997817257,0.0,0.00028095718902279815,0.0
6127,0.0026137926162385985,0.0,0.0017609163889330075,0.0,0.0013314716826056867,0.0
6128,0.0026700622683448645,0.0,0.0018257842963859546,0.0,0.001392829806960209,0.0
6129,0.0027154337661782378,0.0,0.0018137806787535992,0.0,0.001435097077361148,0.0
6130,0.002749030585599163,0.0,0.0018419520610478063,0.0,0.001466635158224031,0.0
6131,0.0027805963874808918,0.0,0.0018619014211342557,0.0,0.001486133723594576,0.0
6132,0.002815239069535698,0.0,0.001891971257438066,0.0,0.0015276869815529477,0.0
6133,0.002838827642813812,0.0,0.0019553136417769625,0.0,0.001578133006144402,0.0
6134,0.002871767813999605,0.0,0.001959840952335589,0.0,0.0016028246177641372,0.0
6135,0.002905150516887291,0.0,0.001998173633367176,0.0,0.0016537480229259628,0.0
6136,0.002924030164397482,0.0,0.002029922297321597,0.0,0.0016799907776550126,0.0
6137,0.0029481264619163217,0.0,0.002066572668729361,0.0,0.0017205141623747324,0.0
6138,0.0029526153125532958,0.0,0.0020992413346208145,0.0,0.001751756558703279,0.0
6139,0.00275940958481622,0.0,0.0013569190906086617,0.0,0.0009691604994728116,0.0
6140,0.0027063501534854333,0.0,0.0013839065681800849,0.0,0.0009493211286206488,0.0
6141,0.002670725342757584,0.0,0.0012000589385338808,0.0,0.0007576402137120161,0.0
6142,0.002649821946003961,0.0,0.0012151353360826877,0.0,0.0007766407169919733,0.0
6143,0.0026318894187752394,0.0,0.0011338767423890214,0.0,0.0006963175678142109,0.0
6144,0.002618021887081182,0.0,0.0010923601267391369,0.0,0.0006534377989550078,0.0
6145,0.00260501198792021,0.0,0.000957803207230546,0.0,0.000515942031381689,0.0
6146,0.002595350081358566,0.0,0.0009982230765476854,0.0,0.0005573286312988955,0.0
6147,0.002586541389122018,0.0,0.0009690057754619516,0.0,0.0005282981200987063,0.0
6148,0.002578401294648699,0.0,0.0009413979473406266,0.0,0.000500567922161586,0.0
6149,0.002571796764688862,0.0,0.0009876968460356614,0.0,0.0005482930554949897,0.0
6150,0.0025609281614315344,0.0,0.0008309586934353999,0.0,0.0003949842979369409,0.0
6151,0.002623509029011196,0.0,0.0017410879864391668,0.0,0.0012978070224234778,0.0
6152,0.0026774400792057237,0.0,0.0018238387697033212,0.0,0.001389298393638516,0.0
6153,0.002721088797922374,0.0,0.0018139772088832165,0.0,0.0014327476635969368,0.0
6154,0.0027522967804702986,0.0,0.0018424308173128144,0.0,0.0014644281831284393,0.0
6155,0.0027794928565473337,0.0,0.0018678424649654008,0.0,0.001484861890542284,0.0
6156,0.0028184132873520775,0.0,0.0019034131342677296,0.0,0.0015368364743065395,0.0
6157,0.0028590092614777605,0.0,0.0019574619585961553,0.0,0.0016056332581533411,0.0
6158,0.0029069088566470664,0.0,0.0019659242077720634,0.0,0.0016464267459480103,0.0
6159,0.0029566127473310325,0.0,0.0020143600149803457,0.0,0.0017139585307569018,0.0
6160,0.003002126783022534,0.0,0.0020589283137848954,0.0,0.0017694561990514116,0.0
6161,0.0030397343246945556,0.0,0.0021068250078030287,0.0,0.001821649009622265,0.0
6162,0.0030359997197359585,0.0,0.002147345478104499,0.0,0.0018415336290456374,0.0
6163,0.0028089935345999837,0.0,0.0014102430987357674,0.0,0.001130369807731919,0.0
6164,0.0027430233845961746,0.0,0.0014322225920151783,0.0,0.0010418131540193764,0.0
6165,0.002698646199370918,0.0,0.001248183894725459,0.0,0.0008059907989560917,0.0
6166,0.00267345858327759,0.0,0.0012653004670852514,0.0,0.0008271768139704457,0.0
6167,0.0026522111241006957,0.0,0.0011833414606289192,0.0,0.0007458293153361772,0.0
6168,0.002635645817062225,0.0,0.0011417818644511401,0.0,0.0007027556023403111,0.0
6169,0.002621216525091576,0.0,0.0010307420337454594,0.0,0.0005898282960668229,0.0
6170,0.0026102460432891076,0.0,0.0010604330810502357,0.0,0.0006206687811655936,0.0
6171,0.00260014076119716,0.0,0.0010261977600547658,0.0,0.0005863727443948246,0.0
6172,0.0025909503022925793,0.0,0.0009964469904695063,0.0,0.0005569951383425649,0.0
6173,0.002583441170997013,0.0,0.0010350148008488466,0.0,0.0005962490765552143,0.0
6174,0.0025747078415498253,0.0,0.0009736632865601095,0.0,0.0005358831193087385,0.0
6175,0.002638670358053075,0.0,0.0017648423157954685,0.0,0.001322974197112544,0.0
6176,0.0026910017786227185,0.0,0.0018371537862111986,0.0,0.0014013192493459864,0.0
6177,0.0027345877731633998,0.0,0.0018261930595104504,0.0,0.0014462137776186453,0.0
6178,0.0027651318786636354,0.0,0.0018518683749571784,0.0,0.0014751341275397937,0.0
6179,0.0027916856247413796,0.0,0.0018727699173948463,0.0,0.0014932454254917528,0.0
6180,0.002819702101274011,0.0,0.0019047306256237148,0.0,0.0015294070858391838,0.0
6181,0.002842479902328219,0.0,0.0019569671833484757,0.0,0.001577023174682752,0.0
6182,0.0028684205591389357,0.0,0.0019714598927575364,0.0,0.0015975486062576498,0.0
6183,0.0028955914651162453,0.0,0.0020166808181880727,0.0,0.0016474879863575074,0.0
6184,0.00291526882222159,0.0,0.002040468723696404,0.0,0.0016739089219118572,0.0
6185,0.00293929808004107,0.0,0.0020782907283859063,0.0,0.0017174650143956089,0.0
6186,0.002944914427762636,0.0,0.002110013451471344,0.0,0.0017480620033758468,0.0
6187,0.002756143494058881,0.0,0.0013377713151975985,0.0,0.0009293996294128032,0.0
6188,0.0027056827599876328,0.0,0.0013803024838875504,0.0,0.0009408262642858604,0.0
6189,0.002671523202607197,0.0,0.0011935161573480284,0.0,0.0007507656977077462,0.0
6190,0.0026520423194853144,0.0,0.0012231562119302082,0.0,0.0007848554082173478,0.0
6191,0.002634675747996038,0.0,0.0011452456661352926,0.0,0.0007076996568398304,0.0
6192,0.0026205656697504865,0.0,0.001097280593164676,0.0,0.0006581136108047025,0.0
6193,0.0026079101743830776,0.0,0.0009763105224491466,0.0,0.0005349898022990547,0.0
6194,0.002598338295915232,0.0,0.0010117808002928132,0.0,0.0005718404211979781,0.0
6195,0.0025893053419464383,0.0,0.0009794412629607157,0.0,0.0005394993897362582,0.0
6196,0.002580929235735811,0.0,0.0009527751725512126,0.0,0.000513616685304192,0.0
6197,0.0025741673622538945,0.0,0.0009919500021211565,0.0,0.0005534438823996276,0.0
6198,0.002566830602119205,0.0,0.0009839845675121907,0.0,0.0005443115515806538,0.0
6199,0.002568700124046617,0.0,0.0012838005350434215,0.0,0.0007872002856627084,0.0
6200,0.002552491840334268,0.0,0.0009440082115036268,0.0,0.0004758732936801305,0.0
6201,0.0025826585544108695,0.0,0.0015376416845687163,0.0,0.0011029572056605146,0.0
6202,0.0026027431104528945,0.0,0.0016050424866552876,0.0,0.00117009839849639,0.0
6203,0.00262702379920137,0.0,0.0016629370303323351,0.0,0.0012291109817544514,0.0
6204,0.0026452557807821004,0.0,0.0017137636149734284,0.0,0.001279635434169527,0.0
6205,0.0026601389869067185,0.0,0.0017475494609151276,0.0,0.0013175983818003254,0.0
6206,0.0026728412633266786,0.0,0.0017753261550038349,0.0,0.001345930068836616,0.0
6207,0.0026931368358731403,0.0,0.00179210923854258,0.0,0.001388467414892168,0.0
6208,0.0026331206622545933,0.0,0.0013760588278655362,0.0,0.001014090743213356,0.0
6209,0.0026304510774429898,0.0,0.001457839026937197,0.0,0.0010985306911553763,0.0
6210,0.0026152137546212343,0.0,0.001369699832278897,0.0,0.00101952392999371,0.0
6211,0.002599346091568211,0.0,0.0014109767793943698,0.0,0.0009761180516539467,0.0
6212,0.0025867581289173098,0.0,0.0013249391219277646,0.0,0.0008892012808622311,0.0
6213,0.002573843865038928,0.0,0.0011677350863380815,0.0,0.00073008377775654,0.0
6214,0.0025664700380216158,0.0,0.0011532989011012065,0.0,0.000713806609764552,0.0
6215,0.002559141822678394,0.0,0.0010687689835309335,0.0,0.0006318024897274815,0.0
6216,0.0025539466297623873,0.0,0.0010330324004100557,0.0,0.0005961703836814877,0.0
6217,0.0025485423951435385,0.0,0.0009562873463977602,0.0,0.0005195823418721753,0.0
6218,0.0025446204187498933,0.0,0.0009760040791480175,0.0,0.0005399432917597544,0.0
6219,0.002540358197460602,0.0,0.000949630373818774,0.0,0.0005135061790491665,0.0
6220,0.0025360701394703165,0.0,0.0009256684234600842,0.0,0.0004897561576390809,0.0
6221,0.002532853605671146,0.0,0.0009507059868178185,0.0,0.0005152651559468637,0.0
6222,0.0025284557814366435,0.0,0.0009366752414801975,0.0,0.0004996786666356505,0.0
6223,0.002533870203564447,0.0,0.0012281347174335681,0.0,0.0007951039480873368,0.0
6224,0.0025379628968130257,0.0,0.001297662594337635,0.0,0.000864702755287093,0.0
6225,0.002540607350497519,0.0,0.0012946452048827107,0.0,0.0008619873217970806,0.0
6226,0.0025425658985793924,0.0,0.0012854112612192409,0.0,0.0008527833448386296,0.0
6227,0.0025450746433028585,0.0,0.0012853844847472348,0.0,0.0008528842840159877,0.0
6228,0.0025486418287944696,0.0,0.0013211891852353906,0.0,0.000888012038618207,0.0
6229,0.002551265741132334,0.0,0.0013407960604865233,0.0,0.000907572156074549,0.0
6230,0.0025533017506520865,0.0,0.0013537310937031743,0.0,0.0009195263284164513,0.0
6231,0.002555487955956219,0.0,0.001370768763728609,0.0,0.0009374694238620694,0.0
6232,0.0025550056241839337,0.0,0.0013505672723240255,0.0,0.0009178041888239685,0.0
6233,0.0025556219592505424,0.0,0.0013567334093272723,0.0,0.000924059598307528,0.0
6234,0.0025464553227316548,0.0,0.0012455360559818134,0.0,0.0008119153758210621,0.0
6235,0.0025397692965827444,0.0,0.0012347288188830844,0.0,0.000800033762353455,0.0
6236,0.002535957171271034,0.0,0.0012060115471985444,0.0,0.0007712514770326663,0.0
6237,0.002529423393603458,0.0,0.0010471182304552956,0.0,0.0006109984393088818,0.0
6238,0.0025263338561419967,0.0,0.0010341276640218828,0.0,0.0005960968809433629,0.0
6239,0.0025224682524945773,0.0,0.0009593318202640896,0.0,0.0005227807382886594,0.0
6240,0.0025201922336011953,0.0,0.0009252233644396325,0.0,0.0004883519227980848,0.0
6241,0.0025180471639485343,0.0,0.0008855822341533363,0.0,0.00044740672665317103,0.0
6242,0.0025159337533996844,0.0,0.0008583369508166597,0.0,0.000420224902897393,0.0
6243,0.0025142010887088265,0.0,0.0008385448247706913,0.0,0.0004000760825845554,0.0
6244,0.002512271366392277,0.0,0.0008127373421452841,0.0,0.0003743353715956661,0.0
6245,0.002510992831438715,0.0,0.0008393019768009598,0.0,0.00040124677959838114,0.0
6246,0.002393995277728549,0.0,0.00042974221921513844,0.0,-1.0814574010078017e-06,0.0
6247,0.0024459418459311716,0.0,0.0008082653380202978,0.0,0.00022344028283537674,0.0
6248,0.002490282457427589,0.0,0.0012565310434224054,0.0,0.000720910039918831,0.0
6249,0.0025234186408714466,0.0,0.0014007430365629403,0.0,0.0010050337234219955,0.0
6250,0.0025464032645140236,0.0,0.001447980370827893,0.0,0.0010508217049149322,0.0
6251,0.0025687921829326823,0.0,0.0014918520972557327,0.0,0.0010896515216956416,0.0
6252,0.0025948441534966774,0.0,0.0015496613226322297,0.0,0.0011570774907177523,0.0
6253,0.0026227692710661474,0.0,0.0016298295141661658,0.0,0.0012479748791985141,0.0
6254,0.0026472953819724047,0.0,0.0016499847501173271,0.0,0.001270060454493255,0.0
6255,0.002670747146510186,0.0,0.0017139428605519558,0.0,0.0013262954605106902,0.0
6256,0.0026945319121311176,0.0,0.0017617607624523669,0.0,0.0013734394749781143,0.0
6257,0.0027187481792169963,0.0,0.0018112015335977367,0.0,0.001429708229472245,0.0
6258,0.0027289992300839954,0.0,0.0018511463143014125,0.0,0.0014827990077415421,0.0
6259,0.0026157263965988008,0.0,0.001151397443675087,0.0,0.0007103229935370668,0.0
6260,0.0025881481323958887,0.0,0.0012032879060087287,0.0,0.0007632783876537618,0.0
6261,0.0025673082154239447,0.0,0.0010312519252235204,0.0,0.0005607386224118496,0.0
6262,0.002556567366484554,0.0,0.0010516721666143035,0.0,0.0005534893642086072,0.0
6263,0.002548320352387943,0.0,0.0009926760513864438,0.0,0.0005566067380198003,0.0
6264,0.002541440828172886,0.0,0.0009549510986115207,0.0,0.0005187233609810519,0.0
6265,0.0025348119395630234,0.0,0.0008833893054001978,0.0,0.0004466413703897191,0.0
6266,0.002529897398490721,0.0,0.0008938768685683143,0.0,0.0004575893399956022,0.0
6267,0.0025253243484623066,0.0,0.0008724558016762972,0.0,0.00043586065312222963,0.0
6268,0.0025210819210546007,0.0,0.0008537808119405868,0.0,0.00041734160688168,0.0
6269,0.002518150792377292,0.0,0.0008937822143147984,0.0,0.00045748047580370906,0.0
6270,0.0024582638908693926,0.0,0.000532947467224038,0.0,0.00010158332714094859,0.0
6271,0.0025036137955553287,0.0,0.001247622931156116,0.0,0.0006568022540992613,0.0
6272,0.0025539880369947294,0.0,0.001489285720612413,0.0,0.000985478199108447,0.0
6273,0.002596391579574311,0.0,0.001605348913155543,0.0,0.0012047015494489207,0.0
6274,0.002625706559460708,0.0,0.0016361600053163333,0.0,0.0012395975559320164,0.0
6275,0.00264977371264152,0.0,0.0016600334924350751,0.0,0.0012590909875754425,0.0
6276,0.002674292713658712,0.0,0.0016919099551477381,0.0,0.0012976362591333238,0.0
6277,0.0026975952381955185,0.0,0.0017419085950914654,0.0,0.0013547351554878137,0.0
6278,0.002719280788882444,0.0,0.0017590955946256753,0.0,0.0013724723081580924,0.0
6279,0.0027397895124306776,0.0,0.0018103391325892044,0.0,0.0014190268996023886,0.0
6280,0.00275618271267656,0.0,0.0018354393380191107,0.0,0.00144456485402094,0.0
6281,0.0027761938839051454,0.0,0.001880165958519188,0.0,0.001494200580327139,0.0
6282,0.002784500268195899,0.0,0.0019207630407905563,0.0,0.0015462999653100334,0.0
6283,0.0026488315462647677,0.0,0.0011637158182567164,0.0,0.0007231755585707987,0.0
6284,0.0026145053503559643,0.0,0.001216661806450917,0.0,0.0007767826294900334,0.0
6285,0.0025903601546441377,0.0,0.0010445198345906605,0.0,0.0005955337147170792,0.0
6286,0.00257782014414049,0.0,0.0010750281258650816,0.0,0.0006267988822469962,0.0
6287,0.0025669411491894842,0.0,0.0010091462219262957,0.0,0.0005721585789352258,0.0
6288,0.0025585755157602197,0.0,0.0009717137490571227,0.0,0.0005339572582696219,0.0
6289,0.0025510019513673796,0.0,0.0008905408949461096,0.0,0.00045193420570811805,0.0
6290,0.002545190068989755,0.0,0.0009123765911370472,0.0,0.00047390859282499384,0.0
6291,0.002539498427166541,0.0,0.000885155322819979,0.0,0.00044683114547607906,0.0
6292,0.002534091511697323,0.0,0.0008611679890121128,0.0,0.0004227500308298254,0.0
6293,0.002529892546782486,0.0,0.0009050187223621185,0.0,0.00046749074523598933,0.0
6294,0.0024985121191128798,0.0,0.0006098685500534658,0.0,0.00017756699658455976,0.0
6295,0.0025534707169045327,0.0,0.0015042622967463384,0.0,0.0010018880450487478,0.0
6296,0.002604995906214448,0.0,0.0016517795530675736,0.0,0.001189148672219198,0.0
6297,0.0026448090669884136,0.0,0.0016883410326450027,0.0,0.0012971901302351518,0.0
6298,0.002672575391072017,0.0,0.001721503813034368,0.0,0.001327252824321805,0.0
6299,0.002699421329805431,0.0,0.0017567442164292426,0.0,0.0013565752661328315,0.0
6300,0.002730269104656618,0.0,0.0017902296086728233,0.0,0.0014061113224699035,0.0
6301,0.0027704861647876167,0.0,0.0018500583679876062,0.0,0.0014948212667880599,0.0
6302,0.0028009162107062637,0.0,0.0018691277941923384,0.0,0.001518956273904235,0.0
6303,0.0028224729632765518,0.0,0.00192127811994159,0.0,0.0015574226896939375,0.0
6304,0.002841824093146829,0.0,0.0019608346713947816,0.0,0.0015877546490729974,0.0
6305,0.002857933026754083,0.0,0.002000359770796361,0.0,0.0016218901631572572,0.0
6306,0.002858871180271965,0.0,0.0020313224880255647,0.0,0.0016556549345886256,0.0
6307,0.0026937371395774883,0.0,0.0012160342680667849,0.0,0.0007796309778250108,0.0
6308,0.0026503197377398735,0.0,0.0012689604149930995,0.0,0.0008285531879367557,0.0
6309,0.0026209390907608538,0.0,0.0010901494123130443,0.0,0.0006463236886110433,0.0
6310,0.002604294001062055,0.0,0.0011170233162979125,0.0,0.0006752384854714507,0.0
6311,0.002589879989219549,0.0,0.0010453855805808902,0.0,0.0006083234608290947,0.0
6312,0.0025787568584592804,0.0,0.0010066483191863381,0.0,0.0005693013591121343,0.0
6313,0.002568781439702918,0.0,0.000926721846723878,0.0,0.0004884331215093199,0.0
6314,0.0025611156437033095,0.0,0.0009459563281654186,0.0,0.000508182198831996,0.0
6315,0.002553896069049022,0.0,0.0009189179776844286,0.0,0.0004809818968622634,0.0
6316,0.0025471981651452686,0.0,0.0008936966039155263,0.0,0.0004558757670038963,0.0
6317,0.0025419592699009426,0.0,0.0009346357661326559,0.0,0.0004973652586963168,0.0
6318,0.002523603124453422,0.0,0.0007062383978087739,0.0,0.00027284662749591155,0.0
6319,0.002581889198728248,0.0,0.001592422125618171,0.0,0.0011081920052960607,0.0
6320,0.002632411765787784,0.0,0.0017145378031161171,0.0,0.001261490996834831,0.0
6321,0.002673083125030822,0.0,0.0017375450192846198,0.0,0.0013474594763299378,0.0
6322,0.0026997748474340286,0.0,0.0017652047261331263,0.0,0.00137215640100288,0.0
6323,0.0027224246843775635,0.0,0.0017833250065724482,0.0,0.0013858703471063202,0.0
6324,0.0027474237047508724,0.0,0.0018139734536850572,0.0,0.0014221629890311636,0.0
6325,0.0027733876620546034,0.0,0.0018716643980066152,0.0,0.001483803847191273,0.0
6326,0.002796295726007478,0.0,0.0018854964364330388,0.0,0.00149945396324508,0.0
6327,0.0028192986241534967,0.0,0.00193283190008451,0.0,0.0015454738152211405,0.0
6328,0.002842249073767833,0.0,0.001969244839581859,0.0,0.0015836616992126826,0.0
6329,0.0028685531833420007,0.0,0.002016598774256708,0.0,0.0016369316615651454,0.0
6330,0.002876080820520935,0.0,0.0020543624781125137,0.0,0.001679498432627177,0.0
6331,0.0027055612478817472,0.0,0.0012787046500601635,0.0,0.000844023371952637,0.0
6332,0.002661192644128398,0.0,0.0013219031878581402,0.0,0.0008816266030328118,0.0
6333,0.002630524484530221,0.0,0.0011231871270080019,0.0,0.0006788967129684425,0.0
6334,0.0026133519632411117,0.0,0.001155032555477329,0.0,0.0007154149942690351,0.0
6335,0.0025984517399537605,0.0,0.0010736502013684835,0.0,0.0006358211955958212,0.0
6336,0.0025869466858676354,0.0,0.001031769550916693,0.0,0.0005933122872874934,0.0
6337,0.0025765420303406556,0.0,0.0009360135946135187,0.0,0.0004964722174842929,0.0
6338,0.0025687559793338504,0.0,0.0009660284238261797,0.0,0.0005270930074483466,0.0
6339,0.002561554713398197,0.0,0.0009391956870016037,0.0,0.0004997525404031584,0.0
6340,0.002555046316687749,0.0,0.000916200269396959,0.0,0.00047694457666884677,0.0
6341,0.0025498211409505115,0.0,0.0009581107540943691,0.0,0.0005192321308714887,0.0
6342,0.002538376433739915,0.0,0.0007860193381368258,0.0,0.0003510392411391345,0.0
6343,0.002600574503004446,0.0,0.001686845283548432,0.0,0.0012312501530049361,0.0
6344,0.0026537263141432513,0.0,0.0017834107053129099,0.0,0.0013447877368538063,0.0
6345,0.002696247641313294,0.0,0.001785828966611032,0.0,0.0013977538604021881,0.0
6346,0.0027263368172299714,0.0,0.0018195319521685735,0.0,0.001429440797455146,0.0
6347,0.002752324509980691,0.0,0.0018384410748201,0.0,0.001447090059211239,0.0
6348,0.0027840543184731495,0.0,0.0018696856906055194,0.0,0.0014927315457004017,0.0
6349,0.0028257424697151856,0.0,0.0019242745352278736,0.0,0.001570609491090546,0.0
6350,0.00286988061012387,0.0,0.0019340759785215292,0.0,0.0016069194392879182,0.0
6351,0.0029110315919342834,0.0,0.0019866491025792455,0.0,0.001666198706077644,0.0
6352,0.002958452791535794,0.0,0.002027932721910523,0.0,0.0017254701746753681,0.0
6353,0.0029989193811429827,0.0,0.0020772614302269786,0.0,0.0017821099423961703,0.0
6354,0.003008438108209267,0.0,0.002117579635459145,0.0,0.0018170205509944613,0.0
6355,0.0027870030397293575,0.0,0.0014142321951350896,0.0,0.0011471483639885396,0.0
6356,0.0027180447339412734,0.0,0.0014131404403724271,0.0,0.000973758634003435,0.0
6357,0.0026764951229338732,0.0,0.0012265442165566467,0.0,0.0007834979381736978,0.0
6358,0.0026519644266977827,0.0,0.0012403894153779577,0.0,0.0008006202971268797,0.0
6359,0.0026317138057888566,0.0,0.0011470192903666754,0.0,0.0007098752526623427,0.0
6360,0.0026159847628076235,0.0,0.001097587201475787,0.0,0.0006600744700413113,0.0
6361,0.0026020521095573837,0.0,0.0010092958913849876,0.0,0.0005716659251612276,0.0
6362,0.0025913245214816073,0.0,0.0010270411497982012,0.0,0.0005898491627068685,0.0
6363,0.0025814847220360275,0.0,0.0009978920847335132,0.0,0.0005610105755726833,0.0
6364,0.0025724517945619496,0.0,0.0009698538570841583,0.0,0.0005329153635806104,0.0
6365,0.002564975143608857,0.0,0.0009919923505014429,0.0,0.0005556958621240711,0.0
6366,0.0025567092285332846,0.0,0.000978820057948139,0.0,0.0005411079121028367,0.0
6367,0.0025518274678079248,0.0,0.0011838709413583216,0.0,0.0006176648417255343,0.0
6368,0.002528215080166997,0.0,0.0008546475609598348,0.0,0.00035038954965827224,0.0
6369,0.002560454187321287,0.0,0.0014457192041886595,0.0,0.0009940055194195142,0.0
6370,0.002585552555973889,0.0,0.0015695715185035047,0.0,0.0011364189431463008,0.0
6371,0.002614540432189413,0.0,0.0016406227675502037,0.0,0.001216273339502253,0.0
6372,0.0026360598150666744,0.0,0.0016858793551350934,0.0,0.0012729363037766142,0.0
6373,0.0026628918730134906,0.0,0.001709630745132,0.0,0.0013440277927157128,0.0
6374,0.0026831937213879073,0.0,0.0017390082796629,0.0,0.0013815040692469476,0.0
6375,0.0027057073571339772,0.0,0.0017660806888511948,0.0,0.0014149134162469504,0.0
6376,0.002634849328666582,0.0,0.0013628081945952753,0.0,0.0010358757751223677,0.0
6377,0.002622590576440715,0.0,0.0014580519015243878,0.0,0.0010636455880668706,0.0
6378,0.0025999908637549213,0.0,0.0013558088813579242,0.0,0.0009215970092209711,0.0
6379,0.00258579187872767,0.0,0.001349335118369547,0.0,0.0009139127505837989,0.0
6380,0.00257606825982649,0.0,0.0013111737557862531,0.0,0.0008752000653218515,0.0
6381,0.0025643751448677127,0.0,0.0011523126082550257,0.0,0.0007147537393585536,0.0
6382,0.002557524437425588,0.0,0.0011388501501659793,0.0,0.0006989050760248194,0.0
6383,0.0025509793225889366,0.0,0.0010602233424003191,0.0,0.0006229235851416594,0.0
6384,0.0025468266685938034,0.0,0.0010339181752053366,0.0,0.0005958536244134562,0.0
6385,0.0025418998631983186,0.0,0.0009382139863401097,0.0,0.000500551616068387,0.0
6386,0.0025385616542134377,0.0,0.0009674646866864773,0.0,0.0005301412646537404,0.0
6387,0.002535132542555124,0.0,0.0009480906012544474,0.0,0.0005107592240383126,0.0
6388,0.002531563084466446,0.0,0.0009253821430723593,0.0,0.0004879612833938909,0.0
6389,0.002528847733153445,0.0,0.000957897718397001,0.0,0.0005210408970351356,0.0
6390,0.0025249392865314356,0.0,0.0009491381044304315,0.0,0.0005107514836784842,0.0
6391,0.002531151950774859,0.0,0.0012723036997624607,0.0,0.000838902052046871,0.0
6392,0.0025360658854578447,0.0,0.001347345018611243,0.0,0.0009142861676100537,0.0
6393,0.0025396915698840277,0.0,0.0013451416625922983,0.0,0.0009122601586682914,0.0
6394,0.002542577131752632,0.0,0.001336449731488165,0.0,0.0009037902781858075,0.0
6395,0.002546596887313373,0.0,0.0013456209686740076,0.0,0.0009129942182898531,0.0
6396,0.0025522820138655982,0.0,0.0013831606859130683,0.0,0.0009549074761284219,0.0
6397,0.0025588743989603865,0.0,0.0013927925299455314,0.0,0.000982152821043975,0.0
6398,0.0025647603788670217,0.0,0.0014039430101512266,0.0,0.0010000304412319254,0.0
6399,0.0025686871851501422,0.0,0.0014224012285011147,0.0,0.0010115081818527691,0.0
6400,0.002569685049945423,0.0,0.0014345838653883692,0.0,0.0010025563299068654,0.0
6401,0.0025703045254992516,0.0,0.001426411229860807,0.0,0.0009940391607445238,0.0
6402,0.0025587642089575442,0.0,0.0013106982591843343,0.0,0.0008777104794545449,0.0
6403,0.0025518649860351546,0.0,0.0013233849462935302,0.0,0.0008895815460687262,0.0
6404,0.0025468685255793056,0.0,0.0012911433992877145,0.0,0.0008570707540905172,0.0
6405,0.0025383442106687807,0.0,0.0011393202854466638,0.0,0.0007042022267254996,0.0
6406,0.002534734113393235,0.0,0.0011391428288450634,0.0,0.0007016180850963423,0.0
6407,0.0025300200693065327,0.0,0.0010664408814193137,0.0,0.0006299612532655427,0.0
6408,0.0025267771324637535,0.0,0.0010323541997136233,0.0,0.0005939946641905236,0.0
6409,0.0025230684072074755,0.0,0.000914343815543324,0.0,0.0004740026131704173,0.0
6410,0.0025211402525113164,0.0,0.0009502346530884016,0.0,0.0005104447531403104,0.0
6411,0.0025190331585144225,0.0,0.0009270129702972213,0.0,0.0004874829278175277,0.0
6412,0.002516217890858722,0.0,0.0008870205901444202,0.0,0.00044779048588984506,0.0
6413,0.002514049981571482,0.0,0.0008918718035565154,0.0,0.0004534314275777408,0.0
6414,0.0024052753620297366,0.0,0.0004386435740833445,0.0,7.748630244415054e-06,0.0
6415,0.002463758738004675,0.0,0.00085105182265036,0.0,0.0003127290951714199,0.0
6416,0.002505722084828657,0.0,0.001360463022715211,0.0,0.0008705832543805601,0.0
6417,0.002537738685350616,0.0,0.0014351814098241507,0.0,0.0010578901193279968,0.0
6418,0.002561759926982756,0.0,0.001487669204105019,0.0,0.001102728265753175,0.0
6419,0.0025841268663967794,0.0,0.0015249241570715888,0.0,0.0011316341618604364,0.0
6420,0.002608859817999678,0.0,0.0015701877943356415,0.0,0.0011843802590507666,0.0
6421,0.0026360750940259458,0.0,0.0016453597388696483,0.0,0.0012674034224767973,0.0
6422,0.002668046318197807,0.0,0.0016741890104634688,0.0,0.0013120797989909067,0.0
6423,0.002709705557174254,0.0,0.0017399628433645046,0.0,0.0014061622882842835,0.0
6424,0.0027415185980332202,0.0,0.001795900613339027,0.0,0.001458429787721427,0.0
6425,0.0027794934577981016,0.0,0.0018456821814000419,0.0,0.0015246889878220518,0.0
6426,0.0027885080890143314,0.0,0.001896498073185391,0.0,0.0015658263242379678,0.0
6427,0.002646094809376257,0.0,0.0012340371002187,0.0,0.0007980617007232649,0.0
6428,0.0026109675756402447,0.0,0.00128757280404364,0.0,0.0008476012950074951,0.0
6429,0.002585520226956289,0.0,0.0010949376437882664,0.0,0.0006399632091892875,0.0
6430,0.002572075160120871,0.0,0.0011068624394577748,0.0,0.0006391906742382019,0.0
6431,0.0025609140608187607,0.0,0.00104229699381742,0.0,0.0006062646384422886,0.0
6432,0.0025520426027141126,0.0,0.0010050382835339934,0.0,0.0005691370679958131,0.0
6433,0.002543678447889373,0.0,0.0009294357793675923,0.0,0.0004930432285377648,0.0
6434,0.0025373585768333267,0.0,0.000939483713960496,0.0,0.0005036780259214779,0.0
6435,0.002531125500019567,0.0,0.0009092778028108042,0.0,0.0004733913674134242,0.0
6436,0.0025251723421900597,0.0,0.0008826281985629021,0.0,0.0004469996699178432,0.0
6437,0.0025206395949210706,0.0,0.0009100308308528332,0.0,0.00047467784814413235,0.0
6438,0.002457927614963035,0.0,0.0005483688392505884,0.0,0.00011705423186733166,0.0
6439,0.002499008728234235,0.0,0.0012072099817424006,0.0,0.0006033743762489468,0.0
6440,0.002554020470165075,0.0,0.0014786616948859808,0.0,0.000978245240167392,0.0
6441,0.0025996143047846802,0.0,0.001601167703143022,0.0,0.0012034988052471462,0.0
6442,0.0026303146400836674,0.0,0.001639604484026803,0.0,0.0012456693611172282,0.0
6443,0.002659731437638943,0.0,0.0016837575523321552,0.0,0.001285895962108899,0.0
6444,0.0026966154294409805,0.0,0.0017213765714236761,0.0,0.0013535712901031503,0.0
6445,0.0027438501192452837,0.0,0.0017857348026964314,0.0,0.0014580857520333848,0.0
6446,0.002783968131851703,0.0,0.001816050807606537,0.0,0.0015008420684848823,0.0
6447,0.002825680996955293,0.0,0.00187420432578252,0.0,0.0015652982395237317,0.0
6448,0.002870308977065539,0.0,0.0019243813430362595,0.0,0.0016231195641590273,0.0
6449,0.0028979377897633864,0.0,0.001968092423822669,0.0,0.0016647802001718611,0.0
6450,0.00290870782162632,0.0,0.002021986642220792,0.0,0.001707280016119801,0.0
6451,0.0027190168440326635,0.0,0.0013207887334863403,0.0,0.000983385836728497,0.0
6452,0.002666276819421536,0.0,0.0013643660320514913,0.0,0.0009249196650664834,0.0
6453,0.002631695402009974,0.0,0.0011710244761847363,0.0,0.0007275926086888665,0.0
6454,0.0026124080268298167,0.0,0.001186024980452117,0.0,0.0007435470968753816,0.0
6455,0.0025965452495163655,0.0,0.00110304257994286,0.0,0.000665982749615276,0.0
6456,0.0025844731907156172,0.0,0.001061461249804124,0.0,0.0006238688021084453,0.0
6457,0.00257353710732964,0.0,0.0009736113637677812,0.0,0.0005355898868286317,0.0
6458,0.0025652238415782977,0.0,0.0009957170913288405,0.0,0.0005581514721656221,0.0
6459,0.0025572668100791226,0.0,0.0009646571552919851,0.0,0.0005274214028782515,0.0
6460,0.002549817977814277,0.0,0.0009363376274072091,0.0,0.0004990765837502257,0.0
6461,0.0025438080612603608,0.0,0.0009663081201500172,0.0,0.0005298038489890747,0.0
6462,0.0025163086136434807,0.0,0.0006656912118664961,0.0,0.0002331015760859939,0.0
6463,0.0025684140915447785,0.0,0.0015020663453341333,0.0,0.0009880683032316446,0.0
6464,0.0026219281763510674,0.0,0.0016749879317045676,0.0,0.0012136814162339391,0.0
6465,0.0026707675026714107,0.0,0.0017189795057082219,0.0,0.0013456511785041227,0.0
6466,0.002713828065209285,0.0,0.0017461645732486048,0.0,0.0014054018085353078,0.0
6467,0.002757625455363082,0.0,0.0017774732983596457,0.0,0.0014584003360883515,0.0
6468,0.0028055220380059547,0.0,0.0018236426072262373,0.0,0.0015278438447325327,0.0
6469,0.0028447846821917423,0.0,0.0018939940630606905,0.0,0.001589988541229576,0.0
6470,0.002888767792707722,0.0,0.0019173170624069969,0.0,0.001624558858523183,0.0
6471,0.002934144706138131,0.0,0.00197815021772319,0.0,0.0016872697486909555,0.0
6472,0.0029838126060478284,0.0,0.0020282831984347674,0.0,0.0017482180382809116,0.0
6473,0.003022607704994553,0.0,0.002074621548066727,0.0,0.0018002956336854825,0.0
6474,0.0030332584296659717,0.0,0.002119474090325836,0.0,0.0018373665731332136,0.0
6475,0.002799206445453448,0.0,0.001412983510883688,0.0,0.0011637027098747358,0.0
6476,0.002727470217908425,0.0,0.0014490636587687698,0.0,0.0010169170144967692,0.0
6477,0.0026829970806084135,0.0,0.0012580186014117343,0.0,0.0008158347632751407,0.0
6478,0.002656606798792632,0.0,0.0012681490167488394,0.0,0.0008283710711275026,0.0
6479,0.0026350480727736635,0.0,0.0011705336824271457,0.0,0.0007332533217396927,0.0
6480,0.0026186798943567476,0.0,0.0011194808989341625,0.0,0.0006820538379610215,0.0
6481,0.0026041357925140948,0.0,0.0010291019147135095,0.0,0.0005911171941324713,0.0
6482,0.002592814653147439,0.0,0.0010446318413308041,0.0,0.0006076761723477562,0.0
6483,0.002582332921505456,0.0,0.0010135767458872055,0.0,0.0005765055086753316,0.0
6484,0.002572776262458015,0.0,0.0009863020642177488,0.0,0.0005495654852463187,0.0
6485,0.002565000471880426,0.0,0.0010124340599979747,0.0,0.0005760137104732501,0.0
6486,0.002547223484686132,0.0,0.0007878070069540337,0.0,0.0003542019498874152,0.0
6487,0.0026029595131487216,0.0,0.0015805819184150983,0.0,0.001079062160443719,0.0
6488,0.0026526728961603734,0.0,0.0017215067037027888,0.0,0.0012624346210386122,0.0
6489,0.002695667690368616,0.0,0.0017609343049800193,0.0,0.001375961031402354,0.0
6490,0.0027281562679438848,0.0,0.0017994425907305776,0.0,0.001419340952014756,0.0
6491,0.002759848383315927,0.0,0.0018273108265645305,0.0,0.0014521709541742123,0.0
6492,0.002795952332516882,0.0,0.0018637247393773588,0.0,0.0015045001117436549,0.0
6493,0.0028305676204998798,0.0,0.0019295705602766936,0.0,0.0015750830457859476,0.0
6494,0.002863488785686194,0.0,0.0019419420185880752,0.0,0.0015993906350991638,0.0
6495,0.0028931298298428146,0.0,0.00199037363491755,0.0,0.0016454061330838823,0.0
6496,0.0029160184764104842,0.0,0.002027936253899826,0.0,0.0016764529500010975,0.0
6497,0.002938195440880594,0.0,0.0020664934127035796,0.0,0.0017144191005015524,0.0
6498,0.002936687586291708,0.0,0.002102705406123572,0.0,0.001740491205203568,0.0
6499,0.002746540775021356,0.0,0.0013379318725618282,0.0,0.0009342074618913486,0.0
6500,0.00269534554857983,0.0,0.0013835423132415572,0.0,0.0009440632440054371,0.0
6501,0.0026605631604104765,0.0,0.001198508421793747,0.0,0.0007555234117741332,0.0
6502,0.002640742280430146,0.0,0.0012294606644005475,0.0,0.0007908317662947914,0.0
6503,0.0026232632558912065,0.0,0.0011511763906707244,0.0,0.0007133536057751279,0.0
6504,0.00260967173494133,0.0,0.0011053024600811748,0.0,0.0006664641897670132,0.0
6505,0.0025975125936466975,0.0,0.000999149291159622,0.0,0.0005589015965108731,0.0
6506,0.002588400574670989,0.0,0.0010312043512675716,0.0,0.0005916744350111097,0.0
6507,0.002579891260162909,0.0,0.0010004310635908867,0.0,0.0005607476673095437,0.0
6508,0.002572083277881908,0.0,0.0009723973935756517,0.0,0.0005325512771771005,0.0
6509,0.0025657980450122632,0.0,0.0010138176009245286,0.0,0.0005749223628999664,0.0
6510,0.0025573585702228494,0.0,0.0009183689258601816,0.0,0.00048101922487934806,0.0
6511,0.0026221195992302106,0.0,0.0017556920867756504,0.0,0.0013161297069068617,0.0
6512,0.0026761282498319015,0.0,0.0018300353463626027,0.0,0.0013967364999641551,0.0
6513,0.002721408067482587,0.0,0.0018229563952457718,0.0,0.0014405764000896557,0.0
6514,0.0027588008746607436,0.0,0.0018595084313401497,0.0,0.001485535400874709,0.0
6515,0.0027954524541173777,0.0,0.00187586094780454,0.0,0.001510454239112217,0.0
6516,0.00282496051185398,0.0,0.0019107171823533533,0.0,0.0015418515310391596,0.0
6517,0.002850108467317366,0.0,0.001973374296524294,0.0,0.0015926488396817186,0.0
6518,0.002879899595976837,0.0,0.001979122367320451,0.0,0.0016127563679770064,0.0
6519,0.0029051813833028094,0.0,0.0020176778345069755,0.0,0.0016542097871732843,0.0
6520,0.002923187406104705,0.0,0.0020444998231773804,0.0,0.0016799066184064399,0.0
6521,0.0029455195178576697,0.0,0.0020786904345685194,0.0,0.001719061197211502,0.0
6522,0.0029496134780331376,0.0,0.0021112619391973507,0.0,0.0017509823566735938,0.0
6523,0.0027569274511942085,0.0,0.0013579737108049647,0.0,0.0009500581199127188,0.0
6524,0.0027048500258174558,0.0,0.0013903759404836282,0.0,0.0009511769476169569,0.0
6525,0.0026697015722037575,0.0,0.0012106680661888095,0.0,0.0007683162645706339,0.0
6526,0.002649619398015485,0.0,0.0012409419097444956,0.0,0.0008027858399611224,0.0
6527,0.002631860199092672,0.0,0.001162951808532531,0.0,0.0007258859017439693,0.0
6528,0.0026180595485087114,0.0,0.0011238280299782932,0.0,0.0006853076020050895,0.0
6529,0.0026056300789137512,0.0,0.0010154052624764156,0.0,0.0005747304896518467,0.0
6530,0.0025961439192793132,0.0,0.001044241053803099,0.0,0.0006032789753991844,0.0
6531,0.0025870516748513384,0.0,0.0009995351820266697,0.0,0.0005577466282351473,0.0
6532,0.0025787164349425047,0.0,0.0009603946829048729,0.0,0.0005182283437977328,0.0
6533,0.002571989053094295,0.0,0.0010109649950901024,0.0,0.0005705464243134859,0.0
6534,0.002564445320081052,0.0,0.0009981989717959923,0.0,0.0005565921096877227,0.0
6535,0.002568495610107477,0.0,0.0013520704911367356,0.0,0.0008996707766531662,0.0
6536,0.0025535411676606457,0.0,0.0010324391285854834,0.0,0.0005776992852324454,0.0
6537,0.002583282665436102,0.0,0.0015585330024366353,0.0,0.0011239578160893281,0.0
6538,0.0026022572708343412,0.0,0.0016127015996950523,0.0,0.0011777354564577584,0.0
6539,0.00262522450298494,0.0,0.0016613312972301654,0.0,0.0012274760012470558,0.0
6540,0.0026404584579165164,0.0,0.0016961119575426727,0.0,0.0012616800094612719,0.0
6541,0.0026504253437809318,0.0,0.0017104813833794836,0.0,0.001276572688636499,0.0
6542,0.0026613583259005027,0.0,0.0017370514850870856,0.0,0.0013033833812116599,0.0
6543,0.002671977090104612,0.0,0.0017639441139043947,0.0,0.0013309234717925429,0.0
6544,0.002610248297860089,0.0,0.0012963844346548408,0.0,0.0008601048945061187,0.0
6545,0.0026012384474591197,0.0,0.0013872174030254028,0.0,0.0009516519480527548,0.0
6546,0.002584399590230186,0.0,0.0012705971979060603,0.0,0.0008351097023998313,0.0
6547,0.002572997849367098,0.0,0.0012657424068713869,0.0,0.0008294588651073269,0.0
6548,0.002565794078912432,0.0,0.0012406938189184077,0.0,0.0008042500323475574,0.0
6549,0.002556539108733217,0.0,0.0010873404213217574,0.0,0.0006494191324222184,0.0
6550,0.0025515427027059476,0.0,0.0010807805118403868,0.0,0.0006412517041421966,0.0
6551,0.002546123901974442,0.0,0.001010455581415367,0.0,0.0005733525572322064,0.0
6552,0.0025425082034165212,0.0,0.0009785237148274115,0.0,0.000540628839498845,0.0
6553,0.0025383635354137976,0.0,0.0008922517326808122,0.0,0.0004545567438744612,0.0
6554,0.002535031400763542,0.0,0.0009120635271732958,0.0,0.00047484630536674265,0.0
6555,0.0025311132095777894,0.0,0.000880167490849304,0.0,0.0004432672428323896,0.0
6556,0.0025270227734322777,0.0,0.0008512911831072953,0.0,0.00041465381217722615,0.0
6557,0.0025238349954663274,0.0,0.0008805206660491333,0.0,0.0004443442322346839,0.0
6558,0.002519395120413051,0.0,0.0008721914658665357,0.0,0.0004348963234905882,0.0
6559,0.002524297875227364,0.0,0.0011883779920166693,0.0,0.0007551931780832755,0.0
6560,0.0025274050900983983,0.0,0.0012454335036403935,0.0,0.0008125589598681504,0.0
6561,0.0025291657059225833,0.0,0.0012355192216144419,0.0,0.0008028095949144044,0.0
6562,0.002529885183065037,0.0,0.001214823035775055,0.0,0.0007823001685374473,0.0
6563,0.0025308423548156406,0.0,0.0012026203729902899,0.0,0.0007701316880646884,0.0
6564,0.0025333985780538527,0.0,0.0012308086410453547,0.0,0.0007977386164263638,0.0
6565,0.002536300980931736,0.0,0.0012598696552235434,0.0,0.0008266850186354332,0.0
6566,0.0025387522999878874,0.0,0.0012795436109310253,0.0,0.000845510837668988,0.0
6567,0.002540819223965123,0.0,0.0012937632637600404,0.0,0.0008604832665693976,0.0
6568,0.0025419256569222197,0.0,0.0012971176938737494,0.0,0.0008645270178022258,0.0
6569,0.0025425674347419464,0.0,0.0012986755404419841,0.0,0.0008660188791313834,0.0
6570,0.0025337021528120895,0.0,0.0011777645897782033,0.0,0.000744304386939141,0.0
6571,0.0025284385798610776,0.0,0.0011784614654268256,0.0,0.0007438460750980376,0.0
6572,0.0025252052819423,0.0,0.001151220953666981,0.0,0.0007165133509207549,0.0
6573,0.002518840983385217,0.0,0.0009846985876509932,0.0,0.0005490966114405276,0.0
6574,0.002516102372104298,0.0,0.0009764565458596323,0.0,0.0005386507369545123,0.0
6575,0.002512075210529365,0.0,0.0008930401021981392,0.0,0.00045710996973738266,0.0
6576,0.002509197426880866,0.0,0.000837899512482487,0.0,0.000401397537465415,0.0
6577,0.0025062902425760035,0.0,0.000770818767487759,0.0,0.00033380824719302224,0.0
6578,0.002504235729099277,0.0,0.0007793105601265494,0.0,0.0003424126104652847,0.0
6579,0.002502075346280542,0.0,0.0007638142475150963,0.0,0.000327488561562271,0.0
6580,0.0024997680186533535,0.0,0.0007510351841081948,0.0,0.0003149955465120411,0.0
6581,0.0024989093855144733,0.0,0.000783586018327473,0.0,0.0003471437184604403,0.0
6582,0.0023658305125139525,0.0,0.00040977932052301664,0.0,-2.0974816534743458e-05,0.0
6583,0.0024056004712840746,0.0,0.0007659074477694846,0.0,0.00014664374764762254,0.0
6584,0.002454639407845325,0.0,0.001107491396728415,0.0,0.0005057479755144049,0.0
6585,0.002492043856178231,0.0,0.0013084328676445816,0.0,0.0008596239739615331,0.0
6586,0.0025171855904982665,0.0,0.0013960900771418682,0.0,0.0009673319721658323,0.0
6587,0.0025396113020013274,0.0,0.0014282275933129426,0.0,0.0010093745810803702,0.0
6588,0.0025643029723326338,0.0,0.0014821801226656286,0.0,0.0010778298859877877,0.0
6589,0.0025924644664533855,0.0,0.0015740711229423568,0.0,0.0011818106680002178,0.0
6590,0.0026162787513401313,0.0,0.0015934075496837512,0.0,0.0012057685394500734,0.0
6591,0.0026393614706804918,0.0,0.0016599903560322539,0.0,0.0012652656666412867,0.0
6592,0.002658227429167012,0.0,0.0016947154756807106,0.0,0.001298387378277319,0.0
6593,0.002682569591149729,0.0,0.0017497954873198745,0.0,0.0013638623238676098,0.0
6594,0.0026954165235635627,0.0,0.0017990128190333752,0.0,0.0014288193079085103,0.0
6595,0.00259280836679809,0.0,0.0010910781701909892,0.0,0.0006392876382917204,0.0
6596,0.0025688172762138276,0.0,0.001155413901737251,0.0,0.0007025546674750121,0.0
6597,0.0025510600809383905,0.0,0.001003152980892318,0.0,0.0005296355581780059,0.0
6598,0.0025430323406367495,0.0,0.0010332132041759074,0.0,0.0005484991549782039,0.0
6599,0.0025366904790337097,0.0,0.0009750976593423482,0.0,0.0005383416831057474,0.0
6600,0.002531721717992745,0.0,0.0009419764260719307,0.0,0.0005045787969554872,0.0
6601,0.0025269298497949755,0.0,0.0008688670699464355,0.0,0.00043072381936650763,0.0
6602,0.002523456599857018,0.0,0.0008881481299041986,0.0,0.0004501601955873317,0.0
6603,0.002519948588218957,0.0,0.0008640979186212054,0.0,0.0004260352909174804,0.0
6604,0.002516539239472002,0.0,0.0008430905030549552,0.0,0.0004049925930988583,0.0
6605,0.0025136510310881433,0.0,0.0008529470894088444,0.0,0.0004149649697292471,0.0
6606,0.002460193556616634,0.0,0.0005239321069980852,0.0,9.237689423027655e-05,0.0
6607,0.0025104577247147125,0.0,0.001354115281926111,0.0,0.0008194069269478891,0.0
6608,0.002558863374253762,0.0,0.0015610949012457248,0.0,0.0010924078275347427,0.0
6609,0.0025988862846800403,0.0,0.0016176812734667717,0.0,0.0012243808727400098,0.0
6610,0.0026257948162181043,0.0,0.001649814126594639,0.0,0.0012521072505678487,0.0
6611,0.0026494781830364586,0.0,0.001676051716652194,0.0,0.001271408207024457,0.0
6612,0.0026760240818519744,0.0,0.0017118905538664323,0.0,0.0013160953422726245,0.0
6613,0.002699698008610145,0.0,0.0017600110942505261,0.0,0.0013720290584851112,0.0
6614,0.0027223910717713963,0.0,0.0017766761418071392,0.0,0.001389216914637122,0.0
6615,0.0027446398546753558,0.0,0.001831450470538215,0.0,0.0014387705141292472,0.0
6616,0.0027614790953659736,0.0,0.0018558615518477486,0.0,0.0014633710523724729,0.0
6617,0.0027822110715157258,0.0,0.0018996875395383328,0.0,0.0015126507301801632,0.0
6618,0.002790952428919023,0.0,0.001941632258840042,0.0,0.0015659228307567043,0.0
6619,0.002650757381847864,0.0,0.0011614564507381744,0.0,0.0007197581959166339,0.0
6620,0.002615300267672667,0.0,0.0012203353008442654,0.0,0.000779925069114997,0.0
6621,0.0025906533163774508,0.0,0.0010449975631137993,0.0,0.000600812774693802,0.0
6622,0.0025767076868494004,0.0,0.0010666931876438604,0.0,0.0005925218528488943,0.0
6623,0.002565366249873106,0.0,0.0010003166219887609,0.0,0.0005633505214714216,0.0
6624,0.00255675953737785,0.0,0.0009667941179768945,0.0,0.0005295050914501677,0.0
6625,0.0025484823204029996,0.0,0.0008814129680791058,0.0,0.0004431951401550325,0.0
6626,0.0025421923033677723,0.0,0.0008976142514246146,0.0,0.00046000729192444676,0.0
6627,0.002536476688354037,0.0,0.0008780937213730968,0.0,0.00044009076790301155,0.0
6628,0.0025309141550117235,0.0,0.0008525169357844185,0.0,0.00041479247585503114,0.0
6629,0.0025266702590252188,0.0,0.0008953497960084698,0.0,0.0004580165078789803,0.0
6630,0.0024957683170002526,0.0,0.0006113616806744878,0.0,0.00017906452535306925,0.0
6631,0.0025470893734335478,0.0,0.001464787588298542,0.0,0.0009478580814716803,0.0
6632,0.0025963256444799764,0.0,0.0016182767430427314,0.0,0.0011461334593858112,0.0
6633,0.002635428165932924,0.0,0.0016717664262706426,0.0,0.0012768525723490685,0.0
6634,0.002660238415323409,0.0,0.0016945732349419697,0.0,0.0012970621351037527,0.0
6635,0.002682777077465597,0.0,0.0017174017296693637,0.0,0.0013149516472710531,0.0
6636,0.002710188205224477,0.0,0.0017592752884621106,0.0,0.0013634312279386554,0.0
6637,0.002738470187337081,0.0,0.001821870212872035,0.0,0.001432695117880647,0.0
6638,0.0027606310578142555,0.0,0.00183343032772814,0.0,0.0014452215568986522,0.0
6639,0.0027798196687610216,0.0,0.0018757238290556656,0.0,0.0014831171698297236,0.0
6640,0.002798838420944728,0.0,0.0019073906157150145,0.0,0.001515255113372355,0.0
6641,0.0028197410748705843,0.0,0.001946395812249302,0.0,0.001560424143559193,0.0
6642,0.0028236375275690687,0.0,0.0019747757009997355,0.0,0.0015975165422473753,0.0
6643,0.0026715809539439553,0.0,0.0011749397006566007,0.0,0.0007342931543464488,0.0
6644,0.002631887519496774,0.0,0.0012184193994677686,0.0,0.0007788296406840245,0.0
6645,0.0026042249683276607,0.0,0.0010535950427315603,0.0,0.0005897978546945237,0.0
6646,0.0025886381772023794,0.0,0.0010729676321491169,0.0,0.0005956811241740361,0.0
6647,0.00257572564611909,0.0,0.0010076946846570647,0.0,0.0005715068306121167,0.0
6648,0.0025652271140497473,0.0,0.0009657536293017257,0.0,0.0005295100560287769,0.0
6649,0.0025555725702120606,0.0,0.0008915992277804463,0.0,0.00045473589872432755,0.0
6650,0.0025478196273321244,0.0,0.0008951953180543688,0.0,0.0004588219266440973,0.0
6651,0.0025404967445723523,0.0,0.0008659434321541322,0.0,0.0004294535906332363,0.0
6652,0.0025336171286846326,0.0,0.0008397061671653393,0.0,0.00040345081277735504,0.0
6653,0.002528098421258551,0.0,0.0008718113515724592,0.0,0.00043591611051549406,0.0
6654,0.002499096284876707,0.0,0.0006607790346340875,0.0,0.00022854909245949057,0.0
6655,0.0025455899247135093,0.0,0.001384741879881813,0.0,0.000826458767367265,0.0
6656,0.0025955769532456374,0.0,0.0015689985884222324,0.0,0.0010764902814041394,0.0
6657,0.0026400554409519816,0.0,0.0016780337480700798,0.0,0.0012773695380610107,0.0
6658,0.0026784196042246218,0.0,0.0017098783737598373,0.0,0.0013349298985560515,0.0
6659,0.002713611736258851,0.0,0.001738807556508299,0.0,0.0013760820640067216,0.0
6660,0.002757874810755525,0.0,0.0017744855574801349,0.0,0.0014464880409602527,0.0
6661,0.0028000918114586375,0.0,0.0018455231304343952,0.0,0.0015297684278279336,0.0
6662,0.002838504895210283,0.0,0.0018734732361813946,0.0,0.001566838575093763,0.0
6663,0.0028729859500181273,0.0,0.0019349881066826624,0.0,0.0016235217967769462,0.0
6664,0.00291100374290455,0.0,0.0019801732925216822,0.0,0.0016714810114277128,0.0
6665,0.002944403549428697,0.0,0.0020299032472630525,0.0,0.0017215554192463478,0.0
6666,0.002947348555755577,0.0,0.0020707585903262027,0.0,0.0017521495747460382,0.0
6667,0.0027381487377768792,0.0,0.0012838289746574833,0.0,0.0008611212358350232,0.0
6668,0.002684433861787865,0.0,0.001365332840693164,0.0,0.0009253185334806761,0.0
6669,0.002648005780520926,0.0,0.001159864181774717,0.0,0.0007156654186859003,0.0
6670,0.0026271642316922426,0.0,0.001173727040859474,0.0,0.0007292102396863156,0.0
6671,0.002609793139989618,0.0,0.0010919834299648694,0.0,0.0006547012544493793,0.0
6672,0.002596286353697911,0.0,0.0010477718269923855,0.0,0.000610457634678455,0.0
6673,0.0025840809073403347,0.0,0.0009591883697129956,0.0,0.0005212060954117971,0.0
6674,0.002574643105562039,0.0,0.0009778497066141787,0.0,0.0005406105018106149,0.0
6675,0.0025657866256321455,0.0,0.0009478837653387438,0.0,0.0005105649652071575,0.0
6676,0.002557558344576525,0.0,0.0009213666551526659,0.0,0.0004843044875575361,0.0
6677,0.002550925396235177,0.0,0.000954498461431373,0.0,0.0005178618857635253,0.0
6678,0.0025342988837117257,0.0,0.0007649272804597521,0.0,0.00033131849663280643,0.0
6679,0.0025885357242871497,0.0,0.0015514881306011696,0.0,0.0010438057367061885,0.0
6680,0.0026368249054533263,0.0,0.0016922128247560248,0.0,0.0012286777739250643,0.0
6681,0.002681296356647076,0.0,0.0017495048218101035,0.0,0.0013588966979351182,0.0
6682,0.0027216623454044083,0.0,0.0017811185070314053,0.0,0.0014172979578817857,0.0
6683,0.002767270568683429,0.0,0.0018056961524379226,0.0,0.0014737118841368492,0.0
6684,0.002817585945054621,0.0,0.0018419941343459148,0.0,0.0015393106831654508,0.0
6685,0.0028589869793158077,0.0,0.0019126906883887328,0.0,0.0016043207386709007,0.0
6686,0.0029032709189225287,0.0,0.0019369076617538094,0.0,0.0016391986255239075,0.0
6687,0.0029456113086437424,0.0,0.001996050049253428,0.0,0.0016983428620669563,0.0
6688,0.00298976042808636,0.0,0.0020424993164297987,0.0,0.0017529922760735756,0.0
6689,0.0030220509982208854,0.0,0.0020833684190053325,0.0,0.0017977398362138877,0.0
6690,0.0030255683288964337,0.0,0.002126473618455079,0.0,0.0018280516238640865,0.0
6691,0.0027916599978984507,0.0,0.0014256211911413943,0.0,0.0010411371975521276,0.0
6692,0.002727996785117066,0.0,0.0014465852963160446,0.0,0.0010154116949297111,0.0
6693,0.002685824881226949,0.0,0.0012645471659337726,0.0,0.0008226306524722769,0.0
6694,0.0026615064786672583,0.0,0.0012821066118313576,0.0,0.0008442104785158352,0.0
6695,0.0026410470876460836,0.0,0.0012052413756844327,0.0,0.0007681589716426243,0.0
6696,0.002625337962055374,0.0,0.001165937219113533,0.0,0.0007277106351579329,0.0
6697,0.0026112592816505166,0.0,0.0010579739151744725,0.0,0.0006169200101694909,0.0
6698,0.0026005651853477424,0.0,0.0010819460870959117,0.0,0.0006414915986490987,0.0
6699,0.0025906185024292044,0.0,0.0010382582076909083,0.0,0.0005974281063401985,0.0
6700,0.002581490713034268,0.0,0.0010013980653062922,0.0,0.0005607908657335044,0.0
6701,0.0025739710017456665,0.0,0.0010408312121648073,0.0,0.0006012122656181688,0.0
6702,0.0025657751510316,0.0,0.0010269670004186958,0.0,0.0005861477297991122,0.0
6703,0.002567814821286138,0.0,0.0013302674969320153,0.0,0.0008558105856719372,0.0
6704,0.002553040349197095,0.0,0.0010470592225835234,0.0,0.0005874785080091452,0.0
6705,0.0025907865749789957,0.0,0.001612195033670851,0.0,0.0011931122766042769,0.0
6706,0.0026252185621386216,0.0,0.0016360994699693213,0.0,0.001276894296898317,0.0
6707,0.0026679708714963243,0.0,0.0016592595627086184,0.0,0.0013371220162947616,0.0
6708,0.0027038612652734587,0.0,0.0016934957286373561,0.0,0.001389881979999613,0.0
6709,0.0027349359709293785,0.0,0.0017324490964051476,0.0,0.001430816938265783,0.0
6710,0.002765706172432047,0.0,0.0017666090898143339,0.0,0.0014658509050042537,0.0
6711,0.002794440509828878,0.0,0.0018084566664847382,0.0,0.0014997240718246639,0.0
6712,0.0027229319412986515,0.0,0.0014364893223228193,0.0,0.0012336647054422326,0.0
6713,0.002716765103895182,0.0,0.0014882924463894443,0.0,0.0012524596550333683,0.0
6714,0.0026889164062071794,0.0,0.0014204266426341833,0.0,0.0011611814236677765,0.0
6715,0.0026485317567162643,0.0,0.001418527039545318,0.0,0.000984625092906586,0.0
6716,0.002630595489732367,0.0,0.0013977215177200415,0.0,0.0009635913289218741,0.0
6717,0.002612335146118137,0.0,0.001281932204958096,0.0,0.0008467065111578337,0.0
6718,0.002601475731065444,0.0,0.0012813240926846698,0.0,0.0008447932504997274,0.0
6719,0.0025903405794512175,0.0,0.0012251441967265444,0.0,0.0007894531690853263,0.0
6720,0.0025818447869334613,0.0,0.0012042287606814307,0.0,0.000767527229765461,0.0
6721,0.0025738064105466363,0.0,0.001129602144647074,0.0,0.0006916027617259542,0.0
6722,0.0025681125901068566,0.0,0.001144177254442985,0.0,0.0007062284007047269,0.0
6723,0.002562173048009946,0.0,0.00110286439859667,0.0,0.0006639731509192721,0.0
6724,0.002556313291700626,0.0,0.001056042990130778,0.0,0.000616678020139653,0.0
6725,0.002551913614184605,0.0,0.0010917849346909353,0.0,0.000652721367430929,0.0
6726,0.0025465602657801867,0.0,0.0010669725281933992,0.0,0.000626218152434439,0.0
6727,0.0025536536374620835,0.0,0.0013973762034041473,0.0,0.000963719808635395,0.0
6728,0.002557539065106607,0.0,0.0014505247256556475,0.0,0.0010172575431030132,0.0
6729,0.0025583707052668297,0.0,0.001411968570437386,0.0,0.0009790310504330427,0.0
6730,0.0025588658582805296,0.0,0.0013812621467809896,0.0,0.0009484049994466723,0.0
6731,0.002561280047391116,0.0,0.0013701829162357715,0.0,0.0009376244579987587,0.0
6732,0.0025658280597596382,0.0,0.0013985172360614327,0.0,0.0009663793233306733,0.0
6733,0.0025721062169222026,0.0,0.0014089400664998293,0.0,0.000999067732841629,0.0
6734,0.0025767447848202467,0.0,0.001428811428471914,0.0,0.0010118039183871505,0.0
6735,0.0025813593860538908,0.0,0.0014434718824378318,0.0,0.0010331628895635502,0.0
6736,0.002581395312156767,0.0,0.0014493272088757546,0.0,0.0010187135479788913,0.0
6737,0.002579901148504627,0.0,0.0014312579974561416,0.0,0.0009989571476355717,0.0
6738,0.0025656220843422685,0.0,0.0012903949766255027,0.0,0.0008572161503247087,0.0
6739,0.00255817436182928,0.0,0.0013120085345005488,0.0,0.0008781715428938933,0.0
6740,0.002553408860111952,0.0,0.0012923619511238274,0.0,0.0008582198820569523,0.0
6741,0.002546003009290427,0.0,0.0011806104414666563,0.0,0.0007456936554672798,0.0
6742,0.0025417222006721054,0.0,0.0011555254658868316,0.0,0.0007181768999352284,0.0
6743,0.0025368302902708546,0.0,0.0010898960398256273,0.0,0.0006535468608333409,0.0
6744,0.002533669344239378,0.0,0.001065953287417384,0.0,0.0006283681850680356,0.0
6745,0.0025302125119933743,0.0,0.0009745319532139854,0.0,0.000534790383721331,0.0
6746,0.0025284583372446982,0.0,0.0010083970831123125,0.0,0.0005693969467202914,0.0
6747,0.002522478518026815,0.0,0.0005866976697592569,0.0,0.00014377749487101167,0.0
6748,0.0025230753133130774,0.0,0.0009493594925711459,0.0,0.0005099624763935124,0.0
6749,0.0025224709322210865,0.0,0.001000169995100372,0.0,0.0005611362428908622,0.0
6750,0.0025203478999374584,0.0,0.0009886935249753665,0.0,0.0005480242744088303,0.0
6751,0.0025297324811074176,0.0,0.0013552940908755562,0.0,0.0009215152486495781,0.0
6752,0.002535459591904346,0.0,0.0014144785391082694,0.0,0.00098113072349165,0.0
6753,0.0025375242894155403,0.0,0.0013689404312390424,0.0,0.0009359521307179544,0.0
6754,0.0025376719049091793,0.0,0.0013175421067084293,0.0,0.0008846618050255973,0.0
6755,0.0025389795136798133,0.0,0.0012982277942388046,0.0,0.0008656000057759526,0.0
6756,0.0025421579631006164,0.0,0.0013326012726673812,0.0,0.0008992501516190887,0.0
6757,0.0025449092678638463,0.0,0.0013542312569534752,0.0,0.0009209420186696597,0.0
6758,0.0025476534559428685,0.0,0.0013752883861703775,0.0,0.0009409721190070082,0.0
6759,0.0025509588115487343,0.0,0.0013960041985943855,0.0,0.0009626532029462925,0.0
6760,0.002554589132377095,0.0,0.0014051693696477943,0.0,0.0009726214543015561,0.0
6761,0.0025564656412166214,0.0,0.0013993673212112359,0.0,0.0009669218188997014,0.0
6762,0.0025456063831539484,0.0,0.001270765719379172,0.0,0.0008374310002867435,0.0
6763,0.002538925199515347,0.0,0.0012732465600290505,0.0,0.0008391120240703897,0.0
6764,0.0025345859073902946,0.0,0.0012486845100365485,0.0,0.0008140854381081463,0.0
6765,0.0025265743097337605,0.0,0.0010870560351143638,0.0,0.000651138405984134,0.0
6766,0.0025229354891286755,0.0,0.0010777107724618353,0.0,0.0006392476748311364,0.0
6767,0.0025183649486195114,0.0,0.0009940691522360445,0.0,0.0005576781748604213,0.0
6768,0.002515333740659679,0.0,0.0009527724273179798,0.0,0.0005159304260013633,0.0
6769,0.0025119715990159237,0.0,0.0008657577778263736,0.0,0.0004276110021450483,0.0
6770,0.0025099200140504376,0.0,0.0008890058264651762,0.0,0.0004513016944873453,0.0
6771,0.002507393481135953,0.0,0.0008535286538067617,0.0,0.0004158712028544899,0.0
6772,0.002504706995173322,0.0,0.0008193475756668341,0.0,0.00038174830977694596,0.0
6773,0.0025029371780772767,0.0,0.0008459118438847682,0.0,0.00040877668605830155,0.0
6774,0.0023471709024461065,0.0,0.0003832363958019803,0.0,-4.7437704565156e-05,0.0
6775,0.002406655731845105,0.0,0.0006788183917944342,0.0,0.00013823250473080648,0.0
6776,0.0024559076861955307,0.0,0.0010923241063463005,0.0,0.0005415269280395483,0.0
6777,0.0024910293117218728,0.0,0.0012723366955415178,0.0,0.000897830245887264,0.0
6778,0.0025158807291877313,0.0,0.0013470025937707309,0.0,0.0009791302582403594,0.0
6779,0.0025363195074472045,0.0,0.0013934084462661415,0.0,0.0010125931154300572,0.0
6780,0.0025562540682193624,0.0,0.0014350935960964768,0.0,0.0010593472038545174,0.0
6781,0.0025770484630141433,0.0,0.0015079082978342315,0.0,0.0011389532386917325,0.0
6782,0.00259638382293692,0.0,0.0015251048713964858,0.0,0.001154850495433382,0.0
6783,0.0026173768899948264,0.0,0.0015976981897562724,0.0,0.0012179511741685152,0.0
6784,0.0026387541625119354,0.0,0.0016490976474668815,0.0,0.0012679357125928393,0.0
6785,0.002661489664010845,0.0,0.0017038807799852954,0.0,0.0013298368356218213,0.0
6786,0.0026706770733174318,0.0,0.0017453879333764034,0.0,0.0013850761594180663,0.0
6787,0.002579922589418917,0.0,0.0010997581195596273,0.0,0.0006591733675921257,0.0
6788,0.0025588358776591526,0.0,0.0011595800985020415,0.0,0.0007180559184624541,0.0
6789,0.0025418844688666494,0.0,0.0010108835611660533,0.0,0.0005337226554477583,0.0
6790,0.002534472259360902,0.0,0.0010353804955802797,0.0,0.0005430902153651118,0.0
6791,0.0025287343257933753,0.0,0.0009811370549506944,0.0,0.0005450982452720647,0.0
6792,0.002523799012954419,0.0,0.0009464014151410384,0.0,0.0005099104725542244,0.0
6793,0.00251879428835451,0.0,0.0008741219955338481,0.0,0.00043721826974848815,0.0
6794,0.002515162849929455,0.0,0.0008870763379190815,0.0,0.00045028230030736706,0.0
6795,0.0025114827002035555,0.0,0.0008622573724918895,0.0,0.000425536987226881,0.0
6796,0.0025078879076530524,0.0,0.0008400998231286479,0.0,0.0004032544417753156,0.0
6797,0.0025048569308872594,0.0,0.0008480292545543376,0.0,0.000411546801768725,0.0
6798,0.0024318916865123997,0.0,0.000495792984547715,0.0,6.456751305891064e-05,0.0
6799,0.0024791976075934077,0.0,0.001160604385925498,0.0,0.0005638922540336668,0.0
6800,0.0025254096208678226,0.0,0.0014264590006804162,0.0,0.0009269734453036854,0.0
6801,0.0025697400375685577,0.0,0.001549603289293418,0.0,0.0011595796206079838,0.0
6802,0.002608437047093807,0.0,0.0016023501670169203,0.0,0.0012313803883602687,0.0
6803,0.0026510676855882884,0.0,0.0016301642264787088,0.0,0.0012944359910344195,0.0
6804,0.00269827482502869,0.0,0.0016787564522847277,0.0,0.0013733524865903249,0.0
6805,0.0027421985121860687,0.0,0.001757502211112816,0.0,0.001461192990406911,0.0
6806,0.002783227305375224,0.0,0.001785153157913435,0.0,0.001495484650024245,0.0
6807,0.002821539491541855,0.0,0.0018438181995286851,0.0,0.0015522299826438344,0.0
6808,0.002861347666089829,0.0,0.0018898666425743993,0.0,0.0016039645203640694,0.0
6809,0.0028966323242256365,0.0,0.001945404539416986,0.0,0.0016586704611342993,0.0
6810,0.002898622287759274,0.0,0.0019890592574332653,0.0,0.0016885858027200383,0.0
6811,0.002707016948061563,0.0,0.001285752672640427,0.0,0.0008792107325708116,0.0
6812,0.0026565487975809482,0.0,0.0013361959758930193,0.0,0.000896383282047968,0.0
6813,0.002622433955640072,0.0,0.0011404940806438919,0.0,0.0006926811538118583,0.0
6814,0.0026031846233468864,0.0,0.001145070190945427,0.0,0.0006859236964368515,0.0
6815,0.002587375886475369,0.0,0.0010662191854757875,0.0,0.0006297749641988367,0.0
6816,0.0025749746861604764,0.0,0.0010224318780601821,0.0,0.0005858827280570971,0.0
6817,0.002563610786969394,0.0,0.0009407464987583748,0.0,0.0005041513234476029,0.0
6818,0.0025548331062807067,0.0,0.0009534918371121269,0.0,0.0005172125991731163,0.0
6819,0.0025464017760978676,0.0,0.00092468254343121,0.0,0.0004887524502824928,0.0
6820,0.002538330096387947,0.0,0.0008962707677729802,0.0,0.0004603281225169279,0.0
6821,0.002532024650258962,0.0,0.0009237534912945758,0.0,0.0004883849676396374,0.0
6822,0.0024887663015357208,0.0,0.0006101888041421311,0.0,0.00017837292290034403,0.0
6823,0.002533479452214894,0.0,0.0013428742249310753,0.0,0.0007784637807396158,0.0
6824,0.00258445339595771,0.0,0.0015442868060333629,0.0,0.0010493824179350919,0.0
6825,0.0026274067556633723,0.0,0.001649923609960115,0.0,0.001251702610314826,0.0
6826,0.0026597501229486324,0.0,0.0016941914214892988,0.0,0.0013005735269873068,0.0
6827,0.0026929338459064193,0.0,0.0017219098098540185,0.0,0.001342686192134499,0.0
6828,0.0027378076669623552,0.0,0.0017545787912270187,0.0,0.001418442706690756,0.0
6829,0.0027820774490792287,0.0,0.0018257547582644885,0.0,0.0015080363894749618,0.0
6830,0.0028205291851080535,0.0,0.0018511883641368087,0.0,0.0015442435228942729,0.0
6831,0.0028552406342004606,0.0,0.001909711030782456,0.0,0.0015989881293609525,0.0
6832,0.002890167409903958,0.0,0.0019548936264525123,0.0,0.0016445399033407234,0.0
6833,0.0029127954287425607,0.0,0.002003553143367586,0.0,0.0016830053742498221,0.0
6834,0.0028986422490685395,0.0,0.0020519731346871923,0.0,0.0016967243697214376,0.0
6835,0.0027150560981643117,0.0,0.0012573661495833533,0.0,0.0008374032134272982,0.0
6836,0.002666366302772756,0.0,0.0013209305430710034,0.0,0.0008808330166780872,0.0
6837,0.0026329469825327693,0.0,0.0011308419955240994,0.0,0.0006771097368070363,0.0
6838,0.0026134927646278266,0.0,0.0011411116657171743,0.0,0.0006767037838738619,0.0
6839,0.0025975359228390944,0.0,0.0010720719552279414,0.0,0.0006357016062110991,0.0
6840,0.0025850771279111798,0.0,0.0010329787810995895,0.0,0.0005964923968426669,0.0
6841,0.0025737719120916976,0.0,0.0009507639224983725,0.0,0.0005135064050909677,0.0
6842,0.0025651500865075828,0.0,0.0009686650564541624,0.0,0.0005319351599732132,0.0
6843,0.0025570388574629893,0.0,0.0009413751230060029,0.0,0.0005044773361382983,0.0
6844,0.0025494756408918537,0.0,0.000915299114429428,0.0,0.00047852446503582964,0.0
6845,0.002543551147477484,0.0,0.0009499737644314791,0.0,0.0005134705880801571,0.0
6846,0.0025204797203056866,0.0,0.0006974877899494989,0.0,0.00026462732918289896,0.0
6847,0.002575496249651597,0.0,0.0015319394675406904,0.0,0.0010258990554223462,0.0
6848,0.0026228753160546887,0.0,0.0016620732588778734,0.0,0.001193951664218183,0.0
6849,0.0026610935678813554,0.0,0.001705630449040545,0.0,0.001312546856817543,0.0
6850,0.0026866970972020334,0.0,0.0017320505011961548,0.0,0.0013374861067771897,0.0
6851,0.0027101396168996775,0.0,0.001755483341773217,0.0,0.0013565482639647372,0.0
6852,0.002735181056368263,0.0,0.0017846933014886706,0.0,0.001393303609556229,0.0
6853,0.0027617844917700134,0.0,0.0018477502010890662,0.0,0.0014591448972217885,0.0
6854,0.002788713919211914,0.0,0.0018618332053618586,0.0,0.0014830910539915996,0.0
6855,0.0028094209212792664,0.0,0.0019055829931441646,0.0,0.0015221429234663353,0.0
6856,0.0028290951180875014,0.0,0.0019385515906146812,0.0,0.0015543132459832983,0.0
6857,0.002847350102673007,0.0,0.0019711851913081736,0.0,0.001592598856130833,0.0
6858,0.0028507260844483177,0.0,0.002006443264291391,0.0,0.0016315441619777792,0.0
6859,0.0026908347533860268,0.0,0.0012144034035384737,0.0,0.0007736005718900745,0.0
6860,0.002649262078045545,0.0,0.0012655309992578555,0.0,0.0008255888094255935,0.0
6861,0.0026205044359878765,0.0,0.0010911505632517763,0.0,0.0006477233416115591,0.0
6862,0.0026043343073213266,0.0,0.0011153164011310616,0.0,0.0006701923681449043,0.0
6863,0.00259035273311517,0.0,0.001048757927784855,0.0,0.0006120703353807114,0.0
6864,0.0025794995583565774,0.0,0.0010113880720148247,0.0,0.0005741786138089215,0.0
6865,0.0025696561899632327,0.0,0.0009308852973271122,0.0,0.0004929395310199808,0.0
6866,0.0025621596987536353,0.0,0.0009504966019985321,0.0,0.0005128907616496821,0.0
6867,0.002555104063146877,0.0,0.0009228652365113172,0.0,0.0004849418050293544,0.0
6868,0.0025485725569773026,0.0,0.0008975295935095664,0.0,0.0004597422545387351,0.0
6869,0.0025434329550767278,0.0,0.0009321493857312379,0.0,0.0004944982362310405,0.0
6870,0.00253743569932646,0.0,0.0009283579293512152,0.0,0.0004892348158443737,0.0
6871,0.0025361200529728668,0.0,0.0011821361374116854,0.0,0.0006361330237200982,0.0
6872,0.0025101984081523426,0.0,0.0007799262670946767,0.0,0.0002918564509636042,0.0
6873,0.0025418815438027543,0.0,0.0014150399129220868,0.0,0.0009680157936239311,0.0
6874,0.0025602379662271312,0.0,0.001486827000594725,0.0,0.0010420834763595359,0.0
6875,0.002584668186604881,0.0,0.0015672475850943425,0.0,0.0011314363492643561,0.0
6876,0.002602506718558488,0.0,0.0016208959048058813,0.0,0.0011861967964217355,0.0
6877,0.0026169673284133863,0.0,0.0016583497237882452,0.0,0.0012242536654488165,0.0
6878,0.002628634260424018,0.0,0.00168233294289364,0.0,0.0012484724450347344,0.0
6879,0.002638533228793717,0.0,0.0017018977669881754,0.0,0.0012687121664276962,0.0
6880,0.0025800681230405713,0.0,0.0011862078136754299,0.0,0.0007392171102114727,0.0
6881,0.0025726842279104175,0.0,0.0013000804986934638,0.0,0.0008525033426503967,0.0
6882,0.0025569365930789966,0.0,0.0011725205958090464,0.0,0.0007076568716463704,0.0
6883,0.002548279511307804,0.0,0.0011866095053296283,0.0,0.0007507874019128348,0.0
6884,0.002542139020896516,0.0,0.0011605324587665165,0.0,0.0007246296718352997,0.0
6885,0.002533581404688054,0.0,0.0010150384880320057,0.0,0.0005782466773980712,0.0
6886,0.0025284389324507785,0.0,0.0009912961906735954,0.0,0.0005532217256386915,0.0
6887,0.002522948494210475,0.0,0.0009222113319504919,0.0,0.00048641091611090984,0.0
6888,0.0025196830881174448,0.0,0.0008954244981875812,0.0,0.0004591589876375237,0.0
6889,0.002515246507470912,0.0,0.0008058758367559087,0.0,0.0003700242417627869,0.0
6890,0.0025119797248974126,0.0,0.0008169948855826915,0.0,0.0003812369264451917,0.0
6891,0.002508956456010598,0.0,0.0008025339276536017,0.0,0.00036687642197562407,0.0
6892,0.0025045776828181497,0.0,0.0007780614082271136,0.0,0.0003431523049914297,0.0
6893,0.002501428667067194,0.0,0.0007896035470608715,0.0,0.00035487928653788066,0.0
6894,0.0024976894584042932,0.0,0.0007923344469391387,0.0,0.00035627562919521186,0.0
6895,0.0025013643666032125,0.0,0.0010843865254183678,0.0,0.0006509775479196388,0.0
6896,0.0025052889790647343,0.0,0.0011680611831798777,0.0,0.0007329832118808703,0.0
6897,0.002506497610490987,0.0,0.0011526971095130935,0.0,0.0007191562783737176,0.0
6898,0.00250722273302026,0.0,0.001135709788355142,0.0,0.0007032225598614435,0.0
6899,0.0025077139558456777,0.0,0.0011197787970777875,0.0,0.0006873313895062324,0.0
6900,0.0025097038806521006,0.0,0.0011395633585783622,0.0,0.0007065902102882879,0.0
6901,0.0025117200254179423,0.0,0.0011571662735097908,0.0,0.0007240817654847241,0.0
6902,0.002513441180672804,0.0,0.0011698267217328995,0.0,0.0007359285348744571,0.0
6903,0.002515031473191649,0.0,0.0011803529130208707,0.0,0.0007472574276088536,0.0
6904,0.0025158626260535742,0.0,0.0011839882620689117,0.0,0.0007515327432144011,0.0
6905,0.002516117651604177,0.0,0.0011829676539031491,0.0,0.0007504651020660822,0.0
6906,0.002506727050395418,0.0,0.0010324255200779417,0.0,0.0005967680831621268,0.0
6907,0.0025018234458730644,0.0,0.0010186384690400144,0.0,0.0005650021729756436,0.0
6908,0.00249791915523216,0.0,0.0009872350558985693,0.0,0.0005141407377249063,0.0
6909,0.0024908779581729198,0.0,0.0008310135882874129,0.0,0.00034743979550546375,0.0
6910,0.0024868298829112934,0.0,0.0008256969630771333,0.0,0.0003262268356688657,0.0
6911,0.002482109342469555,0.0,0.0007864098075927471,0.0,0.00029673675581238395,0.0
6912,0.0024782059725260252,0.0,0.0007720383173797816,0.0,0.00027212846210827196,0.0
6913,0.0024760237019926068,0.0,0.0007569786690897115,0.0,0.0002662683609531884,0.0
6914,0.002472496234728439,0.0,0.0007532454183457641,0.0,0.00025342251021622094,0.0
6915,0.002469534391595584,0.0,0.0007424389443953328,0.0,0.0002482872217612754,0.0
6916,0.00246537824351337,0.0,0.0007426322520639923,0.0,0.0002355348937962741,0.0
6917,0.002465038063088151,0.0,0.0007703183443777898,0.0,0.00026136351087655235,0.0
6918,0.0023015205345502223,0.0,0.0003720264126308814,0.0,-7.326985277991791e-05,0.0
6919,0.002321198303229754,0.0,0.0006796896306991175,0.0,3.7317067056763065e-05,0.0
6920,0.0023797159001833082,0.0,0.0009038638152773634,0.0,0.0002348908671290324,0.0
6921,0.002420387119205097,0.0,0.001047152973447475,0.0,0.00048473162504755773,0.0
6922,0.002447769336853648,0.0,0.001146210401038684,0.0,0.0006244970029503712,0.0
6923,0.002470640399218028,0.0,0.0012159637132475058,0.0,0.0007287704258786085,0.0
6924,0.0024953812363016307,0.0,0.0013078463341140868,0.0,0.0008565163591639389,0.0
6925,0.00252117248242289,0.0,0.0014185847576638165,0.0,0.0009830351529626525,0.0
6926,0.002546157562564478,0.0,0.0014446840502876852,0.0,0.0010359475457534014,0.0
6927,0.002570212114326343,0.0,0.0015152893166959416,0.0,0.0011057552166194794,0.0
6928,0.0025919810448738665,0.0,0.0015644628051109941,0.0,0.0011564157147293968,0.0
6929,0.0026153228570699742,0.0,0.0016206070725902127,0.0,0.0012228083308109573,0.0
6930,0.002626559053796372,0.0,0.001670825440781631,0.0,0.0012838150495488414,0.0
6931,0.002540957065988835,0.0,0.000991423801700804,0.0,0.0004482294863000617,0.0
6932,0.002520039995316441,0.0,0.001022741318063737,0.0,0.0004816915586074511,0.0
6933,0.002502401863419441,0.0,0.0009187268562554961,0.0,0.00033823091459685454,0.0
6934,0.002494928205285946,0.0,0.0009273295725510944,0.0,0.0003385728608445743,0.0
6935,0.0024950515480337988,0.0,0.0008486272535966409,0.0,0.0004137431376729584,0.0
6936,0.0024918811451327847,0.0,0.0008189200989796328,0.0,0.00038409940216957927,0.0
6937,0.0024879260877672315,0.0,0.0007897156438487919,0.0,0.0003553626056509271,0.0
6938,0.002484469577362449,0.0,0.0007884223104560875,0.0,0.0003542252220753801,0.0
6939,0.002480827539963786,0.0,0.0007751446473870183,0.0,0.00033981884336070937,0.0
6940,0.0024762644315545618,0.0,0.0007655882136452499,0.0,0.0003171360423793797,0.0
6941,0.0024727235144131766,0.0,0.0007947479967447717,0.0,0.0003232487887019728,0.0
6942,0.002379716366351388,0.0,0.0004790751322282839,0.0,3.768175151087601e-05,0.0
6943,0.002406497234996843,0.0,0.0009398137667574386,0.0,0.0002496366987570001,0.0
6944,0.0024601411330281093,0.0,0.001208075383605941,0.0,0.0006340861491135961,0.0
6945,0.0025143745883419613,0.0,0.0014345067527032152,0.0,0.0009857832712321904,0.0
6946,0.0025535687925031508,0.0,0.0015374331687748849,0.0,0.0011151384886499754,0.0
6947,0.002592844664272182,0.0,0.0015699506687761676,0.0,0.0011795136378775868,0.0
6948,0.002638158376577075,0.0,0.001605376812147036,0.0,0.0012626804435555868,0.0
6949,0.0026827494737083906,0.0,0.0016772552255898234,0.0,0.001358832653382954,0.0
6950,0.002718733356666326,0.0,0.001710023619800513,0.0,0.001394830547507463,0.0
6951,0.0027379920952014373,0.0,0.0017754302355393523,0.0,0.001429908735390414,0.0
6952,0.0027539050423235935,0.0,0.0018241196031099497,0.0,0.001457454187714152,0.0
6953,0.00276548297378094,0.0,0.0018703815347641225,0.0,0.001486376906116151,0.0
6954,0.002768841961040846,0.0,0.0019025123517808333,0.0,0.0015260284288799806,0.0
6955,0.0026307661536028627,0.0,0.0011050361470676543,0.0,0.0006578451365013341,0.0
6956,0.0025950935261375395,0.0,0.0011504851327006954,0.0,0.0006973561632527404,0.0
6957,0.0025696650716451096,0.0,0.000994420852463771,0.0,0.0004998705200932227,0.0
6958,0.0025564058288740123,0.0,0.0010143585519034745,0.0,0.0005083349024770233,0.0
6959,0.0025468795925677216,0.0,0.0009492926488377932,0.0,0.0005131033022851758,0.0
6960,0.0025393388631471912,0.0,0.0009148874360290498,0.0,0.0004783267136875399,0.0
6961,0.0025316426166243815,0.0,0.0008271788917234605,0.0,0.000389916450325048,0.0
6962,0.0025258171070900747,0.0,0.0008414630287679984,0.0,0.0004045282884054689,0.0
6963,0.0025207467540433936,0.0,0.0008339962559631262,0.0,0.0003968701945305888,0.0
6964,0.0025154453908158877,0.0,0.0008134531338845404,0.0,0.00037646204811309786,0.0
6965,0.0025113354099310196,0.0,0.0008535367851260172,0.0,0.00041699004736397267,0.0
6966,0.002470391743055968,0.0,0.000576415204562665,0.0,0.00014452219022010747,0.0
6967,0.002520824982693347,0.0,0.0013728160977435713,0.0,0.0008253577106131973,0.0
6968,0.0025719938352562113,0.0,0.0015605400850133603,0.0,0.001076342589849679,0.0
6969,0.002613418985361767,0.0,0.0016438750545743391,0.0,0.0012438740374862097,0.0
6970,0.0026441093517260896,0.0,0.0016839763541511524,0.0,0.0012844111301201005,0.0
6971,0.0026717239950840026,0.0,0.001704581561520952,0.0,0.0013127382908655998,0.0
6972,0.002722640878366464,0.0,0.0017409471894042174,0.0,0.001403797945941089,0.0
6973,0.002767100479523859,0.0,0.00180872635421006,0.0,0.0014900080583006453,0.0
6974,0.002800977689792542,0.0,0.0018365753634611395,0.0,0.0015180451940638262,0.0
6975,0.002830065355996343,0.0,0.001893810702736758,0.0,0.0015679929533460148,0.0
6976,0.0028478826478050274,0.0,0.0019369513959965276,0.0,0.001593593558559218,0.0
6977,0.0028697711406714893,0.0,0.0019809351392031938,0.0,0.001636161650863058,0.0
6978,0.0028638996988676136,0.0,0.002026512482443006,0.0,0.0016593920046624653,0.0
6979,0.002692036171994854,0.0,0.0012439110378440936,0.0,0.000807080341729525,0.0
6980,0.002646545683386102,0.0,0.0012831481078062399,0.0,0.0008428314741693425,0.0
6981,0.002615240420983431,0.0,0.0010878696981374582,0.0,0.0006376352491938328,0.0
6982,0.002597375465729225,0.0,0.0011049002475585405,0.0,0.0006422980497065027,0.0
6983,0.002582411241954478,0.0,0.0010317623658335957,0.0,0.0005952514595659762,0.0
6984,0.0025705348085053974,0.0,0.000988784140482309,0.0,0.0005520375293251961,0.0
6985,0.002559742258835584,0.0,0.0009108317854441342,0.0,0.0004738630744723564,0.0
6986,0.00255120382375544,0.0,0.0009231976339682028,0.0,0.0004866326599668636,0.0
6987,0.0025430278958833924,0.0,0.0008946322979449589,0.0,0.0004583414871735087,0.0
6988,0.0025351973498599946,0.0,0.0008686971948133264,0.0,0.00043251409859533844,0.0
6989,0.0025287949731949894,0.0,0.0008980422538711163,0.0,0.0004624581907910572,0.0
6990,0.002500689205644514,0.0,0.0006758255149019541,0.0,0.0002434213564272787,0.0
6991,0.002547018176105191,0.0,0.0013933170317547098,0.0,0.0008393340580974829,0.0
6992,0.00259413124815293,0.0,0.0015563913223001862,0.0,0.0010586776085156312,0.0
6993,0.0026363360414876982,0.0,0.001668212793059528,0.0,0.0012642846402934347,0.0
6994,0.0026695911109701686,0.0,0.001710512863317069,0.0,0.0013140198694728778,0.0
6995,0.002703026798636868,0.0,0.0017335692237177523,0.0,0.0013539690815235895,0.0
6996,0.00274457825883301,0.0,0.0017679282253357808,0.0,0.0014218014779238792,0.0
6997,0.0027871168376793487,0.0,0.0018344621124498676,0.0,0.0015080894155387985,0.0
6998,0.002824133134645344,0.0,0.0018600239083400151,0.0,0.001543301118902574,0.0
6999,0.002856409278150245,0.0,0.0019172732466693424,0.0,0.0015973720008192445,0.0
7000,0.0028852322200381576,0.0,0.0019634690269598864,0.0,0.0016391598367511365,0.0
7001,0.00290666521002969,0.0,0.0020100561567815744,0.0,0.001677981441643097,0.0
7002,0.0028947370718566618,0.0,0.002054912198535628,0.0,0.001691450802414209,0.0
7003,0.0027137266907799025,0.0,0.001279860609774391,0.0,0.0008456768457174649,0.0
7004,0.0026647921209013606,0.0,0.0013026812140174108,0.0,0.0008628405933264573,0.0
7005,0.002631123937750149,0.0,0.0011115209942714496,0.0,0.0006541414921260372,0.0
7006,0.00261138222353213,0.0,0.0011197422399100987,0.0,0.0006490565032810725,0.0
7007,0.0025952845796974044,0.0,0.001053325905047025,0.0,0.0006173334309514703,0.0
7008,0.002582566829522949,0.0,0.0010133491963738696,0.0,0.0005773560084346133,0.0
7009,0.002571187306837113,0.0,0.0009393333696087194,0.0,0.0005027052988316467,0.0
7010,0.0025623421307187184,0.0,0.0009527205956669481,0.0,0.0005165928185902535,0.0
7011,0.0025539357705717186,0.0,0.0009246354220693248,0.0,0.0004883225345316887,0.0
7012,0.0025461236906955875,0.0,0.0008996049236898382,0.0,0.00046350400012483027,0.0
7013,0.0025398649508277804,0.0,0.0009290326438672605,0.0,0.0004931653968561942,0.0
7014,0.0025175527043716423,0.0,0.0007199101780933953,0.0,0.0002871210661746812,0.0
7015,0.002569731825116579,0.0,0.0014727463585892905,0.0,0.0009405819861756422,0.0
7016,0.002616640125287814,0.0,0.0016197270624193274,0.0,0.0011368462567027948,0.0
7017,0.002659503592871083,0.0,0.0017057514367867942,0.0,0.0013083948945120899,0.0
7018,0.0026931862004796335,0.0,0.001742010936651101,0.0,0.0013543446299361232,0.0
7019,0.0027288531952914296,0.0,0.001767073022789168,0.0,0.0013978878168616699,0.0
7020,0.0027754115450357433,0.0,0.0018008896489643972,0.0,0.0014723486312942114,0.0
7021,0.0028203076828715225,0.0,0.0018713049100570255,0.0,0.0015585392054310323,0.0
7022,0.0028600281410723592,0.0,0.0018947438863285368,0.0,0.0015907666408988106,0.0
7023,0.0029044319137941075,0.0,0.0019529883813968324,0.0,0.001652619029266754,0.0
7024,0.002949011134299589,0.0,0.0020023901040730468,0.0,0.0017077774075501127,0.0
7025,0.002974349073478777,0.0,0.002045065266521368,0.0,0.0017458292623301797,0.0
7026,0.0029564883091957508,0.0,0.0021004068694056126,0.0,0.0017548815685693151,0.0
7027,0.002752875527688053,0.0,0.0013469596876705134,0.0,0.0009364765692311215,0.0
7028,0.002697784654786412,0.0,0.0013859933472152217,0.0,0.00094660160962184,0.0
7029,0.002660789513815317,0.0,0.0012044342517297973,0.0,0.0007615842413137214,0.0
7030,0.0026395117086309445,0.0,0.00123064079012698,0.0,0.0007919524422328641,0.0
7031,0.002621299836164784,0.0,0.0011532488471942693,0.0,0.0007155080540476072,0.0
7032,0.002607501829909579,0.0,0.0011095940317137972,0.0,0.0006708586122526998,0.0
7033,0.0025953453757638426,0.0,0.001001430352023847,0.0,0.0005608586151306947,0.0
7034,0.002586187420090349,0.0,0.0010313575632299992,0.0,0.0005914122586092407,0.0
7035,0.0025775894556799585,0.0,0.000998667015847994,0.0,0.0005586588361329576,0.0
7036,0.002569601665936723,0.0,0.0009706049763801902,0.0,0.0005305555040572409,0.0
7037,0.00256304330236559,0.0,0.001011176869563662,0.0,0.0005722020321495954,0.0
7038,0.00255568944771113,0.0,0.0010014559107448173,0.0,0.0005607748020623555,0.0
7039,0.002558088859040227,0.0,0.0013063716915459034,0.0,0.0008302136143294532,0.0
7040,0.002540918127772334,0.0,0.0009431312245986535,0.0,0.0004772845360061799,0.0
7041,0.0025712161676436263,0.0,0.001535419331086648,0.0,0.0011005774185188293,0.0
7042,0.0025902037758038935,0.0,0.0015908957430671603,0.0,0.0011557356040917104,0.0
7043,0.0026137257441413743,0.0,0.0016439738890343411,0.0,0.0012100021467436228,0.0
7044,0.002631459929208091,0.0,0.0016923802615778098,0.0,0.0012578750838665278,0.0
7045,0.0026463429340057246,0.0,0.0017304160443109941,0.0,0.0012969242407449137,0.0
7046,0.002659950902638262,0.0,0.001757010352598859,0.0,0.0013272839714046107,0.0
7047,0.0026738286664583877,0.0,0.0017841248307801318,0.0,0.0013564071333731385,0.0
7048,0.0026099299201498187,0.0,0.0013401049860305848,0.0,0.0009051636044343455,0.0
7049,0.0026003004827675853,0.0,0.0014140731061601651,0.0,0.0009783988090615377,0.0
7050,0.00258209042690448,0.0,0.0012797295610898632,0.0,0.0008444416349681801,0.0
7051,0.00257117486068804,0.0,0.0012941167847273444,0.0,0.0008581276901881122,0.0
7052,0.0025642207973317465,0.0,0.0012760606048852889,0.0,0.000839960289282099,0.0
7053,0.0025543885901108104,0.0,0.0011205403862618742,0.0,0.0006826845277721873,0.0
7054,0.0025495543981972728,0.0,0.0011232700731634974,0.0,0.000683612676184662,0.0
7055,0.0025440451462706067,0.0,0.0010514697147924953,0.0,0.0006136527993467391,0.0
7056,0.0025405423869532865,0.0,0.0010199363327342897,0.0,0.0005811904431419846,0.0
7057,0.0025367212926196508,0.0,0.0009290582367621851,0.0,0.0004900788175214699,0.0
7058,0.0025340529385925736,0.0,0.0009627417360450708,0.0,0.0005244522034507154,0.0
7059,0.0025307031442351547,0.0,0.0009330743129936489,0.0,0.0004947649360936507,0.0
7060,0.0025271230708234635,0.0,0.0009070674820093397,0.0,0.00046935373701986315,0.0
7061,0.002524381283086884,0.0,0.0009403533563077141,0.0,0.0005031987615116203,0.0
7062,0.002520357778751734,0.0,0.0009321629583220914,0.0,0.0004939259740902536,0.0
7063,0.002525370756159005,0.0,0.0012329102673855725,0.0,0.0007995333848946145,0.0
7064,0.002528495858922345,0.0,0.0012835245786688345,0.0,0.0008505376075759812,0.0
7065,0.002529149327294521,0.0,0.001251448494342767,0.0,0.0008186685560889052,0.0
7066,0.0025280248472106604,0.0,0.0012073283906550538,0.0,0.0007747783656801028,0.0
7067,0.002527283847910419,0.0,0.001180904996261935,0.0,0.0007484382260197519,0.0
7068,0.0025288265631038653,0.0,0.0012037223674445593,0.0,0.0007706817161082465,0.0
7069,0.0025285370104331777,0.0,0.001196856725691077,0.0,0.0007637709135205901,0.0
7070,0.0025293817450526383,0.0,0.0012096331507849465,0.0,0.0007757470306834441,0.0
7071,0.002530584721285919,0.0,0.001223007076273331,0.0,0.0007898712150166247,0.0
7072,0.0025293689780718142,0.0,0.0012050713737918062,0.0,0.0007726257644563527,0.0
7073,0.0025290649899015367,0.0,0.0012077988565636299,0.0,0.0007753033677137028,0.0
7074,0.0025197508984407496,0.0,0.0010747411720128644,0.0,0.0006415112042390066,0.0
7075,0.0025148341774137513,0.0,0.0010689249058369087,0.0,0.0006347729285027615,0.0
7076,0.0025116497669752857,0.0,0.0010441478823942929,0.0,0.0006098703408530133,0.0
7077,0.0025054481264064595,0.0,0.000878415365919884,0.0,0.0004433154303409867,0.0
7078,0.002502663432239426,0.0,0.0008592231127946028,0.0,0.000421881579281807,0.0
7079,0.00249865159147657,0.0,0.0007967553804932221,0.0,0.0003605327450454932,0.0
7080,0.0024953760599070443,0.0,0.0007738463029710583,0.0,0.00032487962459548637,0.0
7081,0.002492536971393693,0.0,0.0007649620943825986,0.0,0.0003043406066612752,0.0
7082,0.002488984619770867,0.0,0.0007591641060569678,0.0,0.0002877786197414403,0.0
7083,0.0024853179303827265,0.0,0.0007520892458817822,0.0,0.0002739018110015049,0.0
7084,0.002481524839976944,0.0,0.0007450471291602857,0.0,0.0002645614076719079,0.0
7085,0.002479908166555413,0.0,0.0007781052998574428,0.0,0.00028391753983302665,0.0
7086,0.0023303877713623366,0.0,0.0003939265864555015,0.0,-4.624605751620719e-05,0.0
7087,0.0023572109109618712,0.0,0.0007167782646068145,0.0,8.284827202418676e-05,0.0
7088,0.002410571076590676,0.0,0.000973517019888031,0.0,0.0003282304007672125,0.0
7089,0.0024554103963132113,0.0,0.0011691033273922864,0.0,0.0006685878403140696,0.0
7090,0.002487473323886943,0.0,0.0013051854531490146,0.0,0.0008499216725395189,0.0
7091,0.0025153394046625106,0.0,0.001389135558551694,0.0,0.0009558144786431717,0.0
7092,0.002549551770468824,0.0,0.0014507848580756764,0.0,0.001062955675831478,0.0
7093,0.0025879201247156784,0.0,0.0015364703603702441,0.0,0.0011848071812419567,0.0
7094,0.0026183388166904405,0.0,0.0015611712476023452,0.0,0.0012160396175254764,0.0
7095,0.0026388437737954584,0.0,0.0016320217115025394,0.0,0.0012583743900542793,0.0
7096,0.002662068226571082,0.0,0.0016883219947455921,0.0,0.0013071083215568402,0.0
7097,0.0026861201591687296,0.0,0.0017451004998752537,0.0,0.0013656805483332818,0.0
7098,0.0026924839875409152,0.0,0.0017784809259557483,0.0,0.0014074923013343804,0.0
7099,0.002587509924844171,0.0,0.001066179733125838,0.0,0.0005956442081222904,0.0
7100,0.0025616866255262277,0.0,0.001109367281314459,0.0,0.0006300416351698345,0.0
7101,0.0025414588382995707,0.0,0.0009751414258793256,0.0,0.00044682984512672374,0.0
7102,0.0025317069557416905,0.0,0.0009899356961095523,0.0,0.00044477802006953333,0.0
7103,0.0025265729043348066,0.0,0.0009238986732093574,0.0,0.0004884575262724469,0.0
7104,0.00252109868445889,0.0,0.0008831559148713007,0.0,0.00044739813230235473,0.0
7105,0.0025155252761110605,0.0,0.0008200970898214744,0.0,0.0003842085090032068,0.0
7106,0.0025109842946820587,0.0,0.0008228931203948654,0.0,0.0003871309542639466,0.0
7107,0.0025065888705296745,0.0,0.0008088649596408478,0.0,0.00037354814336754984,0.0
7108,0.0025021596985104946,0.0,0.0007980235676264265,0.0,0.00036292903443527354,0.0
7109,0.0024987654833095972,0.0,0.0008174119128378566,0.0,0.00038240180148842477,0.0
7110,0.0024216029824712638,0.0,0.0005058614235959276,0.0,7.469786102842811e-05,0.0
7111,0.002456782643739647,0.0,0.0010711138038803703,0.0,0.0004199057434034338,0.0
7112,0.002506980428789206,0.0,0.0013244148315114002,0.0,0.0007758772805583351,0.0
7113,0.002553404348440474,0.0,0.0015168622739413285,0.0,0.001085203853327687,0.0
7114,0.0025865670895057506,0.0,0.0015701657147703183,0.0,0.0011566871503842498,0.0
7115,0.002616207171175695,0.0,0.0016061676879937567,0.0,0.0011952716415829122,0.0
7116,0.0026490604152624164,0.0,0.001636917993441603,0.0,0.001254233981411338,0.0
7117,0.002685460010558519,0.0,0.0017018271766528748,0.0,0.0013435892319580965,0.0
7118,0.0027132677074983786,0.0,0.001719154800431588,0.0,0.0013661993054738131,0.0
7119,0.0027276977629760225,0.0,0.0017734766267390397,0.0,0.0013925035796680924,0.0
7120,0.0027444056929291165,0.0,0.0018140215935659534,0.0,0.0014244185585006973,0.0
7121,0.0027638840265714433,0.0,0.0018581157368532484,0.0,0.001471203976473671,0.0
7122,0.0027689298415071745,0.0,0.0018869459043652996,0.0,0.0015111680195111867,0.0
7123,0.00263431936404138,0.0,0.0011068985816638003,0.0,0.0006505930160589546,0.0
7124,0.0025991336574515476,0.0,0.001141996336340531,0.0,0.000674167831037298,0.0
7125,0.0025729960232128975,0.0,0.0010019436003954434,0.0,0.00048256184262040623,0.0
7126,0.002558407759524932,0.0,0.0010104123946245696,0.0,0.00047156424817130604,0.0
7127,0.0025491646898449325,0.0,0.0009414720889025037,0.0,0.0005063367588328772,0.0
7128,0.0025407035943391682,0.0,0.000902963066397304,0.0,0.0004675357441826552,0.0
7129,0.0025327541780235463,0.0,0.0008443609351279466,0.0,0.0004087798878494818,0.0
7130,0.002526185285704639,0.0,0.0008454852825674323,0.0,0.00040997509561903497,0.0
7131,0.0025199145625671385,0.0,0.0008293862237364223,0.0,0.0003942811052938466,0.0
7132,0.002513878488069346,0.0,0.0008150962220534637,0.0,0.00038019510833600364,0.0
7133,0.002509164980952077,0.0,0.00083165642841011,0.0,0.00039675984703230107,0.0
7134,0.0024552187282128137,0.0,0.0005718891121810521,0.0,0.00014040432113469848,0.0
7135,0.0024969458399099484,0.0,0.0012276034386645104,0.0,0.0006217526255728372,0.0
7136,0.0025499481586235247,0.0,0.0014398460169173105,0.0,0.0009127703095536907,0.0
7137,0.0025938398788851996,0.0,0.0016067439226003708,0.0,0.0011825329203843083,0.0
7138,0.00262717774503333,0.0,0.001642674404102635,0.0,0.0012350496418279478,0.0
7139,0.002656840011395438,0.0,0.0016750429218856811,0.0,0.0012708981099952806,0.0
7140,0.002697249229408054,0.0,0.0017088194486448661,0.0,0.0013449603625985723,0.0
7141,0.002743077409181543,0.0,0.0017731400565888314,0.0,0.0014447616371230788,0.0
7142,0.002783996900276856,0.0,0.0018028760688706066,0.0,0.0014890892047370696,0.0
7143,0.002819549497161821,0.0,0.0018654845608688734,0.0,0.001550300505957016,0.0
7144,0.0028536661776190093,0.0,0.0019173418243810497,0.0,0.0016021644163510922,0.0
7145,0.002879245203020191,0.0,0.0019675222711466305,0.0,0.0016441303693577611,0.0
7146,0.0028666832341363987,0.0,0.002019339916449531,0.0,0.0016587993356172162,0.0
7147,0.0026942255458985735,0.0,0.001245757238306105,0.0,0.0008078134394922496,0.0
7148,0.0026488505333459107,0.0,0.0012886301066396579,0.0,0.0008481281429016734,0.0
7149,0.0026177566492453378,0.0,0.0010895118029684535,0.0,0.0006414235487316598,0.0
7150,0.002600268918121316,0.0,0.0011071818149570492,0.0,0.0006499920495007315,0.0
7151,0.002585577787097176,0.0,0.0010309604083722024,0.0,0.0005942381527227932,0.0
7152,0.002573914950178744,0.0,0.0009865279513116103,0.0,0.0005496130680573022,0.0
7153,0.002563210521499353,0.0,0.0009056519474643274,0.0,0.00046858676247446963,0.0
7154,0.002554795499497457,0.0,0.0009195510762344521,0.0,0.00048288849582913676,0.0
7155,0.0025468114212877377,0.0,0.0008927455819582211,0.0,0.0004563907390157595,0.0
7156,0.00253922822929402,0.0,0.0008672108330221812,0.0,0.0004309307146483337,0.0
7157,0.0025331731813657324,0.0,0.0008985593185559071,0.0,0.00046286898617315785,0.0
7158,0.002504365799586967,0.0,0.000672978626815977,0.0,0.00024060172094478739,0.0
7159,0.002553247587705668,0.0,0.0014106885726314496,0.0,0.0008611197900500204,0.0
7160,0.0026009663621687634,0.0,0.001574135779714095,0.0,0.0010809809736665329,0.0
7161,0.0026444238343174345,0.0,0.0016831669473368626,0.0,0.0012803819180485215,0.0
7162,0.002678879309437876,0.0,0.0017245352123257116,0.0,0.0013313878169542636,0.0
7163,0.002716690590951405,0.0,0.0017434730642484763,0.0,0.001378497009614837,0.0
7164,0.0027600795444731405,0.0,0.0017788821742251999,0.0,0.0014460848300598696,0.0
7165,0.002802709517880544,0.0,0.0018465642549570416,0.0,0.0015295113962329131,0.0
7166,0.0028404416724086834,0.0,0.0018730116933700109,0.0,0.0015647094897238384,0.0
7167,0.0028755304244605347,0.0,0.0019312780412644411,0.0,0.0016196545677051315,0.0
7168,0.002908673637706901,0.0,0.0019763569384203417,0.0,0.0016618737182080246,0.0
7169,0.0029370282954116803,0.0,0.0020236448772326778,0.0,0.0017078181735555834,0.0
7170,0.0029226202436676892,0.0,0.0020703301882966114,0.0,0.0017220797899518943,0.0
7171,0.0027296358027414725,0.0,0.0012820101461948894,0.0,0.0008504887037303977,0.0
7172,0.002677778811704566,0.0,0.0013133991441837262,0.0,0.0008733918618079629,0.0
7173,0.0026426354381904656,0.0,0.0011215521101244354,0.0,0.0006623409982030647,0.0
7174,0.0026221108043861813,0.0,0.001132259248720474,0.0,0.0006624459394041313,0.0
7175,0.0026054624928564096,0.0,0.0010660503956077389,0.0,0.000629901672516264,0.0
7176,0.002592520528908575,0.0,0.0010282409002591903,0.0,0.000591600960169729,0.0
7177,0.0025809727669831115,0.0,0.0009487313072517177,0.0,0.0005115834031225364,0.0
7178,0.002572277448153132,0.0,0.0009686279442279266,0.0,0.000531495086067562,0.0
7179,0.002564276744380714,0.0,0.000944360247954404,0.0,0.0005071688801730893,0.0
7180,0.0025570064541326843,0.0,0.0009230708661919352,0.0,0.0004854980335961439,0.0
7181,0.0025510891180435214,0.0,0.0009595140131187596,0.0,0.0005225341139679981,0.0
7182,0.0025342342396408035,0.0,0.0007557989823299223,0.0,0.00032202071159620916,0.0
7183,0.002591340926333581,0.0,0.0015813460914334673,0.0,0.0010874823354979511,0.0
7184,0.002637605890674826,0.0,0.001692500344378165,0.0,0.0012294484141440638,0.0
7185,0.0026784048587228217,0.0,0.0017370031222665248,0.0,0.0013448163178637691,0.0
7186,0.0027096185133391624,0.0,0.0017791729708844042,0.0,0.0013863808195465465,0.0
7187,0.0027450461920119507,0.0,0.0018040180429243215,0.0,0.0014289402285319018,0.0
7188,0.0027944171730446676,0.0,0.0018348772137837834,0.0,0.001502883057800102,0.0
7189,0.00284388203149315,0.0,0.0018948577728170764,0.0,0.0015804523485497607,0.0
7190,0.0028889823146579603,0.0,0.001921257428795515,0.0,0.0016162729540451087,0.0
7191,0.0029210336317042193,0.0,0.0019810131844047053,0.0,0.0016644303578639279,0.0
7192,0.0029452696886669624,0.0,0.0020227912904108216,0.0,0.00169737074641523,0.0
7193,0.0029541284573761624,0.0,0.0020539433343426186,0.0,0.0017175319122439228,0.0
7194,0.0029496831937452185,0.0,0.0020994707145603145,0.0,0.001745187795022737,0.0
7195,0.0027538584221572333,0.0,0.001348762174019627,0.0,0.000929663259006238,0.0
7196,0.00270102333078635,0.0,0.0013867623767465193,0.0,0.0009474197973063829,0.0
7197,0.0026643843528219033,0.0,0.001194215294265258,0.0,0.0007512304585909832,0.0
7198,0.0026429455055502976,0.0,0.0012069966866835196,0.0,0.0007680599863837793,0.0
7199,0.002624455309957455,0.0,0.001120160632087229,0.0,0.0006823129493144448,0.0
7200,0.0026105564741204313,0.0,0.0010728022012790512,0.0,0.0006340695023235741,0.0
7201,0.0025980686867556613,0.0,0.0009695421572933492,0.0,0.0005301697710005941,0.0
7202,0.002588308385900651,0.0,0.0009966177017192953,0.0,0.000557993257053794,0.0
7203,0.0025790143991698917,0.0,0.0009648500214886262,0.0,0.0005268213431463334,0.0
7204,0.0025702485851252766,0.0,0.0009376522038910128,0.0,0.0004997484075635003,0.0
7205,0.0025628758689318293,0.0,0.000965294160137919,0.0,0.0005283150899679475,0.0
7206,0.0025546281214064775,0.0,0.0009550162610460964,0.0,0.0005165619241485372,0.0
7207,0.002548962115848312,0.0,0.0011712988117069173,0.0,0.0005980871847545933,0.0
7208,0.0025260246590602343,0.0,0.0008710981935634754,0.0,0.0003478006074905376,0.0
7209,0.002556432519826605,0.0,0.0014032136739374058,0.0,0.0009329985611536884,0.0
7210,0.0025734292143054427,0.0,0.0014661841356238305,0.0,0.001000542100803317,0.0
7211,0.002595067182964605,0.0,0.0015366864144987424,0.0,0.0010852893913915643,0.0
7212,0.0026110753296570135,0.0,0.0015917926400334712,0.0,0.0011523701160592588,0.0
7213,0.0026200171324482846,0.0,0.00159189928136177,0.0,0.001142430015083256,0.0
7214,0.0026326353128101063,0.0,0.0016375925848442806,0.0,0.0011970175558542093,0.0
7215,0.0026447166213882335,0.0,0.0016732194407280624,0.0,0.0012345128125768631,0.0
7216,0.002587587872980928,0.0,0.001199748885243715,0.0,0.0007472831089312204,0.0
7217,0.0025803985488923077,0.0,0.001298448720349309,0.0,0.0008423796991029802,0.0
7218,0.0025623918501264252,0.0,0.0011531087189473814,0.0,0.0006636293214386418,0.0
7219,0.0025543007629568407,0.0,0.001169742011373453,0.0,0.0007343339384192585,0.0
7220,0.00254825636379411,0.0,0.0011486382974413222,0.0,0.0007132465205200605,0.0
7221,0.002539481260643563,0.0,0.0010085075392674077,0.0,0.000572091043339176,0.0
7222,0.002534794356249521,0.0,0.0009989898668918975,0.0,0.0005614551659503717,0.0
7223,0.0025291258927035657,0.0,0.000929746225373946,0.0,0.0004943290525217497,0.0
7224,0.002524875469111422,0.0,0.0008888085621143508,0.0,0.0004531740544414704,0.0
7225,0.00252031679481017,0.0,0.0008253281953804041,0.0,0.0003902966850123815,0.0
7226,0.002516264855329355,0.0,0.0008231929331891882,0.0,0.00038844413345889383,0.0
7227,0.002511770848522106,0.0,0.0008012195859323965,0.0,0.00036682811709848567,0.0
7228,0.002506726888705706,0.0,0.0007895051364124473,0.0,0.00034595695920122465,0.0
7229,0.0025018156142384493,0.0,0.0008052221884755598,0.0,0.00033899464976114204,0.0
7230,0.0024955531014915515,0.0,0.0008039199889339715,0.0,0.00032855793381033694,0.0
7231,0.0024963204998225404,0.0,0.001008441571549162,0.0,0.0005229694603831043,0.0
7232,0.0024985267571736303,0.0,0.001077557242640525,0.0,0.0005943237036464503,0.0
7233,0.0025010916368242197,0.0,0.0010931813395959394,0.0,0.0006320330690261753,0.0
7234,0.002504211214615462,0.0,0.0011045939844377738,0.0,0.0006551602501872313,0.0
7235,0.0025066817799180726,0.0,0.0011059259078726109,0.0,0.0006612313080431049,0.0
7236,0.0025110598851494446,0.0,0.0011425767806883843,0.0,0.0007003696851357432,0.0
7237,0.002514774348084118,0.0,0.0011669711291272373,0.0,0.000730534011218556,0.0
7238,0.002519430522558308,0.0,0.0012056599711584503,0.0,0.0007713091665222363,0.0
7239,0.0025233207381197328,0.0,0.001230132945770688,0.0,0.0007970076638016096,0.0
7240,0.00252677232528793,0.0,0.0012520490071847006,0.0,0.0008196259035466939,0.0
7241,0.0025285938930632397,0.0,0.0012548758653141358,0.0,0.000822144536920313,0.0
7242,0.0025185394792279475,0.0,0.0011048568004781065,0.0,0.000664057898635247,0.0
7243,0.002512047588406496,0.0,0.0010666381510621085,0.0,0.0006134427987437182,0.0
7244,0.0025076238871360613,0.0,0.0010263912836378619,0.0,0.0005660631970173591,0.0
7245,0.0024996875949783656,0.0,0.0008633564206423172,0.0,0.0003791418601315471,0.0
7246,0.0024953484515659787,0.0,0.000847003817340093,0.0,0.00035876151346613287,0.0
7247,0.0024893216455344107,0.0,0.0008092539290732593,0.0,0.0003108777978526006,0.0
7248,0.0024858306294369328,0.0,0.0007834651872540561,0.0,0.0002908892705983019,0.0
7249,0.002483035816273595,0.0,0.0007730039033168278,0.0,0.00027363988527064217,0.0
7250,0.0024802589979917274,0.0,0.0007604155271018352,0.0,0.0002674521767954774,0.0
7251,0.0024764535273847036,0.0,0.0007588034904712773,0.0,0.0002529452716425627,0.0
7252,0.0024735322005841375,0.0,0.000747932853267803,0.0,0.00025037274693343785,0.0
7253,0.0024726920143247483,0.0,0.0007841692171964162,0.0,0.00026573470361477723,0.0
7254,0.0023178336564407586,0.0,0.0003829685274516595,0.0,-5.880941338579928e-05,0.0
7255,0.002341008242664507,0.0,0.0007021156065808534,0.0,5.936109782107325e-05,0.0
7256,0.002398332762964613,0.0,0.0009481497475511062,0.0,0.00028956111005126696,0.0
7257,0.00243870373288732,0.0,0.001098439271772662,0.0,0.0005488733670136719,0.0
7258,0.0024669837639064605,0.0,0.0012036269769441956,0.0,0.0006969375492322746,0.0
7259,0.002491089496215754,0.0,0.0012768135012524442,0.0,0.0008045717542535776,0.0
7260,0.0025165331337832636,0.0,0.0013670347936314132,0.0,0.0009260443712922491,0.0
7261,0.0025429193555699973,0.0,0.001474476761515094,0.0,0.0010474522299098396,0.0
7262,0.002570047164877093,0.0,0.0014973988894897623,0.0,0.0010927051967365936,0.0
7263,0.0025956230342499154,0.0,0.0015709740944315858,0.0,0.0011636488935265806,0.0
7264,0.0026238965922479934,0.0,0.0016393882302786213,0.0,0.0012350131804960253,0.0
7265,0.00265227852895797,0.0,0.0016994142448427572,0.0,0.0013077419262411205,0.0
7266,0.002664645719038721,0.0,0.0017409694972123923,0.0,0.0013655374088384852,0.0
7267,0.002568380997004781,0.0,0.0010434817135146822,0.0,0.0005540587068157343,0.0
7268,0.0025460887340725113,0.0,0.0010897615995436663,0.0,0.0005981534441835757,0.0
7269,0.002528599478747724,0.0,0.0009654708351434914,0.0,0.00042729435593694327,0.0
7270,0.0025216972830387615,0.0,0.0009862033968328343,0.0,0.0004398053555128012,0.0
7271,0.0025187920319051016,0.0,0.0009284510235350735,0.0,0.0004922685084155333,0.0
7272,0.002515388884202067,0.0,0.000892958096954383,0.0,0.0004565517870850984,0.0
7273,0.002511651861903986,0.0,0.0008243346505492847,0.0,0.00038707582754000393,0.0
7274,0.002508667400338555,0.0,0.0008361596050701328,0.0,0.0003994334969253876,0.0
7275,0.0025051843149842892,0.0,0.0008093186344846003,0.0,0.0003724860397221123,0.0
7276,0.0025007352196387157,0.0,0.0007806975056672651,0.0,0.00034475601728810204,0.0
7277,0.002497394806485974,0.0,0.0007913776298187974,0.0,0.0003554755748887981,0.0
7278,0.002427043067964861,0.0,0.0005043613907670038,0.0,7.31069433490964e-05,0.0
7279,0.0024664197260905593,0.0,0.0011135719249434387,0.0,0.0004809908456221545,0.0
7280,0.0025131036975610983,0.0,0.0013500215730382695,0.0,0.0008101981219151184,0.0
7281,0.0025509091847293287,0.0,0.0014866948359297224,0.0,0.0010372146910493638,0.0
7282,0.0025778153493063167,0.0,0.0015474385764325806,0.0,0.0011190342589876756,0.0
7283,0.0025994118227516323,0.0,0.0015591669866122382,0.0,0.0011366144377643601,0.0
7284,0.0026226572220012993,0.0,0.0015841852639761334,0.0,0.0011745296747488728,0.0
7285,0.0026453785033901467,0.0,0.0016407955691950021,0.0,0.0012368551291675428,0.0
7286,0.002664244587757672,0.0,0.0016398702162231723,0.0,0.0012440994599621897,0.0
7287,0.002681014830808147,0.0,0.001681473898969621,0.0,0.0012808429818443661,0.0
7288,0.002696833623231751,0.0,0.001711479345926491,0.0,0.0013105956528484562,0.0
7289,0.002714333358989904,0.0,0.0017504219420666513,0.0,0.0013563318057024884,0.0
7290,0.0027186132377558796,0.0,0.0017906356451852054,0.0,0.0014013618827792636,0.0
7291,0.0026000452174722655,0.0,0.0010428867847233397,0.0,0.0005035207390019589,0.0
7292,0.002567963921443479,0.0,0.0010596551416068856,0.0,0.0005234040890823325,0.0
7293,0.0025432112131465187,0.0,0.0009508843959089898,0.0,0.0003763138886199659,0.0
7294,0.0025303099576722277,0.0,0.0009527667885419343,0.0,0.00036958251614580386,0.0
7295,0.0025262167305213678,0.0,0.000870827305609174,0.0,0.00043616392116500847,0.0
7296,0.0025202052478299182,0.0,0.0008450600994726128,0.0,0.00041030424887978376,0.0
7297,0.0025143644013055715,0.0,0.0008131572527051833,0.0,0.00037863601303561134,0.0
7298,0.0025096699751381095,0.0,0.0008102383827414518,0.0,0.0003754856152860457,0.0
7299,0.0025053524274469014,0.0,0.0007961788266030211,0.0,0.0003615039815379063,0.0
7300,0.0025010654702819967,0.0,0.0007805447810936906,0.0,0.00034580544698679873,0.0
7301,0.002498103606396603,0.0,0.0007990700172938669,0.0,0.0003641952554652116,0.0
7302,0.002442660574801356,0.0,0.000550937253698229,0.0,0.00011947066838871817,0.0
7303,0.002485609923951791,0.0,0.0012098076306362642,0.0,0.0006008253019414223,0.0
7304,0.002538161527967049,0.0,0.0014253162327101374,0.0,0.0008972726029371424,0.0
7305,0.0025810706149493098,0.0,0.001587295813916469,0.0,0.0011608180675210366,0.0
7306,0.0026137157254898435,0.0,0.001625087111092443,0.0,0.0012146536631658946,0.0
7307,0.0026409332357597527,0.0,0.0016554706524460176,0.0,0.0012441832359653417,0.0
7308,0.0026782570225392715,0.0,0.0016921272815481,0.0,0.0013150844308998785,0.0
7309,0.0027205233139353784,0.0,0.0017515675161755768,0.0,0.001409983842040957,0.0
7310,0.0027578414151322225,0.0,0.0017743440794341944,0.0,0.0014474152420310927,0.0
7311,0.00277253583661396,0.0,0.00183746115763539,0.0,0.0014751375133915854,0.0
7312,0.0027877904330614626,0.0,0.0018794125489467299,0.0,0.0015018070798991094,0.0
7313,0.0028023305211816573,0.0,0.001923394066453992,0.0,0.0015375147148899418,0.0
7314,0.0028060791946848576,0.0,0.0019565336913349198,0.0,0.0015787458236833046,0.0
7315,0.0026585655876506208,0.0,0.0011466644192763419,0.0,0.0007044245086889331,0.0
7316,0.0026202992282434398,0.0,0.0011976496792903005,0.0,0.0007570355742462099,0.0
7317,0.0025930519182032893,0.0,0.0010155896958826025,0.0,0.0005488156714615298,0.0
7318,0.0025778063861289433,0.0,0.0010347577665056622,0.0,0.0005466290343674356,0.0
7319,0.0025657989909123294,0.0,0.0009658513200932928,0.0,0.0005294116894731247,0.0
7320,0.002556170783341366,0.0,0.000926363962633353,0.0,0.0004898368389985462,0.0
7321,0.0025471983580391917,0.0,0.0008573146631717667,0.0,0.00042026709533211806,0.0
7322,0.0025397824041368507,0.0,0.0008640468267338685,0.0,0.00042761417279010643,0.0
7323,0.002532775382849216,0.0,0.0008384059325911861,0.0,0.0004018993718755441,0.0
7324,0.0025259227627018937,0.0,0.0008163339593506838,0.0,0.00038026128078326926,0.0
7325,0.0025204753306931715,0.0,0.000850708945591474,0.0,0.0004149458782909583,0.0
7326,0.0024873744174281416,0.0,0.0006381145149499548,0.0,0.00020601780084121514,0.0
7327,0.0025347963961420334,0.0,0.0013634418749856958,0.0,0.0008029674939347064,0.0
7328,0.0025817571763728305,0.0,0.0015271559783419223,0.0,0.0010248067415728102,0.0
7329,0.0026214680678068487,0.0,0.0016413074205772957,0.0,0.0012298387603245685,0.0
7330,0.002651392351005694,0.0,0.001675558273555021,0.0,0.00127150728231251,0.0
7331,0.002680051787696657,0.0,0.0017075286938702976,0.0,0.0013058658906251056,0.0
7332,0.002714518595930723,0.0,0.0017368993864020634,0.0,0.0013643793767260373,0.0
7333,0.0027503450290133754,0.0,0.0017989859323866762,0.0,0.0014444085584284726,0.0
7334,0.0027854203154935716,0.0,0.0018178674146905416,0.0,0.0014797189535996238,0.0
7335,0.002820293070868354,0.0,0.0018747767588667898,0.0,0.0015431309785434839,0.0
7336,0.0028359108702731292,0.0,0.0019201098724512414,0.0,0.0015646423973346827,0.0
7337,0.0028527800696356628,0.0,0.001967505591983741,0.0,0.0016026143644201235,0.0
7338,0.0028499329150727644,0.0,0.0020087467501727933,0.0,0.0016330529063975133,0.0
7339,0.0026879144938381913,0.0,0.0012260190007768368,0.0,0.0007848264109009179,0.0
7340,0.0026451825556518998,0.0,0.0012642225828933687,0.0,0.0008239025129533777,0.0
7341,0.002615716270852203,0.0,0.0010769555681864292,0.0,0.0006327190517428085,0.0
7342,0.0025995290698621245,0.0,0.0011049804148111722,0.0,0.0006625901729741606,0.0
7343,0.002585656864005262,0.0,0.0010368858015237837,0.0,0.0005999139173399504,0.0
7344,0.00257485774970886,0.0,0.000994904902190877,0.0,0.0005573313988261228,0.0
7345,0.002564760209780558,0.0,0.0009075556086056296,0.0,0.0004696910896955604,0.0
7346,0.0025569291769100356,0.0,0.0009251580726430627,0.0,0.0004876455525459065,0.0
7347,0.002549712661563816,0.0,0.0009004381144178367,0.0,0.0004630946616765526,0.0
7348,0.0025430141612252577,0.0,0.0008790440182518092,0.0,0.0004415845777419945,0.0
7349,0.0025379077227152607,0.0,0.0009194764391201584,0.0,0.000482641942538019,0.0
7350,0.002520159668327619,0.0,0.0007218801176687316,0.0,0.0002883577687129168,0.0
7351,0.002576812638402254,0.0,0.0015586110913419088,0.0,0.0010649916140024426,0.0
7352,0.002619900851297217,0.0,0.0016455351856234275,0.0,0.0011709210190131779,0.0
7353,0.0026562922506732905,0.0,0.0016996043031745512,0.0,0.00129952397368949,0.0
7354,0.0026801605720129717,0.0,0.0017160188195370033,0.0,0.001316918418859712,0.0
7355,0.002701047748336909,0.0,0.0017321350337200431,0.0,0.0013288483265982295,0.0
7356,0.00272586592095972,0.0,0.001767547636543502,0.0,0.001370347231147007,0.0
7357,0.0027500932364425165,0.0,0.0018200158541104856,0.0,0.0014290653967764981,0.0
7358,0.0027663114920436723,0.0,0.001820375498098485,0.0,0.001430749981591076,0.0
7359,0.0027990046540962415,0.0,0.0018676175228425822,0.0,0.0015040603554041946,0.0
7360,0.0028515782346120407,0.0,0.0019310033768988211,0.0,0.0015934427319014132,0.0
7361,0.002889568002125164,0.0,0.0019857614335578623,0.0,0.0016557038632832428,0.0
7362,0.002876930771196909,0.0,0.002034325618350482,0.0,0.0016668034623585695,0.0
7363,0.0027032997995092662,0.0,0.0012461711259541175,0.0,0.0008074460748028133,0.0
7364,0.0026572688817039845,0.0,0.0012728134433217572,0.0,0.0008327068142259292,0.0
7365,0.0026260279258279217,0.0,0.0010908553953210573,0.0,0.0006389363892017853,0.0
7366,0.0026079072403978622,0.0,0.0011045044907869496,0.0,0.0006409129307271004,0.0
7367,0.0025925924852256196,0.0,0.0010344371496303587,0.0,0.0005982494333492364,0.0
7368,0.00258060055731411,0.0,0.000994056394385277,0.0,0.0005578995631087432,0.0
7369,0.0025698176306531246,0.0,0.0009210239351248701,0.0,0.00048425107159042694,0.0
7370,0.002561242758262377,0.0,0.0009287266594240914,0.0,0.0004925553555511161,0.0
7371,0.002553041865586926,0.0,0.0008979776386411455,0.0,0.0004616837972617482,0.0
7372,0.002545310963745066,0.0,0.0008725416433214219,0.0,0.0004366240998881915,0.0
7373,0.002538601024827388,0.0,0.0008903823617969846,0.0,0.0004547951408287068,0.0
7374,0.002530936943010937,0.0,0.000878626295979353,0.0,0.0004419867079129814,0.0
7375,0.0025144343782140177,0.0,0.0010635834925998597,0.0,0.0004358633175349628,0.0
7376,0.0024744929133106806,0.0,0.0007560799712436385,0.0,0.00022424355993764058,0.0
7377,0.0025129809739010732,0.0,0.001235293567757301,0.0,0.0007331676580193875,0.0
7378,0.002543909606484017,0.0,0.0014232299233318069,0.0,0.0009606333943418426,0.0
7379,0.0025800896532773713,0.0,0.001560731682461592,0.0,0.001139254928787207,0.0
7380,0.0026146463613161836,0.0,0.0015829834097057158,0.0,0.0012312412832838921,0.0
7381,0.002643417022023104,0.0,0.001612771706131936,0.0,0.0012917822437009206,0.0
7382,0.0026692254618244,0.0,0.001651046353294846,0.0,0.0013409121717913252,0.0
7383,0.0026888774716916537,0.0,0.0017019576916193246,0.0,0.0013787822047238306,0.0
7384,0.002621610658760868,0.0,0.0012811687107165638,0.0,0.0010262819141433417,0.0
7385,0.002609600943700526,0.0,0.001392628948464567,0.0,0.0010500769406866551,0.0
7386,0.0025786187753526345,0.0,0.001214314147779377,0.0,0.0007482743497054308,0.0
7387,0.0025640277432342536,0.0,0.0012027705391923962,0.0,0.0007665765669314004,0.0
7388,0.002556376393121783,0.0,0.001206931973719811,0.0,0.0007710116213238613,0.0
7389,0.0025458731234451596,0.0,0.0010484984049485425,0.0,0.0006113544044179437,0.0
7390,0.002540241309430553,0.0,0.001040142569896814,0.0,0.0006019799906934404,0.0
7391,0.0025342464175771512,0.0,0.0009747503693288255,0.0,0.000538707188468045,0.0
7392,0.0025303733669943583,0.0,0.0009429495185757334,0.0,0.0005068949315892518,0.0
7393,0.002526229225845953,0.0,0.0008724102963932865,0.0,0.0004363484782767587,0.0
7394,0.002522888619627689,0.0,0.0008857280451387841,0.0,0.0004502032191858775,0.0
7395,0.00251906980095648,0.0,0.0008552719284302449,0.0,0.00041951068845906395,0.0
7396,0.002515033972847484,0.0,0.0008281194459495173,0.0,0.0003925309019453503,0.0
7397,0.002511765666958237,0.0,0.0008492678688934085,0.0,0.0004138660331521886,0.0
7398,0.002507257960035568,0.0,0.0008357253322159937,0.0,0.00039892541182750554,0.0
7399,0.0025116395571990785,0.0,0.0011414487454366618,0.0,0.0007083123431423294,0.0
7400,0.0025144502304785595,0.0,0.001197654154439375,0.0,0.0007647724953307935,0.0
7401,0.0025152701493755857,0.0,0.0011791883612628428,0.0,0.0007465371046001287,0.0
7402,0.0025167234378489067,0.0,0.0011725101151617778,0.0,0.0007400004380902624,0.0
7403,0.0025200037345274643,0.0,0.0011868643944452017,0.0,0.0007544620142482786,0.0
7404,0.0025246010661648835,0.0,0.0012288044613623862,0.0,0.0007956163880506045,0.0
7405,0.002528453631499856,0.0,0.001255994909045178,0.0,0.0008234378336579055,0.0
7406,0.002535630527919363,0.0,0.0013138906026221521,0.0,0.0008939901868614917,0.0
7407,0.0025409634812490773,0.0,0.0013527935856499915,0.0,0.0009286224781428834,0.0
7408,0.0025442865585402676,0.0,0.0013717561854378504,0.0,0.000939257203656994,0.0
7409,0.002545375659930321,0.0,0.0013606795384805226,0.0,0.0009280330521044403,0.0
7410,0.002530845814882372,0.0,0.0011462534586521734,0.0,0.0007125185208829514,0.0
7411,0.0025255702648379857,0.0,0.0011833902212700905,0.0,0.0007488952728010995,0.0
7412,0.002521640498239528,0.0,0.001145845610867442,0.0,0.0007113355105276195,0.0
7413,0.0025146567322116217,0.0,0.0009826071618124744,0.0,0.0005473550485053733,0.0
7414,0.002511585350715879,0.0,0.0009719146538672348,0.0,0.0005345903607454458,0.0
7415,0.0025074178214243804,0.0,0.0008959451204011044,0.0,0.00046043310426813373,0.0
7416,0.002504609375522892,0.0,0.0008481282983860039,0.0,0.0004121492727528009,0.0
7417,0.0025019193166150935,0.0,0.0007786306809889649,0.0,0.0003418083434416502,0.0
7418,0.00250004781173376,0.0,0.000790793937936375,0.0,0.00035394896768974017,0.0
7419,0.002497927867215024,0.0,0.0007728769991324057,0.0,0.0003366434022456818,0.0
7420,0.002495777256961206,0.0,0.0007594902197272685,0.0,0.00032280624754125694,0.0
7421,0.0024934897496836123,0.0,0.0007507484609080119,0.0,0.00031050059407206,0.0
7422,0.0024925472236067463,0.0,0.0007852221541983964,0.0,0.000337118709585161,0.0
7423,0.0023482233172593377,0.0,0.00039496584468969313,0.0,-3.7305999531845485e-05,0.0
7424,0.002389234848770902,0.0,0.000740183975560773,0.0,0.0001229791517168066,0.0
7425,0.0024375775616189074,0.0,0.0010491795873463542,0.0,0.00043232467359588457,0.0
7426,0.0024745489211769507,0.0,0.0012234896491703532,0.0,0.0007411945438701047,0.0
7427,0.002502398281325399,0.0,0.0013427717183284726,0.0,0.0009018496637245338,0.0
7428,0.0025279175170377383,0.0,0.001404225930996745,0.0,0.0009804481904644564,0.0
7429,0.002552723757763503,0.0,0.0014525944555975928,0.0,0.0010450637292967306,0.0
7430,0.002578032332729889,0.0,0.0015317754222952764,0.0,0.0011351538950299185,0.0
7431,0.0025996698754246652,0.0,0.001543576452986638,0.0,0.001152413639169297,0.0
7432,0.0026202827410399592,0.0,0.001603844442101858,0.0,0.0012054080470131172,0.0
7433,0.0026396104255864087,0.0,0.0016432299552695,0.0,0.001244082952065692,0.0
7434,0.002659739436674441,0.0,0.0016877056851194252,0.0,0.0012967300007906573,0.0
7435,0.0026690130889336196,0.0,0.0017340037402908362,0.0,0.0013549185272201344,0.0
7436,0.002574260071483172,0.0,0.0010389985597347728,0.0,0.0005196189785789428,0.0
7437,0.0025512084884408096,0.0,0.0010805077946716745,0.0,0.0005635966817379545,0.0
7438,0.0025324837498883635,0.0,0.0009647780332165284,0.0,0.0004024374162546868,0.0
7439,0.0025242282925143763,0.0,0.0009785698228575725,0.0,0.0004055723909876265,0.0
7440,0.002521389974024871,0.0,0.0009068300796065247,0.0,0.0004709392297707999,0.0
7441,0.00251732450787675,0.0,0.0008666476151894707,0.0,0.0004305162468994533,0.0
7442,0.0025130417077261352,0.0,0.0007986480371487555,0.0,0.0003618222423769973,0.0
7443,0.002509652975972493,0.0,0.0008046398194493808,0.0,0.0003681199213693416,0.0
7444,0.0025061853019195173,0.0,0.0007829679969893891,0.0,0.0003463140138314502,0.0
7445,0.002502813329655922,0.0,0.0007716380929809826,0.0,0.00033539844273737713,0.0
7446,0.00250052346488091,0.0,0.0008019441168362344,0.0,0.00036553602042867445,0.0
7447,0.002430308254566659,0.0,0.0005023478070957375,0.0,7.107354887802328e-05,0.0
7448,0.0024728514549401505,0.0,0.0011371076712798078,0.0,0.0005114771671295316,0.0
7449,0.002519398054999884,0.0,0.0013746591175822678,0.0,0.0008432222430054177,0.0
7450,0.0025575088826041113,0.0,0.001519428403334245,0.0,0.0010821722359250273,0.0
7451,0.0025850225406966526,0.0,0.0015651106433881474,0.0,0.0011453225403355687,0.0
7452,0.002607610452735626,0.0,0.0015774937701163209,0.0,0.0011609499755915655,0.0
7453,0.002630646721643635,0.0,0.0016039209276730376,0.0,0.0011969809637821399,0.0
7454,0.0026544172428771486,0.0,0.0016640461959146716,0.0,0.001263779698286639,0.0
7455,0.0026743287496105595,0.0,0.0016662281648200247,0.0,0.0012729516696254701,0.0
7456,0.002691596216061817,0.0,0.0017104771339410184,0.0,0.0013112893238208401,0.0
7457,0.002708046649317098,0.0,0.0017423959234606214,0.0,0.0013425429584533934,0.0
7458,0.002726965539662042,0.0,0.0017842409066859209,0.0,0.00139227111239637,0.0
7459,0.0027342099638720807,0.0,0.0018275262820775446,0.0,0.0014460655923218906,0.0
7460,0.0026127685775145597,0.0,0.0010409221307445468,0.0,0.0005364585732944959,0.0
7461,0.0025823510783374816,0.0,0.001098644751032651,0.0,0.0005973173065252726,0.0
7462,0.002559115129520332,0.0,0.0009683444809371726,0.0,0.0004198782031690151,0.0
7463,0.002547428240669951,0.0,0.0009813549214330243,0.0,0.0004228510414947266,0.0
7464,0.002540689844965187,0.0,0.0008964182472444139,0.0,0.00046026765037740307,0.0
7465,0.002534629957830736,0.0,0.0008650040757719624,0.0,0.00042843708519801015,0.0
7466,0.002529189767598288,0.0,0.000810340100088043,0.0,0.0003729392782312222,0.0
7467,0.002524542380092423,0.0,0.0008195718364077949,0.0,0.00038240731311522534,0.0
7468,0.002519938635854881,0.0,0.000795017133951931,0.0,0.00035761485886185427,0.0
7469,0.002515580448828262,0.0,0.0007745547045993799,0.0,0.0003371924826004323,0.0
7470,0.0025125059292449934,0.0,0.0008222563042753605,0.0,0.00038523406405193447,0.0
7471,0.0024713888556605603,0.0,0.0005709921752561692,0.0,0.0001390905273828476,0.0
7472,0.002523620372081475,0.0,0.0013816485796090754,0.0,0.0008424598020331192,0.0
7473,0.0025746773333866517,0.0,0.0015682248368796344,0.0,0.0010916528120936343,0.0
7474,0.0026131726949833174,0.0,0.001632558479641255,0.0,0.0012311568674835418,0.0
7475,0.0026394965276569865,0.0,0.0016632927145932396,0.0,0.001260312255948528,0.0
7476,0.0026593341915943187,0.0,0.0016712980137893309,0.0,0.0012639212611420632,0.0
7477,0.0026802972725265355,0.0,0.0016930060644132436,0.0,0.0012915811211395285,0.0
7478,0.002703557206863734,0.0,0.0017466184074389397,0.0,0.0013527314833116331,0.0
7479,0.0027223868106296773,0.0,0.0017516262556902544,0.0,0.0013599920441686032,0.0
7480,0.0027388209623391193,0.0,0.0017929851816561105,0.0,0.0013956369962012365,0.0
7481,0.002754237221852587,0.0,0.0018198839044679287,0.0,0.001422074726149621,0.0
7482,0.0027721452760582966,0.0,0.0018578973910470386,0.0,0.0014670607406209431,0.0
7483,0.002779026883833975,0.0,0.001898035491526716,0.0,0.0015194391308823718,0.0
7484,0.0026442723161395135,0.0,0.0011013359934176309,0.0,0.0006542405361874633,0.0
7485,0.002609807449781259,0.0,0.0011548072099833706,0.0,0.0007081596580609157,0.0
7486,0.0025852971371454923,0.0,0.0010006184773943658,0.0,0.0005167944721440219,0.0
7487,0.0025724857561132347,0.0,0.001024767420294671,0.0,0.0005338596207032505,0.0
7488,0.0025621642643403673,0.0,0.0009529130323194393,0.0,0.0005158623556196426,0.0
7489,0.002553900342188785,0.0,0.0009121008745422406,0.0,0.00047451981369952276,0.0
7490,0.0025465632046451554,0.0,0.0008408932700808675,0.0,0.00040229477003455596,0.0
7491,0.002540639581554644,0.0,0.0008514415758346658,0.0,0.00041312144831863636,0.0
7492,0.0025349417559427595,0.0,0.0008222076898327325,0.0,0.0003836619663538535,0.0
7493,0.002529967047165616,0.0,0.0008045922352850527,0.0,0.00036602669107921293,0.0
7494,0.002526375649825133,0.0,0.0008576816289920116,0.0,0.00041950664606395303,0.0
7495,0.002503808560449199,0.0,0.0006415098344087799,0.0,0.0002085124261808841,0.0
7496,0.0025593155522408532,0.0,0.0015350385960730473,0.0,0.0010415011292178547,0.0
7497,0.002607044408089028,0.0,0.0016559908160262433,0.0,0.001194505993089831,0.0
7498,0.0026448210462981445,0.0,0.0016897300598603686,0.0,0.0012922977864152359,0.0
7499,0.002670095350894742,0.0,0.0017154400179606123,0.0,0.0013144571060737975,0.0
7500,0.002693060440379733,0.0,0.0017368742035497864,0.0,0.001331781062873458,0.0
7501,0.0027183956947404494,0.0,0.0017697198509073586,0.0,0.001370973975594695,0.0
7502,0.002745110580932796,0.0,0.0018280042485253366,0.0,0.0014361507941321023,0.0
7503,0.002768223803440428,0.0,0.0018387428881204732,0.0,0.0014477583971372076,0.0
7504,0.002786728273840234,0.0,0.0018766844853395656,0.0,0.0014813932509889524,0.0
7505,0.0028039798095941286,0.0,0.0019017519950581864,0.0,0.0015069008585608104,0.0
7506,0.0028165959667431463,0.0,0.001920145748020858,0.0,0.0015304749966484569,0.0
7507,0.0028189692869722456,0.0,0.001948592759035149,0.0,0.001568913415691318,0.0
7508,0.002669957426473843,0.0,0.0011370303812870315,0.0,0.0006745400621102138,0.0
7509,0.0026295646769431734,0.0,0.001168365318070416,0.0,0.0006835357518513677,0.0
7510,0.0025998068639430964,0.0,0.0010258286042171274,0.0,0.00048542121165691485,0.0
7511,0.0025827394415838005,0.0,0.0010320396351638406,0.0,0.00047617361449086,0.0
7512,0.002571514061516572,0.0,0.0009575054414908992,0.0,0.0005220052921487996,0.0
7513,0.0025612110704641847,0.0,0.0009197260353619812,0.0,0.00048413679942390926,0.0
7514,0.0025514641217012023,0.0,0.0008561057355411118,0.0,0.0004202173343447798,0.0
7515,0.0025433161201055274,0.0,0.0008544829664600664,0.0,0.00041893571704421984,0.0
7516,0.0025356039855471673,0.0,0.000837165825129018,0.0,0.0004019748439708585,0.0
7517,0.0025282317274381797,0.0,0.0008227257620057242,0.0,0.0003879895702701317,0.0
7518,0.0025217069280593415,0.0,0.0008280599594976063,0.0,0.0003934669688085623,0.0
7519,0.002489443079713041,0.0,0.0006645056267021185,0.0,0.0002324643427407489,0.0
7520,0.0025260274949023276,0.0,0.0012895316802492964,0.0,0.0006982946083986111,0.0
7521,0.002571272150734956,0.0,0.0014558957318976825,0.0,0.0009287378812896513,0.0
7522,0.0026069815069896195,0.0,0.001569524883861663,0.0,0.001120121279509484,0.0
7523,0.002630927641882003,0.0,0.0016143586060290013,0.0,0.0011809925830102265,0.0
7524,0.002650933443670266,0.0,0.001632483984918153,0.0,0.0012081554171523919,0.0
7525,0.002672125742271967,0.0,0.0016502703776931462,0.0,0.001238303018850132,0.0
7526,0.002692308120498355,0.0,0.0017015121652335697,0.0,0.0012926906835445,0.0
7527,0.002709982199424056,0.0,0.0016974712804260748,0.0,0.001298449642906277,0.0
7528,0.0027251029268686887,0.0,0.0017344895258852185,0.0,0.0013312596593536901,0.0
7529,0.0027381519707281956,0.0,0.001759491893634093,0.0,0.0013547251160342414,0.0
7530,0.002752872318169356,0.0,0.001795213918621141,0.0,0.0013952791713325989,0.0
7531,0.002754702293060408,0.0,0.0018360818511027053,0.0,0.0014381459151974357,0.0
7532,0.0026258735169776715,0.0,0.0010399873260529067,0.0,0.0004940083356424192,0.0
7533,0.002591157223274329,0.0,0.001072169705231128,0.0,0.0005346093476519304,0.0
7534,0.0025639227896715536,0.0,0.0009572933052069256,0.0,0.0003820136851732628,0.0
7535,0.0025484468455179857,0.0,0.00095553660541658,0.0,0.0003699178392464885,0.0
7536,0.0025424367267649958,0.0,0.0008738356165294261,0.0,0.0004397788533046262,0.0
7537,0.002534207149991223,0.0,0.0008477295515939641,0.0,0.0004139270900569542,0.0
7538,0.0025262190341516794,0.0,0.0008208134069498454,0.0,0.0003875225251593795,0.0
7539,0.0025189421572688513,0.0,0.0008099883439176498,0.0,0.00037688389666979023,0.0
7540,0.0025115288951579042,0.0,0.0007936616935338195,0.0,0.0003550072148729253,0.0
7541,0.002503535397585961,0.0,0.0007858982619109902,0.0,0.00033184747108441727,0.0
7542,0.002495697624964017,0.0,0.0007924092191490828,0.0,0.00031936391477381315,0.0
7543,0.0024873539142873857,0.0,0.0007855501342667729,0.0,0.00030956304030865084,0.0
7544,0.0024868074224834507,0.0,0.0009490496517658353,0.0,0.00045271181173473407,0.0
7545,0.002488296163841758,0.0,0.0010162366030165842,0.0,0.0005342484863416104,0.0
7546,0.0024891309174457877,0.0,0.0010335204272776304,0.0,0.00056824715809363,0.0
7547,0.0024906458255774884,0.0,0.0010376956639193496,0.0,0.0005830374326214495,0.0
7548,0.002494147673705668,0.0,0.0010643167678024354,0.0,0.0006110970311018777,0.0
7549,0.002498809786876721,0.0,0.001093520309958556,0.0,0.0006454127616359084,0.0
7550,0.002502653587065003,0.0,0.0011147217062669906,0.0,0.0006696217519096468,0.0
7551,0.0025059399236857377,0.0,0.0011328988121573236,0.0,0.0006903657739963764,0.0
7552,0.0025092304368057703,0.0,0.001154166483334838,0.0,0.0007107637198370805,0.0
7553,0.0025108494633053853,0.0,0.001158370328104685,0.0,0.0007147882410332091,0.0
7554,0.0025082632264053126,0.0,0.0011203036722861482,0.0,0.0006658038273423602,0.0
7555,0.0024963205160555254,0.0,0.000951948630262944,0.0,0.0004803366364679335,0.0
7556,0.002489530621782108,0.0,0.0009206393054977519,0.0,0.000418046829365465,0.0
7557,0.002484202328716845,0.0,0.000884282140088016,0.0,0.00037891382418948037,0.0
7558,0.0024739751267122932,0.0,0.0007995462402309288,0.0,0.0002857178752581444,0.0
7559,0.0024685294228833365,0.0,0.000789425388621716,0.0,0.00027739516022275124,0.0
7560,0.0024588184839032497,0.0,0.0007732914298721506,0.0,0.00024144219398260095,0.0
7561,0.0024530763562622005,0.0,0.0007559838677926552,0.0,0.0002306899629884757,0.0
7562,0.0024439309184393094,0.0,0.0007544699767932433,0.0,0.00020552157041160528,0.0
7563,0.0024370576738946665,0.0,0.0007399409291198274,0.0,0.00020085787076913912,0.0
7564,0.002426808952603391,0.0,0.0007369234806129553,0.0,0.0001795367753782964,0.0
7565,0.0024188343887371466,0.0,0.0007261261521508979,0.0,0.00017289242666902456,0.0
7566,0.00240706682036591,0.0,0.000728371834529936,0.0,0.0001552290128045532,0.0
7567,0.0023997389936628514,0.0,0.0007169823222964381,0.0,0.0001525735247667841,0.0
7568,0.0023991735253660867,0.0,0.0007994812843214133,0.0,0.00020788258139442517,0.0
7569,0.0024060357327936465,0.0,0.0008379181365624729,0.0,0.00025461659553595436,0.0
7570,0.0024073024480701574,0.0,0.0008509293980916456,0.0,0.0002596733445380322,0.0
7571,0.0024163792890855374,0.0,0.0008626174756396405,0.0,0.0003097905715359194,0.0
7572,0.002427753861599114,0.0,0.0008996611231783488,0.0,0.00038037870264628383,0.0
7573,0.002438196714296904,0.0,0.0009449995148770735,0.0,0.00044244979114343823,0.0
7574,0.002446149047562042,0.0,0.0009824808496679302,0.0,0.0004792494966976504,0.0
7575,0.0024554891697758587,0.0,0.0010279973985792517,0.0,0.0005473479676847404,0.0
7576,0.002461654118386911,0.0,0.0010493549280850194,0.0,0.0005637631009407799,0.0
7577,0.0024644088194406494,0.0,0.0010413519827874003,0.0,0.0005599580926892805,0.0
7578,0.0024619809342105413,0.0,0.0010093134480093908,0.0,0.0004969867791970158,0.0
7579,0.0024509655552406783,0.0,0.0008565309991947962,0.0,0.0003050101551714502,0.0
7580,0.002444484104739013,0.0,0.0008432411255079272,0.0,0.0002634508355118853,0.0
7581,0.002441051196823728,0.0,0.00082482439294745,0.0,0.00025375414883029306,0.0
7582,0.0024313343147987446,0.0,0.0007669197366142234,0.0,0.0001925548419288751,0.0
7583,0.0024282060950616483,0.0,0.0007591407980171384,0.0,0.000190276402224548,0.0
7584,0.002420148464894859,0.0,0.0007454169010038605,0.0,0.00016644255799587947,0.0
7585,0.002417868851482673,0.0,0.0007283765412314557,0.0,0.00016368275019795048,0.0
7586,0.0024140613589643707,0.0,0.000727056352512628,0.0,0.0001528840063019887,0.0
7587,0.0024112717584238545,0.0,0.0007170603082783523,0.0,0.0001524245094339815,0.0
7588,0.0024051406907888706,0.0,0.0007159171122376148,0.0,0.00014006187800708818,0.0
7589,0.00240095714788163,0.0,0.0007074618944427952,0.0,0.00013641492073509045,0.0
7590,0.002399739787018286,0.0,0.0007338913679765067,0.0,0.00014412603989362818,0.0
7591,0.0021858517999100895,0.0,0.0002808944829446742,0.0,-0.00018344835727794238,0.0
7592,0.002187731605436227,0.0,0.0005363038782806354,0.0,-0.00011408203259775387,0.0
7593,0.0022700492811690183,0.0,0.0007025997753666191,0.0,3.4969624889965656e-05,0.0
7594,0.002324340085293893,0.0,0.0008018921375751011,0.0,0.00016786779122094915,0.0
7595,0.002356951514608198,0.0,0.000891250668303949,0.0,0.00030477615121775174,0.0
7596,0.002382112720472676,0.0,0.0009615772593027617,0.0,0.00041236632437078365,0.0
7597,0.002409590480282958,0.0,0.001061634298636428,0.0,0.0005502988620270989,0.0
7598,0.002435854791133271,0.0,0.0011789502750525129,0.0,0.0006743089157725231,0.0
7599,0.0024655366982565645,0.0,0.001283446757382901,0.0,0.0008315581141731805,0.0
7600,0.0024887721752551066,0.0,0.0013505626956428912,0.0,0.000899939478547376,0.0
7601,0.002511186363623857,0.0,0.001415521046537392,0.0,0.0009706163442334379,0.0
7602,0.002532818673391491,0.0,0.0014866230209517304,0.0,0.0010495453680694484,0.0
7603,0.0025433889099360212,0.0,0.0015273206187044106,0.0,0.0010855658239385375,0.0
7604,0.002481066465542213,0.0,0.0009125387551320173,0.0,0.000327378535718857,0.0
7605,0.002466709247084361,0.0,0.0009432896043108474,0.0,0.00036958435696514695,0.0
7606,0.002452083199723138,0.0,0.0008573621682738146,0.0,0.0002448390666566576,0.0
7607,0.0024472721555486446,0.0,0.0008653716360826228,0.0,0.00024524713470174724,0.0
7608,0.0024554249290466897,0.0,0.000788939006676311,0.0,0.0003547376400690489,0.0
7609,0.0024561667891713945,0.0,0.0007728487755795236,0.0,0.00033877805242185166,0.0
7610,0.002454660462576047,0.0,0.0007530636721682963,0.0,0.00031855412648412566,0.0
7611,0.0024515744688083157,0.0,0.0007539981044754815,0.0,0.0003025501969820448,0.0
7612,0.0024475457561985324,0.0,0.0007464053634088446,0.0,0.0002798523358194026,0.0
7613,0.002442310923820725,0.0,0.0007427817530492936,0.0,0.00025984032031047314,0.0
7614,0.002439456710384276,0.0,0.0007573987069485612,0.0,0.0002695889497986326,0.0
7615,0.0023242885075320046,0.0,0.00043169164822964314,0.0,-1.7331679951900544e-05,0.0
7616,0.002344912170545412,0.0,0.0008020865722470911,0.0,0.00012633810436549686,0.0
7617,0.0024011232947641226,0.0,0.00106220359429809,0.0,0.00046397219190456146,0.0
7618,0.0024571175760491094,0.0,0.0012842160210964613,0.0,0.0008126970925509439,0.0
7619,0.002496249784184514,0.0,0.0014015529562066207,0.0,0.0009518306108350085,0.0
7620,0.002531690005370559,0.0,0.0014640562531874795,0.0,0.00105142933195896,0.0
7621,0.0025719770482726598,0.0,0.001505350783086621,0.0,0.0011354530337055139,0.0
7622,0.0026043167635099096,0.0,0.0015835785338841407,0.0,0.0012132808065724548,0.0
7623,0.0026287192147315995,0.0,0.0016028823051742614,0.0,0.0012272715149029985,0.0
7624,0.0026433943265657977,0.0,0.0016522844564478038,0.0,0.0012532014636984896,0.0
7625,0.0026575811767812103,0.0,0.0016774405164753333,0.0,0.001275094137136883,0.0
7626,0.0026740050414403057,0.0,0.001711943838152064,0.0,0.0013155703476360261,0.0
7627,0.0026799823028501686,0.0,0.0017546877661176183,0.0,0.0013653001187622841,0.0
7628,0.0025697803566520623,0.0,0.0010026157061280346,0.0,0.0004784587911842871,0.0
7629,0.002541455263376826,0.0,0.0010344955353151976,0.0,0.0005144160767630824,0.0
7630,0.002519588664923465,0.0,0.0009236201671071369,0.0,0.00036162863434373,0.0
7631,0.002509045321324797,0.0,0.0009329730922429101,0.0,0.00036053165444024796,0.0
7632,0.002505683782195354,0.0,0.0008512521650450326,0.0,0.00041617420296962706,0.0
7633,0.002500854976559375,0.0,0.0008188167931626464,0.0,0.00038347478136535693,0.0
7634,0.002496324925200793,0.0,0.0007870138150317539,0.0,0.00035185850260782497,0.0
7635,0.0024925208043680403,0.0,0.0007873946347643783,0.0,0.0003520515239716971,0.0
7636,0.002488448182668564,0.0,0.0007746077933503532,0.0,0.0003395590302639451,0.0
7637,0.0024844269439188923,0.0,0.000763713456481564,0.0,0.00032870952108984917,0.0
7638,0.0024813265000198145,0.0,0.0007723356492687101,0.0,0.00033733266650036,0.0
7639,0.002417067416654335,0.0,0.0005152226930617067,0.0,8.385287690569447e-05,0.0
7640,0.0024534816460497376,0.0,0.00112193137635066,0.0,0.0004927217975599701,0.0
7641,0.0025039875134029157,0.0,0.0013438686405069268,0.0,0.0007996225954780497,0.0
7642,0.0025428736139065547,0.0,0.0014717957584192195,0.0,0.0010099214628234896,0.0
7643,0.0025687269699346364,0.0,0.0015226086810057598,0.0,0.00107640661057404,0.0
7644,0.002589056938223892,0.0,0.001543051931539827,0.0,0.0011040962341277833,0.0
7645,0.002609511084323974,0.0,0.0015825660855178054,0.0,0.0011560935977096166,0.0
7646,0.002629785616490362,0.0,0.001639470234341892,0.0,0.0012138627562735633,0.0
7647,0.002653091571457959,0.0,0.0016353825299873462,0.0,0.0012339178796547789,0.0
7648,0.002668300530140333,0.0,0.0016729545919881522,0.0,0.001263544177335655,0.0
7649,0.002681090463141875,0.0,0.0017021225804501746,0.0,0.0012869039933655281,0.0
7650,0.0026997607133726303,0.0,0.0017432917300916736,0.0,0.0013392548988698945,0.0
7651,0.0027042595721643824,0.0,0.0017905935969212462,0.0,0.0013890350278837572,0.0
7652,0.0025854116338129883,0.0,0.0009943139741036685,0.0,0.00043913190232838274,0.0
7653,0.0025559585349428735,0.0,0.001038517012909054,0.0,0.0005117592174461423,0.0
7654,0.0025324005857478116,0.0,0.0009235619448413799,0.0,0.0003569133888392821,0.0
7655,0.002520312015801148,0.0,0.0009286752111334702,0.0,0.00035271994856741454,0.0
7656,0.002515775885564781,0.0,0.0008415612050028576,0.0,0.00040654188242349415,0.0
7657,0.0025096892451047202,0.0,0.0008158306133775059,0.0,0.0003810652730771567,0.0
7658,0.0025037550152800262,0.0,0.0007874108660844651,0.0,0.00035266331091150316,0.0
7659,0.002498560522843544,0.0,0.0007841748824312029,0.0,0.0003496487569382659,0.0
7660,0.0024935837038209487,0.0,0.0007719455644916936,0.0,0.00033741276861640364,0.0
7661,0.0024888312719070667,0.0,0.0007608163285532069,0.0,0.0003265741175318068,0.0
7662,0.0024853686387365315,0.0,0.0007712065034754373,0.0,0.0003367089780502671,0.0
7663,0.002436490360818768,0.0,0.0005627064457383647,0.0,0.0001311167168948457,0.0
7664,0.0024779455664254942,0.0,0.0012095487996127696,0.0,0.0006056769437111525,0.0
7665,0.0025286960254356497,0.0,0.001408379561894951,0.0,0.0008806355641357345,0.0
7666,0.002568265332921691,0.0,0.0015425714762490694,0.0,0.001103106491253543,0.0
7667,0.002595906466525191,0.0,0.001587419560854152,0.0,0.0011652662146167548,0.0
7668,0.0026176170031021627,0.0,0.0015960606672644681,0.0,0.0011772332536323891,0.0
7669,0.00264010022602064,0.0,0.0016194561608266773,0.0,0.0012104464688758804,0.0
7670,0.0026635078215276903,0.0,0.0016744942100266403,0.0,0.0012726175034263663,0.0
7671,0.00268264458226675,0.0,0.001675893159980077,0.0,0.0012807153469372268,0.0
7672,0.0026988000915255505,0.0,0.0017152664367036583,0.0,0.001314757643295761,0.0
7673,0.0027139514446576133,0.0,0.0017436341325117093,0.0,0.0013422355404084665,0.0
7674,0.002730769653114172,0.0,0.0017809818119450054,0.0,0.001385719403675446,0.0
7675,0.0027355455089095077,0.0,0.00181958975772524,0.0,0.0014320280066010133,0.0
7676,0.002607692714030689,0.0,0.0010160638657603898,0.0,0.0004925584643880614,0.0
7677,0.0025739916428348143,0.0,0.0010598122846619696,0.0,0.0005393807672028983,0.0
7678,0.002547874012304753,0.0,0.000938697324084217,0.0,0.0003757296680582966,0.0
7679,0.002533954027271893,0.0,0.0009424081260728616,0.0,0.0003695359275864348,0.0
7680,0.0025277442831852337,0.0,0.0008564919476909379,0.0,0.0004216590379494771,0.0
7681,0.0025203697869104844,0.0,0.0008307955783753195,0.0,0.00039596439846828913,0.0
7682,0.002513323918423015,0.0,0.0008012901928228981,0.0,0.0003668009438981669,0.0
7683,0.0025072206771980503,0.0,0.000797110195843464,0.0,0.00036257856654118496,0.0
7684,0.0025015773862261496,0.0,0.000784777226787392,0.0,0.00035047747725697144,0.0
7685,0.00249608174018428,0.0,0.000772185612160107,0.0,0.00033794319691506417,0.0
7686,0.002491967150657694,0.0,0.0007825655366947397,0.0,0.0003483364159347416,0.0
7687,0.0024489571738195324,0.0,0.0005918978778649254,0.0,0.000160181103622018,0.0
7688,0.0024890857966528477,0.0,0.0012318441882154796,0.0,0.0006312877275877133,0.0
7689,0.002537634126697167,0.0,0.0014137230353566412,0.0,0.0008834090838233594,0.0
7690,0.0025761339107260956,0.0,0.001539650072211311,0.0,0.0010934542787362658,0.0
7691,0.0026034239888856536,0.0,0.0015951262862652588,0.0,0.001169620413943309,0.0
7692,0.002624893822304056,0.0,0.0016017885300528068,0.0,0.0011809780808378148,0.0
7693,0.0026466311726549294,0.0,0.0016225503684501724,0.0,0.0012114720928624828,0.0
7694,0.0026687793128899436,0.0,0.0016744927212845523,0.0,0.0012695817971634473,0.0
7695,0.0026870354539200855,0.0,0.0016739099334944745,0.0,0.0012760194964331795,0.0
7696,0.0027021476188691784,0.0,0.0017104532140614574,0.0,0.0013074700314115902,0.0
7697,0.002715830925938596,0.0,0.0017361759419103372,0.0,0.0013318141770968018,0.0
7698,0.0027310614704729374,0.0,0.0017720428011574099,0.0,0.0013729689849647213,0.0
7699,0.002733664110646375,0.0,0.0018132464443645598,0.0,0.0014169136900781041,0.0
7700,0.002606704725556022,0.0,0.0010117022351024722,0.0,0.0004665140182187851,0.0
7701,0.002572533217869664,0.0,0.0010470546488088985,0.0,0.0005092612696526945,0.0
7702,0.002545716161894712,0.0,0.0009325849148158001,0.0,0.00035655992220563694,0.0
7703,0.0025311039209483244,0.0,0.0009334232263244746,0.0,0.00034909504094626613,0.0
7704,0.002525982181169565,0.0,0.0008537751635965117,0.0,0.00041965688378797945,0.0
7705,0.002518618362782242,0.0,0.0008293468603232949,0.0,0.00039531016162872804,0.0
7706,0.002511466380910329,0.0,0.0008039388623902659,0.0,0.0003701007969645095,0.0
7707,0.0025050543475851218,0.0,0.0007974248612841635,0.0,0.00036363902595106315,0.0
7708,0.0024986535963198876,0.0,0.0007805387484862538,0.0,0.00034674446670895703,0.0
7709,0.002492091092208392,0.0,0.000769382990504277,0.0,0.0003282906852415193,0.0
7710,0.002486406420494601,0.0,0.0007765026946219245,0.0,0.0003221636608984318,0.0
7711,0.002479307455437078,0.0,0.0007765998401818392,0.0,0.00030912026356206103,0.0
7712,0.0024450515317778966,0.0,0.0009229944512151886,0.0,0.0002407810256992032,0.0
7713,0.0023912799347902873,0.0,0.0006450987462766221,0.0,0.00010654936607461067,0.0
7714,0.002438982960531353,0.0,0.0009781731313025963,0.0,0.0004148570273640375,0.0
7715,0.002473361530399878,0.0,0.0012160505188470977,0.0,0.0007215407679096665,0.0
7716,0.002494040649482854,0.0,0.001274470709951536,0.0,0.0007867741898515649,0.0
7717,0.002509060596553696,0.0,0.001312963257307181,0.0,0.0008251831534984324,0.0
7718,0.002521854323382676,0.0,0.0013461985015475132,0.0,0.0008607163304515516,0.0
7719,0.002533172112315628,0.0,0.0013735105727071806,0.0,0.000890584028313255,0.0
7720,0.002539984514245347,0.0,0.0013701734883364422,0.0,0.000866721156414767,0.0
7721,0.0024956006237026604,0.0,0.0009818450404539634,0.0,0.0004257744338633891,0.0
7722,0.0024880417348362507,0.0,0.0010425388349734215,0.0,0.0004899632739240141,0.0
7723,0.002472845342886752,0.0,0.0009509942775320296,0.0,0.00036283323958077656,0.0
7724,0.0024797087050046863,0.0,0.0009651520496704311,0.0,0.0005307128568754439,0.0
7725,0.002479223197323063,0.0,0.0009504064597017803,0.0,0.0005158056014516708,0.0
7726,0.0024740325846295376,0.0,0.0008164009749376752,0.0,0.00038145459179544667,0.0
7727,0.0024712631820238513,0.0,0.0008045517264940985,0.0,0.00036489080639673334,0.0
7728,0.002466406913203478,0.0,0.0007771468409847827,0.0,0.000322726710135345,0.0
7729,0.0024630437125524656,0.0,0.0007659883182043244,0.0,0.00029635759936948907,0.0
7730,0.0024595824368324774,0.0,0.0007460742722257808,0.0,0.0002735702926391695,0.0
7731,0.002455503918732835,0.0,0.000742925859765599,0.0,0.0002617159648752067,0.0
7732,0.0024512355135284914,0.0,0.0007318963259511778,0.0,0.0002498236786416246,0.0
7733,0.0024454751624664187,0.0,0.0007290737774433963,0.0,0.00023608089980531603,0.0
7734,0.0024410954565010695,0.0,0.0007271418908510407,0.0,0.0002338323953392403,0.0
7735,0.0024340310634093833,0.0,0.0007271006641779258,0.0,0.0002225648804363117,0.0
7736,0.0024343727285468715,0.0,0.0008529427907228316,0.0,0.0003198112063106629,0.0
7737,0.002436464242817335,0.0,0.0009100157795374733,0.0,0.0003656437152991063,0.0
7738,0.0024401004663192,0.0,0.0009278553586022011,0.0,0.00041833180027415063,0.0
7739,0.002444848362824355,0.0,0.0009354457515555132,0.0,0.00044951787653705385,0.0
7740,0.0024469789354224806,0.0,0.0009258622550205389,0.0,0.0004476893892097296,0.0
7741,0.0024506946771564687,0.0,0.0009477382969563281,0.0,0.0004703464032823879,0.0
7742,0.002454172653764141,0.0,0.0009656468993167653,0.0,0.0004919794182687671,0.0
7743,0.0024558236197923466,0.0,0.0009742714569589352,0.0,0.0004910989489563472,0.0
7744,0.002457719603512476,0.0,0.0009822276173029423,0.0,0.0004989827839221252,0.0
7745,0.0024580593005751163,0.0,0.000984333512081044,0.0,0.0004928046494470412,0.0
7746,0.002457324017418027,0.0,0.0009797170426104707,0.0,0.0004778245787585651,0.0
7747,0.0024471316916588604,0.0,0.0008366217658551892,0.0,0.0002924408445233906,0.0
7748,0.0024441976377637172,0.0,0.0008262324803711572,0.0,0.00028543972060827223,0.0
7749,0.002441121729609096,0.0,0.000814136807026949,0.0,0.0002670395929646205,0.0
7750,0.002434975275613883,0.0,0.000747004940205634,0.0,0.00021572280256965896,0.0
7751,0.0024314248778117206,0.0,0.000747043785108715,0.0,0.00020349141037268514,0.0
7752,0.002427633321972142,0.0,0.000724809821574951,0.0,0.0001921279557437342,0.0
7753,0.0024246645903191807,0.0,0.000717915335146678,0.0,0.00017749996606931484,0.0
7754,0.0024246396459953364,0.0,0.0007075088796811076,0.0,0.00017819758112257948,0.0
7755,0.0024221237413192247,0.0,0.0007072858422680357,0.0,0.0001706188853782566,0.0
7756,0.0024215653878050724,0.0,0.0006980408577202293,0.0,0.00017023486630072474,0.0
7757,0.002419661205134093,0.0,0.0006992869289953114,0.0,0.00016477660666165705,0.0
7758,0.0024230079870956184,0.0,0.0007252790813699684,0.0,0.00018863179629011835,0.0
7759,0.002239377020787507,0.0,0.00032105764188674864,0.0,-0.000132457045299399,0.0
7760,0.0022428381597209396,0.0,0.000606034502527714,0.0,-5.283724970948987e-05,0.0
7761,0.00231051352839724,0.0,0.0007846420493328988,0.0,9.32450286772556e-05,0.0
7762,0.0023548627463651868,0.0,0.0009008689462221841,0.0,0.0002805568601101909,0.0
7763,0.0023844013137713825,0.0,0.0009906784324283126,0.0,0.00041120337107306937,0.0
7764,0.002408396441275281,0.0,0.0010561459501390988,0.0,0.0005098122476761154,0.0
7765,0.002431484244336832,0.0,0.0011279927158816718,0.0,0.0006055368333974175,0.0
7766,0.0024544432190180838,0.0,0.0012163553880217971,0.0,0.0006986159538498295,0.0
7767,0.0024816254834200005,0.0,0.0013032427617730145,0.0,0.0008397616186244831,0.0
7768,0.0025066204394138206,0.0,0.0013852055097190593,0.0,0.0009337166874533807,0.0
7769,0.002525954735918049,0.0,0.001422757989854122,0.0,0.0009665608515045014,0.0
7770,0.0025453764641928485,0.0,0.0014805296472123522,0.0,0.0010270271122818514,0.0
7771,0.0025547404924622014,0.0,0.0015195662795743678,0.0,0.0010634309588567468,0.0
7772,0.0024848057824025027,0.0,0.0009044942060787316,0.0,0.00030333711937375186,0.0
7773,0.0024668108360087204,0.0,0.0009241365412934804,0.0,0.0003360391007204838,0.0
7774,0.002448936434347059,0.0,0.0008397154636027272,0.0,0.000219501744975908,0.0
7775,0.0024417524828437972,0.0,0.0008436950520782996,0.0,0.00021867108997438312,0.0
7776,0.0024508157220100215,0.0,0.0007666815455670858,0.0,0.00033305194825554267,0.0
7777,0.002450896981376409,0.0,0.0007521939048058957,0.0,0.0003187322723186706,0.0
7778,0.002447573991811868,0.0,0.0007412870103466777,0.0,0.00029278587379251084,0.0
7779,0.0024423541173513915,0.0,0.0007428494791039538,0.0,0.0002723923707675651,0.0
7780,0.002436080004064395,0.0,0.0007417939820053131,0.0,0.00025188307716903944,0.0
7781,0.0024301314805895706,0.0,0.000736104275103308,0.0,0.00024105313604920898,0.0
7782,0.0024226344154153956,0.0,0.0007548478895995625,0.0,0.0002239958568454809,0.0
7783,0.002308779565827369,0.0,0.0004414254692833913,0.0,-2.2933499159168147e-05,0.0
7784,0.002323289650866949,0.0,0.0007921016503137023,0.0,0.00010563288743222659,0.0
7785,0.0023797655861999443,0.0,0.0010230100657656505,0.0,0.0004136719266952791,0.0
7786,0.0024326676330454653,0.0,0.001194078149169856,0.0,0.000689184187168908,0.0
7787,0.002463751265186494,0.0,0.0012651938053463855,0.0,0.0007805854762875308,0.0
7788,0.0024872348451308807,0.0,0.0013012151561498106,0.0,0.0008247126603580944,0.0
7789,0.0025134149206345446,0.0,0.001365661029030528,0.0,0.0009045680548954893,0.0
7790,0.0025437780788816018,0.0,0.0014644604365169078,0.0,0.0010158415894126274,0.0
7791,0.0025776150866207055,0.0,0.0015155751391428753,0.0,0.001113351202312591,0.0
7792,0.0026007570545095895,0.0,0.0015705501222137554,0.0,0.0011598175629157778,0.0
7793,0.002617476586536544,0.0,0.001606818501004164,0.0,0.0011875267743318976,0.0
7794,0.002628274756205384,0.0,0.001630774673015063,0.0,0.001210173079129039,0.0
7795,0.0026288528835612143,0.0,0.0016400444014194485,0.0,0.001208248401763595,0.0
7796,0.0025238860601413202,0.0,0.0009192999729999176,0.0,0.00032874733473042903,0.0
7797,0.002493382202854651,0.0,0.0009342332216860012,0.0,0.00035418257177943064,0.0
7798,0.002467046370108681,0.0,0.0008536643410835441,0.0,0.0002578490288220681,0.0
7799,0.002451717725564997,0.0,0.0008462442634240923,0.0,0.000245260628910139,0.0
7800,0.002456979221598779,0.0,0.0007785917238307975,0.0,0.00034489629605395536,0.0
7801,0.002449512500972296,0.0,0.000764567634667824,0.0,0.00030182844526753256,0.0
7802,0.002440056413002008,0.0,0.0007517576654977147,0.0,0.0002711781460365771,0.0
7803,0.002426961003189277,0.0,0.0007524881749063712,0.0,0.00023627469550574357,0.0
7804,0.0024143337479966545,0.0,0.0007385315324415582,0.0,0.00021455828906900083,0.0
7805,0.00239863382116658,0.0,0.00072945933537316,0.0,0.0001825645413781002,0.0
7806,0.002392123608165434,0.0,0.0007329168053804866,0.0,0.00018397817275888771,0.0
7807,0.002285556688014944,0.0,0.00046238913454202564,0.0,-2.517862922695412e-05,0.0
7808,0.0023073584956447026,0.0,0.0008096310103610828,0.0,0.00011232338951608215,0.0
7809,0.0023709780507611433,0.0,0.0010384226830082,0.0,0.00043444455695562266,0.0
7810,0.002418330844646521,0.0,0.0011587484057805964,0.0,0.0006184185758384998,0.0
7811,0.002449997816815812,0.0,0.0012260173779629203,0.0,0.0007052592985710611,0.0
7812,0.002477301946206831,0.0,0.0012769177367008932,0.0,0.0007758002162303503,0.0
7813,0.002505626843771786,0.0,0.0013419719345899859,0.0,0.0008633273916855021,0.0
7814,0.0025352595974730647,0.0,0.0014289238924663369,0.0,0.0009656651004902371,0.0
7815,0.0025581691590323054,0.0,0.0014628255991468665,0.0,0.0010167575185409295,0.0
7816,0.002576344136886493,0.0,0.0014951094933372292,0.0,0.0010419262488008448,0.0
7817,0.0025931535611723143,0.0,0.0015290528395950883,0.0,0.0010758313118298943,0.0
7818,0.002610884609565631,0.0,0.0015803002829525676,0.0,0.0011329013153132698,0.0
7819,0.002618828882453225,0.0,0.0016197989278799384,0.0,0.0011744159211939634,0.0
7820,0.002514759882693841,0.0,0.0008969523305791696,0.0,0.0003108270918788193,0.0
7821,0.00248764074278673,0.0,0.0009165355672158227,0.0,0.00033900291600339524,0.0
7822,0.0024649470919265804,0.0,0.0008387991643301958,0.0,0.0002484493073103989,0.0
7823,0.0024541267638044885,0.0,0.0008357226607872332,0.0,0.0002413530239724665,0.0
7824,0.0024592495879195916,0.0,0.0007618831860693636,0.0,0.00032890651015235104,0.0
7825,0.002456162936617241,0.0,0.0007403609117474436,0.0,0.0003075836948780561,0.0
7826,0.002451281303973235,0.0,0.0007261029681508171,0.0,0.0002828368327820864,0.0
7827,0.0024458776662971407,0.0,0.0007274880865723963,0.0,0.00026720713493649903,0.0
7828,0.002440413100240007,0.0,0.000723268214269707,0.0,0.00025225393074142905,0.0
7829,0.002435055480542506,0.0,0.0007148232406083256,0.0,0.00024066287329621138,0.0
7830,0.0024294301027791053,0.0,0.0007143960411895747,0.0,0.00022949164138662422,0.0
7831,0.0024231339205147244,0.0,0.0007087407305035819,0.0,0.00022354607580374027,0.0
7832,0.0024244008017544356,0.0,0.0008245862803787892,0.0,0.0003221438044877104,0.0
7833,0.002426963444967516,0.0,0.0008788899401501046,0.0,0.00037154637681250866,0.0
7834,0.0024265459200151548,0.0,0.0008910204869236468,0.0,0.00039086923044410007,0.0
7835,0.0024263182563616314,0.0,0.0008825433159759359,0.0,0.00039337222233017024,0.0
7836,0.002426826814481005,0.0,0.000876874856764014,0.0,0.00039238519210037085,0.0
7837,0.0024329757310777877,0.0,0.0009100983403955805,0.0,0.00044310603382800265,0.0
7838,0.002437367649203176,0.0,0.0009328439845694557,0.0,0.00046460828070505906,0.0
7839,0.0024430447238099257,0.0,0.0009674424523348152,0.0,0.0005058756075005156,0.0
7840,0.0024480575388851162,0.0,0.000998176203246157,0.0,0.0005365047858166658,0.0
7841,0.002449971777255264,0.0,0.001000113709193068,0.0,0.0005372507810404814,0.0
7842,0.0024458245890688736,0.0,0.0009631765676899214,0.0,0.00046845063519682594,0.0
7843,0.0024338078028399166,0.0,0.0008093733781992496,0.0,0.0002779806878298325,0.0
7844,0.0024244851610297855,0.0,0.0007910161756534456,0.0,0.00024283643198050298,0.0
7845,0.0024169273456960236,0.0,0.0007824843314212936,0.0,0.00022831772397163678,0.0
7846,0.002401277925619173,0.0,0.0007324048103804111,0.0,0.00016737790146804238,0.0
7847,0.002392390557657274,0.0,0.0007214150535334272,0.0,0.00015492339700760123,0.0
7848,0.0023786546868567043,0.0,0.0007045119368644308,0.0,0.00012831403661023365,0.0
7849,0.0023684232960609636,0.0,0.0006889484332499346,0.0,0.00011417343495494583,0.0
7850,0.002357721824538248,0.0,0.0006838945258243467,0.0,9.907479488802551e-05,0.0
7851,0.002350404553849247,0.0,0.0006730132178446218,0.0,9.379558710968718e-05,0.0
7852,0.0023391434953424464,0.0,0.0006671399606665274,0.0,7.71453691836082e-05,0.0
7853,0.002331049393508614,0.0,0.0006562711859012024,0.0,7.125338010765376e-05,0.0
7854,0.002322248162019474,0.0,0.0006686813712142789,0.0,6.482498952122375e-05,0.0
7855,0.002130983697914761,0.0,0.0002768222730392487,0.0,-0.0002131130445621036,0.0
7856,0.0021244160020134116,0.0,0.0004932438715639245,0.0,-0.0001583681289317317,0.0
7857,0.002208952070085376,0.0,0.0006599652336117699,0.0,1.4356565836470868e-06,0.0
7858,0.0022792801678076127,0.0,0.0008118547779602423,0.0,0.00021438151379707935,0.0
7859,0.00232293270535911,0.0,0.0009250363528148277,0.0,0.00037241627871123224,0.0
7860,0.0023550595781999077,0.0,0.001002293940153432,0.0,0.0004731568358302574,0.0
7861,0.002388120889663904,0.0,0.0010941242569064502,0.0,0.0005911187348115444,0.0
7862,0.002419472885956558,0.0,0.0011921576263476627,0.0,0.0006945335417019537,0.0
7863,0.0024462053396488107,0.0,0.0012453616727782428,0.0,0.0007698423876111597,0.0
7864,0.0024638133915842494,0.0,0.0012704718967948667,0.0,0.0007845533238100848,0.0
7865,0.0024784987879305454,0.0,0.0012910682366763981,0.0,0.0007990324655609291,0.0
7866,0.0024948899941850847,0.0,0.0013332649015265934,0.0,0.0008419215855048597,0.0
7867,0.002503095125247035,0.0,0.001357574495007839,0.0,0.0008611000863137717,0.0
7868,0.0024235838238358546,0.0,0.0008194601664479424,0.0,0.00020821103141531027,0.0
7869,0.00239975135003114,0.0,0.0008150011276591795,0.0,0.00020543215332505032,0.0
7870,0.002376907801828967,0.0,0.0007649691643322294,0.0,0.00015295654572785038,0.0
7871,0.002365960320130115,0.0,0.0007557474795796581,0.0,0.00014293643550240234,0.0
7872,0.0023843166888017292,0.0,0.0006928725423186702,0.0,0.00024520389313458196,0.0
7873,0.0023774073376688467,0.0,0.0007018366305761058,0.0,0.00019503125255026068,0.0
7874,0.0023675126722013965,0.0,0.0006953072192842744,0.0,0.0001650330264412346,0.0
7875,0.0023520299851042914,0.0,0.0006883857898226941,0.0,0.0001306139081418327,0.0
7876,0.0023401577289432402,0.0,0.0006737979931821971,0.0,0.00011466219514865024,0.0
7877,0.002323447171739313,0.0,0.0006634691783186553,0.0,8.680946797434306e-05,0.0
7878,0.0023126858717797552,0.0,0.000651877550688022,0.0,7.786546399452985e-05,0.0
7879,0.00229372865333046,0.0,0.0006407343798640718,0.0,5.2014480654486556e-05,0.0
7880,0.002220325447178483,0.0,0.0006400368071632523,0.0,-4.543611243745555e-05,0.0
7881,0.0020892140650050454,0.0,0.00031351659293296055,0.0,-0.00022205763648396558,0.0
7882,0.002182023788504224,0.0,0.0004981101850120287,0.0,-5.06171898452955e-05,0.0
7883,0.0022264567735479244,0.0,0.0005605354020151675,0.0,2.2427399068003138e-05,0.0
7884,0.002266234323866815,0.0,0.0006741698456596589,0.0,0.00011510206909400955,0.0
7885,0.0022957732702414482,0.0,0.0007469948153607379,0.0,0.00018373589361155842,0.0
7886,0.002325646032470449,0.0,0.0008498557731515845,0.0,0.000309918773011368,0.0
7887,0.0023527434651257795,0.0,0.0009537787429362511,0.0,0.0004466796203740175,0.0
7888,0.0023690799746573224,0.0,0.0010078341530299281,0.0,0.0004729956746578551,0.0
7889,0.0023556785492622077,0.0,0.0007807935246967493,0.0,0.00021663368316692118,0.0
7890,0.0023526556357551538,0.0,0.0008384332899381477,0.0,0.00025825103644474537,0.0
7891,0.0023402836214505267,0.0,0.0007787191785653127,0.0,0.00015900681769816499,0.0
7892,0.002361927178758638,0.0,0.0007443123682678379,0.0,0.00029825610274391103,0.0
7893,0.0023622765578512916,0.0,0.0007543490787260793,0.0,0.00024643690877277887,0.0
7894,0.002351758755782502,0.0,0.0006860457339372622,0.0,0.00016763147395828788,0.0
7895,0.0023400389393411995,0.0,0.0006802168870702287,0.0,0.00013079223658571523,0.0
7896,0.002330190533038891,0.0,0.0006598991754778469,0.0,0.00011107152597488227,0.0
7897,0.00231842325669865,0.0,0.0006541664061670276,0.0,8.395562618387551e-05,0.0
7898,0.0023100095836144554,0.0,0.0006398839157647502,0.0,7.287542506949287e-05,0.0
7899,0.0022946194321211526,0.0,0.0006319739688019183,0.0,4.786084412388412e-05,0.0
7900,0.0022860919713852726,0.0,0.0006170167908302355,0.0,4.076980634196874e-05,0.0
7901,0.002269676455127954,0.0,0.0006069208715243283,0.0,1.6507690985225875e-05,0.0
7902,0.002262092573684456,0.0,0.0005949562127914036,0.0,1.250837285640845e-05,0.0
7903,0.002243626663052182,0.0,0.0005836151787188507,0.0,-1.1912195111076483e-05,0.0
7904,0.0022439146056303953,0.0,0.0006195404878977294,0.0,2.410861812690763e-05,0.0
7905,0.002242158762952985,0.0,0.0006376843964298756,0.0,2.8267914221224012e-05,0.0
7906,0.0022671570509414873,0.0,0.000659343284542796,0.0,8.9706701707549e-05,0.0
7907,0.002285508918541148,0.0,0.0006805343648029853,0.0,0.00011393996131005973,0.0
7908,0.002303774449771442,0.0,0.0006962204563114422,0.0,0.0001453744856538999,0.0
7909,0.0023136426438231574,0.0,0.0007189160791660901,0.0,0.0001480427694215945,0.0
7910,0.00231775181801572,0.0,0.0007054264785784311,0.0,0.00014218913803991872,0.0
7911,0.002319089377866565,0.0,0.0007296104768953619,0.0,0.0001373406488585395,0.0
7912,0.0023277455674583303,0.0,0.0007450869308105337,0.0,0.0001665855457350044,0.0
7913,0.0023216016057449156,0.0,0.0007394458015344072,0.0,0.0001305692346682128,0.0
7914,0.0023187597329187115,0.0,0.0007336872882757633,0.0,0.0001252329966142865,0.0
7915,0.0022999897783033286,0.0,0.0006673487901713375,0.0,5.695382820111749e-05,0.0
7916,0.002294431623630938,0.0,0.0006503352551464885,0.0,5.233006225916859e-05,0.0
7917,0.0022835818391276513,0.0,0.0006467140771796581,0.0,3.313211702019785e-05,0.0
7918,0.00227657344413906,0.0,0.000610499454255273,0.0,1.5627144190324006e-05,0.0
7919,0.0022657442849075213,0.0,0.0006052863779721044,0.0,-3.622001557249013e-06,0.0
7920,0.002261862938879959,0.0,0.0005900321807184668,0.0,-4.573678149201194e-06,0.0
7921,0.002252290727792439,0.0,0.0005865209549693001,0.0,-2.093207260217599e-05,0.0
7922,0.0022549061019392844,0.0,0.0005800768252490209,0.0,-1.352800023456059e-05,0.0
7923,0.0022485018554341835,0.0,0.0005798589826178484,0.0,-2.46495194018932e-05,0.0
7924,0.0022490938283380173,0.0,0.0005721841630048443,0.0,-2.00903076343433e-05,0.0
7925,0.002240636402818367,0.0,0.0005704487122060082,0.0,-3.334696054116729e-05,0.0
7926,0.0022474645602636547,0.0,0.000582741156314246,0.0,-1.589496120874695e-05,0.0
7927,0.0020093571811322557,0.0,0.0001478156178931915,0.0,-0.00034130358204104616,0.0
7928,0.0019977086397446964,0.0,0.0003356145611499576,0.0,-0.00030143173162757255,0.0
7929,0.002100364378305523,0.0,0.0005009613946124745,0.0,-0.00014420869258215683,0.0
7930,0.002160486092326201,0.0,0.0005728352943017716,0.0,-4.5999429329997787e-05,0.0
7931,0.0022018476119888197,0.0,0.0006424909347388253,0.0,2.6632740892339733e-05,0.0
7932,0.0022368714203101184,0.0,0.000719089116180055,0.0,0.00012201106450806013,0.0
7933,0.0022680558029568683,0.0,0.0008024112185496821,0.0,0.00023233549549151475,0.0
7934,0.0022952239687734155,0.0,0.000893302448755228,0.0,0.00032447248568189826,0.0
7935,0.002323573500704622,0.0,0.0009626763119220023,0.0,0.0004306065995842922,0.0
7936,0.002350746778015197,0.0,0.001044746303037089,0.0,0.0005273451101945918,0.0
7937,0.002373842667122196,0.0,0.001106904490253235,0.0,0.0005950859658838878,0.0
7938,0.0023958290622420907,0.0,0.001172510055807761,0.0,0.0006614995027286802,0.0
7939,0.0024107466373118475,0.0,0.0012174489820429588,0.0,0.000703491013193933,0.0
7940,0.0023613348040205416,0.0,0.0007513918110601332,0.0,0.000138729512696613,0.0
7941,0.0023512935607058302,0.0,0.0007739112948790638,0.0,0.00016233906323242933,0.0
7942,0.002336495599709322,0.0,0.0007191570186780433,0.0,0.000104266723349481,0.0
7943,0.0023316818974744077,0.0,0.0007185254831806162,0.0,0.0001014771300709914,0.0
7944,0.002352459511077044,0.0,0.0006503830863031229,0.0,0.00021525629930795325,0.0
7945,0.002354446935662306,0.0,0.0006545044822866292,0.0,0.00018894220317167772,0.0
7946,0.002350837305393945,0.0,0.000657375822318076,0.0,0.00016028848821343774,0.0
7947,0.0023460648929719214,0.0,0.0006598677575264215,0.0,0.00014594554384273102,0.0
7948,0.0023359006634865176,0.0,0.0006580298222125262,0.0,0.00011948916746616254,0.0
7949,0.0023295299299625222,0.0,0.0006483978716298878,0.0,0.00010892043962290945,0.0
7950,0.002327513057358393,0.0,0.000659830909705555,0.0,0.00010841298551914264,0.0
7951,0.0021868077259290866,0.0,0.00032300759271406754,0.0,-0.00014589847317734701,0.0
7952,0.0021973262752680014,0.0,0.0006080372420800124,0.0,-5.1984907445698264e-05,0.0
7953,0.0022644941082590455,0.0,0.0008179065308631336,0.0,0.00017748915798069544,0.0
7954,0.0023265853592252337,0.0,0.001001773772682559,0.0,0.0004702666678842648,0.0
7955,0.0023702141358553732,0.0,0.0011292177582397562,0.0,0.0006354046571999754,0.0
7956,0.002407428776405326,0.0,0.0012194734429294939,0.0,0.0007587781773106764,0.0
7957,0.002447753636869819,0.0,0.0013259514021456357,0.0,0.0009179442666982203,0.0
7958,0.0024894572657298396,0.0,0.001419715482749003,0.0,0.0010371449520638456,0.0
7959,0.002527158583437855,0.0,0.001443156215886054,0.0,0.001082605550652385,0.0
7960,0.00255436778208561,0.0,0.0015086590765379531,0.0,0.0011330730203569749,0.0
7961,0.0025673397503985845,0.0,0.0015543615649158753,0.0,0.00114461610820275,0.0
7962,0.0025725382913418357,0.0,0.0015678457657850098,0.0,0.001149319056651013,0.0
7963,0.002577749722422214,0.0,0.001609206715490909,0.0,0.0011882733208829922,0.0
7964,0.0024796778907209757,0.0,0.0008575025198831413,0.0,0.00028294033042085536,0.0
7965,0.0024539304240304574,0.0,0.0008909019971084079,0.0,0.00032648300613020704,0.0
7966,0.002431577342972238,0.0,0.0008073849308371042,0.0,0.00022070099424252826,0.0
7967,0.0024196889875202094,0.0,0.0008059883220689408,0.0,0.00021123396124594668,0.0
7968,0.0024247187483885566,0.0,0.000735955125011605,0.0,0.0003028816870710722,0.0
7969,0.0024226716293761098,0.0,0.0007199432001709963,0.0,0.00028607353070005527,0.0
7970,0.002418816484133976,0.0,0.0007060478476683643,0.0,0.00025900153130773416,0.0
7971,0.0024144814297484577,0.0,0.0007035707806601554,0.0,0.0002459699407369562,0.0
7972,0.0024090811360825233,0.0,0.0007012583670697678,0.0,0.0002282052690878698,0.0
7973,0.0024044386857286007,0.0,0.0006935823001512405,0.0,0.00021896163860637063,0.0
7974,0.002401037932153951,0.0,0.0007098137967390286,0.0,0.0002192377662809577,0.0
7975,0.0023077811517415578,0.0,0.0004297529029510214,0.0,-1.739107177600209e-05,0.0
7976,0.0023353935832183923,0.0,0.0008726474485808576,0.0,0.00018926522759065627,0.0
7977,0.0023915752834379462,0.0,0.0011191710884744374,0.0,0.0005387383854771304,0.0
7978,0.002431353561218217,0.0,0.001226959721783723,0.0,0.0007134561827768211,0.0
7979,0.002455274213675215,0.0,0.001267322101260872,0.0,0.0007616092501276049,0.0
7980,0.0024774144758539533,0.0,0.001305474685946935,0.0,0.0008150087919813556,0.0
7981,0.00249981131334922,0.0,0.0013534741771965406,0.0,0.0008779530631970514,0.0
7982,0.0025227582661142725,0.0,0.001419056620576746,0.0,0.0009497689343030348,0.0
7983,0.0025470125201951894,0.0,0.0014764066499942004,0.0,0.001040986555899251,0.0
7984,0.0025699589051370667,0.0,0.0015399289650858794,0.0,0.001114335241643158,0.0
7985,0.002587872762098384,0.0,0.0015733428164819787,0.0,0.0011468660085350384,0.0
7986,0.0026051140338232384,0.0,0.0016207142124502131,0.0,0.0011967682273039825,0.0
7987,0.0026121056473252515,0.0,0.001662244894395827,0.0,0.0012397538925628645,0.0
7988,0.0025062810957292183,0.0,0.0008842065444564368,0.0,0.0003061646141570204,0.0
7989,0.0024786405540857563,0.0,0.0009171840505871295,0.0,0.00035289807238922605,0.0
7990,0.00245637412981664,0.0,0.000826734574871181,0.0,0.00024077375188648721,0.0
7991,0.0024465059836196717,0.0,0.0008276842161184005,0.0,0.00023712086671311074,0.0
7992,0.0024491108641004787,0.0,0.0007505120798386551,0.0,0.0003168704748827318,0.0
7993,0.00244665164344904,0.0,0.0007326842469000876,0.0,0.00029889461614300973,0.0
7994,0.0024435889193606436,0.0,0.0007127886855589338,0.0,0.00027909461819205996,0.0
7995,0.002440510345337119,0.0,0.0007042393173357509,0.0,0.0002704881584888205,0.0
7996,0.00243771579722737,0.0,0.0006940921574336279,0.0,0.00026041224441064647,0.0
7997,0.0024346896414459305,0.0,0.0006872984495731021,0.0,0.00025365900026186393,0.0
7998,0.0024332785112261453,0.0,0.0007035053402461365,0.0,0.0002692494026215815,0.0
7999,0.002372111169233526,0.0,0.0004892956083337849,0.0,5.71003822090625e-05,0.0
8000,0.0024095941690404927,0.0,0.0010792264546606023,0.0,0.0004494441783230744,0.0
8001,0.002462755678017535,0.0,0.0012967787336579586,0.0,0.0007524402536792164,0.0
8002,0.0024990146127499844,0.0,0.0013982888162688736,0.0,0.0009242990137072217,0.0
8003,0.002522038587033107,0.0,0.0014316614871134998,0.0,0.0009651607911863116,0.0
8004,0.0025417072641913153,0.0,0.0014539656112363536,0.0,0.0009967265112762176,0.0
8005,0.0025629489218690635,0.0,0.001499728463551543,0.0,0.00105858558236677,0.0
8006,0.002588296537392253,0.0,0.001582680195775985,0.0,0.0011590018827781537,0.0
8007,0.0026128943975538745,0.0,0.0015830977423152445,0.0,0.0011807952553452529,0.0
8008,0.002631589867034807,0.0,0.001625575738808955,0.0,0.0012191695318285911,0.0
8009,0.002647100266853642,0.0,0.0016543642486473388,0.0,0.0012466420659874656,0.0
8010,0.0026641938266290547,0.0,0.001694979489179191,0.0,0.0012929080519632073,0.0
8011,0.002670417631853955,0.0,0.0017417805586956217,0.0,0.0013460081254118685,0.0
8012,0.0025519865015228333,0.0,0.0009338557227293138,0.0,0.0003947113000176759,0.0
8013,0.002520856246267799,0.0,0.000979512152948922,0.0,0.00044707270305548077,0.0
8014,0.0024958503654948995,0.0,0.0008659582463010698,0.0,0.00029152470203012634,0.0
8015,0.002482456895114199,0.0,0.0008687370303852792,0.0,0.0002855693864798341,0.0
8016,0.0024787050013355635,0.0,0.0007910528190952215,0.0,0.00035705457729916516,0.0
8017,0.002472054136345705,0.0,0.0007704488253682756,0.0,0.00033666523702132215,0.0
8018,0.0024649243791714202,0.0,0.000750305841277842,0.0,0.00031682703948685454,0.0
8019,0.0024579479693152832,0.0,0.0007446851076907341,0.0,0.0003101625127258417,0.0
8020,0.002450638270071889,0.0,0.0007389908488132217,0.0,0.00028941762552196705,0.0
8021,0.0024436504096000487,0.0,0.0007329620176912627,0.0,0.0002725088863528833,0.0
8022,0.0024385671474315964,0.0,0.0007482797226839636,0.0,0.00027291964132208067,0.0
8023,0.0023773035558761774,0.0,0.0005316123629197902,0.0,8.48131002093548e-05,0.0
8024,0.0024059331523821567,0.0,0.001050788458628968,0.0,0.0004102642571389946,0.0
8025,0.0024579174396396637,0.0,0.0012492197677249548,0.0,0.0006908110982193512,0.0
8026,0.0025027208699743,0.0,0.001392425382761546,0.0,0.0009229924350046559,0.0
8027,0.0025325162491493794,0.0,0.001457770462229987,0.0,0.0010092825562376673,0.0
8028,0.002558871324729486,0.0,0.0015036630236302843,0.0,0.001059163142948576,0.0
8029,0.002592271036185217,0.0,0.0015574973680009283,0.0,0.0011522711768747504,0.0
8030,0.002619318380458543,0.0,0.0016166348874949337,0.0,0.0012176366457905194,0.0
8031,0.002641323337022817,0.0,0.001623767653700377,0.0,0.001230068848953996,0.0
8032,0.0026595435132629247,0.0,0.0016711037855341039,0.0,0.0012695098677243072,0.0
8033,0.002673586963649605,0.0,0.0016942870750105631,0.0,0.0012914475617427533,0.0
8034,0.002687475227178488,0.0,0.001723930924997485,0.0,0.0013256373133451746,0.0
8035,0.002690475634234999,0.0,0.001765397207528611,0.0,0.0013701560128331941,0.0
8036,0.002568811888170568,0.0,0.0009782393079100836,0.0,0.00044478936406575856,0.0
8037,0.0025356600042763452,0.0,0.0010032224697755158,0.0,0.0004715945122453155,0.0
8038,0.0025098762432444292,0.0,0.000890263541461854,0.0,0.0003178809688138911,0.0
8039,0.002496096478849032,0.0,0.0008921218949614485,0.0,0.0003091846152426367,0.0
8040,0.002492107260308054,0.0,0.0008117450796580111,0.0,0.00037746532467129333,0.0
8041,0.0024861832605630966,0.0,0.0007905076137736308,0.0,0.0003562932616556784,0.0
8042,0.002480271646550085,0.0,0.0007662563054322811,0.0,0.0003320689950363435,0.0
8043,0.002474855650648525,0.0,0.0007616914537238496,0.0,0.00032764872908947157,0.0
8044,0.0024680747959403204,0.0,0.0007422635500309194,0.0,0.00030801838990168425,0.0
8045,0.0024610317331089666,0.0,0.0007342180989998704,0.0,0.0002907317678184187,0.0
8046,0.0024549255683972435,0.0,0.0007386452653879731,0.0,0.00028080503135896563,0.0
8047,0.0024482123325087644,0.0,0.0007363148585046919,0.0,0.00027404459214737235,0.0
8048,0.002411006381058389,0.0,0.0008850879168378432,0.0,0.00019799747350162495,0.0
8049,0.0023523669447197562,0.0,0.0006039555516268319,0.0,6.107114834396233e-05,0.0
8050,0.0023934908468336473,0.0,0.0008794347548393925,0.0,0.0002692787162353737,0.0
8051,0.0024134674865167595,0.0,0.001011412500566508,0.0,0.0004421498977444998,0.0
8052,0.002437513265913735,0.0,0.0011356911042517991,0.0,0.0006017332412310455,0.0
8053,0.002454314567991938,0.0,0.0011892645112962996,0.0,0.0006643922650985134,0.0
8054,0.002468231590135081,0.0,0.0012304033560525008,0.0,0.0007127658900426817,0.0
8055,0.002479837016305875,0.0,0.0012603793607336394,0.0,0.0007470277898321202,0.0
8056,0.0024860232246007264,0.0,0.0012596700484715393,0.0,0.0007277318177778263,0.0
8057,0.002445211657416589,0.0,0.0009019250575100423,0.0,0.00031625040751677956,0.0
8058,0.0024422488354276187,0.0,0.0009810558781194916,0.0,0.00041487794627171346,0.0
8059,0.002433535942923201,0.0,0.0009072331245552887,0.0,0.00032100160363907103,0.0
8060,0.0024437825402879513,0.0,0.0009276107705181609,0.0,0.0004928847105265856,0.0
8061,0.0024443420214014977,0.0,0.0009003196482830164,0.0,0.0004654167485195998,0.0
8062,0.002439874635808266,0.0,0.0007643681276389949,0.0,0.0003294097342193146,0.0
8063,0.002438493331506645,0.0,0.0007540412304870095,0.0,0.0003181395258347742,0.0
8064,0.0024353945965251995,0.0,0.0007246964554271736,0.0,0.00028510082557775237,0.0
8065,0.0024349549317177854,0.0,0.0007144358745093157,0.0,0.0002676606423451457,0.0
8066,0.0024348328723365177,0.0,0.0006973536205454351,0.0,0.00024930760270246827,0.0
8067,0.0024334257095721436,0.0,0.0006981953038659981,0.0,0.0002412136766365943,0.0
8068,0.0024315422786110605,0.0,0.0006921261801824652,0.0,0.0002312172345646027,0.0
8069,0.002429126367860953,0.0,0.0006906914839991812,0.0,0.00022253570545819235,0.0
8070,0.0024256487382255864,0.0,0.0006930676986850058,0.0,0.00021941087069382212,0.0
8071,0.0024200273183674053,0.0,0.0006982330505116748,0.0,0.00021219566776184526,0.0
8072,0.0024254001826571393,0.0,0.0008760596943776901,0.0,0.00038925220397659113,0.0
8073,0.0024287523782591898,0.0,0.000946570304467988,0.0,0.000453564861432935,0.0
8074,0.002430953744028551,0.0,0.0009571970054765388,0.0,0.00048019811419326816,0.0
8075,0.002433831571099894,0.0,0.0009593404137907091,0.0,0.0004923760534015676,0.0
8076,0.0024361151037301495,0.0,0.000951370203365843,0.0,0.0004973743240383342,0.0
8077,0.0024386637494595046,0.0,0.0009655512369605523,0.0,0.000507415662070147,0.0
8078,0.002441121357741072,0.0,0.0009779686784797668,0.0,0.0005218533761780374,0.0
8079,0.0024425657505060244,0.0,0.0009852143243225433,0.0,0.0005210659459378079,0.0
8080,0.002443918207316138,0.0,0.000990009923065117,0.0,0.0005253522585949985,0.0
8081,0.0024429102084333855,0.0,0.0009848542414102456,0.0,0.000503955328334977,0.0
8082,0.002440885200300078,0.0,0.0009729329773335747,0.0,0.0004839754464521916,0.0
8083,0.0024279282494796845,0.0,0.0008292875234891847,0.0,0.0002859357224336411,0.0
8084,0.0024214911967741825,0.0,0.0007994830099426202,0.0,0.00025644096687491317,0.0
8085,0.002412022840002459,0.0,0.0007962815855615053,0.0,0.0002186822324498879,0.0
8086,0.00240213575709379,0.0,0.0007317787215457103,0.0,0.00017606119836153004,0.0
8087,0.0023926030282732528,0.0,0.0007295127994918944,0.0,0.00015341197955604478,0.0
8088,0.002385128997395944,0.0,0.0007048718938480122,0.0,0.0001427804082264647,0.0
8089,0.002375823273253719,0.0,0.0006974362230914829,0.0,0.00012074700774306263,0.0
8090,0.0023737221799518325,0.0,0.0006845903886304378,0.0,0.00012212248548691142,0.0
8091,0.002367089027059584,0.0,0.0006831063508146373,0.0,0.00010966259393531397,0.0
8092,0.002364038711398396,0.0,0.0006733517017456967,0.0,0.00010978500747014413,0.0
8093,0.0023564346173514826,0.0,0.0006734377937094307,0.0,9.621941459172026e-05,0.0
8094,0.0023569523635462337,0.0,0.0006867128169692246,0.0,0.00010973012279221048,0.0
8095,0.002147322707845705,0.0,0.0002628245125101147,0.0,-0.00021142162982273438,0.0
8096,0.0021507222147799385,0.0,0.0005118759032577872,0.0,-0.000139467637232963,0.0
8097,0.0022292288294295383,0.0,0.0006708406409403061,0.0,7.940392837531935e-06,0.0
8098,0.002288524688342752,0.0,0.000792766778704232,0.0,0.00017928664240698792,0.0
8099,0.002324845446808034,0.0,0.0008938193482412749,0.0,0.0003255592082929892,0.0
8100,0.002348343187953364,0.0,0.0009496992883880606,0.0,0.0004007594211122049,0.0
8101,0.002370481230142003,0.0,0.0010101870453872424,0.0,0.00047627836875645496,0.0
8102,0.0023915758033044945,0.0,0.00108498020991357,0.0,0.0005479662718681196,0.0
8103,0.002414195396044067,0.0,0.0011389083592416541,0.0,0.000638298262965453,0.0
8104,0.002433943660831936,0.0,0.0011944235967177178,0.0,0.0006947196601861253,0.0
8105,0.002452731020365917,0.0,0.0012443779938864567,0.0,0.0007476722450682352,0.0
8106,0.0024732604560006727,0.0,0.0013105510257515542,0.0,0.0008210466809527943,0.0
8107,0.0024851132277139715,0.0,0.0013547279910724568,0.0,0.000865266707661934,0.0
8108,0.002422768458529211,0.0,0.0008232891788228062,0.0,0.00021002799063025708,0.0
8109,0.002407574505242819,0.0,0.0008470991139020124,0.0,0.00024684735912020375,0.0
8110,0.002390642081041004,0.0,0.0007797103571362447,0.0,0.00016382404942190312,0.0
8111,0.002384765141786403,0.0,0.0007805049281337925,0.0,0.00016202020541040757,0.0
8112,0.0024005239940679745,0.0,0.0007120629417470636,0.0,0.0002791985930751103,0.0
8113,0.002402160952928831,0.0,0.0006997300603008246,0.0,0.0002563266462887867,0.0
8114,0.0023993488835256623,0.0,0.0006948267393953199,0.0,0.0002277106673342084,0.0
8115,0.002395120817615456,0.0,0.0006975311651434941,0.0,0.00021139164673668288,0.0
8116,0.002391855068909138,0.0,0.0006913580919000902,0.0,0.0002032499886779227,0.0
8117,0.0023848178703889506,0.0,0.0006946516767413159,0.0,0.00017889371054546736,0.0
8118,0.002382145081856815,0.0,0.000703159879769833,0.0,0.00018361135000639038,0.0
8119,0.0022591092321634226,0.0,0.00039379560567558245,0.0,-7.326213439995562e-05,0.0
8120,0.0022764426667496286,0.0,0.000729036314310993,0.0,5.190227178430344e-05,0.0
8121,0.0023316495551462153,0.0,0.0009448557204257857,0.0,0.00032413599074179863,0.0
8122,0.00237654820381811,0.0,0.0010733009956892146,0.0,0.0005301496839560007,0.0
8123,0.002407771995227498,0.0,0.001151896354945718,0.0,0.0006356184844337354,0.0
8124,0.0024324971787032775,0.0,0.0011989245477835185,0.0,0.0007010933986076274,0.0
8125,0.0024593300692811303,0.0,0.0012659238279429802,0.0,0.00079165744482219,0.0
8126,0.0024838657373489445,0.0,0.0013342287567777449,0.0,0.0008638791035460818,0.0
8127,0.002502385324897131,0.0,0.001353686059156375,0.0,0.0008954910142320912,0.0
8128,0.00251828625874558,0.0,0.0013843688813351344,0.0,0.0009196906717346238,0.0
8129,0.0025332476492159212,0.0,0.001415546843555142,0.0,0.000950962824958114,0.0
8130,0.0025488112186453707,0.0,0.0014594392089965112,0.0,0.0009966808923571047,0.0
8131,0.002555161957291264,0.0,0.0014896104693953496,0.0,0.0010246416028883083,0.0
8132,0.0024638627020264637,0.0,0.0008507455615330147,0.0,0.000255028184935033,0.0
8133,0.0024392031324986423,0.0,0.000861884530740495,0.0,0.0002705686649495042,0.0
8134,0.002416295304601932,0.0,0.0007948866941986049,0.0,0.00019674655847451948,0.0
8135,0.002403595198282155,0.0,0.0007878668007754934,0.0,0.0001854287580447477,0.0
8136,0.002412519234220008,0.0,0.0007151999798905139,0.0,0.0002812567711205356,0.0
8137,0.0024068592057826057,0.0,0.0007111962346039581,0.0,0.00024602414762678673,0.0
8138,0.002398950921480297,0.0,0.0007037156886801003,0.0,0.0002190006466415526,0.0
8139,0.002386463137825808,0.0,0.0007080357293168748,0.0,0.00018535793247385804,0.0
8140,0.0023754139301388646,0.0,0.0006963305822188508,0.0,0.0001672835449074673,0.0
8141,0.002361306923600562,0.0,0.000688062450437503,0.0,0.00014076334707794442,0.0
8142,0.0023521659814862567,0.0,0.0006949328938170684,0.0,0.00013481644536150544,0.0
8143,0.0022382738294861454,0.0,0.0004194251797523189,0.0,-7.281199883149418e-05,0.0
8144,0.002255791695486637,0.0,0.000737649672142029,0.0,4.9854141121908756e-05,0.0
8145,0.0023171669646440667,0.0,0.0009473454310313862,0.0,0.0003335361729727138,0.0
8146,0.0023786530203399937,0.0,0.0011168242668555604,0.0,0.0005949625880498691,0.0
8147,0.0024236475497328375,0.0,0.0012336461839895106,0.0,0.0007450541592657546,0.0
8148,0.00246207542953488,0.0,0.0013159198001947803,0.0,0.0008588757123398308,0.0
8149,0.0024999022877042858,0.0,0.0014086176013732518,0.0,0.0009920785423753052,0.0
8150,0.002538147901377355,0.0,0.0014888082116425872,0.0,0.0010956039647347067,0.0
8151,0.002575081249783411,0.0,0.0015055978645433562,0.0,0.001140468504793499,0.0
8152,0.0026019483875775657,0.0,0.0015652916752002205,0.0,0.0011908634666371676,0.0
8153,0.0026132456320004578,0.0,0.0016064930231072022,0.0,0.0012002064473363395,0.0
8154,0.002615197068683951,0.0,0.0016177980369357643,0.0,0.0011978475230224853,0.0
8155,0.002615832816511075,0.0,0.001632849621311689,0.0,0.0012025792759466818,0.0
8156,0.0025050375757756566,0.0,0.0008831521208687684,0.0,0.0003036550584186368,0.0
8157,0.0024733409919610377,0.0,0.0008984016035208193,0.0,0.0003214159803861978,0.0
8158,0.0024469111666216552,0.0,0.0008224038241928097,0.0,0.00023526927730482686,0.0
8159,0.002432365203184253,0.0,0.0008159851308076908,0.0,0.00022339636416051929,0.0
8160,0.0024373437211684815,0.0,0.0007468222256295908,0.0,0.00031425502277357344,0.0
8161,0.002432321527384272,0.0,0.0007317519682577777,0.0,0.0002859838963658692,0.0
8162,0.0024242639860307595,0.0,0.0007231690276219662,0.0,0.0002529379875314411,0.0
8163,0.002416167581405641,0.0,0.0007178673430788412,0.0,0.00023791279457370702,0.0
8164,0.0024055574947168287,0.0,0.0007110999148539595,0.0,0.0002113290275611874,0.0
8165,0.0023947858126607763,0.0,0.0007022949813625795,0.0,0.00019003940858588662,0.0
8166,0.0023874879562694614,0.0,0.0007149179244890828,0.0,0.00018615535566761095,0.0
8167,0.0022971886986151964,0.0,0.0004690008856533544,0.0,-4.743089499084879e-06,0.0
8168,0.0023161391411491653,0.0,0.0008582571906454843,0.0,0.00017224546092357395,0.0
8169,0.0023735697483454844,0.0,0.0010654160623801907,0.0,0.00047072908583515693,0.0
8170,0.00242019571994531,0.0,0.0011890525470453098,0.0,0.0006633278746186462,0.0
8171,0.0024528771736434776,0.0,0.0012617241564930914,0.0,0.0007595531812869757,0.0
8172,0.0024818228878183517,0.0,0.0013192039893304747,0.0,0.0008401296448357842,0.0
8173,0.0025081737848650565,0.0,0.001374463498522265,0.0,0.0009099052990384669,0.0
8174,0.0025353474575181344,0.0,0.001452673525536667,0.0,0.0009964481396983426,0.0
8175,0.002564495397117096,0.0,0.0015210965790992343,0.0,0.0010951040683231973,0.0
8176,0.0025904784096972373,0.0,0.0015750672354063867,0.0,0.0011545759536190983,0.0
8177,0.002608722643081144,0.0,0.0016036331446305588,0.0,0.0011841954134185662,0.0
8178,0.002623415486802568,0.0,0.001640647598684981,0.0,0.0012207889352268187,0.0
8179,0.0026278391758988847,0.0,0.0016765782413498472,0.0,0.0012528353982703111,0.0
8180,0.002516813498189648,0.0,0.0008927032396028375,0.0,0.00031507722413072394,0.0
8181,0.002486657571102774,0.0,0.000920774955184328,0.0,0.0003521470268078291,0.0
8182,0.0024620613021327275,0.0,0.0008332561098052052,0.0,0.0002469760797970705,0.0
8183,0.002449696124278643,0.0,0.0008312033728228006,0.0,0.0002404143312590833,0.0
8184,0.0024521212118146563,0.0,0.0007576826662647224,0.0,0.00032460306752403034,0.0
8185,0.002447549046336705,0.0,0.0007365121053578294,0.0,0.0003035046323584575,0.0
8186,0.0024413790830892903,0.0,0.0007192615970776173,0.0,0.00027771908569676875,0.0
8187,0.0024346982773274604,0.0,0.0007195279480278127,0.0,0.0002598810638633252,0.0
8188,0.0024279757179774143,0.0,0.0007148360788764786,0.0,0.00024303235664830747,0.0
8189,0.0024214943252022563,0.0,0.0007081883475016327,0.0,0.00023181831106760436,0.0
8190,0.0024169782195799018,0.0,0.0007218172102672227,0.0,0.0002323050098534487,0.0
8191,0.0023482015466606064,0.0,0.0005039020907874946,0.0,5.118104243158079e-05,0.0
8192,0.002375454197798367,0.0,0.000987751193719736,0.0,0.00033151475265634197,0.0
8193,0.002427599322986057,0.0,0.0011835253791151223,0.0,0.0006097072433285443,0.0
8194,0.0024695055389124514,0.0,0.0013011730247700043,0.0,0.0007996493247000535,0.0
8195,0.0024974886861071806,0.0,0.001358644508598533,0.0,0.0008752100015920468,0.0
8196,0.0025138940155071286,0.0,0.0013609978426963234,0.0,0.0008746298850421843,0.0
8197,0.0025382508724060083,0.0,0.0014243657041481848,0.0,0.0009625818739058814,0.0
8198,0.0025661543078676742,0.0,0.0015185594008014758,0.0,0.0010772919622482817,0.0
8199,0.0025867669191240554,0.0,0.0015424876933701713,0.0,0.001117877606097778,0.0
8200,0.002605499988426149,0.0,0.0015866692225142722,0.0,0.00116111126285494,0.0
8201,0.002621918262449557,0.0,0.0016201512477747014,0.0,0.0011949574946170365,0.0
8202,0.0026385146326790903,0.0,0.0016637360975064362,0.0,0.0012427423797983102,0.0
8203,0.0026448326486587697,0.0,0.0017148479957740579,0.0,0.0012978530749635318,0.0
8204,0.0025336261421159533,0.0,0.0009048274774260251,0.0,0.00033686845177820614,0.0
8205,0.0025026143530490247,0.0,0.000939355743503468,0.0,0.00037223120658780393,0.0
8206,0.002477359653001034,0.0,0.0008445734745116263,0.0,0.000250971455817288,0.0
8207,0.0024665081105615673,0.0,0.0008432434916000532,0.0,0.00024950743382630403,0.0
8208,0.0024680579342715005,0.0,0.0007638353437156901,0.0,0.00033007214479405353,0.0
8209,0.0024637143380533333,0.0,0.0007458267163800575,0.0,0.00031215015901120283,0.0
8210,0.0024579080812416184,0.0,0.00072947422819608,0.0,0.00029610119146931805,0.0
8211,0.0024514398749819677,0.0,0.0007265022105210285,0.0,0.0002873920593989231,0.0
8212,0.0024436616646045946,0.0,0.0007268642596206538,0.0,0.0002646757392309675,0.0
8213,0.0024367766617349887,0.0,0.000721731949740114,0.0,0.00025241929533013777,0.0
8214,0.0024298588667816855,0.0,0.0007253745051357687,0.0,0.0002407215141109764,0.0
8215,0.002422767293713338,0.0,0.000720614597947392,0.0,0.00023717519851943836,0.0
8216,0.00237728296587213,0.0,0.0008296672308004481,0.0,0.0001350239715376708,0.0
8217,0.002308372009839518,0.0,0.0005566392355582822,0.0,1.504080329002848e-05,0.0
8218,0.0023552381082481517,0.0,0.0007876252000831735,0.0,0.00019756069468449358,0.0
8219,0.0023847881808158776,0.0,0.0009609151202232744,0.0,0.0003955571784874097,0.0
8220,0.002406744802302065,0.0,0.0010559425764831848,0.0,0.0005169075222813109,0.0
8221,0.002424628200679883,0.0,0.0011158915416075227,0.0,0.0005900190690892532,0.0
8222,0.002439858505768734,0.0,0.0011634497796654158,0.0,0.0006480176317659504,0.0
8223,0.002450013908075447,0.0,0.0011833426421718155,0.0,0.0006664366874461402,0.0
8224,0.002453419927750849,0.0,0.001173943190232755,0.0,0.0006333457646078824,0.0
8225,0.002414247598871215,0.0,0.0008531270073900718,0.0,0.0002643996617253384,0.0
8226,0.0024046124059213894,0.0,0.00090439792583885,0.0,0.00031677114307856005,0.0
8227,0.002388112977806963,0.0,0.0008282663639246656,0.0,0.00021037691456264043,0.0
8228,0.002405508851322898,0.0,0.0007962083591163771,0.0,0.00035792143884300987,0.0
8229,0.002405018539971957,0.0,0.000797797331523262,0.0,0.00032107737236102755,0.0
8230,0.0023943159630890015,0.0,0.0007269414922955228,0.0,0.00022557724912641093,0.0
8231,0.0023861611945357377,0.0,0.0007194467365339297,0.0,0.00019882368004244303,0.0
8232,0.0023737104165100654,0.0,0.0007028123760503169,0.0,0.0001634991453657302,0.0
8233,0.0023646428273018513,0.0,0.0006918261481648111,0.0,0.0001452404936693667,0.0
8234,0.0023511167676979303,0.0,0.0006833081165516877,0.0,0.00011573985019761664,0.0
8235,0.0023415673343120877,0.0,0.0006693408789616613,0.0,0.00010576374387926898,0.0
8236,0.002326320323828529,0.0,0.0006615702846121862,0.0,8.017631464532049e-05,0.0
8237,0.002317843456272377,0.0,0.0006470362927040621,0.0,7.462225868266729e-05,0.0
8238,0.002302065350727269,0.0,0.0006421273684778588,0.0,5.160340138062275e-05,0.0
8239,0.002291673562357852,0.0,0.0006270874323720387,0.0,4.741281430512023e-05,0.0
8240,0.002280200206450312,0.0,0.000667282753661689,0.0,6.19651094595949e-05,0.0
8241,0.0022796405480461183,0.0,0.0006786758245370293,0.0,7.821079715072325e-05,0.0
8242,0.0022865409271100893,0.0,0.0006920234470191029,0.0,9.787971343306289e-05,0.0
8243,0.0023056137176499843,0.0,0.0007019642044246042,0.0,0.00014403929019388183,0.0
8244,0.002314313668466206,0.0,0.0007151852518581016,0.0,0.00014650751821499754,0.0
8245,0.002326675038714898,0.0,0.0007417335732058056,0.0,0.00017114346453453487,0.0
8246,0.00233491883236491,0.0,0.0007749305076017025,0.0,0.0001970852531683312,0.0
8247,0.0023489875306255694,0.0,0.0008144589892897416,0.0,0.00026628877067093326,0.0
8248,0.002356559496873758,0.0,0.0008334770278364196,0.0,0.00028154843127481096,0.0
8249,0.0023582301869968687,0.0,0.0008147776098077722,0.0,0.00026256166448060435,0.0
8250,0.002343611283881715,0.0,0.0007721693514291478,0.0,0.0001642478042938858,0.0
8251,0.002321285505558084,0.0,0.0006862791964326858,0.0,9.082837875224912e-05,0.0
8252,0.002297605432396937,0.0,0.0006663132460421781,0.0,5.1230713633767405e-05,0.0
8253,0.002285948435729325,0.0,0.0006502084273349441,0.0,4.3724026547376036e-05,0.0
8254,0.0022599743767123346,0.0,0.0006122705960141617,0.0,-3.93627791769153e-06,0.0
8255,0.0022522113436540623,0.0,0.0005956440068621942,0.0,-7.883964863333848e-06,0.0
8256,0.0022348557319267267,0.0,0.0005814916312379197,0.0,-3.239396368292743e-05,0.0
8257,0.0022345812861147363,0.0,0.0005696945692268568,0.0,-2.9669195578050788e-05,0.0
8258,0.0022283164794790816,0.0,0.0005671040679049921,0.0,-4.204645545580286e-05,0.0
8259,0.002230389638760353,0.0,0.0005586596037680829,0.0,-3.546985381409971e-05,0.0
8260,0.002221124464394658,0.0,0.000555130673476136,0.0,-5.062862070163922e-05,0.0
8261,0.002222693574841811,0.0,0.0005471411785722471,0.0,-4.479211473108302e-05,0.0
8262,0.002218737018172803,0.0,0.0005630279570264186,0.0,-4.8867561393827657e-05,0.0
8263,0.0019876985188266036,0.0,0.0001302596218183624,0.0,-0.0003576791118437313,0.0
8264,0.001989458648385172,0.0,0.00034347393820001297,0.0,-0.0002994477334562427,0.0
8265,0.002084778341752319,0.0,0.0004890938234776296,0.0,-0.0001546021887018497,0.0
8266,0.0021483081847961834,0.0,0.0005726626636631978,0.0,-4.693409163705807e-05,0.0
8267,0.002192800769955229,0.0,0.0006555285172721685,0.0,3.455199072723144e-05,0.0
8268,0.0022279317813487295,0.0,0.0007321161246416224,0.0,0.00013776269686543107,0.0
8269,0.002261895604182688,0.0,0.0008172133995196112,0.0,0.00025038437439591724,0.0
8270,0.002294789307084625,0.0,0.0009196605037305478,0.0,0.00036253246987664046,0.0
8271,0.002321143268436126,0.0,0.0009695436819204971,0.0,0.00043597048678869176,0.0
8272,0.0023472590153110016,0.0,0.0010402040030605265,0.0,0.0005171381016010658,0.0
8273,0.002370308689806635,0.0,0.0010988091317595784,0.0,0.000580203188412837,0.0
8274,0.0023939119201961635,0.0,0.001169044014384594,0.0,0.0006550249558389956,0.0
8275,0.002409678920748293,0.0,0.0012147548954191587,0.0,0.0006978785622839675,0.0
8276,0.0023569424761568777,0.0,0.0007456368597424704,0.0,0.00013388448752168635,0.0
8277,0.002347153660423933,0.0,0.000766763164124359,0.0,0.00015558141604148437,0.0
8278,0.002333701165662975,0.0,0.0007146824805838563,0.0,0.00010243251256628061,0.0
8279,0.0023306670599411864,0.0,0.0007159421421103157,0.0,0.00010181468283999373,0.0
8280,0.002351387406368701,0.0,0.0006447466331157786,0.0,0.00021202529225044305,0.0
8281,0.0023538418217598465,0.0,0.00064825257592685,0.0,0.0001890186115793837,0.0
8282,0.0023511155031717217,0.0,0.0006493356753788141,0.0,0.00016546068864514945,0.0
8283,0.002344817197048997,0.0,0.0006557897915773923,0.0,0.00014137021785767204,0.0
8284,0.002339082206848127,0.0,0.0006486453866432714,0.0,0.00012691004860694317,0.0
8285,0.0023314775976675836,0.0,0.0006450859538070042,0.0,0.00010940654671519291,0.0
8286,0.0023297651676249774,0.0,0.0006549441800594027,0.0,0.00011534316872469758,0.0
8287,0.0021902891087008268,0.0,0.00033382913617864963,0.0,-0.00013995938776730854,0.0
8288,0.0022022970777881828,0.0,0.0006233931929806053,0.0,-4.1392750903877936e-05,0.0
8289,0.002268956588449551,0.0,0.0008365487690613494,0.0,0.0001993896347197825,0.0
8290,0.002316689760916986,0.0,0.0009627440295216308,0.0,0.0003989192844687933,0.0
8291,0.0023521237029899807,0.0,0.0010545896470756677,0.0,0.0005225661545037365,0.0
8292,0.002381253872722388,0.0,0.0011163940142438684,0.0,0.0006079332157193837,0.0
8293,0.0024103995283970524,0.0,0.0011882522418842766,0.0,0.0007005987289130588,0.0
8294,0.0024386568908307225,0.0,0.001269822530572492,0.0,0.0007894676705354007,0.0
8295,0.002463364944071077,0.0,0.0013141788193470286,0.0,0.0008590825266331832,0.0
8296,0.002484762923639461,0.0,0.0013624818757936913,0.0,0.0009072400400632233,0.0
8297,0.0025023313545185916,0.0,0.0013950066895040676,0.0,0.0009372149311329685,0.0
8298,0.0025192333885210648,0.0,0.0014387132600793716,0.0,0.000980246703485846,0.0
8299,0.0025276352113574674,0.0,0.0014743918692992429,0.0,0.0010140615067698476,0.0
8300,0.0024404121400236865,0.0,0.000816752739411576,0.0,0.00022718883042236251,0.0
8301,0.0024174920424826036,0.0,0.000833787880989209,0.0,0.0002465198152943014,0.0
8302,0.002395819326880712,0.0,0.0007679247825151817,0.0,0.00017283530614821863,0.0
8303,0.0023852064212396495,0.0,0.0007639178875580269,0.0,0.00016500571288818682,0.0
8304,0.0023955158579731795,0.0,0.00069420794494966,0.0,0.0002615796729845939,0.0
8305,0.002393503456725647,0.0,0.000685381031424134,0.0,0.00024024851618112603,0.0
8306,0.0023863824171795507,0.0,0.0006814159053390775,0.0,0.0002096250077737805,0.0
8307,0.0023754034096728095,0.0,0.0006876263855353916,0.0,0.00017995606181785422,0.0
8308,0.0023655460649477807,0.0,0.0006805550909639493,0.0,0.00016246740752841413,0.0
8309,0.0023524309478033974,0.0,0.0006741875442372236,0.0,0.0001356402389360847,0.0
8310,0.00234246598035367,0.0,0.0006826043333357313,0.0,0.00012709607798328893,0.0
8311,0.002224932625954401,0.0,0.000403915272916745,0.0,-8.708661790775133e-05,0.0
8312,0.0022395236995166982,0.0,0.0007150595501726983,0.0,3.139509895369683e-05,0.0
8313,0.0022962848109036975,0.0,0.0009129384271719535,0.0,0.0002954346958438498,0.0
8314,0.00235025414832546,0.0,0.0010537611371263006,0.0,0.0005157977721895132,0.0
8315,0.0023915228767675966,0.0,0.0011575408792511529,0.0,0.0006577890094153526,0.0
8316,0.002424642491832875,0.0,0.0012242915557630078,0.0,0.0007395434780980068,0.0
8317,0.0024600099640898704,0.0,0.001308120480519333,0.0,0.0008573947289447523,0.0
8318,0.0024938365947673223,0.0,0.0014026335865072307,0.0,0.0009690854008966474,0.0
8319,0.0025260700137475617,0.0,0.0014435908912480162,0.0,0.0010441414593303988,0.0
8320,0.0025507640981912655,0.0,0.0014978377439678365,0.0,0.0010923513127076112,0.0
8321,0.0025636326435153362,0.0,0.0015190399503951825,0.0,0.0010897714808350435,0.0
8322,0.0025665644136031746,0.0,0.0015024532057846935,0.0,0.0010589520580601961,0.0
8323,0.002566790116747553,0.0,0.0015049575681343316,0.0,0.0010445422798060903,0.0
8324,0.002457842561515485,0.0,0.0008388654357369299,0.0,0.00024856492278300295,0.0
8325,0.0024223286444158727,0.0,0.0008257824363771336,0.0,0.00023587866293031906,0.0
8326,0.002392493088004226,0.0,0.000770604063039084,0.0,0.0001759018598451955,0.0
8327,0.002375666763140481,0.0,0.0007567327644433409,0.0,0.00015964177536816667,0.0
8328,0.0023866620372127814,0.0,0.0006940981051006504,0.0,0.00024870938068436007,0.0
8329,0.002376155960495968,0.0,0.0006969357792958207,0.0,0.00019873905763082554,0.0
8330,0.002363164012165758,0.0,0.0006861288148675611,0.0,0.00016673911849031864,0.0
8331,0.0023454313982632802,0.0,0.0006765244017826325,0.0,0.000130096016819644,0.0
8332,0.002334059137488813,0.0,0.0006599943659501141,0.0,0.0001159425232752652,0.0
8333,0.0023185351956765033,0.0,0.0006489895874013348,0.0,8.88499297208667e-05,0.0
8334,0.0023133465949662767,0.0,0.0006514078657699808,0.0,9.172498613023222e-05,0.0
8335,0.0022066457364688635,0.0,0.0004035058249393131,0.0,-9.57910493932651e-05,0.0
8336,0.00223047589598052,0.0,0.0007227413049895447,0.0,3.232103429087188e-05,0.0
8337,0.0022959225124292394,0.0,0.0009344008048594423,0.0,0.0003226212570082291,0.0
8338,0.0023442242373605065,0.0,0.001046726625886913,0.0,0.0004932055288938331,0.0
8339,0.0023762092430537314,0.0,0.0011111988323900764,0.0,0.0005750674324765312,0.0
8340,0.00240674939329771,0.0,0.0011716107796257674,0.0,0.000658440469560505,0.0
8341,0.002439348158841812,0.0,0.0012465785839688463,0.0,0.0007579658595168132,0.0
8342,0.0024691998203612035,0.0,0.0013231031964387454,0.0,0.0008413448581370382,0.0
8343,0.0024930549420022407,0.0,0.0013586317922111351,0.0,0.0008958213499987116,0.0
8344,0.0025121462692391503,0.0,0.0013923872502788423,0.0,0.0009249835948923085,0.0
8345,0.0025294108862682816,0.0,0.0014252034076027693,0.0,0.0009581465116078106,0.0
8346,0.0025468385011070275,0.0,0.0014707682951499417,0.0,0.001006199420247428,0.0
8347,0.0025554260035869714,0.0,0.0015058541866018326,0.0,0.0010398635815228317,0.0
8348,0.0024536846171727754,0.0,0.0008255184669178962,0.0,0.0002370306219054571,0.0
8349,0.002426795803421954,0.0,0.0008339524476454908,0.0,0.00024459967178879914,0.0
8350,0.0024027249083369596,0.0,0.0007706457146177043,0.0,0.00017779394500867904,0.0
8351,0.002391049596383364,0.0,0.0007637613212484811,0.0,0.00016734806575014827,0.0
8352,0.002401458883990799,0.0,0.0006900449546340974,0.0,0.0002576011810657328,0.0
8353,0.0023994335663685947,0.0,0.0006820570006041489,0.0,0.0002382805331089719,0.0
8354,0.002393435669258339,0.0,0.0006789332556877651,0.0,0.00020985661432300177,0.0
8355,0.0023873366625550146,0.0,0.0006767711251287392,0.0,0.00019905941681497958,0.0
8356,0.002379081057924489,0.0,0.000673671587782515,0.0,0.00017928829668405546,0.0
8357,0.0023681434303464578,0.0,0.000670699550072088,0.0,0.00015752697909799393,0.0
8358,0.0023608800843411535,0.0,0.0006855998758592066,0.0,0.0001523993970482659,0.0
8359,0.0022716779620107503,0.0,0.00044725317044101004,0.0,-2.8878504628148706e-05,0.0
8360,0.002290666901738617,0.0,0.0008283371233917657,0.0,0.00014070870413390398,0.0
8361,0.002346984263411185,0.0,0.0010258923740216453,0.0,0.0004278812925215332,0.0
8362,0.002392419544154644,0.0,0.0011429096286505946,0.0,0.0006107835580189587,0.0
8363,0.002424957777408916,0.0,0.0012153798659422595,0.0,0.0007054432599332889,0.0
8364,0.00245965215867216,0.0,0.0012986107471527136,0.0,0.0008219108800906424,0.0
8365,0.0024936428130737306,0.0,0.0013821215039978494,0.0,0.0009230203439927716,0.0
8366,0.0025280713105538363,0.0,0.0014855339790119412,0.0,0.0010554435939241385,0.0
8367,0.0025479676688557927,0.0,0.0014933303288635453,0.0,0.0010653569425536275,0.0
8368,0.002567840405863781,0.0,0.0015338450606752628,0.0,0.001104984331496071,0.0
8369,0.0025840928126515273,0.0,0.0015606315074363005,0.0,0.0011311093287058836,0.0
8370,0.002597911292125773,0.0,0.0015909620892916212,0.0,0.0011594531981082988,0.0
8371,0.0026024808845346663,0.0,0.0016165754037827686,0.0,0.0011815519901089556,0.0
8372,0.0024918507266260626,0.0,0.0008623483083621758,0.0,0.000286561977447372,0.0
8373,0.0024607747193769788,0.0,0.0008780297853590009,0.0,0.00030276346106224757,0.0
8374,0.0024349813032508594,0.0,0.0008041219949641316,0.0,0.0002203104445420265,0.0
8375,0.002421493504547666,0.0,0.0007980581663844381,0.0,0.00020960213848526354,0.0
8376,0.002426563665899223,0.0,0.0007290899910907987,0.0,0.0002964479464902421,0.0
8377,0.002420950127610954,0.0,0.0007146726746015697,0.0,0.0002719386684383032,0.0
8378,0.0024111078390886115,0.0,0.0007087531285077471,0.0,0.00023719871807044543,0.0
8379,0.002400889385423509,0.0,0.0007103121947395054,0.0,0.00021450527819225442,0.0
8380,0.002389558390421701,0.0,0.0007014088202068833,0.0,0.00019174719666732558,0.0
8381,0.0023724393389033017,0.0,0.0006944636513126952,0.0,0.00015718453612806826,0.0
8382,0.002354178879334659,0.0,0.0006861783756959407,0.0,0.00013211453214873135,0.0
8383,0.0023321757468369934,0.0,0.0006728078296203562,0.0,0.00010335399219096137,0.0
8384,0.0022634735095718355,0.0,0.0006850218968443018,0.0,6.943387708804546e-06,0.0
8385,0.002171833538004562,0.0,0.00042730916502466967,0.0,-0.00011915834472568958,0.0
8386,0.0022440428564496464,0.0,0.0006179611080202175,0.0,5.4999510361136835e-05,0.0
8387,0.0022990915742176522,0.0,0.0007883773030206436,0.0,0.00022069341644970577,0.0
8388,0.0023404867830219885,0.0,0.0009645160098480515,0.0,0.0004359560312068565,0.0
8389,0.002375936622437391,0.0,0.001084401474787594,0.0,0.0005974363769533524,0.0
8390,0.0024097862533193153,0.0,0.0012065705489264036,0.0,0.0007679383879150054,0.0
8391,0.0024366896618546745,0.0,0.0012904989245954449,0.0,0.0008649977393912968,0.0
8392,0.0024425875835321484,0.0,0.0012404221981903666,0.0,0.0007338656269645408,0.0
8393,0.0024001620578546195,0.0,0.0008298918843252939,0.0,0.00026718477709243744,0.0
8394,0.0023899268979792106,0.0,0.0008848614211016627,0.0,0.0003136659147669899,0.0
8395,0.0023737306103348054,0.0,0.0008143774468531246,0.0,0.0002087368533080329,0.0
8396,0.0023866682644104083,0.0,0.0007757608228132313,0.0,0.00033566888289578243,0.0
8397,0.00238655251429628,0.0,0.0007796287549864554,0.0,0.0003109086880563438,0.0
8398,0.0023741216465036673,0.0,0.0007145101324470978,0.0,0.00020220549314504867,0.0
8399,0.002367961613849622,0.0,0.000701820823805636,0.0,0.00018341010654563577,0.0
8400,0.0023581408176555096,0.0,0.000683497351800965,0.0,0.00015145816736012547,0.0
8401,0.0023513900540439526,0.0,0.0006718420527891253,0.0,0.00013622382404707156,0.0
8402,0.0023436131432331437,0.0,0.0006641557988180478,0.0,0.00011411603602029747,0.0
8403,0.002339508662724719,0.0,0.0006516917671383988,0.0,0.00010956322809273287,0.0
8404,0.0023313199647776077,0.0,0.000647752671380769,0.0,9.259375945972783e-05,0.0
8405,0.002324719053433012,0.0,0.0006386983656333054,0.0,8.533292575200698e-05,0.0
8406,0.002315348751008213,0.0,0.0006385464120003965,0.0,7.03259077007094e-05,0.0
8407,0.002308536853408023,0.0,0.0006301453066088997,0.0,6.706616507190283e-05,0.0
8408,0.0023071195331769985,0.0,0.0006926908877902002,0.0,0.00010955798170076271,0.0
8409,0.0023097802705068695,0.0,0.0007174935301287216,0.0,0.0001309555893635201,0.0
8410,0.002308356226476848,0.0,0.000723291723066681,0.0,0.00012924433812114473,0.0
8411,0.002311043696788307,0.0,0.0007171620541465639,0.0,0.0001354787724807304,0.0
8412,0.0023105938715007298,0.0,0.0007109648449748456,0.0,0.00012554385592965136,0.0
8413,0.002317265148907133,0.0,0.0007197967714880672,0.0,0.00014339174370388264,0.0
8414,0.002320104949043977,0.0,0.0007299669183786503,0.0,0.00014304967084105384,0.0
8415,0.002324050866256852,0.0,0.000736552402180758,0.0,0.00015282587025077302,0.0
8416,0.002324409302606219,0.0,0.0007440474979650625,0.0,0.0001477517722374875,0.0
8417,0.002324400661844404,0.0,0.0007441006375419972,0.0,0.00014807086517083508,0.0
8418,0.0023171634417981793,0.0,0.0007369474595353353,0.0,0.00011997355319252586,0.0
8419,0.0023049072227245126,0.0,0.0006677518904121729,0.0,7.183797730366166e-05,0.0
8420,0.0022947466627778156,0.0,0.0006563851762938276,0.0,5.1782934665673525e-05,0.0
8421,0.002291914671491724,0.0,0.0006505874330846725,0.0,5.152634186260147e-05,0.0
8422,0.002279499739521606,0.0,0.0006176131526798368,0.0,1.7043777410066124e-05,0.0
8423,0.0022765250535452366,0.0,0.000608680733844662,0.0,1.4336604166461427e-05,0.0
8424,0.0022671771701268536,0.0,0.0005983299359505507,0.0,-1.0363214462359976e-06,0.0
8425,0.0022653241733702144,0.0,0.0005900767616049403,0.0,-2.414093031395583e-06,0.0
8426,0.0022620673270021957,0.0,0.0005897314954985623,0.0,-8.425629546519897e-06,0.0
8427,0.0022621679804372286,0.0,0.000584644641824543,0.0,-5.231334463965168e-06,0.0
8428,0.002257049656530871,0.0,0.0005840356908647416,0.0,-1.376233145724225e-05,0.0
8429,0.0022565825244409508,0.0,0.0005785187894575539,0.0,-1.1295956355716658e-05,0.0
8430,0.002255422425971727,0.0,0.0005957325483837755,0.0,-9.679382558179213e-06,0.0
8431,0.0020348091759614367,0.0,0.0001664022778288353,0.0,-0.00031593385262620695,0.0
8432,0.002029365364790373,0.0,0.00038448118654041874,0.0,-0.00026338539974029944,0.0
8433,0.0021191906814405645,0.0,0.0005312473002015592,0.0,-0.0001207242341929953,0.0
8434,0.00217925572924464,0.0,0.0006169274192095089,0.0,-9.483326682123102e-06,0.0
8435,0.0022225830920802464,0.0,0.0007097321187333836,0.0,9.574688682412484e-05,0.0
8436,0.0022638717828853874,0.0,0.0008116137048768065,0.0,0.00025299433657175385,0.0
8437,0.002298600975747926,0.0,0.0009051463555857905,0.0,0.0003752844202080537,0.0
8438,0.0023274184186220276,0.0,0.0010002381151957888,0.0,0.00046947520921236815,0.0
8439,0.0023521097193290813,0.0,0.0010499881345105186,0.0,0.0005474802950484092,0.0
8440,0.002381352610418954,0.0,0.0011476909783036543,0.0,0.000665244327395768,0.0
8441,0.002403434013971456,0.0,0.001198417140528776,0.0,0.0007158808320206873,0.0
8442,0.0024186914233021934,0.0,0.0012249436077637333,0.0,0.0007283143577899915,0.0
8443,0.002424966112873737,0.0,0.0012330211318396715,0.0,0.0007211795527403302,0.0
8444,0.002363072372533961,0.0,0.0007551682302736923,0.0,0.0001433386882369748,0.0
8445,0.0023429407829060594,0.0,0.0007549302690092949,0.0,0.0001442381781830602,0.0
8446,0.00232150115436245,0.0,0.0007086040663876396,0.0,9.581484519192562e-05,0.0
8447,0.002312692718221814,0.0,0.0007033790064043346,0.0,8.885222293122073e-05,0.0
8448,0.002334135094496227,0.0,0.0006459903561863713,0.0,0.0001963935287279861,0.0
8449,0.002325271885935094,0.0,0.0006595888591655065,0.0,0.00013688556837938804,0.0
8450,0.002314831199870891,0.0,0.0006519960212440141,0.0,0.00011041974272056425,0.0
8451,0.0023056548647849237,0.0,0.0006436009145065181,0.0,8.55302654257518e-05,0.0
8452,0.0023074242999663163,0.0,0.0006275390194623739,0.0,9.005137821633212e-05,0.0
8453,0.0023012390525349886,0.0,0.0006234528157317363,0.0,7.211812219003004e-05,0.0
8454,0.0023024541414977677,0.0,0.0006327467778371107,0.0,8.424593882324434e-05,0.0
8455,0.002155007399959265,0.0,0.00031059675549089934,0.0,-0.00017249655347264723,0.0
8456,0.002164685050742819,0.0,0.0005816093165899154,0.0,-8.145718587209327e-05,0.0
8457,0.0022323539395218304,0.0,0.0007784590380276769,0.0,0.00013404713476609128,0.0
8458,0.0022954623662167113,0.0,0.0009468653715274946,0.0,0.0003997778316769554,0.0
8459,0.0023421725847167624,0.0,0.0010760613820373626,0.0,0.0005721865495471293,0.0
8460,0.002375027162412238,0.0,0.0011385826314246233,0.0,0.000649633096841855,0.0
8461,0.0024082965453019476,0.0,0.001216458449171701,0.0,0.0007490318642172924,0.0
8462,0.002440518090201199,0.0,0.0013063318159497015,0.0,0.0008485301914147193,0.0
8463,0.00246608103455348,0.0,0.0013429007725999993,0.0,0.0009008188151719049,0.0
8464,0.0024868106659022343,0.0,0.0013815005979738238,0.0,0.0009351123365362517,0.0
8465,0.002503234880065483,0.0,0.0014052744535077355,0.0,0.0009561929317192326,0.0
8466,0.0025158805530236432,0.0,0.0014237674407697738,0.0,0.0009648508524169592,0.0
8467,0.0025200057315253733,0.0,0.001437520314290142,0.0,0.0009694799382266226,0.0
8468,0.002425183471581927,0.0,0.0008091992965643189,0.0,0.00021739819936377998,0.0
8469,0.0023948840312424807,0.0,0.0008018473645116659,0.0,0.00020990460829823612,0.0
8470,0.002367154607717748,0.0,0.0007482363882266353,0.0,0.00015005048796756467,0.0
8471,0.002351879720876555,0.0,0.000737182836646936,0.0,0.00013585254829289167,0.0
8472,0.0023656366773305666,0.0,0.000675536386547681,0.0,0.00023152825128805042,0.0
8473,0.0023562671248210454,0.0,0.0006795271659643871,0.0,0.0001811841433672903,0.0
8474,0.0023427322941530233,0.0,0.0006715194931433523,0.0,0.0001455765021666595,0.0
8475,0.0023247358672199283,0.0,0.0006606232282866397,0.0,0.00010992588754019615,0.0
8476,0.0023089214044413496,0.0,0.0006448689601510989,0.0,8.730970084953665e-05,0.0
8477,0.002289759891976031,0.0,0.0006297827798114229,0.0,5.9464979074443764e-05,0.0
8478,0.002276003662374293,0.0,0.0006281480773623607,0.0,4.886312732868764e-05,0.0
8479,0.0021667381954906906,0.0,0.00034996334150796927,0.0,-0.0001445979527540176,0.0
8480,0.002181539175861202,0.0,0.0006349181675923531,0.0,-3.7955293030531045e-05,0.0
8481,0.002237647130858606,0.0,0.0008166146765126354,0.0,0.00018917095139079146,0.0
8482,0.0023016326164001354,0.0,0.0009767393248671635,0.0,0.0004313549996576699,0.0
8483,0.0023525313194535428,0.0,0.001105673443216559,0.0,0.0006006291429172654,0.0
8484,0.0023922941452930923,0.0,0.0011850237811044226,0.0,0.0007043416848448846,0.0
8485,0.002431584779830508,0.0,0.001273142483975805,0.0,0.0008258285240402335,0.0
8486,0.0024680818709696597,0.0,0.0013692011178893409,0.0,0.0009368569022010929,0.0
8487,0.0025062408688412245,0.0,0.001416593360364823,0.0,0.0010268562761010776,0.0
8488,0.0025358229027131127,0.0,0.0014771746984249862,0.0,0.0010843536116343614,0.0
8489,0.002549825367823902,0.0,0.0015148238275465276,0.0,0.0010922902569650665,0.0
8490,0.0025490623817386454,0.0,0.0014793725909642017,0.0,0.001035799992773893,0.0
8491,0.0025506315483721335,0.0,0.001483940442012346,0.0,0.0010225017855561847,0.0
8492,0.002441374797812681,0.0,0.0008228793528964906,0.0,0.0002359150632299373,0.0
8493,0.002404151895818784,0.0,0.0008079171329563337,0.0,0.00022180708996039186,0.0
8494,0.002372211783911122,0.0,0.0007529548106967503,0.0,0.00016007778062533434,0.0
8495,0.0023527444421666517,0.0,0.000734145172559825,0.0,0.0001393024654537617,0.0
8496,0.0023618368213501745,0.0,0.0006802330085817041,0.0,0.0002164233653146983,0.0
8497,0.0023456106741641366,0.0,0.0006759347398255337,0.0,0.0001587710110247493,0.0
8498,0.0023225089197144696,0.0,0.0006623006362331287,0.0,0.00010909901279127366,0.0
8499,0.0023031236176692567,0.0,0.0006412989339316798,0.0,8.402048558829361e-05,0.0
8500,0.0022798311509972156,0.0,0.0006229350695719958,0.0,4.9107558792637544e-05,0.0
8501,0.0022643057475559484,0.0,0.0006025377986867211,0.0,3.356385292311952e-05,0.0
8502,0.002245406977258709,0.0,0.0005995160095866496,0.0,1.0888377158441652e-05,0.0
8503,0.0021307467759734897,0.0,0.00033851423736883763,0.0,-0.00016846534776138427,0.0
8504,0.0021530767891610606,0.0,0.000613045238846757,0.0,-5.929937717655503e-05,0.0
8505,0.0022221647687668718,0.0,0.0008106643650943215,0.0,0.0001854328133496213,0.0
8506,0.0022873182497761585,0.0,0.0009608332483241552,0.0,0.00040593314413274787,0.0
8507,0.0023442809299007504,0.0,0.0011029343197324962,0.0,0.0005933085598343727,0.0
8508,0.002388470850681936,0.0,0.0011933624758244772,0.0,0.0007061302493756424,0.0
8509,0.002429224353838769,0.0,0.0012805783052509706,0.0,0.000821043021021743,0.0
8510,0.0024680757990169556,0.0,0.0013803374057412166,0.0,0.0009383684188098782,0.0
8511,0.0025015975610272094,0.0,0.001431728603886173,0.0,0.0010200681316784354,0.0
8512,0.002524270624837571,0.0,0.001476887382704287,0.0,0.0010494675279685943,0.0
8513,0.00254032778993897,0.0,0.0014916055061207432,0.0,0.001053896702998161,0.0
8514,0.002553016494992979,0.0,0.0015072716695947387,0.0,0.0010611723220162492,0.0
8515,0.0025579583816715728,0.0,0.0015273128415122204,0.0,0.0010739076182679347,0.0
8516,0.0024514355851926843,0.0,0.0008241591777459556,0.0,0.0002404035919277589,0.0
8517,0.002421506512932178,0.0,0.0008230460474956266,0.0,0.00023972363701285312,0.0
8518,0.002396631326151862,0.0,0.0007677397700762943,0.0,0.0001776648158679406,0.0
8519,0.0023842769501301597,0.0,0.0007611883530523583,0.0,0.00016722248389928421,0.0
8520,0.002393828115371903,0.0,0.0006864653111884477,0.0,0.00025390891303190134,0.0
8521,0.002390908774457908,0.0,0.0006781830670226409,0.0,0.00022922889359276808,0.0
8522,0.0023852048821287612,0.0,0.0006770113142017652,0.0,0.00020353808482228793,0.0
8523,0.0023795499368529753,0.0,0.0006673157165114356,0.0,0.0001910760276375035,0.0
8524,0.0023719272819274963,0.0,0.0006623981389916411,0.0,0.00017070089795548707,0.0
8525,0.0023656717691003287,0.0,0.0006529442009062833,0.0,0.00016065715210491875,0.0
8526,0.0023599305960127657,0.0,0.000675008577411752,0.0,0.00015334712491051083,0.0
8527,0.002276761380180523,0.0,0.00044157460209950884,0.0,-2.478939153380342e-05,0.0
8528,0.0022994632621649545,0.0,0.0008558978529515672,0.0,0.00017590460767482512,0.0
8529,0.0023558978989126267,0.0,0.0010615655921138013,0.0,0.00047014697303369426,0.0
8530,0.002414023227565617,0.0,0.0012373455192972698,0.0,0.000743828090440002,0.0
8531,0.002454930200911135,0.0,0.0013384629822170047,0.0,0.0008774878566520619,0.0
8532,0.002478676484616738,0.0,0.0013531644386977038,0.0,0.0008935182659477086,0.0
8533,0.002501437776520897,0.0,0.0013907363138197105,0.0,0.0009387582749194332,0.0
8534,0.002526043332910109,0.0,0.0014604694839312322,0.0,0.0010151593554767102,0.0
8535,0.0025473525211830873,0.0,0.0014920516021369348,0.0,0.0010659436153533232,0.0
8536,0.0025644277966457435,0.0,0.0015206652171103278,0.0,0.0010877679652926708,0.0
8537,0.0025789834014807427,0.0,0.0015433007961880984,0.0,0.0011066410491581118,0.0
8538,0.002594549281645169,0.0,0.0015872089787970555,0.0,0.001153070470574385,0.0
8539,0.0026009416641395887,0.0,0.0016260600362176462,0.0,0.0011927761881436838,0.0
8540,0.002491592469367924,0.0,0.0008615592738118135,0.0,0.00028569066311506927,0.0
8541,0.0024624851145947793,0.0,0.0008866326876795568,0.0,0.0003185239859609286,0.0
8542,0.002438542401681119,0.0,0.0008037591442089606,0.0,0.00022137887303121584,0.0
8543,0.00242654552772394,0.0,0.0008008287167735023,0.0,0.00021382433418149524,0.0
8544,0.00242966299604315,0.0,0.0007270945070899937,0.0,0.0002939693896593853,0.0
8545,0.0024261692231157257,0.0,0.000709513019935865,0.0,0.00027651809273256025,0.0
8546,0.002421109321021797,0.0,0.0006932560411820447,0.0,0.0002547327334452825,0.0
8547,0.0024141352129276794,0.0,0.0006966355213214777,0.0,0.00023581734128959677,0.0
8548,0.0024074354652343245,0.0,0.0006918254375260081,0.0,0.0002225373116108108,0.0
8549,0.0024001287819290923,0.0,0.0006896899695341332,0.0,0.000205588527692217,0.0
8550,0.0023946316302950557,0.0,0.000684713818227711,0.0,0.0002010651596557264,0.0
8551,0.0023870554559339893,0.0,0.0006833244988230791,0.0,0.00018799715006843952,0.0
8552,0.002339098970964214,0.0,0.0007811492448835248,0.0,9.018126527525494e-05,0.0
8553,0.0022648702645175914,0.0,0.0005053667388137497,0.0,-3.3851595194386614e-05,0.0
8554,0.002314424064578939,0.0,0.0007212968261622089,0.0,0.0001364824659501908,0.0
8555,0.002341454060590261,0.0,0.000851784244887572,0.0,0.0002638350121406934,0.0
8556,0.002367804529841162,0.0,0.0009906511114750615,0.0,0.00044428792160895866,0.0
8557,0.0023875268107904054,0.0,0.0010561495638178107,0.0,0.0005244318483548698,0.0
8558,0.0024042398203742146,0.0,0.0011090114033195963,0.0,0.0005894858189446381,0.0
8559,0.002418286764389612,0.0,0.0011483540906290688,0.0,0.0006361176413181638,0.0
8560,0.0024256308959390415,0.0,0.0011526337615361069,0.0,0.0006186970444405147,0.0
8561,0.002389602681053477,0.0,0.0008228455391466043,0.0,0.00023868958770498065,0.0
8562,0.0023838704331450447,0.0,0.0008877879367794879,0.0,0.0003079826939215147,0.0
8563,0.0023713364690123168,0.0,0.0008139122388481515,0.0,0.00020394418008671633,0.0
8564,0.002388490165747173,0.0,0.000789215519406809,0.0,0.00035493545996586294,0.0
8565,0.0023923393888604727,0.0,0.0007931739995764259,0.0,0.0003546509110662619,0.0
8566,0.002386813877817176,0.0,0.000701244396766693,0.0,0.00024026699426789224,0.0
8567,0.002384256786440727,0.0,0.0006960022186950912,0.0,0.00022232788099852676,0.0
8568,0.0023794573280873444,0.0,0.0006795728979877805,0.0,0.00019579909285885643,0.0
8569,0.0023769390747641153,0.0,0.0006682826637727365,0.0,0.00018114491390969038,0.0
8570,0.0023720341306919233,0.0,0.0006654993548359407,0.0,0.00015891183575237038,0.0
8571,0.002365799124163698,0.0,0.0006641503518961614,0.0,0.00014260963481903428,0.0
8572,0.0023599335605859403,0.0,0.0006596217148889811,0.0,0.00013010980924725135,0.0
8573,0.002355632558861508,0.0,0.000651123286654271,0.0,0.00012534900071277876,0.0
8574,0.002349776029233117,0.0,0.000654159220128936,0.0,0.00011476646467697786,0.0
8575,0.002344829855402404,0.0,0.000649450370554414,0.0,0.00011391453122889194,0.0
8576,0.0023459008139849165,0.0,0.0007399739100521375,0.0,0.00018026009396936225,0.0
8577,0.002349635565785467,0.0,0.0007783658294756317,0.0,0.0002113298700762271,0.0
8578,0.0023513949173995722,0.0,0.0007880372565079699,0.0,0.00022113533443976529,0.0
8579,0.0023565371047849226,0.0,0.0007883939736305699,0.0,0.00025163342908690275,0.0
8580,0.002360244345328316,0.0,0.0007872300049334567,0.0,0.0002630522738351134,0.0
8581,0.0023693445178585085,0.0,0.0008203216217452143,0.0,0.000317495683307378,0.0
8582,0.0023775757953347597,0.0,0.0008589687745494954,0.0,0.0003613196725948853,0.0
8583,0.002381908035952855,0.0,0.0008625947753763098,0.0,0.00036960801280931915,0.0
8584,0.002381254886759836,0.0,0.0008546270670690948,0.0,0.00033687076117148193,0.0
8585,0.002379349335118677,0.0,0.000848298305470956,0.0,0.00031590274887403165,0.0
8586,0.0023750175986107106,0.0,0.0008397899258256879,0.0,0.0002811547703068023,0.0
8587,0.0023656980146375146,0.0,0.0007275146467349523,0.0,0.00016549109529414479,0.0
8588,0.0023573351918763424,0.0,0.0007187918034298601,0.0,0.00014100981602492156,0.0
8589,0.002355190990143724,0.0,0.0007132646716636404,0.0,0.0001420436247839931,0.0
8590,0.0023456451873945495,0.0,0.0006708545662137803,0.0,9.652388043491524e-05,0.0
8591,0.002343673462992079,0.0,0.0006618352445419578,0.0,9.462009759099693e-05,0.0
8592,0.00233627443934806,0.0,0.0006523468789464224,0.0,7.673292566689322e-05,0.0
8593,0.0023346194246859973,0.0,0.0006398560142290976,0.0,7.322575570303433e-05,0.0
8594,0.002330450374552947,0.0,0.0006394373881458649,0.0,6.058716107924008e-05,0.0
8595,0.0023301807527916184,0.0,0.0006314990937311921,0.0,6.35873388586467e-05,0.0
8596,0.002325349586222849,0.0,0.000634085027961994,0.0,5.361540416424528e-05,0.0
8597,0.002324495798402863,0.0,0.00062676912424477,0.0,5.6254348744360695e-05,0.0
8598,0.0023206101965756168,0.0,0.000632814074910705,0.0,4.945706630529116e-05,0.0
8599,0.0023151327654412045,0.0,0.0006267844233289121,0.0,4.9794150762522723e-05,0.0
8600,0.0023139347976664283,0.0,0.0007073406211255235,0.0,0.00010078165163687975,0.0
8601,0.0023201591578430837,0.0,0.0007413064146242084,0.0,0.00013405060944551178,0.0
8602,0.002324761328986192,0.0,0.0007604865583569203,0.0,0.00014785005265707178,0.0
8603,0.0023355607254646254,0.0,0.0007706890016931818,0.0,0.00019378554618645948,0.0
8604,0.002333300277321282,0.0,0.0007548606244284189,0.0,0.00016296413019574398,0.0
8605,0.0023432658030308213,0.0,0.0007801054876106039,0.0,0.00021693175490124878,0.0
8606,0.0023545015796879593,0.0,0.0008146354745433987,0.0,0.00027319574194854877,0.0
8607,0.002363223143594113,0.0,0.0008377009664920483,0.0,0.00031086935232328217,0.0
8608,0.002367639526519891,0.0,0.0008504142853433161,0.0,0.00031249223243375946,0.0
8609,0.0023706516174518705,0.0,0.0008583908023397585,0.0,0.00031857346481559893,0.0
8610,0.0023683572196719314,0.0,0.0008525512511569808,0.0,0.0002813634998178607,0.0
8611,0.002361475268728928,0.0,0.0007358209083246537,0.0,0.00014901758332765786,0.0
8612,0.0023574827736243505,0.0,0.00073650764526876,0.0,0.00013890019338850634,0.0
8613,0.002356791353951445,0.0,0.0007237380737996877,0.0,0.0001372798025571771,0.0
8614,0.002348370373375078,0.0,0.000677997466048307,0.0,9.03543078035349e-05,0.0
8615,0.0023478850572253096,0.0,0.0006704943475289357,0.0,9.154096540955328e-05,0.0
8616,0.0023420996757392183,0.0,0.0006604759236065758,0.0,7.552106314364835e-05,0.0
8617,0.002341480790513312,0.0,0.0006474568010491379,0.0,7.291944720978826e-05,0.0
8618,0.002340230979622872,0.0,0.000646491625764891,0.0,6.731682862737591e-05,0.0
8619,0.0023395108421175523,0.0,0.0006384413166168649,0.0,6.823614799173188e-05,0.0
8620,0.0023352900520706814,0.0,0.0006411012445230613,0.0,5.9460399375326975e-05,0.0
8621,0.002334073196494996,0.0,0.0006344954297338892,0.0,6.214323286217493e-05,0.0
8622,0.002329715751765298,0.0,0.0006622016994236861,0.0,6.216548183481238e-05,0.0
8623,0.002089332504925524,0.0,0.0001837330392442532,0.0,-0.0002801542892246075,0.0
8624,0.0020875734042124995,0.0,0.0004283170274521215,0.0,-0.0002190890090076076,0.0
8625,0.00217812570844595,0.0,0.0005928540413009402,0.0,-7.321503745423249e-05,0.0
8626,0.002234175869540952,0.0,0.0006740856472586679,0.0,3.782843738072393e-05,0.0
8627,0.002270350469117186,0.0,0.0007491866691523832,0.0,0.00013749344771989505,0.0
8628,0.0022976528835026914,0.0,0.0008066440981117575,0.0,0.00023996144360851355,0.0
8629,0.0023228888971486747,0.0,0.0008805726372626205,0.0,0.00034766429251965056,0.0
8630,0.002344484033209379,0.0,0.0009752762288490501,0.0,0.00043765977270398735,0.0
8631,0.002367054943681978,0.0,0.0010385025398971755,0.0,0.0005473964385964206,0.0
8632,0.0023877143880026213,0.0,0.0011133015197607886,0.0,0.0006317206127967017,0.0
8633,0.0024052290455235043,0.0,0.001167179684052371,0.0,0.0006832689440803709,0.0
8634,0.002423705546691333,0.0,0.0012368029716148963,0.0,0.0007495884667703527,0.0
8635,0.0024355148473910607,0.0,0.0012882144274618,0.0,0.0008001303997584783,0.0
8636,0.002391637102952954,0.0,0.0008073929117166435,0.0,0.00020641165902030262,0.0
8637,0.0023830742600233442,0.0,0.0008377468833998918,0.0,0.0002512590870072254,0.0
8638,0.002371859864312882,0.0,0.0007620768093080502,0.0,0.0001410570663556575,0.0
8639,0.0023698074350254512,0.0,0.000771888881526372,0.0,0.00014461596242450366,0.0
8640,0.002383669491735652,0.0,0.0006971754101497791,0.0,0.00026321350804761915,0.0
8641,0.0023863556376724844,0.0,0.0006801164614859867,0.0,0.0002463658362188018,0.0
8642,0.0023862987134750805,0.0,0.0006680796592436382,0.0,0.00022746607505767552,0.0
8643,0.002384427121873178,0.0,0.0006730493432769962,0.0,0.00021048354529416575,0.0
8644,0.0023835146646301684,0.0,0.0006693347900719414,0.0,0.00020309381983909516,0.0
8645,0.002382767849287236,0.0,0.0006690228417597299,0.0,0.0001962543973421649,0.0
8646,0.0023831123817505033,0.0,0.0006841309669359185,0.0,0.00020644698087600834,0.0
8647,0.0022611040743260287,0.0,0.00035546714500575907,0.0,-8.713377980072538e-05,0.0
8648,0.002285911563130406,0.0,0.0007280169124383726,0.0,5.8674267370021726e-05,0.0
8649,0.002333763667541455,0.0,0.0009514067179162973,0.0,0.0003383786899277422,0.0
8650,0.0023725741249327505,0.0,0.0010748770936334447,0.0,0.0005508759936031131,0.0
8651,0.002400856787289191,0.0,0.0011580543435152956,0.0,0.0006632038136987347,0.0
8652,0.0024254427183413897,0.0,0.0012150581168694674,0.0,0.0007439249247888696,0.0
8653,0.002451012001399208,0.0,0.0012862652857813294,0.0,0.000839177379359323,0.0
8654,0.0024766915201543055,0.0,0.0013743023659638762,0.0,0.0009352752388627442,0.0
8655,0.00249988860029247,0.0,0.001394692026720357,0.0,0.0009768673542526406,0.0
8656,0.0025199179510970752,0.0,0.0014489502828506356,0.0,0.001026515075172643,0.0
8657,0.002536954179782464,0.0,0.0014891100880343843,0.0,0.0010631775042928193,0.0
8658,0.0025541693052761752,0.0,0.0015409977096564101,0.0,0.0011162360417654366,0.0
8659,0.0025618999659698647,0.0,0.00158860462498297,0.0,0.0011662663085852442,0.0
8660,0.002472070051764514,0.0,0.0008640194080359136,0.0,0.0002939268784437105,0.0
8661,0.0024476864997126646,0.0,0.0008962552713247993,0.0,0.00033393350037210943,0.0
8662,0.002426590416093474,0.0,0.0008063569207709686,0.0,0.0002133112694041614,0.0
8663,0.0024166255478521026,0.0,0.0008088576786109592,0.0,0.00020998066258480388,0.0
8664,0.002420542247764423,0.0,0.0007358500869253241,0.0,0.0003022984521441809,0.0
8665,0.0024178448159939813,0.0,0.0007190281055647332,0.0,0.00028567695698005977,0.0
8666,0.0024134672766354687,0.0,0.0007036736713061809,0.0,0.0002647057584389402,0.0
8667,0.0024072988933432795,0.0,0.0007042716166483652,0.0,0.00024214794839337475,0.0
8668,0.002401427219082258,0.0,0.0006973650002264056,0.0,0.0002267903006287176,0.0
8669,0.0023948659077285407,0.0,0.0006949697519199128,0.0,0.00020965280772882594,0.0
8670,0.0023910825895744735,0.0,0.0007022882958679193,0.0,0.00021511697301104912,0.0
8671,0.0022959687847681574,0.0,0.0004317246365424318,0.0,-2.3865443428176098e-05,0.0
8672,0.002318536650773635,0.0,0.000850085401805741,0.0,0.00016845870586542212,0.0
8673,0.002368957417053421,0.0,0.001061651856003363,0.0,0.0004738412696320554,0.0
8674,0.002412221353338279,0.0,0.0011868703931687472,0.0,0.0006773331220007897,0.0
8675,0.002442388074777,0.0,0.0012582139610518182,0.0,0.0007730382620078741,0.0
8676,0.0024669501303075437,0.0,0.0013025098036991351,0.0,0.0008354946026965706,0.0
8677,0.0024935155220599005,0.0,0.0013687934886038272,0.0,0.0009222761587592949,0.0
8678,0.002520107014194881,0.0,0.0014513200838077234,0.0,0.0010141410690267718,0.0
8679,0.0025420110632126836,0.0,0.0014682615963324383,0.0,0.0010496088054720522,0.0
8680,0.002562872148531982,0.0,0.001519563764664399,0.0,0.001099404268823098,0.0
8681,0.0025780286722490386,0.0,0.0015476806298543057,0.0,0.0011249866420917141,0.0
8682,0.002591721992698745,0.0,0.0015862206678443943,0.0,0.0011608987537726,0.0
8683,0.0025957875116425447,0.0,0.0016152975300289046,0.0,0.0011865334589505018,0.0
8684,0.0024911401361687015,0.0,0.0008778454007321952,0.0,0.00029788478901405504,0.0
8685,0.002461983647059403,0.0,0.0008997255564805577,0.0,0.00033164963424238197,0.0
8686,0.0024374895865179103,0.0,0.0008151731673123872,0.0,0.00022753033246342537,0.0
8687,0.002424276816607368,0.0,0.0008118875626793398,0.0,0.00021867554805275248,0.0
8688,0.0024268588025513687,0.0,0.0007399248382029184,0.0,0.0003070447985587107,0.0
8689,0.0024203061199866947,0.0,0.0007239784120386509,0.0,0.0002803440038147229,0.0
8690,0.0024108049215474485,0.0,0.0007140264525191465,0.0,0.00024453552742014894,0.0
8691,0.002401360429962063,0.0,0.0007104398754448934,0.0,0.00022128319781770087,0.0
8692,0.0023903522931705795,0.0,0.0007037882929988029,0.0,0.00019917184585667652,0.0
8693,0.002375322806836262,0.0,0.0006998023869300935,0.0,0.00016733660628251348,0.0
8694,0.0023668938669002167,0.0,0.0007036283579778891,0.0,0.00016426665020073433,0.0
8695,0.0022735634815283443,0.0,0.0004614571167276076,0.0,-2.615712225377759e-05,0.0
8696,0.002291126834209239,0.0,0.0008250980486475537,0.0,0.0001409165233294703,0.0
8697,0.002343641975198937,0.0,0.0010114848181486473,0.0,0.00041157608785990043,0.0
8698,0.002386114298757379,0.0,0.0011163907124446086,0.0,0.0005783082610708314,0.0
8699,0.002422635417328087,0.0,0.0012076143325307784,0.0,0.0007050870438329443,0.0
8700,0.0024535011279563064,0.0,0.0012701207459383244,0.0,0.0007911543356296348,0.0
8701,0.002481368357968034,0.0,0.001326855073830914,0.0,0.0008594757463123868,0.0
8702,0.00250818735788159,0.0,0.001397281156240587,0.0,0.0009355287255897102,0.0
8703,0.002532959572689164,0.0,0.0014410823159613701,0.0,0.0010048613106573823,0.0
8704,0.002552003602484823,0.0,0.0014759833942585695,0.0,0.0010362944275956998,0.0
8705,0.00256591070107359,0.0,0.0014936520772839115,0.0,0.0010514819066976414,0.0
8706,0.0025740896761408567,0.0,0.0014985065891643262,0.0,0.0010431104935313476,0.0
8707,0.002573310315471947,0.0,0.0015003669859368531,0.0,0.0010318978843393473,0.0
8708,0.002460780691786732,0.0,0.0008463246288235341,0.0,0.0002514995799798279,0.0
8709,0.0024243328040270936,0.0,0.0008308039142486141,0.0,0.0002382128401923402,0.0
8710,0.002392397173358197,0.0,0.0007723577823748405,0.0,0.00017570641307192657,0.0
8711,0.002372389197121632,0.0,0.000754076393044006,0.0,0.00015527479336618715,0.0
8712,0.002381108740437559,0.0,0.0006942908413754396,0.0,0.00023383957754893512,0.0
8713,0.0023657375805114264,0.0,0.0006951007527320129,0.0,0.00017802136062889935,0.0
8714,0.0023444735863672765,0.0,0.0006828773560132433,0.0,0.00013143131973865861,0.0
8715,0.002322603505088047,0.0,0.0006636389512211401,0.0,9.850144719809873e-05,0.0
8716,0.002302091898066572,0.0,0.0006444932342716092,0.0,7.069978287417079e-05,0.0
8717,0.0022827345516868896,0.0,0.0006252231721746578,0.0,4.675848283498612e-05,0.0
8718,0.0022662737606530753,0.0,0.0006113755939315183,0.0,2.854709010556393e-05,0.0
8719,0.00224904473492252,0.0,0.0005952166581068218,0.0,1.1208639599173393e-05,0.0
8720,0.002177166663949134,0.0,0.0005880187181880824,0.0,-8.184681201303385e-05,0.0
8721,0.002076301336362752,0.0,0.00033031179953163503,0.0,-0.00021672750295824862,0.0
8722,0.0021524490519898238,0.0,0.0005039474908178212,0.0,-6.184527817241711e-05,0.0
8723,0.0022042592106282432,0.0,0.0006080859371407818,0.0,4.657349274548878e-05,0.0
8724,0.0022469433829045158,0.0,0.0007372540399320526,0.0,0.00015923427385865544,0.0
8725,0.00227617519610877,0.0,0.0008197635002278928,0.0,0.0002522774191780349,0.0
8726,0.0023033079920333713,0.0,0.0008958045364826119,0.0,0.0003483951621881809,0.0
8727,0.002330064896083133,0.0,0.0009749973743932287,0.0,0.00044916133110193754,0.0
8728,0.0023471843966296506,0.0,0.0010160948923206038,0.0,0.00047506654631217465,0.0
8729,0.0023192860032565585,0.0,0.0007171979517773079,0.0,0.00014019634118668588,0.0
8730,0.002304760009692597,0.0,0.0007459142248745917,0.0,0.00014842098391364003,0.0
8731,0.00228606560268436,0.0,0.0006980935111622554,0.0,7.706779748951735e-05,0.0
8732,0.002306891533714048,0.0,0.0006685869261625304,0.0,0.00018386385104631072,0.0
8733,0.00229757376373378,0.0,0.0006720555755870571,0.0,0.00012719069432733175,0.0
8734,0.0022750100462473086,0.0,0.0006197832516613552,0.0,5.6975127688900485e-05,0.0
8735,0.0022600993501267633,0.0,0.0006029130055914276,0.0,3.361597101515931e-05,0.0
8736,0.002241505490267752,0.0,0.0005862347183611114,0.0,7.254767216016678e-06,0.0
8737,0.00222819860402362,0.0,0.0005712143950486201,0.0,-1.030181905275335e-05,0.0
8738,0.0022125544097971583,0.0,0.0005558287577029201,0.0,-3.2905215991582e-05,0.0
8739,0.002196612742097462,0.0,0.0005378244739539616,0.0,-5.086798141217246e-05,0.0
8740,0.002176987566319346,0.0,0.0005190371551256366,0.0,-7.601225727676031e-05,0.0
8741,0.0021628719398042663,0.0,0.0005009408217806113,0.0,-9.034956420200216e-05,0.0
8742,0.0021435150189866407,0.0,0.0004857877062456636,0.0,-0.00011272673063239362,0.0
8743,0.002128993442766823,0.0,0.0004695359662423201,0.0,-0.0001247992249139981,0.0
8744,0.002116890365156893,0.0,0.00048676385317090337,0.0,-0.00012053886371511115,0.0
8745,0.0021126246641501156,0.0,0.0004926102576152685,0.0,-0.00011728702066743217,0.0
8746,0.0021104584227060984,0.0,0.000493275254086664,0.0,-0.00011721074763089575,0.0
8747,0.002133014637355517,0.0,0.0005065071388541949,0.0,-8.264318375629802e-05,0.0
8748,0.002144430510986655,0.0,0.000514350147691619,0.0,-7.420921561092559e-05,0.0
8749,0.0021639757188856813,0.0,0.0005354645426273745,0.0,-4.7953240390361906e-05,0.0
8750,0.002178117226661708,0.0,0.0005580120675956055,0.0,-3.5722237564707457e-05,0.0
8751,0.0021990520814046703,0.0,0.0005856021339276077,0.0,-2.4296375263810517e-06,0.0
8752,0.0022150035240156,0.0,0.0006155338650203435,0.0,2.073944813570528e-05,0.0
8753,0.0022219705541541585,0.0,0.0006137421549562679,0.0,2.6041756853703384e-05,0.0
8754,0.002204625499634986,0.0,0.0005970813015305689,0.0,-1.734823460440094e-05,0.0
8755,0.0021773809892401746,0.0,0.0005369110193881691,0.0,-7.264477393040952e-05,0.0
8756,0.002154882052874104,0.0,0.0005154892246979646,0.0,-0.00010173236413317781,0.0
8757,0.0021432394133434774,0.0,0.0005024989731300495,0.0,-0.00011128621254450819,0.0
8758,0.0021203428402626883,0.0,0.00047125756803462974,0.0,-0.0001447492428101895,0.0
8759,0.0021087639542368285,0.0,0.0004572738424876196,0.0,-0.0001550076108876551,0.0
8760,0.0020888581037641703,0.0,0.0004399690649748749,0.0,-0.00017673751637956893,0.0
