HP1_CP_Energy_Wh,HP2_CP_Energy_Wh,HP3_CP_Energy_Wh,HP4_CP_Energy_Wh,HP5_CP_Energy_Wh,HP6_CP_Energy_Wh
0.0,0.0,0.0,0.0,0.0,0.0
644.6109579473309,12.64250963391271,641.8882487477657,0.326770235719278,215.64279185020652,0.8044076878300371
663.9486285551956,12.9272677501893,598.8466798215652,0.3468241120615673,226.09942120119806,0.35293341787861937
673.8878477571917,12.948898855120412,660.8418657638836,0.33628919846775074,229.01678244294615,0.35331528197063367
664.6068706981148,12.96508332443046,609.7700935461362,0.3468740171640951,229.0118781548212,0.8359652962889709
709.9218714758723,12.985907290766223,731.6476156979675,0.4645094468512965,235.8863235330462,4.533644266671765
497.9953761303963,12.992851352915311,671.8030673797734,0.35136228744493825,224.2167855152335,15.237574805940108
330.3936554458771,12.910585612808987,682.2896224230967,0.336776692263597,210.3828593790936,15.237574805940108
221.21028186678035,17.08001346728696,581.1242673824889,0.3487241549808535,217.96353300974505,15.237574805940108
161.32239167253226,21.23687740456619,560.9290384867832,0.3372655818775838,214.56676646935523,13.724078855298345
116.32789692410893,25.411937683613182,471.0483899285967,0.3471731944847021,208.20628846390377,12.437901888488645
69.87426624781575,25.37376651057873,464.66043142207394,0.42193242235608924,200.50275139405406,10.01092559215616
30.45156258381662,25.327581470965537,396.5284771597335,0.4341348295951943,195.09963544279657,8.728570801555158
1.4047697845210374,25.266826503210496,428.26407752780915,0.5586954494394951,193.35693994932512,7.758655231173995
10.071244927413181,25.231524467150013,410.83772864780263,0.4262979920640123,194.51997523446636,6.7993023637418
11.390022434743226,25.211099287015525,493.86195649936246,0.34783707160943655,195.81662740152717,7.763366026729444
2.2664284720390873,25.226451527599856,506.7329390513825,0.3379641962381597,193.19362184090195,9.060711478307718
275.64505491903736,21.06988695641041,590.8724777180796,0.34672605143372737,180.72974314914367,11.965413751054072
425.3171550405384,12.881628475684739,569.1457647211072,0.339245911253937,173.5487491054433,14.04463651848873
428.6966623382767,12.94458015461265,657.553187696736,0.3464994136019284,180.49495009980768,13.391090144224348
586.9371360221858,12.932026227178685,636.2372373736364,0.3403722129114793,189.55176885438348,12.283294186478319
594.1443866762157,12.99707055173656,724.249187332274,0.4756596455833814,199.52703680013408,10.024690744267213
653.1406757130515,13.009990780241537,685.2603132165882,0.34193167583228934,216.9187533147506,8.749885432198493
683.5336538558144,13.033837166381812,769.4165739216559,0.3482092255224813,234.97695946049336,4.876283016911831
682.2450237988651,13.053131653324725,701.8161493630718,0.3837354125823226,252.58986726205578,1.4902457831780171
698.6298130205197,13.05514699437863,784.0246086432053,0.39256734396339465,262.7499139208751,0.8427509823167091
716.4840376385451,13.062769030698202,738.313371813684,0.3841099846552143,271.3345186122135,0.35701530379355173
737.5010050322119,13.079422318055954,832.9056847911107,0.3934878940330062,280.27884801459135,0.3570065082895278
625.58815639063,13.080828799471504,795.9668423924774,0.38382853459335037,288.34889012036007,0.8447218627093075
7702.177754095801,13.048454900446417,892.5988792906949,0.5229805575810209,289.86300949479926,4.583046535514456
3012.3720793209886,13.748278475423726,2913.599443867744,0.49241776028107587,291.34116578367923,15.237574805940108
1197.6410343446207,22.83810368631068,1675.0057298004936,1.024864633544325,306.0120771311871,15.237574805940108
750.5298331668283,27.533078802810586,930.6028572546788,1.7344760331610032,297.68941604393274,15.237574805940108
422.5725540140667,31.120112488445354,560.796769821222,1.868404791475744,261.5002114781894,13.959316374865388
192.77559379012501,36.214794604551265,427.43582380755316,1.8917942672873893,232.56777804605002,12.568647598233996
2.678118330753657,36.726462352778725,338.034361207975,2.2348499073558377,210.91210544818938,10.095741019191097
126.66303522412034,32.34241547371461,310.74659702632715,2.66399349318816,191.97173566879533,8.777999440241539
287.1479010770176,36.726462352778725,118.30080746009504,2.5284562401219426,173.92512643535346,7.762668703490203
427.56223773796535,34.65776077125016,74.15025114576017,1.6469159416030088,160.63427318763445,6.70898483074826
511.94260218019593,32.51380595186715,122.27342540577517,1.5757229853207648,160.82358748322739,7.60060640576167
399.96816170575386,27.643002686183067,164.41077595001107,2.045031233471336,178.51311890259197,8.863302753225103
407.77490175752126,18.148641450979593,226.19988624335284,1.297570758270955,182.02793785169135,11.769449175846741
26.261424108775046,14.950710830155389,383.66983411502565,1.0696125829405416,184.52817460987393,13.84997150374057
32.79232426672596,15.529986652423172,422.7288980919938,0.8311685898501453,202.28508206977423,13.456445371017029
95.3819882623711,15.473021486033565,514.9760258186711,0.9144896720805442,219.36045522949615,12.328231069799168
115.94387461652305,13.20375330363053,539.8033151165222,0.5222369146007386,234.4862942689379,10.078875006285575
184.894928088937,12.88955007888864,15.620188364492748,0.3914464254643983,252.95944318290856,8.791710008999255
237.77056060037722,12.945491300264486,118.35035314980524,0.38256942669957755,266.3134674747342,4.859495715586413
281.7559606177261,12.974253168312213,191.95636063478474,0.38018685761217474,282.8362129693429,1.485673852784585
307.39303002308077,12.991761685946805,260.84949398364205,0.38667605765492846,290.75651237539466,0.8409911797708766
346.23097659375816,12.99219659989476,283.33585819633305,0.38138933849280393,295.84261458772886,0.3559042093354661
379.7301506165351,12.994784442907394,354.219968956098,0.387788623124192,298.9933606192591,0.3559606814332487
325.4602421084403,12.998654348320692,351.078916230165,0.38176864473292604,299.6991805878876,0.8423478711610339
4403.119286123656,12.994102983550599,427.31289784956783,0.5173682289510582,293.41475816205036,4.571961843833397
1005.12367676602,13.565576808572228,1657.966917742229,0.48416708214856263,285.0462970931605,15.237574805940108
35.35378031094417,22.292133345938392,976.5937819066778,1.0102102458341715,286.81020971630954,15.237574805940108
197.35714504188928,26.671445040442617,550.7525714360719,1.7153733391855555,292.40582694476245,15.237574805940108
408.49215063100115,29.935696476115286,315.07461923459414,1.842197004233496,262.9812452839047,13.835736242680357
578.0698956612641,34.881775311555295,215.2857200712512,1.862697620455917,240.82246686610193,12.404794545672079
718.6456958975253,36.31566978177608,177.74232313416996,2.1930701863292046,228.25438728676843,9.910552039920363
850.0511257208269,31.243655975525197,170.7005146609814,2.613738905266554,217.83821846603294,8.583954413247842
968.9557994158209,35.78353586401649,89.15421320721855,2.4769236353586486,212.48981363108868,7.592853939742895
1053.2142877048655,33.838835121662406,116.60785872219996,1.625819280661729,215.33229835483988,6.600132863919046
1127.808311530285,32.02228002089323,135.2126084099099,1.5637464708543443,215.9022657468818,7.526234172852263
1195.1197026186958,27.22558155058467,136.18404928647325,2.0234058388562137,212.22544415175108,8.762375798690488
1120.040303513444,17.7110813158528,152.60103897969375,1.2754817076824116,197.88012560801963,11.537344167803539
38.59757357375328,14.55809359802986,300.46513024980027,1.049910707096045,188.48193747012078,13.552339608696174
28.29010094888079,15.514896069475611,321.30104619563156,0.8242417727368356,198.1297379236522,13.434074539517002
90.20666529428057,15.471648616153859,388.1560988701537,0.9140547430130742,202.98321512458108,12.304359283033168
107.76778205271671,13.178729840553531,408.7446471657735,0.5178702630614324,212.8528696166196,10.057857463815704
175.56348836049665,12.88269107512309,0.0,0.39334905685014354,232.19881535094737,8.774795170241308
229.8470019669292,12.962681466120104,28.58214785407715,0.37556644936562245,248.46218118617685,4.856497253053097
273.9099630744834,13.001137606808566,88.37278434018057,0.3859246252694652,263.6321265893116,1.4836182271166045
290.42422526409655,13.000562147699414,100.23546175203724,0.3823948644153573,269.77502599832627,0.8398784942847584
321.02685721490957,13.007890590564186,163.38323883489483,0.3818534374984496,272.8424751146933,0.35507912017393484
356.4279903767069,13.021680359689114,182.30954258494938,0.3854625278058203,277.50132814565086,0.3553381079210761
297.2605454022511,13.033176206691678,240.6795915175315,0.38088265349284733,280.27580116871053,0.8407999130002874
3162.9042583769915,12.99096538002692,247.9250467937468,0.5157094408750759,277.32244528253926,4.568444020377554
342.56660494195177,13.469556216306552,1388.2117231781447,0.47519725270061774,270.30309639626694,15.237574805940108
441.8480029849261,22.010763449725406,834.6410070109619,1.0134461162748412,273.1942180200758,15.237574805940108
690.3432394735564,26.186445851814987,468.2494448265411,1.7011922931393053,280.4949924394241,15.237574805940108
870.5812463110866,29.382382016030082,364.6675796319946,1.8218410186031713,270.2169916144183,13.669354785722016
1020.6469333139037,34.42325490464917,280.6406562194644,1.8534618197243815,256.41827861748607,12.302157989358063
1141.335395218513,35.961080423305376,189.6307844362503,2.1833349014413184,242.15388310032088,9.847692158719504
1227.8542541618901,30.928955778501674,175.65309317463493,2.597220140261346,234.48324310334777,8.519436495124923
1301.8493098275064,35.50156531923585,97.96616665981968,2.463098454439262,228.79573203707142,7.543751115299234
1362.1991645720295,33.62329841958889,106.37439427985515,1.6192136252750484,225.46501514075737,6.566778665414013
1412.71194912527,31.801931380316486,111.51018472648819,1.5565602815567765,222.38001301194723,7.4828765925017215
1449.6331651378166,27.041833906830785,109.56573672422915,2.011801007161316,215.90650454001823,8.709209151073814
1345.3023747407738,17.599380755833362,124.94030874544764,1.268184442233094,198.50311209799102,11.470100972103056
49.22979890443515,14.464892298988811,280.7675050362648,1.045259520102505,185.79571411862275,13.47143900398406
20.22702432598309,15.534753764245641,300.0495205708569,0.8238879572830843,193.3290999389027,13.431831219394905
99.8879873041489,15.467432573045558,356.93980449237114,0.9115953919826387,195.2393824773432,12.307275227158975
111.25094439946899,13.208372801447574,367.2055180649855,0.5197517895909168,199.00377140713024,10.056913897166986
165.46940934089434,12.883992413049214,0.0,0.3926997480658313,209.6715164883028,8.773492743448937
200.97768438237995,12.960915109284967,0.6424186967441122,0.3746912447640291,217.59692345267268,4.857363528674845
236.22441383684418,13.01589888947687,25.189018736885362,0.3857486213758689,228.7803828757439,1.4830964926386616
249.14651521948457,13.03069667362164,57.549068690601054,0.38012255849035925,234.95173920517502,0.8393061231231271
268.64967792686105,13.01810492608987,69.57156034740879,0.3828600886169702,239.20908349248236,0.35471373987794697
291.92691462333994,13.020643418290707,92.79809317774316,0.38388043535987226,242.26721538719337,0.35479659415902953
240.4569529519133,13.03815984167139,97.3378565401179,0.38067618824285193,242.4870438342032,0.8401723726094702
2524.8383880337387,13.012909124524718,117.79760081871369,0.5128891742409795,236.98376034166432,4.56271708164023
118.67754448560473,13.44514365507378,1102.2431879283863,0.4718394061058127,230.4091836207781,15.237574805940108
783.9593624961209,21.673327694018347,688.73326334685,1.012470150095804,234.4515586298124,15.237574805940108
988.3158453402315,25.83736668740793,337.32349427798493,1.686811923690682,244.91137216033778,15.237574805940108
1128.2937349102922,29.002480400231597,231.16462436590695,1.8033583378856977,234.60138884718538,13.519215822663485
1245.5143474605534,33.999111047790244,138.31265253803767,1.8352116566949908,216.5475620884061,12.162312983648059
1349.9580185380378,35.507550431263816,65.88391840655449,2.158869266857176,197.97457687049658,9.726507531605085
1428.1786656981922,30.53967249732959,49.1030476184215,2.5668968102458782,189.33963670795293,8.409834688934309
1492.359645500208,35.03455024850322,8.857920898511791,2.432576444051835,185.59211402756992,7.440026823022546
1528.4609483798483,33.24006031991231,27.188860450025818,1.6007720089921689,190.22249391366364,6.483370073624571
1564.7967498839548,31.490011619169948,45.18993429844585,1.5419679237681665,190.86090558663386,7.403061328887319
1596.0831078276185,26.807601235170814,40.924685916613036,1.9947821852472891,186.5295313559765,8.627866642407453
1481.8081331488243,17.446418398747777,58.65944430752414,1.2573406641645335,173.18960712553593,11.363583835553698
26.8641853163492,14.353003153855063,229.70453120873592,1.0365828975716194,163.04569399642463,13.347486175212788
38.90612172896239,15.49130595361139,251.85496547028166,0.8220226871757735,172.08344668038666,13.409037790855963
72.0139682187256,15.430013876534515,301.0456421197417,0.9093828556138798,174.8035967416276,12.278166898828903
83.35245447293637,13.188051092986239,315.3096941917433,0.518977016264823,180.3731947233711,10.045077893322542
133.12672239336305,12.878436245026657,0.0,0.3919250748491611,193.64910156060677,8.765987656047205
164.10147559933438,12.94047026411515,0.0,0.37428700687117106,204.562686643026,4.85640656355939
205.83784521345214,12.987145083533914,11.01406817282109,0.385356056386252,217.89695029229918,1.4831538157559134
224.41318342858554,13.024694686537964,42.8787651145327,0.37621358641236197,225.23380992876474,0.8391690139060229
247.69947926897274,13.024611677937555,68.13732207427968,0.3859105076565499,230.79731215264417,0.3544834104149147
268.1872949086152,13.02064034945015,78.0898217018258,0.3832518891247824,234.10685057630832,0.35466115234883144
224.9884410388146,13.027298444389539,100.89263367448041,0.38088044109724567,233.70767010467577,0.8403004531015481
2126.4124429535304,13.01441396202097,102.18522864208845,0.5137562685878037,227.2191836557416,4.5662250107008155
326.73521240907843,13.409303099175961,1060.858322699994,0.4704653923422337,218.8792801603879,15.237574805940108
923.8012571412004,21.531201659138983,673.2683247248356,1.009446021900583,221.17446175778193,15.237574805940108
1099.0013074563285,25.74184712650948,319.39996397713304,1.6831854703015363,230.8826942577922,15.237574805940108
1221.4819659914879,28.901531250895246,226.43547508707206,1.799480209992685,222.00039714823768,13.481193455806734
1313.243760993484,33.90844030051022,168.47025566217044,1.8319460771184453,213.00225957067858,12.136197722633343
1393.92597055818,35.496817288553316,103.7451792039927,2.1602627474834892,205.54741997351317,9.729651298261112
1467.240280616298,30.590023298397206,85.11276509600852,2.5729298859675303,198.96616585105508,8.428722148818176
1528.886583940468,35.10809403671098,17.316364516388568,2.4393432972576896,195.42534893292327,7.461100398140375
1576.7713612608259,33.280592848828455,35.893174630621075,1.6042510017870155,194.943516111969,6.498071948224982
1615.5630356415786,31.51480863973572,45.066662133716946,1.5428605042622705,192.78597836897276,7.411530223838094
1645.0331260370745,26.809825019561142,39.397267193396466,1.9962116578725408,185.38318001095902,8.63134432348338
1529.1321484195855,17.44744510000673,51.61017866611962,1.258013884457583,167.57820466594399,11.36492537389351
12.531107312112075,14.338460335197189,216.36329611207177,1.034678071654262,153.82654977888834,13.338739735206703
50.94496685952095,15.488283434148826,235.67254871401533,0.8222087746610693,160.7292301788101,13.420007389128573
60.013745052308444,15.42370257192049,282.41135196752964,0.9117799435432453,161.82392736062263,12.278704961626332
78.91826013861322,13.191104119864375,309.16597696901005,0.5167890129356503,174.35676481996373,10.051524201275358
147.48947139517546,12.888638983064162,0.0,0.3923564841880753,201.89630266427017,8.77433171012108
198.57849123256875,12.96339144429834,8.796885055434887,0.37521364070312796,228.1435589870876,4.862897473544516
253.51041328094456,13.008000653878712,68.81025708540503,0.38602959720002095,253.0406281262767,1.4855072341995235
285.43801941763155,13.03771733867238,129.65456721120003,0.3837265032101959,270.0866540452195,0.8409949368735805
323.34330534765417,13.041321597729555,203.27455711080347,0.38109350183587193,285.6880664562011,0.35530634207075046
361.6917842180007,13.040728563107372,294.45857752568133,0.38656320607530215,298.0372257825515,0.35575466028007025
389.57191976424315,13.041169421924847,331.14930657084193,0.3827934496932697,305.64614984651354,0.8441827867857216
427.03992130704967,13.062281905738885,427.3383825964502,0.5178551372909592,306.6451833003359,4.588919476512594
221.52425044484914,13.075497790355302,1445.6145192320776,0.4723974228436352,302.8648638038075,15.237574805940108
2317.5072522142486,13.018443641676413,937.0596426371702,0.6586931943938519,311.301063022387,15.237574805940108
540.8212457639157,18.456247724805934,690.8257679145044,0.8386870480472813,315.8976115908097,15.237574805940108
22.232922897584867,22.60804236006895,524.6482080646492,1.0995844450048486,305.2601664690843,13.944053617264741
234.73716976825287,26.505767288204844,408.55411412788214,1.008430271358417,289.6286740847402,12.65180759009862
356.4204290571331,26.166426321928896,353.5961619649467,1.180869422336971,273.1492807906771,10.115606995349708
501.54814211156025,25.773061708478508,314.52146294676544,1.0429408306722192,250.00036835506796,8.775039668982279
623.4719648715597,25.572545208990107,256.68347058000126,1.000247775526835,237.58380629825047,7.758470295186185
704.5703189894161,25.35553109338153,296.751011623176,0.8177854860988023,232.27837918779417,6.7531469686882595
120.1176261180116,25.3089044512041,330.7138943434161,0.7305388365266666,243.06071406812393,7.703778073263183
195.24557088238765,26.21205015190697,478.8678711812728,0.7816791069217605,263.5546950737735,9.145707841747129
35.24385330371449,21.495377896190135,595.3640972873669,0.4831809650150002,266.3707555695109,12.080168455439964
98.83670885215767,12.905059715379867,37.768268733999484,0.4720616073408288,269.3777232942176,14.27516357531672
136.620740219127,12.972233782487264,246.5957902990129,0.4736773745172957,278.4295933749422,13.512599934276045
355.1341149062324,12.983251423599672,332.4337506336126,0.4764728035179808,296.7376715117024,12.419873636163082
427.7326183782192,13.080785340138933,514.7588741074154,0.5622587088579212,315.1241943815033,10.13741912208395
508.5131607230998,13.090357396669926,508.58825865357494,0.3897623749758531,341.5168331404149,8.856980677167275
568.3779252093525,13.128455674832207,698.4734015600586,0.39084777705325136,367.42616971983534,4.936723461561766
634.2078444213956,13.16460651662792,643.5447215976357,0.34470057937043985,391.30365119595876,1.508766855496565
685.8138164697887,13.1865802329627,837.9179915453831,0.34784215189095874,404.56319141460415,0.8524025624783149
733.2291771365127,13.18701402889437,739.4001809847776,0.3455786376887844,417.0064684367094,0.3602877633968142
792.1842805251295,13.213654212562092,963.2681844083285,0.34780269548124226,427.7383234531142,0.3602068787705695
842.0172177675173,13.235591547456597,863.8236040394772,0.3474745550650495,437.89555951280676,0.8561428486316361
897.0561981953848,13.254902839135596,1114.3999257560542,0.481470029988001,439.916401145404,4.651217592281453
692.8297475964008,13.256695785895058,989.3350595715524,0.3490958740007921,438.844440649705,15.237574805940108
632.6800669531343,13.220239523372136,1241.9814833375174,0.3511181066443368,442.2279064999357,15.237574805940108
498.9134180030892,17.558118755954027,836.6974106999385,0.3484697618311376,434.25941475651064,15.237574805940108
406.6864024153864,21.851519686982137,748.1558168825328,0.3501256891781965,405.79857462659135,14.092166445321542
335.44934239752996,26.119977352792663,578.3306070628336,0.34682292079283167,384.5141019602886,12.754137015727848
283.72221195989755,26.071956277124503,751.8934098913832,0.43637256916462364,368.7583974620574,10.253396045534712
232.11206137729607,26.031257157284358,639.7115913097933,0.43428805127462833,353.2548307061995,8.950023295380296
141.42172209149828,25.9859512915868,691.025446400682,0.5703822673963972,334.62354867534884,7.950292989466115
68.21587139325717,25.91345228978073,508.97811638031106,0.44011538848844733,324.1295600109303,6.965792647804455
105.31048163194862,25.8159654727545,614.477990666816,0.3467908810336834,327.30443852461184,7.943248239620455
274.58695388146305,25.86635544120412,704.4552023244725,0.3438332590762151,351.3730792179536,9.265375055737657
559.660995904305,21.700137850813306,1083.8582793148596,0.35040664505125496,359.39540886998867,12.232190850980965
731.9403066340312,13.195275654944975,991.797341056425,0.3436406321462952,363.21404061466313,14.417361653653625
775.0282773083787,13.257359175964153,1267.8622059368072,0.35540595871722686,376.03398868022026,13.751235341953413
924.9582857374766,13.269921767205572,1120.0522228998989,0.3454078825605667,392.3481478663399,12.634352554363375
968.8460960960035,13.303260337917134,1412.496946205966,0.4871692354783894,408.95622401877534,10.30653395401234
1036.288963114627,13.324308563222726,1234.9959781858995,0.353110251608346,435.90339901013954,9.01023566977942
1086.8526183987028,13.354115943376991,1540.0923269124046,0.3521938045102245,461.2324845741513,5.017092898109468
1150.172807109639,13.38658294405325,1305.9862542845249,0.3967626608391972,484.53211055042533,1.5338639468427873
1202.628690044193,13.392582502355587,1590.049704271698,0.39772229766831874,495.21006508509333,0.8654277107787919
1251.3971656319875,13.412004021529699,1365.1756892710996,0.4010260324320317,500.15385765266876,0.36575500495035257
1293.7717190794856,13.43873033280718,1657.9448538994159,0.3953706707146992,500.15385765266876,0.3654357539572218
1212.0798631080318,13.452484002604859,1421.8039235568756,0.40302593657860053,500.15385765266876,0.8694740068307556
7077.923602675794,13.435183230772376,1712.125925298043,0.5274514837331032,500.15385765266876,4.722198408746357
3059.411196392447,13.974549932766763,3399.151302863563,0.5037379402403288,500.15385765266876,15.237574805940108
1415.3263918590555,23.401612998111894,2087.019460061621,1.0522721720854922,500.15385765266876,15.237574805940108
926.3019324201417,28.13066522595013,1276.9372602267993,1.7842881398260992,500.15385765266876,15.237574805940108
558.4757197395611,31.69785623450754,855.8595533348773,1.9076740575183362,463.26863032673657,14.344049059877443
241.814216965778,36.726462352778725,669.6350591898735,1.9447679093793269,425.62538536261786,12.923078420935067
16.263628880263315,36.726462352778725,600.5835358357841,2.2885441736700916,396.7566956648365,10.378815436796833
172.53726092317862,33.11681873208706,606.002281064393,2.729957240469766,377.3366564935459,9.03315310695509
325.7512053028373,36.726462352778725,467.51992355219147,2.600106594912497,365.34440440848726,8.002409127666104
423.0945735883951,35.79394411206839,472.76696243685564,1.70011599817822,365.349901405135,6.9613667075940215
509.2814283467798,33.81323993271959,510.901229217437,1.64264485253738,367.3101231314795,7.927787741553221
593.2438156504404,28.722271985210075,533.4867982143953,2.117216489219976,364.8127397756929,9.227972731871679
549.666045465374,18.68710912237984,559.2639680133309,1.3350074074486942,348.5073680742758,12.164605467001342
252.8527937191708,15.378597218829734,673.1539768647589,1.109082566638272,335.4191472512476,14.302896008507526
195.654299041036,15.96081280628419,687.4588759986364,0.8461167886129702,341.4860611057678,13.790606184602538
354.5339921308648,15.941879186936815,761.7945732381994,0.92924723144828,345.5178086472018,12.635560470895907
402.6940214773303,13.543513637751342,769.2838693474229,0.5386716743607498,351.7304211305828,10.311850842974144
510.4613823075062,13.236903516383428,131.2576017236372,0.3991878006680341,365.0083414336737,8.986462291721416
571.624626641437,13.29096925477936,354.78245808466437,0.3849735851621385,373.28144648664136,4.96798016040245
619.7454654916382,13.281452507517674,487.44463422928175,0.39457365779957454,385.5430226774691,1.5167481805842449
660.3055389528103,13.291395440405728,519.6697118574816,0.38745877025417247,389.22269552323274,0.8575740701038744
694.579744046036,13.305028215385557,592.0561845799451,0.39642942572214457,389.5757019665041,0.36131423991354106
722.2942352181244,13.304965737013731,587.8342964976821,0.38757437511064424,388.4666138705497,0.3615401547434939
637.3887648473598,13.303176709119878,644.5365108976054,0.3976994925306152,383.1794940029181,0.8582452174426484
4549.751447324353,13.290400226949261,616.2539673955972,0.5270204856299117,371.8272472102295,4.669989936360017
1179.3023417592406,13.783865826122234,1985.1563387636513,0.4858116948309322,358.8451866114102,15.237574805940108
92.0487895642167,22.74424693034718,1199.9905531921302,1.0353999841284385,361.14883312507516,15.237574805940108
192.3725838111928,27.214063854082127,746.3727751557498,1.7521870644497666,363.2110859952529,15.237574805940108
389.5816775334348,30.540581450347872,595.4001440464504,1.8771338771368447,346.5218951780142,14.154440386674652
564.8158150398294,35.73326088740984,487.10333597673343,1.9154815213565761,327.5160839279316,12.736485024523585
729.7150923733617,36.726462352778725,384.05379198722704,2.2529865799070654,307.68663384199556,10.193177961127398
875.7731037950385,32.033074625335004,352.6880524043705,2.681076264916731,291.23471062225565,8.822517943525327
1000.1321513970169,36.694606671745106,220.03909543968285,2.542327934477662,278.20840182201715,7.803857384095778
1039.3479156735361,34.65751917197777,316.6527628850637,1.6665036131783033,289.00787379037484,6.776517575349
1132.6854755472034,32.89829728844007,284.95694831351693,1.6088089844331224,276.0309994643093,7.752461128184989
1222.1523265381973,27.904346479330655,209.0771755039642,2.0750998738419284,248.8431918802673,9.002306384709705
1110.01396392069,18.074614429698983,270.4711698898309,1.302483002406503,232.25180272523164,11.803060763330127
148.65022426857274,14.89230885704711,395.2893292546012,1.0744350751421492,210.88728507487647,13.897357978322368
48.898383171591945,15.853645585817887,353.69914751419464,0.8385675740188494,200.4059393113613,13.6756929969157
187.93866199588055,15.77896344380136,452.36811746235907,0.9290072050230084,204.3204188126061,12.523288353977284
188.73788602124554,13.452133936581928,443.05050633382496,0.5253271866705985,200.43291646396972,10.226660043181681
220.74244608898414,13.114209338909651,0.0,0.39856179239548917,195.9100859464086,8.91460720155338
265.7400452527707,13.192541034066213,1.3814987873104039,0.3809922976206311,207.19342405213595,4.9278040464293325
288.6157482430754,13.240532746964668,15.347264714716076,0.3887043411704528,210.2436297687119,1.502567936016001
264.8165861636745,13.249756943971793,19.995580394344607,0.38787144673641005,198.8739810076294,0.8489914612836744
267.97538534614216,13.224025314517013,30.469488456928257,0.3831740977721923,192.7725695006128,0.3573885704505768
293.65390243569055,13.226215086630486,51.671600136974654,0.38867856583765326,203.42240918676086,0.35734173438083344
283.53268648543536,13.235653387229997,99.46364763805138,0.3826330503923235,225.94101366340414,0.8487983580628109
2825.3713257704353,13.202833095735162,172.9121308000564,0.5192615821730062,244.69538415331147,4.620221838683816
141.63257219482398,13.623745519185828,1275.2081594023525,0.4827739137094545,261.6385494033773,15.237574805940108
524.8555541134975,22.16138089665522,850.2963384007712,1.0220691199594776,290.82798999233745,15.237574805940108
717.6710860507048,26.47000219730633,529.3351056147285,1.721540807739578,323.98986679609806,15.237574805940108
849.7835082629058,29.81772778378755,450.1033370962623,1.8508739953426905,332.21724276983724,13.894496570569137
951.5072880584742,35.043715348010004,408.6610206720392,1.8831582642278104,335.2572558243254,12.540368416649251
1012.0632516023613,36.726462352778725,404.8867167078522,2.229386346993869,347.18773268537973,10.072767537317008
1093.9027870747966,31.77571651759346,391.24414835906833,2.6648779363063637,349.8544031268082,8.765214008182133
1179.4788695926222,36.535561133647256,290.22746310669436,2.534684996258563,347.92977925287386,7.776840920709181
1230.4195106226477,34.61521883121508,316.3124721500802,1.6624738656997806,353.32694931026623,6.775368223850047
1276.7161123132294,32.79803191129369,324.8930763957862,1.602023462968614,354.34784911251404,7.734526232656953
1298.1469925997965,27.904273956079102,339.4875536253816,2.0745862778637707,352.7216533491631,9.010295909275726
1183.9712056119972,18.191201358713926,369.2510031041103,1.3097863021308815,337.46652204343434,11.88989680638094
216.55636073131987,14.984824223894222,541.0994476867493,1.0826931494869119,325.127130558506,13.994995902388805
173.17587663848485,15.88158176486196,572.3671317057548,0.8446132820122121,335.941721465925,13.729865674745692
308.73496246352664,15.883883615113454,648.6785248027367,0.9253001493271952,340.2896549461501,12.588919493258647
362.18434303494206,13.494667434404045,669.176846344575,0.5346569101610454,349.1015835406702,10.282789278540925
449.7986761238029,13.204276612901674,102.80044595547135,0.38996222924906737,366.46719727654704,8.967814450064548
513.1872841329663,13.26354429603772,303.5798745478479,0.3919418503233485,379.3505976505114,4.964008278280516
571.806693483623,13.261049482046708,475.3814484269982,0.38448949202909627,398.15401531159023,1.5157937963312544
622.659962443054,13.273074363124568,505.8954218472012,0.39626527966101405,409.19141605818464,0.8573886398100413
669.5307865091806,13.2976393397818,628.8219952818511,0.3855985153352243,417.1400812332897,0.36102526987289263
714.3994557285386,13.304197902940533,623.8232102522608,0.3984319723975533,425.7244417277947,0.361550922136168
650.6086521264901,13.308468494385082,758.5340010826892,0.3937633073351513,431.130523020785,0.8594579855990437
3501.729587310042,13.302654330754804,723.2055498644129,0.5232566090179155,431.2257163238346,4.68475124100664
500.2297711501511,13.693429352165147,1910.631533298697,0.4916017069074544,425.85829655804963,15.237574805940108
367.11849939411036,22.55444392917684,1190.9120888397956,1.0306772603237997,436.9732606331822,15.237574805940108
648.5320967390631,26.944072112958825,596.3683141600281,1.7489817630190312,416.1468131008198,15.237574805940108
860.3494285695197,30.149490067801803,346.3742234939869,1.8669465453444363,369.7025554105886,14.056118334650023
1020.9462717908236,35.148315480766236,280.36252365767865,1.8925163596966113,334.98770188385555,12.593174063233041
1158.3006888924212,36.68540100188215,220.5112023249709,2.2274262985445095,304.1271305095631,10.072547586700209
1265.6341980128414,31.550638952702744,215.39051958098884,2.647210401637592,283.9190774569657,8.713542177088657
1341.6201781477346,36.18957275385143,126.53115876174401,2.517821209812761,280.0331350774559,7.71006179345001
1379.4374018210513,34.27324885217734,157.62518484805838,1.6447999880677169,281.873011123061,6.710238231768564
1398.8726285951925,32.464532437489794,208.97125030223694,1.593082721221562,283.84188115308643,7.6585064536773535
1430.2864989588709,27.67084957790633,205.01787204807775,2.058316526937666,272.6329858630474,8.93691367933869
1331.1503239755023,18.009237274814073,212.89643881788956,1.2960308183990923,248.36397732853987,11.771907865056411
141.34513951109525,14.794101488190323,365.73812343508337,1.0759479100131872,231.37351480476357,13.822434018275182
78.98031862443838,15.863019207302216,383.34578719309127,0.8382836224314281,236.24332371675544,13.690884115776235
188.538511917451,15.819470655232806,445.3906116170785,0.9214281656423176,234.14485158375967,12.549500426057735
201.22320639266493,13.459975730879119,448.12858347379563,0.5340539270879204,233.53774341128462,10.24764842263493
269.21814913489584,13.1344873003508,0.0,0.39585630920159964,239.38211966774878,8.935667237363866
295.77462070121396,13.233242787969656,19.342157752102153,0.3814988216812029,242.05330019994693,4.9426826404138975
316.5301214154719,13.257412950541353,53.86591124972448,0.38964550197996994,249.12992727684076,1.5068053520743663
343.96046070485204,13.248564777490765,85.7258323627955,0.38200498627671137,251.2553189320046,0.8513186465184671
369.7069983884738,13.24770043324981,86.4385818827292,0.3914345759928367,251.2807248489341,0.358170432178473
388.77850850459185,13.274789360619847,114.40137872740793,0.3819562521983578,248.72440254058347,0.35813568019759645
307.41100314968605,13.275496522522689,101.26898452344182,0.3923177455667226,243.26991260859387,0.8515584977948757
2424.9467605584723,13.230595805523963,124.80138563273123,0.5190144147748368,231.09013496106277,4.634532555221085
194.90218144793695,13.617454659027485,1119.3510616553335,0.4789803262833481,216.69611502181235,15.237574805940108
814.9434476928866,21.941087270527614,686.2582603834194,1.023743663539196,211.7526924750886,15.237574805940108
1018.7378223142235,26.161321427518594,318.15089520276547,1.71249549783703,215.37613698024245,15.237574805940108
1173.6554845680887,29.326748807292013,181.46621521352458,1.8248670230097745,197.00279429224508,13.697176019723553
1305.5197055851966,34.30511835140988,77.7403543425384,1.8562581441231918,171.88297082187722,12.290338468188892
1406.0532464618616,35.76046496670325,14.043826634406708,2.1779102126464736,152.9901567908674,9.807331017158742
1517.8228068835406,30.762286671792918,10.743066230406967,2.588583505214891,129.52337186980415,8.47447967043875
1641.725524478885,35.2198641011732,98.36634071757751,2.4487046355753708,110.25194938310726,7.476592014781397
1741.9505032839504,33.503845861764866,123.7653498625921,1.6109834950466886,96.55485556399431,6.509477880133907
1747.7612170539157,31.65862570109905,61.68094172006249,1.5434090385499344,97.74279543751662,7.394938291655861
1730.6810698800195,26.876363700051957,72.26236469334334,1.9989479621267798,101.81071758199084,8.620134122458234
1610.3272311781625,17.523371277940615,63.63829670127533,1.2607762606236812,93.47789265435556,11.3704679523669
18.661274235913222,14.393982827965504,108.38939510316358,1.0351766479145807,93.37150150619874,13.334451255502872
64.17640208276836,15.601070192755124,162.05359451361238,0.8307638971273599,116.02993545436793,13.501507003685306
50.69001558128485,15.554280213349635,246.0537541837182,0.9157565942429825,136.23334970885105,12.378182049791956
73.21798607079145,13.336979378378935,287.8139601010435,0.5257954114804189,156.6234997361353,10.162395306681804
131.5439775044066,13.023508048151626,0.0,0.38965544651790457,182.4819840253331,8.876891947304456
157.96190741941928,13.103844207595678,1.3293699803576813,0.38570970469924504,206.67776831782152,4.92024130283623
194.78861565370963,13.153527302202628,41.16411773542995,0.3802097993241065,230.91225946931024,1.501735977896306
229.33772524817317,13.16671232934467,79.41591394144646,0.3880973225236398,248.2505647396076,0.849350554049982
268.79140196381525,13.163788835527578,143.14290249531615,0.38129152915522563,263.4936735685939,0.35741698646931813
298.10986474880775,13.172218979970893,200.2035224416408,0.39045536754460325,273.77323679223497,0.3578280404463364
309.86025139906786,13.193092291520504,237.71323720182158,0.38277487415899547,277.50533073487094,0.8519528060159202
340.1312290338377,13.195858638406937,255.08010579784343,0.5221863359596647,274.39463491659944,4.640534261959912
122.53000353625839,13.194714524072374,1267.9516428465543,0.48036849529786774,264.1842013809095,15.237574805940108
2178.9982143141106,13.11586847827655,800.3524079556664,0.6650971055301453,266.5837523487117,15.237574805940108
410.4712347077242,18.64941679524687,589.4225776659857,0.8440986000740354,270.6278284057791,15.237574805940108
75.87353322910768,22.78081909035777,430.0900471759842,1.1041613839599906,258.02299881162844,14.091122611613661
297.0710428206994,26.628288484473973,405.7255432726311,1.0224904801515462,253.7181098211059,12.75572729468756
411.6063288540958,26.360098823209473,331.09215512516386,1.1855851359927778,238.63758906631276,10.211192225534077
495.5308185250261,25.95972445226783,303.7749885470784,1.0590008891529272,229.14978333752194,8.853549032773067
574.0609256036105,25.836400565004062,273.6373520744168,1.0037666184714331,219.1294325124817,7.845374825169055
638.8135417855744,25.680806608187588,346.0490942436378,0.8272821452074813,210.48773522552574,6.842934112808037
124.82140652565982,25.66834927125238,369.4252532442354,0.7396446083320368,205.74617182571617,7.815707347845778
245.63853988646602,26.501956986092026,410.65740995629244,0.7908415023965178,201.6335973923588,9.255478541711117
94.14869220562403,21.632288431562802,461.110429546055,0.48773792624059875,185.1035968943565,12.182386215178962
15.27529680865725,12.988852830783106,0.0,0.4835257365450891,171.52401527089503,14.383213436384558
13.134534000866093,12.99407345298289,2.9093370595856203,0.4661162622913335,166.09693380438958,13.615356402094287
141.2950926796927,12.992693716208834,28.698989427867442,0.47564488137122174,165.67333040267968,12.467912408601887
160.1707934593036,13.167221381538532,57.351385551796675,0.5621697409534103,167.66226263891164,10.177072169624685
209.28650598209458,13.160141233312023,60.066846626654645,0.3836855157875239,176.95602387717685,8.877336145604437
237.114919206445,13.204582499128989,82.30639632448612,0.39130870404430557,186.87655777651926,4.946128097734072
267.9996214828965,13.243693980149605,76.77661702202431,0.33819318710747065,195.88238232832714,1.5080694921255622
289.0142546009693,13.260313879253793,101.24574839077856,0.3486414053175838,199.0634872203657,0.8515165772147071
305.5877329520011,13.252096939120587,90.40543648833267,0.3383548176657779,200.46986465570612,0.35797703070474923
321.63119789316227,13.273825299466862,120.8652576407009,0.34833750219529874,201.7748904970427,0.3579300950770892
319.89522092160416,13.277379042997293,115.91773039335474,0.3391608852913278,201.59999340541617,0.8519248245509367
329.66805509539273,13.268685959105527,176.26291970056903,0.47798886088844256,195.56653590764654,4.637666899431392
87.65670586737944,13.246464256048753,154.34631552299734,0.34036133947686825,183.7190221317112,15.237574805940108
4.0491405679696735,13.058896641542276,201.480065736787,0.349344911115826,178.36716332061928,15.237574805940108
64.81505128820574,17.21366714929622,136.89898034616303,0.33845768124116643,183.8501368462322,15.237574805940108
101.86656338108077,21.382080705183228,111.8806587690344,0.3480250422928517,176.06194497501784,13.963175573271002
137.0427537599851,25.552193125574806,60.35448507612455,0.3369969170749869,162.00935908365966,12.619776243240441
164.06852234975915,25.471719336953154,56.106345294354526,0.4316360476654772,151.57999136182187,10.129601479238493
188.82959641285007,25.38927697523336,38.24524653084362,0.4300233638095478,143.20876696642316,8.81316857394087
211.20353028653042,25.30239879168643,41.1999083004724,0.5522210557855874,137.77126795561347,7.819264616063963
224.55325481930777,25.240781347881516,38.92129979124316,0.43372442478255674,136.50499685324553,6.837345693284498
231.20978947447543,25.20216216412246,59.018704994535995,0.3349476736165455,134.74414097975503,7.802778350582527
228.55945833479092,25.2033634318113,68.94083804221545,0.34516132287964035,129.94602823948443,9.100342305538495
39.77675312649732,21.046000453262142,118.72285511946822,0.3344855747946167,116.90397724695994,12.015686351532473
43.10142644557904,12.94211629512572,112.15203992022305,0.3479630304899256,105.80610257790386,14.247378852743292
67.69882673766551,13.014251526684134,150.762583932763,0.33774336907753433,105.29956602576193,13.599867275077244
186.03681346684093,13.053241691629177,129.2313987026194,0.3486134442298114,106.32306097312517,12.469094141190809
194.26272707933842,13.185846817986103,163.4954552641915,0.4680450446511475,109.975082588983,10.169593340680409
240.174054194664,13.174338736860273,135.4980378880255,0.3524944218836829,122.34060364434983,8.875245425282579
262.7609054659976,13.211502270893307,162.57740251230067,0.33810653667697643,135.42618550534712,4.943825773807369
280.0175163292388,13.253959458451373,149.83450603553226,0.3503435306883045,147.13082278923287,1.5077704708627322
294.33919218909654,13.271966685265976,172.0310626378405,0.3392789665389091,151.76503148520322,0.8514854221905227
305.02875634484224,13.26204280253975,157.58257252081265,0.3499082520515533,154.68197497367404,0.35785819521311085
314.674092506169,13.273295638436649,181.91952833874774,0.3398380727727665,157.06117056599325,0.357862379389127
309.00525541735465,13.283528509983883,177.76055629184648,0.3495410849160921,157.82816010428482,0.8522203778523708
318.47646235692497,13.278006879989869,211.35273615151712,0.47011875970352723,152.81741140506205,4.6406566972063015
67.90944535058551,13.256000830983355,207.10920993423977,0.3533880048275838,142.9079912229149,15.237574805940108
21.850320241884464,13.038699292143727,240.12190029349205,0.33862624227751176,140.69468752987993,15.237574805940108
89.23555154615123,17.189658446663064,184.35976207067944,0.35054551640544007,149.02782451171072,15.237574805940108
125.13263791694733,21.348661812320973,159.1275298241277,0.3382205830615668,145.55735944988655,13.961121925882704
157.38860538521843,25.520033139646905,104.1481194243313,0.34759582720164867,136.1266634098523,12.620742141269442
187.36927441669997,25.44665323927851,103.9121329799944,0.4226077092443853,127.9044098088676,10.132277097280273
217.49744931217288,25.363325153696337,59.66318893168202,0.4344812224602422,120.3484933899762,8.816648867098392
241.08603943387712,25.250487728778285,61.472507899917304,0.5593050774141578,117.36448748596447,7.811788649582699
252.96891229196495,25.188311203844783,64.79832235719434,0.42426248610720974,118.5889144347388,6.831021587882183
259.2499926893899,25.16200883522263,100.80586335179267,0.34663784223305183,119.84201133517169,7.799581464159144
245.64543778354877,25.189863981000123,126.64303753726338,0.33520374486488397,120.7016813079885,9.106459765942324
43.43728154662676,21.06806849100968,197.8172531065646,0.3462241578651821,113.15492790670642,12.042154546102296
43.9312180387275,12.959536408402915,207.42101528923592,0.33928211495559807,107.31146555757294,14.291537819224848
75.77747685459083,13.027294488000702,266.51281775505157,0.34936228660095936,111.09950710986371,13.656293168757191
202.9327714097778,13.06858510224449,268.87131852958623,0.34108422263264165,116.49461186240679,12.524812236073037
216.55097628930866,13.184983785695712,317.15261617847545,0.48068193394102887,123.22242130557096,10.218554908761691
267.66818182320645,13.17997274734894,297.473645934129,0.3426039299953235,137.2789265171109,8.9185779572123
294.4953933271314,13.208946845941849,347.1601426847484,0.35172848281334806,151.77730667395332,4.968139958798655
300.54901872245836,13.248798074293177,302.24498008208894,0.38494897956204105,165.81897361599064,1.5148326128909562
318.7830453728066,13.265070774303187,346.29988745719646,0.39657039149848305,173.3014181722314,0.8548957409428544
336.50239332212493,13.25690143994872,326.91582647852505,0.3928025327881232,179.1674595053567,0.35924566614738956
351.1585464321419,13.267081312842613,376.31454448385784,0.3896156077401928,184.28736866225358,0.3592436422260432
251.46112274431022,13.281227175487599,357.1928543397618,0.3937702757783354,187.2049103676638,0.8561561427244354
5820.150899073533,13.240015597795788,404.5486394382191,0.5193343800074814,184.15928504339257,4.667317723256423
1776.4169731210136,13.948339851341853,2080.7904391617935,0.4966937713386399,179.58511198708123,15.237574805940108
400.4165766700647,22.986540092945045,1196.0114581068037,1.0340919952534477,182.7795139252457,15.237574805940108
149.5690698755683,27.525457489139278,763.0337698084666,1.7641586168565386,211.08629462242365,15.237574805940108
51.32134877141317,31.03136407494766,549.5579063257557,1.894146613409737,203.12635923393776,14.226277754290297
185.5642287784443,36.285045562584116,362.38559819437035,1.9353690758203812,184.26032171289052,12.844304024318344
263.8801120937265,36.726462352778725,366.93754619919264,2.271380667621329,196.83024762128116,10.266659935970221
395.13158985965623,32.62428542867465,329.73071838587066,2.7132474663712003,186.82016563797805,8.930987993924083
532.6349703118594,36.726462352778725,153.10989217632016,2.5772840603970306,171.3638769467686,7.90385739495286
643.9090798138757,35.12835614039815,123.6030253693118,1.6815006207869576,169.09696168433445,6.846916145030947
738.6874701949566,33.09689446124962,136.82270557373465,1.6152683052870405,168.38392378697586,7.776407309045396
821.5425463247756,28.09409426803641,145.234946919973,2.084025115994078,162.8732347210522,9.043235215797006
757.840208270405,18.25496576642761,170.22091846636417,1.312771791349804,148.60245471785703,11.903093242963548
21.53336163872515,15.016668639348921,283.7329179029286,1.0814884607772308,136.55238574542332,13.989391683909847
82.55407308395314,15.810476829200196,294.3762604013635,0.8420593681834982,140.85497355824808,13.746610534313294
6.637134392846937,15.727281108118497,354.31379866617027,0.9325503794777108,142.661658516736,12.564142365608877
12.706249304030509,13.431766494220536,362.7066857446953,0.5272966232803148,148.7485815983112,10.297395844985209
63.468026566751874,13.09184770327094,0.0,0.3999141075334045,162.91206247807256,8.981905857205374
87.0329613179364,13.160182161282682,0.0,0.38294230295127685,174.75849456276615,4.962556389825485
126.86784960164988,13.20212949699607,7.816787620462652,0.38701116609063924,188.36885842917684,1.5128758624920295
150.19987469081863,13.229694435895892,38.8386157471065,0.38767733464300363,195.52170484412264,0.854296787061712
173.86734571316174,13.227534938900646,54.0337661337576,0.3841313543206186,201.0337907379548,0.3586866076692434
193.22432803122385,13.253516987990928,76.04509854444096,0.3896471246803622,205.39944005925113,0.3587379294572293
159.76213722019074,13.258999688087725,82.5359333395648,0.3841987642607842,207.2547259323332,0.8549981808319047
3390.932224946482,13.221481463525855,103.54440721892767,0.5210695449355149,203.10035037242446,4.660133742618581
405.2415623934548,13.807998454376676,1157.4306807497335,0.4891557037864644,198.2207304257489,15.237574805940108
364.2356942212374,22.4675668221353,699.054860396276,1.024835557140335,199.72492851956775,15.237574805940108
582.9482210226995,26.68159739921137,300.64594058590785,1.7334953404660314,207.30416231870555,15.237574805940108
736.8324175860537,29.86521136940148,186.132340342698,1.8544149375358483,197.11089280524396,13.907119721740528
887.22211750571,34.949633487536694,113.0227561152647,1.879258755460445,184.65292639721378,12.497502916453618
1022.609491662642,36.47568893975479,47.48925871613555,2.215667836027108,171.54724783245712,9.99291746130671
1169.442537470516,31.35084291945396,31.376688325822364,2.6298293982263843,151.65178504924597,8.636097578898582
1310.3790006723955,35.84880276833875,35.194092141699755,2.4945081102669255,139.8862097929293,7.618626763528484
1468.8012492853284,33.99072852534948,70.74825884682615,1.6295804631403543,125.42355138419983,6.62446438658266
1545.7678041416882,32.07485827319223,56.760618503482945,1.5670316622873244,125.31374974280337,7.51299508402486
1521.3424580654491,27.23861215900023,37.62403527880837,2.022002197292686,136.6700268945546,8.741291430973646
1358.5344272400293,17.752961387042582,4.894710328479018,1.2756243336546487,145.22634774067717,11.545326650744157
31.25250595838147,14.592357785610627,204.4338345551533,1.058594938692991,143.91872413964649,13.588919227804919
77.92929859008667,15.718703963388736,237.1510561122135,0.8362481315490317,157.13490998987774,13.677813115429954
20.412952390597454,15.685570645585793,295.565083814464,0.9191809856947633,164.98879303304017,12.520628448277932
29.037086665199105,13.392671694900246,315.35117039398114,0.5329953731120449,174.8106862782892,10.267555022354017
80.77166930838345,13.087334755387849,0.0,0.39517565090267914,190.98120201032202,8.962505159927098
104.45622920500372,13.155376383611964,0.29211017412500034,0.38119151673525353,203.2716388185156,4.961557982831059
149.75470581869496,13.184764982085888,19.28203210244063,0.3880166600020086,216.31540423807724,1.5125200223590807
176.91577765060617,13.214570333631823,44.25944859516254,0.3818512737927474,222.89929337471509,0.8541643918636783
231.99131810623655,13.244110338280576,93.02364988756892,0.39013037343068996,238.77917865426795,0.3584996706728961
252.89960564523847,13.263224623579625,108.03189863166526,0.3828106307834228,245.08418118003215,0.358747674925539
198.43081220499062,13.258465025170723,126.08654816728375,0.392202900359825,242.49186664899,0.8554067947560343
2600.6904341418604,13.231804155750254,137.8137277627605,0.5209418347002709,243.34562504606475,4.66609905675004
58.34807285825464,13.728565097680061,1156.9443003231838,0.4809801597524791,242.21407243124966,15.237574805940108
706.5418578038132,22.184605620147828,737.9435266529799,1.031309117609679,251.1226479301034,15.237574805940108
943.591062461085,26.473978623483532,339.6131857796419,1.7277862355314877,258.2371647091847,15.237574805940108
1135.5187104310887,29.666772605041373,140.60979251064742,1.8429022179359194,224.95652222203296,13.854731086033638
1282.778304285502,34.58272729973632,83.75166830287195,1.8663847859797318,193.6876227196131,12.39073311298522
1408.942327912481,36.08615526247624,28.623555498114293,2.1965814809756705,172.34311792702516,9.901836233499724
1519.1004280781733,31.004128059018196,85.64496302760641,2.6041257054897287,154.0000953891264,8.530349089063602
1629.2520138676325,35.60469096446807,171.79936737138237,2.4645930506815796,138.80214515705435,7.528934798983894
1712.0093631869704,33.865358525666416,147.34928102449703,1.6194998989533322,129.2529921162266,6.560545034311922
1741.6896642999147,31.973406651391894,92.41854719544179,1.555073350394839,127.76256018967594,7.467873379209322
1699.6875815017656,27.1401973264636,56.62174362571201,2.015694531107931,134.9240356176501,8.702360398774381
1547.066295217329,17.685017247594214,29.063994321560454,1.2721960305986626,133.00100937130892,11.496685719925672
20.19187312089046,14.527405497364336,156.7715441440634,1.050154911892414,132.0070648358505,13.507175235558092
77.26641042572577,15.711102323481214,200.3320233588831,0.8366014485083801,151.53464088821818,13.65164001454168
27.153972416381013,15.657757769042714,270.32971601130225,0.9179012020427886,166.10009224303832,12.5009313451832
43.78087359130693,13.404903531177762,304.4444379411402,0.531598673418979,183.09548133895527,10.258903858462329
105.50344234818965,13.095930075885041,0.0,0.38663885588086205,207.41313902333818,8.958981408624997
143.25359410281496,13.155756056942218,10.480457187347763,0.389273945387244,230.36064833457138,4.963366316215178
204.05487525313936,13.208264342159525,54.87208965185006,0.3793678149290643,252.03826834871498,1.51346851854312
236.46942561163934,13.24970207171242,95.6495872852154,0.39140751904799237,264.9260005044667,0.8548273891432784
267.91997498332125,13.25289545383279,125.66682575553668,0.3853873556319711,275.3954526941106,0.3588200916774482
304.8192639371486,13.256856702589873,185.1405210370232,0.3889043205030358,283.23593693666606,0.3590682103897021
262.67825171438193,13.28257140134423,218.29692625023625,0.39112459968267,287.2283088399251,0.8568994136523808
2359.9525492251146,13.264171279912022,249.04386829445136,0.5162880524812393,284.622360547268,4.676963074243366
203.71595032805752,13.6578660745618,1284.3378269741045,0.4887345566856128,277.404590106499,15.237574805940108
847.9774192139093,22.146387856635908,788.3455217343062,1.0253399757876456,281.32644742299175,15.237574805940108
1061.680175987007,26.4508758937144,365.61591745514085,1.7325658727046627,278.9885321442745,15.237574805940108
1243.8487729263134,29.64579593704533,166.6762922697426,1.8432556777746056,244.59876786737178,13.862618182659158
1348.5760820399641,34.58342423948315,109.86287420816912,1.8709725473579633,203.62773921252796,12.405659555030725
1520.4802918587973,36.11066391582976,47.19158075628943,2.200795636632494,177.21529008732801,9.920937784776285
1630.296205041738,30.988785654710885,121.05502180143141,2.5995135197092853,156.30074734118907,8.521431065008787
1741.1377043251002,35.58648279388563,204.61746623777634,2.4612739017481324,140.25124671935438,7.518103102906153
1829.7592525152954,33.843918276792245,183.7224248727604,1.6191322371384147,128.98597819644166,6.5515700332486455
1862.926038668373,31.950044774694366,132.09212281266747,1.554306561130542,126.80540307947554,7.455586781554177
1754.4331168710141,27.126386069647427,62.454380171790405,2.012162964831705,135.85292275166285,8.685413417446012
1623.702459998396,17.677411750383,30.25563176063308,1.271318170451902,140.6274409991038,11.491787033443845
18.184743291120995,14.517826344134974,153.3090248138297,1.045286688723632,137.38120764821,13.507613244220197
80.67431148683745,15.732289667650923,190.15427962643003,0.8372755341976793,150.6410065927308,13.661839223032048
20.559262775067378,15.661996112555716,252.2842574801114,0.9220239018786439,157.7642328275812,12.503528517280424
29.231282546087325,13.395441632516464,274.0016781451224,0.5300303133519989,166.87893196440137,10.260822140665537
82.13876668032252,13.08265514241862,0.0,0.3896659671629513,181.79826920880936,8.95865707052621
108.75316106330041,13.162606780166268,0.0,0.3874684522600636,193.77953300085855,4.962498806379709
155.15572180262294,13.199811106385605,12.568697638240256,0.38145403882524104,208.80974339052116,1.5125967079148095
184.26681566393634,13.229873656602372,41.45082481884927,0.38954751563136,219.20131301148163,0.8540609827833254
217.4663973405332,13.25564460978817,71.0272081355708,0.38191417862232296,227.5993620724711,0.35826764886975593
241.02336438625758,13.274489083172693,84.70031480216679,0.39151112375950126,233.9794573531123,0.35849204479274155
252.33526568983626,13.274833086654011,113.38158715229284,0.38219726502860746,237.0274405887998,0.8555935366902991
279.7139806616927,13.273491643849077,125.15926355201391,0.5231277163958233,234.09598873322437,4.667363234768474
44.74735841766698,13.298760142560422,1064.52918086747,0.48048613061385614,225.63651619054085,15.237574805940108
1974.5526019150864,13.165343252750052,699.0076224475431,0.6682080817247643,229.5643737667649,15.237574805940108
274.11685270591255,18.735553022515923,500.08666842131936,0.846900077343238,235.6491113554717,15.237574805940108
110.81447822039692,22.818030788142,362.40532301891574,1.1087511997868718,225.9013280022618,14.179733685538647
419.6613388876842,26.71310711420114,291.8860626437148,1.0276652950119307,214.0976033518865,12.81362040715365
529.9815102004654,26.296674583477035,240.40309271664137,1.184228821950902,201.51215080890168,10.213762146130442
664.9051399069375,25.90714470772422,158.5012406633443,1.0593540947416074,178.09560548600732,8.853730098881757
795.4131120517329,25.647526801628512,112.16341006742607,0.9983703600516475,160.25667910982892,7.8050056900508284
878.3801407362752,25.410136509947467,151.91866629987658,0.820002048186517,151.21719198554038,6.780750623800614
194.47975991282647,25.357893839641356,189.2551229217482,0.7333758507938662,152.7367609626406,7.734289783501976
298.491514546216,26.410596893930293,275.12548839875757,0.7930707162185779,156.25876250397712,9.245281129462196
144.5941334237032,21.6031335227614,345.4220923871482,0.48120923671359633,145.4041452738139,12.188034073112512
78.22265699296437,12.99901835292323,0.0,0.4843007967384562,136.91283463297233,14.415022744715905
64.5545348945366,12.947300192391312,0.0,0.47463355456130524,136.63588907101536,13.639636192029275
53.785822339086735,12.9773524730313,1.761602721319511,0.46923842817394673,139.81573966764566,12.501969249047468
76.47555093132584,13.17704057366413,19.16403485025878,0.5636352429390734,146.30511136838805,10.23648231523792
134.1279132833592,13.17923973645364,45.10655343248498,0.39072921704904684,160.78481822448504,8.931473764919659
168.00816297375195,13.235126611221144,58.1521396263641,0.38463743940219214,177.27848798615548,4.980109021849862
215.44856068992544,13.28593046390195,81.9443130485769,0.34622006847408243,192.13497701620742,1.5173935886882701
253.9665741891126,13.309978476878666,89.35033176243624,0.3418342916355716,200.53593134287468,0.8565375274812577
286.5957658658114,13.319429735150097,111.8385926938055,0.34645037739321627,206.6492887818294,0.359012700681234
318.7408580492478,13.344601066403236,140.66444621054097,0.34286355084449005,217.0388533734006,0.3591581453880444
336.74674306623444,13.354744017642558,230.94359796678057,0.3464118883961681,228.83040277467606,0.8574246221781574
368.7837081017378,13.330926248725339,275.5477069830773,0.4750206217800851,236.0573645685273,4.682577728025417
143.6278523463249,13.333380506041367,360.25616353166174,0.3517146737829991,237.90792912910462,15.237574805940108
77.42028779621386,13.198932634588369,415.6272582805711,0.3439255254146179,247.4919961891762,15.237574805940108
0.9169647199089549,17.464283397083335,360.75140106589924,0.3502735205215685,260.716290476535,15.237574805940108
42.38338734665197,21.72976435429475,248.9167485026481,0.34463854692988716,250.41607548132077,14.213862668217304
61.53545412133068,25.964673135712804,243.60195497506612,0.34770338005222684,245.24185193797726,12.83549782801463
101.94290590502295,25.942535769812185,229.18974138780194,0.4306005189351675,229.8134187550445,10.330538955816575
152.80628970272545,25.863131609773376,240.54196461966606,0.43797721689103497,215.45074694363294,8.988726013946232
183.29943317728893,25.76623131344514,206.48994174316712,0.568130712680782,209.0287553512578,7.980898668251558
207.51552995917513,25.69243216417207,203.91727559352773,0.4329120852307975,205.74139193996209,6.973996024549929
188.34170081469955,25.636516109661454,217.3754496519368,0.3488457159917938,213.4813267295426,7.958673296008275
105.07584581689336,25.681883622193475,335.09560997690346,0.341795850070093,228.30753157525342,9.289789806555438
151.84994110605106,21.596030664369458,456.1296138097926,0.34910626992932603,231.2980551955794,12.329498895001594
314.70925986772124,13.221766241584683,557.5475136608904,0.3457646701811498,232.8260497162213,14.53693569516565
359.20828133511833,13.306797492047366,623.1178278343492,0.3512619952383604,246.75866500077026,13.883297210452048
520.8470270638024,13.318357110259239,709.5544117105728,0.34761520834952303,262.0109817293171,12.732082762671858
568.8628331301064,13.376502329442857,767.4979126397047,0.48660150448904077,279.6065157956023,10.403952497217654
652.7511526244224,13.411917916842308,845.1930756354981,0.3496442805625242,304.6256393053318,9.078835148617593
706.8615644282343,13.440608016368225,891.5973830170611,0.3546142327685473,330.5738699346774,5.063853801524197
733.969311819795,13.458548659135786,932.4026284237033,0.3933291209669826,355.52441423845335,1.5420860986116685
770.4536817584708,13.47737685406575,969.0128853005791,0.4021509699608843,373.6463624288738,0.8702960557169781
815.0661322094473,13.501197838200175,1033.3738525634328,0.3940169570675723,389.3671102446056,0.3648925132584803
864.606542950918,13.50965630337233,1062.140287746442,0.403229808040537,401.78521690756844,0.3653378987537237
778.247208094091,13.516995619290325,1111.5494366521052,0.394047750329575,409.02020083193435,0.8730211527180063
6261.627912154666,13.523868837578755,1124.1343329957635,0.5387747101305626,409.9996326359474,4.769242685632483
2308.1346383013556,14.11005468040938,2772.4235711931465,0.5028248461355296,413.3158227950725,15.237574805940108
871.7135915469721,23.453708897195515,1676.7683665028203,1.055403327451411,429.1257896669692,15.237574805940108
449.1180613441854,28.204289890136234,931.3538726625217,1.7917780855110201,413.96947512118004,15.237574805940108
94.8959849229383,31.751633539799286,579.2522781861198,1.9256352318462338,371.146805901996,14.488040801981702
158.27155212809282,36.726462352778725,458.23635176225866,1.9576710293015767,330.1938009832297,13.073945346129255
352.44535205074686,36.726462352778725,382.81363454354675,2.305850366515578,295.44402750352344,10.465980763725812
527.9221978660379,32.93435721763651,359.2228565522646,2.7407287081473757,271.4065736354045,9.049293862606804
715.7830187371608,36.726462352778725,187.32199114256838,2.602065293434405,252.4825322475155,7.993707769560153
881.5751295414955,35.39117209571241,144.94621208732562,1.6940506487118345,238.31070748890343,6.917520815597961
964.9436072139534,33.29126962162601,173.0314049864062,1.6273975343478382,239.54820926058238,7.845314986552731
905.7077966654904,28.304041843878974,202.7879263131922,2.1030988486403612,252.13177951265,9.14082649657871
872.2254504202963,18.503301504219746,298.13092347658306,1.3296699043382931,255.17329049876315,12.094372666812491
95.2642642434111,15.259271469761357,472.4466233750531,1.0986389089006083,251.3998370745222,14.25767014469801
47.39384593815431,16.07976287921001,501.8441154269947,0.8520432916487164,263.0524396456961,13.95863526185215
167.06735983650952,16.04632301537461,576.0086876239718,0.9457854146602244,269.63482807586286,12.796066486200854
203.10530482441132,13.64957794090085,593.1598600026971,0.5327395680999918,278.9088607591674,10.446703839563222
305.8909194475049,13.331354334356082,31.945968600470856,0.4039036454934184,296.05881899295764,9.108671844766286
357.51976575654254,13.42469188565174,192.41258755569868,0.39135795197583534,307.8158658304403,5.032875115011577
407.0525877315524,13.422833979834344,249.52636904059128,0.3897441746174966,322.3820697014642,1.5340799608155586
448.8616616422834,13.42042068477281,346.42497281189225,0.3952535288527987,327.7676634810023,0.8652174012085908
485.3090392315233,13.437021871131078,357.0255624642332,0.3905405596258874,330.92379846442225,0.3625794716454443
517.9232107280983,13.453125780886618,428.3118545580338,0.39711294119087615,331.15887751821396,0.36262605276246157
455.92461619882596,13.44681561502519,422.6323841484923,0.3905717153770933,328.66400644042454,0.8667438538764006
3715.5744397380386,13.430379759413263,477.4455765045268,0.5314211644835659,318.9466617483601,4.731451951107463
751.9510742752201,13.919509524499349,1696.859624266089,0.4948591829972417,310.5691386265182,15.237574805940108
189.44846720340084,22.893763621236324,1038.0059944438792,1.0405959869610826,318.4171845827002,15.237574805940108
426.90564406387523,27.3088225306178,636.2475861155671,1.7677341020819328,329.9527399216665,15.237574805940108
618.669388723241,30.680833369440055,499.82828175538265,1.9005213552807136,319.2460112236746,14.28942131528299
794.3111528693034,35.9271415297286,397.83227232151273,1.9302380847272733,305.2707647495899,12.858381181542345
961.5866295201512,36.726462352778725,284.514105526854,2.275292849375085,287.7632972964548,10.289413761575114
1089.2393146486793,32.206207237013146,249.86593212729503,2.701910094200924,271.93010144888336,8.897763635132675
1208.1295551759165,36.726462352778725,123.05638770453436,2.5666089388739333,253.83414241524918,7.866648515522285
1291.7458010686807,34.83926506435058,118.12379962188238,1.6728707878029743,241.76733855400886,6.825961542073823
1334.0856934377316,32.902175407611104,143.21404460534905,1.6147225840435224,240.90512184382465,7.765154330707704
1363.9769752031982,27.99326833937432,159.09319413983653,2.0827889232971994,237.35907812862214,9.046856891941953
1259.256573442881,18.23115063654863,187.52327293989416,1.3133772302285747,222.48347384986113,11.929277381734048
79.85542434810645,15.003929546134538,332.3654383807767,1.0849390367270728,210.9050103551059,14.02707102222923
24.87841117135958,16.03239322335406,351.53109904120197,0.8481308356174029,218.5275311447467,13.902749284906932
133.63891841709005,15.994776102227291,417.2724416632629,0.9394579353673088,220.51248021781078,12.74459036353985
152.73509411064293,13.621948136826708,437.1863714407525,0.5323780014354388,229.126282015283,10.40667105604534
243.4752297256989,13.29147805269621,0.908573581489173,0.40141671391616796,248.7226072650363,9.077777743961983
292.6625610592944,13.398129307149684,54.28428249107409,0.38365867027008566,264.9774267745075,5.02100798906446
347.4690561335499,13.420458995933787,117.1024563749359,0.39443224192319704,288.47974195253954,1.5292490155825504
388.25480915984986,13.415855062398665,252.22818680085405,0.3924399602658311,308.47373967500494,0.8629659963849329
448.4631978439053,13.412791561457405,329.8899201635361,0.39021475464809535,328.03952090102644,0.361878007367377
503.901221912144,13.437088175864568,454.968581549126,0.3955313370984362,344.81089406806643,0.3622753678071805
456.71927695380293,13.440228182292127,500.7450286561269,0.391450601830072,359.153460788748,0.8668498746349764
3172.742088246581,13.419000861816826,623.9963071227343,0.5314753856648132,366.9698382338079,4.737961890769228
399.26716198484104,13.84452693101106,1803.8033660734748,0.49290218349754006,369.16501869255603,15.237574805940108
407.43042194461543,22.78960742599426,1083.0124988246855,1.0438018295970264,384.0855502860678,15.237574805940108
714.112870357784,27.210764126362175,519.6859321424962,1.7654803062478832,369.46108756127626,15.237574805940108
947.0131065119037,30.41811603876493,296.6030686091092,1.8891222554015599,329.1859693845419,14.211448802761572
1126.157133398168,35.46108262234058,226.1987043272083,1.9091222844533762,294.46461157393315,12.726863732148852
1261.1603201196112,36.726462352778725,121.82847758622148,2.2502726784625726,267.0631737684026,10.169952822158159
1368.0381639114883,31.7416609878049,66.44162921360227,2.6659769727176075,246.36973596580512,8.77221770406884
1484.2700280337506,36.31431826189269,53.390544118912,2.525569627468216,228.04105888929962,7.733291201624325
1575.5098322443469,34.39371115134719,51.915299959080464,1.645944471036055,214.64777703445705,6.711079950893916
1613.1690556800097,32.47622721395606,6.886938737207349,1.59007310512501,214.07703445736345,7.633506994430338
1539.0148050523203,27.57879009735908,42.549427348046365,2.0508832341222085,224.18533673292163,8.900789042920385
1412.8241030821362,18.026769103891034,130.55243225052587,1.2978653050185074,233.79495375120948,11.788974940242147
102.60387877591458,14.902957413323776,352.29980609370574,1.0783350261442028,237.64787679845895,13.931337727847396
62.72239233036633,16.02355962028373,405.85732144041714,0.8470133839579055,262.8289332516179,13.896333047041757
191.83832823437274,16.011702338873278,500.1188111506933,0.9377747949075619,280.4261252467311,12.751156840704285
230.7773851309853,13.64239522299643,544.9427873507136,0.5343314901020146,300.17436841456424,10.421582399537442
336.9901597782351,13.322829335284082,42.75870654423429,0.40161370850634137,328.127064524656,9.09636127665312
400.18584184944604,13.41708555735631,270.10616707197585,0.3834437433216408,350.79816372924,5.034843884735117
466.82770004956825,13.425267623956323,355.87095142711917,0.39807683498739865,377.3665966686535,1.536084235535277
530.2129235249485,13.430445627402465,527.1066868921127,0.39463074109558577,394.2279366062198,0.8667778267580848
588.0081853893778,13.445857618373328,527.197263116089,0.3933676058216787,409.18656115775036,0.36344414790933843
645.7988448703783,13.480820732381659,699.8788506017822,0.39732494594229534,422.0965282193405,0.36366562040279915
599.6871839093717,13.489314482772189,678.5711879812127,0.3940188558113973,434.7465020465036,0.8709964554522555
3282.528612961318,13.47867244741167,872.0804742006218,0.5339175835074645,440.2989097250006,4.759176053984274
399.3621429961127,13.862667883722512,1973.8773327857114,0.4919979079664884,441.7345899771711,15.237574805940108
417.467154132449,22.87811510363057,1211.0347174938456,1.0509468598972507,455.7585209438322,15.237574805940108
726.8484894809046,27.34720121874468,587.0215011724664,1.7735103778632932,431.74374979929706,15.237574805940108
938.5278658146586,30.565929696105897,362.9744044799743,1.8976171083017153,390.1835667564811,14.28939279848063
1084.772195020117,35.67512099396952,310.97843147017005,1.9193574755927334,365.87458742661795,12.812526717573418
1213.183984028625,36.726462352778725,262.24968377564943,2.2672560213473902,340.5384148922224,10.261560127596782
1305.805355861981,32.10271992680705,251.06096372875095,2.6976184783415684,324.67833142203705,8.887933745782838
1400.3442658739693,36.726462352778725,141.8709990293769,2.566908260341483,309.17690357516705,7.869598165536765
1450.4024767763897,34.85766422907935,147.91934270752344,1.6739679422132026,303.1499049551082,6.840353354873893
1475.7225700577646,32.978258748366095,172.60246342772066,1.6191150487159227,304.3951775490905,7.795021512536859
1478.5887108383918,28.074290627837517,219.00794735153428,2.089743887718866,307.7028456767446,9.086069242637647
1356.6000683369605,18.322639951666748,268.11473000605275,1.3196507093585288,297.8025478720821,12.00691922548168
172.37520638856105,15.1033050047613,453.9920050805842,1.0932677938626516,290.4177727146512,14.141659457114205
126.46274402185023,16.131834799756522,492.0147957130227,0.8518250706937142,305.42417279103614,13.974089329803842
258.39768975240423,16.112968614733532,574.5874897315692,0.9424321470042493,313.1057163537403,12.814779486905085
310.48435424735857,13.711952421919069,596.234146814931,0.5366802856712632,321.60520636234725,10.468318505088176
397.78054467840946,13.393410183769891,39.40053330210988,0.40305943362827423,336.21538650329654,9.129599944581107
454.66467174963424,13.484864987790212,207.5637720588108,0.38463924936755495,345.656304682093,5.049708146887255
507.9413611406375,13.486982533533025,290.48998880938245,0.39798329349188927,361.554687752952,1.5384880895279212
555.2301449237231,13.479897460130971,401.76642116873103,0.3952207495359986,370.65271321885234,0.8678071240447447
598.4205916438705,13.496244050985435,445.10107608189344,0.39295053054399276,377.7459177255134,0.3634237144755634
637.2435858993886,13.515564093212834,522.8295897111078,0.39766863909222727,382.650470620811,0.36368316904573694
566.4292783547598,13.514879742102012,544.3732563034062,0.3931882032777402,384.7541782775566,0.870432381986241
3083.6096755403764,13.496981841391108,612.6359493092237,0.5335881843844346,380.35085174226214,4.756891306324246
205.03527603809837,13.878204519709342,1743.0808929682457,0.491285352515041,373.6568381222396,15.237574805940108
526.7435536723029,22.76599705616754,1089.1621814997773,1.0497308269294459,386.60628401561337,15.237574805940108
734.4308091030609,27.199764046975385,686.6954584775814,1.7684819456141456,392.09730203116663,15.237574805940108
925.0174141740376,30.59378231383968,489.1693067581757,1.9020312572832123,367.6357368386562,14.304132647968856
1133.7237719826771,35.79240034642935,291.0233259664196,1.9278873374174321,326.4490455801806,12.853594228543797
1283.2408738210443,36.726462352778725,215.82162736629778,2.2650082087226973,294.530190758533,10.24121987417137
1361.6813067410847,31.977023235346156,206.99421358844276,2.690077591131691,286.0654102888219,8.853456417650996
1409.365061823271,36.717271663027965,142.3534500642937,2.5594720460191294,287.9137525087168,7.840738746624913
1452.230880092222,34.83132415303049,159.0751462647018,1.6739144205554415,285.6178340496424,6.835371113181692
1509.2025453983201,32.977846823337906,137.3628834473142,1.619958381080383,278.8860224891167,7.79564400242736
1522.764972689421,28.006048089345786,156.54829882955602,2.085225959741044,280.1866407085289,9.062133690909269
1389.4342935352554,18.25530369814007,232.22020616218637,1.3151889610780187,274.7760664626974,11.958820900287883
160.07287413978952,15.057652475014065,414.7461096186449,1.0899889668477476,269.7079514546503,14.10408847274055
113.23159387965349,16.136332561704176,458.39231533293247,0.8514460013928901,287.6730878369857,13.971034109561767
240.45426184939794,16.115877742663642,546.5993888151878,0.9436070921561386,298.8653235644358,12.814139659664063
286.35292936934405,13.70593353980671,570.3977872438534,0.5351218943924835,308.5709760986853,10.470087827717764
374.7140391084983,13.402671927383771,31.011030997239715,0.40334553117217925,323.22970899228557,9.132577072502073
423.7945593609105,13.48773795003488,183.0284696127283,0.3850842811097086,332.65180692170577,5.051598314574162
481.33313969133184,13.48152149861891,275.7419571275722,0.397748896691764,351.05068929963164,1.5389126731372134
534.90070204979,13.484817899135477,432.6117435123683,0.39546895113613545,364.85366784345683,0.8680726227953425
583.9857353340008,13.504658891389653,443.1392126759768,0.3930167801693991,377.08038281107935,0.36361167807048606
628.5292842191031,13.51918780544362,586.7371125364955,0.3979095169180534,384.3534352281672,0.3637996065366668
644.3633732342068,13.512843465606444,551.4118292517662,0.3936641385507868,387.51730324221245,0.8715876194197719
674.1460350566025,13.538560045416887,693.5055223968983,0.5340474318403204,383.04410681732674,4.76052077089625
493.47395803716057,13.549253035772264,1808.6154399332104,0.4919559508887204,375.8075263643521,15.237574805940108
3097.995402272771,13.52227781791446,1125.6071984917282,0.6756009993430508,378.750117037547,15.237574805940108
900.807171527206,19.181719488058768,689.9622732314136,0.8714307427584734,361.0129098616284,15.237574805940108
335.1239376943651,23.520608541276204,485.8466161376354,1.130201774199549,337.4823694392616,14.448171633076909
90.01616999746933,27.642196991572458,395.9345809740201,1.042431707280375,307.46864504985246,13.065853099728715
252.09050349453435,27.141231700385053,359.35284817554503,1.2145550272183088,279.8009029434831,10.503376939986916
354.06165602393037,26.673341142556446,341.0468556780842,1.0832277464148292,266.01910417549317,9.099940812051909
445.29618945447186,26.524333316642473,298.37272978982594,1.0268216655335354,256.84287165153404,8.06088426480808
494.36325007997453,26.34179403486746,362.81324091645064,0.8451733709489562,256.3662277059538,7.027167526980481
73.3904097471148,26.336736967760103,402.13509066625846,0.7551356953988327,258.1811587701848,8.02741987368367
173.12622752642403,27.129164166702402,502.534913109912,0.8069750858352582,269.34551305490044,9.478598848141411
6.665859402987025,22.185865383712997,601.0333091794934,0.4950482311395656,266.49550917527324,12.501073596886542
134.69792835267313,13.322133293920245,27.516438944971487,0.49266873441352665,263.08857949833845,14.765006358382715
160.98364789853196,13.397077729545794,185.7150233551476,0.4812995782938434,265.4810266253948,13.952914274585337
368.33074624593166,13.378929197124657,262.2459230783987,0.4807282677868472,276.1508166360297,12.811845692525553
428.7214722842838,13.477064001103702,396.2930710348334,0.576781486791263,290.83366115810617,10.455789740202718
502.60384017384274,13.500209291968407,462.55675147504934,0.4001777223180979,316.4304974156518,9.128875627562268
559.4636761170076,13.514153047757794,569.676820161385,0.39429121473190515,342.65754393759335,5.089088303649294
624.2721499649881,13.524979642593058,623.745629813389,0.35435417416989506,368.3174236670281,1.5492639309645
686.2497358183966,13.558627398780212,728.3526616673612,0.3503946060507005,387.2638194571364,0.8736026227944528
748.2688053146848,13.57573847117244,769.9105826897267,0.35399348656810925,404.91513286176485,0.3656765917225451
807.5466754236504,13.579678277806474,875.5173862093949,0.35226032938163065,419.13297369295094,0.366026138098481
853.1945095565133,13.602430172035463,906.3682721870291,0.34779105289401013,429.85975700874775,0.8769992126401047
906.3215333144157,13.628708498844706,1015.2650244115166,0.49488391903741447,433.89170201888516,4.794476539868253
707.1383708536503,13.637149493797741,1027.578640728176,0.35978776529272316,430.4508121729769,15.237574805940108
627.625126925425,13.589732363913622,1090.1495010166507,0.35286717551608016,429.1621069113721,15.237574805940108
473.058194499197,18.04576665060722,754.9938144110391,0.3579647007378872,411.11883241632114,15.237574805940108
365.30320360161693,22.446136817259642,592.6255192785893,0.35217968706135233,374.96360235921475,14.515347995171474
260.0276704164243,26.815455304537767,490.6914252015425,0.3550299441980816,336.19190289216453,13.121949005923224
169.98894345412296,26.727099179132175,515.9221725759488,0.4397967644314681,301.17364354784013,10.550999488702177
79.06425555131278,26.638931107439294,471.85295793574653,0.44728029614493875,274.81170863016587,9.193156208893253
27.56093505803218,26.531529861395022,423.7279694275254,0.5801846165333382,252.35535384160903,8.169833685490895
103.715758654528,26.38385307638365,326.6714916212139,0.442782451442519,234.323537497796,7.143624952734064
132.8870076209008,26.219140865778954,330.7941024827272,0.35447953038740143,229.85935089646674,8.126380272944958
47.488778937803744,26.158261403045675,353.1369394592865,0.3473397064689961,237.4805429904381,9.462158033815061
285.72973386433875,21.968791749183662,579.2269302239723,0.3528510894053997,251.49945572723016,12.523313448112493
455.9508889489105,13.447648991993555,672.4587560866515,0.35018168460611326,257.8375334751198,14.746361119480671
509.2143662634363,13.5197977466652,811.7974663896936,0.35498315754090304,275.4916034119863,14.081418948779937
672.9265954305813,13.527418245291392,850.1076083953188,0.35214412682130525,295.5774485172269,12.922181226734168
724.4602645602779,13.576489652681902,966.3011094504373,0.49254472213669453,315.3535008517716,10.554608262212268
788.387791159645,13.609427784367153,966.3121099815467,0.3538967850140451,341.05513514448046,9.214023852203594
832.5622898231146,13.6273879524169,1065.8365366583557,0.35830062717628497,365.84948026093997,5.1345516918293415
860.6555399398756,13.636335807305697,1028.993105590307,0.3978994443765256,389.1538689610449,1.5627350057601568
916.730362258937,13.661905321990101,1128.304774129657,0.4057375227436587,404.1299455717963,0.8804967802980287
968.4794676992101,13.680899928080903,1115.6071640264752,0.39841817778950034,417.0884492262256,0.3683957791939609
1012.9468771826976,13.684407276068407,1217.2037414872789,0.40710626607744066,427.9803229810642,0.36856824228379387
924.8010625432422,13.69967803715714,1194.3151022432987,0.3983487102064046,435.9079313747759,0.8832639053595572
6805.742944948415,13.703648295021678,1289.078013666912,0.5445027977576756,436.6866717749907,4.828633726059823
2621.3399237353906,14.290510932969163,3064.0254699181023,0.5088802583248081,433.4362688568756,15.237574805940108
1047.332308251481,23.799916966894944,1786.9932116969512,1.070025660710402,438.5569540208253,15.237574805940108
639.083565605834,28.60980371132375,1117.591893309525,1.8154419973038984,429.8130697651865,15.237574805940108
289.5478570457971,32.24853676749613,790.2984370252701,1.9522489601275106,389.05259495347224,14.684397191497936
10.170022656332131,36.726462352778725,602.3457921958731,1.988770337669154,350.0038267391621,13.250838971234478
221.3049941891615,36.726462352778725,429.9969105878465,2.3441473909701105,304.5834962683318,10.646921835853783
402.8629568587856,33.51909813143516,393.7384738920794,2.783934540259744,269.458790132973,9.19928015033339
591.9072548554125,36.726462352778725,241.5881668197813,2.6415763407197934,243.05612223674993,8.125467707961024
707.3962457937063,35.992837269627,195.72456038918247,1.726068895841702,235.7146333783894,7.03969405054321
810.4550179170985,33.89813901176391,179.5936407390935,1.6533982682741388,231.6544915531815,7.991142074575196
880.4066852157022,28.73338708533242,204.10921650177517,2.1336595879643583,233.00245677050412,9.27791075683257
793.189918837704,18.69502258192951,292.29187684538505,1.3439288814936656,229.1644244465184,12.229228903013553
105.80308318267528,15.429072731647821,450.596944757518,1.1096869687032862,229.3091515265885,14.423597587683911
62.28064963991729,16.234543793134286,494.6698651199359,0.8675843588225237,249.59735750242947,14.096802524850968
187.84234598249802,16.211891912963452,588.9582826703463,0.9474678794955166,267.44235348828624,12.924566124152056
226.88375493259105,13.799876374226328,626.0410209360879,0.5452078981186469,287.68226434515486,10.554953869849912
335.0353756739591,13.47802406311407,75.57578234818354,0.3971246694945564,315.7207254265588,9.20597249746161
396.7267155314556,13.536323097430326,287.5412128681102,0.39710924686906796,339.6757227611934,5.089263561416459
467.18610980788645,13.550931945466193,473.057314990774,0.39098884791872457,371.31884049480425,1.5508008736044554
539.1302341707527,13.560455561860039,569.04540662547,0.40209615777804664,397.48830718024305,0.8752425626461559
606.5319235976978,13.562598990239927,703.3543171494933,0.3925948352980165,420.9045709746849,0.366098453788728
665.7248744550931,13.58931927477115,754.5236612620988,0.40476208884923487,437.6057814253154,0.36673142110432194
613.292351269847,13.617014618424694,841.9417237536846,0.4010543826595082,445.91377823729306,0.8787468364886337
4509.98412262177,13.601223606555646,854.6766918819139,0.5334164872148155,447.8321627696825,4.809659383887204
1178.9238677632493,14.088263486779123,2108.96015052582,0.5032524463643169,442.5627653152055,15.237574805940108
94.5175090826436,23.35175222059287,1297.4588283414062,1.0557643023404109,447.0001507399932,15.237574805940108
218.51215603196445,27.966974834738075,751.2183222482992,1.8025849671855287,435.31426816939484,15.237574805940108
465.6222949490754,31.357184355296468,451.38364711036445,1.9281603272980254,384.9996153640936,14.580144057430301
678.8860731456529,36.52694414408344,321.9158570659626,1.9590755153561785,338.79363055909937,13.068006230786121
883.4207861544112,36.726462352778725,256.990576198143,2.298346035378228,292.30678677820873,10.428277722690314
1074.9302490941425,32.573447366218765,203.0545127250729,2.7352381846532534,252.6221140176478,9.007887238819889
1245.3991136617576,36.726462352778725,18.88809612002077,2.5843538083638204,225.61629727991829,7.931124529190515
1383.8329114914088,34.92510587808999,10.596071557096534,1.6805539575025785,204.92472276188445,6.839423524870174
1458.0782944072594,32.89389602059564,22.421369215952744,1.6069576075562289,196.82942856923532,7.751221029905213
1473.8220984953125,27.93861096900628,36.224884037878944,2.080206450273048,196.058142128415,9.023830688995352
1302.48624067889,18.19934342300206,90.86652008633573,1.3122605205219036,205.5211948327203,11.903720727248169
78.85802609950592,15.026940920637255,304.720814596061,1.087267408741841,209.20270466231898,14.0518976515727
31.014312093852173,16.16290418861017,356.87580416597655,0.8565859459491928,234.19787781769315,14.020661583588115
153.33895765506952,16.133122054936823,452.7783618622127,0.9406038042651205,252.37215747446047,12.862839935376009
180.67388408067933,13.737775352474028,492.58044838164113,0.542687805438038,271.5215881858038,10.510719898654985
279.6664001294306,13.42114744736531,19.870420571360782,0.3934062268553169,296.6638007366865,9.172571874861223
338.3642479964173,13.51527713160114,147.60926447266624,0.3962053254004902,317.29747957120463,5.074472360410898
400.6964423586354,13.517639840850155,266.7375139958749,0.3899140572029497,348.3738378615784,1.5454298953314332
473.12150889321896,13.516709920207157,447.15639180929827,0.397696518041818,372.76344575088376,0.871961412328926
541.2187351210421,13.545793209480038,502.76045695721234,0.39906265757887344,394.9684477620944,0.36493689496944326
610.0313692191011,13.565210362029033,685.035081112423,0.3942163517371768,416.71284414516396,0.36532647685682557
576.6802920909081,13.56701632832591,700.4793029966169,0.40197077271592524,437.0590465760998,0.8767605922565737
3612.627625787985,13.581716276723194,905.9772209573403,0.529114695242719,448.1479374477043,4.7975744332732955
671.4462139248725,13.998033440593352,2013.4452025381024,0.501938458053354,457.184651964663,15.237574805940108
230.59746527149196,23.146269690863285,1274.3712630790576,1.0541481361928102,486.11686713505907,15.237574805940108
510.81013643913553,27.71351598677962,736.5005172289933,1.7991338393011138,474.26188378620196,15.237574805940108
745.9250682718517,31.102897165222156,482.39395558484506,1.9176885599182614,434.67767129271584,14.511069838907177
928.1255992117403,36.29500810549686,384.33271810976265,1.9527341883848885,403.17590251986206,13.022945649422823
1081.1509846677036,36.726462352778725,339.13430151377935,2.2963924897193078,377.5697891581811,10.416423531843508
1191.8642852151183,32.58797035229258,330.621718794055,2.7386620119042027,359.85056238157915,9.0229453401247
1312.9255450875066,36.726462352778725,185.0271310491199,2.59935522904022,342.6336199616053,7.98719721625427
1404.9087596513375,35.317864402726954,160.323557314744,1.6978953797230782,326.1072611719055,6.932930462273022
1450.7715157044527,33.3348104831416,159.4531982423045,1.6298351353890799,320.7021543094164,7.883865613823637
1442.8499607255333,28.3375353158726,177.91540709857208,2.1100617719752597,327.86811226052043,9.17526078312117
1283.3779745550323,18.479463474430638,308.50704774836504,1.3307528653725271,334.9127078885079,12.115141308059188
196.0787066645644,15.291970129462134,529.9673413118858,1.1084472845264632,339.56137122896604,14.33005483081859
160.41040237699696,16.265716316650206,579.3581729139436,0.8599216771142055,365.004161229517,14.117897167504418
324.9191833634069,16.268872007680354,673.2550861969846,0.9460925121696362,378.5411720547544,12.950181538349472
398.79946461973987,13.848950856363968,714.105964611257,0.5466585966488278,396.8379429064689,10.579458697516278
521.0027532468547,13.545800923143771,167.53942499281195,0.40378795278542284,418.33346176587844,9.22888562893523
605.4909266591435,13.59115592280161,452.37284409741795,0.3918877162897462,434.75270089305417,5.109492544716206
680.8999643037768,13.611554974560635,619.4432959187768,0.40080434584444896,462.2759983231065,1.5567932369312503
750.3526669083927,13.631802789547029,724.1258812345441,0.39507016942532686,478.9211550165497,0.8783176601171067
810.8512015021563,13.63803199660203,795.127447081485,0.40387674079246966,491.21550467520854,0.3672285062364834
870.4377660941925,13.66067192009413,872.9870262401255,0.3957413892853665,497.1879307240568,0.3676879051369202
807.0862509429876,13.69105335381314,889.2427912463654,0.40600787649150094,499.05385526750695,0.8818982115036972
3777.483080889627,13.678715942791374,974.8940344869746,0.540120979201659,496.75258291222065,4.824892985291071
754.4848649883053,14.041683887206643,2111.351848973916,0.49531896503392014,495.48549658926004,15.237574805940108
210.5092857333304,23.27194429086403,1346.5062812398912,1.0658837951585454,500.15385765266876,15.237574805940108
529.2967282599432,27.83147053009218,758.3056329236559,1.800791687481155,479.696644392984,15.237574805940108
775.1785019897285,31.165862564815516,465.79485496397336,1.9272424719031505,421.74784755550786,14.556631698354794
972.4844875425072,36.30900409312475,355.68497802757923,1.952292234382828,376.28864374451365,13.04071620198668
1133.2402835837984,36.726462352778725,296.2325575845861,2.298595199279343,341.8251016347539,10.413838460845671
1254.1013831754378,32.503623570342555,261.5058032283535,2.7342053368607897,313.9107638822441,9.006489677023556
1387.6936141888439,36.726462352778725,97.13582960156359,2.593734457716302,287.84000534429725,7.954867051880121
1481.379265341027,35.08671367424908,72.864460429094,1.6854714326425146,268.68081850107995,6.885854834742056
1527.9286499064906,33.094323847947294,95.82204722122466,1.6251640835952903,261.82081608621803,7.82159277811741
1529.7777921420577,28.144656951193134,96.35549661268158,2.0948183260908504,263.61665780959424,9.110600590327028
1373.728426742614,18.334520655933527,193.27609069240197,1.319982645675484,269.31890203536096,12.014462764871011
168.01388545139923,15.147975180250889,414.7976460499718,1.0985417718871635,274.97574495666225,14.195580752527805
121.35854036781912,16.25983242992524,465.3806289285021,0.8576094936688528,298.1976259377911,14.085347526736932
258.89348553888027,16.240688760823936,555.4051313753232,0.9470308080724589,311.1309582643841,12.920389757341292
318.36158250168864,13.813309867662968,589.5015679801352,0.5422146699800348,325.4503873385654,10.556285730257011
418.93265324650804,13.512781700270066,68.25559444579699,0.40476183482808586,347.28844971093,9.208043319866931
493.3570786190326,13.592133243491652,249.21369083711687,0.3880572768189063,365.49513279894524,5.095799042156855
559.1772873158137,13.586148074507697,390.3655132387517,0.400558093653189,388.2244201442067,1.5516138030340316
611.9103908121656,13.59466712124661,478.9635795801432,0.3945503043141469,398.48749336639696,0.8751401565291395
661.4610596805348,13.619595906803198,541.8531393670429,0.39981055620942607,405.4968570119195,0.3656996473505367
711.1699683112722,13.626110325798924,614.542141557153,0.4005605445810771,416.3441034343815,0.3660512498323366
650.9138886745925,13.630547579287548,684.6088508758075,0.39659608079244696,423.58593407234827,0.877971619725923
3326.7176333219236,13.638276693012822,752.7395409734802,0.5385332202596564,426.5469045783755,4.8067370157918266
412.0520793536275,14.004785577357245,1997.9737619366304,0.4939402890802123,428.0638162179882,15.237574805940108
404.0583014935473,23.086581067230306,1198.1618428320926,1.0621986991505712,443.6551114536599,15.237574805940108
688.9179727489343,27.59482738121383,623.7091381101674,1.790206774460818,428.9644291247173,15.237574805940108
895.8310332975333,30.89181118424371,397.48321471932917,1.9181232765693723,393.82880663995377,14.451426601992063
1079.5563872737573,36.069976541976985,325.1178887267219,1.9415561456452528,361.00790652986933,12.965092781462232
1216.7479284534022,36.726462352778725,244.82438894252758,2.2904131015464158,331.45360761968806,10.368467025160491
1323.3179487745988,32.35425949595372,215.71872260352018,2.7202565007910944,310.1066880523907,8.963776316514352
1449.853484559598,36.726462352778725,52.31325940979767,2.5823409915802475,286.76436512112747,7.921377576644342
1530.1829002649163,34.95822671310057,45.68990737962986,1.679729784348315,271.464904636303,6.856238146990847
1577.4345203015607,33.00495219800452,80.58195046407967,1.6188730047868898,266.0107997548461,7.798516817149508
1578.2791505304976,28.08948346998424,78.21058542910824,2.0925076800740774,267.053637355592,9.091429321702645
1401.818225834968,18.30130395140058,193.46085429736712,1.3193664809108034,279.7251685376401,11.990239030131665
170.44328711303757,15.147236802198726,428.4827305741077,1.0916593739256903,289.3994831193761,14.192576578786346
126.74401674336124,16.245037278320467,481.72382507715787,0.8590117183101659,314.4702031492285,14.089790454654578
261.8979840388518,16.240638841361637,569.798275725268,0.9507755531593485,326.248914791199,12.927094114740136
323.7000234954063,13.829531501812319,606.398486740809,0.5412774849267068,342.3390932512593,10.562840062376523
436.23019108863485,13.510834869181648,101.02588562331898,0.40039730937216716,372.3139162168877,9.215091903624758
516.6372209952343,13.582451875609411,307.261789249704,0.39673686106980277,393.02446062340607,5.102471295977981
580.9759923362327,13.603217446687772,518.3589528544888,0.39256283863759595,413.0307014850758,1.5539016982106626
641.7064757859732,13.602809771781178,546.33893357853,0.4017150543252018,427.5267746245115,0.8770103688180795
700.5491134945528,13.616514437824254,710.6210456208752,0.39396067030052456,440.2008053482781,0.36626028209488687
754.7323884610088,13.647726320237885,693.044408561146,0.404267112660528,451.3172019764869,0.3670025491591886
789.0231720002419,13.664908149943221,866.0426796869667,0.39459660442806493,457.5072329669952,0.8799013873630768
841.2537198556494,13.6619865911273,808.3276890397269,0.5418141334558418,460.1686246894519,4.820699889382774
649.6937291304944,13.700469234613026,1981.8317021524106,0.4972697303553817,453.7518949736105,15.237574805940108
3474.2504979009473,13.700119383654599,1283.9637675877707,0.6879753520178433,459.05057118393034,15.237574805940108
1208.4872087503657,19.398676276270184,894.1867391796349,0.8749799676109283,445.5455630189,15.237574805940108
586.0386279532602,23.84723495212466,611.0698503742184,1.1430927614931399,403.19450204563833,14.638680202676007
72.21303914463742,28.094834416229048,481.5682251707354,1.0584833391139452,360.01000430719216,13.221234354924338
107.4742561367582,27.627855473020404,452.1705800506434,1.226725362385708,332.82664631008873,10.6454707158152
225.02901494041396,27.158420391793253,424.5540244031776,1.097745289310898,314.1265032530471,9.247857958359948
370.000280408069,26.98164603161102,351.4856901120399,1.0396490092297386,289.7287823300648,8.189764090942699
471.804134652228,26.71466620245723,366.7904610104843,0.8608179690630202,275.0671404463795,7.125440247274244
70.67906877237893,26.603580443280077,369.77643755414346,0.7644054844245307,267.737157816605,8.114078486074302
186.54204778973565,27.36245410473116,448.5656305966285,0.8119124981226992,269.71275276939053,9.56502919840148
1.0255567777608157,22.344809619140577,603.7548541202295,0.4891531937784791,275.77768501719356,12.601078644359145
159.11960156877706,13.435215426788922,57.77838083105648,0.4970486771706097,277.67582358975267,14.900621253598523
188.5119434233798,13.51616882663829,224.00894591250278,0.4872840693467162,282.10116893136546,14.087598588795856
411.8586656432214,13.496359708193108,332.7806167534125,0.481330203346851,294.49150088140453,12.933709943619666
477.87117456965746,13.595109124716231,440.95221458760346,0.5825761627202329,309.5957888956691,10.558732134894685
552.6554931779682,13.619813802731057,494.4913432528398,0.4053993391720357,332.9559810175734,9.21449029010105
601.7680971448272,13.630057197668748,581.6745159056876,0.39403774117249885,353.4051029055313,5.135121604428676
659.2017365502958,13.642277252971246,609.7602012949327,0.3594971895889527,378.1790611693721,1.5615502081909742
720.3730279987697,13.674188607940243,733.2738460436227,0.34931520657234055,397.430817003192,0.8797091921377188
780.1388996885426,13.68102827316901,737.4583044972576,0.3593644575116008,406.75311610494134,0.3675342120658371
843.7411063703247,13.687075915963904,832.8951322083361,0.3507150497763657,409.93450468194004,0.3677043822837396
873.4305147907091,13.719546034500722,810.1015546095446,0.35989227215132175,411.39233067351273,0.8824472406880807
918.5741373972263,13.733921872353614,910.5731399885362,0.4868384568255704,410.38502317509386,4.826210885720382
702.414103785275,13.727881564745198,926.3193059743538,0.36324292968034827,410.1101290399193,15.237574805940108
633.8806711524271,13.689967550551584,1032.674036565938,0.3510160221693607,414.67399118363073,15.237574805940108
523.4622469158802,18.16245855062388,910.5451605667351,0.36296284280464586,410.3001870673094,15.237574805940108
414.3640882437573,22.619523857811902,732.1490210197829,0.35166340242843225,372.5404053104632,14.643113991893907
350.4377123345393,27.041318048879806,621.8019986216892,0.36099482845023906,350.33504667014944,13.240378810476093
239.25658459888058,26.99037281874718,509.9738712185613,0.4403295719869088,314.7003867525721,10.64870875338998
171.4341514783986,26.90140456207855,466.40065489737253,0.4515668519947714,293.8166674261113,9.26478551221624
100.56362206579387,26.819088558987687,431.3811736621313,0.5847121386934516,279.43973349024606,8.231178084539119
63.370429438461585,26.740346979219087,425.19934858217607,0.441936299393336,275.4196846068212,7.201756025342317
30.850080425863446,26.679789604491706,438.4824294112026,0.3609551418604993,268.407017329431,8.225676051681301
83.22277480048733,26.640731447659668,548.1075344351842,0.3475914963112001,268.7310955651002,9.590279258022338
380.467398763371,22.28053074887752,698.3126825018009,0.35986940374336757,263.4094476017513,12.669228298990806
524.7190124017243,13.593268579628782,722.895070559948,0.349707485846605,256.9076655062973,14.887700130860981
542.8581527669734,13.629494778598357,789.359797418186,0.36076582640790095,260.6768417686305,14.205164489766563
674.3096038601512,13.642125038429173,772.8419485896736,0.3507519996304613,265.7155032915837,13.022362799255484
696.7842469626786,13.698139761932406,822.6125053202018,0.49663069075487304,269.70689817300115,10.626832633371237
740.0769892267573,13.693847218264757,802.0908069187496,0.35940352421256166,283.63239135909197,9.267278636910765
766.3994769110104,13.704918779079476,864.8873568178767,0.3552400694834193,303.31893134299077,5.160416687834661
766.471529974581,13.731822231021914,818.5693351000477,0.4039284132389121,318.23449920004725,1.5685824786897384
774.0978659407335,13.728522744269709,850.0366058568382,0.400732487771621,320.6085733055278,0.8829450254343509
790.875264467355,13.719021777786091,810.855822397651,0.405207945287467,321.0986951239705,0.36842666917605016
808.6296318905088,13.7445590373805,844.5289196643364,0.3998264491403943,322.10181874069207,0.3683333546147523
701.3004508150419,13.744237847039944,832.0558707011799,0.4062741915973662,326.5308898861416,0.8833688718948424
6395.2730262881605,13.70719940626784,894.5982909749724,0.5345641493299513,327.989177082016,4.832884953253211
2323.140268606949,14.346779942272729,2698.5251569896027,0.5106594914203222,328.89755234433454,15.237574805940108
802.0444658739032,23.809726270571886,1586.4800899252105,1.0708242513552968,338.0140873461018,15.237574805940108
444.8015628405128,28.587965594981814,991.8945646179722,1.8231004097863557,341.29799193502646,15.237574805940108
125.92171761349232,32.2229769058835,717.4384714106689,1.9531300608265756,314.4753158465731,14.719528263752757
92.64066999874845,36.726462352778725,588.8424449392537,1.9950681450124323,297.14701140975296,13.295581626221868
263.332684967554,36.726462352778725,475.9200310665452,2.351227223967595,280.36750957506763,10.668381681463565
409.41646016104875,33.63329316134302,488.9523837843499,2.8023163562521094,269.88857668758425,9.239058281134177
540.5177462707945,36.726462352778725,323.04669891540163,2.6638059402938254,257.8180240549371,8.18430565439324
644.7678131825128,36.35840282222549,291.969336993905,1.7385809203986018,254.02900993033995,7.1094234851551645
733.1525093901618,34.29265722450993,294.5843207293048,1.6715516361320137,252.08954386112416,8.08324796585793
819.3444575770526,29.1086817504203,294.1472150778851,2.1600637914063734,243.4344374491753,9.39958537513581
758.2018192041307,18.91005376842004,329.61094599204415,1.3578533630257388,226.28481280197684,12.37623411754041
96.7139410437838,15.560017693430831,445.9901227197928,1.126909790792526,214.68606957078853,14.554405244400776
48.71413880642246,16.33132252014155,471.3161924706655,0.8655442181923787,225.18856256045177,14.189688337172104
163.39362281222552,16.30564872431657,547.686745842241,0.9518718271158295,233.46103034842488,13.004217902342942
191.98651711470626,13.86794397722109,566.924992759387,0.5489296611155194,247.43602236635826,10.61599268687493
285.4563127549474,13.549709514906384,20.71208858893277,0.4063076225312565,272.1710845940858,9.256547297830537
337.45611610921327,13.612897604516116,166.5214379353452,0.3893854667252188,291.46591023974565,5.112944356977664
395.7284159659672,13.620980802640071,278.7089883888675,0.40055296612096486,314.3572221125406,1.556255084636096
435.94410841147135,13.630901421913636,379.1293004216809,0.3918051137082793,328.10482042761464,0.8772223674065871
479.9596960162337,13.6199315299629,420.3402594303664,0.40356486205739844,336.4059653615873,0.3662122759025855
524.8848153153654,13.636525938190115,493.8028648440255,0.3990253768005465,346.3899731086935,0.36639983095522316
465.62413348955306,13.656644083487567,537.8141788053941,0.3986758027217763,353.9911824171962,0.8794056823336882
4077.314432801114,13.629487073441222,628.7221212809487,0.5384431812965619,360.9382370981963,4.8154490734189315
946.5241792048334,14.129211061253018,1957.6564957691464,0.49387308855975104,369.51614903824895,15.237574805940108
61.524306649813866,23.354054705780356,1141.3577715676486,1.0666355912267405,380.13298067422005,15.237574805940108
383.1568864534879,27.907232098719252,494.0124516588646,1.8013748344213627,356.3834966449494,15.237574805940108
618.0117588291305,31.142534036968858,304.18434594683094,1.925305479075359,310.89046245355934,14.521786686095004
820.6007938763089,36.293201105357724,229.60522259563078,1.9474106564476885,274.1171874262769,13.011774889693514
990.5255461879574,36.726462352778725,119.50323246903055,2.2951170343843037,245.59692795612364,10.385728136886781
1149.3322161770227,32.37528850308212,56.16603192557158,2.716916550821252,221.13000638595042,8.94825841059097
1318.5236206727693,36.726462352778725,71.5346953980459,2.567970476003141,196.27630317143334,7.871070136086769
1372.534144453993,34.97651108072732,55.32634120495999,1.6753915516035356,193.88994038486334,6.819907681026876
1395.6108308139542,33.082673222433726,54.97098270431126,1.623073484737281,199.99472690428198,7.814135271392965
1468.530472782566,28.153620745215814,24.313167200138228,2.0970370293046114,186.99392752539902,9.10170049150357
1311.9357720159867,18.27036311593953,62.48605055323436,1.3168156447076869,193.1277815747129,11.951316894175685
72.60087914073843,15.061377930628751,301.46767014018576,1.0848306768187312,212.76465715645855,14.088182998130796
42.884874939052615,16.225173784083196,384.89801230876975,0.859762013296458,253.4644665582241,14.09787337685561
177.5289149182574,16.233247925117713,498.3189071029123,0.950687598269907,283.7769940943322,12.941585438382194
212.58635704506992,13.813342951942131,550.5109885935581,0.543405965121236,308.24918308202973,10.580211234187422
310.1695522580596,13.516976688118536,55.309836232112495,0.39898515126298706,341.7734048081535,9.23606847111403
385.5547337198367,13.576607719398238,315.2510592007715,0.3960707324995517,374.79995520789436,5.112271396406993
454.6190460282103,13.578522374366093,455.39691958716236,0.3929991230574774,404.90159400966724,1.558223982055897
535.90661237684,13.611660017178439,598.2713564625303,0.4016703970962429,426.8039352001583,0.8786849586939453
606.3174689861243,13.628677994320583,662.7409806132763,0.39480628756277186,445.7219162673389,0.3669921220960669
673.2874291851736,13.642661713341996,774.9436690950896,0.40458270301427024,461.3416351893816,0.3674547628296784
633.0619722661239,13.684061185375722,820.9970687065104,0.3956677031188487,472.5312044811955,0.8828906263315873
3770.626617246981,13.681884146501686,907.359443720459,0.5423582348142294,473.2651396749464,4.837237830978502
744.9625155096794,14.083937508161837,2045.9373076693937,0.5032502328781202,475.1807228357622,15.237574805940108
221.383797570786,23.3321751716132,1267.8264681214528,1.060966646758376,486.11300349010634,15.237574805940108
566.5535793839294,27.890723589494996,625.7923662776918,1.8066501879357837,446.19631878160226,15.237574805940108
860.3667963593507,31.158557233649624,351.9710293705279,1.926589511137379,361.48811129592593,14.561233687445316
1080.8541150425901,36.19668314106144,251.14379378100554,1.9536006526830008,301.29390630644355,13.009673802100977
1233.5560561432744,36.726462352778725,128.13192933388734,2.2900121149753065,265.5088168405568,10.366927000297057
1367.698488902769,32.24939705483674,57.975468323874715,2.7136184736504187,232.9117041724323,8.928723563021894
1443.580704366396,36.726462352778725,5.9130677494813,2.56111140660444,217.6067502930241,7.854490866277364
1504.1007698429212,34.87142766743078,30.17996311214557,1.6796343180991793,210.66766010437638,6.833810248014241
1528.542229723741,32.99749627512052,42.97001663445231,1.6156704709560825,211.97123558550436,7.795732807178273
1552.6203889218143,28.082458923773842,37.15607796969736,2.093655569868206,213.46161918582396,9.084019834845233
1412.9405918652396,18.28202548322852,113.62642190540701,1.3175596707443264,217.32309624454638,11.969721042707432
92.9851435331346,15.087341971063648,325.5918282702281,1.0945910286147509,220.87896532802264,14.129535213698205
45.76269195527062,16.249928149765594,371.72123860915394,0.8589796667916401,242.83846163459276,14.10761992182021
163.32700531355783,16.238454295550845,453.5798660532247,0.94510608210255,252.54202519071734,12.941686487157398
182.93557943056365,13.807115813380806,476.9815909075766,0.5454654944067272,262.3551609395477,10.57318052549765
263.00112599205147,13.507336028324612,11.753294811318366,0.4012896260784949,278.61146049043737,9.224870421039189
311.07569410472087,13.58079175581476,71.92015113865928,0.39144628712032814,288.8609064732382,5.102257363699133
361.88708453614436,13.583514828178291,177.42421562437386,0.39581312247135914,305.7740794438508,1.5513166473899271
396.6924854376801,13.60519703716118,203.44840644179612,0.39239931808320755,314.54156942039924,0.8744954795353845
435.9864824066877,13.614441671963254,274.2379084765853,0.39866084750591324,316.80131713721147,0.36471282792497406
468.0012683443083,13.605887774083877,283.5721407435088,0.39277070173658046,317.66266515797463,0.3650177501364045
394.73463488111935,13.633510300715423,340.89180057196506,0.4005718569797812,314.4724500564263,0.8757425845057072
2779.5513120801243,13.608778538756118,341.71220395616166,0.5336092595623476,305.3346381390354,4.797020148886717
5.481560081936912,14.001932832695104,1491.585486738641,0.4926096279097547,295.3785210877863,15.237574805940108
681.5712679422282,22.826719064688916,892.0553385151269,1.0575679793168835,300.93149834059886,15.237574805940108
895.3964819472736,27.22634560049903,505.13125608353306,1.7791341969802834,305.24861445665533,15.237574805940108
1048.0806243254215,30.574824325379275,394.1519878520134,1.9017185263602832,294.29061142335786,14.324182001634135
1184.053508205947,35.85924882704917,280.1006713014848,1.93776831444814,278.0923642848179,12.896028425900418
1279.2531986785664,36.726462352778725,210.5238969465282,2.281751638021292,269.7513122220155,10.315040745045355
1360.3163582479199,32.2583313915949,182.0884130204339,2.718030243695795,258.11734066251194,8.93726913192441
1436.0940055641538,36.726462352778725,80.2050401629994,2.581409278584293,245.37946810087564,7.908064117816083
1491.6759739995796,35.01335094800546,88.48948724644325,1.6837433885972655,239.62878380359962,6.873499209146525
1535.6658554211403,33.12085452535243,91.20692442673874,1.6261311402027396,236.32876570460468,7.831620653635931
1565.8556253067588,28.159741277569015,91.31187966358932,2.0992009828011797,231.08976965282767,9.115897492029216
1443.7867914558924,18.329844727508434,143.66040636178988,1.3206601837367786,218.73961233177582,12.011318470031519
80.45707069037336,15.092895430291563,313.7307188671964,1.0939586357514666,206.52735211955107,14.141141069498344
1.598777581295289,16.238286266066705,336.73147543255436,0.8576728098795914,214.61801539992615,14.098285294040455
131.0116393592984,16.18832839468863,391.3724091081713,0.9494852889988414,214.61015510263303,12.930917860366256
139.7767172309051,13.786849064857227,392.07041461083753,0.5389056405438863,215.08224181668453,10.555625001951464
203.42407237366467,13.482555408739538,0.0,0.40466857018640184,225.58874324059093,9.206102585629697
240.53108808995844,13.561709793804871,7.2570246653547406,0.38594738950838636,234.9574197110116,5.092524937668521
277.06763281019835,13.572113141388542,48.47939604716751,0.3976595091119964,244.9995753537917,1.5475916840891037
285.30049790445213,13.598203832367199,62.894382449773545,0.394573925449297,248.35262502231137,0.8719976804930782
307.6866335298736,13.600430089072779,92.31521576024235,0.3915821900037857,250.65325453629598,0.363535494991368
337.31891232872385,13.58733646199132,91.7619106623598,0.3968762604156288,252.79394412733419,0.36367760167327473
272.91158409736965,13.613735437564666,123.96484706600194,0.39056602459373707,251.61950641698485,0.8724883678170139
2317.7382727233908,13.58064952367737,111.79975177354156,0.5320880561157759,244.81498087996442,4.777667229356622
261.0242194295382,13.975991760031908,1136.4988999250165,0.49427558038902714,236.2373471583789,15.237574805940108
865.5023376669956,22.517157391865876,691.6123695313067,1.0450310973999881,237.77132260113154,15.237574805940108
1080.8662477915248,26.890406293781872,280.0542922716287,1.7583162362343203,238.92122846933404,15.237574805940108
1236.1247456516276,30.106158674094363,137.10715221748075,1.8798777414429397,220.3008484363029,14.109940473415127
1362.8388474394087,35.21170808620055,66.8102392983119,1.9047097202296255,194.75231308125993,12.65715649031574
1467.189316171742,36.726462352778725,13.372369000617562,2.2427925600522927,173.18326431859109,10.115982511936444
1567.6319862587156,31.627945412221997,29.084260191876247,2.6640266767623304,155.05363370164093,8.74462163658503
1642.0183226879733,36.27998673740398,76.59570553925893,2.5236440372722755,143.42581451714415,7.71826963340625
1641.758109843576,34.506866122273244,28.61995878024028,1.6616216602205576,153.86784938269923,6.735668519238723
1660.2773287075609,32.646815299185214,18.790298614438537,1.5990879761264116,163.02586032625598,7.6931040968862545
1680.1601047838144,27.784130586743018,15.785868809918927,2.0703277174300014,164.01193050770576,8.967375218367378
1552.6565968735388,18.09391336669472,15.877754826035526,1.3034252826578134,157.7983788722547,11.82242171816478
22.4728824044185,14.864963232197328,206.33213564494335,1.0734604278839195,154.16148344915086,13.89310498629166
44.16597847704537,16.134467208459576,241.91097965343715,0.8579622308362986,171.88146600147735,14.019471036639736
71.43366938232509,16.072779517962896,300.4232419047553,0.9391911533061287,180.6799800407062,12.841665584850302
91.74165895714532,13.71789128289562,329.09294127080375,0.5412536037715895,194.38377879357506,10.512045407675163
149.71156929108298,13.42312539360966,0.0,0.39320558001464784,216.2399215185245,9.176418725173384
179.6003450294851,13.49730879683124,7.306608502286265,0.39509339975487623,231.0237892697189,5.081863372377114
232.72059945077416,13.508815689574908,60.34126412949412,0.38525795646099664,249.17554849383464,1.5452024555623503
257.6345991756516,13.545997829091693,86.56183746460223,0.39773649177465875,261.68230138220434,0.8710559600700938
286.06659270129967,13.554918559243971,145.01473644809772,0.39429784768410236,269.6639173270678,0.36319877578380483
319.89686790512695,13.542453299557266,184.01136036990096,0.3919798171366682,278.20484698102126,0.36356275185662906
341.3351372695173,13.566830303069683,257.4853062762501,0.39706167491473665,282.7304638847828,0.8730948900557304
372.39600559808724,13.57321259256819,265.1544795330456,0.525850164945083,281.66310644373806,4.782239071826499
161.97716594700856,13.572341602024368,1315.748757259372,0.49229744209605897,276.3787812067001,15.237574805940108
2256.3685117815903,13.500040481479846,823.4417054667199,0.6827699169870117,279.89450884278364,15.237574805940108
414.44216251523534,19.180991069099456,557.2352621552126,0.864950977325379,278.09287525903017,15.237574805940108
105.15384348087267,23.41638194842823,340.0999523336867,1.1384035352017037,254.92373524760737,14.52894211664903
422.9098514884374,27.282199014444732,245.0417538673591,1.0419933831484423,221.54296704169306,13.120305631991995
596.6078974254773,26.80783528832168,178.74370918470106,1.2139435820769442,192.34498202741491,10.436862448617799
732.9635700673975,26.287277491512157,68.48802380780964,1.0671945266012726,165.93143869524013,9.005045977478687
864.871682650768,25.947738758221632,15.65993742974733,1.0149241730979386,144.67192757506285,7.898678550167488
984.4782607271618,25.662485806039562,52.60692088962358,0.8250167484895928,132.95546884667928,6.83309582052341
243.91154393447331,25.5873381593149,113.80447900426486,0.7362479175331602,127.32736789546334,7.803786078810256
339.81495711323714,26.72057077878855,164.92429884010807,0.7982282410574677,133.3219804482781,9.377318078253131
121.34665685243829,21.873106971532287,279.21182551038555,0.4894290431088452,147.657764159123,12.373676060565908
60.66523578978644,13.252209250012898,0.0,0.48140721984292995,156.57372646528265,14.714809678397268
44.379396963321334,13.258478256437515,14.974478383791975,0.48462311383606077,168.8541877705176,13.963999147774318
97.8682775988113,13.277821405748144,56.15992206213048,0.4830606776048606,184.8144647473837,12.818671021898087
139.10759119897455,13.447623915959426,106.97383401912063,0.5711957808241969,201.76364025135217,10.49301280525306
221.80257128480534,13.48413510664027,185.33579237845746,0.3963471820241545,227.28682283685566,9.159936273866467
291.64231860102973,13.532028846280104,235.1665147599531,0.3975678063070837,256.88389085962143,5.108582479547007
361.52466758246493,13.550702606861533,338.64911691856423,0.34779753694920396,283.44820173314116,1.5530515410270944
412.943694027149,13.58290058212528,391.0176842731937,0.3538350498900315,300.3019197431559,0.8755195191868043
465.0355867683647,13.605573022868539,488.16736232352815,0.349080291069533,314.90885383953145,0.36509793906983323
513.5062284268878,13.605033355011727,520.0941865303967,0.3548978433447937,328.0630054768368,0.3656151575203027
540.3854011390134,13.629309167747403,617.8324800290081,0.35062817618126924,337.22303930013715,0.8782797114729118
574.2820923234651,13.646305636298344,622.8370123377576,0.492580846495671,339.63621502856057,4.813197106579777
357.34942654564844,13.651028673892785,706.5589954891018,0.352275885022038,335.93963918682846,15.237574805940108
265.58445443014773,13.570090178563136,623.2958474498213,0.35820286102940946,331.1951506853602,15.237574805940108
120.52790591613525,17.98537457144664,411.3859629123465,0.35072366985620085,308.621473278492,15.237574805940108
14.39752347044069,22.33100246124587,285.2671029247225,0.3559860192876009,274.62532729636155,14.559658173553691
58.20064745436254,26.609978809750327,255.9301242082561,0.3483515635818307,238.4912891066481,13.164051760807746
119.25929936497027,26.479643438103455,210.68640628917345,0.4441484984983416,208.69465886061533,10.568858717421314
163.1351091479171,26.336007075535818,193.21449697392313,0.43622702411483627,184.63859953617361,9.176827764697093
221.1326566523113,26.214157106329175,129.21993328002807,0.5783581916421345,160.54083854594035,8.136748878786012
279.958992153967,26.037321305124312,108.00080711694628,0.44403811544508626,142.9126158536944,7.085187616440027
312.1155221336521,25.869151819651332,96.22339109416565,0.343912231485458,134.68587034290292,8.05799344024853
305.6819236038616,25.79481796319035,117.34063317144958,0.34998924168753154,131.5511477717186,9.370674870125747
35.890666132617554,21.55623641292601,166.48268831923875,0.34254039127783,142.2358317165263,12.383263918375171
75.69167530883671,13.329595412082401,261.798472071852,0.35328657669843844,155.01502291345423,14.734029475538026
150.2671935511276,13.407209295655422,337.7242581661006,0.34737169896770603,172.28361761109164,14.101990493298384
318.9058644259334,13.472492611504357,406.7197243908809,0.3550367066674888,189.055144891382,12.931317102221014
364.547284383279,13.57553582231235,484.6214782320601,0.4832236701524951,208.0116739623754,10.561285675393707
446.62250717748395,13.573798065287436,548.4107903834744,0.36036562585947873,232.4999612277496,9.218730951359461
499.41624822702454,13.616364774518415,608.5439396928316,0.3487067176926651,254.68215021211222,5.139212486303997
532.2646406417821,13.648091092916403,623.2805180863824,0.40413752109387086,277.98975893005274,1.5619112791206808
578.4691193350001,13.649461606270815,696.4763765699604,0.39495970726021407,297.5721173228196,0.8796000123644057
620.1154194220848,13.665988603082043,748.1574979713465,0.40644564315868087,315.01540395185316,0.3668752543113863
662.7621153560501,13.69041039875834,821.723507729626,0.40274075838669077,331.08956620282646,0.3672699094326348
574.2588981511753,13.693380712259398,829.5959982518013,0.4005260549760147,334.8009299582387,0.8828123865897086
5623.567820718091,13.677160547611242,841.5963943648877,0.5421576446757131,328.20746028175733,4.836487809267587
1814.2281224096353,14.297816630333337,2444.4253518125242,0.4980937812313341,320.21790711514717,15.237574805940108
554.4839702300976,23.67683086277492,1404.8172608614711,1.0750325628225428,322.27208790029255,15.237574805940108
193.53847616115564,28.440161831837838,853.8142363789287,1.8131546541842094,319.78184913242524,15.237574805940108
82.73253288717109,32.00071966297234,607.8679414494562,1.9555957572583886,293.9900005605459,14.715820998267342
311.8003114047103,36.726462352778725,380.4284282069524,1.9866851598903827,253.1372473692649,13.27308076447304
481.83186353561524,36.726462352778725,301.8202018465568,2.335372232843319,231.4622360360318,10.578499790941768
612.2076921680034,33.19645418551788,332.42453617287424,2.775933062999558,224.43936407796073,9.151282788171926
735.3608063524778,36.726462352778725,223.17318451670332,2.642476419384933,217.7251838368436,8.10937654427184
849.3724284206355,35.971404377982545,185.63217092178826,1.7272044699461846,213.6883101123506,7.047792057810423
944.4335154503977,33.91040197289367,188.75817682449443,1.659387718568132,212.32208864977173,8.00604495616627
1021.2459795808604,28.784491743368065,203.5022858175477,2.1422521177634164,209.89428212993323,9.3086950406407
946.3629609797099,18.723313066599818,252.6499205524941,1.348041036011174,202.5417365344346,12.263868506281135
40.71200356236654,15.427211674418796,402.6340058670745,1.110078676068529,196.64947699470125,14.437760118354577
23.095065462262856,16.293018006638068,427.0000609538986,0.8723667831751623,206.99516896754318,14.197583802962345
107.9050888938202,16.240038825164735,502.63969778019276,0.9526159723716224,215.25083135692148,13.005434750535944
124.91498701410447,13.850702061205773,518.0515629668336,0.5473806265978663,224.08859914949036,10.624261622627124
205.05266588977216,13.509243278362618,7.089727264947688,0.39831790518658017,241.48161003780788,9.265282531538265
261.4573739605683,13.608867355672285,74.61864215051334,0.3970468866492488,256.48231101174383,5.116265768569266
311.32069841041607,13.622755675155668,189.63320217608705,0.3896057120983233,277.6145583774271,1.5553702299869743
338.96962983976215,13.607666838213696,252.19102564242584,0.4009325793300326,292.16658168913585,0.8767013506464236
380.12995745401054,13.6246713004128,330.22051971373173,0.39117701771596103,300.13639578686747,0.36547633235159555
419.448331432088,13.635218549392453,363.03811251318126,0.40332225865519716,306.017723700159,0.36580468112669295
358.52912771133873,13.630363488803356,423.20607974451406,0.399948239527583,308.6997029107212,0.8785901979019017
3553.4098605165427,13.619982227126359,437.30844729122293,0.5310176908456634,305.3708860924829,4.815063722920084
608.0417504483879,14.1326228891304,1676.3407864098765,0.501955590275582,303.2857415952797,15.237574805940108
271.5951823902655,23.20359063050092,992.8561613471282,1.0556364847933408,312.38678207941587,15.237574805940108
568.2837512842132,27.669649563146407,440.03184362124045,1.8000433755091372,301.5107917188584,15.237574805940108
798.2339398811959,30.903625919253646,256.653012204954,1.91209986525819,271.34136389267746,14.440924657128784
978.7125930992665,36.028783875859055,200.75368773354816,1.9442716725958125,246.09120695833684,12.936641275567945
1130.4707213540212,36.726462352778725,114.70681437318035,2.2855100701310276,224.48387335038902,10.341409194685038
1272.9103753883116,32.259395254576425,54.998796260750574,2.7153977339247946,206.32351126251388,8.924468252324376
1410.9193226120296,36.726462352778725,66.77850808428924,2.563574307740087,188.00306007341624,7.857674229797592
1512.887409753628,34.9320761861018,62.45118773614761,1.6744560845024918,175.98800435866437,6.815851437264389
1566.7676422790482,32.96767313386318,12.906141538370713,1.6083730496761794,174.57103817603561,7.751171931873555
1561.7482096661752,27.96851440662474,6.951924255787742,2.0832640059466563,178.79914543047514,9.029865668638259
1386.8951751403044,18.222077935062575,49.31725059915089,1.3125047720269367,184.37407517656007,11.922580039345533
29.012183244083833,15.03637039868004,271.8703087700205,1.0904605760656105,188.2493110602947,14.063065360576395
29.238020066957844,16.209776399747977,322.5589211802866,0.8577506351302313,208.84262830064165,14.110958749524412
108.29695794244617,16.16226734999853,412.9616319381092,0.9439690308702342,228.2969521814583,12.93460380418123
139.9642159948372,13.79785722812547,464.48683733956915,0.5457781093199083,250.2642168786128,10.580641863870786
223.15587996000468,13.487921400201126,15.803809633427989,0.4038178351905289,276.58499695064853,9.237105513204892
283.77863588833634,13.57815095492625,114.26417990440898,0.3881806320148158,294.46567989242106,5.110779545917192
333.0175360504047,13.583816448620315,205.7722353690156,0.39889190437807864,315.41153111226157,1.5544953880361536
368.3955093851908,13.594008326381154,287.0759044921696,0.3903672640111032,331.800278381116,0.8760303670573666
427.34016901571283,13.612991935360467,360.17370210563945,0.4016683362251559,346.8632373343185,0.3653274011888839
492.35614643734425,13.621549190964929,487.26640520873633,0.39432820544374697,364.02231570491637,0.3657171321069503
445.9565805951051,13.632863664145534,526.4524223545002,0.40164732166879563,374.14621748156156,0.8795212456413926
3113.834913888485,13.639809451203902,618.8568848075178,0.5379782881144884,376.64689815421764,4.8211844109437525
322.3392836692678,14.047545475367693,1724.0317037617478,0.4919462550795512,378.536665363952,15.237574805940108
491.88391958397074,23.103250106961433,1022.0428109605265,1.0653915949000528,389.54719390335936,15.237574805940108
796.0641691126423,27.558753281430885,471.35768248174685,1.7904510007611247,366.09064034025903,15.237574805940108
1026.4025240955436,30.793013235340794,267.99087958218803,1.914592534807228,320.30970611195073,14.421728442683879
1195.8050946456758,35.90232125846058,197.10780871465167,1.9352705605461507,284.22502204205455,12.913610727456065
1334.7694010878483,36.726462352778725,109.43249878061374,2.2824097397624925,249.39484515563763,10.319133500881904
1408.8840174407123,32.150149952781675,105.65755214893551,2.706864129980384,229.74612013251132,8.905372345854756
1470.63989425025,36.726462352778725,22.445204617943297,2.5721332226103155,217.58241238117,7.8793367572663175
1513.0981159269472,34.92073901950037,34.8018463414259,1.6818855262436976,215.08271049443115,6.851622439378205
1561.1082225998393,33.04970287301252,32.79590644345808,1.6215739337995154,209.4408221507065,7.81059856878412
1569.6987550295512,28.085668635161944,63.16787915552653,2.0940403208537437,212.67953283087772,9.086149998809052
1445.8155527472713,18.318319679132255,109.31917840975007,1.3204286260366,205.51992995069335,12.000363331685437
56.324001205272566,15.084404259988657,293.201207856689,1.0873071651993595,201.23669692483148,14.12979974741452
11.88853530446257,16.245388796728786,327.5311737823658,0.865858074399166,216.02658776853937,14.12499979802454
126.46637203290759,16.201189833734304,405.55445499741865,0.9468463974328791,227.18208161870496,12.95258192218833
147.70241062885924,13.807999919032191,433.90516780753615,0.5442603710733637,239.09160007441534,10.583477986870484
225.63604779774198,13.509306457808824,2.5015799941004984,0.396387739936242,255.73720940645595,9.235397527896986
313.97439652817263,13.588741513369433,107.38659931039614,0.39622334621094113,284.1091905547893,5.108373171978111
375.42026775956583,13.597567194493472,214.26557201039415,0.3896515324650987,308.57209886902905,1.554008932107807
399.9859828242669,13.62568705681161,310.1607638881508,0.40057428137977774,316.80223743307806,0.8758852405665629
443.03326077009956,13.624675705310835,355.82733313487086,0.39134359672650637,323.73712670399857,0.36520788268390075
450.3044691127565,13.624272531612064,351.78896071544733,0.40312763407177127,315.1898243558419,0.365488902728835
355.6937508400687,13.64996411786404,261.13167456887936,0.39952473589819265,298.4478697267913,0.8779415020251724
2541.3349332685098,13.633145329981195,292.84446214961343,0.5286739049998309,286.3955121937535,4.803945525697237
111.32862378962666,14.006998076834433,1409.1414703101236,0.49863565521049646,277.5172435811896,15.237574805940108
760.5810951581232,22.778070365693022,831.6730036584427,1.0527912293720814,280.7425902748045,15.237574805940108
985.0522224059918,27.172689184220246,408.0589507229062,1.7803219077975703,277.16197311601474,15.237574805940108
1150.1772539914775,30.449496589644447,269.4856809802569,1.89445146668264,257.99443428933796,14.27713509203101
1299.8836027026334,35.64460227431843,134.92011039980346,1.930917000152231,228.29396257917287,12.824461387109533
1371.491038448902,36.726462352778725,106.43543886797895,2.2632293182163523,220.83153344232883,10.227181345343823
1444.7523229893322,32.02911080021592,85.29559031094594,2.701375767280832,206.7889146772912,8.870618859723317
1517.7015179899429,36.726462352778725,6.384599965299455,2.5613566704984247,192.20302969874675,7.844948994164801
1573.7045027329452,34.77006275589139,9.512120881746238,1.6748192318805004,185.4762362699322,6.819153560931898
1622.068861265343,32.87592185034867,2.6019618208687203,1.6107966918314964,178.21524164054844,7.76505623696521
1643.0894971835976,27.930152160903233,3.0494024090380902,2.082871184349047,174.77179545893057,9.028689864638851
1517.1927012464091,18.178691211777036,47.91744804753989,1.3095799506789945,165.73850018868842,11.895578906876285
29.696895134984594,14.96184638946696,226.9841190212684,1.0865625588003114,157.182656091833,13.997965096870525
41.33002339755199,16.19184052263638,244.13473947306494,0.856291217677196,163.5413510640489,14.078710678930364
68.96191893729629,16.12849882894416,286.5107426407937,0.941487717296195,164.04643026523362,12.887065791802357
76.2255230263279,13.771334964313485,296.34106557916243,0.5439152432652364,168.74069548533512,10.541941376707051
128.65641536280913,13.45464406234988,0.0,0.4024294920799243,183.97636843784855,9.19807118634386
162.76838187080173,13.517039990507184,0.0,0.38700923906979334,198.8951309895508,5.0923583766437615
209.18322641810767,13.558580485551891,8.324868440696939,0.39606512335676664,214.4222076125388,1.5477397841848473
227.82962434975127,13.594687043187102,41.95330159686774,0.3866090405744428,223.0440304669192,0.8717529758632412
252.1980166294359,13.579844490295434,58.844318636855455,0.3982000868789418,230.90139108475415,0.36322300060039175
275.1068321505529,13.593641095485527,92.01619739561951,0.39388525085156434,237.54792289052162,0.36338458300372195
233.5211064107276,13.606945161266184,93.54795561391232,0.3931097580428864,241.24232756052393,0.8732408092943552
2118.9007067947464,13.571571400219666,138.99089482610208,0.5304389591859694,241.0191254198785,4.782870874429531
337.95256922109905,13.962682248649113,1125.4936443904421,0.4866522118833766,239.5971227496199,15.237574805940108
937.5480024890226,22.501734355507324,642.0579051643542,1.052125460090097,237.57873044186414,15.237574805940108
1190.4759770658716,26.85161766888767,165.05206987794568,1.756999890369993,221.2018460539064,15.237574805940108
1354.1787053680616,29.91980197305818,111.11408586321168,1.8684277728419088,192.00946021806553,14.024641649689888
1473.9977928374208,35.063845118392166,6.033378709884086,1.8970089283520035,171.15414904942165,12.606770901360607
1582.078501063552,36.55617400563414,104.92795049929414,2.229515223724961,154.6134007510393,10.047782295274654
1685.1465016450236,31.62621172161707,160.82124357956377,2.6507269927386146,139.9136334196241,8.690510994875426
1803.7607237069046,36.328633476028635,239.57562633086846,2.5150921479973185,123.32827765659108,7.677808976433642
1903.2955514693049,34.541815703702156,218.92906344263673,1.6502705866405505,109.72232585093789,6.691587731229736
1941.6900935286676,32.60002347133478,160.9830066122842,1.5872717005788473,103.8074279016,7.613465362152448
1936.814095083982,27.66885588888,111.58441874360254,2.052646565871481,100.28597106506936,8.867573925506015
1736.3088485135463,17.99378318435023,79.59597722820995,1.2930118069211034,99.86041769128786,11.700098911974038
16.84520778669447,14.79042506794806,91.53330891082355,1.0637648593995535,103.13450004906372,13.753311078203764
95.87566896316254,16.058764893272816,129.86582835083007,0.8544857323376966,123.42527557669307,13.939626927211386
3.274714906858306,15.952132560340058,208.53427212235292,0.9339908035558623,141.74573961289195,12.758191454162745
15.769969568930977,13.683370429967164,242.54433753518143,0.5396124038578146,157.69742414181928,10.496095297964507
64.14720484236358,13.355518313970652,0.0,0.39277966648683066,173.29455785428388,9.169072042296294
87.31659944314688,13.4252701480307,0.0,0.3947554294842321,189.6482896275625,5.079927607340929
141.22593065513882,13.467787463450156,13.967945382668907,0.38486945478787954,218.06676723395137,1.5448129990290627
179.9871865830417,13.50268469478521,46.23419916760723,0.396578507733654,234.91489083932032,0.8706775238881772
209.03297134488633,13.518864533107774,77.2770690730988,0.39071725193666074,237.08255823285123,0.3628477972164607
230.05035984730074,13.548279248726791,78.7689144652508,0.3936223073062082,236.5663281433063,0.36306601550115186
243.28821258837465,13.555699181056712,110.4971535086209,0.39486215397069246,236.7767821614865,0.8720675468126021
266.93884136378193,13.551506868757853,108.49163242174963,0.5240362717239938,232.3189987655372,4.776619918117424
29.489635508033917,13.580597075275428,1043.8763476343763,0.48930179460008694,224.25676515836088,15.237574805940108
1884.5601610570652,13.436560245681695,671.480086994442,0.6809741940622804,229.2160880691343,15.237574805940108
205.70884429661268,19.119373060534635,498.55405865813725,0.8626404577005936,236.88792093853257,15.237574805940108
206.98417001385073,23.251035000171342,400.1579779883193,1.1366112959092225,232.7154223693537,14.527314776201019
477.3483692734116,27.18921600171873,269.50084344326564,1.0436671474176922,213.6260700284911,13.100828760087648
630.6006044949686,26.79804828276524,162.59925443417734,1.2141194538615656,189.76695529515118,10.436782584790928
682.3579804641361,26.278685449843326,179.90004743397284,1.0674522547525445,191.89836728812713,9.008518283816796
753.179760763724,26.234505077154953,169.950892205552,1.0270456539680868,187.42080195213484,8.001435331681188
892.586438693116,26.108569907519243,169.44886388037716,0.8417432505915016,168.26991894775347,6.98315412589754
222.99031093610134,25.954206563466936,163.70172017758185,0.7474100100588462,160.70164308896955,7.935133039553263
352.5949391248972,26.921059974647044,176.6999825757255,0.8032646463464408,158.35981184987455,9.453832887251966
167.20271784045502,21.943336677931654,301.0203519583015,0.4904535810250041,160.37344248230787,12.423687787499315
77.08933036569829,13.256888304225972,0.0,0.4819830221946783,168.78682432404722,14.745205360028963
46.05928129396576,13.242095259235557,13.748889560897192,0.48524017473811165,180.33096127635596,13.999091880528699
112.405990171326,13.303596320821583,66.84131128652697,0.4837248538342657,195.6672457319735,12.856623196063017
152.3436993189731,13.498527703236828,115.74403095529324,0.5726215965715261,212.4120070010871,10.52344641409006
241.16231609204533,13.500457861666908,199.7134666844356,0.3968184318904783,239.32700103382203,9.185116986747591
307.94307407975066,13.560192066663332,255.24418770508365,0.39832675165917686,266.36352284335027,5.122586649841555
365.04658143438434,13.59638937937922,314.8576145445252,0.348280911673404,279.1051913977335,1.5566460990424031
400.7607244915195,13.602848122169355,303.76309964547085,0.3541388295734266,281.2927486875884,0.876644472448313
436.6527926173588,13.631676392316436,363.67151820725894,0.34873181305089057,288.09800830164954,0.36495099472278697
465.1983557350949,13.647171466852212,364.6947558870813,0.3544493618249241,289.54914160440256,0.36526598486488293
469.40152011907827,13.646867727847406,409.4257536445581,0.3497944963924999,286.2008044748274,0.8775988924083895
487.23319786866824,13.6512269616957,414.6627192122558,0.49119930110443477,280.96887122321596,4.807965110838833
249.81799330462465,13.668811098727023,477.09350022061795,0.3510153859314844,271.28080400328895,15.237574805940108
151.76856725546727,13.535257323824977,440.4029587520169,0.35671971579306005,266.1334898550317,15.237574805940108
64.29394630354491,17.9123045402195,415.7223022904111,0.34928389146177746,270.0803849609904,15.237574805940108
11.509618056887147,22.277547348381734,299.34654854952396,0.3562133655694467,258.8327966957541,14.566940035022066
35.5450318482104,26.626824943780363,228.2896362187151,0.34826847058117466,232.95581437960442,13.174376826682145
82.98860841005447,26.542554921263893,144.4111788032505,0.4444628464652676,206.41079039671956,10.580293795221337
144.7186448672581,26.407441367369984,88.57707628033101,0.43530510610494066,173.53783872372196,9.184179860902761
205.876422496181,26.219449039811877,55.52014495454954,0.5765551648559668,151.9717627123577,8.124459887847818
254.8174960315299,26.03636703100145,48.942472130879615,0.4423122066958964,136.8293481851851,7.076491554763897
300.3423941458737,25.892748932275257,45.30633346234503,0.34304173958703876,122.53605612584467,8.053856881762977
290.7986782730027,25.78339796503191,58.10115074015045,0.3490543282457998,117.2303535223582,9.357311810592478
73.97377635752129,21.54252594253647,102.81855654426843,0.34146625494202637,117.44229020534871,12.362143846504155
27.5857516795048,13.270836169463708,175.49524629853053,0.3520122971475724,120.95780027147252,14.687670945278928
88.7261949470994,13.389051397547794,225.49438280817375,0.34629573885891485,140.5168455012317,14.085804070156488
256.44555420592843,13.435084571042424,338.8428550427155,0.35418874422401864,162.66007109782453,12.916649076098313
299.4100252538031,13.570465576797812,377.9820539227908,0.4825935576328159,181.00936005419157,10.561207747959799
371.18350184059653,13.583034441067774,466.1041391713248,0.35986615383010356,201.2960532561133,9.215115808079037
415.3175717866758,13.599348992109697,459.38973703738,0.3480870383175153,220.65112311871772,5.139021877296188
456.38582925449936,13.64356869067167,532.7133752107044,0.35820244744000423,236.8281826537192,1.560177117920957
488.0136149645735,13.653914934016068,502.4248930257938,0.3491208167804852,243.67613274718838,0.8788544663776756
510.1732418576943,13.656268480190125,565.2396014978281,0.3583851863690318,248.37411609717677,0.36587534238020913
529.6877647208252,13.677398395199466,538.7328999307496,0.34983647542307167,253.57578013924316,0.3662160804313962
528.1338890888086,13.690795458284688,608.0484622377659,0.358368126835712,254.76911492017626,0.8797130314937316
536.9069265627018,13.669518342036536,570.6028332991056,0.4857589399737701,249.7805485569012,4.821237273578178
285.8609267862611,13.69279488391121,640.5241243284803,0.3626733095784243,239.48122599203217,15.237574805940108
228.97199608455756,13.580912837072507,654.5932621925107,0.34918550346107,249.75137963914435,15.237574805940108
131.7558444945094,17.986400485550096,673.1991977435499,0.3606950016181897,258.1188924931838,15.237574805940108
54.25768704102162,22.388651709663726,503.0958654997011,0.3500384581144299,242.77346132767968,14.625262082051224
2.0886842488950976,26.746571656638967,459.027763803163,0.35950143031647064,224.6894651757465,13.225731297753251
55.6881343842707,26.689689016971986,317.5297835247402,0.439116744622626,202.157666708182,10.64487872732066
146.92217520126206,26.551446057760785,264.4594249190153,0.4495191371060304,164.08046715616013,9.239170114347742
225.31459557033898,26.35039677322106,150.45609657926434,0.5813184174336659,140.1650564406858,8.173970870903165
258.2720678203276,26.101250816639173,121.09548478394701,0.44116298953963284,125.11708545986274,7.103238155543568
263.98798783253756,25.98417782662973,95.86904875893681,0.35019939058953325,117.47531669008055,8.084574568659363
254.87071056065844,25.931075739777267,123.78802641358656,0.34076301536225095,110.5201826620565,9.405260607121114
41.002663530234145,21.67477592294265,161.86786956257416,0.3537277008743303,104.18715423314552,12.429091156437686
46.019246824875225,13.32801249930249,228.96865132291202,0.3442764414300491,98.09186954035142,14.742687402995633
63.61983963958203,13.428158630193476,202.5573147565166,0.35747261299178285,93.17669593655873,14.104889233834893
210.7284819598488,13.431530809755937,263.85987486380554,0.3455634936070698,102.54493170786778,12.903499541486987
227.667409013182,13.563500302583599,262.52744007796036,0.49205921164528127,111.81409012710574,10.541369265471769
269.61360919512214,13.583110082248679,291.7062704080888,0.35620960524193046,121.38768140275093,9.190963537864777
289.59279507011803,13.59844027700766,266.7438975670429,0.35048743524471915,134.20201826605768,5.121274794547294
288.42994506767656,13.617490933086618,282.1997779927898,0.39950609046496793,146.42996170410646,1.5543814749983456
298.9454786750345,13.62997143241896,255.34116331616758,0.39576086186767945,152.06123110626712,0.8753819249447706
309.6224277813389,13.632172851530655,290.11875295007485,0.4009781521627602,155.4128031437009,0.3642871449387831
318.29293656402143,13.62523250254368,263.62380088290377,0.39486713820648955,157.99877890559452,0.36448928878963716
209.43534676603358,13.651007179147975,298.8142198857598,0.4018019544031516,157.71264600309482,0.8754480089596822
5729.901451767342,13.578509848099293,267.64548337370184,0.5342323114191254,151.9553803012787,4.799408242830543
1701.820328177935,14.336519716435367,2055.235522347126,0.50138313896827,144.1645421809143,15.237574805940108
312.5573698785102,23.58689772041977,1160.70286017364,1.0643952350707504,143.1263206524303,15.237574805940108
12.760137039528582,28.19720222256861,608.5515984970136,1.8115354947180329,148.212386944236,15.237574805940108
134.0219141056825,31.635979772213386,367.3696227324988,1.9442714852250114,131.7876722552647,14.619656642010403
251.65806633596048,36.726462352778725,224.85387663793676,1.9736902120994306,120.1980027810502,13.123895461767134
368.9668910554576,36.726462352778725,119.85514125267544,2.3211097188979135,108.42677300435435,10.481947771653827
494.60562972490015,32.944335346326866,109.75286529660299,2.7555929887969053,98.61112906437238,9.054430188140886
619.1999506411161,36.726462352778725,29.33984927983341,2.6150862934515366,94.48492366697404,7.997433273581021
736.4810938241459,35.51765041149487,19.907094726226678,1.7013132702920366,91.82217225078989,6.938464145297784
844.2665827460928,33.46036558928428,19.02688965847694,1.6404111797156897,90.35801393630805,7.876351555350498
940.8989038652201,28.373903636165405,7.6246270147503274,2.1109160223512844,86.1833764998568,9.147145676827972
880.8144732763361,18.398410943363128,32.51467957245087,1.3247157927566116,77.16976538744758,12.01209989944886
69.92022157634243,15.112267517191539,161.98771377993666,1.0906874977017205,73.07311137384649,14.09977836897519
119.69436780830748,16.07897521806005,185.74679964063117,0.8571741527047786,81.73900967551442,14.023134032558193
38.21622721957001,16.017297616911936,251.06064194463218,0.9501954656732848,90.70631254955482,12.826401602971172
33.82145237331727,13.706639869669447,270.254337346666,0.5375755390089698,100.39630471170896,10.534483499179956
0.7171998110098391,13.365451612159326,0.0,0.40387000111966487,116.26279650810669,9.195971732131873
21.489457738597284,13.406907722161959,0.0,0.39308124483809304,132.67269115799175,5.089912338355251
52.81100836598481,13.45510480805792,0.0,0.38889502643180834,150.03551136952674,1.548313914114443
60.9165053438472,13.491398584729511,0.565208107341113,0.3944416905275888,162.8031282599069,0.8726367534485819
80.22469738218193,13.488273696285423,15.807210834180067,0.3879387261467612,171.38062175424443,0.3633677796463927
107.41885923979652,13.520803385822282,37.694208977529904,0.3956856195674341,176.22565111046902,0.36353794313434445
81.32801080189641,13.533490741866467,54.22101267016189,0.3880413890646862,178.52288307278434,0.8735626103370205
3114.0212499896147,13.491517085624162,62.46651733294055,0.5310470845594883,176.83753543905942,4.7854242482094
218.0456771311976,14.155849836643956,1025.706760314834,0.49825652919025276,170.9439285284396,15.237574805940108
480.6697542522219,22.892727210964072,568.9748971391587,1.0475096068112066,164.33672181189186,15.237574805940108
679.8409001642434,27.13188989561973,196.1053238319379,1.770245661863005,172.2272683585878,15.237574805940108
834.2859406061895,30.353039277637606,97.26350670152655,1.8861262519794353,160.86617456973303,14.178179614286854
996.3633102188085,35.51274183910987,28.935464791429155,1.9177360006133721,137.52522139205843,12.731806364907527
1132.443914635055,36.726462352778725,29.2161032744308,2.2521621712037567,106.93742698442651,10.160869366572264
1405.5005038334161,31.827968694470886,168.8671215004347,2.6751786045024373,85.86787343609235,8.765485580527143
1589.3852539776083,36.51275960340387,248.25369282346037,2.522014650411593,68.01937526341284,7.693829973005052
1736.4484256123706,34.660537128421915,229.90991778100948,1.6542534594576934,56.50880208168317,6.694787294815946
1816.4810645590892,32.67141026822159,180.00403410326376,1.5858942338268245,50.325261459252054,7.609754068501469
1838.0147961460268,27.69472197739113,117.6293166994553,2.052508724601975,45.398353246234684,8.853896901815315
1620.6825246162646,17.98255020592686,103.11091043128579,1.2922396420255207,42.676853235037115,11.672989784640093
89.05057293374962,14.792362738852521,33.33925561168512,1.0688178795798626,46.85952601342221,13.712249661229615
140.47326959380698,15.86915856056991,55.954670713799324,0.8446583453503567,59.502562178289814,13.800437486271164
66.67915758363173,15.81411267955756,95.87438079957657,0.9289342469216262,65.75425967475579,12.646437725445162
68.34964897464315,13.558308084173955,111.35692357163799,0.5382314763275547,72.75495472505355,10.405523630715034
38.787855007789425,13.218031038513978,0.0,0.39694661296173145,87.32334599871935,9.085472788834089
23.437902736193927,13.274501112228641,0.0,0.3868355961678882,104.6125441149204,5.048223370098023
1.9094557107747858,13.307923403195089,0.0,0.39277517031354764,121.10845121091008,1.5386147730607131
0.05124527417861329,13.375498223863941,0.0,0.3863721838052603,129.49752019474167,0.8699329933314204
12.490200870166825,13.384710243472284,0.0,0.393812665696432,134.93092742859722,0.36235061489252807
24.8869033059606,13.401734048584602,0.0,0.3855870840883999,139.44568318934802,0.3625233246979105
2.7699301734978854,13.41431953054759,0.0,0.3948873432586303,141.42941873649758,0.8711857823735067
1894.5776808898565,13.392924384623704,0.0,0.525254891381405,141.39639947284644,4.771656218539405
415.3699469652372,14.019933060632736,643.232955104744,0.48753181072639373,138.1474345760531,15.237574805940108
1000.5829757120343,22.1689438242243,379.7768481216008,1.0387321124036744,133.75303819782457,15.237574805940108
1185.8334021968426,26.448126865050064,41.038277486654,1.7337734751582672,134.13307756363096,15.237574805940108
1319.3888421110667,29.553391766490087,19.25376893421968,1.8430845089602528,120.75047824826274,13.81761210947164
1447.6362991825513,34.71414105637526,33.06750818409856,1.8737514187892013,100.43508086664727,12.432354624976023
1514.110057434606,36.38316987850042,56.42769690873547,2.2182698440355746,94.55618953172451,9.971461212340426
1585.1557852972035,31.46269472239555,74.07954803072151,2.646184278809345,88.88277871876953,8.660962029564818
1676.9143365745056,36.16221625589957,85.98663034687989,2.5162727834807734,79.02533711571046,7.667873632301514
1746.7410780630964,34.355054849808184,70.76129294668189,1.6502143858215241,75.65965674435553,6.695533816205972
1802.3153738071455,32.46635554293826,70.84612661890282,1.592505793682665,73.99085926362783,7.624698610310696
1850.65930882784,27.60071353465257,91.32877218172531,2.0546168579699584,69.42708024751926,8.874456652390222
1732.2944182355589,17.975255809736513,106.67942934521385,1.293112665340705,63.18119863461139,11.687830059362163
88.15751949471947,14.768368934104485,24.952941606685403,1.060724356881988,58.692541918144705,13.707309759412933
141.86385623443226,15.854590256459327,45.546895875058986,0.8459141298913461,65.91378580864685,13.79179701695731
67.19690683031308,15.801662507645037,96.33483975835962,0.9313145958181308,72.51244835637569,12.628511002133495
66.21151222326893,13.535311735997983,114.55421915748369,0.5357186799342456,80.46009758221639,10.397174865061126
33.231375138505136,13.22292214512438,0.0,0.3916359217379273,93.94152354600713,9.081604166335136
19.031747717632246,13.263836417404102,0.0,0.3923827242322631,107.00111374671049,5.047387217758395
23.391459813118896,13.300055759175097,0.0,0.3854483716077269,128.4266802302841,1.5377118146647333
35.902943521234164,13.410151414835031,0.0,0.3940277041659973,143.07317208851248,0.868867341326628
41.6586655838136,13.41525168105532,0.0,0.3851277052453807,145.42825360920597,0.36196973627626977
40.78013012786853,13.422461677124748,0.0,0.3950082166015706,143.36784078513972,0.36217926759562635
17.730521111778007,13.443588424077774,0.0,0.3844880771279131,144.16368218716434,0.8703008847062288
1464.46863638817,13.399417630427367,0.0,0.5273461452261816,139.59919882271583,4.766941516513204
663.448142448668,13.910969865284471,597.3387541699822,0.49275463256964197,134.4579763656401,15.237574805940108
1164.6547558149366,21.945585411626467,343.52314010792674,1.0237294453496777,129.78046945844486,15.237574805940108
1309.6021569391582,26.265626958980615,35.727171641650614,1.7279126604963968,134.5389683820232,15.237574805940108
1418.874063262079,29.41947532278752,23.270037550289892,1.8335844825019039,126.1441268591101,13.761481884748063
1505.3378687638303,34.61655998917285,34.62497565938496,1.8736736853212748,118.92742038111467,12.399485114621598
1588.2766518268363,36.35050567499255,57.59615191348456,2.2133530078580717,111.5666678453458,9.966895218300357
1660.7659040910694,31.428550855002978,77.2145971760735,2.645477057820589,104.62095439826251,8.654996796863275
1735.118532118982,36.114190534316286,88.51485225282862,2.5108590894425995,99.15575860555154,7.662862457687467
1798.1233845209708,34.34516512605016,72.62525166099496,1.650962859280502,96.36225675677522,6.695883916608252
1848.6167338324824,32.46277216335142,72.4742396670589,1.5873002451221592,94.54458094699717,7.627662368022775
1903.4407263088508,27.606834201609427,93.11865352561308,2.0553416691239086,84.9334257191681,8.879247904927366
1774.99131639692,17.96703821802823,105.61495902799786,1.2917728288299064,75.86723506611752,11.688867603922954
81.52217568666687,14.765159201723732,51.883085918404106,1.0678844730514925,75.0598165768537,13.708213127270001
133.97942979586512,15.880819688729947,81.17378818375657,0.843633139083231,85.01424632532031,13.832380492543352
51.89210772978869,15.833026045660699,134.78678402582847,0.928489328854139,90.61039624225043,12.672022932918267
46.86796545795506,13.580370358439044,156.9225132533547,0.5387196687208078,100.35766250032158,10.425104756552962
12.684405576828825,13.250375139837011,0.0,0.3987691116713198,115.67418768835469,9.10935693391845
2.2309842324708113,13.304933589760166,0.0,0.38477667378819896,128.9855176596687,5.0599313523184595
36.212689488032325,13.357380820241973,0.0,0.3938974926302537,145.380278927023,1.5410851086850863
40.6881682510037,13.4088395580015,0.0,0.3845888340942913,155.24645868272341,0.8688251661990422
55.789113884014604,13.408293478301589,0.0,0.395095802080155,160.45659213655355,0.3619407258518158
73.50535201698982,13.446964837164147,0.0,0.3857697316222146,163.39423825405365,0.362112035464591
71.51792875727777,13.463532374192107,0.7347865680181657,0.39432658690217565,163.47453626036193,0.8699796464636659
87.58729584078584,13.446799861762575,9.826938552909848,0.5259921977604191,158.3157593777734,4.763409070909174
112.93089087003527,13.476131347784463,706.0149073350711,0.47618936367536463,146.31554606430242,15.237574805940108
1383.9590786308584,13.29416753638979,428.16917145977175,0.6762795883032087,142.81157638383604,15.237574805940108
118.95026337459737,19.005582184975307,228.06119237012504,0.8600952957703574,145.10913850557705,15.237574805940108
402.1767121360608,22.693767598709112,154.7509115432905,1.1243568514543687,141.29725996176944,14.360600503262477
693.8985768053093,26.61492598338804,113.80580852989728,1.0251573919940777,133.25713134067664,12.852662268186894
793.6113727920283,26.27340021857852,78.3439848340782,1.1933973199642873,124.54072567884513,10.238720351616296
879.3732147256082,25.883497109426163,42.80960767658684,1.060452757047795,114.75631317064384,8.867315299280621
942.7990756271199,25.72317100660177,22.583166703952788,1.0025137262493573,107.70560322466247,7.83497078036239
984.5747323757056,25.5684738951419,57.461919322170445,0.8243567273887404,104.20559899021005,6.826772922301005
232.67636442911189,25.552781848459986,68.23819530961029,0.7360882886717337,100.92939533668437,7.800286937344965
353.18335497773506,26.672745066473027,107.20117716938705,0.7989062366598279,97.30980026600614,9.358078322856782
196.05632891541055,21.758772036886324,175.9600696552652,0.48612286437010416,86.37065040631997,12.308197862707093
135.1320633381531,13.12868264939403,0.0,0.4870893751311354,80.41763553216585,14.592751992194911
123.35319288230608,13.065442785014932,0.0,0.4784207614956516,81.05130890769176,13.82097038560362
38.83725310975274,13.09819684209637,0.0,0.47669213249223996,84.16619287061977,12.669631651576598
24.6711577394547,13.280307292784906,0.0,0.5716320796605234,96.38194542822006,10.401086805480434
6.919682524526972,13.289842667735963,0.0,0.3946844197769698,107.63548310116414,9.087692815052636
20.280752865700457,13.38563325531582,0.0,0.3878189256455435,114.29169468387265,5.073924034763668
62.40927908755973,13.414628800655462,0.0,0.34860787986696856,125.46623539973616,1.5425645126768488
73.2872359387568,13.465485581301992,0.0,0.3434258621223189,132.2705602661903,0.8693442821393899
100.54299500571972,13.487831378121658,4.191683559188155,0.34767066363134635,140.8134011881508,0.362002991022129
128.21711355428172,13.521976897207159,24.620488766340273,0.34400596770188424,150.38330519097417,0.36213884759664844
132.88976913448587,13.523507756042799,44.884420419566666,0.3492357753726894,160.33937984846622,0.8703410029181721
165.88412705048796,13.520189985764826,78.17533746724155,0.47768277074643806,166.90830797137437,4.767457810694317
44.68735481457799,13.536516921820755,86.1477759409578,0.3537655484130534,167.67065674274778,15.237574805940108
104.13281337729715,13.243420531427489,113.82161949141481,0.3430573245296201,172.72118801992562,15.237574805940108
155.83770326446444,17.4982615087708,80.97800684498876,0.35038321048595084,184.94192567732634,15.237574805940108
188.45772698763264,21.776176172198827,65.38989547942327,0.34277170584976496,180.63855759801987,14.314326139908232
235.820462064455,26.054940159829986,43.703225531054215,0.34876985316672743,161.05651977346653,12.94432200755363
218.10929378394064,25.962633617515202,58.978232071998754,0.4299838422220493,172.87562885394638,10.390447957840696
218.51415785466205,26.00460043832787,62.77857468505419,0.4398251822971,177.91985173783118,9.073382699177737
230.6525967901208,25.998729315595092,70.00190899122015,0.5709212186991297,175.92152628758845,8.072209276415254
243.8471625688036,25.97710761096903,53.93974953856092,0.43440656198934363,173.6150861161751,7.0651747478776326
245.77243509619584,25.92214341469732,79.43953372394324,0.3500691398545936,171.12820371728503,8.061001243291523
232.7013916742557,25.94249787320365,96.68435520504228,0.3418945982809475,166.98873706754617,9.406147877766632
36.48715483532191,21.679551102563885,157.92716541854062,0.3496801935733339,157.29488401766955,12.430745481138908
79.5959131973958,13.315885807664097,196.1196658214179,0.3452456154198945,159.90653662602568,14.736586796391178
124.50802037449769,13.410692496798168,286.46561458952436,0.35266947782617536,169.34156732593365,14.085614162484848
271.7724624628702,13.445950576427895,299.49896781286,0.34730144088852005,181.77817283716436,12.925344811583642
311.9769452500039,13.563582535611879,414.11012858043887,0.48936123373085977,197.6251126498035,10.548639228310034
390.05206739727134,13.564765009210827,408.4918854197995,0.3493866279569016,221.6066652528197,9.214173212447005
441.3870545162903,13.600568020553515,529.0017872325936,0.35698014826957614,245.604111923679,5.132593094997524
476.6380701400607,13.629934531828047,498.7535366794472,0.3933963019585693,271.59690594973597,1.560299041485998
517.8059676865162,13.642087631830607,619.4113323086149,0.40407668923837237,286.75611933778964,0.8781309974117698
552.0121301844244,13.642821880158209,585.0067798086135,0.3940993591030862,298.3420177214587,0.36605048618104974
587.2723027686054,13.677998205099534,706.5312044195264,0.40575302682070724,309.25776659988895,0.3661345343413359
500.6882738919541,13.6789329787274,659.2770559541384,0.4030716831369331,317.6704461396325,0.881249025656532
5513.019729297454,13.652571249609224,781.6098593407697,0.5335426749107074,319.9913304987619,4.828517734139075
1694.9228435475077,14.287501333333452,2251.017037079978,0.5070621621356045,324.57556077046917,15.237574805940108
425.9457845018571,23.634071197215953,1184.8927522775425,1.063565024562322,316.6730975956636,15.237574805940108
7.2111680310679365,28.329207125391232,532.7226193660556,1.814319796824046,283.7716916210918,15.237574805940108
258.2700927849047,31.653612883435986,342.1239452124222,1.9369481334989458,239.06975280372967,14.666929118347221
459.6730708387268,36.726462352778725,252.33454644055035,1.9713965492580365,204.23262407647616,13.136176937022586
647.4141609728512,36.726462352778725,141.1461293690214,2.3136409183400644,176.6803597709945,10.477963849054367
829.0731307601233,32.69301419166799,81.08038520581177,2.7435374942720507,152.66943837656447,9.021677970342491
1031.3175740837232,36.726462352778725,75.82223165997111,2.5870485781541386,130.98604698493227,7.926632829575637
1187.2696428956763,35.16552972095667,65.52626997597397,1.6804423607991708,116.04479549265776,6.842403095948408
1246.9983544812837,33.10926992579693,16.065577029893202,1.6160129368850542,112.72310642353463,7.769973900857868
1347.7973393223606,28.075496105045218,15.138518654531332,2.0939991379954987,100.83598694830788,9.067331984892723
1201.060161969052,18.222476635823707,15.670752226986835,1.311391205694774,97.27083517498167,11.89813080367952
31.60917511217717,14.984802029553475,145.67996099528986,1.085096615031953,96.89408243363232,13.96581840839533
108.8717164127018,16.135384842889195,179.56359865983978,0.8555256164859145,107.01669102641254,14.036276716522694
24.680310523215788,16.02058869946384,241.21325877037737,0.9426150776525821,113.0124411972898,12.828135581305782
21.072245579442853,13.699752561633254,257.97134469125416,0.541129713681904,121.26096290468126,10.532662724924267
18.49400763309475,13.363077349653713,0.0,0.40331661624563364,134.34604902313473,9.19387571331442
39.404044408356874,13.431315111770902,0.0,0.3856901832367602,145.20909580302316,5.089440571085291
71.45608078118964,13.449555693116801,0.0,0.396312940303388,157.72881843971012,1.546994215350172
80.99981287342356,13.487390606363956,0.44021370070086535,0.38695465531733225,163.86858838283004,0.8715266669675851
107.01640294326333,13.50973811906807,9.665912721195822,0.3954917788005889,167.96899345777183,0.36281593207760704
130.22542111466797,13.526563077909712,22.309518950362506,0.3939786988564914,169.8891441845067,0.36287567335267396
97.58432727794083,13.53528310101906,37.11603359785721,0.3894259540563592,169.42643327694407,0.8718827258280368
2707.5615421185953,13.515526198528367,40.29558789474548,0.5295286684026465,162.05962736774845,4.77631125047508
28.062633396736636,14.105222982766955,879.2437346175672,0.49264400393535474,151.11224425646427,15.237574805940108
726.9651083095973,22.617912788016373,445.73290744954306,1.0493862427851146,136.6444498416854,15.237574805940108
987.4323901608496,26.73737460773915,51.21632988016242,1.749289039666751,120.9907298359239,15.237574805940108
1155.2564525526104,29.69859868091012,3.442482171672919,1.853816453019888,101.39234221793532,13.88425546096724
1336.9964340365314,34.78522853584636,40.33332602539521,1.8814194140483054,74.445384220106,12.467604742654906
1485.8860531884325,36.43060053860752,128.02241925730362,2.219505861694208,56.52222775729566,9.971831810708416
1560.9421497008352,31.49288901927596,86.24997613768005,2.640994879098103,49.77336159470744,8.626154594047279
1653.132093623417,36.098200659168405,184.96167457179575,2.5067350831220914,38.68227404895188,7.641329931002761
1772.169968576474,34.39266114612096,128.91560647256472,1.6487610938842583,35.256774351606346,6.661873052280451
1815.2149390249872,32.41953830951584,83.03887396096567,1.5824458713243486,33.400699686101,7.584192263922193
1852.6675891185225,27.51372921040915,92.57020067148194,2.0483233479941485,32.275669241262804,8.831630968734267
1727.37195567272,17.917603285848713,107.92979850325865,1.2888880231160138,27.26305575375683,11.63767829589958
94.92635123991126,14.720061668483908,2.598602142123194,1.0611295399631282,27.675067230703306,13.646004562418037
146.96741544150677,15.781697106437473,13.026679416846287,0.843411007252517,37.058259556457266,13.697788540008512
62.76192701057025,15.723254303158175,103.58752617205883,0.9237952023868587,52.90012267136106,12.54515098662732
53.45549967229756,13.531977222142771,166.02969268958978,0.5374102955308183,70.10718417812281,10.385079435513639
15.360980571753796,13.24620322295018,0.0,0.3904740468254656,90.23307715842019,9.096593312395209
4.6021538881360025,13.301323056571974,0.0,0.39423176225838336,104.98309227994984,5.0497644396412955
15.020734960252373,13.331113275709118,0.0,0.38634446262475514,119.37281818677401,1.5384624686837514
22.141086350448013,13.395274208811886,0.0,0.39239777500784345,134.6436768270845,0.8682949371668326
46.19825819236352,13.394229999358142,0.0,0.39173056185390615,148.37234248415433,0.361791221896094
73.31546318111914,13.422629613878497,0.0,0.3874277507193395,163.57363829985027,0.3620111103620922
66.86830348093999,13.4712150913711,16.210999797462716,0.3929063449422207,178.91919402381797,0.8699743245401109
1883.6241967190076,13.445220309241433,50.61179181405311,0.5189147480326337,191.6385802931866,4.767542478251544
425.1735282077735,13.936956858355602,888.1850634628419,0.49474078159322593,203.11539114167832,15.237574805940108
1065.115348101355,22.30021264250546,428.7916905083179,1.0369239571957387,195.4087363367041,15.237574805940108
1265.8726661551004,26.51390938885079,80.40665493643112,1.741785182299776,185.39559223746826,15.237574805940108
1409.756970135233,29.632052970511154,20.855327996378865,1.8450552328102732,167.08512888206607,13.874637151349333
1539.5433162727545,34.744980010088554,58.14223861643114,1.8796363122642135,148.47648707159257,12.470249714951988
1650.4075894898044,36.43669923924972,162.2466899920945,2.214866891623946,133.81858603910146,9.980049090809116
1751.2379852477234,31.536209706867087,205.87440809517508,2.6405501934524955,122.40264676381734,8.642313044473315
1866.3404187782107,36.22943361188408,260.1974211768526,2.506790472822608,110.69750353533772,7.6430286100669305
1952.6888844157954,34.4374910449483,229.79109055273,1.6413630055401396,104.18361554969766,6.6668068710120005
1985.5240516775511,32.519875279822955,167.19849215056433,1.5846312524556985,102.18679243951733,7.592233097634223
1955.0105210811653,27.61199703460595,102.58718032941907,2.0472488464459873,106.36011949285519,8.847352576228905
1782.942820663414,17.966428623273966,88.87759418724167,1.291018694744957,105.44608101529843,11.689391839035892
59.14305589898472,14.775177507746044,85.59100689698542,1.0654961797096456,105.05244217861228,13.735578233018192
122.3272777679963,15.943127079644007,119.68241040449489,0.8448699943820731,118.61676050605884,13.892098415019547
35.74686656526229,15.882150441996414,178.7778093159118,0.9381961453787765,129.6030131257235,12.721668195779209
25.10075555282761,13.609773500528403,215.09414211211384,0.5304816443433499,146.28933582241834,10.46021190490547
29.013431036388727,13.291225493522433,0.0,0.4011763457288847,171.36378972185463,9.145676407029509
63.37384465742364,13.361567218037665,0.0,0.3874865050953073,193.23561758163453,5.0763549860179475
102.39561264528722,13.4169561435043,9.251810476448501,0.3905388767253203,214.2309260312742,1.543423218027359
125.66130322555271,13.451673164142687,40.44427776821856,0.39248921599026965,228.31442452346738,0.8697368435082187
172.91912813910776,13.45783086182467,76.13023726889263,0.3877258859614919,240.3291207484505,0.3624165817777107
223.07345865366375,13.504820936381208,107.08686285959949,0.39543193766113904,256.8140652426037,0.36265930718778067
196.50443155286894,13.524969503347974,173.9613733801123,0.38856873824264215,269.3346476242326,0.8717316699001394
1942.160105929327,13.490504490326716,209.63707605455363,0.5316335679011572,274.76963749047786,4.7812454185072735
414.22750663301974,13.896706861392138,1178.7868281598564,0.49274074239194254,278.54201176453915,15.237574805940108
1050.4302124754793,22.44452693609181,597.9383769203637,1.041856402101468,267.5559428849643,15.237574805940108
1277.8293457260197,26.736712725451895,154.20464726336647,1.7501512020468701,246.58624124712892,15.237574805940108
1424.8243020847258,29.84647359971377,103.23572403053123,1.8616923557134393,217.01280381338756,13.992189674605507
1546.9055326315618,34.992636033574186,13.824721728484395,1.8966771100966042,190.660172696836,12.585394173608089
1661.328069290136,36.50444333268464,132.67014288587174,2.225710647558034,167.7330494034444,10.04119151287696
1771.7050601702306,31.584475306244254,193.08025076155508,2.6454438313893758,149.1696936552895,8.672980356902167
1895.3242649617266,36.28099734418147,263.6353177944451,2.5078128461731364,133.22709604516712,7.660742604229248
2001.5768290543974,34.47859434508883,245.10061217737834,1.6484188218923979,122.64261464453011,6.677771036112685
2071.5350372315947,32.552092759559464,233.51371375708467,1.5812673240732693,115.06165978411396,7.599230332556471
2092.57235282547,27.644170173763552,171.95941232964196,2.0453714218338326,113.19248415723287,8.840397960251776
1827.2970041324038,17.9706471503778,78.15055894462552,1.2896877189064626,117.27132440495248,11.663306180038315
34.407833229716886,14.770331410223978,104.68261553993779,1.067903990108464,127.17363678578195,13.737111388469124
93.59650446417166,15.999982894521652,164.72259632964852,0.846775431059732,155.6411352046816,13.930761131440358
4.316546030631952,15.952841934016599,271.6222095297291,0.9330026259500845,190.6457479575262,12.774917061341432
38.72212149690696,13.657547269658249,340.0070039790089,0.5403702246474207,226.67395526390862,10.510712861800625
106.58939104134961,13.355741115485316,2.922664324463476,0.39836486766648455,253.6229055812693,9.186621268940382
135.05322351554025,13.440237891599796,42.18673831573011,0.38772238687762667,264.8448981306849,5.08929745482858
213.27599563867489,13.452582205920605,113.12994800799326,0.3931045441466034,298.6897000261764,1.547088631992144
272.93988217210114,13.487210957372277,241.68007320997566,0.3891511372400987,327.43992436205275,0.8719051257049678
341.35434112770366,13.522331455575673,326.80389167906674,0.39755677603400474,353.63346252051576,0.36363198817887477
416.4478200150328,13.543724543584652,491.91864856087545,0.39122267437974567,381.81319355518286,0.3641756404793328
389.923654291171,13.556041616284112,547.504664830561,0.40124393033747985,400.061839087617,0.8770331753930708
2500.2588118991343,13.577131571995045,665.3505071308798,0.5354077446351554,405.6889625665233,4.810977146512182
179.79374962226578,13.928188911012182,1582.6794998026617,0.49131334561708545,401.33350907596156,15.237574805940108
877.7209577236014,22.773643914856287,827.5104658187661,1.057746034614081,380.8878770957604,15.237574805940108
1147.4934032348053,27.136450295254456,289.11695575822193,1.7721847778189992,318.70179823736385,15.237574805940108
1305.9150729682124,30.2339330561418,161.32433146355342,1.8832110036272327,267.9905590493692,14.189049652192267
1392.0454888599695,35.334301135836974,135.26548059965742,1.9100077274769203,256.7928698553315,12.718632946874093
1509.9022427543107,36.726462352778725,41.83261525081786,2.259182459752757,227.13458970501534,10.204743019810557
1592.40163786226,31.80793199759121,1.5111113697772975,2.680004786764573,204.91275329360897,8.808145756502753
1636.5999916481746,36.4304952155942,35.71876890419736,2.5412862615016376,198.46748150209714,7.772619513810522
1675.6711497715357,34.661853220056464,15.755812559232222,1.6647555680935107,195.9646028074659,6.787905810166686
1722.4484962821218,32.77454358171234,22.97153339399277,1.6100142455618465,187.7010493039014,7.735743983513653
1758.17113354379,27.862204713378617,39.48955447753842,2.074677409820632,178.4173886611243,8.999048589960573
1623.2232082946457,18.139756160055658,1.9967584047892435,1.306100347022853,170.95889740909996,11.848903797213262
1.756207490017229,14.878923071518946,215.77976790924447,1.073126106492781,168.46348463124352,13.910209538461734
59.941841534246784,16.12695629294704,259.47200470896945,0.8541326855213935,186.77568986261477,14.060050092826115
63.19252465549953,16.08011538846841,330.14437010156814,0.947103250203124,200.51215884125244,12.870326271693497
80.91313554063704,13.72954062768849,360.0696017716433,0.5377620641169104,215.65257684323996,10.543047266212952
154.34629765013514,13.432030617160224,0.17656839954515754,0.39945000022451893,245.61697370325294,9.203588654892556
224.99535165113886,13.502613546755708,52.80207533446831,0.39312366531421866,274.8880950244012,5.0957237968006135
288.13553627730164,13.524013589567776,131.10709280901352,0.388968707059331,300.67731647439865,1.5489705279874633
338.8247140630694,13.56263901973636,265.4251837157295,0.396472453672628,325.2637881698802,0.8728953698424238
421.4491157813539,13.562854407540463,379.3105606486562,0.3910086985601187,354.90844248106396,0.3641090418798607
486.1788505439044,13.573688106797352,514.5193398673289,0.40068485219867594,372.7928998495297,0.3647296245022906
518.713199056045,13.612473823250042,538.7853422573232,0.3927722531061073,380.3959489391117,0.8778536441633598
565.8632647642398,13.62805589834958,640.1410508842927,0.5381192349209666,383.1641106607006,4.810693830096707
353.99836163545586,13.630734942791989,1641.896400826453,0.49561029943238916,375.3613726311321,15.237574805940108
2528.949913787585,13.620325284665547,840.3893051672216,0.6857296516891027,349.6692992238861,15.237574805940108
442.76573324519694,19.282544532948283,475.4248691413708,0.8688156243310786,299.2460132748193,15.237574805940108
153.99043492804168,23.47268474601714,315.82752056974994,1.1335379726908212,243.6616197534613,14.562935933471929
479.21604242319535,27.21257126607063,247.34096068244173,1.0484284360680152,205.1904808471059,13.12578454674588
669.0613487241723,26.75487022909933,148.00922081162426,1.209612418682427,172.59467149028248,10.4366530182679
772.9307927576116,26.187187444223667,125.57698773779052,1.0702116004570108,156.24994789372752,8.980388301999817
903.283431014103,26.02255619479375,52.80758358847877,1.0148857063649503,134.87408084227974,7.943036753667672
924.6930139126831,25.73055400765201,144.9205701260468,0.8362585409963402,138.28806167304506,6.878569743310399
183.68847599355277,25.82966439185863,175.04116555142625,0.7449357123032563,142.30430628784143,7.89731339928225
300.10350274512024,26.985051046550183,202.5437730175103,0.8048788209864275,143.0570039594922,9.46096804371491
148.90834967675988,22.01588511077584,291.75773046637886,0.4873937753847233,139.81680298193794,12.443236856554266
58.5536293219142,13.255704878485137,0.0,0.4871486532367961,143.15613432998313,14.734882431239884
47.53333575593921,13.280847806010971,2.6645321438874414,0.48414674003620406,153.5639016125636,13.982719113471504
89.13209791177856,13.275796856427148,35.166818708646105,0.4822676214629291,168.28966367662576,12.824199674032707
126.34698789797781,13.478640352558042,65.63385977520879,0.5677089550533165,182.20826478511688,10.5008358715941
193.48954262932614,13.506603354531556,104.48310771527625,0.40037365919107404,201.372863622898,9.163008949588304
254.67761292668698,13.53711589113677,171.85487667596567,0.38816321581477425,226.02572002233973,5.107189245465582
324.20966285556074,13.562559878147697,237.35242070629803,0.3559501442428663,251.88260290534055,1.5520036213041726
374.0095539731133,13.595948821254634,298.03286537775284,0.3444254571014632,269.600501714383,0.8743431753515954
420.4281351566943,13.597067763954666,377.7111475670734,0.3565310202764619,285.0934953633386,0.36433345323985766
463.8088724552338,13.607421365476018,447.6298614337159,0.3461460964460525,298.1292743217411,0.3647917952957656
485.961431875153,13.632316209991892,501.7849473422803,0.3577185285180955,306.3838726591775,0.8773172740062111
520.0313994649273,13.630456342838452,553.8338366936737,0.49046214526149307,308.8015057945937,4.80768929651456
302.5387395915074,13.637978610563685,591.1729138359973,0.3535757332265377,306.35167671537704,15.237574805940108
177.18858922319245,13.561139265151395,424.16228520967854,0.35509881375684577,287.0694046930216,15.237574805940108
38.91574376591194,17.918820592336093,284.5138191949202,0.35094001153867654,267.6667540277316,15.237574805940108
45.14965271677642,22.220370259613865,205.83093287589355,0.3504761270725229,238.28051571937664,14.530659133921295
107.07554635663742,26.473502124978026,181.69669396745869,0.3506486639450785,209.34014314593628,13.118088658986053
162.74470860763722,26.360564802046813,159.7207325481109,0.44111306255309723,184.67173888894735,10.528235489208877
206.88598255089548,26.217760152925713,119.34367311107181,0.4365657669700883,159.90026566819097,9.144808768530863
259.279659569747,26.076988001867875,75.92467121289145,0.5752464967891454,142.62796962683066,8.098171728920077
309.8676582494176,25.903573177161842,80.02484458310651,0.44060475345617806,131.85787155592914,7.05402210095079
337.53623719907654,25.78832375169479,76.34381560462164,0.34464270190382656,126.17914763016319,8.034611028302981
331.1218943729888,25.72460617617485,79.34920405495217,0.34704339638208653,125.04669400478052,9.350014746109927
91.21696888563181,21.4911605291472,113.26473786206276,0.3430164466913586,127.99449395411007,12.349053790359212
23.226875959896777,13.23493645890816,201.23336881064367,0.34976288710835135,137.88019294957166,14.676738295642666
91.75718471529852,13.381452837912377,263.1293905360367,0.34824158626225876,155.91708001550293,14.092041959655255
261.65407967261774,13.438924912291519,329.3169456314897,0.35182115690753835,172.4697408496598,12.92065802184663
310.25861811768624,13.54071886736854,391.85759277867163,0.4844175856616323,189.13650677772907,10.55185678149589
395.0895702543912,13.574614389503749,466.0734543127999,0.35750867110286805,212.76059993725073,9.209112333583048
449.94758126648935,13.612124134942977,516.8050908489811,0.34972424192408536,235.3142984632975,5.1345001105917465
475.9490597964536,13.612389578619572,532.708480439641,0.4015650267953316,253.72870021997448,1.5593915807371521
517.9522492232945,13.6391647228736,575.8146942007847,0.3957512249285737,270.27310615216874,0.8779435290390604
551.9359586262952,13.657465809502737,633.0688068741101,0.4037251716439468,283.25240104945345,0.36589427137783004
574.3063460283498,13.651736699355052,648.3412180941112,0.39569041835650054,288.3423274960613,0.3662783308334905
481.0402550113798,13.672437787757357,663.8431615551215,0.4052483906626331,288.0532602361035,0.880146653070282
5297.468756929294,13.656929331692895,662.5694861767272,0.5396387541880762,283.1860368350116,4.823241833644124
1632.153533809967,14.25827623798818,2252.374228615034,0.4983101441172995,279.4425438768048,15.237574805940108
400.1375853247993,23.591724461968077,1245.5157728201336,1.070571630332188,277.5219455569655,15.237574805940108
10.297540070715524,28.291258761438293,581.0275342759317,1.8083158135412882,260.5536466338314,15.237574805940108
266.930468606341,31.633714662673736,330.72016346548656,1.9420028401025076,223.64731204379697,14.653312682782495
503.5252345762142,36.72518798622061,221.4800364274491,1.9634845510705512,184.29682120633052,13.110400208701018
649.7371162598376,36.726462352778725,156.84101842433242,2.309317399032147,167.81299375291744,10.436297680490382
823.5205802836257,32.669063413696435,125.28244103617642,2.742965749835519,146.45205804003936,9.023492959105713
1029.4984420839533,36.726462352778725,38.5385337851026,2.59836465277745,131.6761366760979,7.949593282260723
1182.2647447977313,35.08758279059673,38.7981911525914,1.6811202678001613,127.36766494595162,6.848634065914092
1309.7212289555234,33.077261660415274,11.850802763294299,1.62014583964687,126.31717739246764,7.777709136007422
1367.9860247246093,28.029838381618934,5.882017533903353,2.08662028944366,126.99859110256557,9.042298414340053
1215.0081850596162,18.23186960431609,26.483719491203317,1.3140822824889047,133.05394327213693,11.911863992851432
14.118221179738374,15.02164149665663,244.47202664389727,1.082324662486473,150.0743919728953,14.037456887617422
76.2233031200067,16.16462422205744,318.17214062791084,0.8596897902993086,179.79650110343542,14.100678669458654
38.80805304688598,16.11970151721622,415.98963539591455,0.9508433801048974,200.10432853290555,12.91441838493267
59.88498461403996,13.759542317876807,459.8659204064078,0.5428319985866956,221.83742311109134,10.588326289371212
127.62218943751438,13.455826696723308,13.850990110873434,0.3993630410084865,251.04787797713152,9.243223981893367
200.59828818550642,13.504680539736864,111.63425834836632,0.39499145805670516,277.60560843039906,5.1110744036533236
280.645384771708,13.533633633031265,254.59591783956927,0.39004937476311324,307.8689590321545,1.5540611612839386
326.0026450364579,13.569128423002345,351.0105722127763,0.3994510080344325,330.11238177143656,0.876167175223156
389.3556518515854,13.571840965011491,476.3615357274057,0.39245353998490634,349.15719628494685,0.3653423269818559
445.8166598898826,13.58940257514886,517.3907358350436,0.40265167462492996,363.30119853326977,0.36594265308181845
407.67498384822534,13.625905915741988,616.9105469940729,0.39333507503723747,375.681630697911,0.8796159991915262
3596.7576735745774,13.609230519502283,672.0913050268001,0.5401122129662735,385.95111066725286,4.82436283874122
691.7965430771924,14.080846331456867,1900.569960313785,0.5015334149747604,389.0098390327114,15.237574805940108
281.4751758236733,23.27414849235885,999.4476055992842,1.058044614316546,381.4750940552712,15.237574805940108
602.536567680105,27.70200519444188,443.32578282280764,1.797434476564217,350.40651962608405,15.237574805940108
868.6650265481497,30.91246667400775,279.1525478369622,1.91443317002242,304.67468958336866,14.456587756228597
1067.865968079335,36.02481907246432,206.01850017876657,1.9446844657052813,266.3891779092389,12.946590856780507
1230.0607144262426,36.726462352778725,85.00451781319616,2.283883527710232,237.59619722249641,10.335701913260042
1362.3489263239435,32.170180046137965,14.575702907208765,2.706693116771682,211.50896707848167,8.901039069063383
1492.6557143492134,36.72446493991723,91.5689526798814,2.5532881233109963,191.33630094242216,7.828014794212624
1603.1451908146132,34.8934869815667,80.34186506141363,1.673151300719871,176.52636584123286,6.803584406163618
1672.420463376093,32.91503842798699,42.4956436467608,1.6050885409040538,167.72676235577075,7.735504747698612
1679.3209243228946,27.92145163332035,21.157028412548158,2.077714030800625,165.40256064959058,9.001027491425274
1497.056827447464,18.164885212496966,4.706756426151992,1.308320080719005,167.03922300612936,11.87037475160369
7.464255418972724,14.93842257487863,224.00239951753954,1.0825134268913426,174.89709382508175,13.957100657764737
59.58906179893413,16.142335539429702,280.1111736081985,0.8558156980270191,199.92137685270777,14.08514696470295
52.55837028224445,16.10367153715745,345.26814356019315,0.9417357080664198,212.4079390988486,12.899991028675325
74.16369194100987,13.762130925118848,388.32901017296655,0.5437023874500367,228.22012443532103,10.56484298407384
142.10253989705274,13.44025101647167,2.4433038646104124,0.40184093769739093,249.4957256338356,9.22284271598854
202.6204069190176,13.499354790460139,48.97256126554323,0.3880592193874338,264.2942260063916,5.103439645858989
263.04100979942706,13.54448376267127,85.90417859324116,0.3960089565393146,280.5876042896954,1.550485691766672
297.0739576950564,13.569018077095546,160.71283939460207,0.3889160301312367,290.01680790033737,0.8731701461415914
346.3374223090355,13.560643093950473,192.6316966916455,0.3986039242491803,298.8285580288288,0.3639816210293893
390.3757445525515,13.597301314989267,262.01738095385537,0.3900059577045828,305.4205643785502,0.3641551178332268
329.3543513378269,13.607306652960391,280.62003623845146,0.4008980909654614,306.49738297570497,0.8753063200079161
2763.7089070820007,13.569644146752593,347.54773645125687,0.5334493030726158,300.92958323759484,4.795586331681007
7.878848536335306,14.016344136582696,1427.5999829865164,0.49024546333722846,292.0768460920607,15.237574805940108
724.012998309077,22.824374025895093,838.7622839616498,1.060257506958453,294.8062045712531,15.237574805940108
962.8508524821954,27.173648220876892,432.140441257156,1.773278489805929,295.42774405367805,15.237574805940108
1123.3545616532938,30.47593167751245,315.5419255550492,1.898309979244872,281.9902876009538,14.281370257987556
1245.0376191602704,35.72220270877517,220.3751935582105,1.928310063125423,265.51347809596655,12.847249427114937
1337.9049477940937,36.726462352778725,133.86550038497717,2.2759595903289993,251.0432186025523,10.280168273304433
1416.785562278531,32.11920178121678,110.5258166082669,2.7041151246087756,238.65594394716175,8.895044643311016
1494.564714710238,36.726462352778725,13.81527387659346,2.5695432813217387,225.60956988222804,7.868777776632407
1553.6563022431812,34.85591709822077,12.379008972106865,1.6759671800225562,219.37917519877467,6.837048491591276
1599.7489639874777,32.94679684167925,13.922932121030742,1.6179359616405846,215.44201543728065,7.784627714659831
1640.4565716286913,28.008855482203046,1.2723195746083045,2.086521941044782,208.34966603354937,9.059254799953784
1514.1598882540939,18.213541907773287,47.18905044542138,1.312865132823803,199.29434754860225,11.92221341303675
31.42244424705972,14.99607263362724,280.10872572299905,1.0803733372720798,201.9197258450597,14.031554678533281
24.973124834788187,16.183683984262938,333.19126461748385,0.858863737403453,223.8297088396178,14.101132184600937
112.74405014438727,16.149686049226293,411.64402965497715,0.949263552910763,238.41634392816232,12.92856859153099
136.0980011355546,13.796081541864504,448.0888644154884,0.5428200437985947,255.60809699635038,10.571103478567228
235.81903944691763,13.4638029985048,10.461267921847288,0.3972089388303837,279.00012682053455,9.227305723215343
302.00906457167537,13.565310982854148,82.3922560629853,0.3951726382223239,298.26850941422833,5.105151404304036
360.60641145020713,13.58569935847327,214.80434425387736,0.3893246507182781,324.13419390238386,1.5513904202711486
411.1445920668587,13.576353228557792,295.41546925148043,0.39893104502084414,345.5573806622421,0.874672176264747
473.37479262295045,13.595612449711624,418.1733481127402,0.391483182193404,363.3129581474354,0.36483055605753306
529.5786852924433,13.618890850735658,486.81467791577137,0.4020303951509806,377.6352867581915,0.36544912186652606
478.88735296490364,13.62591997690105,567.6212544901524,0.3926488958658986,388.21408535502036,0.8783475001042403
2864.9787562713973,13.61692094598529,646.5929438513241,0.5390283689697543,401.5957457124753,4.816384346339035
113.67280037259466,13.998031996844022,1723.0510664261078,0.49949351118380947,404.7412071184836,15.237574805940108
675.5243924580341,22.984761531285994,897.7305917564888,1.0565960453186851,389.48325234991677,15.237574805940108
924.7878392660655,27.338362157308666,429.19117226909464,1.7833964536023965,348.47004973010894,15.237574805940108
1160.338517332098,30.59305055726473,206.59269220930614,1.9016197416494278,284.84721881006755,14.339862276413612
1281.6011051080195,35.59456399658089,147.09292819241693,1.9266076044291276,262.9432666859282,12.808370989041306
1376.299820873631,36.726462352778725,104.59190980663415,2.266384039797261,249.48031706427594,10.250307061256633
1450.6777448115402,32.059025430085505,95.93123370703412,2.701218269619361,233.905216891241,8.880214539640248
1524.210693037541,36.726462352778725,5.852370182531221,2.563104777423768,218.11628013191742,7.857683782058726
1584.430157242307,34.80609715620318,2.655192766349793,1.6771982636446332,207.99593485388377,6.827241206572308
1625.425036521511,32.88776197886726,8.311270090059736,1.609925497465741,203.73714896886923,7.769183606324705
1645.8486353049682,27.959061832366647,19.524386435473158,2.084566234915088,202.47216168915622,9.042748740905816
1516.470913628363,18.210036436142396,74.64594552298819,1.3127022899121823,195.60714543472614,11.924338620608951
58.31070737119177,15.009509807177905,271.7662127591433,1.0887978047434925,189.7809649868011,14.045366399580844
22.778830495777726,16.21278449102857,304.45070369633606,0.8569601406227937,201.88175959941736,14.086878800155802
101.34906555972108,16.145437894716686,360.6127817382837,0.9427159603657074,205.81507622628166,12.913531885218045
114.7630751054843,13.782011877438435,376.34424584131597,0.544296182012418,212.60527763987426,10.553984630163368
182.3706758373966,13.452182466346128,0.0,0.4015480459369156,227.694912586597,9.208416499965372
233.56746851832187,13.550899971333473,16.25601533568015,0.3883166251958573,240.71366320994818,5.095142553831322
277.72762729348716,13.566030633189898,58.876914657405955,0.3954053450487712,253.92950347561893,1.547400521368753
291.69974311689043,13.568993269628091,95.51119156492852,0.3886435725731409,259.26005198576127,0.8716928890699882
321.70729929648,13.586699924028608,100.61552773885118,0.3978461224751358,265.44316746342787,0.3633793415469849
354.2129000069821,13.596715702043861,147.55273260001775,0.38856898126462663,268.0004991924814,0.363458054073538
294.856008492459,13.588409833383396,154.68331393818852,0.3994300460815504,269.0377360388517,0.8729487683703829
2251.435936116387,13.578439445582209,240.93710816737803,0.5307914899694719,262.4728310523906,4.780467313852021
280.23782510118497,13.950248598908367,1205.3109363659178,0.48832058720579674,251.68974531971145,15.237574805940108
923.3752372169108,22.527573007990796,664.5202400747198,1.0523644386541706,243.06634778171036,15.237574805940108
1192.3491700739262,26.84683963258772,158.5515400581465,1.7567995639650287,218.90179224054856,15.237574805940108
1344.0784818225075,29.874257865222145,59.32298518586582,1.8636181181644533,188.8398295814436,14.00038077605522
1446.714021162743,34.94191331858977,11.370386420599562,1.8884132574530903,165.53104784639905,12.554262331843642
1507.5639456127772,36.52569746962891,20.64212573940726,2.229514856360618,158.2216584552252,10.044017510340751
1577.5236948343463,31.56260554475148,42.597867195161186,2.6569524829195967,143.53898885803724,8.715511344804858
1649.1501602731512,36.2561961770555,69.40799591087263,2.5256451809834193,130.96022535117592,7.709455605053748
1647.1718043166545,34.46873039552395,11.070908028957609,1.654980796402709,154.75185334233512,6.729452745430052
1697.7921729663274,32.62140978621429,15.881540453274445,1.6029661618928666,151.25348757979225,7.692279195313524
1754.3713166872938,27.73884000430974,66.59077272592857,2.066420867310371,131.89095784615589,8.953147948521906
1632.3325166486864,18.063824559415647,58.34842729027018,1.3002586654621044,118.1788295221911,11.773197852366279
31.287345403239257,14.825883473473045,118.14186648050213,1.0669133348691162,106.53180294478805,13.802380815885968
85.4467839507197,16.034840778181724,136.23985415501042,0.8497627576373097,111.41801212729152,13.941869318992223
5.647502387517513,15.962023256667326,187.06793031799552,0.9406900677039066,113.96790415793252,12.751158822914958
19.085549535174582,13.667823479072926,215.0097796303489,0.5357735547574219,126.01335310045837,10.47150315256006
74.68271553376836,13.353506878461273,0.0,0.39745463833908073,147.89385635404966,9.144507073279163
105.3228703140799,13.444803474370426,0.0,0.39259065102081697,167.2776820555399,5.0673343973997484
137.76694493394976,13.461012298524137,0.0,0.38693821047790317,186.86253442159384,1.5406190393163584
154.90105426028506,13.492964989363518,8.207576243773635,0.3938236635155454,196.00666249478792,0.8683305882749437
179.62276549686894,13.513635184848546,34.75447596031542,0.38638629870371577,201.2382248351697,0.3620075872115084
204.67655910543863,13.514827258869817,53.11412808512856,0.3959418894293226,209.7549914931507,0.36223322039191097
219.0463543084616,13.520802497457113,89.37427236077494,0.3867447487103908,222.411827610207,0.86972914458412
246.68386200197256,13.531411312682026,114.12716461386773,0.5305637872233508,231.61331756039317,4.762642302720863
27.598095396861176,13.529555592809254,1037.2602911767942,0.487380379346149,233.1891871211618,15.237574805940108
1831.6448258867638,13.396456115851471,529.4852678575186,0.679050650717802,221.9976788391059,15.237574805940108
78.74888751055182,19.084768691584852,274.30219428028084,0.8598244722349636,204.56495451153737,15.237574805940108
371.9698388703597,22.995454846746316,174.1947734632034,1.1220805484009384,174.1367476540318,14.435611948401844
684.0212316220648,26.64671323887286,98.38222934438058,1.0327011308919556,140.78422100846504,12.88294490360312
840.7087726579363,26.20397917673546,28.624074888236706,1.1869069007134125,112.9374331654066,10.216443551720076
968.5539152619216,25.6624071082772,103.06114872962767,1.0467341598909718,92.53342836616635,8.753356488899787
1088.2275398057045,25.580542373995403,130.7105768661942,0.9888548116731785,77.13197100618183,7.716023658516816
1179.8752754460475,25.444646912103742,86.17498673098156,0.8209340832400026,63.7640623290474,6.717142898468445
299.20427212796716,25.26961763905752,36.54051805825761,0.7244460023846034,53.510204087524095,7.646046357414103
432.9288323314675,26.26816002548176,39.75753999014695,0.7827237933341848,49.73716429993198,9.146873391546183
179.30196125281725,21.405662208781873,83.70459397487107,0.4756935608717022,52.44794623357774,12.109113866659658
112.65460297228007,13.03382619748587,0.0,0.4826115882445668,63.933677998658965,14.45811293866759
119.50611405912491,13.066664462309454,0.0,0.4806856070836972,78.04836379192811,13.766954912257429
37.322701412897125,13.066095740533509,0.0,0.4752946599295503,89.21942794694695,12.627917132461823
31.580789753828256,13.2415037764907,0.0,0.5671593073744751,103.86039257484231,10.376349035051135
10.969249423217379,13.254378899227245,2.4600614187774035,0.3963388182108405,128.03873391592413,9.063785662516151
43.21719782218921,13.360514746491544,16.267531869868932,0.3841310759885432,149.33370891799464,5.067051555994398
88.00602766865848,13.386837891963857,32.75709564903688,0.35067645443237216,166.21276132554442,0.8669428159798342
106.48340276596159,13.43517825798109,39.445289045514464,0.3409439457573242,173.127466696089,0.36213213866942856
141.02679681644074,13.462276498469691,64.59624781930154,0.35151596733962814,181.42551392795997,0.3622255504606629
152.74222431600361,13.477807243575922,79.33444728378464,0.3421287057601953,189.08958481731645,0.8694812801045907
178.12998087839867,13.467730252140441,100.54801781640059,0.48463755699359806,184.81695162268653,4.758159278951242
40.21942473484272,13.497060911032968,103.58427881722878,0.3465818768503019,176.62462138479063,15.237574805940108
101.30573294840946,13.228865861813656,121.62788722208141,0.34933953769479287,174.6393279579314,15.237574805940108
158.94167666351927,17.454974562480512,83.28577507223945,0.34181542875279536,175.1876454860228,15.237574805940108
190.32721781604693,21.696528902035254,55.03136032510083,0.35108182482051886,164.0522807636363,14.26156896149038
218.27078222848735,25.94131150143897,26.254934420657502,0.33944508605628926,147.038580610239,12.884416591471766
236.97717091723865,25.883804401764067,22.21623025322542,0.4373348661511595,138.3872244378375,10.34599675655371
271.39532328982057,25.804067677042426,6.572913820960731,0.4361825855858506,124.57953143974028,9.001583926876615
294.5277239639362,25.689375022654843,2.0955268583446434,0.5593082334025823,115.66404852602211,7.976209770642888
277.9262686859294,25.60495113488515,27.02765558957899,0.4385385624670477,126.08797659125943,6.9671498796863895
277.7640376999058,25.67733038280139,38.462136092543055,0.3465765011373829,127.31275658731806,7.982786393531572
278.5188681230652,25.69416297396279,48.82735839516615,0.34194326086713756,119.48528868054272,9.31399458166436
107.36045565729651,21.45171542285306,38.91314496406482,0.34125260794422657,99.56050281840956,12.296882751882487
45.069438686670296,13.12608992017249,48.429063780969685,0.34751540116589474,86.93505444097774,14.532463632708259
19.577080774636258,13.19628207164857,63.53577660195317,0.341231928851811,90.95092422026805,13.894574538389758
95.63978248076083,13.236328461230139,76.95727703038884,0.3514082471133466,93.6924793099057,12.756815799634609
107.76336134680736,13.419307711129894,79.36595881408121,0.48358116676736296,98.39135489723174,10.42753223688535
156.11990237631028,13.44380543180627,89.57991671718474,0.3467750097391138,109.89997603629584,9.095229858514449
180.05544847320667,13.488357976133571,90.063047222189,0.35065446705389586,122.66686173186031,5.069468388098948
192.203512368499,13.504478689092636,101.41328183797462,0.3897431644324251,136.7613810324487,1.5407296329544187
214.39301859080743,13.526358422855555,110.24724641931911,0.3969661536552475,148.1417646482076,0.8682473664237407
239.56729358245477,13.533801990255666,149.8743894083941,0.3898445489916881,157.41652507637198,0.3620331081746253
270.7993917930225,13.52475839024478,158.9863454541614,0.39823163784717563,167.5870256103115,0.36234710812448256
188.88570915308597,13.556925555963172,197.952049309,0.38976517141806416,173.76259039547608,0.8695400329254889
4509.864547981418,13.499761146981081,202.41234225947514,0.5332373707481706,173.27933443035286,4.764468538738417
1121.847777699078,14.165926485231545,1579.8075452250062,0.49986379549433024,171.88384963437173,15.237574805940108
33.02143754772016,23.245833044034566,935.0874663522173,1.048952509539245,176.60843447080373,15.237574805940108
213.78028440091916,27.724086377356944,489.2453575058906,1.792114843016063,190.18861430794806,15.237574805940108
394.59490706764154,31.049372205853352,332.1007734065027,1.9187866074025568,183.04713732411906,14.428568983609345
546.7150846558033,36.26469128243139,215.151154466947,1.9501571488738336,171.17743576021965,12.95855260977866
695.9251544077796,36.726462352778725,103.09736846375175,2.2899746051311505,154.21922841927065,10.351200070736194
843.351132548093,32.367131301644726,53.82904806041979,2.7165346689676073,135.84906488910212,8.930584181984308
1005.9520538530503,36.726462352778725,19.06852324220095,2.566759242437318,115.90512881209807,7.863136014628768
1170.5580804145984,34.891539189139564,28.504541287980505,1.6791866165483118,99.1364796608789,6.815686428660916
1354.3570594911985,32.86171620855677,74.78498201397855,1.6063278665284093,81.10945887947504,7.727623668181855
1482.5331979978712,27.857477637180697,104.96059037788822,2.0695783261119685,69.3429207325926,8.942503066092552
1398.1982126506584,18.10088252472793,97.17433344926906,1.2990943425167534,59.2276321083809,11.743972011311357
74.41923717777517,14.842277390833303,54.93887111363229,1.0707526642345826,58.2117896018273,13.758537778353022
121.85210667472408,15.906545167701829,96.67233516234025,0.8471799430726724,71.90628150572498,13.825201086141398
63.51023518150637,15.869279577893602,169.1391592797603,0.9312516862900949,81.7159987131065,12.673534316532477
56.70129368399985,13.54505430366575,195.47923620980222,0.5391239336925164,92.82268491860955,10.41980537319159
20.747111415940637,13.243186707202335,0.0,0.3912357423545027,110.69042361736354,9.103513263309724
2.1324309137251647,13.27833467098418,0.0,0.39436927330584914,128.29563541136474,5.0486465588176355
31.53824525826853,13.312295740256781,0.0,0.39144085292388614,143.88376234109683,1.538826249951464
36.35681542925602,13.383446869376701,0.0,0.387361450701426,155.60543506153434,0.8676389339707863
62.31305568314132,13.380359392172497,4.81761986627594,0.39275967473566586,166.797758263476,0.3618284588265665
101.94827557108411,13.396830540823613,29.129827190010833,0.3862576053095994,179.70390522661296,0.36195061736626793
69.99638387657062,13.44519854511384,46.18178216433366,0.3950071378586848,185.13302407423225,0.8685226240381391
2605.0212000873876,13.40906221428042,73.06801221728544,0.5214132022586287,188.88071913623426,4.7554193047779885
37.51109063678153,13.993995784594643,966.8932260496872,0.4933580457133688,193.55414622795467,15.237574805940108
706.3966947154013,22.548698369450648,575.9834158443633,1.0435158465379846,192.64651562641745,15.237574805940108
972.044195368937,26.80018396719042,140.7238620159719,1.7543215946053516,177.7117304286819,15.237574805940108
1163.8092632763187,29.83467184014256,7.139073125127054,1.8564751525336038,148.70758234802528,13.95612598555081
1342.6511749897197,34.769619080494266,23.88219703780133,1.8770051001460841,121.75554939506912,12.452041622091691
1500.1382439355764,36.382623897287196,136.89401073233623,2.214166849142553,96.08407653433518,9.971434277699718
1577.002309577636,31.448428572981413,109.76160815811821,2.634973983181317,84.26976819085108,8.614134720498296
1690.9297053664038,36.062122799445234,155.75881552349722,2.503985046341722,70.90477001147586,7.62762766382386
1765.5128285740727,34.27008042322555,246.60726101145067,1.639721812996449,51.922299027546245,6.651640832788615
1981.5253940378807,32.453468637576286,227.97909010857032,1.5776127198221275,42.121969217227154,7.549844309818295
1981.2367632595408,27.47243472908247,200.95297838502697,2.0327854893786226,36.39948536225651,8.764993475832897
1918.2668014057472,17.870059123469584,144.77896315999644,1.2787332506383275,31.511198082671736,11.550927778494009
101.18565788018383,14.630870583946182,4.541020429107234,1.0562860435690997,36.07088758241833,13.543672155980241
141.7181105352239,15.695394224727874,30.723385456676375,0.8355404451919558,52.349750630271146,13.633731774459099
73.84437347807275,15.691328883641887,79.49071733691459,0.9247522350584164,62.53414468226813,12.525098865889536
73.06854523215982,13.44100418972368,107.89420599931113,0.5305544558235578,72.76253093306346,10.319797117897137
40.415439022148306,13.138523823254609,0.0,0.3975116799249399,92.29368964369196,9.021169060646313
22.313689133585463,13.184439104844254,0.0,0.38230869609652013,113.75222883222001,5.017237143073117
6.068573440343521,13.21939721507617,0.0,0.39302875767461015,133.88842433238486,1.530476282161634
6.703066434252256,13.30433539270142,0.0,0.3851722289127853,146.0227963807642,0.8652859093265752
24.35498269051397,13.303974136214535,0.0,0.3906822664795864,155.02720941211697,0.36108289764842405
44.85008479781449,13.31738627138088,0.0,0.3903345845620541,166.28359210587337,0.36127217852356713
29.812947763219828,13.359188860032196,8.600799641061105,0.3860969291324016,173.98092118733118,0.8666556109181107
1732.7500619420211,13.340143174502225,23.564292283268,0.5240853189105372,171.7755955946187,4.74374632108252
533.0625809102362,13.864451165404558,767.1751117448629,0.4874475083396047,165.67782591736844,15.237574805940108
1111.474833152369,22.031116642069385,440.79486678498216,1.029373316864289,161.62399824771643,15.237574805940108
1279.9583918135006,26.310355951911898,67.48065025055922,1.724565048300685,154.63965206059294,15.237574805940108
1397.1267536048438,29.39179310066521,12.226665828420437,1.8357509314083693,136.98355845083066,13.746089114603143
1503.0167314845244,34.4771074154538,34.38625017241807,1.8629512797249552,119.60705249226032,12.351715864071195
1588.301202277167,36.17617895434372,61.45866109670614,2.204243892971325,107.67447558594175,9.913915942278747
1667.409999528228,31.26276601009388,83.34600424708209,2.6282110435000665,96.55375170455525,8.603920442841064
1740.2451232806739,35.92201266615645,93.38189767026098,2.4968290982124457,87.13523514687049,7.61303745029982
1809.7544790244413,34.13722743631187,77.47260377631139,1.641833555336631,81.32124928015322,6.649888845642771
1876.3289989756395,32.25828830271211,78.44086412583074,1.5797728027666282,74.95147003413055,7.571377997251283
1935.7787168521356,27.412031893646155,97.89742300242776,2.0405635721658872,64.99280522630558,8.807109667956608
1809.6063082723238,17.840481250593772,112.1856060267014,1.283142174863088,57.132885638692876,11.59140816395253
97.29651573257907,14.655608391700671,5.979580205592272,1.052969509318421,54.32492472962119,13.592073994654283
147.71860191801105,15.724470336190693,31.84033830848861,0.8425998194934015,63.0814516448365,13.664088462811671
70.32443874927581,15.675357361356605,87.16742518405484,0.9213350296721291,68.66369803602271,12.525616715227699
66.80315093414652,13.444454139501778,112.9843526771186,0.5332745437501446,79.13296512035087,10.320511821065699
30.594368660849014,13.138377973252734,0.0,0.38898530967967304,96.47301526755342,9.021097422763788
15.019654071966828,13.20042998781048,0.0,0.39111154642960183,111.55839949658444,5.017297511815468
10.94257641144503,13.227256973697239,0.0,0.3831205811220086,126.40842551510418,1.5295523957115926
10.529840092677786,13.297661040645297,0.0,0.39248942908111384,134.53588943932104,0.8641621854361686
23.37151932206018,13.302131824957458,0.0,0.3825557909223888,138.0138171567026,0.36067136874901473
33.626649548910116,13.315253403582442,0.0,0.39339939628599746,139.0509961876559,0.3608413428953525
13.08916449897564,13.336308436574013,0.0,0.38643810589956873,140.84697061747798,0.8652997786143296
1342.2420683451119,13.313383826965786,0.0,0.5203845636161795,138.5250367262678,4.7339610098534
729.6899704165498,13.799688078494187,578.7821683867444,0.49000385214759673,131.81408711399433,15.237574805940108
1194.9119404366359,21.733286752168848,403.430663329807,1.0152161967458728,137.91439653466608,15.237574805940108
1319.497060874398,26.139466297260352,141.9862119251904,1.7207825247359834,154.86375882954215,15.237574805940108
1443.191128469158,29.40652830628366,13.471200765047092,1.8336241989569635,140.6336222443383,13.762915924485831
1547.185020663237,34.411169311687175,37.75311668302255,1.864521076694134,121.85521580482757,12.337731369217666
1637.2833831536366,36.104823597181586,63.246560587527945,2.198079105857067,110.24920226723803,9.894041454968244
1719.2583448569214,31.199484845564818,84.53374733814749,2.6255366854911135,98.75310415167078,8.586809183308317
1791.3783729632023,35.847611553677666,94.16148772855438,2.4908524002362844,90.06272733665473,7.597939622417085
1865.7303341528911,34.071906088936345,78.64902638922023,1.6386692006437682,82.91580753281184,6.637317851183089
1935.3586137760892,32.19180125480347,80.21593921960697,1.5738403600762092,74.35519268158546,7.5559689908073135
1974.4977039599644,27.349423028981974,99.06997025771078,2.036169305489276,69.94922119103595,8.78692727169098
1848.246525031792,17.812127877423862,112.77739638214332,1.2813590689495173,62.866237539013106,11.574661679032276
90.5441858047485,14.641063075902506,6.349705049388683,1.0585870731467335,59.16205490280366,13.575157126083116
142.68261819680302,15.724501119453192,35.11062280520024,0.8350920228015233,68.76720102167369,13.660359688604926
62.45153714252355,15.671257909428633,89.63482092395816,0.9195028060006836,74.50097174942677,12.52328279506222
61.048110328399915,13.453329116450966,110.5153447052022,0.5340906431052569,83.422506629001,10.317206708083337
29.281345119542976,13.126594031705622,0.0,0.39427529545911033,97.59593189683012,9.014583332255151
15.539266539561222,13.192500995806379,0.0,0.3845347218493313,111.56200274279325,5.01262280974808
7.853383194787004,13.222774100213332,0.0,0.3902523237956136,125.4551910935817,1.527978797077983
4.920013665681293,13.271674883832919,0.0,0.38399456419211747,132.3751986041231,0.8633140548402222
17.81443387909766,13.282795652120049,0.0,0.3912270074961186,137.41354143162275,0.3603714879785379
33.96501583918801,13.304065361254835,0.0,0.3833937771746766,144.23456442277737,0.360566987826852
11.95869403413639,13.317180468479172,0.0,0.39239476936805934,145.71409603051572,0.8645933010017335
1247.1826864111954,13.297534078625556,0.0,0.5218331822878319,143.10176795348434,4.730029120718637
768.2035530988868,13.765053761565051,569.1946334801468,0.481712658466698,138.67114170062243,15.237574805940108
1248.373433999823,21.681507947047837,327.8932410221722,1.0203616763319447,132.19074005950242,15.237574805940108
1389.403075643593,25.998651246155518,17.286270622898893,1.706988435995555,134.50203310354286,15.237574805940108
1495.549616726801,29.120287982317652,33.18199014084961,1.816105703096963,123.14690758843093,13.608416277547592
1616.6975917814314,34.2973736454828,45.823918395865206,1.851870785720165,102.65718274226496,12.272203289166033
1750.3833139340024,35.95521201632643,74.18046333130705,2.1914963498356608,81.33482486628535,9.847707876605568
1853.4677102156447,31.034690892193,144.08321706973112,2.610914203402205,69.78913406604909,8.53302867223881
1960.1410250862818,35.69857584575636,194.91390383734378,2.479289696883379,59.72920456092461,7.542575744338354
2087.7762689727924,33.94747558814426,217.03327256804445,1.623095667297055,47.701728880968304,6.5816197965399565
2207.71653203412,32.06993132965598,224.31227860241978,1.565553741367864,39.71576595394833,7.4809534512403815
2308.0773367470247,27.22753384341266,245.73830141722416,2.0166714581519685,33.11250494077285,8.694459688798773
2190.246710685085,17.716462781732485,192.52021960014733,1.267887715369761,28.160268964029694,11.442828780310272
117.83960267986673,14.528642992557687,1.328200535929862,1.0458247042942301,31.919254505702103,13.42268109016226
153.70388485118966,15.56082083507278,8.781240089107069,0.8296105956840361,42.675894942824236,13.524350525586987
85.78899979528838,15.547082867063404,32.6545832749641,0.9199061227206607,49.014444888684224,12.412553017059965
85.02473646477654,13.349254735478643,50.884925167162834,0.523469820516593,57.8486387993835,10.221749636759256
57.89108955635628,13.009679620908472,0.0,0.3945934361347676,73.35045546288372,8.933320333568712
43.94557911948542,13.077818857889213,0.0,0.3816676993003727,89.0073111993712,4.979675066032387
19.495838071114253,13.124122386396293,0.0,0.39118992238398903,104.0146645031232,1.5187493732056314
21.50743389612732,13.180323851286339,0.0,0.3891407086326121,114.59185199294237,0.859416822007311
14.702759746012983,13.17821487091628,0.0,0.3846946604464528,119.68879635819947,0.35890957092332715
6.726112283936432,13.213609257643235,0.0,0.3903806943922754,124.91610292283997,0.3594915947834757
12.773209266285392,13.231852574897797,0.0,0.3838810348146547,129.712258922397,0.8627614550918791
7.218086226037426,13.20668579302835,0.0,0.5220756009814262,126.56804365592035,4.714991034455063
197.83454473352992,13.23922655934527,474.66612637892564,0.4790166522357084,118.63550028902523,15.237574805940108
1035.8266820333813,13.071082971926433,299.5717306948251,0.6615127214724013,119.01487887046119,15.237574805940108
289.72496110771016,18.74527778807632,153.11704101263325,0.8524187363915222,123.64369115865715,15.237574805940108
590.4450031867126,22.18669492448041,63.89133980462902,1.1008411247861982,113.24543835364261,14.078073705295912
878.5588671190905,26.0029988385382,27.168304224682878,1.0094533780134844,101.60077862871631,12.56312902367757
966.1165273221468,25.698952819530703,10.272909241563594,1.165215243028407,90.31695896652768,10.005819563289919
1036.4206501438991,25.34167834125379,1.2632951649120576,1.0401502539759677,78.67013771690799,8.66739866141514
1086.959143695487,25.216602026560874,0.0,0.9839774599639909,72.52024187950664,7.668412801632233
1127.66362780251,25.10115674018432,2.3278413292303366,0.8109590969849562,67.83467764872937,6.692553594873646
269.04117284230693,25.046546747035844,4.060256584831266,0.7238586912043867,63.10213113145211,7.627321024646072
404.7527884888565,26.16418756906763,10.224539792591022,0.7886071974020549,59.17738772117965,9.174413076755382
243.5731726630568,21.289728875376603,34.27550519533372,0.4738814835389421,51.03310937236818,12.032556940273983
168.4577078714588,12.837365581894737,0.0,0.47852551709651225,52.30618091529164,14.259435505272428
150.6914590717306,12.864121649146304,0.0,0.47548791085236214,62.23290342202807,13.602318088372213
70.05180940095126,12.895179480486343,0.0,0.4703747527212691,69.17676748460356,12.493627548368531
66.03511303340142,13.084893337834211,0.0,0.5669399389257062,77.62791232585296,10.265099379340198
34.30898387122949,13.093364246893195,0.0,0.3924607623424007,94.08188068196311,8.961904084824436
19.01783692342139,13.163347929053527,0.0,0.3842970015397208,110.5856588020292,5.011568188529407
15.60965371382195,13.211136017208942,0.0,0.3465343849458234,127.57205374954242,1.5276628984889413
30.953762047190935,13.292109283444177,0.0,0.34031846138594196,137.7046781525712,0.8632065295161276
57.27024693124415,13.297090871887418,0.8932982451826407,0.3468166445747355,143.92523159733057,0.3603023831046354
84.17225000443634,13.332278497956835,13.595628223180633,0.34099980430991333,150.0403396771793,0.3603739431941193
115.7621004442465,13.374769732017201,56.85041720030151,0.3465058410140953,166.75595669825591,0.8637116245043875
157.95808029099845,13.375466399931852,80.25923789648994,0.4742607767727512,177.60175463624694,4.724892564375803
51.39496221432987,13.387819200419356,136.0538992381865,0.3510792735868219,176.66409441780704,15.237574805940108
107.84431484686138,13.148582799078627,151.572455461001,0.3420879428070102,181.68131391690656,15.237574805940108
145.30396037804402,17.361300107442776,193.84504576284303,0.3491268385864814,198.31011367648833,15.237574805940108
179.6785932032138,21.669514886323046,98.80889239985439,0.34293657555702645,193.220238004392,14.241256043900984
211.62495424805343,25.88464434283346,63.254686853206955,0.34722280361425567,177.96884155176502,12.85084168412276
230.0044850805152,25.8211944946531,36.1790259176655,0.42811631113077137,171.7575564572624,10.32208535426688
249.6171502375265,25.74223198946631,28.880673157439496,0.43639971022164187,164.34059159444453,8.977392190204272
261.6623336218774,25.67661026299252,27.3304314267827,0.5652621317256527,161.62446728802982,7.970755010122668
274.21275660767805,25.64129228456989,25.2175835101793,0.42994444211528,158.01378302520476,6.972859028654519
280.34629496334856,25.596502152505764,33.027374255726336,0.3475977569957809,154.75902645756116,7.957764777499216
279.7937561828265,25.596138460974423,40.82495419356295,0.338591011439488,147.04985723283855,9.27719778056652
88.4765513091072,21.365043498470904,73.0143995649985,0.34589227977198833,133.2854660753992,12.247259978031671
5.53284142079115,13.11820717099024,91.89969704772,0.3414270608307147,129.42568880446677,14.514856602485432
46.07466816259576,13.19526252573192,150.82312188047692,0.3489913122204131,137.04004017525,13.906886338717896
181.12749400151097,13.273001791115988,156.33443431313876,0.34377327676069314,142.13072449771613,12.760082652266776
202.04595442872153,13.412388256759668,208.82472474524468,0.48364854191107215,148.57756062425597,10.410303707664356
259.7339603024031,13.405097621944376,207.05380439368727,0.34558235482613564,161.9266165339702,9.087715695147134
291.7926766026097,13.452618125949966,258.3925267690145,0.35302406761553845,177.04157690470305,5.06234819687837
304.31267888431347,13.476432559871727,234.32494678183986,0.38869630751689616,190.8213597815007,1.5394540069371712
320.8723457961882,13.47336450164522,267.2423697391334,0.39882195901521145,195.35797045606236,0.8668361874157666
336.7034021760536,13.472755001166586,246.36457989812445,0.38863171390814344,198.34783689275173,0.3620237704897454
350.58748025486295,13.502702095875435,282.105206995051,0.3998669721459275,199.51031292484524,0.3620154601928004
262.76578614631654,13.499874599354708,261.7790602681405,0.3965509505732716,198.51575473468762,0.8676954178453922
4757.025289799881,13.450245122621226,293.0647741820045,0.5247701385760234,193.06204628558825,4.7452444679193855
1209.6405295593545,14.122605753027262,1727.214311931138,0.5000696740617816,186.17103075174148,15.237574805940108
68.5607232774777,23.180031479494566,967.0345913151518,1.045603779164837,181.11151928367838,15.237574805940108
201.5806113210085,27.653418463220365,484.1900902585334,1.7885884361733644,187.35529542619062,15.237574805940108
398.3865855218214,30.930473561448533,310.7490615999002,1.90705754595714,176.67122723437492,14.360560194443263
554.3884414338294,36.07613990126431,182.4705253646576,1.939916037885138,161.4863312519208,12.881141805944374
696.9266460272212,36.726462352778725,88.44478734690502,2.2745304461395435,147.3512487179292,10.278082267687857
829.4319099933026,32.18801386114287,63.97316277924434,2.7015521231108433,137.46759384747747,8.872946469823265
957.495373344164,36.726462352778725,13.580848274678393,2.556741972091086,129.43959558367584,7.831568989211687
1073.6199819157569,34.81405959475186,12.675874516449023,1.6728943916269972,123.694264583515,6.798542549880762
1182.0706505709281,32.83861408898769,19.67115717443901,1.6044330868008607,117.65724490301754,7.727511537226178
1267.295290020151,27.869848372330537,42.24216522983291,2.0731963606612323,110.09778241682983,8.974439540688367
1192.8656613903509,18.12331448992578,52.36646146928113,1.302826898836172,97.19945703089678,11.798585682042583
74.27408070798774,14.872069587440935,98.15580637518106,1.0749070047601224,91.91671658462927,13.818715795566598
117.60290356141832,15.875387696583472,160.41309252103235,0.8451629491765361,102.923724535172,13.830637435179407
34.97046667182044,15.854713313253729,223.30903444421693,0.9306585472560149,106.39467462266299,12.677027429408385
17.186808141422382,13.548327275447832,284.93746747152625,0.53914615082825,120.94673569606033,10.410845276721453
35.450864095339455,13.254933359541017,0.0,0.39462951195629775,142.1359041799127,9.104094659003133
61.542560950536576,13.314471340047326,0.0,0.3898655892919173,156.41379510373918,5.038744756454898
93.57243771104682,13.344376476803676,0.17579045781861188,0.39055239810528414,171.05186558774963,1.5330149817785639
108.77671986094715,13.388179670007112,11.448697354885038,0.38597567045997244,178.86757083490133,0.8640852003011547
125.37640310361265,13.390275854296267,25.432872306600707,0.39188700325846904,178.90122782450848,0.3608824427198884
133.92966329053118,13.392559360040345,28.26098125132096,0.3858753613307127,177.0526994680713,0.3609859143545083
97.95098976832153,13.419121516234584,49.60286780246394,0.39308270826565667,178.42061154356543,0.8645340251214314
2666.016485872365,13.379221529317867,52.31231661995487,0.5196261422597755,175.50391891252053,4.728436696893165
24.223215778746606,13.944777618617493,938.0375208831114,0.49193086461622804,170.67767118899903,15.237574805940108
681.3462656211169,22.433902336663614,548.274808941877,1.0398249555699606,166.981202044522,15.237574805940108
901.5793272464067,26.640876033170617,166.03403834073924,1.7441660862631618,172.2905592024369,15.237574805940108
1063.2335885704777,29.770966711182382,62.17251625551695,1.8510220410664275,157.48947040123247,13.911983457878945
1221.988012006098,34.8214616444887,6.280382247161859,1.8805170221017988,131.04459074731625,12.480770113971662
1403.8307961538692,36.33068952395051,14.651836906872395,2.211663052972815,102.17189472419115,9.966320361095839
1559.949842168242,31.253213378817122,159.806403854209,2.634774482309897,79.16147555692379,8.614162926589097
1695.2354676951463,35.96681833508846,243.61724469691075,2.488856757688515,63.99596706896375,7.580486248156107
1835.5819293344955,34.18421229368346,248.2545215814532,1.6300177914434,51.65336882293387,6.602390775343658
1968.5367553083445,32.25391968972627,254.9057997181462,1.5668222633756035,39.11942591145468,7.502310232277579
2052.1675122664215,27.35609301627289,270.7400552851557,2.0217295423232575,28.71332201389005,8.712326734142541
1856.2504992023655,17.787370604879104,118.36291877171477,1.2698754834518629,24.316700378477222,11.46162825509035
113.57746055486433,14.550478692320358,0.8456406862927565,1.0527061954744428,23.048502687964607,13.464613251339195
158.0628311293182,15.556458905333862,16.334766731383485,0.8307415089042398,33.82444324457266,13.510093514613725
74.65628975941335,15.526745115981164,52.55470927607413,0.9139505076147536,43.49717617200197,12.395339411807752
73.99093788061722,13.366154779349229,72.53688788102257,0.5320861701851649,53.7869548149736,10.228777984148545
45.52411527910179,13.031564566314978,0.0,0.3942186484618558,69.9976013666863,8.939477209602932
29.745342731239848,13.103142902511054,0.0,0.3822360757722941,88.84478089780717,4.976746478189531
3.698520486992323,13.146619416317865,0.0,0.3913773350615282,107.93647177879423,1.518960802264835
1.7955683691140523,13.204776073384453,0.0,0.38194669823334515,121.77706573851896,0.8600165887440347
16.62294982642769,13.219362862267866,0.0,0.3921551014048391,133.4959819010084,0.3595957791015451
35.955885213326816,13.259132648841804,0.0,0.3814205414280482,144.01416252589453,0.35991083527183404
20.18051795282694,13.276072878423612,0.0,0.39288455681558265,151.66497743415275,0.8619855553516351
1669.971882454559,13.252931028729348,1.6593713758281832,0.5211357713080986,153.3988464677246,4.712560744958805
541.0672730513473,13.813581944741921,678.5586836198303,0.4806753754538158,151.50220380768027,15.237574805940108
1125.7982321169493,21.849327555415833,360.14804165643096,1.0262424490066169,146.09695354588735,15.237574805940108
1316.4262685664098,26.05848570444368,25.825450278492394,1.707879011480568,139.9607096030566,15.237574805940108
1461.1575333200203,29.11211948947427,85.13898067524347,1.8169921478853457,122.58929075503936,13.597632872735256
1603.7273129608848,34.2847458327479,121.9750017721851,1.8439208209763591,100.32448274189451,12.220879416810076
1738.7511803440045,35.93842436041567,200.11720155846254,2.1815930731157134,80.09767694953435,9.796294334321015
1868.1341761591993,31.060892855138462,249.69979660493422,2.5958356696125673,64.48811764897373,8.483120912853842
1995.7466846758489,35.66442698818131,307.0117178388065,2.466089550883845,52.795255258857146,7.497069991988396
2124.1450553514187,33.89492346267867,303.040009838401,1.6133131919670323,39.37178632045905,6.53883734284112
2262.4167250767327,31.99040313931116,321.9413421536329,1.5576467542097856,28.397074681036685,7.434268225114067
2337.6802539018245,27.157513360962064,360.25488688563485,2.004166819791436,20.04035308433359,8.635823299139709
2308.368676509361,17.677985310189673,318.70758315809724,1.2605927300011632,14.88217462224449,11.36471637640641
187.418932235718,14.487151657302332,93.28433622032371,1.0380198773943836,13.450991866301946,13.3200114268957
168.50219674630162,15.370323978325342,0.474821568902024,0.8115646946800589,21.72640441547016,13.150081258692214
105.09397996300613,15.404252480602999,28.34189529492363,0.9141126148248496,33.75947506096981,12.284471060593686
97.5364386519599,13.223343967637122,45.831029038439915,0.5206515340471193,49.31647885622852,10.140035880615532
68.22587477549529,12.93410835145154,0.0,0.3931941450689501,68.49429010980377,8.874434732433699
52.994806550206576,12.985311666683511,0.0,0.38051090481529226,86.60463942006858,4.951450896219837
24.665163272202875,13.032448804358722,0.0,0.3895759964884234,105.61274765627732,1.511259600195421
26.211886329038418,13.1222332446652,0.0,0.3879191114996855,118.67210964221088,0.8560634398572222
13.803051124714628,13.11151295774311,0.0,0.3835687056218684,127.35645102595868,0.35807052940104867
1.051282709904729,13.140474949513962,0.0,0.38921092494997783,136.44642218981198,0.3588898971559296
12.948065813832361,13.196150728445293,0.0,0.38281235396108537,141.1269359002705,0.86053484673767
1069.0756908008177,13.164377828900202,0.0,0.5203870492303999,140.35818180027064,4.697571721453177
805.7928130678877,13.634305865195001,541.5143060010475,0.48434692764190534,135.92440940147426,15.237574805940108
1270.1298947592973,21.53387557181551,317.2621526504322,1.0075087645390794,131.01680279692488,15.237574805940108
1411.3645409194028,25.836297201946547,6.102247888289365,1.6950735226509501,132.0261276147908,15.237574805940108
1544.6835239858974,28.930074685207593,49.56816363970575,1.8066353670891617,113.23315289560622,13.508101527580902
1667.3695420538036,34.079306933479096,58.23108934698832,1.8398878890900128,94.28265370232744,12.175893449836023
1744.418459869943,35.729506612843345,77.35126963644223,2.1761528506426733,81.88043648510455,9.772595574358904
1831.6656576401317,30.876093643988195,95.79668715857574,2.595177039230606,69.32566045014734,8.484080234004518
1942.748941139626,35.47130476363213,118.63506653695434,2.4659960210145653,57.44705882296746,7.506542131304386
2021.005864797701,33.7028490829816,103.93590351672582,1.6191506737248862,51.09444364870948,6.552077701930587
2063.3160261378052,31.843801814743735,94.41469961556538,1.5601453297498007,49.13089214410878,7.458024400284013
2101.5267348222324,27.067778560895597,110.88807751495484,2.013953998141581,44.349972489722106,8.682202635127524
1996.9119587247462,17.6289385140072,116.56064117272958,1.2685144594932392,33.37088131670914,11.437293007436528
114.07445236874572,14.478612917608448,1.4341139043812035,1.0404300128681607,30.694745972826443,13.403143472035355
149.04126132950233,15.504830218617329,24.801979756202048,0.8290166691036994,43.48666279623645,13.46591121077718
82.97360228390049,15.509361105301505,64.05121937995713,0.9183327954928935,50.15649361229952,12.378444799741763
86.89269065024797,13.31070423917039,53.86541658133339,0.526181169780928,54.760384648707884,10.196866900674255
59.85951260535622,12.950172122015116,0.0,0.3884250656564882,66.91586001074987,8.888703493817246
43.06625195209648,13.013099992136043,0.0,0.38798370320564407,82.47227862667395,4.951714603668374
16.1488848249534,13.06387919814918,0.0,0.38222873262130014,96.35678704765434,1.5112557306298675
18.342219189191255,13.126756141602295,0.0,0.3893476201373274,103.89782207302382,0.8558752320997449
8.701748905465177,13.122368711785807,0.0,0.3818667079293826,110.19365377489741,0.3579216772962522
3.837106747233035,13.166458199493913,0.0,0.39018797425694335,117.09380214033196,0.3586326483620762
10.289586927153639,13.19506864086525,0.0,0.3813186120865324,120.84370656642297,0.8592140548302218
959.4835680711153,13.148454131735257,0.0,0.5213187519145975,117.72393367584309,4.6896584949666495
855.1275241588537,13.61668811270314,441.5367920563535,0.48464800269402325,113.1969181068236,15.237574805940108
1303.2224434632024,21.375976728259165,254.48385151713214,1.0005923578246332,109.61954323794424,15.237574805940108
1441.0815031950506,25.678762437198003,23.44747497877285,1.6873341484604132,112.10893740852266,15.237574805940108
1556.6245784734776,28.84327569749333,53.8142235536086,1.798051449439654,101.90778061629854,13.445227216920376
1658.3517951716506,33.99841584910051,53.38441457769072,1.8379502901546332,94.85733385735881,12.139623872393152
1756.37021343744,35.678351949600135,108.32576192315355,2.1723120522671744,78.93208807171317,9.759514717065985
1917.079587975822,30.856649536614906,189.6211479553327,2.5892808785014756,70.83415988842557,8.462832998228146
2028.9521798301473,35.47567539320867,256.5968376870852,2.455644146107996,64.41914865470163,7.478113198285477
2160.057424611458,33.74769014554243,272.83234450914176,1.6155154650032584,54.43489336438199,6.525955695001395
2256.6949643839494,31.885261981764884,253.1513318671367,1.5502828039777332,49.06682159693754,7.4204420642311035
2297.7318858154163,27.066546762158243,225.48429437611892,2.0034751673840927,46.32000736831331,8.631096354444296
2123.562967458758,17.60854257601948,126.62447238929376,1.2616583192485145,43.49181581333739,11.375969478296101
142.77138071998974,14.42778527278604,0.4744340790330498,1.0372686478940427,44.74270187200832,13.363257494834341
160.53522899385982,15.427581491014415,17.536017474888908,0.8313613384560683,59.34968416902355,13.440414321213291
83.85909014360993,15.475893880631393,59.99875584873171,0.9104410012813186,70.7606250128509,12.36057090754636
79.88638090865557,13.27436260043934,94.36692492492047,0.5272780581099425,83.66277790987142,10.192091844906754
46.41087376556929,12.988490503925131,0.0,0.38553746919080717,101.30674740235983,8.918091814690756
27.906566828661482,13.041090624507278,0.0,0.38802894846227326,117.95624544157991,4.964842579285568
0.7579404654167785,13.073449800003777,0.0,0.3804126345405276,136.30767247802422,1.515023935270748
3.0015312731532076,13.1544536885295,0.0,0.38944629616353266,149.90536460114976,0.8575379545876908
25.417235828076688,13.162988498542704,0.0,0.37992483827601653,161.730034138835,0.3588418794191421
46.473754704580564,13.190383675589805,0.20520707744015618,0.3905566036224073,172.1214467076191,0.3590516175459231
47.27126201271256,13.219277100225941,12.998307390489689,0.38188236408680964,180.04312582845495,0.8590525450235531
78.98843395847219,13.227681325160244,38.356460640769825,0.5193250946314996,182.82944394938127,4.694240539574217
107.49816568634671,13.251025046005005,761.8124309460552,0.4802555251744853,179.19337752443113,15.237574805940108
1226.8689746259383,13.110169246684537,486.51997501474403,0.6678550910728753,184.28336171827317,15.237574805940108
140.21150638448398,18.670588082363775,336.8102199910864,0.8459699174889332,193.92582129552196,15.237574805940108
504.44211201286015,22.454408270514,227.7797088026604,1.1085219099803096,187.56579566468577,14.196661461010768
747.7490003653602,26.273937222950543,126.33157594688137,1.018929245118324,170.39249500979722,12.690689817420237
871.7447823242433,25.938530711966074,69.42334046441007,1.1757400554332653,152.05284908901285,10.104292099547669
939.0196258358573,25.49886217330608,64.42891655324264,1.042888707167156,145.21263166009163,8.731839687552373
1062.154251748443,25.408437656632692,16.517938260670928,0.9911081253587257,120.00956504453718,7.738112933602603
1142.3856647983303,25.142447961719867,9.598831518829423,0.8187116344353779,103.55934222297394,6.708077035943159
270.9204179244679,25.01216412594931,34.097936197645694,0.7219433974755621,96.02243037965991,7.620617431050018
340.25898881032884,26.15045622730621,60.261910138172595,0.7837826464947936,96.60375986873194,9.175034471833712
229.00986480778872,21.42563934122394,84.59919075112687,0.47418374122756435,83.89178675490169,12.093939964188829
151.0201542343613,12.861089874148297,0.0,0.4779416225822915,84.53311531005295,14.284275515006462
130.91745279393552,12.869259904273088,0.0,0.4759069129122115,93.23340402081942,13.602248466071813
43.72724203358129,12.8969043143747,0.0,0.46970334025842125,101.32700587336757,12.487288027018215
34.022067312402065,13.089751876472947,0.0,0.5630842884585976,113.05343040880558,10.256966690465088
9.047777425470445,13.106884043902904,0.3596039971758559,0.39343813833833235,132.82484408873427,8.958327520963248
48.465633638809,13.186217265231258,12.190726155454593,0.38120126286083583,152.96075018633564,5.0073233596656825
109.39806224961032,13.246344910780579,36.41451620561217,0.3486514328284124,173.17707308648622,1.5244878781782822
135.9280449866178,13.306580264742554,68.2398823721886,0.33833491447185293,189.49228268493604,0.8598181686616443
184.0872324104145,13.307231274756747,88.60401797455582,0.34876629632997425,204.00224627308157,0.3598006316879036
234.00693528575476,13.33180824688137,132.89567038237902,0.3399019209388335,216.05220361872298,0.3599619719387225
255.59821383853915,13.370351105776491,168.07405100838955,0.3503111301243568,226.75772214233993,0.86126293414306
299.22301668193614,13.369340403961006,246.8925222633739,0.47242226043079055,233.24156809941564,4.705948224720913
77.54940023779575,13.364298499845795,276.3776822949874,0.35514298874316547,235.07910599190913,15.237574805940108
14.486418193223859,13.21358240567931,256.4273024215254,0.3411446072870754,228.79190668747611,15.237574805940108
87.9468670414983,17.438288671351046,159.87869425869656,0.3524431754158268,220.0388718337182,15.237574805940108
142.96596433017967,21.636184456513238,111.40429562735498,0.3398641271634048,194.83400410093054,14.187145870031914
200.29377697677182,25.80219479146687,61.34789909562274,0.3492829000747419,167.94276681741488,12.7980909198662
256.0915167491432,25.66318246266696,54.47302437931939,0.42448749314325646,147.98535982018058,10.257222717010679
288.8656540193266,25.522503236987937,43.018156405349835,0.4362320021333947,132.122268755766,8.906166762628406
324.85872102728064,25.410704724530973,35.911555638899536,0.562958440102617,119.17548121108098,7.89485428034382
373.4032935450952,25.31114297042527,20.83854822485043,0.4255218642521636,106.45503187640617,6.890177236765298
413.0949752914924,25.164446964125975,20.680473880130865,0.34680871048758893,96.02179089181266,7.834782976009491
440.73037761643536,25.081411924018283,19.87446176303908,0.33329621308116014,86.98564569697336,9.108440011854576
292.87487702508395,20.885374623522374,27.81401015374436,0.3440000876825565,76.73198466174107,12.000164363418367
206.23865673842445,12.730949948456601,33.83482261176711,0.3349304048952357,74.26640128670319,14.18232864222435
137.45724881637912,12.788630786443166,51.20877464043773,0.34591645201833415,89.60861422647004,13.576994506689026
17.461918499976107,12.901297583791775,89.04983336901668,0.33759414237832724,108.99148878431711,12.518230490811378
36.42130345568983,13.137870132283501,152.8120566033887,0.48023865820197476,131.48109748716215,10.31665083794832
141.15964299107344,13.212829918108305,200.76543113656734,0.3481242751206665,168.64314843909378,9.02409145002624
219.21999443988713,13.291965843268473,300.5893648868662,0.34656099940420143,206.53693825080381,5.032034858602263
278.4672311855953,13.325149516097916,350.5923312510585,0.3933671416707772,238.20283221090585,1.5324586519310983
334.87182435115443,13.358592475437293,428.4991824338162,0.3913686573063047,254.04007547478173,0.8641605835272593
385.549819846394,13.37779027612196,441.1625528135606,0.3962356247445234,267.3274313341241,0.3618475951567069
433.76748501000213,13.387553078188002,526.5359478767641,0.3913563321266149,283.8172528286197,0.36204843638516787
392.6464582018958,13.415529782240373,578.2326465140261,0.3980308072372525,302.6818197099813,0.8666084470159909
5077.243726884162,13.410260220961773,708.4348897879158,0.5242296602975045,316.81022820571513,4.7389483492107605
1522.9293446490487,14.009110112009663,2072.956945886621,0.5000570292771541,321.5793738729853,15.237574805940108
309.7725525291229,23.186077545848047,1170.0621505784493,1.0450088942956752,321.315068938805,15.237574805940108
71.53845042132701,27.788324382610618,574.0490388447573,1.7839392558915483,306.127562307394,15.237574805940108
353.1583270446291,31.080262463010317,325.2400201407922,1.9036190470002028,242.233778638102,14.397747718468903
619.4207669723446,36.05311311769352,182.3968661001932,1.9344686303227103,186.03160100968924,12.87072428498733
829.1636413927683,36.726462352778725,90.94632168960263,2.2611346874861877,154.75790045290387,10.219791958105056
1000.5608484078382,31.875531875412275,4.025736813126722,2.680158986904606,131.5045611632899,8.794988479292764
1175.1844760251186,36.255683488417446,118.24556442754236,2.518373932881293,111.78284326286908,7.706578775705812
1337.343537611204,34.47768041900198,145.3473143782182,1.6492094934313488,95.04159604695836,6.686584704485877
1492.0754121633702,32.503673079734966,143.08648351548825,1.5792503476271802,80.61160338684851,7.583531898967784
1621.3821890881075,27.53738507122686,162.96762977873533,2.0389727574475893,66.6442545321617,8.79933093425192
1550.6323807473025,17.881842607328,131.80585344007144,1.2809710218813601,54.756002470525694,11.559583479933533
127.93246656840137,14.64891607222593,41.407317681000016,1.056864633294576,55.33560120054203,13.541394805219381
122.31275983390437,15.574277888986343,82.7536003263246,0.8341955485262414,75.21698918621635,13.584454902214198
67.33210290623191,15.675276125254781,164.5352357480281,0.9203583696572517,91.69483064628342,12.509844582267535
61.50106298789717,13.397098863972712,198.8902220195883,0.5338277568562497,105.88665485804151,10.292340897206357
26.60381479933291,13.089459902129596,0.0,0.38723868823027435,123.4615641938618,8.995618586993482
8.546764312896075,13.107793905960063,0.0,0.3915200588414917,141.68238759705275,4.99039015739781
24.941744380434983,13.15231657116707,0.0,0.38594647510527574,156.85654436951842,1.522300453174878
21.4622677292125,13.212378580879905,0.6646954906876613,0.38585569343576137,163.30275320406457,0.8592998790162452
44.83952972248379,13.195134357404012,10.102086182408767,0.38836791106294466,170.01011230667638,0.3597564167320317
69.43194709314035,13.216145687757843,25.705094303348947,0.38352946271959903,174.24551922442626,0.35976969260368075
43.79451710133974,13.259566454968411,33.44808139984043,0.390788432216805,173.48247240365367,0.8598568691765597
2494.4904611521574,13.227244260278942,50.41429361541337,0.5130795477063341,167.99976708762645,4.695668145411603
134.74882959054077,13.837332867872881,875.7456921053167,0.4922005874545897,160.49467940298194,15.237574805940108
807.4211576584714,22.164388200221772,482.56417941818006,1.0273765863128506,150.92871770663618,15.237574805940108
1023.5739055567303,26.290130365173752,82.04891577362794,1.7265994575938932,144.62981858734045,15.237574805940108
1202.9942863555018,29.291170598373103,1.5999148931823814,1.8206965386207854,120.31132542421997,13.676090483116843
1378.1286154503257,34.237477059061405,21.30656471209623,1.8526682276163133,94.91619675901121,12.251597054565313
1499.3560666530043,35.836335124051146,57.29208838760053,2.1821542537482475,81.37407663814803,9.810747419442079
1576.9870757318001,30.958068987011206,76.31962902462372,2.6038625298544837,74.60424168398963,8.504340637086433
1649.7546421805478,35.565900214954404,87.42201215593138,2.4697259885514193,69.67467505570158,7.526455044509066
1779.6875069386642,33.81781714108028,94.37989217321007,1.626072112264902,58.220299849122966,6.576811179099047
1825.065457103786,31.9228183981767,78.08940669736867,1.559336250349588,55.34025602331172,7.473530625859614
1865.0753483490037,27.12474744034772,95.35359470595364,2.0181244625074766,50.97897302875589,8.698399521991643
1750.3175219280076,17.66161387831996,110.08457638540688,1.2705109773036651,42.630628034886314,11.455996960418485
101.17149891238925,14.509000941735813,0.3613630810998957,1.048593480830936,38.1170290992204,13.428229172709287
154.6944361974208,15.522281045912685,10.596434506354845,0.8284905893068099,45.073137937945745,13.471436714293718
79.25892029522718,15.459813937572237,52.50585246504938,0.9095115493347583,49.884168279771174,12.331511841758417
80.53949587452283,13.283093142902883,68.22150238214563,0.5284460084211922,55.588212506909954,10.165368236852084
53.25903625875338,12.956875609553357,0.0,0.3831866891790159,66.98908895671043,8.876029586760934
39.45552599878623,12.98678956509064,0.0,0.39010140444093044,79.2338764106994,4.939540919038075
15.722488086164033,13.031857394282788,0.0,0.3840065396567388,91.31205652869343,1.507283227904095
18.546037590259896,13.104857795291055,0.0,0.3861448255948294,98.95057867249236,0.8535668114401063
9.999297871429299,13.086030706810583,0.0,0.3874640111012892,103.94797889135859,0.3574491828151311
0.8929294701873428,13.107113139027158,0.0,0.3828558193144645,109.23622901065426,0.3580833390881989
14.611188446990253,13.154634382749643,0.0,0.3884721308592319,111.83123496761739,0.8566720022037538
1498.3528353191452,13.111747711164096,0.0,0.5108757402697606,108.20859851014902,4.668104842534493
634.8996121349235,13.703911218108248,446.46672615456293,0.488247209471654,101.71038580128038,15.237574805940108
1186.7857983104625,21.435653310691755,246.3338231798162,1.0024230173484039,95.99465147549978,15.237574805940108
1335.4464497251604,25.63669318038321,19.124950807471055,1.6886583248320257,100.65620263796302,15.237574805940108
1446.5313219345842,28.779182576688903,47.788563400579456,1.788668816178396,93.96546943390594,13.404406949943457
1555.5213405237016,33.92846111806373,49.308272289870146,1.8344706005362128,82.62470554534073,12.106075665694036
1652.43833507275,35.586181371534295,67.31736169672172,2.16544591877276,71.1537603247262,9.726339387249524
1746.191399386602,30.746801705829036,88.2079950612793,2.5862078493403864,63.17636097985994,8.44182464671399
1833.0890653695308,35.322171852770815,96.60639645670253,2.4530341055081073,56.511513886580396,7.470682125054623
1918.232488997642,33.57424698164909,81.8221668642892,1.6154698470694695,50.625138256895625,6.527299331472187
1996.7957783593865,31.713498786660665,83.90788807590782,1.5509556877155135,44.11411347445261,7.429183612516357
2048.2960292624375,26.950285057730547,101.5704648050165,2.00567549839648,37.76670663794692,8.63958285084122
1930.417716408023,17.543945183588548,114.58008559716586,1.2625538425218588,29.94191944114305,11.375899922999546
112.033407876362,14.410994535307406,1.3995160242215061,1.0407821979231429,27.217125539670352,13.335031652724444
164.52470768922703,15.429007979422122,0.21843347104457914,0.8262388696834785,33.17051597144779,13.387659002884726
87.55988984853995,15.365501023750962,24.97978346379716,0.9052530034381424,37.72948862487516,12.250530440270989
88.81944474020247,13.204863650612054,41.45056366213954,0.5257228801055049,43.134600799320616,10.098144217290683
50.990529317704905,12.883228430494466,0.0,0.38172877046875614,63.016299180961646,8.818688320172715
29.930394872369032,12.9585622892982,0.0,0.38914639489918834,83.02457645618827,4.925374429470406
6.888542751396242,13.019810829394082,0.0,0.38004384830492854,96.56805942711856,1.5054110258547633
9.384393690846245,13.099016570506151,0.0,0.38922052778635263,103.96796983085984,0.8527087385573852
0.5109906029864484,13.08635488495165,0.0,0.3870694579860752,109.59223812636755,0.3572821070463756
13.757396296954036,13.105693525079612,0.0,0.38280680807361084,115.48328065675936,0.3579495184070678
3.07162798328223,13.148957142293437,0.0,0.388109252473066,118.46107804829425,0.8549976489132222
1096.3435390863106,13.115656339491672,0.0,0.5104658132811327,114.58387451194216,4.664792890312193
791.6771245292827,13.583660512006324,486.5917973689316,0.48523750895488843,107.7298897497401,15.237574805940108
1256.9288668287204,21.333382183305666,297.9028526326885,0.9979246782219592,103.67213747320274,15.237574805940108
1389.4198184757097,25.613015634273484,33.271116185922004,1.6880893251703613,110.90106833772616,15.237574805940108
1485.7884780865818,28.744806194497865,23.63527690820381,1.789477302059971,108.11689142423094,13.409340562546971
1594.4845669126585,33.84807595299649,46.7138928222805,1.8319506398408216,93.70625898074415,12.09392934296716
1700.6387481795061,35.52463363558585,68.45982487933928,2.1620436284184996,77.70456205976416,9.713263253709671
1786.6721403337158,30.686908104418354,89.09939662780668,2.5803601327473173,69.9950523011993,8.4258323694782
1877.3287404559153,35.25468574567127,97.21272961524329,2.4483577315165284,62.81870293073447,7.457910640551592
1952.711793632443,33.50963137011693,82.76578136213725,1.613264708348368,57.08273213540478,6.515624697596361
1967.6662970249647,31.660621732452128,83.14585153474455,1.5483621651520219,61.88317086949523,7.4171706924596
2033.0173376886166,26.95233462998893,100.63399895512866,2.00527005028027,50.659179400441765,8.642775263049149
1890.5185229811177,17.539483222467275,113.92386785939546,1.2619511556168002,44.463409662023764,11.374360657773574
103.85068308757683,14.41483977358165,0.6309792534378228,1.0386649473917449,39.051982893695495,13.341822113993077
159.6782072021234,15.44976407613543,1.6216106225908018,0.8278676407798844,41.600554185128594,13.403472157662847
80.51763680313623,15.376581828930409,36.49405941106085,0.9049190801273375,47.76488561224582,12.254046937013111
79.44500375724002,13.20646401711434,56.829009614949086,0.5252582363180995,55.40398560808639,10.107562217546171
38.694494564399946,12.903904256373147,0.0,0.3827969768096566,76.30143159465263,8.832798369249403
18.101670644197217,12.98812253134503,0.0,0.3880451228832725,94.87257687384188,4.929818599798398
6.90231408221555,13.034228209090097,0.0,0.3788866787867605,107.71393570396623,1.5063321805137793
5.714202326131296,13.108817027010659,0.0,0.3895840877593587,113.1078711260723,0.8525666084041625
9.648081117180135,13.110977332295484,0.0,0.3799439795746476,111.06812850148218,0.3574209641165947
11.814763959671845,13.116635676021737,0.0,0.3893943623985686,108.30600466521041,0.3576325689816053
6.9433024422605465,13.12395346462536,0.0,0.3870383415961493,112.61352588384324,0.8538067627191592
1048.9129535797113,13.1289800712443,0.0,0.5113635389924189,120.95319030049045,4.657672501622712
799.531693060945,13.552872000078155,517.6797929936308,0.483792968670587,119.48434495110486,15.237574805940108
1267.026827274553,21.327171401116985,281.1227935011406,0.9978436583480268,108.8644020820755,15.237574805940108
1420.6073436200486,25.559277532392517,24.964307862919792,1.682535715138603,104.55926095724132,15.237574805940108
1521.29693405315,28.656051951267866,51.73510785998329,1.782944941910305,98.49257392405443,13.341757683041937
1624.8657068840253,33.78176516921238,52.6520179151831,1.8266944816891053,88.8415800338129,12.052994866320711
1774.4814675636417,35.444077942572115,82.7128412546587,2.156860363051211,68.06681273002567,9.686635332737646
1905.3210546068797,30.591151924907937,193.44388749150525,2.570408456379,56.63810389723392,8.392484264402063
2020.7485574431757,35.21307926688485,267.2796982245258,2.435402788216324,50.63445866538757,7.4130864296765
2132.357287137269,33.50488138620508,256.86216590865325,1.6037251259206327,43.40263858710721,6.468854670460777
2269.8600673422234,31.644334592398312,278.8295181173757,1.5384179811991108,35.9032277082274,7.360299928099683
2367.9291668430074,26.87387763175975,304.96482666728025,1.9869939838530895,31.141726632036566,8.552736327918401
2234.4897207886547,17.490664675722385,222.815579638575,1.2502625581890066,28.39817008556985,11.25810707464117
159.10596497958966,14.334057930284562,22.115257372932884,1.02644371305365,31.270363981298573,13.213713054053171
154.13624558417615,15.276324775935036,11.379054555420744,0.8211631011812778,45.80297212619648,13.22554639938301
86.5627100871166,15.346457896120606,48.68695598914293,0.9050217159136154,59.30696080483987,12.237779659898559
83.24669837972166,13.170589813403225,73.40081250943385,0.5235826799641485,69.86955169972458,10.092912282247196
54.31608954598021,12.866377308085932,0.0,0.38361036843790125,84.43393268517781,8.82742035952472
37.997418894418196,12.925828292052097,0.0,0.3861164732535388,99.38457551622484,4.916312410876978
10.432977188088847,12.96392053904721,0.0,0.37904136626415064,115.60235376727988,1.5011917981192548
11.055231358024017,13.024678548302363,0.0,0.3874419899688623,124.9428792819056,0.8505305612592646
0.29247425149509354,13.037216396878618,0.0,0.37863891831933005,132.02137122574442,0.35672024033231775
18.003703638962573,13.073819729174716,0.0,0.3881876682801863,140.37106881798928,0.35743046268054735
10.954599509605202,13.094438254282856,0.0,0.37826862766410124,147.1733679712778,0.853142351424987
27.139230795441687,13.081734219162842,0.12161592975015882,0.517589522562203,149.84695531326756,4.654379143482193
143.53554921954623,13.116859637955455,607.7666127571925,0.4756795210597116,149.18862759937696,15.237574805940108
1102.5027908253253,12.976347027624492,340.57565205857264,0.6612450133037547,149.5352209410288,15.237574805940108
247.41878431630988,18.513531687776165,174.19035954376952,0.8382486223379771,152.71175127722069,15.237574805940108
615.6151127407131,22.002801351714815,98.9961348398174,1.0889649571104851,142.69778389677884,13.93536226495249
896.3286352889501,25.74091791305753,56.43464299911967,1.0016809156267703,119.42494582793294,12.431586171317107
1008.7352183323487,25.426395562139835,27.557052955511807,1.1527671989945976,101.94860313809691,9.895424623147232
1091.7795395107423,25.03477493308253,30.551733349584076,1.0287165493558492,85.54240005018941,8.556846212545091
1158.024040216465,24.898019927989008,83.00360105211833,0.9697512288238306,72.195989444476,7.545561106978851
1210.6786047672347,24.835017015648322,39.54786634398959,0.8012456685967202,61.280543899886396,6.5704824897013285
316.462985991334,24.693900963214748,26.96006321386085,0.7135686062229347,48.249178824075614,7.486026086431817
471.7592930057879,25.680396546243802,1.1514046449614104,0.7725331235564898,39.50363009395604,8.957638159734588
297.3178405716402,20.840513118586113,20.033030187520765,0.46432702284708066,31.92023504082988,11.770105672177868
212.76652706068492,12.55496144769221,0.0,0.47177285787654655,28.974335919291097,13.950142345036324
177.40292681931655,12.564109599886413,0.0,0.4694412440207446,36.28604926805546,13.304137403279356
90.20675103177287,12.64908002396603,0.0,0.4638518229560354,46.15711860985898,12.233207348335997
84.9047888871551,12.845065675084438,0.0,0.5605962115936219,58.102617273209184,10.069071332507603
56.36545489062759,12.845572865505565,0.0,0.3887998519032779,73.47393757769855,8.797574538917072
42.01852812058723,12.93766318731608,0.0,0.38027119818996025,89.12324861182344,4.921894097647511
13.771538175745333,12.980265741803704,0.0,0.3441037581394206,103.92450471123989,1.5023577249100077
11.36263781805558,13.04146087212317,0.0,0.33714244110922426,114.80649313957916,0.851231669324013
7.095142120138488,13.034000737776669,0.0,0.34330755026959153,123.84899900698142,0.35717373880127445
63.34089818546528,13.094800670638813,4.824624057139212,0.3376142939525893,142.33088408345438,0.3577972886604143
58.30674376341547,13.170588260452218,14.849891521557048,0.3430090941407409,145.97279671875236,0.8531260872587795
54.259768267453495,13.13929184194798,12.84718361533222,0.46761108449742794,135.425560836268,4.65244778886851
151.09984668121868,13.140873278049833,25.337369810926898,0.3469009619538208,127.4594888422739,15.237574805940108
202.0905181719398,12.787545312932567,19.450578218157137,0.33597611689402546,121.77227357476522,15.237574805940108
243.5608553597476,16.865130123236824,8.194164395421025,0.342336792438231,126.03323599129223,15.237574805940108
239.57695368190446,21.01975517942506,29.41420021475467,0.3349691710084175,139.69935966528791,13.804417765901636
272.57819612710887,25.28235852515638,10.8002962498125,0.34252480492000803,125.3315164476571,12.543794379923296
331.35987336589966,25.21995217476995,0.0,0.4213822319414501,94.79803075492119,10.074882157755525
349.7634364382589,25.016974208449987,0.0,0.4282943035511465,85.24443237729912,8.723700222449953
383.66869530764615,24.933210340656426,0.0,0.5546470519240051,69.47592791682862,7.740363896498397
430.34004698452816,24.819224885623548,0.0,0.42152721854327124,52.90473529032458,6.750307780083974
465.4177633024374,24.666545239572244,0.0,0.340148391077203,39.4285591848589,7.671130542216567
488.9956671584447,24.57603408639364,0.0,0.3309641100651515,30.99358981526523,8.911026333352481
329.6848715270507,20.470868964035386,0.0,0.3368964540830526,27.37710465091127,11.740104227041279
250.34207530863662,12.477524488544526,0.0,0.33253934018932496,29.30119659398971,13.880459057752434
189.19295943300392,12.509723009284942,0.0,0.33881761398843174,42.28726686273257,13.266315926716569
77.7578034297246,12.616698416155831,5.340941649062228,0.33481484799517375,58.17157165560154,12.229448217328969
54.35953714006868,12.855642298637045,21.668847376227262,0.4718327071854772,76.04720244516781,10.092944284616625
1.8697748872756896,12.930616166628074,30.580466998220384,0.33877880924684284,99.36369175156887,8.842859258964925
55.691782328847594,13.05773880641624,59.46930181202861,0.3447449141177353,125.44178823669365,4.9559892518292665
100.91789132751171,13.1236677377186,70.88418190751395,0.38196418365923196,152.15184625549577,1.511476411989397
152.53695744968104,13.16098550189729,116.47249272540898,0.3905808295268227,173.3486089918322,0.8533451778437166
203.76425780743338,13.204054261458008,145.92343905761467,0.38301414518151317,192.61399595459372,0.35813551969656066
256.0191244616816,13.228806000703743,231.59103879788054,0.3928635328451816,210.51353704381972,0.35838899721947953
212.15755820738877,13.23390110814253,238.62739131187305,0.3840148748109929,225.34243616536364,0.8556999236544651
4511.112692112962,13.225876612213346,352.98523029010215,0.5248939151110857,233.16378069075952,4.669959791462539
1149.2587937617159,13.875842025441571,1511.9611609233134,0.4928926808556729,240.2115718076621,15.237574805940108
11.515861452591158,22.80158138974554,761.7004865076251,1.0283073035317258,232.30320795665338,15.237574805940108
276.47769135603727,27.11123969422884,330.16101354841237,1.750568839346827,225.5918967154338,15.237574805940108
511.6159155543477,30.27672393377708,165.11762657308068,1.8676401725815484,199.76028958376745,14.056767443709203
718.4208352992439,35.20960536035185,87.79872461492427,1.8914362054679297,172.5261054383227,12.573472042781338
891.218201050724,36.60493559999104,24.22145759680282,2.2200512269456176,146.75371139585147,10.02229453275184
1063.615622933075,31.373344219900954,49.45907726844787,2.6306620470765467,124.09418657850661,8.639356494163744
1224.8396638902072,35.88296954539165,150.3828578464387,2.485655606781699,105.00741528202249,7.592410559997846
1400.7123177902433,34.11296516000025,171.8494019070983,1.627196536475626,86.19578349560351,6.598186106994651
1571.4775354283136,32.15578074520527,178.07716046048884,1.5649793695726046,68.32246612150254,7.4847026856016035
1714.1411139091913,27.23672861716217,219.09746073755025,2.0121750695384963,52.122802322572056,8.68085542333695
1655.258221991567,17.69824945468871,201.20143222059036,1.264600664265347,38.97229541573957,11.398531705047452
170.57402224701823,14.512000797361608,54.11524963752457,1.0393924572992619,33.982924283916574,13.346991750819237
160.7182157234367,15.313006275075935,34.99707406593085,0.8124899536512494,44.50097498857943,13.175859283447785
79.3743488992708,15.369653229654512,88.84315173244896,0.9135886543336403,60.90208127744369,12.273459843133436
84.12332806780523,13.228284298240638,133.33474663437585,0.520139086246556,78.36570043535018,10.13060941926033
52.202689471029785,12.89618803467054,0.0,0.3942864974746276,95.34786130843337,8.861464587527484
38.50054699395526,12.92300819443738,0.0,0.37890890173461494,105.98540060884876,4.922022179133808
13.736882376204866,12.96733347795596,0.0,0.38777670897706407,116.16368965955469,1.5018719822793265
21.202337456751074,13.021443528900667,0.0,0.3859050424315272,118.62146086791338,0.8502965044167778
16.094352428122587,12.98337903383703,0.0,0.38139332734154974,116.77128052233552,0.35664754691234035
12.165618766429537,13.00780017989885,0.0,0.3863920144652584,112.47270018495537,0.3569647037382721
16.255545687040918,13.029554644280838,0.0,0.3807042469947174,107.84911123101041,0.8509582915939413
2083.6072261905488,13.014782727426335,0.0,0.5164102676441013,100.01960387908909,4.633323934431928
325.3902264976044,13.713946369619032,485.7313802955312,0.48463985024183037,89.0754567152365,15.237574805940108
941.9657914318938,21.558418514976303,227.64225323290967,1.0066755921930892,75.30845415266148,15.237574805940108
1178.138072383451,25.55474543387686,38.230015468734194,1.6755816175023,66.1321316404226,15.237574805940108
1375.1514337818633,28.617648900288895,90.60035181714319,1.783221735510241,50.18063892588512,13.288703351597372
1542.9660945968942,33.685414787572995,121.43044934561837,1.8115080268945132,33.41930995070648,11.963279127747555
1702.8925235079694,35.30957953971564,196.2276566812247,2.1425599333117007,18.790478945327358,9.592627307189536
1845.1515110240443,30.520883313687747,233.99013055140395,2.5494744458328875,8.034843151287122,8.309301015230384
1967.179634805882,35.03295700008157,262.5696775703969,2.4217191393899986,0.5430972664737521,7.345414958911532
2116.8863542000404,33.28435079332026,277.3050817283773,1.5874939704502156,6.881848457972103,6.412864737389819
2284.735879981723,31.456268998043797,327.2578800594418,1.5299050903503904,11.299399030178414,7.295750882040446
2354.978909922301,26.74043205211186,356.99952253943184,1.9724790996304347,12.594544777185831,8.478970520984976
2308.9393790757035,17.41592640176821,306.92895958709624,1.2415582815515473,11.21405694068413,11.16648405205384
211.3595355223039,14.272676098621865,74.46659104469647,1.0276094721127953,10.885705736746344,13.094420216675681
255.23201041907905,15.100882754264727,0.8017453171534757,0.8021097708270086,7.960113931981616,12.903970260603742
143.338201732765,14.978471178205739,0.0,0.8900615598622974,5.719173437932676,11.944747212921724
135.15390203258534,12.882058129300882,0.0,0.5184336292834938,3.6083041465467907,9.844123458194519
100.54251724338918,12.545731776756144,0.0,0.38415951910375,1.1829527684006709,8.57400090956624
86.56700438923824,12.634122958410734,0.0,0.37707749663544604,6.950899619230661,4.796854073235768
61.05319737449166,12.655399087473597,0.0,0.3846900155273407,18.289481396424463,1.4654779148287422
68.60049847218598,12.732139994368287,0.0,0.37881640890467305,32.81671755551566,0.8333988707326918
59.7294830013473,12.737751080583363,0.0,0.38610420765311226,46.761559734691204,0.3503548520236983
49.76256645975349,12.795116535079082,0.0,0.3776275949619666,60.99989988024492,0.351881578792524
60.330048899892645,12.839191578080326,0.0,0.3870827653012085,70.8296019713789,0.841181507796779
860.473023574165,12.81307145272788,0.0,0.5130030460903484,73.69999081789528,4.581167604470477
795.3863634219985,13.452991887232406,256.3022131819558,0.47400664395848896,73.431180062259,15.237574805940108
1323.4704598405033,20.896588961506726,144.8356983940316,0.9848572243872961,69.46354777231255,15.237574805940108
1474.3407396258165,25.12141842349565,70.94206052555988,1.6494018822963048,69.2797629817922,15.21969269278053
1591.1487790018261,28.38977464500319,74.34742193222861,1.7632976694636218,63.31573027639889,13.167734785304868
1696.123747103697,33.43328353600674,68.53176588817107,1.8045042840911067,57.70541804402061,11.896501061696107
1797.19877923294,35.08751824958628,85.35312184351628,2.133562299340942,53.78928517916951,9.5670341402206
1905.8488876315762,30.325743059807348,101.40860004305961,2.5500523189396516,48.71748644410202,8.311718040567294
2023.8321614848326,34.84707304484152,138.00940868850827,2.4188027383754886,44.4745537473261,7.358435188489111
2093.951489439212,33.14126395964795,114.89763977918469,1.5925379345439041,46.17867596587944,6.427500165072095
2194.4489809268184,31.326460022455585,119.34190812625556,1.530467589486828,43.80468869283019,7.32336776850777
2219.7182767036443,26.627251027054836,129.82936923265098,1.979254203725359,44.9357280346238,8.519083956222161
2036.0807662506772,17.34944850803539,123.52469485935053,1.2476005401261308,45.974906893392834,11.230663510060173
110.30344117681669,14.267321650639522,1.9831480814166276,1.0287100659770583,48.49726047276616,13.191341468254855
165.03292020827365,15.307076139732729,22.964995947016167,0.8204723903517289,58.589336567580474,13.290716119290433
89.24813903064334,15.274067025436269,75.68528356691586,0.8996419304632334,65.3009137679377,12.186873389970083
87.98672120910548,13.106796199065775,99.57063812698067,0.5229470284623962,74.12970100775095,10.049999906390955
55.503392724739186,12.807347154279341,0.0,0.3815927311734397,88.93493421900617,8.785216992896597
38.09433143088805,12.842458258826941,0.0,0.38559547815179523,103.03844819426847,4.887691715368449
11.171637690504319,12.878863718007889,0.0,0.37645675092776304,116.502731978566,1.4931820680518686
12.124758996382756,12.958148607801933,0.0,0.38731191611382754,124.5443202069552,0.8462152450594081
0.4347781108247391,12.956658013574485,0.0,0.3764663814864763,130.48286680282274,0.35557107295594237
14.612605269632699,12.982381349814384,0.0,0.3875783086796318,135.92595174737804,0.3562809251227265
3.1640935150354736,13.010113975573457,0.0,0.3827386436174305,139.53742084928263,0.8486200278855627
1089.1447110872955,12.990745480144309,0.0,0.5088813462285435,138.47903553844716,4.623267817317066
796.6775350440447,13.451337640334694,562.4046356361393,0.48070326043918604,134.69737943103752,15.237574805940108
1280.4810948035163,21.212590957589605,330.47570555119296,0.9924393659144606,131.15145093206146,15.237574805940108
1411.4437846864314,25.444404279165884,42.899482607033335,1.6735434856810427,136.84654807042975,15.237574805940108
1508.0044545913815,28.548998254307882,19.70580063658052,1.779020557387286,131.88265463730724,13.312408516243572
1590.9454119601628,33.58748047600417,39.34222313714846,1.8169472015003743,123.40796050728751,11.998229581314064
1669.9218473998692,35.28399223627124,69.35838521180172,2.146125484846658,114.74672768708973,9.645617477368434
1741.017078809022,30.514467924972717,89.94427272527805,2.56076603177218,106.01967383682396,8.377145822441348
1810.283913315294,35.07818252294827,97.96520877848604,2.4345366901330285,100.51603668025423,7.417716579421529
1873.074279114127,33.35011880427631,82.67525590147277,1.6017511704392617,97.51276982023293,6.483400348865406
1930.8292589043892,31.533780801437675,83.82836381797091,1.5445437627295204,92.85613138853546,7.385533014706591
1973.788874493129,26.806769842038943,101.07618368301836,1.9915379626922398,85.11116208529538,8.593976886818988
1848.3652718049418,17.45903326722794,114.08081601095908,1.254806450519428,74.67606618630575,11.316992223021549
91.6274444535437,14.345978938546939,10.743090185524979,1.0331517838525217,69.33033808489341,13.270743102577157
146.14542905355069,15.392155451063806,40.78377005193365,0.8184264497234583,76.86910139702718,13.359100948466384
63.51844616377294,15.342401725467305,102.78435640324297,0.9082615125804461,82.31279687607743,12.242224371444093
59.79977182985213,13.18003849420917,124.53910968597107,0.5181025596927128,90.68800769400565,10.08776438225134
24.759838371883564,12.866263317956523,0.0,0.3921239619353745,106.122348554326,8.815372692355066
9.050864878884548,12.909258667017971,0.0,0.3759633550491613,121.03910137515999,4.903379051353453
20.98581960126391,12.960684345461315,0.0,0.3873912831815256,135.96110019763628,1.4977454112742439
26.065688343726062,13.018473748313415,0.0,0.3821936065601003,148.43333915637854,0.8470525298396029
46.05794814799311,13.016940637812544,0.0,0.38151220288845605,160.8287831904511,0.35612961352293554
75.43737347644057,13.037519026967663,0.0,0.3844452256835413,172.4968718891552,0.3562728632301421
52.24849440167537,13.084583215143871,3.393207920010757,0.37980001315238515,179.82168623519124,0.8481947692992521
1353.8753543920893,13.057642924873294,23.78594519526547,0.5140191939974014,180.27332933015074,4.62221829250167
699.190084235205,13.459440028929071,744.2698766447548,0.4762521913145188,178.04585071186773,15.237574805940108
1240.8827341441984,21.39770991811113,378.3277668355768,1.0034300258624769,165.73163504248345,15.237574805940108
1395.3805808358848,25.55028106055183,28.04932027718164,1.675193290708169,156.96968736697386,15.237574805940108
1500.7978077855735,28.564734474251,24.99517252730249,1.7824346465560017,138.9482619060884,13.323046903347505
1636.6322492865856,33.58962181433838,34.16653404289628,1.8106868138016865,107.5935941101782,11.999648874981414
1776.2597944556603,35.17411572017051,96.41876973214806,2.1433479631415326,81.27334781286412,9.618292646428909
1894.7520304873656,30.38177932244937,197.1959767911244,2.5503257606431418,62.11848263121883,8.325577270184148
2013.7299649907734,34.94798540214615,258.730128470041,2.418197462251566,46.63815844685601,7.350262721734515
2155.180410156826,33.21624161631012,261.11052847062734,1.5859567944662873,31.872017361563618,6.4091405583967
2321.7642552887373,31.353877205017312,290.0916194725912,1.5234048148370494,20.0801315884646,7.283339071995592
2398.4772329319835,26.610070531133683,332.575025055584,1.9664475828512198,11.669274100132295,8.456074058872032
2383.859482306939,17.3252337229855,292.2382982851906,1.2378817961515052,5.426461519543933,11.12591316846323
194.86140207969044,14.200239702281188,92.31864602406496,1.022023253824827,2.803625051313329,13.03428828842716
206.14846431195252,15.065603225101784,6.461606020699658,0.7978156459789462,5.045900873371004,12.853115261885334
110.63743830337633,15.00324116898455,3.1124239321342855,0.8885757844089884,10.602975193072599,11.948954942449017
105.52353848148037,12.932916025172757,12.303039275040032,0.51862846607491,18.263037831456128,9.871217271357947
78.22908224217947,12.614577125842104,0.0,0.3778425107658401,31.419705943950444,8.623550845686738
67.84069600636748,12.687038997103542,0.0,0.38350988216728416,44.5365309319124,4.824028642428108
43.96230222116279,12.734245514969173,0.0,0.38268442327512486,57.041417144863246,1.4744408379213274
52.0136802404805,12.807342915166156,0.0,0.3791257742227353,66.83061589844371,0.837082418337956
43.69943212050861,12.776192997604669,0.0,0.38393826034676465,74.91624516958392,0.3519561874644434
35.603542717403926,12.807094617389868,0.0,0.3780589721938225,81.9603013485446,0.35287071654069063
45.09705963199861,12.856819463370714,0.0,0.38473677952178437,83.68387253149753,0.8410514354257406
43.597879888081295,12.826876292412507,0.0,0.504332728094496,78.74517315730476,4.573625824926631
238.8691880551979,12.829823255582745,241.8632383650008,0.4735275220889965,68.94257033306913,15.237574805940108
730.2852342025599,12.637609064661126,113.8585532114741,0.6477177317019087,60.87727835492785,15.237574805940108
464.43230286988825,18.245032675026515,27.794390370023198,0.825663049852239,59.98759395734902,15.237574805940108
764.5528253735762,21.209877847906913,3.478937744696242,1.0631703002821027,48.30424360173436,13.431435345152867
1032.6751057973884,24.975641433588475,0.0,0.9698479078961622,35.70327726557515,12.022520763088131
1143.7358887565485,24.782085101023718,6.853261452818705,1.1312688662937902,18.345436870789122,9.608110572405012
1204.225489769687,24.43263727764066,21.64244053668199,0.9996692486228603,7.080300569371414,8.316219363886823
1247.2569768147055,24.355648544032142,23.599680115542075,0.9544152748079235,3.3112994252301498,7.36085135852343
1282.037279305394,24.26406239174247,1.5689003174889262,0.7899095791009534,2.3055092370629526,6.427901581899902
319.06770498889534,24.186431796785577,0.0,0.7005899937411804,2.4136208439513287,7.329334762024042
459.97322226031014,25.201918350216335,0.0,0.7629254581723739,1.7419262525632222,8.814035439585872
290.5057577685646,20.529386908996898,0.0,0.46081864488785,0.11518739107035932,11.562983577886847
199.0313380592159,12.356285076547415,0.0,0.46338531332975397,1.8912057722641011,13.683256703609203
184.09070226823417,12.404902444076031,0.0,0.4659479905343182,5.316197237796395,13.0814636540978
105.84909043678489,12.447538739392293,0.0,0.4598113568761572,6.507891830278054,12.006670160545315
103.23104191871049,12.621778530552199,0.0,0.5532100560078999,15.65434396263375,9.868769820035325
78.50894850971244,12.620230032437725,0.0,0.387008038891586,25.982665076980318,8.623729984990783
70.311575490287,12.711001160168086,0.0,0.37596251789845314,33.997176647406114,4.827250125973475
41.25435542119083,12.732711846149195,0.0,0.3431865821327072,48.06326434166189,1.473570910045911
48.026199505830625,12.816604994369635,0.0,0.33405809864677866,55.14204471421331,0.8374833124357707
43.874241178112676,12.78181587650777,0.0,0.34351256556346216,57.029034921038715,0.35213315383052873
30.322157158273008,12.811046975624755,0.0,0.3344217227821264,65.59399098629157,0.3526416198431047
41.31466166332082,12.869013064815965,0.0,0.3423609714009138,67.2703280225408,0.84091560259146
43.20859727373827,12.820999135151721,0.0,0.4617343055005878,60.628094522038914,4.568439183572433
230.27943835340736,12.8173085312037,0.0,0.3438793334682059,57.91426544912451,15.237574805940108
289.43848140541616,12.477529847173676,0.0,0.3300803851165422,53.30465508492477,15.237574805940108
324.251013387918,16.451881342176165,0.0,0.33840299587159256,52.04941473005946,15.237574805940108
355.07005343679145,20.531745376414758,0.0,0.32972918865378137,47.007358176404836,13.469954722455814
376.4329320331906,24.575085555926137,0.0,0.3382264019475657,42.05731878255024,12.190091089029229
391.42106082617687,24.579775188638923,0.0,0.41383044584627715,38.885404236155516,9.816179512663844
382.3232837551457,24.509494436586532,0.0,0.4242166408097661,44.32394250382752,8.538557666293828
395.97572522638535,24.524706585491806,0.0,0.5485135748879681,45.3792547686662,7.600421132724322
410.1558547864555,24.486488557946036,0.0,0.4165452216513836,47.19817854107228,6.649319427578498
409.24399384092607,24.45052587428343,0.0,0.33885881079426,53.48055288197296,7.588668925209452
404.4700388203239,24.47952886299833,0.0,0.3288875583124548,55.1506819751575,8.858871843853711
231.06249689968047,20.458718554160722,0.0,0.33793301270645515,51.242448612904816,11.706200201868544
160.90614128761266,12.531664519924055,0.0,0.3318131804410893,50.76541594472197,13.866723639155673
132.1289731806847,12.55925692484932,0.0,0.33964666891598927,58.960070989398844,13.257638934119655
41.40828004571784,12.622693571633711,0.0,0.3329968519317839,68.40367438573927,12.181345982520023
24.317250288718103,12.835939878571073,0.0,0.46942115222955105,79.91250713808978,10.020975102519564
25.149692611380107,12.865567705888349,5.074578819304061,0.33532998461797947,96.15152955586952,8.760717763352682
64.06146179479155,12.969505848509918,24.09837283630411,0.34321360023254965,111.97602523763881,4.898605469531175
87.70581409625206,13.03585741712322,34.36881659665422,0.37784824525351823,127.45743970571021,1.4949760502369969
118.10110073638592,13.054888896816934,54.07905180073943,0.3882176121475095,138.4632754652015,0.8449612398651791
147.07805904030963,13.073359801323551,56.859165853344194,0.37892864040381,147.1805374693105,0.35566533674033324
174.44329357086806,13.091959636948808,81.34350689557377,0.3896366183611986,154.47552178445167,0.35578695753941464
112.73725434599477,13.119109396890982,79.91030095137273,0.38144999552138303,160.79443745330656,0.8460883111720209
4236.627286167901,13.073060591047449,109.31999142311747,0.5155970017712652,162.29121041903002,4.6076140001396455
928.4459662932916,13.758166353213527,1078.5249569754553,0.4889284229921036,161.43038285733985,15.237574805940108
148.2421552362185,22.48026248204587,534.6412772614812,1.0131225605442127,149.5839024581636,15.237574805940108
410.73934967513344,26.513127106520848,165.10674903680228,1.7205745410803097,145.6726010899407,15.237574805940108
619.3356182928522,29.508873455817326,23.866560032058384,1.8269493819628126,126.8988193807466,13.7064855653237
803.7011869107995,34.28309608010282,12.768253799495533,1.8443634413558554,107.2614440196781,12.222368079996828
979.460245403302,35.78130108970708,47.076005973766044,2.169536643101372,90.11377059068965,9.763031248458725
1140.0590201572386,30.82934739876583,97.24696512079407,2.5793923913874814,76.73785141268188,8.443660922510196
1302.2274545609707,35.35719514004727,183.67173329943418,2.445952857829199,65.31288548555496,7.446038790316312
1481.7463817594364,33.624389262802424,185.47137725609625,1.6001362908356536,53.03352031387327,6.482159145491984
1649.4818118892035,31.69032671544113,175.27531568336104,1.542915866286624,42.87393516761846,7.360522606762771
1704.3606572650372,26.847801435625616,196.89795445922917,1.9838715777300575,33.92401971244341,8.546362316256696
1704.6941734384045,17.472386150806265,164.33222378925947,1.2478134005499049,27.105651107731855,11.244076335412416
152.23981893994284,14.30667278750473,8.290696630740534,1.0328855423941268,25.7732834048253,13.169930582322008
177.9205551642987,15.134120472503511,19.965809321714065,0.8112422368460406,37.34789746182541,13.1304571058137
92.6350293971596,15.163642186824786,68.81640056485928,0.8951224150849891,51.83504093666807,12.092960802615062
86.6202642672621,13.045114714756524,111.46709482218742,0.5231837787641906,67.5248809629562,9.991031197193141
55.93750660323332,12.761106365744176,0.0,0.3889510572100141,88.17862764555217,8.74702493483053
37.361766579440086,12.79176280714514,0.0,0.37680717226695787,107.03062701678529,4.8642951507181404
8.325223241050367,12.828666604298746,0.0,0.3843336114648986,126.2112402546855,1.4873396608092222
7.407280552540133,12.903144319938754,0.0,0.37651992276657625,141.08323093605378,0.8435710163595439
7.003035791908245,12.906190324801798,0.0,0.3853371763762023,152.85837069461132,0.3553748986892341
24.621349530528136,12.932109348081525,2.2455370549154896,0.37587058228969994,162.84081996715992,0.35587827037969494
7.947152880355555,12.951677273056532,14.767630206270228,0.3865623324918323,168.15816189659125,0.8456138159783289
2246.4009821054897,12.93642528072248,33.59607463870386,0.5119093399231267,166.73903542442562,4.602960347497509
246.54863284039365,13.574548489101806,768.4110486649314,0.47534532330242213,160.00786803201743,15.237574805940108
906.8829426345426,21.621175329281044,353.0761237335406,1.0108671340887236,143.89589113207504,15.237574805940108
1137.787237146208,25.602076769720263,2.8287864347979013,1.6766638329585997,135.97925545695432,15.237574805940108
1314.8651220655222,28.51638799913519,91.03469363410186,1.7712463633597966,116.1331132450625,13.270071558150196
1468.554081156766,33.60299127053651,98.10710236121103,1.807251773763571,94.42169881701933,11.932478800577858
1598.1450811870734,35.18953785701824,122.32537420460811,2.1320670863770244,75.81893974529972,9.570149052661009
1728.4157249593427,30.362321968655586,166.61063014301826,2.543257974398615,58.26450048821011,8.296625683093621
1858.6675440165056,34.86082111671466,225.88806987787302,2.4086647806524875,44.785549498218806,7.329734182538304
1997.111438260228,33.1324773905089,224.7923063993575,1.58633559730229,32.60623966070409,6.3913549147692565
2126.353693716637,31.265172022835838,237.43675707949055,1.5201236918207666,21.462377169795623,7.263978174547581
2204.456698496113,26.540061494334555,272.5762201499809,1.9629512016049149,15.347266250043706,8.437028702193773
2177.153155409734,17.28061364379314,233.73774334299858,1.2357616802062437,11.627755629796427,11.103112161814712
172.08566446134654,14.155007436845008,56.70081166906956,1.014189274052108,11.409818701219669,13.011498121751456
197.59582811995233,15.044788444355653,2.940744772477625,0.8015260206748673,20.569919709578947,12.89435679938878
106.4535382756624,14.997534212301835,29.806781420597297,0.8928026650799318,35.02216622156457,11.949986467953138
99.1557807296369,12.932043690530758,53.81266126162096,0.5131770281097767,50.197908371257164,9.89406871454844
71.12159198066104,12.63678687615892,0.0,0.3844829098596196,66.80776968179349,8.662503871951834
58.78893386934739,12.702225795127973,0.0,0.38102739022448984,82.14557775143429,4.829921725779839
32.21509807694066,12.737221524300603,0.0,0.3770344069509518,96.38574662287407,1.4766219268950926
37.3574067219363,12.790670279237114,0.0,0.38269258317769034,104.09477639250224,0.8378246625748643
28.534094353790458,12.774642824028845,0.0,0.37642229717499504,108.03033685998376,0.3529549264249935
21.366024882730542,12.817935232378659,0.0,0.3841223774716932,109.94351438855008,0.3535969097275294
35.07457184644237,12.84220424956435,0.0,0.37612335411918024,111.03432647453116,0.8405880358263987
1218.5325186849723,12.795282310046586,0.0,0.5112455073359466,108.30917622459255,4.564490252538667
711.8746298913023,13.394713615910575,420.36379636639083,0.47770884921367374,103.11465857008177,15.237574805940108
1251.943689808442,20.971457495686753,237.0672089167562,0.9820680541643798,97.09762457470008,15.237574805940108
1396.567526508215,25.109846006344213,33.27076897320372,1.6467858088182274,96.43099960304198,15.210851432839256
1521.7556253371838,28.211453982550577,59.65085056153466,1.7583081490851098,86.18098902934328,13.100553156333051
1656.0051255764124,33.23600531484124,60.0996923270433,1.7899913825097469,66.18386331169062,11.82593170118734
1801.8326463096157,34.81572899258066,96.37173528936133,2.119470016669066,45.62371340485016,9.490508350495054
1957.1227253539616,30.060277889650493,193.2817682443822,2.5213857882896273,26.0235176943712,8.22288779268992
2079.1810832562805,34.556355473237055,245.78462653570563,2.3915113714544507,13.756420081339142,7.2578224289623545
2211.8542692683945,32.84371668908931,232.71818582911098,1.5696322950282937,7.680922125204213,6.3320546808034734
2332.3715915452585,31.010680160814942,245.17095824017767,1.5082776097497577,3.0896928160096975,7.202343264925973
2309.308607843427,26.34095825075636,208.90946819183404,1.9495537432235728,2.1899238252145414,8.372831417388857
2184.0586761152717,17.14635145244694,123.6935228816267,1.2297493880225219,2.4210074609626067,11.039783009897832
133.9360608726858,14.04729716464042,1.5816926420375057,1.0164731847801238,2.777652826286081,12.955548473326859
191.67524472174583,15.004447716634802,0.0,0.8076767998400266,6.978063157613873,12.991708471085794
105.73730696333553,14.933442192210956,0.2812505857515199,0.8854708762850289,11.532000297592537,11.891490461379558
106.01498727624495,12.857767945508932,4.2671258013149895,0.5154718244272841,18.384404858732616,9.798885263371211
81.4180096659403,12.527533707626583,0.0,0.3744392997714112,29.174699961813797,8.548789073146216
71.27365746553906,12.59281588900156,0.0,0.38381285864897396,41.167719405537575,4.785004123026912
47.57563108477181,12.625093387839705,0.0,0.3730279244772095,51.658808481166126,1.4633880825616652
55.13698295904673,12.704941534242872,0.0,0.3851698569356289,59.495995108618246,0.831166361205711
47.33858380541863,12.682459446371693,0.0,0.37795641867151064,66.03595008632924,0.35027756542919347
39.52397757195904,12.705037899325879,0.0,0.38046945356074874,71.58239098194224,0.35115890594800503
52.47644830677478,12.738751491040658,0.0,0.38168871404444005,75.75485671922742,0.8349205611983258
676.6374771848908,12.715787446825816,0.0,0.5028995103135152,75.88405518406432,4.53270098885969
924.6246705005851,13.215738560657568,220.23134587469744,0.4761504123263861,72.01479404409997,15.237574805940108
1391.3699218656582,20.54569150789555,102.56840376149424,0.9632452572315984,65.38919851985571,15.237574805940108
1531.14469239394,24.731160786587214,72.90474136128073,1.6258229184698239,68.43625557624988,14.958235349180484
1630.3333691339037,28.027037893168245,72.76890347861195,1.741476059196654,66.88604796477885,12.98454832620368
1731.766284832903,33.03097800371915,66.40980226895341,1.7837356273635618,58.592769019765896,11.740647120078261
1830.9124979724918,34.6584364247201,83.29551084989721,2.1072100340782334,49.88209421034527,9.440462174286811
1912.7448842114557,29.948134648528164,99.63197076894976,2.5128450476851336,43.10085049887261,8.198574528801794
2011.1360471272371,34.42220692200433,105.64945061111992,2.3908232613854277,37.63702904820853,7.259804270727532
2089.219938210879,32.71484992933053,98.43062118511767,1.5692914721050546,36.1129966966791,6.344797965969513
2159.8317085313274,30.931022592752573,104.34374661184806,1.5164533003869929,33.76980725530917,7.224950874466696
2218.759792266291,26.30358307777213,122.0191455370292,1.9530776784943067,28.940336846255843,8.40698326797719
2099.4793379053913,17.13095836576685,119.81216957581272,1.2296875275527122,21.227320356917627,11.071345493736306
121.89145245527605,14.06189709117793,1.4955028397913332,1.0194655028996453,16.80118960402264,12.979457310516208
178.66333960795282,15.063711511443325,0.0,0.8067265944740795,21.715207920965078,13.030805952466809
97.05640877596679,14.976575172886921,4.087068256153555,0.8852031373723971,27.57885047407824,11.923852152961027
93.14300511814885,12.883132000069363,48.813303861830605,0.5157640341470637,38.8197338171144,9.8241412637535
67.9612800752245,12.587684243639021,0.0,0.3848639597069682,48.904781296254754,8.61391255728885
62.57722065405158,12.644637404420584,0.0,0.3749383904410328,55.24679685706572,4.799385623196078
31.919133847011373,12.662634044091769,0.0,0.3819122542565129,69.94043272601398,1.4658261532611871
37.286249113910316,12.742071544366192,0.0,0.37535907143957775,75.86924547584826,0.8332142201115246
34.99858518412264,12.717301182193136,0.0,0.38281018160971503,76.01064781340584,0.351346846061139
18.795694267815072,12.740787287294916,0.0,0.3748596926752872,84.23416612009679,0.3517486086045733
34.32548607184388,12.80260197297586,0.0,0.38401075001189194,85.67904996182054,0.8366747993888196
644.7447204643047,12.750354817799337,0.0,0.5075698464500081,78.95818108624098,4.538264952404617
927.8257294709733,13.16551913650521,276.8037409643693,0.4688433370732766,78.34420564375418,15.237574805940108
1379.215387420004,20.59265302937526,152.80667803669922,0.9695857084864828,70.18397379108426,15.237574805940108
1525.9330657028788,24.776502037485017,67.65564621083443,1.6285200854909843,65.15362769658007,14.991894485208537
1646.9784895863631,27.980087409085996,69.0864576798225,1.7362093405246264,57.90585869444438,12.96156227852627
1756.177978909803,32.93994803349699,63.69097950247153,1.7801804661107563,47.49634933180653,11.707735555920591
1859.2795738466054,34.55080191593643,81.37594671446558,2.1013944631062538,37.43985726013287,9.41003911298174
1955.1893961818907,29.855911004760014,99.00304085949801,2.5074802495859343,29.11178142485293,8.17012957820235
2060.2869621410664,34.301420181673116,104.62275603296075,2.3801605716942413,24.00442031736046,7.231562917521814
2145.7421543801333,32.5966939754594,96.73219442394071,1.568297328766839,22.83870653959413,6.319741352939419
2170.078660880676,30.81793063937475,100.40264402852416,1.5093833917702144,27.321868830564323,7.1956627628604535
2241.177138130114,26.232909100329202,118.2893778131853,1.9487986822327763,22.560482633958866,8.382637137449773
2140.7495585252573,17.081364794356883,118.75394560141257,1.2280517401702655,14.14615128524889,11.038567308953832
122.39661109010181,14.020870240593585,1.484389327537235,1.011689404955695,11.578021931141059,12.9367214824337
177.8399943895277,15.010905806069902,0.0,0.8049210578323714,15.271058418497132,12.988751845607162
93.81235491926925,14.948808835572722,0.19269624401608218,0.8881535792864466,18.19157692824355,11.884665699198688
93.18570089621889,12.841711796109829,17.35589004268327,0.510266826073816,24.906487928733057,9.78777410503111
69.92756925115432,12.541118586297625,0.0,0.3843235539053425,31.996589383267633,8.553849838461405
62.42918652404723,12.604635918602863,0.0,0.37249473991013776,38.1379024268687,4.776611234430578
42.49704664182359,12.617102775155843,0.0,0.38360795198842057,46.655941525965744,1.459469801360714
48.86456054050724,12.668133318788906,0.0,0.37339726970308756,52.27446053060383,0.8289492614912533
40.86252039670816,12.657126545730739,0.0,0.3844164507291768,57.197726405514885,0.3495909036554327
26.587465551828913,12.696605923907587,0.0,0.37853334060301286,65.03266588625183,0.35046935169114
36.14620614714731,12.748781021904657,0.0,0.37976007424581765,69.1000253444844,0.8334647145461263
35.52222423097778,12.70647692237053,0.0,0.5087822593519331,67.13828604812406,4.522329995840668
229.7006424001352,12.728022057584962,216.81691029901575,0.4602177953450708,64.20722176694731,15.23286013816089
642.6684493757731,12.514972468854348,117.57643370266575,0.641950823480641,61.32540410727778,15.237574805940108
492.0354483571789,18.010460193014374,27.05078563244233,0.8175248198187398,62.30325170739288,15.237574805940108
755.5973380760969,20.989474719547363,4.543442012320921,1.0547349752174713,55.91474763109891,13.27265429799017
1009.4107041641646,24.75368663976726,0.0,0.9589029501597132,46.190250077514236,11.902821493301486
1097.1577224468801,24.574723189022798,0.0,1.1226615860965063,35.19821004595195,9.517820320631628
1180.073864149569,24.249020894539818,33.72992102319639,0.9912776994919766,22.138999947824328,8.2523140612684
1258.7997773528466,24.184427507499397,100.60835232345023,0.9517622458914934,11.505900058431084,7.297193169403211
1337.005919049715,24.142954718531897,99.45826032789067,0.7785801727935127,4.939705699613264,6.356649839226632
404.766266440046,24.058513049486862,95.45517776142114,0.6932296590945661,1.6131371512424664,7.236100245442885
561.383227348924,24.92361842421196,103.7897901046956,0.7452443746684358,6.479530372569872,8.586949004372265
408.21975537626076,20.340198958308893,97.12058497894995,0.4575635749709177,9.362929462614243,11.297625368287276
320.37370509973147,12.199329041213133,5.9803733987955985,0.44680906022020245,9.555326664803795,13.31134863122275
263.8291903157845,12.112632138931733,0.0,0.4596344432226644,7.53435030754559,12.787246503915295
140.6702504057811,12.181491674434028,0.0,0.4600367588615273,5.125104686151861,11.760191946021127
129.65611297599943,12.392005456290693,0.0,0.5404500184942863,2.1069661266997435,9.686550378967036
97.7685636882324,12.389964697110392,0.0,0.38355948129996614,4.434987063278236,8.45617874059183
85.84132476524832,12.46836780122908,0.0,0.3788720066021729,13.902489747934256,4.736137599146741
61.215324962873204,12.50412904775017,0.0,0.33453091082464087,27.659695138486533,1.4485181653963155
70.00845006850166,12.583294510442787,0.0,0.33232196696496474,36.9838412917448,0.8245123909924965
63.407130124222064,12.554550417421153,0.0,0.3391976097752331,43.86661517045089,0.3479608047297896
56.75558618068597,12.57978349234863,0.0,0.3300149439802839,49.453329728434994,0.34891006576438294
66.48299510348282,12.620589022326604,0.0,0.3416086949998207,53.90993612923528,0.8284766415618869
62.87334531061523,12.598878559601893,0.0,0.46358715436896863,54.974418302331834,4.494221241913767
251.27465706869532,12.630406946007096,0.0,0.336313784282345,57.52828532469619,15.156486619000113
312.94536989652767,12.309239901383044,0.0,0.3303318883907437,54.05495788472887,15.237574805940108
353.83277008480206,16.254926388778706,0.0,0.333228785129748,52.36202660702555,15.178901855292377
392.9459007634669,20.260929213092787,0.0,0.3256910510001118,46.385765444675975,13.292844462422236
428.2150541994271,24.237310914721917,0.0,0.3373205386003448,34.981100392023905,12.022826880713957
452.6991865491414,24.20178987837332,0.0,0.4125543734793372,23.11459560866289,9.665224519142612
473.3617196586801,24.08630227490095,0.0,0.4153616437440131,10.991474707456874,8.388492240463883
487.85966193248504,23.98424763859629,0.5982763267420208,0.5404688751004652,5.453501788558113,7.429592462943542
494.6586221475721,23.926335593716637,0.0,0.4106396041311555,4.524967255019078,6.488735439326072
477.76954974537364,23.88514874769467,0.0,0.33381975729120034,5.6032951891755305,7.402678859632434
470.609591322178,23.925743454043495,0.0,0.3229784395325161,3.20569202595896,8.643611009667195
296.4324863877003,19.99241358442335,0.0,0.33426398364693133,0.005096721140083411,11.416468991922427
214.77704216237117,12.216224110551122,0.0,0.3261595376474375,0.17372939526273132,13.511108930468767
194.92482456320553,12.240168748148045,0.0,0.3368030817838861,6.060303275907974,12.899260945809807
106.33031196662013,12.293859828085024,0.0,0.3274386052846779,12.52146381781553,11.850374330818902
98.37089649647677,12.494320192510866,0.0,0.46469059284387504,25.051779725623668,9.759751787205136
68.1997625216157,12.50792266428591,0.0,0.33082281338013664,36.94587039990046,8.537849867024416
57.69323746411105,12.59816932562692,0.0,0.34151359854984936,45.67204758591137,4.782541608542444
26.940372288617045,12.635498403704732,0.0,0.3722263016693706,59.85418138525607,1.46216692022466
31.517368106786776,12.725829204525233,0.0,0.385225027715152,66.76745177460877,0.831910615602548
24.708926368951403,12.695464644981255,0.0,0.377963136695923,69.29066469983619,0.35123859235165744
2.9054973019884143,12.716118716074085,0.0,0.38014750298547706,78.02435331895528,0.3518290886892129
15.413327680094797,12.802981320869703,0.0,0.38149068382681994,80.40558866656968,0.8359556609181495
3567.1182941252687,12.770488091310863,0.0,0.5024502098731675,75.22223715928557,4.531208052958385
547.8061920272588,13.607973547508813,473.2480197899242,0.48432207098546265,75.03372295730482,15.237574805940108
351.3190724203403,22.045273638647593,262.4361252193154,0.9930586364802059,71.85869569046969,15.237574805940108
563.279663803711,25.64494479306551,12.673815465729218,1.6753236612630733,74.46529594142366,15.237574805940108
696.0390713639032,28.5645362594283,11.255238874089898,1.7689982469987036,81.70282954422329,13.22007253297276
852.3251589912516,33.61368802359069,28.67241163772168,1.8095028435363292,75.11495529159829,11.948860066018582
999.9139127580577,35.2392825414848,54.07929052476297,2.1353733850124414,66.02607213846336,9.586362127882852
1075.2216003251947,30.39705536841799,70.75233028675588,2.5415666982933276,73.43889047912052,8.306864134145705
1200.1208855782136,34.955659114440735,84.54157697828812,2.4202365341273078,67.91648290138654,7.362652930383915
1345.57920195814,33.20982641594382,71.15927943050609,1.5877238950712835,59.877624351554324,6.428733633423612
1455.9116894768513,31.31007932745529,72.9334422774053,1.5289770002257503,57.09476448411801,7.3067341812814
1542.5470007950996,26.591314399148985,94.33921583832287,1.971971195086655,52.0785556879877,8.494570144253371
1445.9567731149798,17.304472085929287,110.0687476204707,1.2432904418948658,46.75128032601402,11.176341210738832
104.64707498531202,14.226691151248069,0.8869535186990973,1.0278094554366033,45.73482781073189,13.101999673336861
155.6719942332819,15.134903592615672,20.0157790200534,0.8085819144589201,53.6229180072951,13.101724562313114
79.85102396794662,15.074379501597948,83.61557762692026,0.8886011310154229,59.90613166070002,12.00084252274935
77.28092901008968,12.959598473944705,106.7258135128232,0.51901101721777,68.21674756021885,9.900369110329454
44.43357237584277,12.642351046980108,0.0,0.3774940687957166,80.54626100872,8.65101644039053
29.342538097124184,12.676749942250524,0.0,0.38345606593471726,92.6433317049918,4.810157546222377
6.389767502322862,12.72444083742267,0.0,0.37533933814899617,104.82551422893894,1.4714486554726047
6.755332161884128,12.78316742426897,0.0,0.3811126667595102,112.50682263630846,0.8350179338258976
7.14524315494645,12.776054285396668,0.0,0.38058286738803737,118.84077804726516,0.35298441053049523
22.803283767512998,12.800257748089674,0.0,0.3764887766452369,124.436905334183,0.3533635181318988
3.3236407557054957,12.831997515467794,0.0,0.3814414987764603,127.48803273092491,0.8365495614074154
2188.7619532785425,12.805965170265045,0.0,0.5007265154528429,124.66924238978403,4.541813595337173
275.05234500533277,13.452845297668613,546.7152145042485,0.4801745239092836,118.77516095725323,15.237574805940108
898.7007212263492,21.22572564724854,291.41621678432955,0.9882016238277189,111.67288130431778,15.237574805940108
1106.8229497662057,25.216141887614008,5.899839986534736,1.6551620843725492,112.57799470708039,15.237574805940108
1258.8121822676046,28.17619234245398,42.24717055931708,1.7509720334901395,102.98987697188511,13.085343280849292
1398.054301374639,33.185462405172736,49.52872884538572,1.7896979261585702,87.78496225834861,11.8012749747283
1509.5609678788396,34.783957821418596,67.85114310596718,2.1118384363159315,75.54729603344522,9.472168718415935
1633.9537385976557,30.03702250478167,93.3074937166117,2.5161549666813388,59.19755879991716,8.217838830988716
1762.488136370112,34.459316220911774,146.3369486441235,2.3912756441496286,47.48323253677463,7.261668841679702
1905.918436157457,32.76486217414665,177.13887697032044,1.5670275676116447,35.07297478595656,6.333742680851483
2060.6383117485593,30.953143286760398,208.28251983370097,1.5082099747448459,22.486395579219494,7.19381215848481
2162.314439745159,26.273850349422567,277.1364102398606,1.9422422176133172,14.607398061714788,8.349651274108323
2165.8706264923017,17.117977619853143,258.274060714643,1.2240333876455958,10.152380320368774,10.979439123890504
188.26242285880738,14.028888622395183,118.57963798944635,1.0109615641660408,9.903624091036974,12.859064035593043
220.02176780868504,14.894674954105428,40.28884804635916,0.7853229773647831,15.853218664921066,12.629750635626014
97.10476504071156,14.820618238152775,21.63874464310321,0.8727937715475187,28.394053677629877,11.710130818036783
102.61983136579299,12.806882608280088,43.0675854067866,0.5138431844222717,42.61435127479875,9.768870940397266
72.83491775573049,12.496500708708444,0.0,0.37398143669611944,59.77034677794562,8.54393354080555
59.32517237503029,12.551970639248912,0.0,0.3815992799450858,76.72147995261068,4.769492305350761
32.56155450217616,12.585952604496141,0.0,0.373068921648831,93.47223535867154,1.460289170946406
35.239370696868484,12.65974955313426,0.0,0.38077827959478155,106.08798899124893,0.829849427409616
22.08737452778503,12.659471242862459,0.0,0.3793292572655546,116.20090611562141,0.35104497260889794
9.77633024650921,12.699109926171829,0.0,0.37537990069250793,125.12953421001914,0.35194063291023436
21.184139297001753,12.72460306846544,0.0,0.3798892790027891,130.1409710285333,0.8341144970908426
1338.3829585041804,12.697576200755611,0.0,0.49936964339019124,129.03864202868937,4.522091358844224
676.2397788481197,13.28440198209805,468.0143688196806,0.47597067499259915,121.07432063290354,15.237574805940108
1257.9780501229902,20.826427435030716,197.33066404081572,0.9741471435559503,106.94784680157937,15.237574805940108
1419.700600221313,24.81562763312635,63.70127662302156,1.630228808106834,101.64634984886413,15.009742711709478
1550.0214812293498,27.93924088862405,115.81402019223356,1.7343466739533882,87.95505850506561,12.936907168633207
1677.8775411987365,32.927869427980085,123.72909962856664,1.7715692867446438,69.8184918199425,11.6661105328084
1800.2628336468053,34.506402113061405,155.5124525871385,2.0908346855848303,51.979552023292015,9.364815594377745
1935.6007899895542,29.804395275676825,199.17815547594648,2.4899052903394128,33.77734374854897,8.120770733061267
2061.525884451506,34.21469881572486,253.65415860954533,2.3665159875191297,20.975079593869054,7.176137771066703
2218.263258308375,32.52079770316641,258.46467004926546,1.5516031475046184,13.06291088287661,6.260762726382974
2380.570434319185,30.70688051021947,302.9728169825311,1.4928549426572484,7.544103365648441,7.1177035201263354
2458.0448211868875,26.089502405407963,346.66953187305364,1.9257668035772357,2.794640799080206,8.268447501964014
2423.3999568395743,16.991886977311854,294.0414350295132,1.2140325392785016,0.7595217429058237,10.882498247984596
207.63520424354232,13.924315819980663,124.82242743184246,1.003240573528893,0.2336955769651483,12.75693147120287
237.69589463007912,14.78348242904059,34.28358553514504,0.78082816360308,5.016483360682595,12.528212764699363
127.28578724115867,14.716588656371192,4.905384340836795,0.8689114325283699,14.510149539936101,11.630850264615358
116.9855368064079,12.650575647661181,16.908133051086295,0.5101914748869198,28.010336183506457,9.66625472212843
87.75081179443706,12.374132297264586,0.0,0.37204332815255303,43.878355221944595,8.462203055126098
75.08100292783658,12.462041082147342,0.0,0.3797997225944186,57.863393550655296,4.735912485321779
48.80639518822138,12.500246123888685,0.0,0.37018670955516364,72.54447125442064,1.4501318736645434
56.55875155884664,12.55819952148686,0.0,0.38130806265267586,80.34967774587578,0.8245946497364294
48.701722254139504,12.537667904609199,0.0,0.37195813953717777,84.9293187818934,0.3488382551138322
41.24644806828604,12.580225429136824,0.0,0.3805326677185449,88.2752333142267,0.34957344444227306
54.19625024600283,12.610363563145892,0.0,0.37826249045927324,90.32219226617474,0.827728574692628
754.1471233478084,12.572523063849204,0.0,0.4989986295703462,88.53436304856285,4.483561942898819
909.5208069262821,13.080368070384468,264.2380719966552,0.4722029900918644,82.37358435353543,15.133248759563893
1373.777929853019,20.401226557033628,136.77203559495004,0.9567109413069267,75.65079580546421,15.237574805940108
1500.9789097816968,24.53698810154837,64.69077375907318,1.6111664321927013,79.7853262168454,14.828621705109212
1578.0602724228347,27.756776433776402,64.4587870353708,1.7257784942809697,85.73703553981784,12.848273624575205
1680.3299054536644,32.73857599453208,65.15556924081721,1.7649176917057445,76.81762635109258,11.630248518317059
1789.8687715666729,34.36210265672949,83.16639706973518,2.087527310581439,65.85383908219904,9.351611145849104
1832.9528574755332,29.68308240028054,99.02226476305708,2.488828512869833,71.49659704910742,8.118687347493019
1933.4021467154494,34.17423127137928,103.91536753217527,2.370990186281173,65.13152175999782,7.202442622779188
2035.3690400433863,32.47462023097792,96.67594604345614,1.5587192932396645,56.8509026474354,6.294166845606
2046.1193244684891,30.681219761810326,100.27249088244777,1.4987312062303286,62.803554033743765,7.161026670443681
2117.663853336328,26.12618959286869,115.90239115746152,1.9405626706291912,52.25587937383516,8.344869431802001
2029.0872124757254,17.00291529494366,118.31897399071963,1.223221731820142,36.97950877930306,10.982343829941495
108.00748776303088,13.960243239795146,1.4674879450119975,1.0066581751798427,35.10039604866852,12.863040018672557
168.7341849692307,14.965015095801256,0.39981589094924613,0.8043362501616855,35.94927168259017,12.940384021636168
92.84157356667049,14.869439451944753,9.20044901745564,0.878822214902974,34.311525774006476,11.826042798005734
91.85865029490465,12.775294182866574,33.72738895306656,0.5111294477340276,38.435296641395496,9.728889530233515
67.92293303057332,12.464784543273906,0.0,0.37477549662342446,43.762347572022925,8.504177107796211
61.14006333929266,12.50048140829707,0.0,0.37916668857154073,47.725411731472896,4.7410994203063135
34.241079249936966,12.516759675021376,0.0,0.37189673110555277,56.96809637120706,1.449318533592386
40.347263676132016,12.602841593751572,0.0,0.3816726633222893,60.69441261589839,0.8242990024112965
36.58749933459107,12.580023992706373,0.0,0.37187648046947,61.35000529260283,0.34874304204238665
29.390692443997615,12.591878541273335,0.0,0.3816789813909267,64.12997909041205,0.3492329014554871
41.14726987091165,12.617620456322788,0.0,0.37175170990915835,68.44273360812,0.8265717334266054
709.5608373534146,12.587769791603142,0.0,0.5066971542177356,70.9122913790091,4.47498784019047
931.9663578467868,13.074994516102905,184.67129315198642,0.4711912841784742,66.64637972494191,15.100894695580939
1420.661532497009,20.23882036607458,78.11785244797926,0.9497355418869975,58.23724456955462,15.237574805940108
1566.9456816501238,24.35623220595707,124.84220901851107,1.5960392824279939,58.85566576590977,14.700670759622486
1673.5548430378271,27.68183711777816,114.4724376880577,1.719249366506083,55.291897480974264,12.766575759061906
1772.2375251330072,32.59676416178146,84.61600033702717,1.7517324870887652,47.66968910496537,11.541545937947518
1877.249229957172,34.16734006511058,98.76229936870439,2.0756356312445057,39.37055806952204,9.284750371095427
1960.5368920727296,29.53288533229563,103.66000859908017,2.476976882572973,34.298436176565694,8.0642421399062
2084.3695497475574,33.92549970205115,153.06509918089125,2.3530558687371226,28.04241031478888,7.14338547900176
2234.4112511766,32.27839531433831,196.42526075328436,1.5492753041632648,20.17659493544612,6.23881315321088
2359.281417224877,30.525797109183337,221.39417238005223,1.4868291427632525,14.852313772929222,7.09158422111212
2449.473777654824,25.941359773080002,238.9523397338339,1.920316165941099,11.322945638470083,8.24249108516086
2293.697912380494,16.885485606826336,164.6828993190318,1.2105014838060253,11.540646327299628,10.85123350581688
156.54661829537537,13.84540976770824,3.177552001001882,0.9950897358380046,13.89082073589477,12.737012924346805
192.67246045045454,14.763302761163827,0.0,0.7967890000962576,23.400378165649922,12.780748159609045
100.53402876046925,14.746029577401655,6.401003383529226,0.878478600477154,32.464862155345934,11.733151787581596
98.84857038202743,12.704007639738725,22.351955070771066,0.50384496894126,42.95209029446868,9.683908378852372
71.95767705667627,12.395253825012421,0.0,0.3795962235873063,56.72953563473327,8.468825230017098
58.72294401124673,12.473809507503088,0.0,0.3765521225880372,72.48429598930998,4.734065942594285
18.843852127907294,12.517921011569683,0.0,0.3729153522806485,96.31072857291268,1.450255792618611
19.37925473773132,12.617021410334019,0.0,0.3782334634943908,108.35417677200581,0.8261636006529239
15.283242672626574,12.606325590833622,0.0,0.3725209014844006,112.74685420346789,0.35020070886232646
2.691059125481724,12.6280804902681,0.0,0.37869474863559033,121.83413347976992,0.3507251698495985
8.358592328201482,12.679005186477227,0.0,0.372324407792092,127.78270592043071,0.8298885263969217
1.6610056971152913,12.660417923325197,0.0,0.5045979831397751,127.2666375086658,4.496321280647244
202.53900277334674,12.67328914926689,476.6108533463743,0.46347971093177814,121.32575739590283,15.15234027857519
886.0653944067317,12.501749496411751,292.93998724620764,0.6351475550364427,121.82547244164839,15.237574805940108
321.45033885982355,17.888371408407835,168.43500129577978,0.8182386102779339,128.57533364721903,15.237574805940108
662.276312686086,21.2272482375679,95.08142253171094,1.0575984988051967,124.7961165607564,13.403507009558032
867.9394501113857,24.87929633350032,55.7674389670412,0.962542068382863,117.30831108132068,11.971667727327093
937.1567720044854,24.670722816071702,35.820844091106665,1.126304735774974,111.74767162518829,9.564017358748375
988.6597125490351,24.355487050629705,26.235455962781185,0.9947708527951086,107.47480879613119,8.296419805577864
1034.3205819318978,24.268829623076783,13.88830689727814,0.9552514584684028,102.215233583497,7.353648542066604
1077.8272449694057,24.153710694617107,30.465494818653486,0.7833405359501283,96.97198241760526,6.416608326282123
260.41323409871467,24.12144812834403,24.286012014615967,0.6992341098753554,89.77291918068539,7.320189241084065
401.8465160283047,25.153985027936596,38.33447056973741,0.756172132974345,83.78612031166895,8.78554111617247
230.19678294167497,20.472495077094568,82.00715440386591,0.4647090477089836,76.60330345306423,11.52276852923834
165.75249841665234,12.362725530520894,0.0,0.4565037900355973,73.05531117044671,13.674775194690323
147.83594675760017,12.341653157766183,0.0,0.46303694316303806,80.01198365364215,13.00291491196382
54.82102864825369,12.390092089162547,0.0,0.46195743443162307,89.29403585196613,11.937037945071557
45.927344466510874,12.574235458773066,0.0,0.5396978769979277,99.90835388070636,9.816001169182101
10.76099352098819,12.584293455350547,0.0,0.3840325331647013,116.51179847010178,8.574200758625384
19.395737978154365,12.663934965477958,0.0,0.376434376487228,133.07258651363657,4.797815610716541
74.48318599850676,12.724875168726204,2.7129622300348353,0.3352016837581384,148.00913950623405,1.467152886362244
93.49838281863258,12.789635183756136,23.590721953147742,0.33005815671108696,158.9711743397507,0.8303178717994536
128.6268683944729,12.797110583120759,51.469099573696745,0.34013614483319327,169.27177117268045,0.3519071840863223
167.51675111516505,12.812906338043295,65.22339123837817,0.33060739355751717,179.15989037695604,0.3521417281188276
178.3135979817432,12.837699566576845,89.97497077531919,0.3415885087654844,184.31305740584412,0.8312705536047539
205.1606182314386,12.844527387684305,94.18587039948765,0.4619700533467755,182.1875468000744,4.505672132097555
32.14200854060452,12.862102533821744,94.98551376656603,0.340312686166747,169.6887348800536,15.188917966166793
113.33217926366446,12.591406930588473,66.25618078971786,0.3315702632652685,155.38201815716434,15.237574805940108
168.38073076148655,16.542420722562863,57.98644790980737,0.3398467303865757,156.90425156761825,15.237574805940108
197.36134615752215,20.58220847378648,36.6654343214242,0.32905927267366214,149.3204980167895,13.453597244012876
241.7137098484992,24.61670175918565,18.63106140503436,0.3391144985915743,130.17585836770996,12.160803486222026
275.11757630503666,24.52618165435182,4.007455039247573,0.4121688645366371,116.31980927929584,9.760717662610897
301.2346019190909,24.405804422018466,0.3894800524982613,0.42136251124119634,106.45614932744532,8.47679802824274
317.6961690197004,24.32432875501128,0.0,0.5432769073731508,101.2993349110879,7.519857724221187
341.3816722965642,24.27042603078134,0.0,0.4123116229787683,94.07684559554016,6.574726760858738
346.9496360458167,24.194511155066312,0.0,0.33703983958826567,91.47171191611051,7.49238268184885
348.38818594681106,24.191068694484514,1.3222008724206984,0.325895995193323,85.74569451613546,8.730101316657684
165.3243771701847,20.189935219214767,5.658170145516637,0.3356560435362331,76.7293691213436,11.518685257428798
94.74751072822588,12.379003376081169,13.943706961722091,0.32841704542492145,71.57131944122344,13.64897573091986
66.42302908911223,12.450506713643916,35.05043225188507,0.3382080789601728,78.45965675965178,13.060572294942496
39.34468306259399,12.512625030421049,60.352164509272264,0.33057131834582093,86.18087920137998,12.010392928116058
61.03569161349548,12.714833661555152,69.20463557757358,0.4663766631335119,95.05674063185353,9.86191278639951
118.38535671327901,12.735463765678213,87.70701755090165,0.33338080041504736,109.94252871427723,8.607368860855606
151.59696929307702,12.812544826142203,88.73523231296483,0.34215102431704186,125.0871577157906,4.80350905455202
168.34425375436757,12.84663135741608,100.43885762225266,0.3744693570767377,139.68920937126703,1.4668959976580698
192.5528416255259,12.8368523864067,100.1788756145247,0.38526678371862216,149.2226329335908,0.8303567480175995
216.06736843585512,12.845874372496652,118.85477446535451,0.37450801859303856,156.72254300297948,0.3519650636809016
239.36571038998977,12.859652633346776,118.62437679959254,0.3863350671131658,163.52654318520322,0.3521652506414738
163.55015040606307,12.885925273771917,144.11733817714904,0.3782330936036186,165.81209162411378,0.8309014186761724
4446.011859644083,12.830404247203724,142.7755888562759,0.5084263653312582,161.50710548027334,4.505726307812325
1023.6370970784227,13.486661262769465,1350.0018732980268,0.4815929248459653,152.76556983136103,15.237574805940108
84.20931682822444,22.05338755058768,702.7202381954138,0.9968501661687946,140.8947989292533,15.237574805940108
343.9444666972514,26.124527395276782,254.90997112157183,1.6915738656789214,138.81725487333205,15.237574805940108
531.8477403067101,29.080050903176677,129.09659276329222,1.8017602075800605,121.06943864190102,13.463485326478594
712.1761393617578,33.865292025736196,48.1292555667635,1.8196765557487797,100.35403544694287,12.052715854012813
881.8889997637842,35.20621921097508,2.839806757374653,2.1367101525244423,82.11141748392389,9.599743999470588
1031.5039114970632,30.19725608705454,30.06632639465539,2.533001608629287,69.70316830784964,8.275164035940017
1183.2582374111012,34.58564678504713,72.81097797456458,2.3972692337762664,57.65762672693496,7.298983453549959
1369.1240762151926,32.85730849594572,93.8229145866337,1.5767000038219554,44.73011449929378,6.358314127656941
1538.082870232085,30.97658538061279,96.95467595000427,1.509857991114512,33.16399796897025,7.209264712382935
1587.9000147067227,26.24918221089252,133.0661989267221,1.946857559550299,24.452970824976283,8.362827802743258
1604.3645126055255,17.091696959059355,141.95351644564388,1.2263186791576246,17.16008709912947,10.997037687784811
153.2351207420998,14.009049527317941,12.384751668787592,1.005978824400855,14.181180746739674,12.86753153347164
200.2637562224593,14.810481881542103,5.015260930971845,0.7949124329360909,21.065432842632287,12.788224560232639
96.8043621939829,14.752636139469635,58.58196382914253,0.8827758392271082,34.74971961384998,11.741239988754417
89.62449465421045,12.754038845299132,100.17395223144811,0.5058682235727932,49.84488791641721,9.734221917466872
59.825398167805254,12.46401252550761,0.0,0.38578154251068725,70.37446845816714,8.525536819213816
43.13549046248967,12.508683515806357,0.0,0.36948892958817386,90.91292173204991,4.742849610145362
14.081700558208125,12.557611486767232,0.0,0.38135243306290895,113.73555255986193,1.453905219287005
12.053446540103675,12.621099734795234,0.0,0.3735498145629539,131.12130836317027,0.8269526723531532
2.8647512395445345,12.610833788919624,0.0,0.3771517891336772,146.01765776794346,0.35116931012342034
22.793614010798375,12.64670579903543,1.9658899581278604,0.37756866144785534,159.44266747151843,0.3518927451968055
8.943466488646564,12.688209359713005,18.49055062614665,0.3737049363566919,167.61998649012241,0.8296267817930565
2298.8289028250015,12.666469664950148,43.40367531277805,0.503983075408879,168.51637343417715,4.4955365354328585
219.08355544018852,13.286990648026608,765.4092043046768,0.4664545076972824,160.1554214802337,15.166778127106037
877.1679269491008,21.177174239107146,349.14163289648997,0.9925988074559884,139.02175284734614,15.237574805940108
1116.923647947156,25.061886911314765,1.0446792019489617,1.63936151755204,120.39255411377376,15.136799945538533
1305.8234525886523,27.87244537064945,99.31028306602884,1.7311712699279675,90.2398129828434,12.931799988857897
1468.796459883634,32.82192985958962,106.65425625955855,1.7637114928938464,66.87997547279491,11.612458152840205
1610.2845681993513,34.35074556072122,126.80843328650917,2.0797159417797806,49.41469109348391,9.310287778582948
1731.0886052303829,29.642512753559693,132.0168468011938,2.477522056939189,35.24442323559539,8.070687500737352
1843.8605094166103,33.988523956295666,157.06974989815956,2.351087916560574,25.788278893834153,7.136640433414188
1997.7286547721037,32.29631743170549,168.47738730742762,1.5455919334822537,15.267535199073249,6.230654529906057
2111.2726419689243,30.487152621501185,160.1213579631429,1.4890110153995828,8.940912627999507,7.079052837694022
2212.356473115508,25.876787091978585,199.63095101275815,1.9147825119379325,3.141181532676851,8.22751364426512
2164.552990468115,16.850080905378842,186.70765849555258,1.2069297441308284,0.5211414145091009,10.824107724389846
175.4392604355587,13.818446285673565,15.904520533498172,0.9998320765331368,0.6204823017138917,12.68321034715533
230.8495474873897,14.644109195654549,0.5660618709374321,0.7883952236468119,0.1835233812812544,12.630190549249226
115.71697254097701,14.548926947638494,0.6376022356904876,0.8666633045105337,3.425102204229774,11.583841820127368
108.27311563846276,12.572709903543801,10.584551054995245,0.5079533226270349,13.325252505110061,9.566073831551124
80.55926493581694,12.2671249300986,0.0,0.3716607794435987,30.95974907733523,8.362345429728425
68.48607933169268,12.353234799758727,0.0,0.3766688027309085,48.12031566078297,4.685787026775317
43.66957943040761,12.403717100800588,0.0,0.3762137192810633,67.05478650886069,1.4371803802008423
48.880464446952615,12.477283972660414,0.0,0.3726280137023351,81.54195023265207,0.8186530377353916
37.20662207682435,12.466931520660113,0.0,0.37643370309416213,94.37819168933645,0.3477894834484933
23.98780231546734,12.498536575002197,0.0,0.3719099487078692,106.45234102769405,0.34884567890505147
34.126173634083884,12.54114617662496,0.0,0.3775800611253783,115.3683384529805,0.8238223484743986
1159.180813631034,12.52688795607518,0.0,0.4942554496538758,118.47223757224072,4.45641789055582
713.1400854024478,13.101450633493595,432.6493401234763,0.47170919945936673,113.96113307691344,15.031444979738096
1281.529068947608,20.523414115188867,173.50478775246032,0.9612547802723477,96.57488932352159,15.237574805940108
1463.6918353050692,24.467134145065916,65.83526514834091,1.6068831403598094,80.88117161886403,14.772052386663479
1620.9908436493608,27.541588490010728,137.31765403340134,1.7102464799820385,57.2245360883475,12.730381137081093
1756.8766957469418,32.44351386870334,143.39477169164346,1.7432813363792643,38.61149822814292,11.460149830530073
1900.6847221009832,33.988021706773594,179.19200846903908,2.05749036774128,24.6313377395724,9.19774248552846
2032.3819421620124,29.35120843226378,196.89749898528518,2.450926645812469,12.724509888661283,7.977082345112432
2161.0639667712726,33.690493306200025,229.90947795156941,2.328379410642098,5.137045216882733,7.056064028810189
2329.3269984657422,32.0127905104826,252.2007931283025,1.5316119922834737,0.15362583911705982,6.161389916415574
2435.5906386054567,30.246667172401235,256.1046306754749,1.4708525851874534,2.9245186462787913,7.005131289758665
2458.9988681312834,25.708826956288007,265.4708406687816,1.9006867095950701,5.21846102940884,8.148121772817593
2390.7594316496356,16.74828247325942,209.30419272505108,1.1997394816462597,4.072919902558297,10.736801359504158
169.99074086112935,13.740833919098476,2.5708517013586554,0.9857718043295752,3.88706411609148,12.592169962864045
224.29240915489024,14.562969169200803,0.0,0.7885969847444041,2.693203873216766,12.591595680504216
123.6348530929186,14.50594760331034,0.0,0.8695201948710701,1.7546048886971422,11.530804595185533
120.44685939835557,12.495680477320784,0.010332937963259339,0.4977603787785626,2.2848409822290883,9.503543116054436
90.61457287483361,12.163572327119054,0.0,0.37776593688411436,11.722924470501757,8.280740794838703
79.31784249179648,12.255529735146565,0.0,0.371742380236263,26.91920976145888,4.643854854439167
55.22262703339431,12.289335696344754,0.0,0.3729096737995553,43.02235836732221,1.4250690104122412
63.44715847619941,12.365943747134938,0.0,0.37549240853576943,54.625320024883564,0.8125489215871636
54.88544856939267,12.360061284642084,0.0,0.370984182940806,63.741106576945164,0.34529545426605773
45.50564909832682,12.399670332279165,0.0,0.3767985106774621,72.27687590066795,0.346362452216093
57.35233527456098,12.437047151840831,0.0,0.37084744591606056,79.0153437491632,0.8175332942979344
557.0783141786578,12.401851397740508,0.0,0.5006218071396514,80.9628664990262,4.419325117618912
953.2294836707717,12.844771408237708,218.83012852882106,0.46067321612494194,75.46319769852687,14.905647984225068
1448.455085984695,20.078877591597283,83.34940522647187,0.9468506486373746,63.25048734132182,15.237574805940108
1628.494835709363,24.112315634107308,118.67944512399617,1.5801567512439707,54.124028886672605,14.537253018694784
1780.3583966164554,27.35097627212671,182.12663761305865,1.6952074224252,39.49352574884074,12.60317005565238
1921.9053625060135,32.23274762417095,185.835754431347,1.7301936872122314,24.857985614134712,11.362854573634001
2054.0055927514777,33.782767684768885,229.0444279772217,2.042946502296286,12.395584054985349,9.124893574026656
2159.558088509587,29.188052251461606,167.65515380314548,2.435082579549943,6.493239801718389,7.917120639707053
2288.2655385363023,33.44952890763911,213.00566182704335,2.3142542432093935,0.020290640482408678,7.014553855577364
2439.593866560286,31.812773228764136,253.6294246634201,1.5218415406981558,5.097479536252673,6.127189068205002
2619.785269775571,30.110915570121723,343.11015577024864,1.4680451197927917,10.786183195627208,6.971572223446716
2671.014334287434,25.625865819106014,419.01569360216956,1.8873311805927422,11.778772114726133,8.101033589579904
2576.9069710944873,16.714929986893864,313.6476015963952,1.1911889297050187,9.239579680570857,10.666384779714774
223.8999850026982,13.69328278883601,104.29007032679391,0.9875301010172962,10.323749709956754,12.515695376749152
288.8190379474952,14.524831477584673,45.36052137419796,0.7709575706042122,8.464497645909178,12.314318399689338
135.12008305791176,14.420697325712478,0.0,0.8529326401272017,5.348786752785363,11.362293718613579
135.2013747513144,12.41815700696414,0.0,0.5032310056469105,2.2256694492496085,9.442492796924586
100.71334133406428,12.069759810622582,0.0,0.3654103978316438,5.662057332741389,8.224998088770029
88.93626197702085,12.172801362064869,0.0,0.3761304171741446,18.69006165960541,4.613497273189672
64.94157259478936,12.213108852249928,0.0,0.36813573542535216,35.02207299744,1.4158643185755684
72.70019883327487,12.288285929342498,0.0,0.3753462401295469,49.2953100095393,0.8078937909784359
64.82930613845937,12.27192438404027,0.0,0.37412872713331063,64.00206635368022,0.3438760435992118
53.85546183927954,12.319545975636977,0.0,0.37054181624250365,77.57532510494205,0.3451656550966714
65.86561383336405,12.379308924362107,0.0,0.3747818868638862,82.00393140208195,0.8149294945684806
352.76399120647824,12.356544055548406,0.0,0.4921012878344528,76.89720076290556,4.403271557832373
1036.0195829118304,12.65608046367674,185.20763249528986,0.46380495317952414,66.74742132019041,14.82031841871009
1477.9674919851186,19.916077551706437,77.57495900577771,0.9353416919112626,57.37807992601988,15.237574805940108
1628.046205168156,24.011788142292993,82.4526295667412,1.5756509815956417,55.09323054693049,14.468996400546157
1760.1962178279089,27.23810409614205,89.09582188294276,1.6930319887809244,47.684450218446464,12.572681811681022
1881.5837906960055,32.07759656530589,89.91752140531577,1.7272302240015796,39.73963185928613,11.356053920142068
1986.400755040187,33.64929514876101,111.21394859440083,2.0427528527967262,35.114506465532024,9.129193354305208
2023.8391782065464,29.095292599958643,105.16684840680499,2.438042043054044,39.02163209475382,7.931761603267089
2135.80952452815,33.4640579363756,123.4720661656915,2.3189294912989666,34.122416763611994,7.03756943867576
2260.746513845276,31.815320748438392,122.47128280096184,1.5293824905614821,27.42466584149703,6.150701033735431
2330.0382297658425,30.06291295244648,128.6512021900351,1.468309903653765,25.96117275501282,6.996814492158003
2384.8750206864615,25.56985878095115,146.89173903714598,1.897733930135775,21.45471339078842,8.141440304897658
2250.2626929862017,16.653819994652192,143.61847646825612,1.1968841787995252,15.549558527274693,10.721485819214992
115.01992358594663,13.689083692751222,1.606435182193093,0.9852335839592902,18.38101909995428,12.573023086415136
180.57931506329206,14.683945917951837,0.18891320959590388,0.7875930913747821,23.899521798642873,12.663167493540179
102.22811544810222,14.58801344489661,4.60337823659615,0.8679763633892749,28.316303362613553,11.5821192480372
98.97435936311116,12.538040456099603,41.617191950804994,0.501060604890281,41.08312698505793,9.540727738041962
72.50206747735736,12.265105487712306,0.0,0.3788291915908205,52.05389021102996,8.364525623805843
64.41902224709358,12.316389404775721,0.0,0.36673896928198685,59.60750083447497,4.667048082416012
40.55377463604145,12.32804939230792,0.0,0.3765937927834853,68.6398901125698,1.4295011753737477
44.74750677996243,12.384952116922584,0.0,0.3671999319920857,73.73869492220018,0.8135736781248144
36.379331745892465,12.380344064843616,0.0,0.3776400477353539,77.2641896850454,0.3460701496064032
19.74999770904754,12.416247165780177,0.0,0.36701319660438886,84.58770265654891,0.34681892062671205
31.667381373456067,12.47327639700738,0.0,0.37881866148858284,84.70300645786286,0.8177585653581227
35.24413507468238,12.427439221729967,0.0,0.4988849774781713,76.7466013442972,4.413905084929316
226.7931021055285,12.424250146445134,264.971810863148,0.4528886634532376,71.9142669805224,14.845440466104796
678.7772245969344,12.243052314833626,155.8606282574477,0.63083367761438,68.11534490159015,15.237574805940108
460.54230732949014,17.602000335959218,39.750465417888186,0.8007883978465539,69.23286149773551,15.156181150056913
719.0445765436432,20.56129333594847,9.674117875066266,1.0331616024022172,66.62769180109979,12.963589470167971
968.7206479530251,24.23807142855982,0.7133997088552985,0.9403867553704842,58.966197295740095,11.62415695156419
1051.3533352204324,24.05218307046374,0.0,1.0988479705463445,47.651304849341244,9.29332744762457
1113.695822575475,23.739558201581367,0.0,0.9715040298409237,38.528929273016196,8.058933151367848
1171.4983802398492,23.647514897631556,0.0,0.9273054867631688,32.82178049928785,7.138827859041013
1201.3601452942203,23.542594070032713,0.0,0.7707236002709835,33.73612388788471,6.231641251849746
287.86823447957613,23.509292326908028,0.0,0.6837015213403415,35.76169863611587,7.106591521116906
426.82851965468234,24.554010655004838,0.0,0.7429141898605773,34.455036938790954,8.558733859728529
249.55360789308264,19.983756906309676,18.825116767441592,0.4493717326460407,32.284271231986075,11.218800196432907
173.30249661284546,12.080055258673532,0.0,0.4576694094054115,33.741200232994316,13.31767671394775
160.2377164114982,12.104988609650356,0.0,0.4550298637953002,40.529995380991686,12.715129622462339
84.00223797439689,12.134844103383495,0.0,0.4497427729250098,48.40637474069227,11.675415610683464
70.1697927225201,12.310665029244857,0.0,0.5411811157284632,61.545782992141625,9.603180563964129
39.69115169962997,12.349933894770043,0.0,0.377081062293147,74.3585989179833,8.398709044106965
31.23802913373951,12.434317704793445,0.0,0.37094862101588355,83.55573136259675,4.702186925135789
3.55539779656472,12.453672443361274,0.0,0.3339296203048264,100.99503442501036,1.4401411134615272
0.6827270612531251,12.528279843229848,0.0,0.3299665625588389,108.20314191339835,0.8199578861540321
11.286529766797265,12.517199824103617,0.0,0.3280827841700321,108.47759949393068,0.3491076590829939
53.001134276409985,12.552554125105443,0.0,0.3349360860327293,118.7288831634026,0.34923195919628147
47.344269881800365,12.616100747561001,0.0,0.3263486606749456,120.74155588103909,0.8204109107607849
48.7846121413461,12.598403512734052,0.024740384572861592,0.46031530118663516,112.74322416933605,4.432236005234109
129.9463899805755,12.588389905855616,8.103127786390854,0.3358027443457727,111.36038883097883,14.914455803053121
207.3937759930043,12.239811991638675,9.47655124926249,0.3289561983050304,107.38995932525029,15.237574805940108
248.94090960800273,16.12217615873306,0.03489509524818059,0.3250757887920165,110.59873844542844,14.9865266894727
251.47740514383315,20.07839490985183,7.447106551929455,0.33439105215364395,122.69459792739788,13.114207145099357
276.26490884209585,24.12335737164181,1.865634530920038,0.3242698257521372,115.45522791544458,11.908230887711984
302.45876197413713,24.102402046766514,0.0,0.4167427842233215,104.48419141950943,9.580513919411503
321.1651201989126,24.012858497987306,0.0,0.4142007953631267,99.84132831697409,8.329274096736595
335.61633914423004,23.95280863837403,0.0,0.5302519401755961,96.31650517947486,7.396760397716278
339.19098394499184,23.906032729857895,0.0,0.41753746430254035,96.41871580878465,6.469199797221519
319.55622690084255,23.884459775741718,0.0,0.3243398445990809,106.99440395182813,7.385719786119536
328.8086678232086,23.953789843599107,0.0,0.33481707063684457,97.25006695245871,8.629037120999465
156.19278521249035,19.97262442040579,0.9194026032692167,0.3238563212142158,81.9902753888652,11.374912029807398
66.30178429725444,12.226182982302532,31.977295246451096,0.3351918981430895,86.02571992890347,13.459732686882232
42.87447696192746,12.350594525625644,46.516879768389984,0.32790871009149797,90.02295151035015,12.928816661608261
61.322078193328,12.39795314590736,56.92088172829557,0.3363483865988424,90.4080883757147,11.872943791344214
98.1580576156642,12.587747548478278,76.30833666085056,0.45342343150856596,104.21242284068414,9.720707071131432
150.41928477402075,12.610613170675421,91.81713071527828,0.34126985114095804,116.43893254965131,8.488640410101093
163.7880609314375,12.662984595523167,77.45008980185443,0.3303561305058178,123.24368447173529,4.737466863696832
201.99487583251994,12.692921128765919,100.23641932763903,0.38047790592629893,142.64416277118656,1.4477575440994512
221.63375118649668,12.701158177198973,100.90720300434535,0.37241028851664837,149.8319747220004,0.8208097274651335
223.96145705798938,12.714454263579983,105.58831425673439,0.3818690851698282,148.22501687805092,0.3494876777549057
240.54976935294923,12.714429719448638,100.78184274175075,0.37218980636293486,151.1238153808568,0.3496109731193439
158.967661363154,12.722905681127724,113.50493938798452,0.38239542823596046,150.95461444138928,0.8210104429499845
4352.390984397668,12.66541651781473,107.55693746756387,0.504414923588318,147.31361874728398,4.4389272875138
989.0433696437533,13.324249551312388,1243.5328914138415,0.46943101177366775,140.491503356673,15.107075629251097
104.79950713892913,21.76373990746691,608.8769208328364,0.9878246225127777,127.56993288907229,15.237574805940108
342.9119497612041,25.71113437690216,227.69537250207978,1.6677960394612206,131.33000602623156,15.237574805940108
529.5039958749694,28.666679720263346,103.1897637373061,1.7682751549040767,115.48652450278107,13.246195037866226
686.4600682720258,33.36628167550285,35.863191255332964,1.797665212214546,105.41816312234162,11.854562488686463
825.9214053428468,34.771517026488766,8.514595182254006,2.1057377460357927,95.69105176686304,9.463340433484282
987.5732676163854,29.90241423915443,34.11001363606249,2.49862423679416,77.42583870834174,8.17790259443094
1099.0801336373777,34.21238595149396,57.90328253382983,2.3701069307766818,72.38918259413647,7.207127450488819
1245.753325545058,32.52519354057576,46.19127660217656,1.5579780322583026,61.662718555175765,6.290783894497148
1420.5175197336923,30.647387127335904,47.59683247152412,1.4961487436172305,47.16527614611684,7.143381304787147
1494.5210388270236,25.954861881009528,75.51337128293957,1.928076691671523,42.91210966110297,8.280490645676988
1454.2944461041343,16.900267181483883,101.82598261361427,1.2156340770292806,30.49690984146386,10.891929581803012
146.14195344313805,13.866899031537004,11.013533339847163,0.9971585082114255,23.51940035587083,12.740898388388715
212.82535481801924,14.668115076378072,5.522966122583479,0.7886162276375669,26.49056371672466,12.647481425637741
51.69253640129257,14.549837305505157,62.72347230602249,0.8695678281407206,40.91468756926828,11.56058778235859
85.3216673771774,12.713583632329529,107.0296844743655,0.5019456049551182,55.76233704212948,9.63907863638464
53.584701085286945,12.33229793207007,0.0,0.3832022398093857,73.22765032541847,8.417304413466876
37.986172838925945,12.36386330996622,0.0,0.36811363308578854,90.10368949258411,4.682337720744041
10.460534263885876,12.405698481251694,0.0,0.37700478623299705,107.23226357992363,1.4365079061181831
11.368782438148505,12.474392111158876,0.0,0.37217275157955954,118.65451431030043,0.8177825399360176
1.213344241486488,12.467115696643484,0.0,0.3727376398150469,129.623261549499,0.3486354076945014
17.74597812720361,12.50020603537193,0.0,0.3745414961015153,137.34613482751155,0.3493263935299151
1.2231227798492885,12.519347354691492,0.0,0.3706033253547954,138.58112145155806,0.8197801496213076
2264.4926257112584,12.484630408396704,0.9248829280335819,0.4984354522709433,136.9104010989665,4.427306453173717
246.78959476988254,13.138870444452447,584.9376147962827,0.462236212161194,117.42426682274264,14.945499507391313
902.2364351961747,20.78059482424142,258.8908503812336,0.9763389904294031,97.2151761535971,15.237574805940108
1129.2634120326177,24.553154767201423,25.52011074664522,1.6075715413288956,86.26319602913414,14.802654775248602
1302.5793392958842,27.436697461508118,61.613845230599544,1.7013687190912181,65.86034176665422,12.684050472986206
1458.6607316041495,32.26652942537351,73.44028937126004,1.739541225640474,48.47848730358934,11.42066298702694
1603.6771164946383,33.81262460447503,99.79201254321255,2.0498144165921843,32.977964061728755,9.161710973715893
1733.3502338871874,29.182325885165195,134.50892033715064,2.4387784993644885,20.34904691234652,7.941835584341674
1862.023758053864,33.501570702365626,190.5727935184284,2.317722783180284,11.477596125999654,7.019944641743101
2002.368328562467,31.862236942980616,189.1731688959701,1.5214198882427632,5.8810966189290985,6.126839177194657
2129.600800314455,30.08023554601341,206.39476317358088,1.4635079858997924,2.4018907515574512,6.966076505067731
2157.9505673696017,25.553610663582795,178.58428522138902,1.889265581900843,0.6704276496907503,8.09631132474539
2175.700102583771,16.624078305051338,203.9742791765095,1.194066088802072,1.3529618494829427,10.665510172722119
183.18590267129446,13.65215759261413,30.53685789585313,0.9800590740237833,1.840030957450538,12.49367184786266
246.84799752788723,14.44650756103391,5.051090010957083,0.7811359076556198,1.5090517935146266,12.400491248281403
124.78074890250049,14.335341901272827,0.0,0.857197012309352,0.7900913526602502,11.388133956066039
115.62028135606393,12.376252588685018,0.11382729971486598,0.4977805135020476,2.109763574783492,9.40587943101649
85.49200342033275,12.060114856929493,0.0,0.37144165632551784,12.177320275499902,8.197280443211469
74.51872499322126,12.153977917606824,0.0,0.3721125177556567,25.634918186048214,4.598050795168601
51.079645105544884,12.185283139522832,0.0,0.36842289258748395,37.643836808733084,1.4119337281357416
59.96602496719874,12.252850836055366,0.0,0.3749920121740631,51.914910038282066,0.8054926226480553
53.12290271508808,12.24514774473203,0.0,0.36808365973591983,61.28749808548293,0.3437195106944767
43.255927700790174,12.28099140196623,0.0,0.3743010528250357,72.18424187736844,0.3447047973910007
52.0782881795456,12.324081603767306,0.0,0.3681115767973002,84.01481420795955,0.8106444781258589
1065.6627917672392,12.29829237489403,0.0,0.49690658037310353,85.95156460397021,4.374455498759281
776.8732163604724,12.920053547536243,205.93568359321566,0.46351012863840085,70.5209222833426,14.798093471724542
1370.564179380873,19.936020758747905,63.78267911516929,0.9377845403920628,52.30528950420091,15.237574805940108
1549.1555741095221,23.84826488840402,168.08344287141512,1.5623991657791783,43.50048149289762,14.349597082468092
1694.496244276309,27.13150060336939,207.57349283009594,1.6757608819076912,29.685013612081832,12.443874458973687
1853.0345658972492,31.948822016675575,219.05044009442628,1.7118580905666325,11.92322841745522,11.223924559146127
2006.4816760194678,33.46671982722044,276.25467420793086,2.0194979515010467,2.055135886464443,9.008616555620499
2164.3880439214877,28.924162947550524,286.40870432692094,2.404654384939937,9.147514942982115,7.813959216498346
2332.569506420047,33.21595675142029,329.1396173232838,2.2877099929298215,13.923405266861955,6.92054330617449
2507.529128436258,31.5663105588421,357.16272794716946,1.502881160629489,15.922668687100394,6.045262231354782
2667.5341226022806,29.840509368236372,426.44210166644143,1.447154821426213,17.00685321903728,6.876733780135267
2737.7763993788303,25.380135589646493,476.8721869590318,1.8666768148498731,17.989178862396944,7.9915273331091505
2704.4459136826085,16.541094443334654,422.66166215976443,1.178665074659338,17.50335059842687,10.521467121308614
273.9661662147442,13.564272236839214,185.43652742994993,0.9702026691247628,19.36234812045387,12.338046819158365
334.8586452647507,14.345685064968459,103.57333893928835,0.7623791399365283,14.826952617877371,12.05296966999373
144.29721130066446,14.267897840117888,3.625789515991869,0.8389476515908053,7.818255773825737,11.131806522563581
157.06756499086586,12.252890855330591,0.0,0.4965162861099892,4.640673553428975,9.297214529451212
116.9111028691313,11.89170448835069,0.0,0.3652353867419714,2.088838221909323,8.096673960806896
100.62601150199318,11.9795494227633,0.0,0.3704645977004598,0.38407401879953207,4.536382530246809
73.6734248610842,11.989229179036409,0.0,0.3650110383017935,9.101600095874014,1.3898781189105172
79.97470897411635,12.055982600817844,0.0,0.3725991302687176,21.489631761657346,0.7940345929273397
71.57090999226091,12.05426711301428,0.0,0.3657342994645538,38.44635189784992,0.3394932347021279
65.18775020081644,12.121341555530716,0.0,0.3737583710748696,49.838651577010125,0.3414762700194394
75.43219588058655,12.17629069528001,0.0,0.36604665682897136,58.09902982623376,0.8030235766566058
346.7158632168676,12.162747747486687,0.0,0.4950705124714507,59.05646031658799,4.331196340150291
1017.3832925763913,12.533020155487758,134.09695545096903,0.45841439237570214,50.08648890170481,14.623602482636334
1502.7329536852494,19.610543390158064,51.447335381956215,0.9224821989557531,44.202333195855786,15.019220369527437
1658.0165385113874,23.66636981094038,85.22634205407637,1.5498160433816273,43.87559193769438,14.228297161242317
1800.7390293775059,26.890577942329383,95.94965349090859,1.6691802006990513,35.900432647540214,12.388949279804182
1952.9909118209914,31.662868289837196,98.62403309328035,1.7058257838686388,24.78405714562814,11.188351033258295
2096.27002507605,33.19639138335765,127.6233717152968,2.0142771614706634,16.70574173827864,8.988671092742294
2254.7373787668607,28.682826105921528,162.3649388767283,2.4001376053031063,2.364828420297513,7.803486985125448
2383.768188530121,32.938711916219866,227.69271824696816,2.2797702785272533,3.497839407685547,6.899754956298489
2516.1423034867066,31.356465286269533,259.60799671351725,1.498234208107077,8.548450246465634,6.028399245594572
2580.0702435282174,29.676760388224665,256.92053923908503,1.443472876466574,9.036212200373724,6.8601483932485205
2604.806610746807,25.22583701404213,244.53029116346323,1.8643451202937296,8.158016520242553,7.982673764446215
2454.966502455105,16.42673922076557,191.32215501553497,1.1783301475137113,6.9372628107882255,10.520073272412285
183.72580566221464,13.48238075540784,12.681692448765403,0.9704943792580336,9.799710777873102,12.347054627821933
239.58746899913498,14.323171386453001,0.1779245356297988,0.7778347782458075,7.713118774594301,12.298739957733353
128.21306734903504,14.242017849287366,0.0,0.8503181997523432,4.922592209646251,11.289367628238155
123.87956931416164,12.281816986001356,0.06274387546167547,0.49683063390729926,1.440806134341761,9.312139649937517
94.10350489400592,11.94874738580226,0.0,0.36622639262517775,10.862701697788596,8.114812405196602
82.80586461541017,12.035625156003308,0.0,0.3703179131525594,26.898511768358347,4.5569219534615275
57.9271196418727,12.07828849467437,0.0,0.36574536208902036,46.712074327302474,1.401127460092741
64.90745525227268,12.162788256485285,0.0,0.37205865815077266,61.8767062430123,0.8008978209889437
54.729230309389486,12.162684122987283,0.0,0.3656891456405952,72.54308777808131,0.34239106086869514
41.93788167433284,12.206711112912592,0.0,0.37275307319370804,85.22199104485462,0.3435464599755411
52.432260421746456,12.255484058684756,0.0,0.36594580768681884,94.52302202661978,0.8071567034309627
440.2624519097573,12.226980730136905,0.0,0.4948824767931755,97.61371003005786,4.351030298517014
1017.0272026972941,12.553320476125169,222.55320708421402,0.45792625779430146,84.5913002053607,14.630679330542131
1513.286821092778,19.742296568727287,61.0382908613147,0.9283373513438778,57.80549330707212,15.129757494231445
1692.1881801136242,23.65436470557839,115.87588454000029,1.5493857707830074,41.64462724896727,14.2287039353343
1831.1663370088709,26.8477294941223,110.99107536974097,1.6653127320381524,29.68250285570606,12.349196581456695
2012.015013802856,31.58386647404364,174.4271901322954,1.6995766112637736,10.622679284125983,11.148598812054857
2168.175969176631,33.14416612982172,224.48140024932076,2.0051295022854587,2.593614757541876,8.940960973636779
2332.3722998185067,28.646393134705672,255.74248408486872,2.3873726105966178,11.385584995257924,7.757313186510276
2448.3245273138436,32.92750111811691,292.7761880300037,2.2719782655458105,13.037392028351542,6.869273148396653
2582.8920504793728,31.308930503923452,331.63613526526575,1.4930910943877655,14.804891892983978,6.003810710419457
2722.9613586431983,29.628084195246817,416.10407127593265,1.4375062226377282,17.82180557249102,6.8319417097174115
2575.1010859042003,25.218763646765876,259.7588408186836,1.8560543578036952,12.895828444841754,7.940752965487463
2541.799628817313,16.394942551668443,203.60452625889369,1.174753406720534,12.614162565644868,10.484714492054527
194.61697819395263,13.439888608351186,24.64242011090548,0.9655742460364483,16.375116783402788,12.298530488309417
271.2217142162337,14.276894761744874,8.461154331693415,0.7722289842481918,14.123418037350097,12.209361867565198
141.90967037728186,14.185495026951497,0.0,0.8489575623329537,9.463562236040106,11.206614981652425
129.40396734988494,12.215395007000561,0.0,0.4895691610624665,6.2681080449200826,9.258285050923925
94.26101715548826,11.901667111587605,0.0,0.3713888523997272,3.827610231076973,8.072562612808488
81.45816937084578,11.990551648775202,0.0,0.36730037623213674,23.333714902919976,4.5342625820950175
56.88060994394709,12.054386924917795,0.0,0.3673164660807328,42.9398385354655,1.3965045986270763
64.31516255491603,12.136261723822898,0.0,0.3705130367515915,58.43228890607694,0.798602569300569
55.67759442174652,12.128963063977835,0.0,0.36614196354755557,69.61873930979955,0.3416977270969382
43.92807084839447,12.162667487726983,0.0,0.3712181827753915,80.65972981464735,0.3428507639809793
51.61686414826951,12.21020842589618,0.0,0.3662287161700689,88.06598800652922,0.8047679406645776
46.73797790433446,12.195384514803509,0.0,0.49335646689296214,90.6191257694039,4.3372319074122165
256.47969945624584,12.232646519812636,212.73453897634386,0.4474406030921944,79.18710174264633,14.613851730358222
489.46982281452136,12.029936048139142,70.07501606124879,0.6196125559928228,57.405844225950325,15.237574805940108
628.675981240717,17.195550182758385,31.01375652606085,0.7864914475420857,43.808287409856746,14.846914345566185
919.0228972782559,20.01004207119511,72.70122139774595,1.006258717879576,26.543598340202113,12.55673721579194
1151.047195757415,23.707727449367393,21.76526634323017,0.9163342608025762,11.128756439362983,11.26728242096463
1252.2312921307844,23.485065620415984,48.82793184908181,1.0739485445570636,5.465664739537554,9.03313134909554
1328.263858845557,23.230366845233256,97.98148066371662,0.9490500430772699,13.484769365614273,7.829179509527451
1399.7809235889451,23.240484987558617,114.19158281180209,0.9082609548135567,17.592781081875696,6.941940818951036
1471.0278690563455,23.17585182752858,90.21945666005654,0.7541184494464395,20.152574841861608,6.06478367102939
465.67106035741324,23.097135908231714,93.78547621730822,0.6691713014718406,24.006095906821162,6.913140535492317
625.0453324374399,23.91513499474249,120.6127456428415,0.7196234407754999,31.660294038088992,8.19247667213328
462.2426663316175,19.559423258205868,111.70320448614372,0.4372064083761807,41.67612138414364,10.775678496418358
375.17153047833386,11.735979150997997,8.171540821066483,0.4425675771089663,48.57943870119328,12.680709546380497
328.8851301397117,11.681029423218167,3.1079651248265736,0.44466407772158156,42.41330459316261,12.154446049914762
199.0574531888543,11.710550965320651,0.0,0.4399072949196545,31.571165440888798,11.161841354252834
186.23273672768798,11.844609187762115,0.0,0.5296202137031834,24.62723427773418,9.175293578924677
145.17206820104724,11.839268487377401,0.0,0.3679604337815158,17.428775742316656,8.009697036864761
125.97023894128391,11.898124230946173,0.0,0.3654824978902348,11.87196302940127,4.483179708020441
92.96918417820034,11.901252460690316,0.0,0.32558696596115516,7.023672267564175,1.3727258646941511
99.24994310672169,11.927157055984493,0.0,0.32737115875286354,4.863302217537022,0.7820297903145362
91.03263247770076,11.887484883383447,0.0,0.32040874882005865,3.7862986130449263,0.33427187306092354
83.18270033481004,11.901051953786,0.0,0.3328413562724487,2.9377794147623106,0.3351005569526672
96.66682202768763,11.93099559437765,0.0,0.32241220904528956,2.776002697312899,0.7857687034402552
96.8682295010823,11.885987018151127,0.0,0.4521785586233852,3.7636525884512775,4.222348492025338
350.3818182368703,11.954354288336134,0.0,0.32469094203274385,8.613044741728322,14.243965530418025
434.12009195616196,11.6462459187195,3.0604960117503692,0.3257904512925804,11.782945355184337,14.898548103974187
461.3605839956049,15.379697924070694,8.108342516324635,0.31528528345079676,9.39922256493361,14.256743803721156
484.9982255382371,19.219364778638617,7.766765003584257,0.3262365394042148,10.639557101380769,12.508084515338993
505.93087348565837,23.041644678608844,7.657556355125907,0.31626533042133737,14.335259507254944,11.339200066226848
525.7278146497803,23.08648919256639,0.09277049577569742,0.40482235472338385,18.374330746196158,9.142484932181691
538.8236377521525,23.022189591584407,1.0899139457980278,0.3973916580682065,21.363804383770656,7.954520002919752
548.2259479652231,22.99210377249601,5.734648791375264,0.5220455599622936,21.55696517673571,7.063977349045962
570.6093439844669,22.972961766529448,2.8838872458253353,0.40588976054822246,22.23919068255973,6.178965638746275
579.626764770127,22.920888533155594,0.0,0.3170868677410727,21.617779927108504,7.046875237072359
595.27901908713,22.915634299270117,4.381212299357357,0.32396347089579564,22.514894021927294,8.216666750032696
410.7278079070728,19.135395231905918,1.4776037882260746,0.3164761291753993,22.757062219748754,10.843957064380993
321.06671079580025,11.664328194845673,0.7321660812797757,0.32471033418810025,22.62651584485762,12.813276951784104
278.33756738236815,11.674074435722298,0.0,0.31951367856407914,18.657418300612008,12.223861349877781
174.5083599021864,11.720418047364607,0.0,0.3248013933351117,13.782611965909485,11.223614438801054
145.7567004315733,11.862154853189146,0.0,0.4416780354396949,9.457685468609087,9.22330295650707
111.07866931812909,11.895178600234521,0.0,0.33119807412818786,2.2755239471385007,8.06170274945797
97.90175231440308,11.95086539989756,0.0,0.32328138184776006,7.881676361502059,4.518210869891555
71.76476610250383,11.960550405495294,0.0,0.369992728490971,21.589744791810922,1.387781764351816
75.29526675859447,12.030536846150182,0.0,0.365514389821156,33.29510297345616,0.7937584072117305
65.05168504597457,12.036862302966462,0.0,0.3719491589416136,40.954189513602145,0.3401836574136931
55.71804675439115,12.084852095642917,0.0,0.3651711423142632,46.68810803144066,0.3414037921402587
54.346083023355945,12.126152665425112,0.0,0.37278504354272657,50.43195121262276,0.799894785242736
3096.3975669623032,12.144175083940498,0.0,0.48507723370529265,54.6621322647805,4.310847760331746
259.90015875364224,13.068559280754474,244.67143038754503,0.4709114074186589,55.44367146834688,14.77116269815879
509.27849392662,20.94096290364778,154.2715370338476,0.9510810644694939,55.086336401052684,15.237574805940108
684.2957152686588,24.320084235247247,51.792034810773075,1.5915737121445286,61.946812355900946,14.59512169603235
820.1186611802544,27.35479512746757,62.120191416230924,1.6896204946798554,65.56966260219568,12.562111287215304
936.8699802311727,32.209872030904805,57.28668241484958,1.724844134675841,67.79214669060276,11.351937958746655
1084.0592215102847,33.79666057287775,74.80910972441643,2.0410919354533745,57.88382507546492,9.136099014516475
1247.0106385896927,29.15177285202973,94.66635207460979,2.4340058661067085,38.17741382254788,7.922025520363019
1444.8027569403666,33.38432094381131,142.51748293711904,2.3018055875646968,15.728316859104451,6.990723769810826
1653.5512746668946,31.6750179406749,219.9936172150112,1.5153154006201264,4.901801210251195,6.0839666299718
1871.3634654987925,29.937971329606025,308.0502667257116,1.4545651113117326,15.91430945791401,6.895854243718896
1987.761870648829,25.462787973332922,372.05815441617494,1.8668741950049241,21.3833507221257,8.003599765619143
2022.7061926724643,16.590485695122748,320.0118536547104,1.1792429389554444,24.318458830265175,10.52674878770133
210.4473620393592,13.592139430887578,47.318565627025194,0.9775148338074348,25.35114844125477,12.334646018759088
263.9364970045222,14.283804687620975,5.022837231126661,0.7665709247602039,22.393978254553772,12.132522891478649
153.22624703241368,14.177777312567068,0.0,0.845425813375798,18.94554116583463,11.174974408148847
146.1288175148732,12.184164995686928,0.0,0.4960854389498996,15.979620388657723,9.199631585981528
111.05487562257491,11.861971146668271,0.0,0.3620994650676305,11.266162356182669,8.009746337716251
96.84699694637382,11.926364361751917,0.0,0.3704721010941993,6.403227203788302,4.484108722093327
69.9132047370404,11.920139591304439,0.0,0.36159090327455945,0.5214391647280553,1.375255949852135
77.04001571482652,11.946277168160536,0.0,0.37434537069574647,8.041549545417013,0.7862822594728406
70.05201952508773,11.93063430213524,0.0,0.3623808812063205,17.562054391893973,0.33716291389603525
63.86653495481211,11.988229516051666,0.0,0.37345395120901964,25.65793495687763,0.33878952610741947
74.61845387101756,12.039826826992456,0.0,0.3630876512903039,31.821766067232495,0.7938536529985454
1209.7044976730135,12.014632558134608,0.0,0.4929124243694681,32.826313143355804,4.269860477170829
582.5865473453331,12.85217009199819,59.40419605598452,0.46424558901283475,29.458102183585666,14.605490410794863
1172.4631765964111,19.474389224190823,24.39412773873498,0.915151733365763,29.387455744919116,14.8812500647493
1379.1101131151693,23.513891241707423,82.53172006722298,1.5380975817397635,35.64350417046521,14.101928471893483
1521.5442372736918,26.766644000728007,91.95988237661321,1.661502907099992,35.23528841171375,12.300338910706962
1642.8594800340243,31.533083106383042,93.66711869526571,1.6938531331295215,29.21737440232697,11.117509691565246
1744.3942820084972,33.08634541165404,115.02282604941124,2.004130627887834,26.678515048380106,8.939862425681419
1849.092279494264,28.609806117284688,109.50249360578647,2.3901498940227524,26.32815110656465,7.769174235745143
1948.8853489084004,32.8561960723387,134.69273553405273,2.2732559391522567,26.801125446423985,6.8848055907577965
2041.6203785380912,31.2639116724625,129.84667394412443,1.4959982693036773,27.00628484195657,6.0210665507842585
2117.5957505738133,29.55523895665017,141.32980817592795,1.4412365409072347,28.10499035429315,6.855504156398917
2191.094697756786,25.148291248567553,165.09652652708206,1.862748358993549,26.742441681257535,7.977784471699817
2052.8310748672066,16.383937164434855,149.64405163990497,1.1766966170656328,24.788714829912653,10.505414670404148
131.63666358942763,13.462207322210865,2.5480394138877136,0.967577452992047,24.908986817170007,12.326256147424797
184.42202197344258,14.352479606714347,0.022433369990488134,0.7757574625535746,32.54763297302881,12.371872943524695
105.60719445821843,14.31531127612907,13.246597676100853,0.8530941043442558,37.851213603500504,11.334112628754584
99.01807722472853,12.286558352843914,66.50066759496117,0.489006339902416,51.07679725716713,9.343564181258914
72.17612102568853,12.032117732155973,0.0,0.3763014802790522,64.27135259550636,8.201639658232608
65.68887067241643,12.078228406530968,0.0,0.36327441501416297,72.01455874982706,4.571559628877377
27.999999356268752,12.095271252806576,0.0,0.37016868435523853,87.69597406636007,1.40290276863542
33.29074252252573,12.181417010269461,0.0,0.3678777153679053,93.54825632785344,0.8014160428984102
30.74134975738419,12.161740840480206,0.0,0.36695363548149373,94.16957698559862,0.343424889853971
20.825718130836286,12.171839618790143,0.0,0.3696190522655841,98.34530135165988,0.3438114219541141
32.50107239629275,12.205411070362546,0.0,0.3658396598181853,100.86039000407399,0.8036601090564979
1074.0384597747602,12.178117066455595,0.0,0.4910970900929219,100.12879529392866,4.319378522438475
757.8084681179729,12.73244651113281,329.46743066189816,0.45211235705509156,95.31656935236806,14.556001374169188
1294.8935763233367,19.8269587353193,157.53772391553412,0.9384398360187179,87.07213891635969,15.170057396987074
1428.1982486275992,23.738508442462866,56.7287198056744,1.5550256184841011,89.57321466842234,14.280292725863017
1533.0923368146116,26.796037949781017,71.78469227694787,1.6592280817583174,86.30792493409164,12.350480264826121
1627.1739414443598,31.58390481786315,66.44531444368522,1.7031036763730725,81.8027821255922,11.163209288155928
1737.3071780458374,33.14778997777013,83.56713482430638,2.0078447708897516,70.77476403069709,8.981029108750043
1865.3557910704467,28.641739308869276,112.30857758655867,2.3934677407264853,56.14951472672912,7.797128790780473
1984.001837742849,32.88245107453482,168.00928629945935,2.273850930631146,42.83165390635151,6.895084845562762
2152.684667423022,31.268546284902765,191.43929245959777,1.4980580800128696,27.247953626530638,6.016480083881795
2338.5119198124935,29.528596227158445,215.4441565687606,1.4370026788448167,11.553677597253893,6.831801223685729
2442.937494004083,25.05173061734576,319.0354175816566,1.8506018378418725,1.614055912639585,7.926016644931289
2441.7282464604277,16.337087767831353,305.04100247997894,1.165041408817743,4.907815985980523,10.418536654047012
232.05733669808632,13.397539135053126,156.55759662666028,0.9653412041788831,10.051299386989893,12.205589470934372
302.37571122886766,14.225719570350238,112.26403164268454,0.7507961937040694,9.914253620271902,11.932166495901487
115.00489114300613,14.12482616105856,10.835773607219222,0.8285230825595816,3.674110592308706,10.983000092098537
131.70788811905567,12.179018474854876,1.5101382699671375,0.49391959780704114,5.115268250782813,9.179929624653056
98.4833855185366,11.804358828236735,0.0,0.3665552999203279,18.96236505099569,8.02256764697018
83.36636339620449,11.903393574643193,0.0,0.363974004890812,39.03993174347079,4.50766561387513
53.70881994954152,11.96001147573985,0.0,0.3676554316373341,63.67715688460014,1.3889418023460276
59.25211593661624,12.049221381052094,0.0,0.36423708016511086,76.8604676406399,0.7950797906857938
50.35117419586965,12.052380259596967,0.0,0.3686140045453418,85.58794123251158,0.3413068667196846
41.51758330143404,12.087776865171627,0.0,0.363942493188108,91.34872372673136,0.34214150865646037
53.92733422222289,12.12036984267118,0.0,0.3700068629516132,94.91903634937863,0.7994604334543044
731.2352277269434,12.089569245983874,0.0,0.4821306040066349,96.28260445764113,4.295657128957084
952.4872180269001,12.568155013382713,177.51838773756242,0.45893335353122605,78.44396821386358,14.472073512513008
1473.5810691298461,19.478011678464803,40.978806752870845,0.9148442356855074,54.0725103696266,14.902427320860722
1645.2575362631892,23.356491877560188,189.4079307261744,1.5300398383147955,43.24051706552556,14.0182146550546
1794.329661035377,26.626593136772264,221.78905024082712,1.6463841923632723,30.478221298882016,12.180130113419917
1946.8443782583556,31.34894672630898,228.4953552931596,1.6742764678120476,13.393157264767602,10.989858416269097
2098.228429759639,32.84086569009036,278.67938194404144,1.9804006906031801,1.2774660736661072,8.823463738528758
2242.7979239769365,28.373204417595165,257.6772672880223,2.3598904331869113,9.560886947775824,7.654453129713897
2399.4344847295006,32.573609627924554,319.2538413871152,2.2421835915818353,15.906582771493298,6.782720810846433
2552.7855290278067,30.98769104285716,352.7135997670505,1.475310280453266,17.411358373453513,5.925867870816244
2677.709034274031,29.301510341298567,415.79297952995756,1.422480926540534,19.09509510470431,6.742109381931474
2733.031622838892,24.936255423199512,478.46206663712013,1.8320943580897837,22.615313270707063,7.83758566150485
2624.600879361757,16.2615413595036,381.36671522168183,1.1587740242891795,23.402053279940247,10.319000160591155
213.45490684068557,13.33861072588734,73.19402353075807,0.9541884262999774,25.895289539651397,12.110177571709384
288.42935111716656,14.11790189528601,22.17572232190509,0.7588049120148347,23.211590275775926,11.93355640858817
168.86569851982446,14.019658097195181,0.0,0.8354480278073334,18.36490504096906,11.00435710747445
156.90790329966975,12.01497147442642,0.0,0.48503892063664267,14.784252092655398,9.08650539323774
117.9226993971951,11.707828597050542,0.0,0.3659897833059934,9.712294069222352,7.919069936603248
103.3447873212094,11.78701741319307,0.0,0.36529149133169075,5.905731782543182,4.437746040913993
52.42713007684307,11.791711555459395,0.0,0.3618498742628365,0.27184624566190013,1.3615177873691826
76.93501768721356,11.9352462486821,0.0,0.36957692608519616,3.2500692479120206,0.7839379098216478
73.49467125078074,11.822103635103174,0.0,0.3632450702481655,5.915218409458338,0.3346911077872274
66.69207107510046,11.837037106057005,0.0,0.3686187972013486,14.6859637961426,0.3355118460250001
77.63953069052438,11.895208662825071,0.0,0.3636584931204046,21.754901672030606,0.7854932602629314
132.55010301887128,11.876071416339421,0.0,0.4883268901074129,25.00226609943856,4.220945546949566
1091.4264358856758,11.97637532562748,20.182982706077834,0.4424737326948093,19.96112449983516,14.21698310366406
1658.3080834915818,19.025574797276107,6.449788292814216,0.9002720543006278,12.841439497397214,14.489127772520014
1858.36948753123,23.049451793714645,189.8601344367585,1.5081169631633387,9.55644034024615,13.79897571717751
2023.1013868080147,26.355343279175152,261.2584396112614,1.6259070680438161,0.8200976429731673,12.053349593157053
2179.026667968018,31.079583604561016,296.9565563933803,1.6665222548427694,9.997898881513478,10.876863340122526
2325.8206292929026,32.63671027210624,366.6713590662827,1.9634350581718973,16.252922011070073,8.745726660966058
2459.7287580055004,28.236816384092133,342.1025151124591,2.340863126210543,20.85433471360627,7.5968055129827015
2598.7331347343174,32.42585125584366,447.9576512879565,2.2277487460071894,25.934447912749494,6.733750673457905
2758.1833828875056,30.869090481191368,520.3583538334306,1.4695057203709816,29.892818903664676,5.881652499039332
2911.611058482179,29.21619302277991,595.1228131380162,1.4107778432682523,34.33622859035373,6.690219352495365
2990.132649179368,24.83945680859943,673.1903032165571,1.8172674700339186,40.60362016465803,7.774191027885263
2944.141377904823,16.195007428161887,623.8891949689571,1.1457419601638323,44.840966318041936,10.231220396664188
311.5779355768761,13.303291723832983,362.7939100010608,0.9525009103669885,50.70839780219846,11.999332350595761
379.95450244288065,14.080863175440223,244.0755894149306,0.735360883733039,47.27489198985698,11.622514869342055
175.87292949041412,14.021037764596421,39.60613302470647,0.8142446511670399,31.279812578447434,10.734424439325183
174.125489439162,11.985116348478616,15.25823661147504,0.4852955082376562,17.235073562468322,8.945795704496504
127.54914270299126,11.646860075122257,0.0,0.3546373970688836,9.763661710394297,7.840030911790432
108.63467122822777,11.709551201198126,0.0,0.3669042577539173,4.018274469366737,4.41169431287806
81.80989450662334,11.71833530388351,0.0,0.3584286749580486,1.7128946070154412,1.3558157421947217
89.68500175064466,11.747137783754937,0.0,0.3669554867001649,8.03684850773316,0.7754524858500075
83.62707849170273,11.730299274206915,0.0,0.36267049727665757,15.20092456503604,0.33324680988065447
74.83025514548252,11.7754134592471,0.0,0.36419721891192264,34.25834291252624,0.33470783938870446
83.42202021794117,11.860221253425928,0.0,0.36659604447929,49.938742232948286,0.7848706954106889
81.77334509533732,11.877106731325828,0.0,0.4798827135071099,51.20905024872833,4.225677400836344
308.75601769738853,11.915830771327338,64.16744616565073,0.44942575925281536,35.7135192962069,14.239079070940376
79.48446294582266,11.646243852898852,5.792883255641568,0.6030797329380613,14.867130691607736,14.93748412618305
817.9951765007653,16.165411930004893,55.92678828789188,0.7649948874624609,2.9841770072810805,14.353704897973302
1104.6960009455338,19.528049463547205,115.1185511842667,0.9747517214088127,8.111161136247883,12.185297884290431
1279.5704822855062,23.230845295582956,122.49158216416107,0.9007809735591158,17.684152572790882,10.975643150202487
1338.9557206641275,23.180680648283538,95.99068800263453,1.0503440766158294,20.615395425689265,8.823954620360425
1315.411915006634,22.904977650613603,15.446146379105008,0.9343581632437356,14.766426450529694,7.674760435267235
1394.6382685219546,22.77572076643063,15.009022000414328,0.8990543462482801,17.306212675548622,6.82499608814938
1479.6941617634118,22.696197631335146,10.63398441844344,0.7396685064604794,21.34568533582107,5.964693714684147
418.0170211986237,22.641333487040356,0.14504708499946223,0.6601873954589939,20.060324338437898,6.7967515932186835
564.0708357038496,23.454601013664274,0.0,0.7156498794261845,24.0605509729976,8.122089569235712
377.8654263556229,19.162318170891226,0.0,0.4415978140376288,27.276739797640257,10.6770029170024
286.6314909395949,11.53215750364246,0.0,0.4354295388342584,28.040116039317738,12.611919456363415
263.5850254005038,11.551282013310843,0.0,0.4423787037226051,25.658292837214393,12.032370248393281
128.36141419728744,11.574284074899012,0.0,0.4353845073519675,20.115985471573374,11.037397319982443
140.98681300805595,11.795572302273621,0.0,0.525231865934597,16.347497149486973,9.086465963223507
116.84043552619124,11.751147459820054,0.0,0.3687921740465618,14.517723705736707,7.9202882748759125
94.52485128454329,11.795033689679233,0.0,0.35943481509026876,7.454594899586955,4.425711570321876
65.68631097680483,11.809500481947648,0.0,0.32823383236412873,2.4168346620134433,1.3605412929521405
72.67983883163303,11.8488512549372,0.0,0.32240486313111083,2.76280338550675,0.7788395828247963
63.65238109260947,11.806715906974265,0.0,0.32817899917474885,12.636211494733068,0.3349846935893084
55.28619472128121,11.868715402152025,0.0,0.3232523400621301,19.282906269347826,0.33689804959575426
62.749041066265754,11.921975183350453,0.0,0.3281064916961937,27.49629130200788,0.7867553314815745
60.214934053198604,11.91470618832648,0.0,0.4419591375929594,31.7666006838789,4.224322617198208
266.1175455326843,11.958184841797044,0.0,0.32986949997695997,28.004961015126,14.230901274322951
326.47101308919645,11.610269042660788,0.0,0.31836012886768744,24.609190630661082,14.840891164747942
347.95534737140514,15.31371788452977,0.0,0.3216859077365792,31.521928100173348,14.200453611923072
362.14237604895135,19.158991873566126,0.0,0.31886376563416213,35.65939797780918,12.474990236518234
375.0097216527094,22.989133102152426,0.0,0.316786738294091,35.965150218211775,11.3195500717656
388.5132308764354,23.02767859826603,0.0,0.4031006784396022,35.95537562265051,9.129641526364457
401.41026344226225,22.97927797026409,0.0,0.40276656336519473,34.84208497165739,7.947612960468726
431.2541434461288,22.93364682200862,0.0,0.5131618620995934,27.782634257857683,7.060330047132897
454.8750721888415,22.845381976853663,0.0,0.4048700307145998,20.830325747472717,6.163477789559899
462.98195633459966,22.762483352229655,0.0,0.31479424821092106,17.29387512125419,7.0160478012241585
459.61347194995216,22.746972239113802,0.0,0.3242708128726741,12.2985763233642,8.171067575877357
286.8376039650566,18.992686996204828,0.0,0.314223356342101,4.442933322178279,10.780298049542166
208.15900768749793,11.608106675281583,0.0,0.3259630808125775,0.6626829487338204,12.74499155592258
187.48199813228655,11.624602535936694,0.0,0.31734807904081386,3.6181678901339236,12.155509031409327
99.33259047103995,11.65734455011615,0.0,0.3259766857510627,6.158227102891614,11.160153428305037
96.50931966334092,11.848995883792606,0.0,0.4387004767298898,11.983345734877828,9.18779449272134
68.7343760075688,11.851123328272145,0.0,0.330724616286663,23.008575350311897,8.024425280305628
54.88060860144529,11.943212146384003,0.0,0.321157055396514,34.75473731894235,4.501944108905724
31.259536574544562,11.989192664596379,0.0,0.3692050728921556,46.730267312612014,1.3857253253302328
35.997786045550114,12.056024834455174,0.0,0.3624162530207317,53.28316622320344,0.7926779877773049
27.176595984655734,12.033526370561145,0.0,0.3707133533216176,56.8312563715993,0.3408709751512135
15.91452149852038,12.067279032267585,0.0,0.36204662072733107,61.166989612757384,0.34164212368827246
25.87045953423912,12.104060036056438,0.0,0.3713001748454914,63.929469747651844,0.7959472618963765
3487.000840802783,12.076359062652086,0.0,0.48367983679473575,61.42196115098653,4.267031681201241
459.04023622497743,12.909899031241746,290.25363380108263,0.46290359334605113,55.478468922343446,14.554624158746556
409.4685553533469,20.87204266128911,134.63165961268203,0.9404298401632927,51.337674732827494,15.237574805940108
580.6749336254916,24.04565646695433,28.74019518486713,1.5715168675464433,63.241827691574144,14.387254678771434
719.1085975027223,27.037972081080905,33.946423094550546,1.670167538173232,69.07003864153802,12.410077079837887
847.7776632000385,31.823678234973176,38.85792838996794,1.7041454468684742,69.06080869156251,11.214948766364667
999.7122250036912,33.381813433543016,58.27132580367195,2.015656620221791,58.93805576503601,9.016991635617138
1145.2268815887514,28.788937690613054,80.82655548754305,2.4020676870498345,48.54354823438386,7.814758942635641
1235.4549931556476,33.00358932700109,91.65212143614004,2.274935661327097,53.27282547919912,6.903597500206224
1377.4837434289639,31.40821018890537,74.01442694033948,1.4996978988620204,47.91878802729929,6.040949402351605
1506.8665605356766,29.618404390777837,77.94781303584377,1.445423254591901,39.37950464865638,6.86820434841623
1604.9450851007934,25.142926999227345,98.30536848309295,1.8608013024384165,30.84075873809157,7.975764589343714
1518.3602759946862,16.3592334091652,113.17361459866518,1.1758286626088645,19.553068733747548,10.485026267956822
120.99741918984836,13.426549947606237,1.3424350570669978,0.9654484303253807,14.51386480103062,12.275216354382136
172.52459680553537,14.254293191733929,0.0,0.7709481110056878,19.63219563547683,12.239391870193252
92.09980875278022,14.173751734848478,9.411756815795757,0.8465665561676985,23.312155143498064,11.195834735286288
92.89622393914797,12.19866557178101,24.165835310964184,0.4862300020652736,28.275346048694328,9.226566056122184
65.38879207486613,11.884242588191286,0.0,0.3727683578069915,42.09409008621933,8.057186320994862
51.434736985330524,11.948371581178929,0.0,0.3596054059662835,54.889093377696454,4.507924613140168
29.558307623325256,11.988217715137754,0.0,0.3707954297108094,63.22254985262301,1.3874059606440872
33.69953540944407,12.038353892678632,0.0,0.36209620110077084,67.41219143069839,0.7924006823979126
25.56126303278652,12.028955642450562,0.0,0.3687869876280712,70.87110840583551,0.3409495408126019
18.231359053523963,12.060553336764812,0.0,0.36485591748941115,73.26608335654113,0.34163778482428825
23.092477698609226,12.089147551324189,0.0,0.36651865307350656,72.6894133299599,0.7949039201403666
1762.1309139849031,12.075222411793542,0.0,0.48764568971086364,68.48199077220193,4.261742572113825
405.2431336893912,12.738644472336741,265.2210939464197,0.4523224182332581,63.12178327398352,14.423313888951112
987.3688057691337,19.725266328740634,152.6417147586452,0.9324032380942239,59.29268151604999,15.048366773527512
1190.1757288629983,23.570966607003996,56.77835930297276,1.5435920420502809,63.43526124701509,14.141362021072565
1362.0276719807273,26.564710132938067,63.58276066976828,1.6428708584911993,55.38729665254935,12.203650156478005
1504.092792949322,31.23804901474496,60.05999893489211,1.6809197505163875,45.0208254223691,11.012525256571363
1613.9954689038866,32.742951495290015,78.02873528092955,1.981970439539827,39.55407997227126,8.847281782651637
1717.7887596856938,28.30040270350303,96.90642755152216,2.3657745165406787,34.08824798928727,7.684244791138924
1828.7320868973666,32.50165469624689,102.6209461265704,2.243501769522508,28.639211178385587,6.802820088784318
1934.5919063462543,30.87892803239088,89.33154802182611,1.4810647176594152,23.080613115552406,5.945088178108035
2056.1408359958355,29.17249978987538,97.98842339962229,1.4263153677758222,12.504464434166588,6.762467698277691
2030.4720948664074,24.766383300139434,111.71131606059065,1.8322787742957647,7.587004312151065,7.854023484340225
1985.3756428366996,16.144085980379195,118.2041384314422,1.1620492736815773,4.084877752802361,10.346265009252397
140.27725384112622,13.256864048062464,1.5003488632493003,0.9578704368427151,7.183283549554457,12.116010365250146
197.7699184680524,14.10562781731246,0.0,0.7666163887745806,6.90382724273874,12.085781486208074
104.57277341489724,14.02410135275658,0.0,0.8365329981416197,6.330775493258383,11.05313826600533
104.29020888030502,12.07308514748109,0.0,0.4895980875997437,4.041322674489745,9.101042341372887
77.00102340220367,11.74735083151762,0.0,0.36264002531551,5.320215187095821,7.923710192919824
66.9866892057762,11.82549173931832,0.0,0.3655418124955311,19.427575152534917,4.448165053636368
46.42553943997989,11.862922379544598,0.0,0.36178884009743184,28.125494960971665,1.3711304376298852
55.512941526798926,11.920363253791503,0.0,0.3679064713193901,32.86725470890726,0.7846800069679508
50.647198154121305,11.88030129655368,0.0,0.36178988079996754,37.41093696993265,0.33769540893642136
44.86218627397417,11.906955548489252,0.0,0.36789130347208276,43.9666244716557,0.3384918655813299
43.13652225050278,11.941412524457041,0.0,0.36199373583604644,49.024961943686456,0.7875624225128816
873.1951079815042,11.95634872602088,0.0,0.48713776503775313,58.70125200328016,4.227542719295799
787.6466403149653,12.538199133745161,187.37424754287147,0.44867450819524896,58.288293345386286,14.300648445549028
1334.2443209870733,19.32278680780991,79.24701641267725,0.9147929577716124,52.54117490409945,14.743705421461328
1471.3733153946857,23.197966165031108,73.04665609089236,1.518678614266626,64.16000317393892,13.907079706973235
1578.224692755204,26.33463366342441,73.00779678576123,1.6294141207951764,66.49289832351032,12.097719554996734
1689.6734994925807,31.039467549975175,67.2398372121526,1.672569818133283,56.75433563779048,10.943278048654076
1801.8191149973807,32.5526927791407,84.75891379591754,1.9704172287257944,44.73438939463341,8.7983478067502
1839.9395513823688,28.116861450587436,100.30935811077417,2.3502946073082653,49.12236206985066,7.638177244624984
1901.3007959080626,32.367687323741855,103.92291089797172,2.2345178670658283,50.2354543342575,6.7767739096422535
1953.4384216114581,30.797076324176647,92.99180152793015,1.4781408144208525,52.396495394221226,5.931058230183177
1995.2704703454708,29.133252521271135,97.08629683341572,1.4243394635292335,54.44291172111061,6.758355427149458
2036.5911921243242,24.799820362263656,114.48945855557719,1.8322743972158806,52.74839531565435,7.869219273214269
1905.935323935916,16.164502517014327,116.5628640881749,1.162206835931917,44.99437168922183,10.366091128547074
105.6557148432686,13.277202669675225,1.4201093585380642,0.9617859432121535,35.885522967354134,12.157240762205017
161.64648153385627,14.22293935875847,0.0,0.7653628768541928,37.16497482152089,12.211711610720823
84.89176616318282,14.133406951224314,20.75048039041303,0.8377290207984842,41.461582861581455,11.16220306332565
85.3202151863304,12.16155679787844,35.9570474287813,0.4912457536485985,46.78801332458858,9.204814556799633
49.234790267487774,11.858178322146392,0.0,0.3632903899304644,60.03905650037326,8.042468956191783
29.935868751442076,11.93295215995656,0.0,0.36626494317051406,73.91699173812498,4.497863122355651
12.2884798458664,11.988135986076221,0.0,0.3607651646966474,81.30258545041728,1.3855726548582565
21.470597167570933,12.028757894205269,0.0,0.36711304600984207,82.09529789973224,0.7911405176220202
13.189664582164166,12.003978903935494,0.0,0.36063243896301544,85.24638417155725,0.3407759749408705
4.136109601014338,12.040710891782657,0.0,0.36801035868485077,88.88766396683654,0.34144673375903856
16.855012341687083,12.074178014963783,0.0,0.3608270099377046,91.91556642232482,0.7932688709623656
962.2495480720105,12.032588525536074,0.0,0.4862045877409988,90.74615522265242,4.247019420732664
837.5381830552676,12.494780049271274,291.8228521099944,0.45106795438609604,85.91076143429002,14.27213312842191
1326.0840778542354,19.400448414058793,152.17371073743863,0.9156096387385287,81.71943991331945,14.820543350459722
1464.995777686967,23.311925289904522,61.24670903653632,1.5263848514179015,83.56587918032673,13.990218892782153
1575.3807234772792,26.321279106498796,68.49221665712014,1.6290264825923828,76.20925554229295,12.102786346044981
1697.9844426869477,30.99682445689677,63.46697118935202,1.6716410775329897,60.68883330805802,10.934158003275993
1805.811065636941,32.49007258963129,81.64687263204131,1.9669343505309957,48.14154695188411,8.783383841794604
1940.107684257627,28.069317453379025,119.02494327777612,2.3458106232134748,32.12080832644697,7.624786280923745
2069.54742132037,32.23477419297659,183.77656749780334,2.2247212716583196,15.840781328598462,6.740729771076075
2227.209328979824,30.654280474930278,200.21801454892582,1.4677668807343676,3.448592579694117,5.880198360019084
2408.1901764528766,28.948577672099333,260.9596704023481,1.4107070612276444,2.38536451064731,6.679934347228711
2474.097807795953,24.615071776104255,307.74815677091397,1.810482839849045,6.0583365776295155,7.758388606650994
2455.392277966061,16.04924859469345,274.79621426378196,1.1479596125846847,7.9536197646560485,10.213602331575245
206.24560668483676,13.166977618839294,107.56718528785204,0.9493326213766237,10.95920592074806,11.970791278150552
258.52481747662137,13.970657773051137,24.212510396506712,0.7450418758926223,8.929837159228203,11.758423288752343
135.38105155473616,13.86626898605607,0.0,0.8245614552944752,6.530953264932431,10.886564069874082
121.34737871222437,11.919309044944983,0.0,0.4861857280924302,4.340510111709955,9.012086476673641
91.43204389455494,11.621388696918926,0.0,0.35930005304133183,1.2453802356818902,7.857680182933053
79.63164817976522,11.69118140587788,0.0,0.36446516737676155,7.159037881426947,4.403571111087477
54.68617770395266,11.720569137091195,0.0,0.3591497603397989,21.306871721588934,1.3564993786228967
64.05981447845426,11.806599951277464,0.0,0.3662221927775723,32.885812167800395,0.7784571740982722
57.23043717756946,11.786852948046414,0.0,0.3594590615065144,44.95546480303935,0.33604918281554724
51.300317794018916,11.831972081765421,0.0,0.3662602841821226,51.829618957592686,0.3372987028471831
63.03425298896241,11.866522508178596,0.0,0.35971222361622274,52.47905885502388,0.7837643169114533
385.21310811983454,11.826758692469864,0.0,0.4840416113077739,48.67038014976207,4.1928323855233725
1027.1717296563454,12.19740421871849,86.31270184372987,0.4452568926313967,38.9888900083677,14.128271644892525
1495.6018683601376,18.929872765118454,30.586552419788582,0.8944608070100951,33.380242045734434,14.422668612895855
1636.7689762430202,22.887996582405925,79.59133109833571,1.4976125365124509,37.414352304888574,13.695278559295708
1739.9309413036106,26.051444406386228,81.0489201882638,1.612840625582486,38.02484687166952,11.95463017133223
1846.791711059009,30.70394423445263,80.25423600897143,1.655672449082944,35.58013152302353,10.813752026089515
1972.5971199692567,32.23794738601852,103.15372078100552,1.9511882424264309,30.551618782179855,8.702430616760521
2069.4293761541935,27.87251571864026,104.80648871512955,2.3285795522392414,28.118758768643296,7.56037012959765
2165.415147779163,32.019309716498086,124.91814266700105,2.211347360567312,25.329857775609756,6.6998507506535105
2264.970483214891,30.45673981899179,120.0056913643559,1.461552710241775,22.415368240189153,5.8584525332820645
2325.3730777966925,28.798906542395,126.41335359811976,1.4073468928830537,21.51058041854759,6.667799689838169
2367.902694674983,24.492213390076756,146.20281005223708,1.810074488527363,18.848046060581645,7.75880674365185
2238.2164418670886,15.963156029498027,141.0247229696666,1.1484573618075604,13.8552429165519,10.218652942947829
150.62651519240248,13.124342066660981,2.4599720980936186,0.9474771801444566,8.830979851723994,11.983209511602421
199.09980307694235,13.959692456348524,0.0,0.7599495141464591,10.86854932878096,12.003958408544534
106.91155426609862,13.922509617296727,0.05766133930346498,0.8297749574518285,15.96296562528994,10.990873744324116
105.16654092006266,11.978642809584205,2.9180090646675803,0.4838307265075204,22.319762858921738,9.066792991283492
81.55558494785794,11.678929603996233,0.0,0.36309472390119707,30.379153143089262,7.913513244135967
72.14966598861383,11.750135964146084,0.0,0.363231994869946,39.37842828560372,4.434815563101125
48.905763107299066,11.783003318272398,0.0,0.3598064374654312,52.24182242748533,1.3652290774260014
55.47401029998769,11.843987011656942,0.0,0.364180933485131,61.79056756306308,0.7815546295955575
46.26076500001738,11.829056386212743,0.0,0.3598212348628535,67.71186116813678,0.3375350240154267
35.48936868680631,11.865136432055447,0.0,0.36490823079416795,74.88033319239221,0.33843888094673813
44.32160280457223,11.9061727328032,0.0,0.36012472876696694,79.33688355613927,0.7858735313195329
42.90476599452106,11.876730905043244,0.0,0.4835281647925408,76.40443372544578,4.205943476895368
253.03223470687323,11.892467644596953,155.1403341882864,0.43738368481074985,60.833305669039014,14.141877678932346
543.4847731022055,11.647872124404483,55.586907035425014,0.6046930950623005,49.484696756507745,14.913461059009832
580.2655708956556,16.798826910535034,22.568763501935365,0.7671686649077603,47.211561775570026,14.376302335290278
856.7204294428152,19.48172134498072,58.18045149063445,0.9805839166599426,35.39164815056985,12.186053724293792
1109.0659660423507,23.080294501910647,55.698819391243276,0.894370788713543,23.460662633350736,10.941688437465794
1176.766669070779,22.921148234137966,27.08724870446269,1.0421455169371046,15.562629801829898,8.764201561829148
1225.7183970676617,22.608126945136036,16.955295254776352,0.929430814509389,8.868351964212486,7.611650853028831
1288.7042896315872,22.522841309081898,51.90320274931634,0.8836011182455302,2.6108840161259588,6.748802325699146
1359.9036636724418,22.47421976594989,38.90999790842842,0.7312696517146312,1.6659675390779707,5.890151534866186
407.54361453959984,22.39724018538895,30.933594066685657,0.6531264892836999,6.463233064481601,6.708969073678448
558.8843049052957,23.191062266225753,56.522002172302074,0.7055242278859143,9.987588502853386,7.999544300586814
393.0805312928914,18.96700973555283,66.36756696068429,0.43799712249749034,12.480150521454869,10.499529970670475
306.3974931604601,11.408626547058782,0.0,0.4329454878664083,13.613214692783947,12.370146146060318
264.5798696573877,11.347384557084629,0.0,0.4306630843952633,11.089915258787824,11.864888997331775
142.14257002827287,11.38964219868142,0.0,0.4385704109190207,7.113494177450797,10.897308338544645
129.9599850652277,11.579778010416032,0.0,0.5181152760516841,2.1161820758581107,8.978337081018305
98.64430611006081,11.582061166599841,0.0,0.3602527575995193,7.729439981857562,7.843961996640654
86.58679265557795,11.675118613496835,0.0,0.3634406220534628,23.07657048839589,4.404436945278462
61.80592703877766,11.714366455603546,0.0,0.3205624711316,38.11073307547274,1.358564361906262
69.40750469629405,11.780321381432206,0.0,0.3223229112632612,48.65627763835573,0.7787036957009161
61.236343408342506,11.764371384368614,0.0,0.32288211357046276,57.1099246508008,0.33658169475007577
53.07746900061135,11.800967582256142,0.0,0.3168418780109376,63.06639270076159,0.33758299431194017
61.117000486745056,11.83215686740819,0.0,0.32834872827059675,68.21933131238318,0.7829703532242234
58.99901476579924,11.809100602651656,0.0,0.4407266875716121,66.19147063527343,4.188749222541921
276.3124458748493,11.83009561249386,0.0,0.3239147937149352,51.79444548132289,14.086767346763944
361.5529154157847,11.475904420726215,0.0,0.313389861868414,40.999156206189625,14.672149403956348
401.8251411756373,15.112115220646377,2.5135422509730043,0.3236844513099435,38.29067133154224,14.003363227604988
436.59362964997604,18.825766385851182,2.6017702690213365,0.31256933181467594,25.592201834281106,12.260334631696878
462.09049499354,22.51602656903504,2.3862816576770642,0.3217892414847543,11.776515555956438,11.076490200398453
466.8530246390407,22.4867214808557,0.0,0.3890013377002797,5.022728078902144,8.904736852745051
476.35193287093006,22.414758361819278,0.0,0.39874027573077647,1.2031869470423369,7.741934656531352
480.23017336576953,22.36160812938956,0.0,0.5103726731894235,2.5763011596345717,6.869732413524556
511.65624802343575,22.343062312110778,0.0,0.3915495037126969,7.899842473320371,6.012015065925251
550.180332063276,22.29713347113406,0.0,0.32012996843964053,12.024247006548348,6.848296409867568
558.0945216172726,22.271144741109392,0.0,0.3118698982815922,15.165259055026361,7.970737073406878
387.1443224374743,18.603840533153733,0.041085341359494126,0.31727683595898465,19.18943020759722,10.519421107799536
286.89237056960127,11.354531413050132,0.0,0.3150035432471009,19.451913685590487,12.422967204325706
254.08075905955423,11.383417221399679,0.0,0.3152282952220768,16.630077355643394,11.858118791683369
164.04232703238287,11.414285765774075,0.0,0.32006497628114816,13.76381336684991,10.882666849490512
138.25937814383414,11.54129654631852,0.0,0.4380457179537223,10.561849183927738,8.93597790647663
104.81992991799177,11.570730658535084,0.0,0.32039115134793444,6.848765667567822,7.8076674635026775
92.75304430063393,11.637066980341855,0.0,0.3180642960677166,1.6837894523202748,4.37356410965312
67.25260709526813,11.623852946045957,0.0,0.36333412488919814,9.958742985511794,1.345071755644738
75.00921897465014,11.685245663234728,0.0,0.36131131616049117,20.643328703693644,0.7723945334218131
65.90264349993828,11.677277731609289,0.0,0.36296413733424693,28.692863658672394,0.3343170753653763
56.506171088679814,11.723635205579043,0.0,0.36388709917795403,34.735228532517525,0.3356632151121884
56.46190314887287,11.768275857721484,0.0,0.36121057259895883,38.16700041906628,0.778476611481474
3254.163459277502,11.782272129642925,0.0,0.48244655354596716,35.742456811129074,4.167895338515722
234.91301025698115,12.727826981982606,66.11482910482833,0.4520273229079891,22.96486656076927,14.304816668514299
592.5764088933516,20.223328622820937,1.8956522770483468,0.9243102461412019,11.786550351188497,14.863842843096394
790.608818295653,23.112272361128454,131.42810001455325,1.5097305243171706,6.131506243759953,13.77737529070421
945.693462690874,26.39094424168317,111.11453980832219,1.6195971696288265,1.9064228517306854,11.980314285580109
1046.4062082767982,30.993880684994554,63.16014506701184,1.6572230762405893,2.7974268209799873,10.824786933853263
1146.5977626052627,32.47623448442982,77.4499867943851,1.9613356658799523,10.5159821005958,8.732158284897583
1298.754039313228,28.109177970749563,96.1211193229658,2.3449078654890188,4.741355472968998,7.601510618210419
1417.6071418989864,32.24842293226114,102.19616218680412,2.222651443843058,6.725247805587935,6.7220064018331405
1525.0862048140573,30.669004775987958,90.55957525347104,1.4657987702773994,14.103215311595287,5.881566188883005
1618.7868500404604,28.9894637427055,95.58683308279548,1.4130020796259495,19.088177209365888,6.700545717301421
1707.9931340788112,24.66283639859532,114.56217050250547,1.8250947165679445,15.360756234197366,7.7992676723737375
1621.484731524935,16.058501101650215,116.6547026716915,1.153805091374075,4.790240510556993,10.262400850630314
161.2018018229546,13.174172473586102,1.4439631602013088,0.9490176806410828,5.31989301079249,12.016069243502702
246.83493186370336,13.912074693755251,0.0,0.7542915734631286,11.367333233244791,11.919045037109868
131.11350156709008,13.780230223247859,0.0,0.8253190915138537,5.766630745945856,10.864155244576562
119.04096503705375,11.87440377050648,0.0,0.48652455262810607,2.9659258981832095,8.957835131915012
87.98790707801108,11.567279225124434,0.0,0.3639352630580957,14.647208125829373,7.820329753639299
76.01908292886885,11.66644856158362,0.0,0.35718739279332223,27.059272050242296,4.394286355030628
52.1636862871287,11.702782044138909,0.0,0.3644896298409922,39.39235989894813,1.3553531042965488
60.8060569801581,11.766484689673057,0.0,0.3582301748949048,45.81541414709978,0.777057723205361
55.46530486636087,11.736336302075289,0.0,0.3656347070125808,48.99775058890091,0.33612673580772473
49.52999865354624,11.760083793729796,0.0,0.3579864467986954,52.31617939340746,0.33679471480823076
61.19124443995739,11.787350105508368,0.0,0.3655927729848302,55.375480220890985,0.7795841432768308
1519.0986808051266,11.753209062981368,0.0,0.47310561436659354,53.34847120070796,4.163321457185793
531.4160795332601,12.523814820277991,76.80840144651572,0.45658683600506883,41.06463986552503,14.162051111904551
1129.1260799565018,19.019513459283097,17.139236266574542,0.8942181948946399,31.31462108248406,14.480791963561078
1376.560371558628,22.847346759181043,122.81118108831686,1.4946742097782646,25.30275006629063,13.65121521280374
1554.8557033967325,26.02019225282061,192.98718924686818,1.6109680852730885,10.684388967674291,11.878810750805796
1697.372095586306,30.666743954410542,191.83293878503838,1.6363563458061652,1.4930412930416297,10.70495445259418
1844.6410009951428,32.13640711052963,232.5014871265435,1.935595993496955,10.891280800597404,8.601927759267681
1989.0527593325799,27.80159064858758,217.61978996088473,2.3049336250383585,16.88312268214811,7.473255054487422
2134.886728398176,31.900855865765887,279.232002403225,2.1945331206926926,21.93395535742232,6.622106603991416
2309.4731042734797,30.35606750672381,339.85108925468137,1.4471042120105515,25.46122103293401,5.786558470504733
2480.907559507428,28.7252876709658,428.54494198164764,1.3907836458009288,27.221293909309896,6.579859516195887
2575.715875399136,24.433253740101428,496.50833645509,1.7896908737130635,30.635556659263766,7.643130358032284
2579.6443649995786,15.928096065240279,461.191772632954,1.1290046866055585,36.294415162576584,10.056410515887572
294.3027750814498,13.069121320388641,227.05645408032427,0.9399738422650403,43.81286112315579,11.786685086935233
366.5910144878567,13.792124992915667,164.32788235890956,0.7287308802744835,39.31902988799448,11.451148955124259
151.6243828737709,13.732230163435998,21.811691674910175,0.8042293193365536,27.066885080270968,10.55144084203583
172.12161537249378,11.788269903795966,0.0,0.47996030727709477,19.515513795430508,8.787819097257588
128.17747462242303,11.402550518619337,0.0,0.35306870372997357,13.844722496966405,7.68204354425329
109.85751696704409,11.476615242150073,0.0,0.3617387955300974,8.2085910636824,4.3069382212952085
80.84778713801,11.481567852311409,0.0,0.3531096096707735,3.7045938734869632,1.325638117277207
86.99625260277429,11.510145983063422,0.0,0.363499670822165,0.7959525473412904,0.7593827026960837
79.04029588510984,11.474229316458601,0.0,0.35412232230953977,4.895409665965118,0.32901361802804185
72.42156147899948,11.52201779587292,0.0,0.36432230145638445,13.056122026986635,0.330663837777914
83.578092466827,11.579991831724259,0.0,0.3552143173652535,19.95409946587845,0.7671644510275945
489.5305912745105,11.563727896233393,0.0,0.4799904004393828,21.152405917179905,4.099745913286347
988.855433172663,12.179778892558174,8.390237823479342,0.4484813986772316,8.732381341924397,13.963350601364462
1577.5089781179008,18.533961305665994,11.253869528632046,0.8719285074394085,2.917502388304475,14.057881258655556
1774.7275729506493,22.492106684625323,212.3734496653915,1.4699836472787842,5.328346981955866,13.40109064904713
1938.608078645695,25.750244203113503,268.70787947677894,1.5852011575409066,11.47282594788349,11.711633785313493
2100.5784975876722,30.379136102653337,307.6280953571701,1.6259888003986585,19.114641984066306,10.58109241409585
2259.6323691478697,31.895900894881972,387.8838035836194,1.9135381936641984,24.570010341518074,8.508111256793866
2394.56508887992,27.59478826677557,367.6389238191236,2.2823199925366224,27.824086964971794,7.389371272305903
2532.0576383869884,31.689426718549857,479.28376898414405,2.1685180298863393,31.39210399877194,6.5504313926801965
2685.987230980969,30.158055847220542,534.2611235035635,1.4306320138749908,33.98307290224686,5.7215427276314275
2862.1283337429327,28.538753009482914,637.0980260556845,1.3776938225181103,41.47841014934802,6.508548742272332
2930.7427862691075,24.27081134133587,694.7356446159491,1.7709619647164672,46.39009204090123,7.559329658283922
2867.237922481187,15.816475787618472,624.2595152999027,1.122269089890836,48.90682744280079,9.94829783043667
281.7395418287887,12.99408749887376,344.996165370892,0.9235712671469888,54.342272736825485,11.670483793397356
346.0501102746055,13.760303848800405,233.96216842704493,0.7206178268533248,50.49730211110472,11.30132085192963
208.7931189509814,13.716469670657506,44.769454104094855,0.802822302648154,37.412531288913485,10.438469428910944
187.85147339870082,11.652018083145075,24.24708685040108,0.4675938670005371,26.053853538857567,8.674399953435364
145.34246197639123,11.353197727564101,0.0,0.3586631916781845,18.307596461213766,7.5908288558817665
126.24680521332725,11.388740902031898,0.0,0.350017852572544,12.658499327592631,4.271957675243998
96.56386469245618,11.39890313214269,0.0,0.3605171276741227,8.234994205684467,1.3142665178266422
103.96444425153717,11.419797446561383,0.0,0.3514913988737468,5.812356378323336,0.7517710969852833
93.34602342878058,11.383529534035807,0.0,0.36201898346426203,3.6288403990236953,0.3258423272008705
85.1279262524663,11.411735783690103,0.0,0.3519726251477408,2.287653470703854,0.32705480666206255
91.20057431941528,11.444901397159159,0.0,0.3634209974434777,4.012087894495566,0.7571839151956298
84.91360243893625,11.441034847744591,0.0,0.47530461213867037,8.143756000920988,4.055012701710756
1141.897872558502,11.470932289064743,17.511524307940665,0.43353028098365565,4.137318630500357,13.67123663386326
1676.9226935122492,18.414411790862246,12.131483233696333,0.8668707972550552,4.440885729064282,13.965837115073413
1842.396688815302,22.386714895953787,127.89707472074411,1.4672021162920412,12.619534703827195,13.351689796003065
2003.967662094947,25.564989621565907,143.3355928341969,1.5829285574512189,8.559350156906712,11.681781489129907
2208.7343939793423,30.114687987458705,201.22202364777758,1.614454382895405,10.455294217726756,10.555387895872077
2359.149519417857,31.634534474454885,341.154526200393,1.9092350788226835,18.779978233338667,8.47819015680976
2474.1785368158266,27.432248091294184,330.68662236732854,2.2729403435459163,21.513334752238173,7.361660126408007
2565.0676568627373,31.51866703256641,402.22653828322115,2.1631780411293717,22.468179169836304,6.525775287151716
2715.4729699011555,29.996648082284562,498.0790522849347,1.4260155446585066,27.052555929510582,5.704537952383693
2815.96889853902,28.414710841959927,557.7944672685793,1.371914816459212,28.36837478444665,6.48820311818789
2886.6802254460144,24.174737767437875,588.3880136900931,1.767472137574987,30.141112026544143,7.542765633409148
2757.128965188552,15.747840285331646,522.800482806465,1.115236378347085,30.885110933390305,9.930896645938487
220.38672416644593,12.943873928964905,218.51265716245032,0.9295119750247406,33.26636637093399,11.655753547911273
283.11884118945756,13.748557208756734,113.63629815068255,0.7228877370262397,28.99191792472892,11.356816154489314
172.6529132287393,13.663470624637556,38.2168934109851,0.8011496620159239,25.213988069403683,10.51371839427337
163.95945029898905,11.667164096246802,8.808675354636424,0.4751146672491004,21.491925628491188,8.691609748333235
127.4796584466024,11.347338997157502,0.0,0.350347708993169,16.913369261459337,7.6080823010480545
113.9558452475313,11.405986862565559,0.0,0.3593380112276931,12.650263828016499,4.269286537131961
83.73170713759238,11.406626329554307,0.0,0.350763299431732,7.670931309648599,1.3129989901180965
90.22124540000613,11.437696562957953,0.0,0.36160019425187,5.054390689890724,0.7520609485507082
82.18679363922341,11.402295040682398,0.0,0.3517276480495607,3.1883660379789673,0.32635765839856046
75.39611032259657,11.426082371363657,0.0,0.36260900870613416,0.40455896528478147,0.32751326143178705
86.18896290961736,11.452010179872689,0.0,0.35333880743493756,5.2492143928137995,0.7582460588707797
18.56169338891929,11.435692484405724,0.0,0.4777508991316857,6.842641379306786,4.049283352268923
1127.4899612199265,11.11458195234657,7.093107933748164,0.4354435844306438,8.543743310704489,13.532658243011172
1675.8129364798829,18.367312097444607,16.604972097512377,0.8642853567466299,12.537441245330175,13.923066330541124
1836.3692375572784,22.355117693376094,126.98087849513719,1.4620509113406632,19.10782663510794,13.33394280920315
1962.24612583888,25.51619941553578,159.2764144035482,1.576672864016138,18.40978603619553,11.658215520350735
2065.5381049904054,30.097820140307594,163.31955357862262,1.618420817676173,20.12605391288056,10.540376621485468
2156.1112061372996,31.611564680622184,182.9029004526079,1.9057220310273084,19.254581566844784,8.486469341253388
2244.336415757648,27.342792413251207,154.7933825574438,2.276703400893042,15.559282742357432,7.380634902122713
2317.971131482944,31.401511524537277,197.08343585961453,2.1630564850765843,12.949662385542828,6.543681820164502
2386.894736395954,29.892087604842867,194.49671712821214,1.4277961664394074,11.295406201868323,5.723630154876186
2454.3528773529397,28.28619696643055,201.70373194566216,1.3778876901791854,9.804931197336538,6.517915145276237
2570.0678531048384,24.059066768129686,230.8017203782838,1.7758251282078386,0.1327155348022991,7.5839357947998325
2408.40340809807,15.663512022614453,209.81814102781635,1.1239662987874144,6.203086765676349,9.975083455884768
156.1027508212332,12.888398327632183,25.35678239866997,0.9260821288304885,9.982686501294697,11.706565044639046
210.54749928864,13.711628191885321,11.763276968646895,0.738919033004477,6.546555889140773,11.642306028477854
116.41336413934678,13.652913945850528,0.0,0.8152099558696687,3.86881619475642,10.695308814727019
116.63598525152698,11.724646757685452,0.0,0.4784314160783446,2.111172823279106,8.832913944117555
88.92757248915979,11.403968681530989,0.0,0.36072133704812714,6.283826429247866,7.6903867692474055
79.07991168911828,11.484635173714262,0.0,0.3528555356460362,12.527346978085676,4.319333297248488
55.130183529999194,11.508145353331981,0.0,0.3609895432610355,18.877243136602296,1.3317410439522719
64.54685381859373,11.575983026068679,0.0,0.354721138267821,24.66957916662274,0.7643461122950704
57.89829958400692,11.546303212018554,0.0,0.36195760847691166,31.457758336093224,0.3316977030871557
51.89522053658107,11.587124955533001,0.0,0.35448537208821534,37.614891931327946,0.3329351639913451
61.35013940091677,11.625872855708206,0.0,0.36303345062073267,41.10347740579565,0.769003654889265
27.20405680542019,11.60070519506967,0.0,0.46809345237207756,38.52040095866381,4.100675423674044
299.4926196621113,11.901915294603075,19.15363324613066,0.4453160756707325,18.76120635627647,13.894226799271099
248.86969630706733,11.242738572955998,52.262434004666964,0.585660833709541,1.4276239807870357,14.33114758163038
742.2502805336529,16.109933125569462,126.59857937667077,0.7407685457266466,3.079625531515798,13.759051915160185
976.0126998882301,19.07978826136052,138.65344399010363,0.945811451849355,13.610002575800562,11.758634962605457
1217.1628687589957,22.652250770307695,123.16253763003928,0.8798273658347302,20.435885253333748,10.620198954698935
1298.614734565205,22.53438194632915,135.0814463131406,1.018725581735416,24.77549604712714,8.5367474604463
1372.045884622237,22.299118884149387,147.2797133574126,0.9079677288535868,28.537991753140236,7.419900635425508
1451.7327495658067,22.253005140187163,146.1193570580882,0.873133663930378,31.785841242089873,6.58421592831371
1549.3317799532226,22.1666341404889,103.20461826113433,0.7190641471123467,36.61696644927867,5.7547645823891065
481.3548969018055,22.065412305421933,137.19529744475838,0.6423807193862799,46.20543241595909,6.558525473904808
650.6068273034444,22.908693978920606,173.95767064723097,0.6891086890390521,58.51785882454831,7.743761879753504
500.6405059643329,18.741193198291324,170.35927201860525,0.4204287034946234,74.27884950695194,10.189043612673435
442.17728369982,11.24167383240322,51.44661517107942,0.42731755822531375,86.63515268406032,11.969796524064675
416.1553526350031,11.180440009785757,40.32131364572166,0.4284140987717433,85.75282014769182,11.45286142974893
235.45360084968726,11.192433957073332,2.6832665203211272,0.422715356831547,73.63811670169181,10.50227945408787
209.4346801974864,11.323468530689597,0.0,0.5104065863382068,51.334238346760706,8.632857474996872
155.34096784717784,11.316317309766008,0.0,0.3570215052738477,27.021275327879632,7.554673211084522
129.85566018608725,11.361680342966638,0.0,0.3542688888039215,14.791368663667805,4.245913032308006
100.06973676207906,11.360802646844638,0.0,0.31366975808583747,10.31651244869914,1.3089442501069795
107.57935480624411,11.372679140186545,0.0,0.320691876858312,7.941941016476164,0.7483033704033524
99.17152895170041,11.332548178625093,0.0,0.3115211432195519,6.215192785092126,0.3249835601328054
94.01895984158402,11.348940194103866,0.0,0.3236505632206387,6.156875045698795,0.3257202165692695
109.89471964205286,11.369936696707086,0.0,0.3133516717056888,6.26927638582969,0.7508345073989681
114.53802963530613,11.32595683441931,0.0,0.4349569683331582,7.704058550515783,3.9957165871510223
388.777098175397,11.37056331265932,1.6746258251070267,0.31388147589061627,16.721474490517576,13.462103147876698
482.18440120250034,11.101089918764696,13.650699346913875,0.3176813698132092,22.922275740791125,14.103064675498844
511.99066855561114,14.683713970702492,29.365032262866233,0.3074707807252242,23.166950573120957,13.489413408228298
521.8600186911906,18.364743820657246,16.3694296019913,0.3154785704751348,21.520067438418653,11.825626039813635
519.9129896005867,21.998650261499225,1.7383753941039517,0.3086760040713275,19.5546698835763,10.735362111217315
535.1655849354295,22.02505692590451,0.35905665092658623,0.3912387104299567,21.416909622709074,8.67567366184591
545.3893656653511,21.977677143482943,0.0,0.3843598243996679,23.370500991466784,7.550055329396608
550.3886221884005,21.95037335036004,0.0,0.5041418671787489,23.258187936552694,6.708198763263722
581.7627511689476,21.930437298227005,1.0669047196620511,0.3916924702527608,26.15592521164164,5.871733122684715
615.1538966225636,21.887095926014073,8.159994318829634,0.31048794335736957,29.393266569132468,6.691316510893251
640.8669260230803,21.881464305497826,15.257133723792808,0.3120946970770541,34.43319453525744,7.789479132661759
482.80040053023674,18.277099163049034,34.34366698568872,0.31016363788456114,42.533169129802246,10.271160455002718
412.8117154479243,11.152011284154604,36.27591956948093,0.30674147394220497,48.74748249664338,12.08737481147866
384.7838109876966,11.155426845334992,11.90774123266491,0.31747249458427584,45.11646482760601,11.50813468885668
240.61602065215428,11.14387922889729,2.256486781521867,0.3084498720860189,32.5553530070597,10.565865187963821
198.31664795645003,11.256140793131651,0.0,0.43247724718405883,21.45402501800597,8.687664276710963
148.0141250410212,11.279348560409392,0.0,0.3122120704107649,14.677845237651628,7.602559440349411
126.35257159484657,11.348184370438798,0.0,0.3214480665395905,8.525706180554206,4.2622737406376805
96.38583453846185,11.344912669968084,0.0,0.31267599110613303,4.028599878804038,1.3123130199139659
99.92381973167322,11.355156987333178,0.0,0.32127844910540726,0.99433743615435,0.7514642051305017
91.00250554984709,11.321116833074091,0.0,0.314099374846357,5.267131811861285,0.32683430262802665
83.23468428984133,11.365410455921234,0.0,0.32168964606616146,14.728180702712294,0.3284516069012334
88.94306786636578,11.42964226542283,0.0,0.3162768554072402,26.81016346006773,0.7594758720113794
83.42297613493784,11.443122302565316,0.0,0.43549395757114484,30.184824078486507,4.058525274134956
323.2007975156108,11.498974638121599,0.0,0.31739871530147057,16.770260204780055,13.675018541711443
410.2542260622318,11.152372861451578,0.0,0.3162056676158351,6.473811913933992,14.219953866065106
449.92108996150165,14.670454999377746,2.6831981897163817,0.3102791728773268,3.767984007585411,13.564505600189486
483.49565692727805,18.315414670770842,12.949430189391213,0.31260122176190513,3.6626893389598014,11.883330801094885
511.42932255151,21.963394438868892,4.819000296866196,0.3115777913669338,12.917872307082195,10.749232531839326
531.444918894073,21.99678316911559,1.4071418321655111,0.3848621792956049,18.8936932485373,8.6688478958802
540.8457289355295,21.95112188548386,0.0,0.39036186090429703,22.01913765627663,7.541182876770039
553.477335666319,21.924862965987327,1.4067844673943446,0.5029569744863192,23.819592058301964,6.699789340040638
583.8524333549268,21.902589944396766,6.724129521063503,0.38454778787953736,26.218744809848292,5.861129455897128
615.016029185749,21.865607049740724,9.483122605034993,0.3171378695336897,29.4123272173629,6.677878689092103
613.3927755790456,21.853508442463596,12.589570948539285,0.3068126439425801,36.031958173738424,7.775657730464382
472.61699908045745,18.272582011058713,19.300256316036553,0.3150251766010157,45.76442239628919,10.260541929493106
387.14985233754976,11.126762585628164,11.165437857739974,0.3093815257898168,50.676510043158146,12.07678396369758
347.7698291574456,11.139688786215208,2.1854496628038116,0.3157418965296338,45.152188233420404,11.511424753015444
211.2511589672979,11.152853155194133,0.0,0.3112185821212078,31.121952948027726,10.566636378425883
181.30851188580814,11.280573972653151,0.0,0.43206600253780997,19.616851108776483,8.688894867896733
134.17770259367128,11.29201533174202,0.0,0.31464681710896697,11.976361754777937,7.60065314692526
112.33173943731512,11.360331704619192,0.0,0.31855488510389524,4.539925197559031,4.263619131192493
84.6258901698481,11.358840162125716,0.0,0.3530886109111071,1.2709064989258514,1.3149249060198516
89.23564233829926,11.37664744178406,0.0,0.35889684606864036,17.663113400853632,0.7546844334741772
77.7015134232004,11.398572191847824,0.0,0.3544074713350332,36.41863643352494,0.32982887019025636
63.52498739687024,11.475473810551195,0.0,0.35938576929986493,51.84943298329797,0.33216742945543
57.18481585831815,11.543302479859385,0.0,0.35525388945957564,64.2313101237434,0.7671245070579404
3951.6979456356626,11.584426175626321,0.0,0.4753708602651564,62.83457659499311,4.099204395766074
616.4162812778129,12.525673768138896,118.87740134564834,0.4461556512200397,40.301443261856924,14.04389961232
427.63662263973276,20.35360382465205,12.701140200082529,0.9169061670251267,15.3259828463553,14.67581169331637
606.7522190974896,22.84142359669893,195.75712510778848,1.4866656066446873,4.838483752072273,13.556448366885082
760.4226072343706,26.143278117487256,219.5534817733506,1.589811396320811,6.516292632325775,11.735593153256257
928.6219425727467,30.750813075698552,225.50177032541578,1.623912547848803,19.549764611369387,10.594842274833788
1100.2396401900553,32.23987875359906,280.3928076913773,1.9222156799158567,26.002537234187503,8.523556668910624
1282.3483087454993,27.855290996650357,269.16817770645724,2.2885092792383346,29.059302034812653,7.3995806386922895
1481.5463578508018,31.911524979487197,343.9627609407768,2.176194205872877,33.61369528319579,6.555981645921761
1705.650399854522,30.323584649740784,372.3027574779991,1.4335123143739807,42.40587701896992,5.7240162051796935
1950.9816850072095,28.638621928398646,512.510666500038,1.3794728439317772,54.8844012649936,6.506400264504082
2080.851649434609,24.35329818940195,628.4067017170346,1.771197645757792,67.30864010237823,7.546196366297756
2193.3684908991877,15.87669336048345,603.8776943878272,1.1181847245538807,80.32551275541292,9.915315926943409
379.13699453682074,13.017664819490939,360.4222419581195,0.9300893466916943,94.33741795503104,11.61210478525293
459.23341777888123,13.607946115920226,311.3879214335493,0.7171527374667688,92.06322963642911,11.17834794882809
268.92004832866854,13.564973262534213,81.74003394753181,0.7883244104875251,74.26390045070347,10.275138924228992
227.13466851368418,11.530982050368321,25.0627676750291,0.46934342301509374,52.36297002090418,8.499263627214411
152.47728826909844,11.223489129992048,0.0,0.34878329154429927,26.991906452967214,7.456353752829689
144.89914310242057,11.271714792849329,0.0,0.35584289547658704,14.343373459026001,4.208062785108808
113.97600922415563,11.230142014424908,0.0,0.349394350036919,9.959655408910168,1.2969196978005808
123.67437164194563,11.237684872362857,0.0,0.3565687918348992,8.60573754930536,0.7418796529703717
114.30804676535963,11.199163618148466,0.0,0.3494309454797021,6.979277050755673,0.3227273577018225
103.12173756273182,11.216439672536113,0.0,0.35680298621036266,4.718563493374083,0.3234094452533783
97.74366465211665,11.248194173663673,0.0,0.3507674265336482,4.009486580553439,0.7454890373673789
1177.8228611679283,11.275492366918947,0.0,0.4715649215175227,5.657623085269676,3.9795459912347613
616.6835442587493,12.26066390863748,8.43282251402842,0.44147834312807227,13.233672167670374,13.807714545257712
1287.3376745679311,18.342599608808268,39.89880718541808,0.8685332104032325,18.813997495261294,13.84294573773814
1544.5639239229313,22.289426526116902,266.59498492766375,1.4533564156442216,21.145348420569007,13.207640234931874
1765.4001299387387,25.52193790773372,361.1503445860714,1.5638859138832808,26.217597927604913,11.524092527481612
1899.9636270688088,30.091112938112826,441.5780252324427,1.5973299359664634,33.63729894404043,10.401249120154471
2175.025025390937,31.624921291763258,539.6358528463273,1.8845396483693155,42.472859566019046,8.35985173925522
2330.5463198307666,27.3119445577291,529.167151859275,2.2446030438035285,51.453760939525004,7.253091965073045
2496.1267894331995,31.36033280110979,649.8191500613638,2.1347471232031943,65.12462601447217,6.428251625928133
2671.8263061799967,29.819588063889068,716.9772925568584,1.4059764947133635,76.61206408174245,5.610659071587696
2845.3675869195154,28.202567493286377,790.9827253498125,1.352897169277771,88.47344707318877,6.3789112853231105
2947.1793121088344,23.95929500367923,850.1148970668138,1.7403642937301833,102.7252940531473,7.408005847397634
2906.5151905325865,15.607280457781451,812.9840009481524,1.0987836677908869,112.01336068334501,9.743914734653373
397.40149851400196,12.829319266294236,577.5344064945486,0.9157751297534684,120.62846345719166,11.424589339311481
471.80749547089374,13.503653968790498,465.83079980918274,0.7048182005141503,113.05444359286582,10.984840042251923
276.86205359088444,13.485737286881784,198.04233264513087,0.7773362639162553,92.19741811270414,10.122546315204032
245.42977392428259,11.489397081416062,117.49910970710397,0.4615684712128045,70.57359608590475,8.354512153295692
196.6450691342085,11.195516477496078,0.0,0.3426246432184641,50.94605442403763,7.323207440083781
174.1561332459006,11.155506976050367,0.0,0.35376848136863404,32.301824691045404,4.145507016243051
137.4154573309245,11.139955876931579,0.0,0.3465609546969254,17.42371241087765,1.278942217767068
139.27441530266407,11.129167121729948,0.0,0.35449159238590633,12.333541544380594,0.733080997054661
123.6683684694648,11.106865054535515,0.0,0.34672087837291576,8.715298116017209,0.31996629445749813
109.17224112861315,11.134914476716961,0.0,0.35499475962769517,5.678233031584916,0.32124907061615626
118.14401083610574,11.174329231286261,0.0,0.34856901974703575,3.9021132571887054,0.7405082970298934
323.04389300642595,11.155199436676423,0.0,0.46799857354760777,4.32955634776899,3.9442718712459532
1075.5678543131337,11.782054372265902,37.944916009297444,0.43535182740073264,9.29417028271695,13.544488469859225
1735.8695320201484,18.15433645285733,55.48960301401207,0.8556467334535792,12.599377575803755,13.67212951079758
2037.2262828993491,22.052381199047012,347.27316919956604,1.4375203229644733,14.470870571417233,13.070653034261452
2209.595507356323,25.24955428034703,436.32180386390394,1.5472741777870618,19.88807117686784,11.405432617896704
2369.801112532026,29.773857447497704,494.21500081850104,1.5813731018211001,25.396041741031528,10.298988081749698
2509.707372746348,31.254784219535782,563.8581706902412,1.8654059720262135,29.034070749228338,8.278683288478783
2621.6682103974977,27.026083680994972,522.4311738602116,2.2245551334396243,29.974719742136195,7.192309743664495
2737.8987559946554,31.040015984065246,613.7066646396072,2.1168528191384226,31.97340274770957,6.379894581969217
2831.437363272524,29.521988461347423,622.900207667336,1.3956316607445518,30.702784185373144,5.574798692428589
2922.1108882670965,27.935530567354657,645.6767585062428,1.3444231971551028,30.38797169374597,6.347572462005961
2979.5966694757544,23.748193543283865,641.4506426810376,1.731224600031458,31.439762027226482,7.383007101295027
2851.905036831718,15.47244110247568,574.6398293447571,1.0951976772893735,34.26800675450874,9.725088694575442
241.11903254095924,12.719847168097914,317.77038221313785,0.9131790145895942,39.64661832889466,11.416252249624966
320.75732961828936,13.523383486983768,233.10612640940968,0.7075650840546774,37.32348655224813,11.070793222600754
203.0330871780435,13.461794183120329,106.81909455949702,0.7815787333228454,27.886684295641047,10.220475170164022
182.63289781507697,11.475028837033944,69.95786558720361,0.46301184200598866,21.031714390147116,8.444281814085883
139.28406751405717,11.180699183607508,0.0,0.3438825820051121,15.33138208140994,7.389928848601556
119.52457068507091,11.176364993603542,0.0,0.3532097510103095,9.777970918020307,4.186440930876237
89.09344078391335,11.184794395357171,0.0,0.3479958887056524,4.947625291599397,1.2913387619238699
95.46405665414198,11.211796902019987,0.0,0.35537922433327185,3.17243427840648,0.7412175385443198
87.2280346474263,11.180983508831774,0.0,0.34902305472425316,1.888281515447235,0.32334006605864357
79.6067439013061,11.20651122910153,0.0,0.35623807769650506,3.308019181131155,0.3244131669155297
91.60029283615106,11.24985092099288,0.0,0.35072088335760127,7.345715706126512,0.747515630142595
75.95628950129247,11.230870244319876,0.0,0.46921589470285563,5.161016096691424,3.975161906452636
1204.7881463507777,11.187432224666793,16.32670147167018,0.42515944379925297,4.696924118888093,13.341187176416152
1857.3951355032198,18.04587691150393,6.654124813595752,0.8549246464994373,9.92103700207984,13.615205997005354
2063.3653289072413,21.906185668540193,209.79973453056974,1.4317246462422246,12.550051709211084,13.016176406424918
2234.819262467225,25.06371350914111,307.4891668321342,1.544254080351021,18.445799501584514,11.380808462943275
2405.5153580427627,29.59177314013533,422.39104048713745,1.57759326028945,24.769464833864525,10.279925054174035
2544.547377367885,31.11904495447668,525.0105504383072,1.8626459148561472,28.89491857061896,8.260141229884317
2657.5026898089736,26.92871406930384,504.62602909703065,2.218154780560468,31.165982651809596,7.173820665829541
2761.7300611205897,30.938189791783934,591.9623364593893,2.1110424093267084,32.437312961780684,6.361490735126168
2872.934113477077,29.42597343672059,623.3520132805237,1.3930521950751986,32.86635692003491,5.559058282774589
2888.7735132619346,27.8487865002399,540.6042964093923,1.3405732395435515,27.060258196719893,6.32748240115032
2983.5978575515232,23.653765234035273,576.0675272764437,1.7264868306517147,31.990026510636067,7.368555220196161
2863.5385572835116,15.421502918149585,568.2453998744197,1.0949172713662458,38.70559350980457,9.702952849702218
271.45128035719796,12.678447247444694,367.97950641141466,0.9097402015248998,49.84974139485814,11.384867212396571
358.5866236080457,13.490290643321284,317.927056539222,0.7054720729598077,49.021308411871985,11.012369289764417
204.02314321911746,13.41823836086515,81.21353635223355,0.7768255864222325,36.361423185980456,10.143087979261788
189.64519516789983,11.43064636383531,55.138950309596865,0.4609541595716232,25.49926188363387,8.426950983227433
141.65007039419348,11.131986551569526,0.0,0.34692996730158454,18.79939899979475,7.373008935652648
119.81924321274985,11.149623404566293,0.0,0.35193465585940037,12.75331477190683,4.1683810680414775
86.83034721844106,11.163576704194163,0.0,0.34870836187586923,7.146926814219691,1.286097743279397
93.19284376182874,11.198572758714503,0.0,0.3539447783177149,4.508456053502197,0.7386565390364713
85.74012989490623,11.165840010924116,0.0,0.3498799673110983,3.4644580506022264,0.3226926487137115
78.86907474283436,11.190021787162118,0.0,0.3545258220949112,2.356832358880081,0.323581612641678
91.66891216474014,11.221344274092434,0.0,0.3514829154659421,0.4203444409893415,0.7436331134857511
96.44024897963558,11.176793011357637,0.0,0.46775175533475033,2.045691388069321,3.9496742857451026
345.65698035432393,11.222209651421089,10.188054553002033,0.4247649182240579,9.676714101643098,13.28330998864936
26.43487473834302,10.959819898546945,0.0,0.5731283107626909,12.788370967200354,13.87712311851381
819.2931197772414,15.021151811674077,1.716423525600228,0.7281330308754925,13.174278764717242,13.410989785365059
1022.4208104006303,18.569855251141362,3.7634537143795326,0.9370348015842422,15.310987723224244,11.55655361745851
1258.9909649201643,22.062160146332577,10.991420904465254,0.8649840500825462,19.175300066545628,10.437170297107533
1316.1482746623465,22.004563142644432,13.472465938624959,1.0015336701292583,21.044918202049285,8.384650297059203
1418.3742658087892,21.775588623982863,58.976734750532756,0.9002019491147403,25.96912429776418,7.29064201803688
1535.5978984936723,21.77021177102065,125.10933980393065,0.8546954383773782,32.36363168994763,6.465686751908037
1680.6070019747074,21.751886346587767,139.34128685994253,0.7076727650793986,44.25451585924905,5.645932159681407
511.8375914872451,21.701124120794198,150.61224483377032,0.6323241274874926,58.43702934513369,6.427301632608223
646.2759180476841,22.515866918588355,132.69416906807587,0.6781886751510464,68.05618470535798,7.58440817338253
459.68353971991775,18.409101049833765,86.11701871354256,0.42124979558926484,74.81548161178611,10.008016142998114
373.42728612234566,11.039945647169219,3.3757760019792054,0.4189275491206242,79.11298887603688,11.79694151311178
356.6608592781451,11.011767001451737,4.70569648948429,0.426351530243194,74.44691198604087,11.292606851537036
219.02174071036967,11.030496452543545,0.13082705283269255,0.4186325338063747,61.29788209678051,10.354136983991046
202.68954719844177,11.142428250143164,0.0,0.5046772957344109,42.83802545824726,8.497931846318682
155.2791369162152,11.134763287693747,0.0,0.3547645204650868,25.436271670353804,7.4315115905215645
134.45278616772924,11.177133153758975,0.0,0.34875931602458693,16.289976178931774,4.172228831384506
100.32997754022051,11.168121233220782,0.0,0.31597773125565615,10.354968976020912,1.286452865769884
106.7258680067413,11.185967273351777,0.0,0.3128143946811264,7.273486177498114,0.7375284916656507
97.55839504481516,11.147355008815275,0.0,0.3079123421106967,5.447597973891646,0.322205690584895
89.6296955334551,11.165432307678978,0.0,0.32048380044856745,4.20643327293993,0.32310858131761877
104.75140784178961,11.192042201731287,0.0,0.31015180605732845,4.315272881812949,0.7416015786653185
110.43427943274857,11.149063613964806,0.0,0.4306316810995709,7.1162632529264656,3.932173538779662
357.25586964404476,11.194374928481189,0.0,0.3105865737959416,11.87674689915411,13.225167522295273
429.5778157931387,10.937784565495532,0.0,0.31580412147532777,14.710423800819152,13.8721010704043
462.52532073152827,14.459625606163073,0.0,0.30481019921260694,14.063035309950429,13.28696103583962
490.2760321357052,18.051193169952196,0.0,0.31349458811566966,15.350804663904276,11.658600179316087
517.4620166130262,21.637313440345828,0.0,0.3060261468462274,18.560153625390374,10.56839505110228
541.0926374959067,21.66859558342047,0.0,0.3873796657744176,22.27716287958204,8.52156804861016
555.6232428305902,21.618477617245304,0.0,0.3798270959571527,25.120019089883318,7.411949256653029
568.6387933131334,21.589480232351647,1.6903071054961774,0.49756319934101545,27.88188654153302,6.583993833239481
577.0638383677006,21.57208566160237,0.12634512300077536,0.38695810464336766,30.310269207257747,5.760118082751722
601.0403750704177,21.549772807512344,4.238300624290547,0.30784145956869097,40.07667679610757,6.569604499664015
642.0731064283107,21.56717372543208,7.5619594080919565,0.3080916074183208,55.198476763883164,7.647454916015569
485.80562495432576,18.016194608711025,48.888536526101376,0.30929569263608375,71.6538964873088,10.074853665166335
425.3162105739635,11.003592737023519,64.30787805274467,0.3041337806950725,86.71368279838345,11.829258315786912
406.8241347489958,11.030919541337743,51.02711819968567,0.3142397381731671,87.01782210947815,11.243551821696036
274.9288552414662,11.033014244614364,5.673871520208979,0.30530020542721875,73.88709915695875,10.304505991179212
227.42674166300068,11.102421977227756,0.0,0.4273716914186823,52.928174930683376,8.463083045707492
175.55939318406746,11.11192856632174,0.0,0.30946628215012023,34.53151535691969,7.406580311973713
152.6924362191765,11.151444457441661,0.0,0.3180984578667769,19.807752769855917,4.154926780237855
117.32492528787543,11.12903033226456,0.0,0.34613089839720457,13.01734844480482,1.2822105056909288
120.4652789679568,11.135126681416168,0.0,0.3553492960945832,9.331655879722431,0.7345369242282243
108.33452910837623,11.104866409060513,0.0,0.3468668093465852,6.60077800845989,0.3213442649219398
97.60403654027493,11.124751618278706,0.0,0.3557813223850359,4.6162466387732355,0.32236816531579615
91.95370163169777,11.155011677233748,0.0,0.34829030657103077,3.7988597366605705,0.7397319251807077
2416.4888506153384,11.18144852191993,0.0,0.46883293121636055,5.872650405719253,3.9388332938517148
75.1879575528633,12.278053445829094,10.516263107798505,0.44655351720709185,13.309783318587638,13.73260637583701
761.6964933145309,18.506027032749735,69.81055453310543,0.8707342364045793,16.464821521976475,13.888790644126706
951.7110862593908,22.338045652289246,238.87170095890448,1.4487423601200469,15.740304560791692,13.146371564351552
1135.6209057755962,25.55305811865383,266.6891692044526,1.5570224268120938,18.489553420399563,11.46164149549968
1318.1392588346075,30.066568272949812,311.8249587906602,1.5914843487406254,22.49538998678885,10.356338695443807
1506.6203880889395,31.546488005840192,399.2669757952138,1.8786393167054296,26.447934666684077,8.326379918992709
1714.018248084659,27.275636904966653,408.6532961138251,2.236150362608815,29.824261938390364,7.227698731992392
1896.5871202536925,31.28274319193637,499.754025140473,2.1260962002957355,31.483318835925868,6.403092122081548
2112.7471815810736,29.733397799852085,565.6483751452569,1.4028621761762357,35.469775384714076,5.591499395161965
2276.1913770183987,28.10551383565042,604.4129192730583,1.3479853378484992,38.498129957138936,6.355718689238777
2368.3580278030327,23.867608703653914,652.0724190024382,1.7311690244358597,45.714802165144306,7.385145270309508
2386.2625122557974,15.554398084914968,625.8527623448853,1.0996256743654758,54.08334304910363,9.716657414602064
312.4675399073661,12.765834902432633,398.3857201782312,0.9086707494819743,63.26863414245171,11.388607170360203
379.42821751158596,13.440366115424407,297.0915237706238,0.7064516594530709,56.64045401839145,10.970389230005576
222.15313389458402,13.378045126348939,93.07691090970067,0.7773862193096859,42.296904338946234,10.115013602870714
200.8016781180733,11.384978115689892,42.51215455294064,0.4551277710327713,25.142295532962258,8.378902686686788
152.17736987801453,11.066994350313625,0.0,0.35270032439320254,17.43311678299292,7.352906941602409
132.00556860629106,11.085269347483093,0.0,0.3434405602313047,11.887707184816717,4.149920486394542
101.42060153689076,11.087468067220724,0.0,0.3549534742178344,7.015039821497366,1.280132377514795
105.59767540801992,11.101898043956377,0.0,0.34472746710657814,4.3441601787667805,0.7345077344357342
95.59218530790035,11.074085983394216,0.0,0.35577594663102935,2.828512476239361,0.3216265095868407
87.20261979784415,11.099928207318555,0.0,0.3453878261031997,0.7476862962972276,0.32263316897461386
82.05511750871639,11.128273708209715,0.0,0.3575110347924393,2.881278583296385,0.7400583011593226
862.6288353000491,11.168287305345848,0.0,0.4665407513379684,2.4494194758429946,3.9438745556919286
739.0744713117474,12.020135160646262,5.202520756430897,0.43609484383724983,1.2607162664526343,13.565416418922368
1437.5563456157881,18.005534035114874,0.0,0.8476412137009279,7.360130253546524,13.592654708664003
1705.1889979858624,21.860299045775278,137.83915626622854,1.4316835529288767,10.530975022008423,12.973632898198527
1905.8201993510138,24.958702043634702,255.9081958119717,1.5430187901590413,16.798790421141376,11.337524440043891
2073.316831036001,29.50145961335343,357.85210365197213,1.5713980885901053,22.186257361536292,10.235291668354188
2230.8871244706197,31.014131827693767,428.9725652074371,1.856952606313896,25.775740877402054,8.2249268714197
2372.728178496682,26.825348972474437,424.35460319339865,2.2077682694770004,29.028034530923872,7.144149625773797
2468.1900785465814,30.808305359494973,488.2378016996757,2.100219433210657,28.497731809024835,6.332860950215651
2563.433969564554,29.30384186510123,497.80632617376887,1.387495846746908,27.41052084392373,5.535821855369376
2584.9769768763485,27.71996009623724,414.67922006520627,1.3368301125586126,22.167040923635344,6.302427703419832
2671.904854360596,23.534094428563343,448.64721504615903,1.7241611048749865,25.331525021184753,7.339588986769392
2544.161141882645,15.344010813859212,413.08889842565907,1.0938309625687557,26.649818509195974,9.664848913371362
200.32364776647117,12.617137467223982,136.21431949806794,0.9023920058587496,25.62742978023483,11.34235540780581
256.86534802822393,13.393583236832733,86.63344438718671,0.7108530092092492,23.79073863965436,11.105051851451911
160.18368107849767,13.320817307148758,29.794341428261095,0.7841982544365868,22.320672963286963,10.242466793723063
154.92280006924165,11.388625881600529,4.118187956001557,0.4665278257472966,19.084032694662643,8.458085676208698
118.61076065989496,11.065583338368853,0.0,0.349419394685141,14.913981914351703,7.400965765038164
105.04610600535977,11.12671355184579,0.0,0.3495696049028369,11.332272629541688,4.152376215127764
78.4414696084044,11.128378210386035,0.0,0.34998543033539653,8.214798165578793,1.28080346485728
87.14708127194058,11.157675914846928,0.0,0.35125153176113066,6.601139032759605,0.7351263561307161
79.90806254219737,11.116486718120479,0.0,0.3509184717694137,5.345803116937933,0.32171864801145816
73.51431836559458,11.138842051199518,0.0,0.3516286039890222,4.453029589124638,0.32265997827536125
85.82187303663936,11.168096053134349,0.0,0.3524658680827116,3.7466451841142976,0.738817301542632
332.4509528447689,11.127061015863168,0.0,0.46178753862556693,5.213962865184068,3.914453810349666
1113.4755188663523,11.65820512041725,10.796831375931172,0.4370966868175081,11.835325369300788,13.355686873446457
1721.2860306985979,17.890911606387714,0.3807306073376672,0.8422248122165601,13.99096254213473,13.476415775748874
1928.5811966850993,21.724791940914713,178.7348403492119,1.4193027986863012,15.365076464163822,12.88397288783047
2032.413953586069,24.833471214077676,198.67640812068373,1.5300327963710976,13.228964154333918,11.264934954257008
2206.272745552696,29.278650761996676,236.00864901804826,1.5693734003422288,18.453002806622607,10.18794737680803
2371.7133909122394,30.740497132556115,368.0025709854196,1.8458252314112804,24.148467565957752,8.19412504536667
2507.6455420070865,26.646281921970296,395.60515654703397,2.2025222691243656,27.49281172719565,7.1154784653251175
2638.722179832795,30.634299277538528,525.1703397088343,2.093507922651273,30.813912580021853,6.306119249487453
2777.7920043260638,29.16584223843816,595.7203518680992,1.3801257307170152,34.63988563320765,5.508003544059927
2904.7617971932195,27.60808344320815,655.9885542622268,1.3289764360552254,42.69028844538287,6.264771056570185
2994.014704228006,23.474923890824897,717.9820149119126,1.7088746344465318,56.569528445729155,7.279799425066697
2947.6837430100513,15.30737153097999,684.5508778895633,1.082382031583831,69.26731418036418,9.577583071374839
347.26685400726785,12.574952441843852,503.1743956696191,0.9010063855224867,88.84672673634977,11.229938325358427
429.72280106006724,13.31721378827491,442.8095888052792,0.6954838501810543,91.7892533642332,10.814614433578237
250.38718879941138,13.276482512720335,204.73460768887767,0.7658642684936019,79.57210984817603,9.952807467052565
219.3476237840534,11.3262178662532,97.61952726677666,0.45263822816297805,62.109501092235,8.207002124114013
170.01729684377668,11.030950609689189,0.0,0.3432856608628044,44.15978086776482,7.206712729217002
147.93810663251531,11.01054273830455,0.0,0.34875613177402126,25.972230898247155,4.081025029011505
111.13790011595277,10.999503301895539,0.0,0.3454566115583957,15.189006866948457,1.2623912937362738
117.79833974221889,11.013990714823167,0.0,0.3499925447623592,11.945680499675078,0.725318297458635
108.69250529997065,10.984276056908797,0.0,0.3460941949833375,10.207507221834048,0.318084021361341
100.92339021103409,11.00561150157771,0.0,0.35041194395880854,9.017098954559224,0.3189211561419189
113.69431179905182,11.0334901688867,0.0,0.34749670646064745,8.108355928482926,0.729531395359255
77.88475830059956,11.0038357411717,0.0,0.46167696156485655,9.520042769340993,3.867810127988179
1359.3449243060304,10.5969861086801,50.83405450675196,0.4140978738952915,15.868168224296772,12.82562593269209
1962.571554299356,17.802632369439923,65.49837538212472,0.8387092996200136,18.876587572013726,13.370957698643757
2231.9234042585076,21.633703835177727,318.5564054372012,1.4106422603087412,19.95580972828512,12.790774247453278
2357.9489913106613,24.73503957786017,368.7371795004572,1.5212680921065365,20.882670474550807,11.170698192409008
2480.1414766870403,29.160994617400153,413.16710476581625,1.550697656648795,23.800816829650614,10.095798532406814
2609.867108465699,30.624900221750195,518.5383161389664,1.834088530985314,28.069276645182434,8.120962396443549
2718.7193871593468,26.516633811296607,509.6773276814938,2.1808761004826636,30.111460516716008,7.055535457521921
2833.452482581665,30.478377669936904,621.9739383494559,2.075588767265167,36.62890058350917,6.257301922870211
2982.097330786936,28.9993164707703,706.234342144361,1.3713070975994195,49.82005836842149,5.466924421010888
3121.11894886703,27.464853785172227,784.6500100570134,1.3199712244343869,62.42778702377877,6.217401710429689
3162.9853708473047,23.356838070398283,811.0874688801255,1.6991334294671472,72.84463300554829,7.22289107894117
3076.8405029227165,15.226476813620131,750.736556171874,1.0780659964363,81.04270140071546,9.507673975133272
320.36665220717884,12.503133355012112,518.2913556319951,0.8895213892626905,91.31399792544511,11.154988130169665
391.63472336606793,13.278219485458985,415.8919809414405,0.6914077034013641,84.88509224348913,10.748757904860136
225.29976614054127,13.226502127788041,198.08714856757751,0.762338352707904,67.56980022586528,9.913283355652457
210.18813085211397,11.29695921364946,111.85781781635117,0.45528736052252394,46.91675997143891,8.179673921390963
161.4654286235042,10.991408452757613,0.0,0.3377934490242299,27.27595754592193,7.180876649869485
139.35691541989846,10.953833545333431,0.0,0.3486505684397258,15.953100831394853,4.082426381688942
103.87505775942928,10.954846392047903,0.0,0.34260338081356684,9.920787562555114,1.262589315620957
109.452588772632,10.981967966837676,0.0,0.35055738671317344,6.8631874034822875,0.7255263596715518
99.6500852662723,10.954858294650757,0.0,0.343441680468452,5.091713088360515,0.3185502962708429
91.32253704997568,10.980884629528557,0.0,0.35155997471448763,3.98635001433887,0.3196420239372924
104.60299642548003,11.014422210762602,0.0,0.34501920337597974,3.777044405752255,0.7310060851975053
150.86299934045655,10.982555630044025,0.0,0.4609581791854582,6.401110069923395,3.8697693340822683
1411.1699736394712,10.498656117986837,47.28713945002594,0.4175018715751204,13.872560938988867,12.724647492115004
2053.753366950004,17.738843078611612,35.89591243149419,0.8331463555353763,17.188541696727313,13.318827439506103
2246.41823137492,21.515791767286355,285.19914165197235,1.4037196344709029,19.27544293287255,12.735823301047446
2381.0107332934376,24.63081996020224,361.4685125379356,1.5132782092268038,22.04109418152126,11.133939695302104
2522.9963242246354,29.06302538193841,436.42533909921326,1.5496026692877976,26.27764374363234,10.061316408148157
2604.8270562305756,30.53902517981573,457.11037777659794,1.8238166832194125,25.8635864777932,8.090159654290737
2700.396239853972,26.40337583062878,419.63018018119936,2.178183129382856,26.119377073230336,7.035967904497647
2797.569401939193,30.33404416246441,518.6524873120592,2.072667736667331,27.341649258610836,6.242777883657212
2880.5828010084933,28.88405406069036,540.6274809179201,1.3692500712742923,27.66241952175611,5.457331850776318
2898.337012518482,27.338546591905644,483.9035113287561,1.3184525936745979,24.04458782196244,6.213840241854592
2960.0263509995107,23.23845774777239,499.4590578707579,1.6957707984176684,26.730411823993386,7.234993156512011
2813.575670563374,15.14483370690182,464.6833974422837,1.079400040806675,28.708879249243335,9.530182558148319
196.7894627450434,12.465920526767071,185.04710629717172,0.8918129826484429,25.56600947938664,11.18705062763238
265.1207367650311,13.26734295752592,124.02924951814187,0.7027172010427636,23.557400760226027,10.931846265853917
166.2539934599942,13.209827413336543,62.82223495057087,0.7774839136932189,22.814953856433934,10.093555462404158
153.2155997416054,11.289062679985795,32.17835955256677,0.45267772597333006,18.37674005338246,8.32296719089125
115.94981763483433,10.98759903849487,0.0,0.350007062488847,13.998253350451874,7.286462091047219
104.55474731938779,11.023591539345144,0.0,0.34200493802752224,10.776738389295245,4.111479824094151
73.15660195811321,11.023451603774262,0.0,0.35257100096612987,5.376078708471533,1.269082888850503
81.2450268307173,11.068494934842382,0.0,0.3444084172408394,3.72122835557126,0.731238441788162
75.67380933182774,11.029625155034042,0.0,0.3539605584148515,3.4730893949913564,0.3208708305640486
66.85086744468144,11.051923316024892,0.0,0.3448369707847977,1.8205102047070794,0.3216097446489286
77.65225587133646,11.09293134483914,0.0,0.35579824305016033,0.4808549259363349,0.7358778306881154
78.22762771175417,11.053744350256606,0.0,0.45840023763713394,0.17854229262943896,3.8958837272232336
296.6851923636773,11.102917210186117,3.3251968876890494,0.42725484215519094,0.09131142115029448,13.097284980760755
4.245227094733638,10.806521120383653,4.006747688221689,0.5661151950442026,1.6985873161709635,13.689725466049474
765.6328937251579,14.826327878784843,0.0,0.7196897956875017,1.805820808727932,13.264264169967944
959.2500660098818,18.276622058849796,0.0,0.9189972836958329,2.671437556803683,11.36506931536475
1176.1245779950523,21.70951406074276,0.0,0.8518230177207388,8.18796422145339,10.2642953886608
1256.5069629927987,21.654174383989623,5.225828283543775,0.9909708379960204,14.591095188504376,8.247510308378207
1330.3415561205047,21.434124723817405,42.09310121727218,0.8803599352794939,19.423306824969266,7.168413236988143
1411.7652212875346,21.432984162581025,78.48721860005672,0.8455627885699982,22.902784498109916,6.359803260288512
1524.2240826897414,21.398859812877017,66.65901359091222,0.7010955881766112,25.837511112874363,5.557354834527233
454.5976517936775,21.32375156854071,81.20385934318489,0.6215520361016476,31.24542803887037,6.329282134304289
604.0053179480474,22.118545111274834,85.12619649309921,0.6705429160273947,39.39701110368004,7.50235953179896
463.104280329902,18.081273744527522,131.81576002630612,0.4188047668623994,56.08999188525717,9.875678773363854
406.66434373320334,10.882782152059978,35.48559291682603,0.41656438328129103,70.49917788927038,11.580548259992558
391.5775404490087,10.828778212379797,31.165272927154305,0.4117698213477067,72.23583967802561,11.073130927166153
246.27694684189976,10.836955445618225,3.631721355063718,0.4214732889325796,63.70598424234881,10.147759530700672
197.79483809717308,10.946801275739778,0.0,0.4957931053613602,47.024239706246156,8.334417827021667
163.44061645375461,10.972013917895655,0.0,0.34615384282267403,31.081747975038116,7.294197907694405
139.92743170286886,10.9942550912038,0.0,0.35020559496051223,19.37125931445856,4.090962561649028
103.68103736122681,10.984493515503587,0.0,0.30823958552614106,13.162564785443065,1.2640878664302704
107.24253074760615,11.00476574849386,0.0,0.31285399566273925,9.404827125327834,0.7257169726804189
95.42053016386274,10.97455215196333,0.0,0.309476275622005,6.474719942457431,0.31907504354171734
85.56102943499697,10.998412960697543,0.0,0.3057313026705603,4.339888196444677,0.3202826591757569
96.60999807694462,11.029875360820899,0.0,0.31833177022785636,3.554628436886034,0.7317635914050553
100.38512156030714,10.996717903732444,0.0,0.42044844125497977,5.155528637894749,3.871024052768156
360.4392051898809,11.0418847149027,0.0,0.31543785592848567,11.933850828076713,13.016496633096342
449.54499289360206,10.761813206441198,6.515789988435055,0.30180742940188576,16.38447860163139,13.618469372320337
484.4937179887312,14.22740171340585,11.3005360640884,0.3113296783922741,16.935387814559483,13.028060527939306
514.6734753347994,17.762994725592094,20.685829586707815,0.3018436633048938,20.551500998906462,11.426469387451089
539.67577396368,21.310175166922345,15.580906413812237,0.30998373414165004,25.43641156878197,10.34955294548309
556.7875784966119,21.335238524181122,6.830470018575318,0.3747938592217937,30.76404712254935,8.34767465681651
567.8695678608707,21.28538242398296,1.2671243852205039,0.3837167028229606,37.35112376641959,7.265870548821019
584.8503931750598,21.263095883493474,9.563324251059898,0.4892688666260402,46.872390446427524,6.45615908396307
619.0579359446065,21.270840135752533,17.116311477150553,0.3790805010873011,59.733289141473165,5.64412202573223
657.6321563953062,21.262377731166044,11.220692560934335,0.30844072706251935,73.8564704288834,6.426844918831685
665.9958647223107,21.252233821605188,33.755983135999685,0.30438013804375647,87.736013319585,7.48093268412341
523.5778040815367,17.7897005344372,72.97070082985212,0.30006588524279104,103.89517699005197,9.856564614998762
452.8960370868925,10.856244228496813,81.22926921358757,0.3116180730303598,117.83528771407711,11.56494015660644
419.1258929356742,10.87288563905032,22.78674153531026,0.30147311363438783,111.62548728947417,11.000647069673297
156.3560929309113,10.84953928349815,6.763994984807982,0.3117485663016882,88.83706279633353,10.107861714188004
232.34340371692656,11.074075657867638,0.0,0.41583925145421624,62.13345711307588,8.298419414730846
179.47412322439254,10.939544656674816,0.0,0.31559645585574564,39.33841116443274,7.259867742729935
155.11393923531858,10.97198755976072,0.0,0.30618375395419184,20.829643224272598,4.075354661842726
117.60934796969704,10.945192259648392,0.0,0.35024149121379444,12.665216823808043,1.2607316440297525
120.81362287938703,10.952702110030732,0.0,0.343902422989971,8.601024009394052,0.7241545640721009
108.14583083422058,10.921412663790226,0.0,0.3512468593588589,5.760293729314114,0.3186181265511584
97.04413037060047,10.94250452925281,0.0,0.3443478797174042,3.778431253079305,0.31972248283398175
92.14586390954581,10.973622392705071,0.0,0.3531007543856291,3.3690416275266455,0.7296795476002544
2386.2569339135207,10.999174690800059,0.0,0.4546344819700436,6.066451040816847,3.870056868321654
90.15206484901768,12.082299486410305,7.9406527426328815,0.44432444248185105,14.12143875529833,13.482541285884004
786.3735419310179,18.166965816149084,56.399128906582185,0.8562754130967823,18.276412385113435,13.626804584099098
990.6228061693731,21.947875481603393,223.4680873016714,1.4248377083572799,19.732262597866452,12.904239492556082
1171.69263151637,25.106969139510927,235.58528684372106,1.5328657531200036,22.411128299045366,11.251477691178172
1373.9363554319143,29.529651632113946,307.33767347347685,1.5697130689522898,27.846609514758747,10.170163331924577
1575.9150733006486,31.011806808456996,393.77775880466805,1.8434487430992121,31.765523918939607,8.17217108152246
1797.2143171052137,26.804915530931897,404.5899132755626,2.1981672457154113,36.609363276094754,7.093714124674511
2004.091891390953,30.7426978198182,530.6762203080375,2.0885822696997964,43.497048883631294,6.283890228998579
2223.0177554251454,29.233279402003078,604.0373490997661,1.3767797306777703,53.792692500149805,5.484025330276652
2436.364915939206,27.635504617266815,691.7286512797718,1.3248367920481046,66.67754108465249,6.231849728820891
2546.0905187770604,23.48352220885496,737.965069784602,1.699922234211908,77.23049189245452,7.233228743744182
2544.858948521252,15.28863953906785,698.7418484872356,1.0792782437315507,86.08252148339626,9.51256074717604
372.92695731776536,12.557407877438092,473.13610879481934,0.8932243748482058,97.77251310107347,11.150071423096348
458.5234428032153,13.18352867258119,396.1949714995559,0.6940786958300982,93.06189906017562,10.722873764266495
273.37663453110963,13.149115226695288,160.23770401992985,0.7634182808288448,74.50437735587134,9.871104167848918
232.21872625462012,11.194203213324014,56.630311011345405,0.44691501286049706,50.18877885814772,8.149387521947844
180.0510074228869,10.879896482544643,0.0,0.34791214921896674,30.316146207432624,7.1676540710237076
157.48124214266437,10.87023359091483,0.0,0.3393176724789578,18.091376524768428,4.050849671715712
122.2416873682643,10.859262067963012,0.0,0.35030182869383075,12.395403269292524,1.2529131453422406
126.69114120249041,10.871335577775568,0.0,0.3402726391265104,9.058633443838566,0.7194094627468341
114.7863508793259,10.844709727047531,0.0,0.3511499449519431,6.6900679352448345,0.31677803242122055
104.09020661889734,10.867695798066395,0.0,0.34087320204815796,4.827838032717387,0.31781762086982085
116.64790711252297,10.899150146468598,0.0,0.3522796140953746,4.270904530401607,0.7246454261564212
731.3314577903791,10.871621922109096,0.0,0.4539049407798748,5.792152738029272,3.8305273505831448
837.9572983966518,11.774622054956511,12.40948007911474,0.4335774059964666,10.257101764276007,13.27107235282394
1585.2964431148705,17.706782576001213,0.19295087691569363,0.8337294779615941,15.057429459923322,13.313744059953773
1847.5115144922536,21.46617848940908,191.5764596943354,1.4020626636797924,17.362647200174212,12.706790570254684
1711.1541114310762,24.55250665670093,335.4715520639857,1.5150285223969302,23.264424102414893,11.103286545003073
2234.680140367373,29.16581792241084,461.7166627985077,1.5482333429012431,29.860092303841807,10.047436552791305
2406.8875086137937,30.51907270737523,565.7513088241757,1.8181496950047693,36.64957046640115,8.053622644772787
2556.9950713473954,26.389944889281384,565.2425508329615,2.165638655461297,47.35813126184276,6.990881334066672
2705.014431453517,30.31490868364271,671.094111815313,2.0585893236902746,60.084627248139064,6.195925017902619
2865.298869507609,28.822900224190672,731.5182573556589,1.3586057871646773,72.06423966101069,5.410151086526926
2980.312246914522,27.265271790556497,764.7674386620082,1.308456838553876,81.270149920477,6.151811806016192
3078.117507567296,23.178878945897953,834.4826649615228,1.682236661109319,95.55345830192117,7.149217915377042
3037.0416996205677,15.10272983101801,811.2189744232123,1.0656712951301084,105.23938893426995,9.403373125137517
394.10477551717446,12.42035983091092,598.0484114922936,0.886780143595348,117.7769031413386,11.024344958115012
469.71118843619155,13.092652471736097,498.97751705127746,0.6853973518525226,112.29165414130307,10.601093257514188
284.04559778626356,13.087122374623208,246.84923904214622,0.7544611453404522,93.36488195275608,9.766231626779806
246.466713684927,11.14902833632207,140.76966749263482,0.44297954552383506,69.53738465991859,8.049530946483628
198.79217588686032,10.867508667649375,0.0,0.34237758471993207,52.85734874253818,7.062813068076057
182.49297462764156,10.817808117939153,0.0,0.3386965371352508,41.65778963530963,4.004505041843993
153.42146336974417,10.809240801515127,0.0,0.34727688324082173,32.32590244387852,1.2369274480426213
162.58852061018885,10.79980647256686,0.0,0.3388371630888286,26.310113101958382,0.7090986552343271
151.94648610488878,10.765208937656196,0.0,0.34770612293420633,21.28560053352115,0.3125862833563861
142.08866020680924,10.773850698119025,0.0,0.3383527364586728,18.178570350304526,0.3134274733146213
155.3871361947013,10.79309040549789,0.0,0.34931098149952033,16.831646733738,0.7134188873903897
161.2142391811242,10.772590255214133,0.0,0.4536224047525271,18.764405193268445,3.7746827664260594
1415.013458515295,10.432774314934935,93.7291886313631,0.40884233359777467,26.470968237424337,12.53714124410377
2112.4524758159664,17.590025810904837,97.33004704246925,0.8242080424579545,36.43379110835628,13.143523224289892
2382.398576552718,21.339448899131963,477.47155299558557,1.389684911803374,41.00428549638093,12.566094038323765
2541.8307417415494,24.446805592163074,608.8231843788573,1.4974141618273142,47.69235229652159,10.96150082830944
2703.5457277171517,28.83155882399086,699.7782295949532,1.5244665151233707,62.33791503639473,9.893283258095149
2851.444972868522,30.265298847991293,782.199342664666,1.7970909634527843,78.31528178472982,7.947576857607382
2976.3462755765945,26.161022906170903,762.4440364264749,2.1402062167993052,92.48959942900827,6.901707178090969
3097.363554701766,30.061189920190426,857.5837419758462,2.035651329540503,104.92777886563682,6.120026332104974
3237.7855001034163,28.578020830476934,908.2249334501953,1.343940963027808,117.00156083579468,5.34511879609312
3369.0008054408418,27.031716320935626,964.6327217471688,1.2947609886798057,128.71666712707264,6.080139598225672
3420.429820763407,22.97657111720791,995.1444727741558,1.6645393665361576,140.44998735510617,7.064187378545606
3349.9305958833884,14.97452724475667,961.4754502520424,1.0542111550806892,150.4247109628555,9.296974625143932
446.88165359826723,12.314948017279885,732.4073949646646,0.879088710586946,161.80916888491186,10.90423233696215
529.4196764362667,12.994962151100156,614.1724015641448,0.6780116938372722,156.278446200101,10.47981978311188
339.90579415856405,12.97119536783839,393.9655033450647,0.7475947698763205,142.2291968152775,9.657604089941037
298.57777063320884,11.077760692222833,286.4316086313305,0.43865774677841096,124.97751594353625,7.935001684715027
248.37424360830994,10.824175121839893,0.0,0.3367153808345004,107.08144428838263,6.944633165577487
231.00225446926166,10.755216684203228,1.2874513815538369,0.3374897988991971,91.2187278569207,3.943029793491087
200.09015682828368,10.757478861263618,5.1138128294325895,0.34395589912860264,77.7664359589934,1.2180806627526775
206.22347728224696,10.75552015487208,7.659805885993546,0.3371453132510621,68.30007744184896,0.6975709010950778
193.60887423855672,10.739305587470843,7.9480683449853196,0.3444851252217762,59.52929573765827,0.307849901643161
176.96449951621207,10.749050240216935,7.633429624253472,0.3369330921867758,49.87867924741551,0.30845482322567863
190.19997506611938,10.76578239704942,5.778809955665053,0.3460863662554784,45.52297926299165,0.7020356592241958
634.9835928526742,10.744372542289026,7.118956518261366,0.45099908302350694,47.7491898807088,3.718278315099528
1877.7151206557999,10.331443661537921,295.7050620769244,0.40285698080810173,52.8542742075721,12.333283486944303
2500.4869997177434,17.56755658682734,211.7789008612993,0.8162553686746186,57.6735569145754,13.003113867474607
2688.9830515757944,21.225045696798674,582.6756418290611,1.3772415676689933,62.53117402787336,12.441758990839334
2821.9902670081347,24.27031991368159,713.8655258534512,1.48448486994526,67.21286759697551,10.858445282011132
2938.553322601695,28.62286648731372,769.6963322816993,1.5116121236970428,76.46146584127467,9.802924994553974
3057.8691521509168,30.03155979082192,848.2940644860964,1.7825340583319973,89.52748714625464,7.880623331136476
3162.7082697338337,25.973797315795704,843.9280876410411,2.123954886036769,101.15345580398743,6.846683121640666
3238.9533904569234,29.867084305696945,905.8104361946929,2.020290064956605,107.38867282698827,6.072628472526241
3373.650140313913,28.38768814642484,963.3385279209923,1.3347624033267935,122.16430484698623,5.307595929714398
3509.1212684976363,26.869459854727452,1028.7705167486001,1.286153292248296,136.5521461984793,6.038607231477631
3565.8858145319073,22.84035419369004,1060.4525125548332,1.6528251567718213,149.05500242052284,7.015983860446376
3467.995981861518,14.888920393823811,1001.3575236689661,1.0482038236477682,157.07144946948546,9.233666241711
446.4590595215967,12.234334465217628,769.0909998759514,0.8721242095888337,167.82538928756532,10.83465327811948
573.9879685230551,12.935936649909593,670.5845611776621,0.6756676475786778,160.8217909446673,10.41457548863427
342.0784462368502,12.898060126323804,407.4005550180843,0.7430148788756049,136.61664399770058,9.598005309026165
288.2383647056493,11.019354757143768,287.14989342525314,0.43398697854844837,109.21738149672358,7.893711637120358
227.13822757332582,10.777139733622105,0.0,0.3379528986628655,80.6063999308499,6.915806148643472
201.2619104219707,10.703012190572055,0.4683678747215937,0.33381252100258973,55.62365343583307,3.9389062042966874
161.0496585743519,10.698962838808157,0.0,0.3453905408078753,33.79008876834192,1.220185493071031
163.45626563001306,10.686697759723007,0.0,0.3346863442855778,20.64877522586346,0.702046362483901
150.80559942248806,10.650794465527238,0.0,0.34522052964848454,15.146851164178464,0.31077731961336963
139.36666765783633,10.664535051772628,0.0,0.3351576174147558,12.87063298642199,0.3119238790527962
153.81845254646146,10.693137342454403,0.0,0.3464664807566013,12.13998533027731,0.7093461424776942
530.0096694913931,10.67528914159369,0.0,0.44980632053105435,14.047657101772721,3.7484808479819667
1742.1202035799142,10.244015318327756,141.32623013364892,0.40129686192559966,17.877430904258983,12.314302804318315
2259.440456367441,17.40820996647274,70.66059079027013,0.8144207555732522,20.89014708923296,12.990217369281414
2476.8639578984967,21.100158189388274,341.85496851316515,1.3736571592011118,22.331838433802584,12.439133280093465
2598.1654630469625,24.134684528534084,422.4499592331069,1.4848445701256003,24.30843461125316,10.874056875774675
2709.6860252868873,28.479045070998417,475.0848824154554,1.5150758400970494,26.746865269956867,9.828389959019214
2805.9636956185227,29.916842480393495,535.0447307728952,1.7850882724142032,29.204961778301808,7.907093820082913
2893.433090158385,25.888443999363474,522.3762178329233,2.129752617201642,31.938247465202842,6.875399347843688
2962.386071343893,29.76965252668855,606.6692845026988,2.02700883983864,32.00208748900457,6.100554132277188
3014.356368486554,28.334553643181323,609.126854523004,1.3391059213131555,29.623285866563695,5.33467531029924
2993.9420875252576,26.822544695765707,515.2244081840902,1.2915302038633842,22.257731262432607,6.076744786858155
3041.8098532333215,22.79536643948334,517.4744316686019,1.6618204742294436,24.908105322418024,7.079567830803423
2905.0850759740833,14.859162803926417,510.4795094985586,1.0582033658885865,30.91486141040476,9.328296307348987
214.0363133964334,12.240013993647256,233.01642891684727,0.8752179347080152,29.70337805692334,10.94922731070343
282.0700408338766,13.03544696624519,163.72052564125718,0.6880185019935937,27.145965840417983,10.669463652699262
180.12317272820164,12.966338464704823,94.86467521685793,0.7623409956061681,25.02253739966364,9.853543079890542
172.72094034849502,11.083263787223249,63.0575247715563,0.4444067946411597,20.790348383631144,8.117931117123135
132.88256004416107,10.787809898631846,0.0,0.3433281724772935,16.047422505508308,7.099817297471572
114.53109766296627,10.789866761659734,0.0,0.33763572979597134,11.25762630177681,4.021621596901215
84.40699393573354,10.80039636862947,0.0,0.347420664479852,6.921560212799315,1.244738790819638
91.37351531544846,10.833455257455826,0.0,0.3398624657554959,4.533309226555244,0.717187033618903
83.24554929282233,10.800401326835697,0.0,0.34915021351247094,3.581309256500992,0.3167232901404483
75.9749101975082,10.828171886413088,0.0,0.3406303006651882,2.9145876828451067,0.3177453320815747
87.83504830341437,10.862760769132104,0.0,0.3501700912302604,2.056329422776503,0.7219459530755524
91.23279620093118,10.82720737939761,0.0,0.4478638219439234,3.5591660852174436,3.8065006037911355
351.9420842731762,10.873733810823671,14.610761102467894,0.42412895296930486,10.536476801247664,12.790996777093321
172.26968734993298,10.601961166155641,48.74743250005521,0.5560124107844242,15.446562220923278,13.349026055205757
916.0563423675623,14.52506158717329,136.0441021287084,0.6967364760376694,15.72562774890931,12.749208122411515
1129.0446505440075,18.07901447978665,157.1581486289567,0.8993791612684069,18.949308077732923,11.072343622920098
1349.0596741323216,21.487449031310952,152.49045913209534,0.8301760305891979,23.023687400885542,10.005648069919301
1423.9698592056393,21.393466954459353,158.2453322136441,0.973554200440705,25.952147658976664,8.045847139494596
1497.6605899925326,21.167913820059187,168.93211803265024,0.8627221710530204,28.98612458655732,6.997028126804753
1572.4041948190093,21.12534955811402,159.19906366173322,0.8242549074018487,30.73514345875342,6.211344374515888
1672.1762577138306,21.041097253123272,100.13321286292485,0.6852005038612637,35.01126441915952,5.431545901394617
446.17482129956363,20.935966228552434,47.86976864619359,0.6136687337591844,35.67578602349443,6.190080375335329
581.0741579902254,21.69049596349082,18.28109940340936,0.6627133270964531,41.718963754412016,7.363794540268349
390.95394160190557,17.707143434395995,0.20564689201456976,0.4172866484412462,49.60255969934761,9.711335238979958
307.7821458701436,10.657232712550032,0.0,0.40944739675083025,53.45613562379829,11.466688671436273
295.39797304052075,10.677413197121947,0.0,0.4163973174325238,49.9955840179214,10.931005420115849
187.92159106645445,10.685918394439062,0.0,0.41660771350262066,40.80877847162793,10.023722349161902
174.9125568672504,10.804560738682662,0.0,0.4832295980968749,29.421836356644565,8.228047740051752
134.35940471864978,10.7956259773633,0.0,0.34922951756802995,20.10305537945193,7.191764105431342
116.70660256590037,10.848040785744354,0.0,0.3390957234635821,14.664920815796398,4.035594654641007
85.2000995643921,10.846125830201187,0.0,0.3140366389566821,9.805793425805975,1.2478681037336892
91.6240946313915,10.873757544041093,0.0,0.3047648551540539,6.658882384090409,0.7183776676776741
81.80088399941904,10.834537847209896,0.0,0.3123636192195134,4.22825391162105,0.31747768842679974
73.59954298655806,10.858707176221237,0.0,0.30633236279541576,2.986553683334184,0.31874708175449085
85.65447395049841,10.891517514903851,0.0,0.3121238944640698,2.6591022126613364,0.7238675866772452
92.90817796512027,10.851435049132842,0.0,0.41468641916560445,4.570216392230985,3.811734206425264
354.34490733272935,10.881730670806668,0.0,0.3135468256382634,11.137137995520238,12.791294623735158
445.02741851502566,10.588592966175838,9.3205087013899,0.30173645005796806,15.799019928687452,13.368513288558418
478.40141542409873,13.996734804177288,15.603488050558054,0.30432689261291984,15.997372227130077,12.784841016197108
506.4050236165696,17.47882222153688,28.23764548139562,0.30189797144953784,19.165271711194602,11.213164129462085
530.0689007221623,20.984371833832334,15.30392088202083,0.2976689455956742,23.431629595833183,10.155760840383406
546.7898360903469,20.98731101733243,8.009147958443817,0.3791282992896841,27.500155806017467,8.196226914338594
556.2472099257428,20.937929306928623,2.3269542290274168,0.37097191492451276,30.973483953683125,7.134811555234766
565.3118167248211,20.90932144371179,4.763340953784492,0.4847560274315865,34.71880587676994,6.341690481706184
595.9308369290094,20.90225450298566,13.428763940576859,0.3795356817260304,41.99600611918475,5.549312079526147
625.037888598949,20.88875334459642,14.098954517708071,0.30043206503606246,50.43585629279465,6.320074969567535
650.6952565130715,20.888316457632985,13.848653314161364,0.30507981086617864,60.22903710175147,7.357469224752838
479.02453652487213,17.4440235856538,18.440815470456695,0.30049027212560486,70.95121478021743,9.69986266756356
412.378729067234,10.643587301024601,22.4726846162371,0.3041545851911213,80.33186650622916,11.417303459447911
395.86842269190987,10.6532369000828,13.186895736836528,0.30425127834343835,78.02546953091922,10.866524371707605
268.54942565419117,10.657293846318966,7.830727428012758,0.29939058295055865,65.24879808854689,9.961850793371173
220.78753205895276,10.73895588474783,0.0,0.4179251566905484,44.8132561557067,8.16704767745404
168.28695993322685,10.751548610162057,0.0,0.3027446995124733,26.885921533864522,7.151706419771864
144.13003703526456,10.792006175521248,0.0,0.3132474475507967,17.03929093444878,4.01723444599408
107.32059500297028,10.783241590025265,0.0,0.33850016675792144,11.123760099395724,1.2432107970468087
112.38501405688592,10.80156770747848,0.0,0.3489045325262659,8.050949024727588,0.7153657618687911
102.4291741320516,10.768040894887255,0.0,0.33954527601377,6.302851259188856,0.31634419388913515
93.70468884010181,10.786275724734326,0.0,0.34935215244263157,4.950767601232011,0.3171513391527679
89.70478913086502,10.81273416021059,0.0,0.34094885794758706,4.589918350664471,0.7191983845840157
2432.8423528969442,10.83441317509378,0.0,0.45786995372239503,6.342970810652093,3.7998904116615915
53.417378919096784,11.8956141597627,1.7705383511782131,0.4347263524963902,10.862667836557451,13.241010240252573
731.3682467574959,17.916852236264287,0.0,0.8480018471820355,13.56712716085665,13.43162509478851
927.1950761629678,21.526395844431704,96.34568454189244,1.4048855711241672,12.211060638022527,12.704715619684956
1107.5918468808404,24.577356228137404,119.07864042099386,1.5116420507177204,14.375171691957927,11.092604778304915
1272.2373563447227,28.95517337928462,136.89454337592508,1.5430959021060404,16.74801572961087,10.021644085904917
1445.8952498636145,30.38368452544791,195.02792274126094,1.8249403029131002,20.336069314998742,8.063432891704183
1602.9084568440458,26.292354529820965,175.74013006299145,2.1681044722151634,21.375695051370588,7.003071218548716
1769.7510682385214,30.152269873684975,271.95565302640875,2.062150096363369,23.333407433174575,6.207054505457295
1946.1710331355328,28.717195355653995,333.699812313813,1.3621831618238869,25.540036305121546,5.422894584914397
2016.4380596453288,27.176548390918004,280.07681286207463,1.31153025449491,21.957869686306676,6.164649981289125
2121.065635204619,23.066874374823982,291.23556735636197,1.6891394847189727,25.120446373406473,7.1738953935549725
2046.4972159356855,15.017231912048109,289.78718915675415,1.0683149541598518,28.30105450506134,9.442111715278564
210.795608091834,12.354988273152937,58.72958929608817,0.892273366403545,31.52557057311695,11.070845563068383
278.8623027312332,12.997048743449081,27.17041379253465,0.7018293097087386,30.666537200446914,10.859746673416831
178.09874194223832,12.909049335414258,0.0,0.7716141495552893,29.151867541107627,9.985048299313911
167.91367779237893,11.046343011339358,0.0,0.45473932635797565,24.984127854429623,8.227025739829822
132.8888280759856,10.755200175048607,0.0,0.3460639355286161,20.743922720671407,7.167327998519884
123.54992634765321,10.806884399818415,0.0,0.3409156943623053,17.81821721840053,4.016211762263725
84.89754293029394,10.792898226379654,0.0,0.3456347284577305,12.588029475240809,1.240504439252148
94.64947448459259,10.840763565166505,0.0,0.3410769552474098,10.409920140528623,0.7148088650965898
88.96964587251695,10.79597355441499,0.0,0.34799420202255393,9.440711571254022,0.3161005158103939
79.0404382959124,10.809282035102926,0.0,0.34046175231298303,7.466427107739524,0.3166553675836076
73.86223008076233,10.843706408603913,0.0,0.35066490064646294,6.767542827103582,0.7181255019797054
869.8384336955976,10.872288017851298,0.0,0.4564227665777308,8.282156471956924,3.7948908817137177
768.7508551537162,11.656032685882513,6.223700783763327,0.42613520426678164,11.930042686624391,13.06953848460361
1457.4554391088714,17.483802696092035,0.0,0.8232995178401671,15.785119035077663,13.109571385001782
1718.1815990886723,21.1956609272556,197.86293624156275,1.3843003634889774,19.460304214691877,12.514584255070988
1898.781023008545,24.25360935991283,330.5865441447766,1.4940543359150382,23.387928926988412,10.931297103712343
2055.9273603523056,28.663925748200683,377.37267241262526,1.5228184520933654,26.670141733524552,9.867567997302626
2177.617599090381,30.079227990622147,397.76289667156993,1.7921516776085789,27.412368737737946,7.934391385543645
2300.7928435347153,25.995613330039692,369.2363484497146,2.138154916379186,29.442625042428173,6.898432743030419
2407.872026796705,29.84754830718249,467.6384635061482,2.0341405383114446,31.599663693582727,6.11868417179309
2512.683666215547,28.4153053345804,497.71856746189206,1.3448639642871012,32.95846412592554,5.348045658186602
2639.694502203509,26.89149222795975,559.2903956635482,1.2952209354564777,37.66974817565074,6.0865230660730125
2704.6392980412807,22.876634819391665,566.7416654113048,1.661438017652234,43.34048394814127,7.073488489353674
2582.982352635596,14.90658755911894,504.88724641697405,1.060041176730991,49.97951167650037,9.311769170942231
236.4445163406819,12.252772112021818,212.07133208336464,0.8743530272775891,54.686546660602396,10.927446587120713
290.4070852688538,12.99134883220264,118.28558259160597,0.6872160817186654,51.11704615923616,10.618671313053717
186.39380182128477,12.90017921255346,41.07547023263965,0.759984114234963,45.566653390451485,9.813720984961169
175.36880821115213,11.017621549976502,11.792086154426432,0.45542247901308136,35.83714014150128,8.097539078024107
139.5107002182022,10.71355879315883,0.0,0.3441980823428534,25.81044455313694,7.090063601332167
129.52592557398413,10.746898238372209,0.0,0.3392163589118517,19.690666000568275,3.9860115103862825
99.05518426451643,10.732584367769162,0.0,0.3439073612514622,15.305144448670497,1.2330030086308796
109.85930497613562,10.754139533939467,0.0,0.3405337085933247,13.461414399700962,0.709279870317668
101.37563992125652,10.71370346446065,0.0,0.3440083536863581,12.177889695767883,0.3138663221853541
88.21410270116456,10.7343373609264,0.0,0.3409267158236835,10.063676649649322,0.31454802743589316
103.32421307173236,10.777194383258017,0.0,0.3460000938601764,9.854405650519423,0.7130165824395814
172.75796796969067,10.73818731912316,0.0,0.44743256783162777,12.174071389065238,3.7519364326242144
1180.7162281160468,11.041103002799805,16.786375869252367,0.4233400189254137,14.080521857781974,12.726915835980424
1785.3132365990284,17.323980687439366,0.0,0.8163661576472626,15.847505205284143,12.979515385846653
1993.8883649485497,21.026539360816628,177.98820272833055,1.3725469375608492,16.499141781687005,12.412921277494645
2139.9816126904348,24.032986295606666,242.95854290090583,1.4796106860812999,17.657633385845546,10.855647359201672
2268.2392477602843,28.356812381099907,290.22895224748544,1.5122966556981003,19.55192599844031,9.811706864445226
2383.942477141548,29.798440882886318,361.2417505297092,1.7859075116542138,21.15669246637295,7.894376459691493
2482.6953170968277,25.793309098264523,348.85169684463426,2.1243873279152656,21.64921460907323,6.862495632024754
2569.949453198351,29.638068069334327,447.47002669459516,2.0222389423333844,22.644631313523995,6.087197741029611
2651.278211036102,28.23499843144906,472.757196749303,1.337154409869139,23.13476419864965,5.322257945399556
2718.9699625744593,26.727410055256698,485.55762523688105,1.289092855907822,23.83757823590301,6.058840217843736
2773.0870688627556,22.73263276520725,496.7826506444399,1.661627502636529,26.146400513132793,7.04768982840458
2623.134654574435,14.821454501180606,427.5406458159775,1.0505951541542544,26.57422104036828,9.280596702192229
205.4106855338052,12.171203602916645,178.87573891928724,0.8770943758865781,30.80919917063688,10.894559584968848
269.33593623029566,12.95564979079809,108.94233624904183,0.6862187467461074,28.20792025068503,10.627905673182324
164.9838327570973,12.873069568518316,40.767866840064855,0.7578445199790632,24.333331504852918,9.81670446148001
155.29781305506566,10.995756584529786,11.241997229790869,0.4523137137637888,20.485430037750824,8.111059325613047
116.84860312140438,10.69606688977857,0.0,0.33843790934061135,15.712324064127827,7.102657870213078
101.25702924521492,10.7524464674487,0.0,0.3450187579898699,11.038480755379698,3.9947667065684236
74.23206176352627,10.759665788039294,0.0,0.33967328581528244,6.88535221266769,1.237852773339548
82.52184914674942,10.792822344417065,0.0,0.3464734989000296,4.684031716754467,0.7142011300509052
75.31888267063769,10.752047667965071,0.0,0.3409254521831248,3.696327579417727,0.3165363375248731
68.81889816350058,10.776775120355197,0.0,0.34639142889612745,3.1227145160619405,0.31750465674035594
80.90441305458609,10.806474976483495,0.0,0.3428153868943747,2.7065040494019463,0.7183223651126667
110.86206405152227,10.765497881821537,0.0,0.4542883615736662,2.1233893828571992,3.7756446004927224
1156.67801284168,10.84197506187957,0.5923845130294616,0.41310518289697956,1.2160084567844314,12.69671066562678
1716.1773213482866,17.247894639727804,3.044534545582549,0.8157503361151458,2.238439030150131,12.947604936413919
1912.7745420284039,20.971610174328642,140.46153786225423,1.3693335429352371,1.0987142456729815,12.39243491464503
2042.818965749156,23.95220653035036,176.68479605054335,1.480293323255515,1.1621910450666106,10.839499874533445
2170.9051740216723,28.253533291527837,190.19857856649327,1.5098676748940587,5.657423418866993,9.80174281359843
2288.601782521211,29.66766856423802,221.9393114185251,1.7821586907667093,10.16299791913653,7.890019340260733
2403.6813985488798,25.67470224646206,208.88924866379304,2.12529081850156,13.51091906493329,6.86167892264105
2521.1046066783465,29.50437533928269,310.5190852730522,2.0219556975121336,17.53082250840943,6.085243902230107
2660.6584567329064,28.11158090213067,408.84911179959744,1.3372161559252507,21.481776248192457,5.320738774792946
2806.1807002908363,26.648617246391044,513.7742086279206,1.2877230235949801,25.56364291502508,6.0514257130555205
2878.2936143948373,22.691660623760814,591.6907124599609,1.65082072351666,29.00801686826589,7.029545087363309
2841.7268352271262,14.79544632165871,554.104710033716,1.0529041401625576,29.71802431532333,9.24780342332409
278.7699158782313,12.159536562575754,332.3633637710291,0.8674618347962962,34.77543124729317,10.842870116110161
346.5409889692049,12.889050044207595,250.13467868873263,0.6778641017826322,33.152455427159985,10.506225257651373
207.33785008451952,12.8330299743357,48.21672622210914,0.7477843852049376,26.977132980841677,9.691301641961367
157.59546757162693,10.90833274012079,13.107529428034576,0.4520852303966515,20.896554030922402,8.060349607498432
129.3564984538223,10.661380199367667,0.0,0.342671606501168,14.852955142907815,7.075683800859857
110.3722140125199,10.689981775129649,0.0,0.3381521151200205,8.838279795386935,3.9799134239288447
81.45123691411804,10.697344664147597,0.0,0.34310428225259043,3.996245082746344,1.2344053206517378
87.82858593894471,10.725779728888764,0.0,0.3405142860016059,0.3780104316981609,0.7129040556798335
79.67036216423668,10.687834430170925,0.0,0.3442153570138842,7.6947160855749415,0.3166172686961644
72.06559761071364,10.7448238952836,0.0,0.3414505632541152,18.894957306548783,0.3184944982553374
82.7454318884111,10.812807070500217,0.0,0.346362943916688,26.298859996931764,0.7224647468660683
86.9026455577182,10.802852144294947,0.0,0.44771781650774267,26.658783479216186,3.804782755762764
1217.7538016741605,10.79467843883184,4.461333657827983,0.4194438888425663,20.63428328610166,12.75707392395142
1791.4258983017603,17.24815103122979,0.12481092696326733,0.8137352453906375,13.3731084879738,12.95932457072445
1993.5316855591539,20.92896392812469,161.22952705772244,1.3660264551379444,9.333762857939965,12.367861727011716
2150.188259743306,23.902836124765393,246.60044072472994,1.4725703662025387,1.8264041443292591,10.811049187026981
2306.3253834526886,28.20560009344259,311.2221192839717,1.503066886329785,13.468899161745712,9.75993679204094
2441.6124821913477,29.656343268264163,368.08296408882,1.7769564387448795,18.977950477860688,7.850117062205359
2559.2084334004535,25.65597127127508,333.2736958610242,2.1125954925119483,21.681082687998234,6.82329607507978
2673.3997453472366,29.45972363163694,441.57896041105977,2.0110946277673425,24.504414294979362,6.0520386256820995
2812.559978636507,28.060074583174835,504.04390805794094,1.3295763479251865,26.91826087962005,5.290154519146482
2962.7472302040273,26.565447038603324,598.4491173178371,1.2811715139192965,29.904295867180373,6.0178145016550815
3014.073337933788,22.60414775025178,652.5133914977341,1.6478984303266258,33.30180614039412,6.990659387371055
2966.4255976077684,14.741269663422074,611.6873353823479,1.041345185128592,36.91215994722697,9.199328398707394
238.65020189166745,12.109103286089278,275.87509992407075,0.8708452834340115,40.377453460534745,10.787784060663078
326.75723164264076,12.864553089166826,229.03475713074704,0.6780604594506379,38.39644440496067,10.48505104518236
207.6991742162216,12.816658965070049,103.94006063609513,0.7471587054904161,29.90632095816228,9.664217681559334
176.8779517060488,10.918462083616452,31.709388602458557,0.44140277511448406,21.20328040572545,7.983225937806431
129.52660157276225,10.615471588918677,0.0,0.3401897676029689,14.507401139131556,7.023768936818498
109.90358223645786,10.655494166963342,0.0,0.3365191167667153,8.184317790271235,3.9672232491230646
81.21976417340488,10.66495379649973,0.0,0.3436136126705569,3.6040446423395456,1.2312720512952513
87.43625727462496,10.694372691878073,0.0,0.3376729465104303,0.4645287689213574,0.7114041812453883
79.40974432146213,10.65854538793221,0.0,0.3464879362340421,9.169993261983798,0.3159912222064712
72.03799790448683,10.719341578488663,0.0,0.3367730208687986,22.88178965355961,0.3181819135194175
83.21555637356917,10.79151834216153,0.0,0.34909018150039967,30.32180842415529,0.7215144977444508
83.72701047111238,10.779989214059672,0.0,0.45139654354065895,27.852226286661246,3.7977280174090127
323.6469376559046,10.809234656689052,9.245055134434184,0.4130154118052304,15.84883383702262,12.743794326388782
4.285483418001959,10.49431966664596,11.962855731428643,0.552948721484487,4.4465318671344205,13.268431149293903
829.5848052137752,14.327662486447013,73.88945403898785,0.6962842582137221,0.7057631524136652,12.7553378185041
1049.8646416656845,17.780494623419326,115.59953734260215,0.8891898939843309,10.112067156047098,10.933885936407679
1283.7732656354353,21.18135904153512,117.60726382156761,0.8228350096474407,17.877930068679873,9.871755715340695
1358.3603636882522,21.10109067750021,121.17131312441488,0.9610046033509428,21.801708589448964,7.935683972036786
1426.1912093963729,20.87807734273098,126.59856506890357,0.852734478634546,24.72025390282843,6.90088391686674
1519.3435146444963,20.82983455283606,131.80056178855324,0.8150779400654419,27.207784907524143,6.126413290558014
1657.2475916555395,20.75389178636555,112.76875878515419,0.6778363524923204,31.002244753495493,5.355483217056243
484.5826373691523,20.67075539209477,138.14988352188212,0.6068799277612483,37.64157970751763,6.098395729677717
647.8475811886591,21.46821146910111,150.0941726322546,0.650742762678628,45.421375000551066,7.208274123460632
484.39939001757426,17.549909775788436,139.35532990148218,0.41022250237595925,55.706351163713364,9.492651738301776
405.0630014969838,10.53024751662868,11.560178591643245,0.4010551466247722,62.9631850127974,11.164386887620164
362.6831403701213,10.468290591209684,5.2653692809154045,0.40966171858682743,56.79968290842603,10.705359645855676
209.66664490409642,10.48952778151093,0.0,0.4112729831982867,41.86763210740897,9.829448111410395
195.57077406048273,10.623426153975867,0.0,0.4776355887443991,26.278794066009404,8.086233488038948
148.69115732801703,10.6058938034794,0.0,0.3467506211424063,17.76994376363313,7.07337688822145
129.3849276900059,10.662805476455942,0.0,0.3360875223656255,12.236810873426895,3.971013145850531
98.36903934853865,10.657848789725955,0.0,0.310320388762416,7.339975812718653,1.229910070312697
103.35070122738531,10.671688114780677,0.0,0.30215682350065304,4.67560640884821,0.7090262481231583
93.65041023295706,10.638948157896113,0.0,0.3082228927990034,3.1746123644076456,0.3149888784513692
85.22761573611768,10.660790877821396,0.0,0.3037015247703554,2.021572257807447,0.31594980329351763
96.47417934998546,10.688788337862816,0.0,0.3066554271824716,0.32781192389292335,0.7134297922604225
97.23778150748477,10.64933629418967,0.0,0.41179189249422404,0.04079340698311618,3.748415623820124
348.50436300245497,10.70046318385674,0.0,0.3100621242608554,6.759237062181509,12.601528660214342
437.33256086700675,10.43419296025027,0.3751623726605773,0.3001540143250965,12.612661381564278,13.161644150004165
475.02125627684376,13.778973726262278,10.065391341598739,0.2951252828137186,14.07807803792559,12.591690583868262
372.0638409925894,17.22319296535004,7.545292718590668,0.3065257493364973,17.987928594941167,11.038605740289164
538.7864100797615,20.841316081075124,9.455611967729025,0.29812331151491483,23.776739318117414,10.055503819178918
569.364318118646,20.676928357534873,7.455167741392109,0.3749790811061602,29.65526087596177,8.066529611731974
590.7810996129019,20.623429795895188,6.026541728095337,0.3667698587777749,38.17523232819225,7.015433585771542
612.6467630114197,20.60254140183908,11.953059160687493,0.479990149823662,48.32285078425674,6.230039881890961
637.2721090752711,20.60335671385868,17.95079421271467,0.3750931216196546,57.85805036849906,5.447310012465332
645.5569326866655,20.596914632777462,14.693148477557513,0.2990513778588062,64.84893702716792,6.205312907424554
666.7457772443265,20.60216415337897,6.8001647669463035,0.30047648300656254,78.31185757419739,7.228772500776089
499.82129235032806,17.203393852582693,10.496926932266067,0.30044819350278074,93.1034127472929,9.531354576739451
407.3964928714979,10.490594244067204,7.680091655280956,0.29694009027353774,103.35331325516943,11.211424151117921
363.8703037524236,10.523444077211105,0.0,0.30774850006396237,97.45902189457519,10.678198793210775
263.08165410580744,10.542736169545375,0.0,0.2992823514684865,88.17860267794939,9.79543391177096
236.07652721066918,10.62288388838753,0.0,0.41343215109103454,78.41457480071487,8.017398273991095
194.96144181315438,10.632150820538115,0.0,0.30195192035768526,62.68492104609063,6.9961774634449565
173.5590982990029,10.658045553164754,0.0,0.30894505946623285,44.80446315072315,3.91938091340838
128.08548222351925,10.635346319830132,0.0,0.33663945781224963,24.96415660747552,1.21410328281401
136.0706006674228,10.632533476059022,0.0,0.34351841021161555,17.631046712413987,0.7006937699797674
133.10434047658214,10.584802961475415,0.0,0.33702138179713903,17.128126794318906,0.311854310578941
126.40344771889805,10.58487451173726,0.0,0.34314748632787584,15.999280538342791,0.31193338314958435
119.51877690950991,10.597298146050512,0.0,0.33768215442641736,15.435603350963522,0.702473942453137
2132.4251033140463,10.619023389584942,0.0,0.4498100207009355,17.092701328733913,3.6993303675192033
158.7538486462251,11.695135976563616,21.296970618369272,0.4241255117876398,24.55120963654333,12.986491042781335
878.9075931294681,17.61083667460797,23.416479739434816,0.8319953647983469,32.00314521036347,13.073424042389039
1098.449377095199,21.207825280853918,272.06952906436754,1.379952829260525,39.945224487925046,12.43962906716366
1319.2007771527785,24.35331370012029,449.98517430516995,1.4849462903016388,51.25455743812216,10.833676120423023
1524.844327337238,28.765978725827974,520.4250629987741,1.5094330357841348,60.848481621383044,9.760557802528123
1747.0454012345847,30.144751969491146,629.3082900405026,1.7770392542395543,72.70718374643462,7.842388278244786
1953.5689246790675,26.04120234667697,623.951112324883,2.1149366427966982,81.57073841273632,6.805350649664002
2134.808273951084,29.865969105572876,705.2063938341411,2.0111101677588494,89.4871370872264,6.032327550640717
2352.917836249535,28.358382588899012,769.386698293144,1.3301167865367614,102.7094367847744,5.268150204344053
2581.7524351819893,26.79657103550538,853.8512307216187,1.2787260291210092,117.42691585578491,5.987656081967445
2698.4208649179304,22.750814388732554,897.6415495230543,1.6387093342721717,127.64259819233709,6.9490124217941585
2685.0073394389838,14.81722979588827,856.0553508874765,1.044231707034464,133.98940490784884,9.137006179435646
427.3756590924802,12.155882690481194,650.8322492852583,0.8616974541534939,147.0047681171675,10.711142713960072
527.9261105889502,12.770849202786476,582.6482739247878,0.668490886114185,143.62187384445798,10.268624275520173
367.61563263846466,12.725250278890599,358.5334269581905,0.7343921403444525,124.04089375322133,9.446276825521968
264.58035748686297,10.828693277004175,176.07638977417398,0.4393633274186723,92.86346016863556,7.764482851848998
218.00089860720377,10.588594214934403,0.0,0.3267226926674445,69.4210436715075,6.819748395682781
194.15518595031222,10.524341808796835,0.0,0.34199857094623465,51.39354001975125,3.870296722089117
157.91160728794338,10.518015616910038,0.0,0.33201697958083076,35.366743952047806,1.200430470922386
160.07724859488752,10.507935820968719,0.0,0.34278885581287444,22.250727453343202,0.6914775926843321
143.180533763283,10.464852848687762,0.0,0.33205999015178983,14.537716381998823,0.3086334025504291
126.65392452125012,10.476281317551047,0.0,0.34202495825729556,10.829857618788786,0.3099814835834725
138.93940719131064,10.510258026898509,0.0,0.33372309203439254,9.735700399004532,0.6996054761759651
465.6044690977047,10.48984836714134,0.0,0.4466898015443496,13.037630484192821,3.676033736232048
1016.892905313515,11.263903569456662,77.80912758129449,0.422759406503712,21.37433776255837,12.701547723094494
1676.4517500682962,17.202330466932285,127.0227593920833,0.8077562994396825,26.888078206581564,12.792096739039946
2049.34323658788,20.907559676834904,496.12102124755586,1.3549770880643819,33.568933377907875,12.230661816717623
2232.25593516446,23.927652240635364,606.0990350511687,1.4561448062262445,41.3766427761988,10.65610963830418
2397.717616678812,28.202570735163494,668.1444222988836,1.4846789325655267,55.14826416514613,9.617327624468732
2558.9832785345775,29.581195142739798,736.1127278688404,1.7524656678181907,68.67481582391856,7.729180879048347
2706.803654599785,25.566342059011077,718.4558459383519,2.0843205737679655,81.71011969353867,6.713818140512003
2858.4680409972534,29.364141758781084,828.0912992978178,1.9835624257897622,95.93497297182331,5.953792729085584
3018.2440042694725,27.91523524166034,881.8276053343959,1.3106969457093138,107.97011670280544,5.198977878151068
3129.3940290144405,26.398865013647963,899.0629729422512,1.2625651852154045,115.52159352045621,5.91210840786201
3200.428752680126,22.431604828256397,937.4130398986057,1.6190248836202714,128.42480356012751,6.871160665004948
3178.069221695798,14.621396236756349,932.7867983958265,1.0336134585544698,139.8621043828242,9.04043988130982
435.1416796940656,12.019515589857505,721.8529147911389,0.8519781447278626,152.90855628903722,10.597161099551695
535.0266444747458,12.663935033973358,624.3520581087079,0.6622388962615079,148.14892034081174,10.174793907202947
350.37641654925244,12.648552522454928,378.56028708837016,0.729123017749009,128.50605786363397,9.371405835222285
265.95760833802245,10.780104438276972,237.6657047061966,0.4367138946769181,101.50093921692299,7.706984751545208
222.582382882108,10.546858848925,0.0,0.3309254721723062,76.5655988821104,6.756048173480361
198.89222376140316,10.466599922127934,0.0,0.33369276087092975,55.884489897079575,3.843395872534523
161.5773127765978,10.461276309591794,0.0,0.33424841436551556,37.346022676002654,1.192951062731999
165.0130273819284,10.451442212404613,0.0,0.33691821551237716,24.59390451353227,0.6877873047987011
151.68145737123118,10.41462416306691,0.0,0.3317857590359957,16.80518429007946,0.3071645700886637
139.09369477425037,10.42029557005519,0.0,0.3394564367338517,13.75717014574691,0.30838327716346714
154.24186399876376,10.446702516208846,0.0,0.33164971994808157,13.307281155927292,0.6948912422504784
207.80755225500403,10.428262225688826,0.0,0.4450219986434674,16.165464872700007,3.6488292387731303
1449.2021881661835,10.05920962196587,139.5746176276111,0.4035436827909454,22.26669909684244,12.062458407129629
2126.5281451779106,17.08373219351676,85.01727250827382,0.8001341626273859,27.824635531391973,12.674338608406527
2393.0131661409173,20.664436950924085,415.4729442002754,1.3433944421581616,32.42387792358928,12.122255700104878
2549.0228834583854,23.65341347019002,578.105974741737,1.4458544419086046,39.50493942011447,10.583900534862833
2696.3923631164475,27.928787839430477,663.3525275478752,1.4746265150723692,51.84080326603899,9.553497002821906
2846.0765432155995,29.32482053868215,759.1865818667773,1.7418657363900127,67.85961077515432,7.6780580274835835
2974.5407381683744,25.358267277356312,753.3586570941552,2.0692944228365473,83.10993770461728,6.66849288871566
3062.9315752290777,29.149288693861298,810.6290777703767,1.97001687264384,87.94420351417645,5.913425657656115
3176.2995248047696,27.699592947644014,846.6592538474313,1.3029651747537048,95.0157125416675,5.168766479918574
3184.9764194122245,26.216191267692412,796.2680968490531,1.255871627584291,90.92509844247883,5.881770021858582
3210.474307095673,22.29235140522998,781.3026426173619,1.6125349486840448,93.75898344586396,6.845958032961443
3024.4449693270467,14.52604991729154,688.2388021638754,1.0302594228542155,92.04907559024328,9.01839099020586
248.7626663312758,11.959066670544477,360.7039394259934,0.8510682843474506,83.14020533309727,10.593785150189476
314.2527735316912,12.715837399712267,257.9407933279712,0.6671518140518158,73.78795919938591,10.251045676829602
221.99836006147441,12.659630870896827,171.95923869793256,0.73745164124238,68.90989426146696,9.473549623444383
216.75487866234542,10.802314619850186,121.38907953562999,0.44040495585584555,57.14928976275752,7.785933004124321
177.04285151172803,10.521632047971773,0.0,0.3338249248014456,43.23177976396613,6.813420689402152
158.24056977207164,10.475316071669182,0.0,0.3330839406930051,30.19679786108749,3.8659427386436076
123.25889181273088,10.468080798491847,0.0,0.33772899121417926,19.408418297406293,1.2000145399095612
128.90480814703804,10.475349339753434,0.0,0.33443177344069486,14.49150159846083,0.6926109134068028
115.10759225138656,10.44775218110579,0.0,0.3382663738624265,11.599057570624169,0.3089944278889979
102.05892955298071,10.47629893922369,0.0,0.3354474067849152,9.074024012734968,0.3101099523283075
115.30480080944268,10.514440338702405,0.0,0.3389335757222512,8.229842608539926,0.6988665580873573
173.16375665185575,10.487227599979615,0.0,0.440276497960759,10.537642499396865,3.666875498694671
1425.614607564827,10.039807173378147,79.48883757469868,0.4043832575327834,16.571936197602835,12.064582169248903
2047.490682361419,16.99463713614448,54.62082500462893,0.7985272306034655,21.82170486127238,12.655442444087429
2331.4955374507063,20.606096366406916,446.5510625260346,1.3417951582534438,28.155160390184125,12.105473165205618
2494.9263892264134,23.643467995576895,576.0205721253338,1.4431720042664549,37.138167378463244,10.564168743595479
2645.812609774407,27.89575175162801,649.5592218559342,1.4720843264385637,51.376495246485305,9.535913542902819
2790.6261973544074,29.27352583256985,723.4390930477332,1.7391201242775614,65.41778998441337,7.664038019602759
2921.9001593121156,25.315507096909187,707.8157164200568,2.066116406275611,78.67001729462591,6.657703741312025
3062.6808921200322,29.089274246054934,821.7097751945705,1.9671056120686452,93.76711124194159,5.904404055558642
3202.671036921232,27.65867493849288,867.2020999188061,1.3003264832263723,104.18975819271611,5.156423896040172
3301.674901254254,26.16199366583757,891.820576523621,1.252910899752752,112.37641510633989,5.865091296183916
3320.157264630709,22.239577446380405,888.7115145105828,1.6069957116520468,116.67937332496408,6.8168197561742145
3162.4597333248253,14.49953952571991,771.5743881610399,1.0257884464666698,111.1576998854179,8.975757103908656
260.6953566472159,11.9170087553022,417.8872350358758,0.8475115848988859,100.16011367642494,10.542031584496847
330.52766079019494,12.671036165141164,303.84108702702787,0.6639494566633625,88.56423196079564,10.187795930307951
219.034117311653,12.64405131245239,193.74914631853719,0.7343678044595736,79.32885038218666,9.415643591226475
213.05235791868733,10.785590184082105,134.2728528740629,0.4382013458917031,65.17589908610431,7.742428824239302
172.79851562430267,10.502696222677704,0.0,0.33362523001020117,48.587730676003105,6.779043338528277
152.68027107214562,10.455996238005346,0.0,0.3323572377228927,32.23327080960257,3.8497713514370995
116.00436828164821,10.44888041761653,0.0,0.33746055737920094,18.599068798059882,1.1963256351205507
122.92298134182525,10.458455957309136,0.0,0.33388546847089046,13.680899501338635,0.6915459877331126
112.08944506883398,10.427698169316868,0.0,0.3376147163741343,11.618915074489218,0.3088234772127163
102.05970293594122,10.452788245836029,0.0,0.334872058034132,9.968190007508664,0.3097569806919848
116.85275474790076,10.485574277772669,0.0,0.3393317530184692,9.503629581619037,0.6968684696150221
258.8525162805487,10.458827034064125,0.0,0.438441686572736,12.178467833069108,3.653156339503185
1522.4086014922605,10.005460506456451,109.9773219603546,0.4021888300799937,19.493694546874682,11.993164105017142
2128.3029303830353,16.96525811325777,103.56573340337195,0.796033656022156,24.586679067414998,12.60432388032006
2395.7073223716293,20.579588717400192,486.19418418172023,1.336612150678409,32.12687933926491,12.057586990093041
2556.6402864145084,23.58008731055118,600.8521335029268,1.4378736779131978,41.937988119512774,10.521677424498415
2706.151580023943,27.80572803005781,665.1425928305167,1.466873079975633,57.19671446066237,9.498768332980108
2847.2734637078543,29.181105331145478,727.1955421630645,1.7330849867833493,71.29156732737538,7.634921538863632
2984.3091262721878,25.22449296594348,714.947960515902,2.059187988476617,86.60110082293771,6.633495500791495
3115.2780212700736,28.996850556726923,817.552246068749,1.9605588493410753,99.75815015932021,5.882743888262946
3254.8265760060635,27.558771350607547,868.8407051180508,1.2962887034427564,109.3341342540705,5.138484073081774
3355.8783220887576,26.075458591633804,904.0149471764912,1.2489063782936043,115.75314749032688,5.844726693760021
3366.367175652689,22.168101457169673,897.4419481466759,1.6010423149060307,119.86785454887206,6.79271420549048
3304.7230273299547,14.455222262410633,873.1548382731138,1.0233479323330923,125.24697786259597,8.944421138549254
367.73388547264585,11.877438060016656,635.5272705880883,0.8440678800413671,130.1038200674622,10.491422354198505
436.39317797593185,12.59406574366037,510.045021180784,0.6577910417181689,117.75686184589333,10.094606786153685
272.03185489490943,12.564430019892653,310.2711332290835,0.7250567530849461,98.4349361982665,9.313120936195592
238.64004528904636,10.726308586307493,178.15480076028,0.43511337262757616,74.4599525863426,7.662300116275751
189.38096411563671,10.461403127166493,0.0,0.32979570029685257,53.22788631238394,6.727784939072575
166.29054501834207,10.402743953188386,0.0,0.33176226985956997,34.22610320851695,3.82863660941035
129.14610858871228,10.395962973102101,0.0,0.3364026510283572,18.771603971655125,1.1905577037704844
133.2877312279002,10.396195064296583,0.0,0.3330549795891462,13.153758653974347,0.6883844822832454
119.5773862690999,10.367663459157862,0.0,0.3332209453698788,10.146520094882389,0.3077808781488492
106.64869982847253,10.394231206344664,0.0,0.33655931544215384,7.594157392398098,0.30893985714856786
116.59050505742272,10.43114671399635,0.0,0.33252177972041785,5.666873932353972,0.6952610988287944
117.25020536464854,10.41137803059288,0.0,0.44256082705095245,6.369689042520431,3.648334555853348
393.9976115506653,10.468822382937063,55.609650867442625,0.4106616677453271,13.16603391739582,12.279708686990151
360.9972602921242,10.290143956362853,81.50724733433415,0.5332584778178989,18.11963294809833,12.821657382144963
1022.5100141961028,14.03714128585185,192.25838416857366,0.6727933387440378,18.12109219731899,12.23769440397839
1290.896074723831,17.531575103137694,225.7347393279141,0.8772027524554966,20.898602926638183,10.662436026539574
1565.3052559387472,20.821264025320303,237.81687251430913,0.8047264894139561,26.126851036533196,9.631744306807356
1675.8951364988618,20.722791905169952,291.5515029608671,0.9336524636997657,32.875864118594635,7.742183605799962
1780.613810898484,20.531409024100572,309.96373253118276,0.8397942878425411,41.928118146933606,6.7286972934017
1885.479616382203,20.487720040131123,303.03999712166086,0.7992359496699412,51.0625640707777,5.971616119687626
2027.560134074519,20.40632358918404,218.7392195848793,0.6635998485687109,63.978106055943904,5.220823080926977
564.2550811648215,20.297946022212667,259.3923471108853,0.5944058035488031,78.04072834612245,5.948289414560679
718.1240532068132,21.13453676199648,271.5451989683644,0.6357158930063633,89.88120149442331,7.001719589392695
551.9962159918033,17.304606445186064,229.10176948176016,0.3952945952275059,101.91509685405248,9.235674391713822
477.59875562333076,10.37299755335866,55.35580181684159,0.4001950390756884,111.71358621881689,10.86197111129578
447.4510433517794,10.311234533945818,35.08459523601814,0.39522786463453313,108.95505024970362,10.414518409137562
287.4496677699635,10.32073513734073,3.6285374056554702,0.4068334169086449,92.99507632253801,9.558967470755562
228.28669606587513,10.41125372729542,0.0,0.47671663982896473,68.30253913359078,7.848981953206675
190.83861902714796,10.43808826114787,0.0,0.33434939493395605,42.884172455808105,6.871838555658113
164.6700233138339,10.446395286962748,0.0,0.33909277619591227,23.09363694266387,3.860876978317647
128.25174278295574,10.423485811812498,0.0,0.2984593415690214,14.744602276410474,1.2004110811355067
129.64998507207113,10.428268922979784,0.0,0.3029354542049985,10.407111627527845,0.6926348295999943
113.8106856111773,10.40530836468838,0.0,0.29964109476081296,6.8506796266863175,0.30960451404895506
102.66163504446428,10.431239149259865,0.0,0.29602898007845674,4.984859003918814,0.31086892226063545
113.86654940547133,10.461860276823069,0.0,0.30768904381270434,3.9518917181268676,0.6986254557662402
114.28898059613776,10.436070980276343,0.0,0.40030690785352113,4.854624175162961,3.6594617670649288
380.7313527098365,10.492020344708376,0.0,0.3098229126791382,11.639208984977582,12.308204030633231
472.3275440564275,10.250025345743804,3.7945954829663298,0.29366497610559955,17.57359416596819,12.890991053293403
513.8104617518251,13.535323754636499,14.270784921029843,0.3016642970217963,19.156572010853086,12.335446640090145
548.1889298328451,16.927145638864193,19.57416586495954,0.29400814718683593,22.605093181934286,10.814694898228378
575.3449379617936,20.29789083229961,21.03872255239778,0.30002600134467594,27.85790411527858,9.798557085112952
598.0829784223052,20.324318967931497,7.322041908484455,0.36315854242623213,37.47882028271798,7.901920736024023
618.5636267620307,20.27745596262001,18.697666969753353,0.3698383379998017,53.14249522840141,6.878126869285779
637.6137398564729,20.297623014014274,10.955307871952135,0.46468040060356636,66.59460249242625,6.104175041191842
666.9792968245777,20.288497839638893,14.8465341044237,0.37323818936577324,77.83083101735126,5.340833315904285
695.479983336493,20.275893897124735,13.32586471547656,0.29359081081006055,89.67506951840286,6.08433732938958
692.9032197893628,20.276298079002945,15.849084846574218,0.30193615667108065,100.55366698708532,7.083079466990331
527.8613568723889,16.959039164716057,29.12575498728736,0.29393527518233925,114.16629328499299,9.340437982684115
424.44496570114694,10.343140911156548,14.28574510581422,0.3016482583953407,122.56797319841968,10.97730079119675
384.84947361517106,10.369259348041322,5.088313985618156,0.297176476946706,113.45374821376161,10.463264033992857
271.0916068630847,10.37794847495091,0.0,0.29694642233167046,93.72141316071699,9.599031645216169
235.1722770396024,10.447520996202055,0.0,0.40682232371762483,75.4401527457729,7.866522595894805
191.90140795832613,10.456490848762488,0.0,0.30208232371943394,54.17953381925992,6.873568117632565
170.96929961583513,10.477185131943775,0.0,0.3026982649315809,35.01742010197497,3.8567776457410385
136.7330236544171,10.448486683427465,0.0,0.330497404177092,21.679550726770998,1.197615258649409
143.67189858249006,10.433629348096542,0.0,0.34205846982172317,16.013171636403197,0.6911646316495785
130.7353496493473,10.39356622096579,0.0,0.33082686180690535,13.172051420974084,0.3090171627392286
120.14058893200307,10.412921055839552,0.0,0.34204441881999237,11.346586867239216,0.30972493757389563
114.14436292906574,10.436095083533926,0.0,0.3320677359503374,10.78419688558025,0.6946727165419133
1960.8926975725315,10.45911355150132,0.0,0.4464294539432408,11.95119420062881,3.6462055621480887
232.66449810375266,11.516778737145058,12.709241443578838,0.4258327444261859,15.990972344519268,12.761733476688415
1042.4549743068565,17.195230137211087,0.0,0.8140658688219891,19.280632266123188,12.834264720900386
1265.0324558604923,20.735421871579817,173.80701816562586,1.352859030638704,22.057828906381992,12.193467373655192
1467.3235546153735,23.756933870499196,249.72526503318358,1.4569639268113983,23.84922295131409,10.646957071070501
1673.4077355010686,28.021168701366257,320.465845500284,1.4856075274609233,27.592983818029428,9.613967408223047
1881.7629635770493,29.41866536211787,428.3924411999386,1.7513673911180339,36.69305366022406,7.727846482810154
2075.887487637457,25.462269402879908,440.4697005460174,2.0825693089263826,45.89505046442245,6.708247708260024
2250.685602569463,29.23117782422372,569.279773731686,1.9802206132548146,57.29073497133174,5.944618817241718
2357.159966508246,27.81904256568345,537.8514913686508,1.3108335480628293,58.51515950031492,5.190193612058232
2459.780043300712,26.285753254946467,522.7750238046422,1.2606470427886511,57.994319717394774,5.908484239699364
2575.3298295797554,22.33053333497585,577.7047175404902,1.621154603272985,66.89526970538871,6.8715579980150014
2448.014777168511,14.557084639144918,501.7584981183593,1.0333729020963571,69.72834436211966,9.038854750632343
277.7487433191887,11.967327811226022,269.1017502106165,0.8547400555783148,78.03669348407875,10.607588073882352
390.90707602959355,12.625903592639899,290.7997804052969,0.6695463226014451,90.90054847514993,10.25590235242898
261.12073775401353,12.595760039289901,191.04764512332423,0.733660492652139,90.55246263638539,9.408443623626548
230.5261779774068,10.726415438150864,59.750676499781086,0.4385558622176012,67.1032424874146,7.719227903335269
179.90374854183634,10.419389503470514,0.0,0.32943355381494305,48.992402636394324,6.791270788509989
157.00243961219581,10.416110808309737,0.0,0.33926008867568036,31.933779452392102,3.834532785047807
119.53174459947031,10.40479301629149,0.0,0.297639513949602,19.532498162358827,1.1922050104386166
126.49521247663937,10.415424231520769,0.0,0.3024184065688299,15.070917951433144,0.6891212311802343
114.22448508939408,10.38337681996747,0.0,0.29884724072081265,12.41024511062224,0.30837388547775063
101.50138963647538,10.405934303191906,0.0,0.2952045552603168,10.026213008410911,0.30928888689440864
111.40683469436965,10.440829095662917,0.0,0.30757729736903755,8.279574301462176,0.6941709045631753
117.41266581228403,10.417601144765015,0.0,0.39934061415761013,10.61139679421626,3.636610951282815
426.82731860534574,10.459497496730199,2.626788322036228,0.3097622270617062,19.80989624210623,12.215756911917154
523.5610362444138,10.19543279728333,12.86776563840688,0.2924729014114812,27.243747388349018,12.797763287401766
563.5023416974427,13.479099838163723,55.4761979737666,0.3009612995259483,30.499203943549762,12.248569278978266
597.552979015312,16.903861918454336,93.49129160341629,0.2925312081082865,40.20382521829242,10.72552969264606
625.8013269790886,20.320641645836773,60.973140474775406,0.29853290337088645,59.244250222263524,9.703186614882512
648.7931679863927,20.317601573484037,18.856775295475778,0.3616295842369308,76.67754583076679,7.829404572445294
663.8605474730545,20.255522353805596,13.822711955754677,0.36925851893105327,92.0590161892092,6.821513724327009
677.6351391158034,20.252920224269715,12.668051755544607,0.46392411906776576,105.50802825300019,6.060611221126922
709.3237109486406,20.256470640971333,20.658331659036914,0.3728705757385545,121.6892549302756,5.302996237937812
746.8708427002557,20.250702560091288,20.020179346110133,0.29319690043991126,138.2479146735834,6.040337153810125
750.3942124478348,20.248721891929574,68.8794861607788,0.3016354095998407,151.16771918569242,7.0300307802961965
592.0746470950414,16.96082010805862,83.37144117756199,0.2928013835933554,169.0137627664481,9.255503315539965
506.17258411550756,10.333744325722595,116.6476198895504,0.300082168117519,180.8771044805512,10.863686468680257
487.8670004792611,10.362284610278758,64.88969721484209,0.2943956866482315,179.87722770289056,10.330799699240567
331.4418526004714,10.354765880311106,17.169934241197883,0.29900526955696183,161.85498999939784,9.47835675109188
276.47655605525836,10.411871104612564,2.8564957367927915,0.4009126995395954,127.81043311722536,7.76571390162016
221.7057902028762,10.425214356038001,0.0372619198060942,0.3015931969590689,95.10711265874967,6.792743890719179
196.376774547299,10.445805592298056,0.0,0.30153663902968225,67.47627442413089,3.811686982073007
160.32459660453875,10.425107238414766,0.0,0.3295774504794362,45.8544806128671,1.1839014264650627
165.02810820263167,10.405663578746282,0.0,0.3409177678889717,32.6684958010078,0.6830450971608298
150.97631176394526,10.360578965036208,0.0,0.3297038746819475,21.02983512833852,0.30631697970347105
137.936038127753,10.351098098471585,0.0,0.34058106398126414,14.594638338994699,0.307536975388779
128.82132951543673,10.361146396320226,0.0,0.33045519863310924,12.723884868565639,0.6897831383266174
1864.2091008953846,10.385531921266233,0.0,0.4439079475663231,14.71072982737745,3.6197989766970786
348.86152679776285,11.455134541332908,73.38859018958519,0.4244509709258901,26.43237209387682,12.689740721012393
1221.5885484281291,17.170416988609997,176.44563399564205,0.8052604940875752,44.900917621279795,12.675708920191077
1475.7890523225144,20.818403658100966,536.7757090783257,1.3420290678733662,62.0161892962349,12.073487422268197
1707.039136059207,23.850344875003675,666.7487611812135,1.4412967119060323,76.20955407511447,10.506863425689682
1847.2325933524446,28.082920620904243,747.3336710190424,1.467844268004891,94.37713797986031,9.474971259890358
2146.581394297676,29.45292467796883,802.2157796669001,1.729295073963504,108.73597851775952,7.611933285213855
2346.835349134919,25.387158130675775,782.6064513919506,2.057124353507123,122.26319345253569,6.609319903399105
2554.3347294090395,29.12972741866436,884.6689955970203,1.956930719096096,136.1683763107817,5.8601733085842795
2791.529141813118,27.648652593589045,943.5767115138368,1.2945748238614552,150.31876725345106,5.115618265646697
3023.5974094420376,26.12032266699984,1015.703099502085,1.2434286227469196,165.66658183551428,5.813768507932384
3151.334764750935,22.174741101221137,1065.0662755629685,1.5978465837919458,179.89174582371803,6.747233079436648
3140.430015010704,14.433595723017257,1028.793131546171,1.0141603936795578,187.05903277188318,8.869113490220576
537.7137447043397,11.859704228701343,836.0401526071311,0.843029261410449,201.12452982705207,10.395719955862718
680.4464381640648,12.441422724345678,766.3869385955321,0.6520595147343219,200.1087125472737,9.96472909426046
423.0349289691788,12.384041958377964,527.0924170266098,0.7162696368922823,180.50635377338796,9.16653793208924
351.3868244819351,10.592658295818444,325.32513907646927,0.42758300140668465,147.86487498381462,7.522315875143695
272.92618618616905,10.34941171303661,0.7753817786198538,0.3220748363994147,117.86055018316968,6.597447542453209
236.1318189964968,10.287628020633619,9.015995827972063,0.33314060062189016,91.74781576548916,3.7504769671623044
200.75991439415236,10.30539973261098,9.65828738609957,0.329350531798968,71.74841451670922,1.1652758830702232
204.78986331453532,10.299787121948395,7.033252696417163,0.3334686783760606,57.97297562855489,0.6718666236451083
192.2643997725281,10.266970429143495,2.54394608342919,0.3298558006434608,47.43418380790432,0.30157992748766566
181.23047754135095,10.263174725914345,0.0,0.33139604522630683,40.21328835555764,0.30255346086648593
194.0197522686953,10.268930499800893,0.0,0.33303738418712897,34.836694684698045,0.6777506658434743
8.74673859927134,10.247317593435245,0.0,0.4365694276126703,35.4203553306343,3.5523352915428172
1473.9907180211396,9.971606434400778,335.0618175885802,0.3987827767012625,55.602110337362845,11.833973781644366
2316.611738719279,16.938919494377917,384.83172620890036,0.7862188962301484,73.00533819716716,12.39977506283353
2575.551455751197,20.494046139290422,775.0371026226261,1.3180893951591304,86.3751296481244,11.84901705472327
2752.6531424220957,23.371974537958316,862.2436475346279,1.4160407718354617,96.37155287105273,10.322754931244878
2911.4745633277576,27.505375307922293,927.1725026851221,1.4464566534447967,112.73921368056912,9.316337535067303
3060.712383999902,28.83610587213138,983.6916972286414,1.698678172073272,130.90801636943232,7.4857780546222825
3190.105037139665,24.911482761653442,951.2304674088327,2.0226546196193564,145.7533404679913,6.502875542608473
3318.546654640505,28.629589700241706,1042.312281738365,1.9264524618361996,159.1184547170392,5.768706026707882
3472.0327588984887,27.19231361697619,1089.3972219623024,1.274127779901812,171.48463569903285,5.038861925958525
3623.7995775436593,25.718740602039322,1143.7643025320326,1.2278798510826832,183.9610274350631,5.730872188818266
3708.5793724375435,21.852554964671892,1180.4674975957205,1.575277072185301,196.71994625914408,6.656293339374866
3636.766693509501,14.239951724765504,1132.2557328724995,1.001500826748127,203.16600023785952,8.755167349053222
608.9689362655573,11.707699859973161,925.3634766901835,0.8299725307578472,215.20596181870587,10.268671487286467
756.0932128524635,12.29224148554338,833.1897416370279,0.6454885761388998,210.54232383784523,9.863409195542056
455.0367022937463,12.287660380844416,584.5955294933841,0.715196005365571,188.51070545768758,9.08217967454714
394.05028433063677,10.494580762149264,404.6626590650816,0.41929628018128884,161.2837585222201,7.455746604052639
303.8413195819497,10.264076898086346,7.967808082591362,0.32477927400219586,135.34718363338777,6.534776837153784
265.50720748768896,10.206765611156143,6.283643155679989,0.32540265696541715,111.03974972203135,3.716341963526922
226.39616450328086,10.22569475558366,13.557952940054014,0.3323290557926641,90.75958115483533,1.1556249760938784
230.71165320237313,10.23706387423927,20.5933727973042,0.3266128803281947,78.28581245588471,0.6660734168276795
218.16086653131515,10.23203918631869,22.258457921568702,0.332468393358183,68.03015983567158,0.29892339541571644
206.8314916015153,10.242851824356977,23.166059532681754,0.32693537895842933,60.050674986571515,0.29956935208628793
218.9848633948624,10.256630660775068,23.194006894857864,0.3315766212060942,53.307340618352775,0.6699347073555141
724.6836084731298,10.241328295946262,36.048096356787056,0.42773673375056237,54.918970838005855,3.5113668684781074
2133.443497717501,9.843801822758445,472.6869497437723,0.3941565512119006,71.21777819991114,11.643464485088687
2733.915861211836,16.768868331936247,490.2401682786684,0.7784545646415911,82.34007064401519,12.269511760190268
2945.542440858768,20.31731883311337,864.1705845454363,1.3050822514470408,92.73979404948524,11.732574652444418
3084.073346423328,23.147844145149065,934.4335440896677,1.4020024478490312,102.97099138547374,10.227463187157754
3216.8866573195774,27.256698987613593,991.5922624340496,1.4303066605629955,119.63978431394426,9.234711681413806
3331.1615577201187,28.584003244604904,1031.1352362413313,1.6886025669502387,132.5595214408704,7.422619313037876
3420.050836743734,24.702353396386243,977.203320406224,2.0067724232422233,141.27030366164706,6.451551530375226
3522.016256389873,28.397794965026215,1070.917237748377,1.9116994615411032,151.95754810343524,5.726923431798534
3638.657198724594,26.988334826019813,1108.6359904756805,1.265672766820223,162.21602610879052,5.004344032027857
3756.5659361389867,25.54214778294842,1149.6236009027375,1.2192229208095713,172.30384456595993,5.694401058738436
3843.7442064735924,21.71209348322493,1169.6446308142467,1.563588296549497,181.68455223448026,6.617326827533898
3688.0951751939833,14.151661872855206,1097.2007687432604,0.9985643362607095,185.15610807808065,8.707293350771561
555.5739728707449,11.635075026149227,901.7977376151977,0.8259369721895499,197.85126576770966,10.220861801783657
690.2886917284525,12.272940211478952,807.595401128033,0.6428732720068634,190.3719774932821,9.822223107946787
413.1958942346462,12.241348580607749,565.3924295708505,0.7070536683891915,171.7594334213753,9.04889199338542
361.7105043493204,10.479825571817898,395.685799161402,0.42317130905742967,149.65283827191752,7.42957893595829
292.9766538982909,10.245652002858696,4.413175197830093,0.31695643726948886,127.45643270528231,6.511524503562379
262.2256988850065,10.1749486880066,25.35637479535641,0.3322013996192248,106.73086569190897,3.7055971969691117
226.81832280379032,10.201535783379677,18.792966949464038,0.3245095218972037,87.88983595855953,1.1506103458094141
229.0463400280511,10.19772541297515,15.638915901312044,0.331009611347189,74.00500457065824,0.6638572485024442
214.88923926886702,10.182042536508394,13.166926534757955,0.3255082017471723,62.98756996117724,0.29846607404670233
203.22023198232068,10.188637801070458,10.323177191049615,0.3322118225722867,55.686238473807904,0.29930608429406236
217.0717351795973,10.199521480651455,7.35841867688273,0.3269362855732157,51.832834707837584,0.6692281564170801
220.50240288936237,10.188167133362057,6.233104472113283,0.4334228684332709,55.628666309764014,3.5055570985084303
579.8252001231632,10.22861834195474,447.1092107974305,0.3956121689727524,72.90759558452876,11.8014517750611
980.1258132037004,10.249722234477945,420.81169979006125,0.5233451048343692,84.31229541955076,12.325186955480804
1548.04326113205,13.836312219219819,500.9262450325872,0.654072975234927,84.41689025430333,11.813231679848359
1911.6049270830447,17.237379219347094,625.7118938059535,0.8486556955872705,96.73268127261424,10.337167721419648
2195.570529183372,20.461806353778258,684.3414463152432,0.7861869807599976,111.84576533261473,9.328034699365727
2306.399487436681,20.380570188834078,735.0804922614238,0.9133290021951325,127.71983356735988,7.494880103702047
2380.559295603625,20.16924639165092,726.9201391563897,0.8115631810241115,136.38731364498628,6.513196657390747
2460.032297935811,20.116015912034374,727.8787831395704,0.7760238279303603,145.48271475658845,5.782971198168859
2494.6845170887404,20.042075171499633,557.8275092133874,0.64642264997193,140.52776125262545,5.056888262117909
732.1595712194232,19.952961268197924,571.0739125657135,0.5805200820552567,147.81695857211537,5.7725921554979625
840.2394884050287,20.71977470589163,551.1620857151289,0.6177482693268912,160.33006019502153,6.76421132113368
550.2177091271219,17.009082328520464,318.6914127400078,0.3920713216195369,150.38508891856722,8.939078818249028
425.62091236010997,10.203393621876451,0.46563042944116495,0.3846109912459862,140.53678231911587,10.561971061813157
430.2581093014002,10.139392570265265,6.9262698281822415,0.40058769053109927,131.13631401725115,10.196681839100094
299.3152526157826,10.141779923531962,3.0879940674125343,0.39559230874810325,117.97774756414317,9.359189414233187
272.57880893531797,10.235307280477308,0.0,0.467176841233025,96.59800229340257,7.669414187319169
224.25750617862562,10.236759161525706,0.0,0.33576755845060785,73.3842179516701,6.70564412203608
201.7157545430431,10.262734553817511,0.0,0.3286680522463412,52.37256491993383,3.76325811706853
166.13638364884173,10.242535853737566,0.0,0.2990184538538352,36.128777757754484,1.1698281037161176
170.28742106567861,10.23203134011847,0.0,0.2955543176036975,25.32486605631543,0.6754927929608832
155.52525733738898,10.19442533291045,0.0,0.2909612653906357,18.077854849717976,0.30376966490901985
143.33246607245954,10.20004023831239,0.0,0.30216437564557663,15.44353498120183,0.30472039345380914
154.55609633367303,10.223011096374558,0.0,0.2931483713633992,13.916578399259665,0.6809815232073732
156.36700868130916,10.206495088447769,0.0,0.4029439828122698,15.338588467251537,3.559749811296538
458.8033213104501,10.253962404809045,6.0031143625284376,0.2951956779901533,23.959286496538777,11.979759174830363
548.7080962135836,10.057639452746702,31.957023725565683,0.29862329118505265,34.55945358913647,12.60191053951718
583.5314189222904,13.346439231633246,109.85470231468537,0.29054095214661424,37.63066427773574,12.059063653415656
613.608784937824,16.75380775966743,155.49104761982383,0.29530240885120307,49.81814842231252,10.54740403998907
642.2002309560487,20.140157912030336,124.18082331250585,0.2905654789216171,69.02354928022199,9.540067807440806
659.2071048726194,20.134897126832744,59.84657982559455,0.36183193572761047,85.65552403732143,7.6967193849921545
666.5881659009787,20.060922604876204,19.262595837009933,0.3600156386817783,99.28881160109701,6.713039567161468
678.3308904826295,20.02274262947851,41.159789647372286,0.4663333689273619,111.16687419284109,5.973983547216617
708.1841409430622,20.047076529097716,27.72628682410222,0.36004187065530824,123.90463168751008,5.22481755912056
744.1753248417544,20.01814083828325,44.04768391654697,0.2996482987856887,135.47737040773782,5.956898692204103
777.130633760989,20.028787252406772,86.70650081841963,0.29107491159689874,147.6071481906113,6.931650642300707
608.2486611895841,16.743772394668607,186.47473565073713,0.29593388238745594,161.6827278344096,9.125408507518516
525.5673886488312,10.225271936594508,170.26225008477272,0.29121314275482224,171.81372317459733,10.68494260436932
504.08021719327354,10.246071509201874,145.9146949373951,0.2874325245920685,169.77256326782384,10.177092101192038
350.2555414096387,10.243064681892408,25.382958209608265,0.2996145976826542,150.84328035734936,9.32864632239495
285.34144239040523,10.281135860361339,0.0,0.3928259228361855,112.88113572552803,7.663574629143836
229.58012273630027,10.281048741467584,0.0,0.30553576211034966,83.1193098057123,6.71294019374288
206.62329806675191,10.304177781361764,0.0,0.29359921552548074,60.98866044657072,3.7678030613351754
171.4393759933076,10.275600799379468,0.0,0.3369300863383105,41.83691083768805,1.1708700181258425
175.93531373298097,10.251526483173631,0.0,0.3282513556969933,30.143677265001497,0.67613696647392
162.12783832613604,10.209705113786884,0.0,0.3356088446712517,20.8664553975205,0.3040965067327134
148.8304936041473,10.204613726335898,0.0,0.32818923923991467,15.799598692509822,0.3050791310645004
141.15835334112708,10.217513536455197,0.0,0.3363319611804526,14.421614560715602,0.6814918319033954
1717.7391348948408,10.24470291312761,0.0,0.4302110020391995,15.880419191344812,3.567141484512509
372.1579637990638,11.313559980203184,82.4719340535441,0.4227077551179377,23.745810870277595,12.515445855619088
1169.1728077293285,17.00390931590954,117.92221010302606,0.7956204189301855,42.86026261865859,12.51296370520611
1562.3232649930692,20.546871446476395,566.3779308734191,1.3291997239439373,55.880792419633565,11.934744811551745
1800.0913139939612,23.56919159991274,691.8551346299241,1.4222787620696078,69.18779570797916,10.369708715394799
1943.5908611154641,27.73785425626014,774.025270769438,1.4490413383271397,88.84470992955387,9.350800057989703
2250.0226136349443,29.088918094939803,839.8382148914309,1.7105438422917119,105.18574877532974,7.5117865336106115
2434.766676556217,25.078653594571396,799.3968274873688,2.029582306655334,116.82162489205517,6.520978323913537
2635.7429207109703,28.772811457424325,898.0639758535798,1.9323566019913287,130.06892353810017,5.783602411634576
2849.3141397042405,27.31332798928581,956.2065827038118,1.277785651693909,141.86731478867242,5.049628806939561
3033.6560141773643,25.81248472201637,1016.4406492113491,1.2302970954329102,151.9043831814733,5.739622050980522
3066.1865819362097,21.92194303240277,999.4128952345014,1.5753740643285032,155.7078789110171,6.663993154031401
2908.8413904474646,14.281585788881866,850.5938460353062,1.0068840361820046,151.3709176682418,8.770923393501318
336.4340266200782,11.73450679636136,616.609155606327,0.8336183873587317,159.21040567754355,10.302840848806545
451.9752960636171,12.406180640630065,576.8857345102832,0.6490022014275015,156.6180118873767,9.888346543044433
296.4045629589502,12.362062373206685,370.3293511852827,0.7133014689789855,141.2844573643268,9.101596883431768
269.89807237610864,10.54287053755892,253.09465610299787,0.42695976708945527,118.95402227424805,7.47695906562564
226.9716097494038,10.290808110636176,0.0,0.3202370129756019,96.63068791371482,6.5493927937384395
203.08084517082656,10.218715686989993,0.0,0.33280234927668284,75.18846941478674,3.7225565433404193
164.69903229829023,10.21339897822426,0.0,0.3272103294824175,53.68440403641012,1.158215763054587
170.5435155672595,10.209365754998904,0.0,0.33352152763129833,39.428495908890945,0.6695148661170891
161.74702829722642,10.1727478355998,0.0,0.32753519191815256,31.841029605676322,0.3017088929948862
155.22021935544933,10.17351049400765,0.0,0.33249443340645796,28.345405447348487,0.3025469700525107
166.3622317758548,10.188490112262356,0.0,0.32874067264377527,22.105295129041604,0.6747704483863456
111.08228165516466,10.16460055566629,0.0,0.43424373719706844,23.897865734223966,3.530272415909931
1345.0792826598188,10.319700235462367,196.521527244251,0.3988131729293471,38.385415872192226,11.926163588001472
2166.2707077449422,16.70346716656453,105.43220948268997,0.7800546835817321,46.30098118464416,12.294489744439003
2428.9260523505154,20.150887011800684,556.5460480383565,1.3087690580471478,56.72448136640783,11.756642447787186
2617.981802796543,23.1148202199992,733.9359838546486,1.4071783040269603,72.36785409286394,10.2526553126092
2790.764196602917,27.264405291396557,829.9827046117853,1.435880449765308,92.59594938167831,9.246410059780025
2940.1581086499327,28.59251173892953,889.7056662346411,1.6858897090758451,106.7198909810539,7.426587013674252
3067.686115004968,24.705490610766393,852.7984294024232,2.006876958545943,117.75784145918763,6.451236113695107
3201.466724150715,28.38223982115047,949.2034834189355,1.9113859089267455,131.21339137809844,5.723214320522323
3348.2171773577056,26.965910721315705,996.9065955274983,1.264727253397789,142.67279652972675,4.999296092841516
3471.8667633652535,25.510003822770052,1035.368780994527,1.2188673420138922,151.26603476814796,5.685675282897648
3565.089001633883,21.679640985297166,1092.871681408289,1.5613982536553406,164.93916519391868,6.60579274654896
3494.817090520465,14.134137494297514,1042.594010390826,0.9972341045643427,169.2139382024155,8.687032485132912
504.7785784790928,11.605570358890041,826.1739291185567,0.8236046324570199,178.9718311042852,10.188835011116819
641.1553186455322,12.244321541414298,738.0922593078658,0.6416411631038497,177.4318321545716,9.788517536302006
371.2570758546466,12.212919724934505,500.4196642745508,0.7055726489719901,160.82389784078904,9.015171780101634
319.4099137414234,10.45174185886656,326.1892318810534,0.42383780127343046,133.62374232169384,7.401357968580673
248.68561280979083,10.205764340979357,0.5243140661357072,0.31827344656521855,105.95782075535278,6.490511661956804
222.48398086939574,10.14218778318477,7.009809265351557,0.32998672715767147,81.7618835371977,3.695373068804398
185.74752786149108,10.151421132940198,6.706295964234743,0.3233791697976275,60.05459925959361,1.1500373257587222
189.95860905460881,10.146731506114444,2.6616195631520565,0.33369519674653725,46.48890395602695,0.6647479398612747
178.14080913754557,10.117892508018116,0.0,0.32292383132339425,37.79105797317499,0.2998235191965307
167.2388454167522,10.123348090035332,0.0,0.3340666912282299,31.166320414824295,0.30082136054573244
179.1633347273796,10.13526983648239,0.0,0.32428681250005337,25.065624445343605,0.6711672155778566
475.08209039886526,10.111858997688158,0.0,0.43483586008682745,25.40097957948922,3.5097320699300254
1839.7221462397802,9.721392256721346,225.76131319917766,0.39070836253760943,32.61976420797689,11.57211614774894
2499.0306893394686,16.546941671526984,148.57476421757914,0.7747206987175627,38.641551927779126,12.198232473394524
2690.22126834867,20.009431047637893,498.7327364895734,1.2962400408098464,47.08152896980972,11.668263315800754
2827.267987311116,22.8991695570619,600.618567823441,1.398479380085488,53.89538043467084,10.191767564172055
2899.117716514003,27.00768364706245,582.6103522197984,1.4258651977183723,52.59515460459537,9.205947107082359
2993.912571252074,28.330881297606183,614.5109527090772,1.6801797701534928,55.665517823676296,7.411595372648306
3114.755229086234,24.49884027699052,654.2305254928741,2.0038493500447285,66.55591681049083,6.4473473213426375
3224.833377103934,28.198616332421693,809.6262169037129,1.9065720163423627,79.62566139221316,5.718951132165144
3375.8724738011424,26.838541176587814,909.7451426063989,1.2615937001565802,98.70566234407143,4.996000565690626
3516.9905281913884,25.41310776499133,981.7450878852418,1.2159663576034876,116.61158720620942,5.679441706867752
3596.6700165023444,21.60579854109881,1024.49375170898,1.5624743498061722,136.48834909699337,6.595415477239306
3513.6896395044264,14.08466164919788,972.5677857397501,0.9904925489267564,146.23380688263202,8.673880849214068
465.41234502409924,11.580833333630839,767.4442580263442,0.826080264069174,160.1876807134803,10.173354875792363
557.1566080259256,12.220166257882607,653.0546597086914,0.6415286815008765,159.78579231759488,9.77964523848545
351.43662524016247,12.218205642816324,433.97490558830043,0.7085362993077954,146.92918314501307,9.011601875193751
303.0720082852062,10.43111628548485,299.4098753554205,0.41685524790419676,128.5447095490098,7.402262171433212
244.0248988125196,10.193189207531399,0.0,0.32465310970214156,107.87072988295537,6.484108698805939
222.15485430847792,10.132290986745131,3.2244241133493228,0.3237647476719452,87.02501333363962,3.68769637474873
185.76413446102976,10.143486337804838,5.620856865456396,0.33173220737062226,65.03638707531042,1.147501170834443
187.48945759867462,10.141452302782966,3.688189055710303,0.3246080571919699,48.63999978889553,0.6631281457515004
174.47441479187256,10.112246848173584,0.30996345528842684,0.3310306974402279,38.946593583517384,0.2993596979925034
162.51652744736197,10.112967736625492,0.0,0.3255869274212229,31.549322095180194,0.3004481991272755
173.5284564949675,10.122487805887863,0.0,0.3323293793435082,24.75301545508526,0.6700550823612842
641.6106418335188,10.09197432189412,0.0,0.42533850331640355,23.41084966521093,3.5032754281759457
1983.673228560221,9.679110631487369,277.17450765253585,0.390962515308614,36.057469151330395,11.522924943170887
2619.8171496457676,16.5184084853444,274.1295648638579,0.7717351381773664,53.24934523696511,12.151613852437825
2812.366265069745,20.020410350771364,721.4094583450554,1.2930663122506258,68.36288870006749,11.61874732063119
2966.7494874367576,22.901443850241012,828.0009273646045,1.389673420908646,82.73502487376767,10.131498127676357
3116.109185722194,26.978310750083452,907.8898258038882,1.4174131910149472,101.89118024093263,9.144542682951249
3248.1616560879706,28.297921708938187,964.5890832260535,1.6715998408518409,118.30735681619964,7.34792621088755
3350.7055227665683,24.457511381798415,914.5928875579558,1.986532837109433,128.89076289564034,6.384437246931389
3480.045806603139,28.10848244468938,1027.9052976656583,1.8917869537155303,145.544328005019,5.665936492192316
3627.613471710797,26.714828147435306,1092.54205951895,1.2530972699358602,161.68743603276235,4.949087755018521
3759.8262492188205,25.271937267130994,1147.239101134803,1.204258184565947,174.1744735704949,5.627760382456146
3800.740689848331,21.484030591377405,1156.1758645702873,1.5497798718468287,183.9271839463135,6.536869190912789
3691.2058480794626,13.996562992121621,1083.9148225330741,0.983011832759561,188.1366497610968,8.6019128211004
451.5330331120468,11.520640955425959,787.9787852109179,0.8224606768200527,187.80514237886374,10.094112464986583
561.6852918812805,12.178974590001141,636.315095019912,0.6380101255486661,174.06964721746837,9.713068491172304
323.05310112476036,12.142828038559669,427.9516780092937,0.703473530207858,156.09120171426804,8.965589633642754
290.6089115862129,10.403392352733196,322.7700608167689,0.4150526281200594,136.10738261706769,7.364117728343695
245.52106898199648,10.172594320528367,1.975865599004677,0.3234009810903012,113.71486553712374,6.447879713820759
222.54567665748078,10.104116712253767,13.966347432933519,0.3207356100364962,89.68219166595149,3.669360150779503
188.60666886435587,10.116590994883945,15.984338848243864,0.3320212781617333,71.45092637783958,1.1417932806840023
199.16197577782015,10.114790990828384,15.52422014381578,0.32124310755357577,62.427431115172475,0.6595251812821288
188.60360746769808,10.093983182190893,13.504012859809773,0.33191462619622947,53.645828558831376,0.2974449817762602
178.35474277332096,10.099829769137083,10.77935167961774,0.32208924371793446,47.49963222074919,0.2982378743430762
182.0940491425117,10.111006428216262,8.694975144717509,0.33214692615286184,36.597208125869464,0.6642725542004642
803.4147842859735,10.09751054616232,6.054461691800764,0.42231501804104293,30.343253854311342,3.4762251189175966
2070.6871257406797,9.655831608558369,250.731394774239,0.39023868023066494,31.928210089109577,11.46273019851174
2568.879301861276,16.42889572909622,168.28470721089224,0.7684785911783826,31.385715013375826,12.103313232286043
2733.24716519857,19.893520885126208,429.37689709670127,1.2892038030018687,26.734687990171516,11.589103238581293
2805.073165177019,22.71847595391651,443.8894500481041,1.3884236720447356,22.16706607112399,10.134044870019459
2868.222617166105,26.7765368944883,451.3020248564528,1.418572842686628,20.981450431223713,9.168031785859307
2927.9982795336023,28.11299223565608,478.32076686156154,1.6779358663484614,20.982168967789047,7.384197434276582
2976.0603808525107,24.334429138069932,437.6271133714855,1.995292247063213,19.960540459733,6.4272868983442555
3018.3876896221395,27.983215294772105,497.1454632061482,1.901664573676577,20.025299099937122,5.708232502995569
3054.125059833748,26.6429859598529,490.0238506008868,1.2608861204587676,19.862509151201746,4.996546814290802
3085.1562249612907,25.23442983003018,490.05675160767265,1.2164331534370783,20.328482359917956,5.692672919149407
3102.1666303969737,21.47747652329204,485.0892680206873,1.5621315248885994,21.77917697410104,6.625177987646482
2921.6847973644494,14.01180120305104,424.8778200964373,0.998386392281473,20.88093128402838,8.727795237479114
208.6513419623262,11.52088561058636,225.99561670594105,0.8280601757345677,25.28097874873736,10.249084467886426
260.99307210388764,12.301852727635502,159.5400948910298,0.6514287920889146,24.40618232680541,9.990036541923471
156.9231274343998,12.263472856938492,82.55689983429116,0.7187084351470853,22.44221122611628,9.225131052265297
153.4524635523897,10.480301048883831,53.104872265365195,0.43139961363748797,19.335319562346427,7.612627545854227
119.58609893205083,10.196624781203376,0.0,0.3243926741682073,16.043568911254994,6.659828460231318
109.13093237756394,10.20425093835223,0.0,0.33208214223216076,13.412918958945276,3.773231811713119
81.29703686598621,10.208616698506585,0.0,0.3283002131600815,10.295419812397704,1.1737238252937279
87.21879847329771,10.248520823765928,0.0,0.33395739412470243,7.783945729399977,0.6802143604086092
79.67347284439076,10.222000337581965,0.0,0.33008127538686316,6.497445003042334,0.3067148508998859
72.20059088951054,10.246669895785542,0.0,0.330340568548048,5.197782072029782,0.30767031588351906
83.79693307353051,10.27930556179546,0.0,0.33524451010974526,4.3015017779503655,0.685362552928946
81.82066618946895,10.237380179798766,0.0,0.43591183853032495,5.17246574766464,3.567986478159804
337.1203751151981,10.29434858414524,19.294209980908096,0.3993702097651013,7.868257144064422,11.981109770183092
163.61058353057223,10.017986721968008,0.0,0.5299633553408942,9.59929364491808,12.501785005414638
883.9273360407607,13.589014212056272,9.10505631753057,0.6648704276586651,9.676099573226567,12.011461763134507
1166.8420680826612,16.92436930058427,13.043259953993852,0.853193978256368,11.6648203409162,10.402043258461129
1393.49210735344,20.088936043923315,14.625702914136067,0.7872630846692332,13.709123931612673,9.386512687249182
1464.967707170838,20.029548366986837,28.04423956210752,0.9209139044319272,16.205538652094887,7.546610210777716
1530.3439983610974,19.83594989436553,32.926453835024404,0.817406179777152,18.157712336205687,6.56341079952994
1596.2780226494692,19.79969582240151,43.125798045058644,0.7814487604776771,19.87851598308593,5.827997033344532
1654.7469861491659,19.75031517666054,12.664907076401235,0.6509822042392932,21.27289399884976,5.097444372175953
463.399630820566,19.68087162904638,10.270859973255366,0.5836117327801552,23.592253068743887,5.807922847848297
577.0001158354543,20.36744931935554,7.316459368932306,0.6305531081727747,28.064281121134105,6.9234406608810435
380.49008506518055,16.687076349661993,0.9077955102586244,0.3924204175424407,39.4671727228086,9.11328318105813
290.8293947849026,10.062361929581888,0.0,0.39937726821847225,48.844667839150596,10.756645884194791
270.9802004600826,10.098481783476387,0.0,0.3993969349761957,46.19148170797997,10.252083655880172
168.92983786524186,10.111461452081214,0.0,0.39411467123687155,40.292016338996305,9.403524201367825
164.8563848369269,10.232339499421085,0.0,0.4703923080260221,33.59082889511313,7.717089651697854
129.24824363440072,10.219089947994098,0.0,0.32840952079939134,23.29090566038202,6.737295842132009
115.52786510153783,10.262857679850567,0.0,0.33705444459502426,17.129595131101112,3.7844392516330476
86.83963588747903,10.257208288273624,0.0,0.29418541470682513,13.476382281360602,1.1774928232308695
97.55337401979385,10.283446063560584,0.0,0.302387946838293,11.652401830024637,0.6815543999818876
90.06744375376464,10.238536320243842,0.0,0.29530846093190477,10.392181609789255,0.3068867563097965
83.03934213109841,10.254697476786205,0.0,0.30036276355042557,9.451241618240616,0.307487870241262
97.43936809669385,10.272149483071313,0.0,0.2978929056630571,8.852862425803908,0.6836227590302513
100.15566985386104,10.228752010250455,0.0,0.401845648347645,10.587902057485111,3.5556958600689503
371.10503889000125,10.270440182891857,0.0,0.2987514881486451,16.916487258221682,11.93368977910401
459.5050282193154,9.997922999373134,7.2122502907970105,0.288528279465277,21.182474311215696,12.506091363796527
500.45705531355196,13.231554715827377,13.538681636437559,0.2987682237825048,21.78249588124903,11.968113138768738
528.3363713361881,16.499661568340855,11.918567673099744,0.288832983395142,26.018435505292143,10.495712434607267
531.746184770045,19.7791901892154,2.0349687424691885,0.29722503133773726,26.644534803094,9.513790241111604
557.5202043356145,19.80963243264657,2.326442094795104,0.3566579136178467,36.487830089980946,7.685534934059711
591.4764928017953,19.779185035349393,4.071614595190647,0.3642091678010893,52.412952330593555,6.68459735542193
608.7648065000875,19.77116224985246,3.7001321796029782,0.455306550513567,60.958882024876765,5.932300836013194
629.9322680495783,19.764453188802097,16.489235856047408,0.36696419599159597,70.31846877930813,5.190756935909535
653.4232865494099,19.768583630553298,10.720822146661124,0.28848878958397994,82.44929785882334,5.911697388169254
686.6202544013955,19.768403412730365,11.289935813246132,0.2982016490739552,100.75395331752394,6.882310488054238
471.8283730005182,16.518011192966238,4.710142096198189,0.28937848353775636,105.81307227988661,9.065841725135119
339.71159348457184,10.085763501635371,5.995824469361353,0.29815898772749927,105.59599765727505,10.677435029835006
349.1924272340812,10.13716493193975,6.1456703582965195,0.29325453025510057,101.84812986817026,10.181246932996446
248.4754470503635,10.124570775414414,0.6322546605917273,0.2953407067109506,91.70541366639128,9.328436140978816
216.04366325312796,10.20518724769716,0.0,0.397310353023843,78.60487956594258,7.638519815784004
174.6406928330003,10.22053834754647,0.0,0.2987400396506215,59.82438482475314,6.6706983943593565
155.75459207640407,10.246829688738066,0.0,0.2978776706055133,40.70240264431669,3.7432389743114185
123.56111212824634,10.22235748182202,0.0,0.3255097775241893,28.21847340022644,1.1657514501655037
132.54721299922076,10.217559403351148,0.0,0.3370242191047344,20.13380596090918,0.674672362747453
124.1337752245734,10.16194040816686,0.0,0.3260347359598856,15.834287267605626,0.304682851730869
116.87876090610716,10.163723061498656,0.0,0.33660135722576506,14.277499708659782,0.3053710662251415
111.6380530466863,10.1790852298726,0.0,0.32702058160998915,14.151801345605843,0.6783003408141617
2071.047557774171,10.202887346822848,0.0,0.4372908481914421,15.741405238788168,3.5371810246858475
255.66051737105016,11.232006948072414,23.2032727474357,0.4171648471978767,21.316488739100414,12.386406593415854
1082.9021893384963,16.76469973011918,60.64941319368477,0.7934460073179856,33.41059013088325,12.424525400447143
1314.9533878508892,20.29560689151195,417.4639559338057,1.3138461190065502,43.07113651834731,11.813368280382171
1527.4056728796013,23.344852738291053,553.2210073331697,1.413756206071129,57.23651280711509,10.283318795090075
1733.370889255046,27.51942576135462,634.0693561710325,1.4405732145054106,73.28375972029934,9.273869736234222
1953.8958778802612,28.847086325086025,751.4274831716007,1.6911541923393758,93.08021468438456,7.45061121898504
2133.78057488704,24.920599685105262,733.7394117351103,2.013709769694768,103.14773532206758,6.465282675109854
2284.560505018335,28.59510699267029,788.8408959895721,1.9170622868004883,107.05451386333966,5.733504636594094
2508.7448620113432,27.145437237368828,869.2285964277617,1.2691630323250607,121.73675469232906,5.0105477653965895
2709.468963428277,25.659827839169626,945.3177619008168,1.2223526337507098,132.87589140533277,5.693746102592407
2834.703266270368,21.788767981865558,991.7961656639411,1.5642348799563872,143.4308917765813,6.608859416007419
2783.6663773194123,14.187821019895722,910.6159953098021,0.9987144440716245,145.3605493951908,8.687628330800958
404.14201430048263,11.66068392322306,691.5495707212458,0.8254412304213774,150.78655484311219,10.189910926794079
460.8886107820437,12.237731708038428,553.354489990813,0.642052378585323,135.5751967167776,9.768389492578265
294.10769913210333,12.224006831029563,312.9536515422251,0.7063404197063908,117.9465335862821,9.004043807446026
256.6286981257062,10.420773784089487,191.08913781500422,0.4254192380470654,97.65965382788006,7.409512012944838
209.86630222786573,10.169559363676811,0.0,0.31849744507900085,75.25855584826655,6.4960591763707365
189.0603520215872,10.112114300578183,0.0,0.3328317144034587,54.17610078968093,3.690704775738111
153.69378539450827,10.101194843346203,0.0,0.3226009063536599,36.138033836595575,1.1505333869875194
157.70142360653756,10.093606746103404,0.0,0.3335406950021673,24.106670885394852,0.6664623670973691
141.15720581866364,10.054880143203517,0.0,0.32295291509263757,15.245528928993114,0.30162496656765136
127.64154650990614,10.055970884749128,0.0,0.3336946426731903,12.255781064712737,0.3030317082314088
140.6397266419431,10.084346077208377,0.0,0.3246587500385998,11.256589898630766,0.6738790420839214
412.95490030337135,10.064357912566406,0.0,0.43275474997531677,11.740728609277141,3.508159665429764
1090.1630357007268,10.776901788636671,99.44961683192469,0.4088589804340024,19.107859369988407,12.104307338967143
1824.909343394184,16.496001616575548,163.5929380488792,0.7758545766413375,25.26216213648148,12.185649808233935
2153.258482066367,20.053817262739127,514.9302728609509,1.293521241569531,31.158923393166685,11.648214225061563
2337.6521535290362,22.93571291917475,635.0823693877815,1.3947753375839784,40.84522918328421,10.156752908777097
2508.520189795188,27.03680258130457,713.9286736273858,1.4225072309874298,58.28494178983352,9.166976202308613
2672.513506918354,28.361813996905234,788.3805964697203,1.6703246323904832,71.94166568175284,7.3666874489041065
2825.7679628125384,24.513501328544375,768.3051103639957,1.9906427057976668,86.43834166155457,6.399210150896322
2986.0854552996966,28.157013580726606,877.8625523815364,1.8956057036422294,104.98487922319494,5.67556604270843
3149.989410609999,26.755900817179516,930.8976821820546,1.2547534133912888,118.77309804460741,4.9563501114220045
3303.5639793452187,25.306612031791147,990.1284785533712,1.2091636455979555,130.73073547719596,5.635046940931881
3403.949692230641,21.504477860293658,1041.5761253333612,1.547557813264894,144.1789381530301,6.543654943686232
3315.1441039712668,14.01333714192477,969.583232685283,0.9894982123120795,147.5536419458355,8.603643851441296
436.6647042768677,11.521775793519469,749.0399702876795,0.8173996780068471,155.61543787273158,10.092574399996883
532.4886174057602,12.14542694619984,654.7605591038235,0.6374116268554458,144.96890614867425,9.69486965524442
295.309631252842,12.132504271994113,341.2651427434043,0.7007821376993095,113.39300124589836,8.932256400950411
260.1946390282114,10.365419732786133,210.8432563617044,0.42314723138305615,88.34798381377534,7.361346462356915
212.8636210602886,10.114666244425935,0.0,0.3152032444627163,67.37617957658976,6.460147998692918
191.95711560182048,10.05068429138734,0.0,0.3315664407147698,46.24740081965643,3.676661271356849
156.28713955040075,10.039052517376893,0.0,0.3215731147616153,29.605360308945556,1.146995938431837
161.44950147621088,10.032399774953745,0.0,0.3323750355082312,20.400525056641285,0.664872402235462
148.89922615075156,10.000529962976318,0.0,0.32205143573184186,15.50877874573277,0.30096948756237224
136.66699409754912,10.004732536210167,0.0,0.33152938247976166,13.141030606048549,0.3019438166536714
147.6946709083836,10.031774780070663,0.0,0.323686292787229,11.52771533939188,0.6707469143513171
199.60368829105553,10.016912825117656,0.0,0.4311398267372661,12.124163146807415,3.492463522412071
1533.8258462699348,9.648539856079623,114.4000736288485,0.3847411404662278,16.941032806208433,11.523105310466166
2213.7699574837684,16.36211188441141,52.817406110590404,0.7745609863795518,24.098148320693937,12.093208069874994
2500.9239140208397,19.801343479325382,524.668002559847,1.2835636603847567,35.237451162989025,11.565453353683363
2682.3478208703673,22.74529913228321,671.2234255885596,1.3860797503281923,52.33048685579711,10.091099471639295
2857.4775085321276,26.82930576915056,773.8361427910852,1.4145240193443127,76.3714432932844,9.105210000026185
3007.8190158908183,28.151045974723115,836.9726698717913,1.6594589055958082,93.34095742519715,7.314162418568478
3152.9586370323964,24.33070416230623,843.1195885593445,1.9775279742072889,107.8726377224603,6.35382627877285
3273.7806712637175,27.96249485272088,933.4749710515695,1.882670229093049,116.71732095896762,5.634123942125749
3432.0537975905895,26.567313202754033,998.8472444251895,1.2464723771378083,134.2234878406515,4.922250331438757
3578.599945668339,25.13652305399641,1067.2496637204229,1.201085500084012,149.40046642514838,5.596075138632568
3600.2753517106003,21.36328342605305,1055.4655524821715,1.536761488080646,156.9541089320942,6.497939237035908
3473.872535308492,13.923666532368003,968.0441497287405,0.9842515779983153,156.88479731359158,8.551685511711936
369.8557642058103,11.457368836261349,634.6611514964102,0.8135238797203134,147.06077956467485,10.037363778523886
460.8578276192032,12.120988554921556,492.7855863409977,0.6364961564098535,134.70336927548732,9.670974959078306
268.1797588114939,12.09958701379452,313.0722301469832,0.7016859256809574,124.65782792466472,8.931093358108807
260.65942999462106,10.352276189897715,230.01458872369278,0.4224233533341433,109.02232560449183,7.339371127579697
222.48884467985624,10.103986594561107,0.0,0.3152336288761388,89.33086642881898,6.426313884051331
205.75577095200424,10.036890507903067,0.0,0.32999637571261164,70.44875367414934,3.6529615149265164
173.8993929563678,10.031136109619748,0.0,0.3218381366310381,54.26314890893999,1.1384730594250911
182.48691170866238,10.02779459679135,0.0,0.33045931884977314,45.382013194843374,0.6588870501446462
170.8438864289379,9.99509168160497,0.0,0.32240136751200965,36.82644084239494,0.2982149329328812
159.8560787382974,9.997009513179545,0.0,0.3304230559673508,30.507832800744225,0.2990898562076862
175.0030282643121,10.009534826895381,0.0,0.3236497294313444,28.01540368365013,0.6640521131676073
586.6662730000875,9.989630822218547,0.0,0.4290969465715908,29.53834311361088,3.4577157914290844
1911.554563345866,9.612268608629083,208.95216940636644,0.3802217209513793,36.5874761348361,11.393067630561733
2534.962086855131,16.31765986153854,136.3090269814161,0.7671179656968464,41.46225222538913,12.010120909187142
2711.5706741548493,19.740047713619653,464.0192929042172,1.27769511808892,44.61882003426369,11.488397160521547
2873.8260054653542,22.576731473680425,625.5007581136342,1.3799400510893278,57.082812684666315,10.038868080969747
3022.3526524081763,26.65259782963109,760.7396901297765,1.40827971121882,75.98650195708629,9.062831632701418
3131.486663556683,27.997048385012793,805.2827482318953,1.654123765512714,88.64606736260494,7.281361833964262
3160.5361881736335,24.201129414488882,680.0273913952807,1.9695837058167178,75.7178497411454,6.328716563967767
3283.3960860257057,27.799128289128475,803.7128084531612,1.8779080904201222,85.97682295489527,5.623856989544187
3349.754751939109,26.44509033130701,829.7198186123478,1.244007917652246,82.2610342453188,4.915320913426353
3303.589031406972,25.038169204734817,704.9942077887571,1.199570999929274,64.34276751473978,5.595666917481028
3336.021997538512,21.278342291886066,715.9008430787416,1.539598123187671,71.6444290754228,6.519142153600767
3159.5009898546496,13.881518279585453,661.0917074204611,0.9862306589823433,71.98171922442721,8.586421738882395
254.48000092105298,11.433590402299334,352.0589085824654,0.816303880551428,65.18336367895274,10.083027673961277
306.1569880872007,12.167299215220112,241.1696046623556,0.6412554910621773,55.27122385778837,9.772072741475693
194.50552189622587,12.12074815294049,132.7720160029673,0.7079222304340799,47.7371065363125,9.037706718557269
190.89759058012703,10.356090711715469,98.29838656760646,0.42595896446125797,38.13550847956114,7.449786665234766
151.4830683428803,10.088716569283031,0.0,0.3191822263356889,24.329987517954105,6.518201752373622
133.75562665909752,10.050307781074451,0.0,0.3296226569247813,16.624021796323795,3.7083029167692603
99.77498695887942,10.049648363951022,0.0,0.32411534931563446,12.35359805090668,1.1566784577250644
107.44179201637866,10.079698355415573,0.0,0.331852352690657,10.108595236430983,0.6711664846734307
96.56929508040581,10.053220993039087,0.0,0.3255984263423269,8.323580691943059,0.3034835597668812
86.74892501860089,10.082208815405872,0.0,0.3307263888509045,6.687933169231903,0.30453234210812047
99.72690945934379,10.122776562030728,0.0,0.32815460287357506,6.038475931248457,0.6762553323322957
213.0002404664544,10.096086868505246,0.0,0.4321831580004047,7.2871695113266215,3.5132412006304095
1552.26625816217,9.607255336831239,55.146390314223346,0.38357173676821016,11.381052643842965,11.481686218959501
2134.440136782498,16.25106214521751,28.086208524808224,0.76591180897371,11.837546356839992,12.049575197758916
2310.415545149037,19.71007711949167,255.44551479940188,1.2833989891439401,13.408392372887667,11.52945234306595
2431.7621962230883,22.556452185068874,297.92710545183803,1.3831729552338368,14.58776500605851,10.088170032049437
2572.66518778896,26.60179643067833,371.0712083330359,1.415059607677981,19.466814979223397,9.122492622904797
2706.679994266777,27.963426842971472,506.1715539243939,1.6677682309760078,25.35024071483801,7.340213486657475
2785.157413980745,24.229979653279678,456.4152269797752,1.9819644084525672,25.854718729147077,6.378669411090999
2920.9829326683785,27.83892613729375,601.5433850300582,1.8880009630489647,33.07859029272995,5.661781875859258
3059.410931477834,26.513611179031084,673.2331419000914,1.2505982446301633,39.636861812798905,4.947929704835988
3193.1193911534842,25.099861309090894,745.386584013,1.2044443379076586,46.71543603866174,5.62710151766687
3294.651912451562,21.358032635439294,794.3396049856037,1.544049875693136,54.527440831207,6.536514244556478
3185.7043159145724,13.918991953046442,750.142240417903,0.9844804714360972,62.19854623899534,8.596523869814977
311.8617424930928,11.442954213316794,526.2798472213098,0.8189726739582421,74.09704780821868,10.083502162880672
386.5502814467224,12.161353528649567,429.98791896149504,0.6374578920125048,72.49600184674395,9.720683898178937
214.17382614364442,12.125980242586484,158.35778427809714,0.7020202978070723,53.07191977331654,8.964660454138254
196.01476017125856,10.342461996231407,93.73938597818672,0.4228657226822486,31.79802720770294,7.423987589655692
148.2623030612893,10.060094205673337,0.0,0.32207215677774625,19.314640551134723,6.519470219214947
126.44504238590102,10.029779616158535,0.0,0.32349529815695366,12.720010694860928,3.7111624099297544
95.35343536910183,10.04103059008853,0.0,0.3300048287734821,7.596116423249365,1.1582679661251312
99.42646694789862,10.071037302447868,0.0,0.32266683799735896,4.4476353756904565,0.6729410795378539
89.74162103075253,10.057223459718484,0.0,0.33420903052808404,2.714721257811342,0.3048543048326492
81.34949578088981,10.08421403790923,0.0,0.32401779289835597,0.49382452917908926,0.30606982179238196
92.43447114979833,10.114054070768018,0.0,0.3359591130701678,3.0740922181360157,0.679531032316877
91.9119816583251,10.09876025935368,0.0,0.4277375541871984,3.6934411526700988,3.532113537141897
343.2739104570499,10.145388941695396,19.049084110970117,0.3998504073206509,3.648037176897845,11.859867384516095
199.77571096561343,9.894760681340077,19.674048668213057,0.5244605536513686,11.724088745978076,12.345531629697216
968.7134720958926,13.440407457658525,96.9931972417151,0.6556948721997674,12.95321394743827,11.805973315266684
1247.3958808062537,16.81501516351755,152.73125541792913,0.842172275624824,16.573866945526873,10.240240378747108
1496.0307054050863,20.00436140691376,163.36885669984542,0.77743644401187,21.434816165645366,9.242988875012228
1571.8126879712934,19.929554004146926,200.43814892691813,0.904495824195054,25.17543720424084,7.4315761390613675
1652.7746732118096,19.749354171992415,214.21747607307455,0.8107002765197718,29.9319114629882,6.462753545171323
1743.455267397577,19.712886735824043,199.52123516307802,0.7718452810244664,34.52610492364139,5.738141038823655
1873.235364992595,19.630657773510006,151.32127886553528,0.6429057067725382,42.29538952658038,5.0186469431143985
511.29152326731713,19.541882117231978,189.07743278263894,0.5764833100046035,51.669842024849956,5.715822294532791
655.9893390173846,20.344363219120662,176.2225157704593,0.6169825102708711,62.49148586558734,6.7441507405502925
487.6006480684408,16.640867696635258,150.71247092932856,0.3861296000152734,78.12913428791154,8.8954765006847
407.71262794361746,9.990231194286057,16.092163605420364,0.3912514680773584,88.22270600071181,10.461152237838977
363.8519904381988,9.936908267505803,4.973787491851431,0.38670800647756215,80.80825310375822,10.027958278612585
232.02764763842703,9.958558401725695,0.0,0.397740703597098,63.34891857799798,9.209688068490106
210.98534964285548,10.062427736429065,0.0,0.4632869255013495,47.47597710963239,7.563611194406275
166.64228352908316,10.058337182993041,0.0,0.32742153637994625,29.903251801968473,6.613634561729234
146.2332352868646,10.087861717229414,0.0,0.3305383337968069,18.663527101492082,3.7188846602345853
112.67054349738865,10.06889872318555,0.0,0.2936343171197818,13.530329076124216,1.159706982980312
119.8538420451262,10.080088294228174,0.0,0.28960239758117867,10.835163930156668,0.6721081111397715
103.5613592090726,10.047405088077227,0.0,0.30090452466900136,7.51221447364223,0.30407905579007366
92.71708262376838,10.077424567765233,0.0,0.2914427552826417,5.349088669114714,0.30537707345077647
105.10301050439233,10.115206324553409,0.0,0.3002814807963904,4.786239392802851,0.6773337878412186
106.68876262401632,10.085355151136195,0.0,0.39173289336262973,6.955238158703645,3.5149539839587907
351.5517767846295,10.136896395371828,0.0,0.30159581520114476,11.471344066537954,11.792497113971878
421.91757836631325,9.900640083080663,0.0,0.28931283832873744,13.701889174822256,12.365740520672892
450.58860840522885,13.067432688129154,0.0,0.2930124499177664,12.672299590017372,11.845840568864825
480.57475091830355,16.32469391173232,0.0,0.2903379233922042,14.648893934410616,10.398172477493727
506.76469521438185,19.570875897429758,0.0,0.2862402364059943,17.21655164451292,9.425998483104374
523.8306552074299,19.593080196099162,0.0,0.3631441555644877,18.88552324304482,7.6046739733003665
544.4819209998494,19.555063635252335,0.0,0.3528028271667924,21.500632154566322,6.61964353736789
562.5413761439296,19.519489625466015,0.0,0.4604126401964065,23.257795808877958,5.881496113494889
576.5767764682746,19.49558175661709,0.0,0.3620208823092911,24.170033424481517,5.147920804285735
582.8547071872223,19.472452942175742,0.0,0.28935044746981153,25.03204018826816,5.868170590281779
563.4713827680349,19.473820274169956,0.0,0.2882165287940572,25.195619378352315,6.836704340789297
383.6157288798061,16.28909001076567,0.0,0.2935442089733392,36.590144592184636,9.025978285857454
303.2663277533598,9.964466796786573,0.0,0.28837299207756384,47.73034106580427,10.645912609378591
285.4636263919527,9.98904243757227,0.0,0.29826423574414807,44.43025072574782,10.13831205942415
200.52847771439903,9.999078986611462,0.0,0.29046383726416225,36.53559954338304,9.29638716336607
170.57438751118002,10.085283633004254,0.0,0.39836883044984744,26.51564109126575,7.625572272001144
131.29448885616304,10.10482538679867,0.0,0.2936417063083746,19.488994153170697,6.669349906267487
113.6833031071818,10.155696363126596,0.0,0.2992719598033484,14.422392712091465,3.745944226739505
84.69141762262447,10.153744199280451,0.0,0.3275224756277313,10.474206741782686,1.167257924596657
95.11771212153714,10.17744000489811,0.0,0.3332514536087232,9.085390282109257,0.6773222599848552
90.06067069852705,10.127552537302657,0.0,0.3290963177480859,8.732678926251753,0.30626847516472294
83.9066961358679,10.137387718241483,0.0,0.3300771204324288,8.186262157858755,0.30657681243009743
80.01208187371704,10.15971542201538,0.0,0.3327324920579791,7.9189506940708725,0.678174083274627
2403.9081608793276,10.187958328109863,0.0,0.4343519989359293,9.225643636110584,3.527840578390682
121.18250974952602,11.15111175196819,11.849651466175956,0.41084638058467643,12.69482794240452,12.27322942986119
874.2378047877912,16.646143964151864,0.0,0.7892724597736168,14.02791774631247,12.363268199790715
1089.3578924489168,20.045000641842268,167.27797713970622,1.307366588209184,13.361391238972635,11.728383225751404
1263.8546094481233,22.977071100437175,205.9605306286597,1.404814000652856,14.265347715891139,10.23750561774189
1416.6331561218663,27.07796331003123,223.39753561682036,1.4341138654252,16.385337802282027,9.25138375534542
1588.764472949451,28.4204410925521,287.5458327060387,1.6948115088434883,20.42265054623516,7.447213234482761
1726.6381856345613,24.587801772789906,257.2171989830783,2.0115935356992405,20.162219558005873,6.471081629296924
1852.4040868287193,28.204619104038137,311.51496960567005,1.913527836171829,18.982218084166544,5.740518436532702
1981.6455312764608,26.83911420726613,328.0248441186556,1.269956711626468,18.96684533370624,5.021394387120714
2145.5064363673196,25.385870745450475,392.3076234482291,1.2203586755579399,22.970517115227892,5.712954911398721
2322.058354182341,21.599860490312814,514.5487383450134,1.5707133968669553,29.159767972253466,6.635937285597893
2255.1583187190363,14.098474743957485,493.33771742649395,0.994244336455611,36.637173661506445,8.71730409888103
257.9025092964722,11.574134583308778,260.5871139809032,0.8343274926245773,53.088219056454705,10.217848620545983
304.7798104964133,12.224763721793696,142.87954747297772,0.6488829274171359,54.14683185193483,9.87764908011092
184.24690786362,12.1515108116692,31.362552270664143,0.716857774232437,46.61627156006393,9.124870328381215
172.4964799161959,10.35415180331766,5.052650209920757,0.4265050593225572,34.44397469965937,7.549014054126484
132.73152916813575,10.058812298020921,0.0,0.33396511318616884,23.02862076259864,6.612277365953308
118.37846902546308,10.099450275537837,0.0,0.3241592856719298,17.075561364580167,3.7215901575632384
89.53080104723281,10.098488845386022,0.0,0.33392074090116836,13.343205052446129,1.1601249641982814
99.61167828719783,10.133333867498635,0.0,0.32598039494883313,11.663874906368372,0.6730596902856382
90.96225115391152,10.094308173504409,0.0,0.33312486221428583,10.310768761362729,0.3046233414959236
81.43711587272188,10.115276398485497,0.0,0.32659965924114087,8.711505349739666,0.3053539453103632
93.8052224545166,10.14039252111892,0.0,0.3342476668609516,7.636715030369332,0.6763072975944759
823.8250063121643,10.101355810802799,0.0,0.42595543097770894,8.210978290208025,3.50858145407555
929.0202316062041,10.906667761688325,15.584890121363957,0.4134324221418241,11.9074638681,12.114665873206695
1594.1431276549024,16.30754889203584,2.6680169080180147,0.7715381283480824,12.66471886911424,12.10931647029264
1793.7447450225368,19.79246810380279,188.91508325358942,1.2894698656583696,12.523198754030792,11.575632147347191
1934.6499552589482,22.658355427975508,230.634016701221,1.3895255017823909,13.629729538830055,10.125885378450388
2075.072520248299,26.718789438208507,260.67120877629884,1.4191799990153726,16.62548470438635,9.155099501522622
2208.311652507334,28.051076645774256,319.67812076390067,1.6728789391454062,19.31871642482828,7.368670392319086
2325.3076121187955,24.279821502412172,307.9551228081088,1.9907747071084247,20.50756740165805,6.406902729914655
2452.4301764791326,27.8930175128671,443.39870879444567,1.8939673988199948,23.71478772549687,5.683568556757021
2582.715340959994,26.58110077450271,516.2457772054094,1.255486296286792,26.884019170518492,4.96795893009674
2758.7240748694767,25.175272088127343,624.571472254644,1.2108706690259436,33.55125975596516,5.6494012777752785
2869.0021181902703,21.421957537003248,684.3158699687305,1.5508829292203135,42.4214934229642,6.558496159840633
2759.811650496638,13.960834160916544,626.1120968578185,0.9887088174106913,52.889516957242314,8.622403635054729
269.7595415988791,11.484368710231792,407.57409007625984,0.8187543644537524,66.79670672585952,10.112953222994921
333.30928737097935,12.18323056055429,312.2262421427176,0.6408474978485399,66.27066829373872,9.751239805569872
188.00265669033627,12.127595522359853,90.20650140641881,0.7057925364168052,48.14816029760408,8.993244646121283
178.8527720407008,10.334627147192453,47.638100391531076,0.42942751793883666,28.841365198824178,7.460040516793602
134.9166942618698,10.044381561498842,0.0,0.32174649965074786,18.587423665091936,6.547827261324328
114.13229668493344,10.050212153801303,0.0,0.33048421825192686,12.073628818194134,3.709929758414545
83.40000540638998,10.05413976320277,0.0,0.3222833054200772,6.467771081360423,1.1586264759298033
90.01024128525724,10.090043009179835,0.0,0.3351169777617525,3.9933544086062125,0.6743041806096564
82.76982636621888,10.059408182415686,0.0,0.32392186656586264,2.8977504052470904,0.3058093449091936
77.4574783975349,10.088703954952791,0.0,0.33609986707637124,2.606636348325048,0.3067215553943884
89.91944340406232,10.114115857569852,0.0,0.32587236829422384,1.875352723274392,0.6783110375419987
291.7741037676886,10.077896549353104,0.0,0.43352280376986,0.8600026560980362,3.5141210983871187
1167.4551406829266,10.542898838055445,12.732299805490154,0.40189979291264694,2.7747225106053652,11.9547731896469
1812.9803559250277,16.203615637677927,1.3966050517064459,0.7699122666681998,6.328042939076713,12.043906080942058
2010.6494046615455,19.681359318753938,179.30404828670257,1.2784991692518124,9.4928678802512,11.515791224883325
2173.6580882611725,22.511570275916714,234.90895454716517,1.3838103837533438,14.308531155795063,10.075854833643572
2352.153623835238,26.556838526551758,343.43204850229097,1.4143936352592978,21.29824932585349,9.10780768965058
2520.767627204957,27.930845257385652,497.57981012943947,1.661009357120656,27.68358951741707,7.324111962731653
2647.5576386971925,24.210352545202127,497.67997448277754,1.9774279289936452,31.238557170151967,6.36073721305503
2781.7543568029932,27.815325638467574,614.9488185742864,1.8824130644189958,36.48319631436744,5.64107823199482
2931.7763000226128,26.465827805484786,681.1071501042849,1.2471236865963293,43.13821767981336,4.929227468716638
3076.399632257442,25.049794515372227,747.0805802145995,1.2015509389161154,51.38584344845123,5.604505972625153
3166.473537678843,21.300405008977535,813.8382811201304,1.5378859432532002,65.63981798255203,6.508944566026381
3114.822011804191,13.889564703743568,770.6239946693069,0.9838755029671804,76.03075509555683,8.557655492292593
321.38900966129785,11.421345120825684,530.162864323546,0.8138650954298513,87.72757971835318,10.033001112163666
385.964652092256,12.095478559732907,413.08266238068524,0.6358181537648971,85.49097868280583,9.66404069754808
213.5112036489334,12.069873103562294,136.9061208544307,0.7004574617778421,65.7309164151351,8.91498525112028
200.05981262334765,10.291729053726867,78.32304655232295,0.4242330712648153,39.12382423227846,7.384449494323135
149.71143303984377,10.01177933302132,0.0,0.3201409587268894,20.286172938931042,6.48582097929321
129.26448281290774,9.991062760972023,0.0,0.327563925666719,13.49682698310835,3.6894333622950324
97.52632471632752,9.997604549868985,0.0,0.32458129509296807,8.326924957040411,1.152143897886368
101.94529282828876,10.021144420678857,0.0,0.3278614954365373,5.002998774293979,0.669799536398393
92.06084323486292,9.993733242951855,0.0,0.32751197622997985,3.174072272728475,0.30417779291863234
84.47364338546627,10.019036701989112,0.0,0.32413345164984103,1.9300869509556753,0.30533633828770634
94.97332531093186,10.052599316480588,0.0,0.334278596270067,2.057639188086407,0.6756230347055994
17.840536247960443,10.035971676797834,0.0,0.4297182074666822,5.899638179411866,3.507686382119098
1392.3557769079873,9.588564039645556,25.042405565713512,0.388567645519766,1.7930366592880602,11.622337454256574
2044.9284306334328,16.13446964498881,36.14859267095687,0.7621445261289856,12.033816469253402,11.978268682438486
2260.193535375769,19.616921660620836,373.0980900296295,1.2769799713095993,20.111114267473607,11.456267911007773
2421.8702488376566,22.515461402593264,445.57136950567707,1.3744768968391567,24.95857970662198,10.011267625982729
2584.269466270357,26.54349001579748,525.7234104287834,1.4027577750369729,30.384198079833016,9.044453318501017
2731.6062533286126,27.869657044409298,614.3557237783979,1.6560198579169645,36.44010939836489,7.27280960693452
2858.4479558831263,24.112569500900246,609.8575622575792,1.964403300281006,41.72667746190886,6.31984087875543
2937.912789825757,27.70634252107324,653.0044901880518,1.8694775860976376,39.985939767732575,5.605952895949544
3038.5345598492886,26.33741296954921,676.8522123488484,1.2401082051601937,44.433124639298725,4.9032058547878155
3103.681584846311,24.93155290185941,680.2423397748405,1.193185340671309,47.99715161364777,5.58000921031405
3150.848894231456,21.203372923203062,678.0881024225206,1.5390496631703325,55.12043153045387,6.488677374101797
3021.2295786388295,13.826764142090777,622.8125310664482,0.9763644370349073,62.65711261355577,8.541474017143008
239.46249917881605,11.37080910950445,378.2548379570241,0.8155517407673182,71.8612842240493,10.023586502248305
308.9843392173578,12.10787222788286,258.15728790212023,0.6368890408494243,66.93053520782846,9.685925315703026
199.48222588017586,12.06875296639829,115.08248960277442,0.7058125928639964,52.14466482452605,8.95395993113668
184.93918554625182,10.274127050316055,68.52629917496233,0.42149507675862996,34.31694233975838,7.396197303387152
145.26275584537007,9.999180975794271,0.0,0.32588687913700526,22.195821473475732,6.48727535158566
131.5040839540493,9.987844815909076,0.0,0.32262019517295265,17.20005475458946,3.682184244599648
99.1132619545187,9.985954085343623,0.0,0.3294749578077934,12.681588560858795,1.1484299137117
109.37979245380093,10.020024840868166,0.0,0.32472808804951225,10.415295666955652,0.6671322916455915
98.0475000638661,9.977646123322312,0.0,0.3284957525475779,8.081383175449515,0.3026228939040089
85.82900088294089,10.000542873909586,0.0,0.3258930745594026,5.512909543083162,0.3037237059761051
95.96149119158727,10.039122082821345,0.0,0.32767680472959176,4.058433698802196,0.6726589291427219
134.20202224738946,10.01864397601857,0.0,0.4272174433298411,4.430537770240402,3.489070013506151
1490.8338535693867,9.534433521408365,30.472324472765408,0.3890040108749957,9.883705368969856,11.419448424833153
2132.0743532479514,16.10978326837112,33.54961819185149,0.7615468047416768,16.201144643195967,11.945169683654823
2339.910301926559,19.56868494655419,321.448580507786,1.2727211282602828,21.43961844499398,11.42360675204417
2498.3245253565055,22.418352518200866,419.58299765106096,1.3719873703661407,24.74446217097836,9.987447240660837
2663.5865444946035,26.451568820333275,555.6815797355816,1.3998922271826297,32.27689616128613,9.02283935105413
2797.7732273860493,27.808781806063063,652.5470603603037,1.6446495921433875,41.295817157724684,7.252193893153021
2896.646693480762,24.06075855586356,601.0502865771062,1.960051547569336,46.632533391946396,6.301084509057727
3061.6860198771496,27.637905281157895,760.3082853433137,1.8672819934997331,68.82912574865045,5.592136920889275
3197.6896182315218,26.304962670872673,813.3656293797316,1.236943658691379,78.9035843255451,4.883275925831552
3280.244931560456,24.89292820642185,821.094517847317,1.1921048741378726,80.48672741190946,5.55280464037555
3337.2879068777097,21.159487250548274,866.4275112686829,1.5260868171864785,92.69436119086816,6.454211721798418
3245.4342624307587,13.803668713727127,795.5280343087842,0.977663034716941,100.0932666135282,8.490289405966257
322.8878378441584,11.34141820082049,571.1883576331581,0.8086117674667117,113.10258749892664,9.960655262702328
401.1485631209972,12.038404850719965,485.96372339192544,0.6321500687052604,111.19630111061967,9.587686423867513
247.6636736294704,12.027894672071275,226.38120089944118,0.6956139102381468,93.24276661518405,8.837060189677237
222.75061163944935,10.243651625720522,132.92240646123454,0.42060376456633447,71.30776390845158,7.291781110106329
176.63581851233806,9.981472175782548,0.0,0.31636836022426623,48.22819922088051,6.398704714887871
155.2408662988946,9.944443545998741,0.0,0.3280034935072818,29.030632510913357,3.6391668656436016
119.42907122876045,9.933339996015874,0.0,0.3215122773907479,16.613795980582225,1.1384325009051355
126.24095114724629,9.946422844270405,0.0,0.3283287747930059,12.997521644353284,0.6622255112778638
114.05767240006686,9.918198487102696,0.0,0.32266957966591847,10.380477505862059,0.30090415625143535
104.80112043839931,9.935413204606531,0.0,0.32774414227420173,8.91234652852809,0.3018450254559006
115.77825580529807,9.964309611486417,0.0,0.32492421044541503,7.364297713595915,0.6672427055186239
112.44085671005396,9.94496625574214,0.0,0.4275340790596338,7.8257991284789785,3.461032162511247
385.10359045240523,10.014487600283092,39.59702629325558,0.39108692897460945,14.757305068688314,11.635780465737794
358.4277149995721,9.823067565054394,77.83677231820846,0.5201346490172079,20.615995025152184,12.164415151682157
1056.4416100237138,13.377619242030576,191.93273819878448,0.6460697647545316,21.699934273288132,11.594669783912597
1344.8824684134831,16.73068891321923,225.6063867560326,0.8325956414452368,26.840196627581946,10.101848035547668
1613.1072955268373,19.854556762941016,249.41123049376688,0.7692251359086827,35.01610676356197,9.12382364202064
1722.479773190338,19.782385360182484,320.7605457570142,0.8991836682140895,47.017757957452595,7.334825753957768
1778.5204029740762,19.611459047074266,289.8066536636434,0.7983306198310592,50.37751902826292,6.374470521255509
1857.027651597619,19.549232069731886,279.8841446704789,0.7637252145867721,56.48087679473008,5.663039302158224
1910.7652302505103,19.4780411258841,133.12828068582272,0.6367036616674095,60.15705149596757,4.953989216882713
513.9015230716548,19.34702857123505,121.05384105083115,0.5718747994721769,68.06084165566854,5.649608672200106
639.9908629412314,20.102962548144944,100.28257663152469,0.6148222170861773,78.06798253701788,6.681875628823708
438.19397989195846,16.45708520583599,34.51036493968098,0.38420044009232907,88.03422111562605,8.817117998133176
341.44756778125395,9.88213492770982,0.0,0.3931577185837698,93.40607789791605,10.40599589544905
319.2879232017121,9.891934188764834,0.0,0.38667245146750395,87.92216049277962,9.940161043820392
214.11629924067626,9.908111529860246,0.0,0.39531981129538,79.37751024869972,9.118886230862238
211.44402245425533,10.010948004363552,0.0,0.46146139175066664,69.80008415104643,7.471011557093594
176.17614870334313,10.001288794365356,0.0,0.3252276113880605,56.090389995158056,6.521469391126605
161.7782957491707,10.026499232888506,0.0,0.3296348527507392,42.588957484846524,3.659018994514812
129.4755927100609,10.005241103549402,0.0,0.2915413587325471,30.71875143170506,1.1408180778832715
139.63815829637468,9.997170943702889,0.0,0.2912612785424636,24.6534717731135,0.6615827199397962
131.30794528089325,9.95433458692053,0.0,0.29565043337479646,20.99740807416713,0.3006168046112473
122.7172858840363,9.959544761466237,0.0,0.2885217310238916,17.77925320872427,0.3011067200087919
137.70120072005335,9.98138690242094,0.0,0.29823477960633743,16.531720539039508,0.6648031900839463
136.27634175501316,9.953202433938685,0.0,0.3871930221946399,18.191368247643815,3.4460150740803384
410.7853379946856,10.005097060655599,0.0,0.30035963172926045,22.815209361248,11.578207119925828
467.0750837181525,9.786231038711177,0.0,0.2869791892954012,21.69121730028615,12.19244443055077
493.38542082576885,12.934897805928994,0.0,0.29358674192747786,17.965343298116892,11.695294192201832
529.4268058604198,16.1501420756942,0.0,0.28791971344695894,21.46656610959213,10.269447229154611
550.3666852653578,19.355314459965054,0.0,0.28419660572867395,24.65718228050657,9.306980295208279
572.4929801648651,19.38684216344604,0.0,0.36072457591886736,30.268641637380675,7.510060593692376
592.5027099311551,19.35673001893112,0.0,0.3524645004135885,36.971533310289885,6.535418108485398
608.6412719025853,19.335920257774482,0.0,0.4545538612657702,43.19872004092458,5.8062160917329475
625.9560831478935,19.33014824728434,2.608138804638488,0.3596582164114158,50.350933024241016,5.08180720324587
635.2757121648107,19.319073655765322,8.905996468004002,0.2878255560200933,57.41279465051806,5.790208385982432
648.0244499755685,19.343841878761864,5.062806006498091,0.2911088969966456,74.08056965444025,6.7411907469657555
458.45843141461074,16.17502494916485,4.310264023834941,0.2888203938473167,89.52329441940493,8.883962799665294
343.87829661501087,9.878834354204528,0.44832318766150714,0.2865600141052365,95.50050388482681,10.455750368816235
320.9865659286693,9.93370798754671,0.0,0.29757459538663533,90.96829303793194,9.967314037067636
223.39606252191916,9.946171919685343,0.0,0.289099624325999,80.82289423383813,9.13840537371699
205.59488582629433,10.029102742006767,0.0,0.3959533694944194,72.91811214031405,7.4836068795066
173.16938738173752,10.027698686584413,0.0,0.29197499561865137,61.40992117755648,6.530737727365972
159.65868013500113,10.046114926447279,0.0,0.2969863515476215,47.940141745392445,3.6614968766030747
128.9123848088957,10.023698788667236,0.0,0.3245769935802477,36.609328338346224,1.141235173611761
140.21783941769158,10.030146882634716,0.0,0.32956624196017037,31.72513310594388,0.6615229062193121
132.3042769063262,9.994221419117533,0.0,0.3254778919797675,28.41843508496375,0.3005470319598057
121.53224530554563,9.99869250937658,0.0,0.32638173907168505,24.192583112738692,0.30085512458757796
114.64247804052977,10.013304425656488,0.0,0.32892206287572784,21.83373170781289,0.6640129020277716
1978.3688620451012,10.020304066083773,0.0,0.4288797712191692,23.567547394251783,3.4495045538504447
288.7222437310576,10.9991702919934,148.27131805873597,0.40717213340546,29.55437597191417,12.096362646919998
1074.6525446658993,16.69010061828938,72.19215185923093,0.7718054596004829,33.13700248585914,12.05310899153785
1295.6106520004523,19.921521713026785,388.8683557084954,1.2908586399532922,34.85143335893986,11.548888019725275
1479.1555414484703,22.88237820945151,481.09064343237463,1.38413656884955,36.01032869002444,10.063215823293191
1664.5000490466819,26.958334758892953,543.7971392913403,1.411379744662919,42.88725931464194,9.086698969640826
1839.1255895309487,28.26774303457557,620.323571105999,1.6658907807151693,49.4455672014981,7.306422892247097
1964.3767349077627,24.429066385953554,534.5251144444899,1.9753522847735705,46.030674418133955,6.348140536913316
2128.668455355713,28.01632900843898,640.3958755609542,1.881757674060743,53.1675110220894,5.638221272175477
2294.500637117857,26.64087771969922,702.6451713541128,1.2472412014204652,60.648194978599875,4.926736004733153
2420.1212628225258,25.200444862724733,730.9163181121347,1.2006254163801973,65.67349121238067,5.601522522624075
2519.0244205548865,21.423849776547325,749.4588948196503,1.5446771703328284,77.96937238828134,6.5088592388795705
2429.0479352162774,13.958108003034656,698.2360079263567,0.9816949302444669,91.77817488067194,8.561305229347013
292.8599619451535,11.47122022143136,489.61916358026275,0.8163512671023504,107.46004589112981,10.041335606529747
352.7357381053492,12.107778330218647,358.71317885606175,0.6352017862339032,102.2401877108847,9.635008685784799
220.75775896832383,12.064857226222738,198.038641604565,0.7024253350747774,92.62168015820603,8.887683558506595
212.620316975609,10.284873146205772,134.61810509421088,0.4229807594273814,80.51123323035208,7.311695959589965
173.51031315768557,10.014062658603407,0.0,0.32304774146677656,63.02101409581938,6.398618135034552
155.60898190545393,9.970415715230322,0.0,0.32331204070377956,45.29481654796514,3.631263392098271
121.58171499577473,9.964745150061141,0.0,0.3272117625337471,31.098474600978413,1.134375383028043
128.79607776143143,9.980458240996292,0.0,0.3248797499129742,21.710075541728003,0.6590729097492182
117.24153421009528,9.940314644303223,0.0,0.3216550534635325,15.557932535431657,0.3003184180500473
107.13074332255793,9.949266015614672,0.0,0.3309458658930424,12.900789519642341,0.30149617207248636
120.54587952840251,9.963905892249262,0.0,0.32144834057003524,11.789158397460037,0.6655414210045175
622.0571405814832,9.936022667579367,0.0,0.42927383922308004,12.43697910472141,3.4474038577012793
1076.4854335972402,10.722241404319783,92.87209410536535,0.4066945750476425,17.0055681916502,11.924192235938051
1704.6607632312275,16.21386286158557,41.99172634842663,0.7628385868523514,21.074482514080533,11.943767530121265
2032.2508727442748,19.619925719798623,485.0816506106543,1.2723865779930243,28.863933457859112,11.427871011118635
2205.5264831452296,22.56126003392872,596.200588840329,1.3703935931997826,35.98880343977483,9.963244655547987
2370.9026374614955,26.59240763672655,689.5711210004444,1.3986046386856534,50.14939353209428,8.99351075065787
2509.7887419888184,27.913612422084352,745.8328952331234,1.6412934683084484,62.168943226239804,7.227526085475183
2653.929645243418,24.11904143295273,737.5849504494785,1.9558284013586504,75.84803553286011,6.280782437715569
2793.453282214986,27.71496578240453,832.5844346903707,1.8626178102447448,86.90777089078382,5.57084475676155
2977.2977269139246,26.338154857084483,906.6593896449348,1.2341984251920979,101.64644850390407,4.867127059361248
3136.5657991584785,24.91251442037323,964.3328103581327,1.1888212777392588,112.32509448456312,5.53181892026031
3178.0749946949245,21.16800464198784,962.180895868662,1.5211040452327045,119.15170535108896,6.423121193509383
3065.8144447750087,13.798803013181665,873.387685560377,0.9724014108354658,121.52551100036727,8.451102995066526
355.8139407404887,11.337765109160781,650.6754291470268,0.8084231295640479,128.8078480260284,9.917699042140432
414.42633197594773,11.983744957783799,529.2131504801698,0.6288851220783228,116.36426669323538,9.526407435665494
239.00379758843602,11.980189820466435,253.056150145215,0.692306505090486,91.64365440037244,8.784969570421199
225.16684617043637,10.215547560465863,159.3532993264436,0.4141673607418203,64.33032952053078,7.248658259118744
177.10646393473576,9.947010491348939,0.0,0.32006402692299574,39.876041702084635,6.36245008985842
155.50198716538875,9.890555046136345,0.0,0.3190284411815407,21.793176829802746,3.628663695512955
119.28282006397028,9.876637892532273,0.0,0.32906823643190836,13.255958413217767,1.1360624902985124
125.03766759192405,9.898767248411788,0.0,0.31924286768508964,9.888892566941339,0.6610306206694996
113.61231237792462,9.868238544722805,0.0,0.32976191198287436,7.641216351189929,0.30083461221016816
103.05795043278013,9.888257942431608,0.0,0.32040654650342587,5.837917041729264,0.3018527288421978
116.89139672918614,9.919389105098904,0.0,0.33053470155541376,5.261136344584771,0.6663120475730488
105.16528635101552,9.900917994817124,0.0,0.4181131536818511,6.519473722276403,3.448825077731558
1295.5029013598705,10.051121734332355,59.527995594635655,0.4002509686713488,10.973576524591587,11.629523773492902
1992.7037296633437,16.084185642497992,31.972704998935583,0.7584791019896806,15.088726920291144,11.886572458563464
2192.6693195274925,19.482169397466247,281.86967686639264,1.2674696300025439,18.48273887083097,11.362414438553992
2331.162041998547,22.309679402139245,341.8768830503181,1.3648459525865275,20.613892691040537,9.936826092406477
2513.9443989803003,26.313939265587294,477.04443321951015,1.394773184146742,28.39064333720587,8.982723506604362
2668.686443192223,27.672381365697735,637.640344274885,1.642001537575773,35.15018588319255,7.221339902824624
2809.1841553554527,23.9760627976642,644.9051888864876,1.950232837772475,45.490131969945935,6.27137821344564
2934.0291655707256,27.55018597690111,729.6532190535479,1.8553356489138702,52.770378613846006,5.561410712936741
3062.990133235935,26.191707276991163,760.9857056655193,1.2309848763782036,58.24083293495726,4.860467866782285
3113.065380894294,24.78098892066967,731.9052194685657,1.1873805951088208,57.52496287690974,5.52884357931827
3145.4828342163605,21.064571491664623,744.7441283642519,1.521517605168193,65.31317830175365,6.430357357032525
3073.1613453347663,13.737810205345346,713.9050855813516,0.974106351311124,71.63706586820358,8.463889105405773
296.9907583388131,11.304345322354227,495.1583821419647,0.8058249898904509,78.5238289949176,9.927605981982754
356.75708504054217,11.996956325485135,386.0732273291712,0.6306522259103817,70.62493696777155,9.568922145106782
222.44272247627467,11.962584404138257,148.05971074362552,0.6943621705817422,53.193880782122754,8.830976516217616
199.1242735980028,10.185769364606797,103.07850934290528,0.4221164229701177,35.60789866627424,7.309781079301066
155.83152068052195,9.932678361240246,0.0,0.31469042422252375,21.422494927021564,6.405698861308058
137.82436991259445,9.888823957083705,0.0,0.3284801389901215,15.0840648752126,3.6480848948365723
106.02485378140588,9.881685954176294,0.0,0.31966567382438676,10.406783928940117,1.1396564710401909
111.29413075525869,9.907803695018714,0.0,0.3303384852370498,7.244180567916549,0.6626864957675656
99.17890870474221,9.884113089299976,0.0,0.321092276811281,4.603969675468586,0.30174779509826083
88.74736875061527,9.919485929430639,0.0,0.32957999923263287,3.0950351794651363,0.3030258562531816
100.11665286273819,9.956834166304173,0.0,0.32352595435829956,2.5896128306486936,0.6690010380212459
61.460573833395685,9.932137446201143,0.0,0.42754378251448155,2.4384367783018264,3.460880114857716
1385.7298241198532,9.471144667814356,36.0403574208241,0.3815697186314179,6.8246280555697725,11.387939900014091
2023.4925532747582,16.01210197035401,20.245426388118453,0.7581551149582986,11.615549354496864,11.86029566440408
2226.0667064988716,19.437618674760465,279.5075708334983,1.2637657526189112,16.294262507243076,11.342718109241634
2370.7145191642344,22.270909125946343,353.5343181045716,1.3630730431696552,19.73545291587653,9.92035894802024
2520.287951731533,26.273554176053775,407.75070733412554,1.3938102841914808,24.430018467630923,8.966210969058368
2676.761918408018,27.58774872212515,529.1218625938183,1.6415893005428002,30.35387507460092,7.213992727306107
2835.634819134771,23.892244760037276,593.4813921191995,1.9501732100782392,38.919225758641616,6.268267896735922
2979.0613996636253,27.48500407537214,721.4860677889087,1.8543605699086367,50.76443095693134,5.55635876360441
3143.805661261688,26.14327682617713,784.520387042111,1.2296419843034252,64.8444698683559,4.853606243257891
3297.344926025297,24.736461638949816,852.3771306763343,1.1810333867814167,81.14620088714312,5.517385037538085
3373.4780612833356,21.0332728455589,895.4123869826965,1.5209217056793483,95.35696064047771,6.405985910606425
3305.741537182808,13.709793387578305,847.6594215309649,0.9640639637837841,101.90402991127141,8.423220846992741
363.47157314417575,11.268170874516693,605.3367845031486,0.8072720314471513,108.52144737131185,9.877129511480351
431.31333401744786,11.945971468714983,485.6502823400448,0.6269436554605202,98.96541484809248,9.510224667469506
237.03286278147075,11.922349466787034,211.987427811873,0.692594670225904,76.64364783385751,8.773294801591236
219.96942240357458,10.175097354823261,124.37635315699012,0.41330995687153044,53.198616825251975,7.247178367549033
174.926335429383,9.899785548669197,0.0,0.32197993687220955,34.16754643203248,6.363832134423869
157.84817155173243,9.846786209929062,0.0,0.3195250797901968,21.518036429986342,3.6227945656575335
127.3385452442182,9.837348112875382,0.0,0.32563639898503505,15.34659206555379,1.1327930531604913
133.78432372515482,9.858665858572571,0.0,0.32105990426934766,12.411511714262774,0.6581156243730042
120.62520535411254,9.836791963501595,0.0,0.32542361911736906,9.799322874340408,0.2996226108670316
108.32734491627237,9.861130821530814,0.0,0.3222871820838906,7.65728034598469,0.30063669005757143
119.89974350515313,9.883349936737467,0.0,0.32556653717908374,6.5953729577011675,0.6633208100321344
229.35912810198687,9.861775147440401,0.0,0.4209266146215141,7.455272955499905,3.434216039480303
1551.2382060236434,9.436538838349682,50.730810487738495,0.38521132046389106,12.244953501289118,11.251260807496065
2159.652620235701,15.97949659520806,27.302505287700484,0.7543127717286586,17.02490558245549,11.815025745599014
2420.9601558727427,19.387403039267944,414.75718926140416,1.260469067232921,22.528175524102874,11.302809764625296
2579.652810910648,22.2503277349774,530.8143079821006,1.3577751204814394,28.31658640795903,9.873865373791348
2735.356044355663,26.249192247464652,633.1597377785807,1.3849399585031936,38.35177268303215,8.917060371745935
2892.484811022148,27.57156828436666,728.0181038568107,1.6271048425312267,53.52116817042262,7.168252694692632
3039.7127881436363,23.843552929615573,723.7699114464195,1.9387475012780955,71.42446052684501,6.227267102443639
3185.6733061577384,27.40400876377463,832.2302539261871,1.8462684612559137,88.16976129798552,5.52259255773496
3322.065850371964,26.050553861696752,864.005827079496,1.2235385960099756,99.64351860622878,4.824065115827772
3446.167645852266,24.645559234970033,911.7975557212194,1.1792781504122167,112.02594598389372,5.486377518239632
3525.9323438218794,20.9531630850641,966.7719845910841,1.5092489610509319,126.80631212770265,6.372732767981343
3449.855125051876,13.663075134026103,918.03201563355,0.9656556291422552,134.30199345285496,8.379420689584915
403.496368113119,11.233690429911881,680.8959512187099,0.8005137817053288,142.6593444093436,9.826827416627516
502.1881093195257,11.880285181309405,573.2437027439695,0.6248215866354736,136.6785616224991,9.453971175712843
295.93097525059954,11.85940530876442,300.03382657550435,0.6877290081561106,118.37644149727376,8.716609307234409
257.5269756808673,10.126902492163422,210.10042522427034,0.41320304449432094,98.28631914840608,7.180718812654915
211.54640484417178,9.90129746541226,0.0,0.31595710747099137,75.62479840840228,6.290404624557949
190.39382074268076,9.837564726066253,0.0,0.3179335139640505,55.218316383079774,3.579322983161932
154.55513165811817,9.831258629713986,0.0,0.32581147088753554,38.27629644858734,1.1190966148653223
159.93616353946115,9.826673904141774,0.0,0.3170225523954637,27.63691895088354,0.6504478908647963
148.32748490933128,9.792982464780831,0.0,0.32756757865427544,20.08154016554583,0.2968604881955883
137.33813450427348,9.797567318551936,0.0,0.3177220742845885,15.661167524614026,0.29795765530478324
151.27818970357885,9.825165840421517,0.0,0.3281323933945286,14.51592231411683,0.6568983528609296
150.00935106397256,9.807138119219365,0.0,0.41449426252850513,15.669178613325391,3.40158825535891
443.5936311630943,9.862594401878383,108.74977597603029,0.39564615942077447,20.94958260489842,11.43524533913785
506.46194170266085,9.757239100641543,83.64974287263219,0.5124502922136684,28.992216599909074,11.96951406546888
1136.4891064784008,13.213669046353141,193.3946609271502,0.6390447294466415,32.394996601121235,11.445704560040923
1479.2139695818873,16.558398546753725,296.36797967660004,0.825599330483808,45.583639050573375,9.987917531235636
1791.0813451279096,19.70061682976897,361.57458551213125,0.7619453261618078,61.62143956075951,9.010377256496348
1895.347699533875,19.631025834430563,400.665781453059,0.8822069727440796,72.19724129434513,7.237857918030466
1994.0293218065465,19.43551578440538,425.5402663422444,0.794719297001993,84.04788242456053,6.292154693065176
2100.4324592068524,19.398398000199624,448.78585410699077,0.7568046479782278,97.3075817400333,5.5850241478558456
2185.3555049424676,19.33107887057094,330.22506851868354,0.6293788073463963,104.53054156347572,4.882412564043383
652.3751067156085,19.233951542398334,370.7354817209986,0.5631816658980735,121.69021206414536,5.565961803243429
776.2394165676233,19.98370746686785,386.61891840810614,0.5980331726059582,134.77406802623213,6.528401997394405
606.2351181031768,16.38584552013997,329.85944080927095,0.38565643536634947,149.66302862690867,8.612553606852968
517.8559340937815,9.820606303605187,30.043796196905834,0.3811839873536549,159.56345469946356,10.123645659265193
462.1227486679596,9.754551097549363,7.432845063041964,0.382288096004076,150.61464509478176,9.736838802193258
290.16513760783323,9.775536624706257,2.7350178972485453,0.3899818683372318,133.47089395089986,8.94473465483371
265.9862441036758,9.877452516728757,0.0,0.4490473230067173,112.35540179854638,7.329915754654788
223.72053665243914,9.87529765992639,0.0,0.3294493902436819,90.48236220578839,6.406390162677038
208.62483919650984,9.896190059035924,0.0,0.31934039479664783,72.05632039915125,3.595381181866262
171.54661257481567,9.885239392888762,0.0,0.29613597996903845,52.03845251216106,1.121669429462387
178.21719736564964,9.87820082873022,0.0,0.2876641325467986,42.581528435957175,0.6509652397566276
170.11899169890518,9.845882771920735,0.0,0.2947273274496907,37.842871453322836,0.2967679313129713
156.59439497098307,9.840161128552666,0.0,0.28898438672487003,31.32974694123096,0.2972011711247595
170.75374486350898,9.847645314969329,0.0,0.28530536229628106,28.22808352328859,0.654621207664991
169.46283496674414,9.822951427866688,0.0,0.39326464032577785,29.980641464465293,3.3904061805294394
474.20604345352024,9.879118341593689,0.0,0.2873633534410679,32.39611867180496,11.393247496594602
532.5617693143482,9.678539035722705,0.0,0.2938011126703241,35.4304028052988,12.03276438711493
561.9335565285628,12.805415954911672,0.0,0.28357935297906006,34.30288785433925,11.543363627646547
588.5386934440942,15.98741852431341,0.0,0.29143198846678164,36.882115478122365,10.133214040028639
609.8787782034003,19.17093476726138,0.0,0.2853345630590301,42.33621097551833,9.18821264122045
627.0575099444461,19.200353866884708,0.0,0.3560084473427906,48.22126693823038,7.413826530936127
644.7134649421282,19.180397582332933,6.351826237306036,0.350404898626335,55.74366420896166,6.454138787722995
660.2487324558055,19.17373750407173,11.660603665505423,0.4520652130917428,61.33431157269383,5.7342516931959535
666.7498539022531,19.172276428456918,10.574112250416986,0.3500629662635979,63.1124296564719,5.019071493655923
669.0995559861625,19.160064663974225,27.154216269919164,0.2932431329681583,65.8537355886688,5.722978858926188
667.3571911241336,19.1894625337447,9.590358586839773,0.2843130634789444,71.22835845586692,6.663437667719371
463.4483159861506,16.020961666517685,2.736522963180222,0.29161851907398606,76.88543786424034,8.792989958320584
346.2169501914976,9.777265324151681,0.076142327212479,0.28797639793006924,76.38954214002939,10.363697686234058
311.86154958932445,9.822124193710772,0.0,0.28490034900518896,65.79550483250155,9.889156422095477
215.55988453056094,9.839175173899992,0.0,0.29702579386948497,55.380114935015435,9.077076699349984
190.44669501049117,9.923154053290196,0.0,0.38438227482951076,42.06307892659596,7.44336236966544
153.60129295626385,9.921534050576057,0.0,0.29905578771435437,28.5655195448109,6.507657168423121
140.6058231430706,9.942734987772095,0.0,0.28859571442061416,19.73691896808082,3.657818094316838
104.27002008810977,9.918932722505438,0.0,0.329061082053914,13.107638127577534,1.141724195802321
114.40431580130104,9.954400137707918,0.0,0.32316885535649387,11.212279901339377,0.6641805274802705
108.88711750421558,9.918589828779334,0.0,0.32953968293833447,10.8183273690545,0.3022493720694667
100.86060907685614,9.927542154884271,0.0,0.3234088548893975,9.95666271228697,0.3024360631644494
95.01018942587966,9.94478650487778,0.0,0.3305862896241741,9.550003783566984,0.6654595411398867
1984.8600322228958,9.961822348379933,0.0,0.4220171846631758,10.493603973391892,3.4492175736156647
161.3201511572351,10.932110354565218,92.32883400799459,0.41187888224683616,12.054745814407806,12.019056237358358
919.5917780747137,16.587872145678435,37.17446250865161,0.7698941523065994,13.706044589553906,12.026059812889207
1148.6356154265036,19.768078710034633,275.7568191835883,1.2828061887336213,15.211526555483267,11.489660476748597
1308.1087283369413,22.684354898469266,328.99765514403913,1.377354560273958,13.631516760639336,10.016827633586608
1489.765985533368,26.7265698843924,362.2167225174816,1.4056757641387654,16.375427802835755,9.052364162907441
1663.9242846044615,28.03155263137595,451.37593375039137,1.6527390597562879,19.724763186306483,7.2838700708286535
1785.7131391926537,24.245993514604784,383.29416226259997,1.96892207696581,16.54157437826525,6.328072075289024
1958.050748645458,27.796561128494858,469.1140446034502,1.8758132070175817,19.245113245800482,5.6187875710635975
2122.008040851293,26.441572470115872,536.621210408602,1.2439212894270977,22.53007033410471,4.911505252022221
2242.9978574610536,25.027141919434648,566.3856513353579,1.1983646378023884,24.42355806719553,5.583679713504623
2325.0482830601336,21.27456379256403,572.959464402637,1.5338232897317134,26.853035241580628,6.488451897589631
2191.1270476973787,13.861884174257108,491.3536241978495,0.9825961630092485,26.02800655799339,8.536917341946184
212.6832295725192,11.391728693475688,242.26824439477787,0.8138700867136103,29.317450131489274,10.019565231848768
267.2814383101444,12.03451830328069,164.43201399435964,0.6384525872789862,27.897879674026456,9.707350297877529
158.44257466443418,11.965324612002856,85.48351084857796,0.7033626255889021,24.142271727020866,8.959167868846308
152.34163823343303,10.230117364748969,53.67363979709394,0.42398931254713557,20.809879397191548,7.388883724763923
113.89304729985118,9.95753430215267,0.0,0.3209202735593639,15.732141610664243,6.463092299392097
97.96019292079252,9.966497350077033,0.0,0.3236377702592369,10.311453016517515,3.666379319825267
71.18367642737024,9.969760764125265,0.0,0.3280227992596797,5.389118121131908,1.1467743036323013
78.35399642764962,10.001813193515833,0.0,0.32199702693869214,3.4900692190534204,0.6691273923622537
70.99177394101837,9.966518672302463,0.0,0.3334131067978105,1.6115706878215381,0.3048412367249258
64.35302778446346,9.993102775918887,0.0,0.32313640680905187,5.24656021015889,0.3060298559530303
75.92584108902417,10.043949968426473,0.0,0.3350726513881367,8.986538816387958,0.6757445383604469
982.1873856266382,10.019239690472272,0.0,0.42191121436935514,8.00960896942545,3.4911868013757412
800.8358928450698,10.795646532117422,12.593763555865946,0.4100725806125672,1.0257225590837422,11.944608250877447
1497.0569178724263,16.05667632395,0.0,0.7606061945871759,6.959036662838425,11.917502413031121
1710.4798449272357,19.498724890366486,188.38610282109693,1.2701749246909981,11.507339050132467,11.382076747119012
1888.2133369794485,22.33816721831556,294.46706055958816,1.368333807063778,18.083880979136953,9.954647137345326
2064.6802405748986,26.387070183645207,400.10390712343207,1.3965299811210623,24.341565139602945,8.991841041230748
2248.355210520853,27.736408143210067,527.1825296698422,1.644158118407001,30.334087184715486,7.228793541950465
2417.767121248801,24.00861860115329,544.6038458046345,1.9525766857563671,35.404206231109505,6.277201013127525
2587.501644302447,27.576721457521753,690.3617433741477,1.8570177880825,48.05561366632859,5.5648935889046225
2760.5750932522624,26.23374472850298,750.7702934184815,1.2318301353615164,57.93521023950529,4.859155032044106
2950.8791542115755,24.807648118740644,823.5197113623568,1.1869498630382858,71.71726400598254,5.522654016397534
3064.0421458741007,21.0875243453446,878.5063662967464,1.5169285093998068,87.3957262393107,6.409895011404117
3013.0845844981864,13.743614871739767,818.2551496158096,0.9722239761100844,96.04363763241683,8.424384891522735
363.0684205287278,11.280552833789434,587.7448481510677,0.8033207577842064,108.14142582742038,9.876882645404818
435.77556063881946,11.928617145141066,497.38671563962157,0.6276592568286213,103.24832613019275,9.49635359189308
234.37779722910867,11.905318717237716,201.92382137061009,0.689938067831238,80.8086943455416,8.749033165989974
213.95677270604773,10.15477904388305,115.14759435547414,0.4191275850851828,57.39646339074928,7.229028039031422
168.31674812357113,9.883255166703409,0.0,0.31491172278833757,38.25969075698934,6.347033305588123
151.23111593515296,9.847218536270832,0.0,0.32645822558481646,24.649315467081916,3.6099249845406103
119.89137705449724,9.838700985357196,0.0,0.3197112506478848,16.151426623800834,1.1294368823993288
127.07818860702048,9.853450279568275,0.0,0.32649620308869626,13.000579858758227,0.6571458546470499
115.46212123731696,9.823226898023462,0.0,0.3207604531474859,10.523769254252073,0.2996928886897097
104.55443729211183,9.837212256243628,0.0,0.32630274567323764,8.472577051391696,0.30060617982358534
117.08628448782655,9.866778029858873,0.0,0.3229443180591553,7.586362029692514,0.6618820234848647
156.16192095521282,9.849506177679167,0.0,0.42469872165515565,8.557184461242166,3.4218325088458434
1333.60202846686,10.157851803313363,41.91582144505511,0.39171511531204783,13.409679817132506,11.601730520106349
1952.047907626154,15.967223502003772,38.101071053915376,0.7536122708421872,18.740872844524308,11.799246602712154
2241.3308257257945,19.38253303965481,418.6586974154213,1.2607847842900195,24.293414809406997,11.286195016143825
2420.14116286428,22.24689741023946,537.967278917695,1.3549812510294263,31.306597460651933,9.852548831097822
2597.5340464791807,26.239062691097217,650.849819765681,1.38196328004295,44.706726160509334,8.895243296496547
2759.46190481187,27.55044969245122,742.462515006468,1.6303148188262329,62.998252671779404,7.148172979587242
2915.039239779304,23.829190540926543,744.302753970024,1.9324533065347904,81.91566604736232,6.208862395968119
3055.7797136170857,27.37936944145784,845.8142818376471,1.8392295650892316,94.88480231831923,5.505362354386706
3199.9783633855445,26.018332853941956,886.8395742323975,1.2187844342855665,103.41156020059631,4.809227559240237
3302.2479543831128,24.610728848620948,903.0833868238623,1.1760052074512404,107.75352223016637,5.46866046456473
3372.609188875799,20.91761314048619,947.8290432203577,1.5081148261616422,119.49028355458009,6.35470330235244
3287.4057171924824,13.634032722544237,885.2846591104208,0.9622141304709987,124.02239591633759,8.357366768467196
392.71119578714814,11.216116020376685,670.05426258624,0.7975619043701144,132.6524412287824,9.803277888240713
465.88682526943586,11.864535275970734,555.6140341822387,0.6234935513031797,123.41967108863312,9.425414149830571
257.7073315947578,11.843175157778504,260.56079147070454,0.685901998641568,100.21569534195166,8.690343554751108
239.54636924980738,10.11724735856632,166.14080410537136,0.41691683974837,75.78937106291735,7.16966096718065
192.09550504274637,9.852603078445473,0.0,0.3109446048402391,52.36515481736204,6.290348670322168
170.1853489839406,9.789904342839707,0.0,0.32663423627488986,32.81756082270115,3.5818098683090773
133.70364306991567,9.77920911642312,0.0,0.31662949529259193,17.87828929556886,1.1217165510211722
138.60330046373562,9.794549406836733,0.0,0.3272125251861767,13.252602973318181,0.6536272829197274
126.05135504111296,9.773027482475317,0.0,0.31765439042180854,10.540967231660693,0.29838788261914123
114.31349590860272,9.794947204061327,0.0,0.3278949322571792,8.281451687789728,0.29934866795792225
125.79822616821083,9.81393160449427,0.0,0.3197367126829781,6.881415867553777,0.659209293398553
171.21387727699394,9.793179275746047,0.0,0.4237464366347358,7.0270888026130205,3.4093890645614033
1515.8876449963534,9.387946896462035,52.49348998453611,0.37622364494144217,12.217388336508659,11.202496568238145
2139.1123157445045,15.899532653363885,91.32275878969011,0.7540267277946744,16.652070139350755,11.745359256440803
2389.4760948204234,19.34097760169205,468.4283794645802,1.251604842943267,21.434840765043596,11.236231949505632
2538.8406876422255,22.166050468756286,550.5489214721384,1.3498158631167045,26.643488998200546,9.81133289838079
2686.550716351838,26.131434138316973,636.4440389443877,1.3787947382453858,34.501497846797,8.863058956395552
2827.152816994226,27.438389255759592,716.8109518953484,1.6229407170025192,44.52754462520262,7.126935449437757
2960.434001814889,23.733658910368252,701.6772605803737,1.9284713248728995,57.10540721839674,6.19376862648363
3093.749123548507,27.272880611322947,797.5786468178769,1.8349583686607622,70.06254123630458,5.494857289197697
3242.2834700516987,25.93042026150772,838.2452606735407,1.2172509959493836,81.8685262797461,4.801740440133204
3391.8684897434537,24.533862852434474,904.3426401909636,1.1700066093951094,95.4327026299131,5.460719736077226
3454.2667497017296,20.858753955405287,934.3057458354148,1.5072529178510334,105.81328136188063,6.341270567855065
3363.250070204623,13.596088628907301,866.5468052310248,0.9568875511452504,107.86461765109979,8.340367402623531
397.24056189142294,11.18394168557069,652.5021643716765,0.7973428817949418,114.86464023169621,9.784130827340492
476.8360599843524,11.835121103250422,547.1908329308793,0.6209453637343202,106.56621371244904,9.417475221186573
259.8030821006669,11.804321507224435,242.8193277788578,0.6861619586800513,83.51874369110962,8.683079280700722
236.03323499842668,10.08968251890144,150.72654572740979,0.41498323335196236,60.77993882847579,7.170892302436349
192.36400706477716,9.83572389139142,0.0,0.3181619118174069,43.51499064381107,6.2937188320691115
178.09537626589275,9.76463854799474,0.0,0.31872330111384917,32.81678582080293,3.5824639164322423
150.65094824027975,9.75130984937494,0.0,0.32220918345208827,24.94358242775326,1.119609402402883
160.76691521753085,9.756089294611373,0.0,0.32056519017200386,20.269647138964295,0.6503918962965439
150.38435296447284,9.738161898061124,0.0,0.31694089797700337,16.991856229483,0.2967858911163561
140.62015537187384,9.7505602840962,0.0,0.3267536429842746,15.380094171609073,0.29751791156677726
155.52116021585488,9.773519813422299,0.0,0.3169054082707204,15.22202837244739,0.6541479782174711
450.52693234436276,9.746312881724585,0.0,0.42322167173291164,16.961318630781626,3.3816822698385205
1732.7509128160852,9.379066944743148,105.5089145031561,0.3806951663867873,21.942846300544197,11.10754703942407
2332.242469783482,15.885095851497452,35.038694394918956,0.7486736913551878,30.267117601263855,11.69988621504968
2590.472303380348,19.235709281495676,442.0611800204691,1.2470756689343114,42.01515483292999,11.193088477892553
2757.7416960243618,22.07159897671044,647.6156084425008,1.3463187789570457,56.66533374512426,9.776966092975632
2918.7099535564985,26.072369202896432,756.2313089594301,1.373627117539479,77.06512188734524,8.821562051928256
3076.3295488195686,27.37116019161459,854.0532926088986,1.6132538433747357,98.17221895856719,7.08785311944915
3207.1141394771794,23.659749142548375,840.6411858740095,1.9194362694709988,115.222530510393,6.1556763242130215
3330.1141887783488,27.193104956813716,939.1366242419216,1.8279248183418118,129.9119444885815,5.45984528300863
3475.225790514467,25.841644295309955,997.9470500364406,1.2114922668915498,144.16996748332508,4.7698079442720065
3579.886365532362,24.45074837094494,1028.2605979436164,1.164402374871895,153.55068024212363,5.423049221688463
3661.5880342247556,20.783316662756878,1079.2111259164774,1.4972643079111077,167.44728119600896,6.300095564713432
3540.3954046530316,13.549008708352218,990.5581434828009,0.9503082542628595,167.97201606067168,8.283850315694146
466.0425547534326,11.146959397320689,769.0399677170327,0.7986092892723704,174.26076816278174,9.720796723122286
551.2621563443819,11.757451832934837,632.6348284179206,0.6189522470247069,163.84418821304251,9.345972536313205
325.2634813116351,11.742608303935341,378.25875949953974,0.6820471901849342,146.02792520176232,8.619479448834428
291.39193520940046,10.047932918822504,279.27571933330347,0.40555842542304876,127.59081510402292,7.08969942461808
243.5110901427804,9.822041495879422,0.0,0.31716799143817903,106.38803096243322,6.208248864038546
224.82199088239105,9.756950181980326,0.7271242168822439,0.31614784677224844,86.50390917267931,3.5320757228611486
191.68548289275157,9.747969850476176,0.0,0.3231259064782725,68.77492460875374,1.104151593280694
197.98419056867735,9.75019505554576,0.0,0.3176291947135605,57.95836648679449,0.6413538566718366
187.09725012728674,9.730400381009499,0.0,0.32319859480230334,50.099941904683156,0.2931310614643888
177.07133299882088,9.74719384867566,0.0,0.31857215957573976,43.842938000402306,0.2938435998874449
191.20532690767936,9.758260446014154,0.0,0.32364438808149587,39.64217413267946,0.6460078229702291
186.7491967120437,9.739652076124482,0.0,0.4146981832961967,38.94990207596797,3.3448098560592476
499.3994496033896,9.773598438565662,218.72245803374122,0.39078280579409863,43.93288565869034,11.248619916498775
763.1537857898676,9.73670975467641,162.3799904449367,0.500359970875438,54.18674508867263,11.792227207651557
1334.8256561103374,13.160963044311394,276.2580649096426,0.6319849840225857,60.750293394114934,11.293893871350793
1704.4654517141398,16.440202903629466,454.1629605374,0.8237590125217301,76.98112880874885,9.86774045690664
2029.8737080202866,19.571802474028203,562.6978136455074,0.7552137810139844,97.75969030584187,8.896385507082623
2174.7644726668723,19.50832758287648,653.5667190070166,0.8730428881765823,117.36523841334491,7.142271833329105
2287.8566407084145,19.31323246759221,685.796892099565,0.7794173648003789,134.79464351317503,6.202622798937327
2394.3861085883295,19.258430857193165,696.9506902533586,0.745234434546978,149.10874822726575,5.502947536377298
2522.4330442063015,19.182467715174784,623.8949797315681,0.6218437399735003,163.05634738584453,4.8102657601353105
765.1530278633695,19.107734913246055,640.7762041075513,0.5584838500356991,175.58383032791073,5.479781589565838
873.4916121904658,19.80631506105808,608.1097723112962,0.5928669453386661,183.13848708636053,6.4080760332261715
698.861387576709,16.252725009177773,507.0043357118324,0.3784920666718841,188.9489929067341,8.465438585733294
569.7487697127991,9.729688212440921,23.84272179854471,0.3699728641560727,187.64100662165055,9.958765968668366
501.53341129797684,9.639489921580823,4.040268149018226,0.3858270377916892,171.2648966992102,9.617300810712697
318.9962710448474,9.667694185075963,2.3395719969054687,0.3787307112525178,148.90689341070743,8.842087660274144
291.98730207375036,9.784447296858847,0.0,0.45441274763937944,125.156655139291,7.248337326912281
243.63311002907784,9.790767204065476,0.0,0.3222736640707212,98.44613718818644,6.337087187926144
221.7378100750834,9.812238474326618,0.0,0.3228936105514375,73.70450530812268,3.5585961447477343
184.95528491001792,9.785577678704366,0.0,0.28420891996810166,52.19741075604638,1.112008509227362
188.82700089003578,9.770910892056065,0.0,0.2951457098764767,38.81237684556959,0.646073564186155
175.99716001376535,9.736004187310398,0.0,0.2848624813620747,29.02958633749434,0.29538361779602046
163.89364541732803,9.741785735337222,0.0,0.2927155013865494,21.143962332290286,0.2962395131422735
177.0643782920449,9.74578206066831,0.0,0.28666786654423304,17.661066382934482,0.6516083875852499
172.613080023482,9.723081884523443,0.0,0.38790470088487006,17.829366837002162,3.371167191846575
477.3402862460368,9.768125758299474,0.0,0.2888725387696441,21.61349603038286,11.336679719190212
560.5263649330552,9.582799343670526,5.343476146758686,0.287597738559572,30.934454101661938,11.948639938009876
604.8137108941821,12.713259452962067,17.76393572701025,0.28551484105380004,39.42448773457856,11.447946882960808
657.8290633798641,15.880908746070084,56.80316511081044,0.28148745618961785,61.10549822669764,10.036408017680548
698.5731515279546,19.10883970737736,70.50936093148006,0.29080269205103254,83.82615314887965,9.073999371838195
725.6937234973333,19.162620195385248,46.64123211569862,0.3457701743338551,103.00439928295243,7.308715380309537
743.0003751626549,19.122929195052976,89.3902613778459,0.35496040334668455,120.95037993008525,6.364437414044578
759.7269382362149,19.168730957589986,120.32689643651624,0.4401670545169198,135.05676227894156,5.647999600098079
800.1422338123772,19.184148305532602,151.2116702960433,0.3568203830319656,149.8534171064152,4.939034559380946
842.8061495082751,19.18461408853724,137.86067246907118,0.28080816537860837,164.22138735846758,5.622940026237991
843.8522326002751,19.15636117117327,111.06911161174075,0.2902260700490586,173.23605234316284,6.545627000391114
685.5386400514041,15.987737457519566,123.21454113803128,0.2815824845867218,186.32351349517427,8.633136912462998
566.1109019597168,9.728882692431265,87.90457152386723,0.28922226230033526,189.91258685815006,10.13498889978926
518.8758040566352,9.739685341073985,28.951752396796167,0.284477851570035,181.20181322741885,9.667765179567478
357.2100700717053,9.734276849591195,3.9633672122311663,0.2882421238519894,163.19972481289994,8.879257872272698
319.4775901022244,9.818313033216986,8.096407443876275,0.385301438881677,146.24174408084477,7.27361969387859
274.76035948077526,9.832410308971333,8.096213248004792,0.2890245939398887,126.7371126801639,6.348132678029746
257.8063898679153,9.851969271212987,2.9824658084496205,0.29297669591051306,109.11991372435264,3.5584362731453094
227.59133399043472,9.82155746182828,7.678475465262829,0.31737797614353636,93.88258388936144,1.1103094906004134
233.3567774721302,9.819532877294266,11.952811385166466,0.3270749321995513,83.68517438578587,0.6433275806256018
221.30345247808677,9.804653851980737,13.746176962474857,0.31776821464862326,75.01973688520297,0.2936419325489671
209.67884048552892,9.814005680776084,13.597245104269737,0.32612096944440294,67.69359813981009,0.29390043404558847
203.52845619790307,9.818936739126544,12.346875806968367,0.3184410355434479,62.908571017148674,0.6449948058385276
1331.3777191064896,9.820188476188761,14.148300667826756,0.4221001595578887,62.75749633076208,3.338776862469649
620.9631497380285,10.695515248430953,312.9006720438268,0.3959533490500586,69.84050127887389,11.71998569106687
1407.3296139335803,16.421390703488644,232.44956650754906,0.7580250637232328,75.83353564289891,11.746376701324989
1803.2316714556289,19.671628435314233,619.0055159161936,1.2619452992394575,84.9214844236042,11.270291131807625
2036.248994897071,22.45213441503145,757.7687749592295,1.3533592217186179,92.57432916931849,9.809279051548083
2276.377344815111,26.421370731925528,872.730315913183,1.3801420583123338,110.54327588574647,8.847552612549748
2507.1523068499973,27.6823182572151,983.5767223476172,1.623213440796122,130.38083480061889,7.104105239944075
2704.573319805754,23.892691840913013,967.3783997569174,1.9249256549139282,144.65493569748716,6.165612934330897
2879.52902117744,27.426377475353682,1048.8638566334014,1.830060333566206,155.23158575240734,5.467251484789167
3060.77753558838,26.027463977501057,1085.7330919227418,1.2130342229607216,164.9877902921407,4.775189065564689
3216.6506680068646,24.602318042132868,1125.3051064995104,1.1673128693754897,173.49559485622498,5.42903503162987
3314.861752603304,20.895633214276568,1133.0957421489927,1.5005689923520662,178.2293350338053,6.304653111100067
3152.4635701633724,13.610958614776926,1026.957403850929,0.9548648807851595,171.04483892628048,8.292026898657868
431.0345488440166,11.200898691002312,720.8062783754659,0.793281859726682,164.49063720873073,9.735091393294889
514.5350229960576,11.777369845747582,601.2209982980012,0.6203367452997752,150.53358946846933,9.355821629139284
310.7327207879864,11.758879927916311,338.50602996971463,0.6821281467410117,127.27275627125853,8.626949644265862
283.38291550616475,10.04983861940747,251.5361782263865,0.41398535972023714,103.82725531578026,7.102686835900297
237.16702208726232,9.814933473554364,0.0,0.3113228334954683,79.68199253477106,6.220948728437677
217.13334412292213,9.73291644814756,0.0,0.3219356848393436,59.193454385243314,3.5427724027971177
182.59822854130903,9.713962836629028,0.0,0.3143253979308872,42.378151825624755,1.1084142479111732
185.9132227789253,9.71007450275629,0.0,0.3257968323636868,30.741864814988244,0.6444529022895974
170.5152200792467,9.683248455810563,0.0,0.3149778345026536,21.178730117100248,0.2948911681266162
155.80455461262116,9.694991741859956,0.0,0.32537726875865514,16.200846035727842,0.2960170597194765
166.4516177996956,9.714445926691507,0.0,0.3164163031763816,14.287551776576267,0.6510726960640725
5.315253614221598,9.702352744625609,0.0,0.42057093734247164,14.052918187606771,3.3672276982449483
1252.2684812847137,9.394218332738687,145.26979760596726,0.3817400173066858,16.432841287479313,11.220375750948987
2018.0744491679698,15.949724804836011,55.356026755259585,0.7542343165967808,20.529403522662925,11.706075529933528
2346.6264012511624,19.256948932394696,477.7500473880126,1.2453732131783413,28.157881180709452,11.195392989089271
2523.8205596521716,22.110106527656516,631.7468287176887,1.3452031366780728,38.82732257897653,9.769999360399073
2708.4256548845533,26.085934307992286,769.3553913819952,1.372632289095035,60.814784414954275,8.81759041761664
2870.082973501377,27.390344925136095,853.9768482811861,1.6138314883637976,79.36627252487014,7.082378723585206
3026.1251031617358,23.671277422270435,849.9108602120488,1.9176126552583799,98.15224306430562,6.151535718409803
3174.2280003947812,27.20205596202281,953.8856946964847,1.8243116678832738,115.54254698078691,5.4551255411012844
3328.5581763867062,25.843197598373607,994.1997267124754,1.2095290684259448,129.28198350977118,4.764695376826397
3472.509972729514,24.444476853032125,1044.735465341825,1.1622598520297605,142.47768304829313,5.417386843800315
3538.3489981849725,20.77302850081276,1068.864571841611,1.4971471546629789,154.32153877311112,6.2908777877055275
3451.880320579405,13.540486843995417,999.0240854076249,0.9507389130975704,157.6571953808048,8.273442207734147
469.18893340371693,11.13656608853773,760.6649945754856,0.7918628874686513,163.41194094839636,9.705333818642979
570.7663826475127,11.734705308693975,607.5840380523628,0.6165843704173751,151.68740835708618,9.330682479140693
318.7580409685419,11.707135678849511,335.8090268551016,0.6821321843454249,128.81595689290288,8.609054136607474
281.06464612324413,10.023243978832758,254.0720274359819,0.4124030364233978,106.87928675045417,7.08789957715209
230.73865363200701,9.798803495381128,0.0,0.3147816107930644,82.24233746352998,6.206293523510406
209.51548250385045,9.724853847589404,0.0,0.3174383361023145,59.984852750752346,3.5349758771265964
173.8083519857961,9.707439243242929,0.0,0.31761428548682974,41.522987685485,1.1064063525808465
177.81513314827743,9.705457170453554,0.0,0.32172876316559934,30.38698094745986,0.6437025553420679
165.2531027363287,9.67930764917297,0.0,0.31411350700801965,22.356754173407836,0.2946269311515641
153.75902663914383,9.692578026595106,0.0,0.3258062964698284,17.168380763416895,0.2956419752258095
166.24868610321016,9.706835922573278,0.0,0.31548333912405646,15.10931200354339,0.6499920187292831
369.15591631586096,9.690833277211572,0.0,0.4213756807075157,15.415736602000512,3.361141451470915
1677.0993428119186,9.308577283051624,151.50538447866145,0.37919119017881814,17.93117040036317,11.048731774421622
2306.6082551228396,15.84979777988627,84.16543820581435,0.745678511136724,20.317215266969637,11.645890304688091
2521.206413700308,19.181971150369062,364.44702226797403,1.2403212490096733,23.422727794172246,11.141923312584778
2638.2615931761898,21.945998227004868,433.83839738622413,1.3409235253372846,25.37002536279015,9.741540795579441
2782.6933898534285,25.88364795610156,538.2028053059884,1.3703047159146033,35.2719541091623,8.806743163152692
2924.6278700305165,27.205759469587683,668.7863323504996,1.6116783367393583,49.11326899014965,7.083505247602397
3051.8752712706037,23.55626922354287,701.3126066722651,1.917009359544497,62.56944225500979,6.15463697138327
3133.6421174846873,27.0988636487158,768.2629015635462,1.8245187393278741,68.97228263129338,5.458284553482629
3273.532820795018,25.764540133173917,847.6707408144043,1.2108175734855848,84.93127787372632,4.772611071824723
3343.976642351987,24.39827235174265,853.4903631212467,1.163009699803026,90.93486153737722,5.426554679889263
3434.520137523338,20.745179676190542,889.1357283518997,1.4993341972769438,104.57970936143053,6.307791927710387
3287.748944012186,13.526271919548872,816.8872218829747,0.9513924484545156,111.25060933043746,8.296403829308431
337.719775168284,11.13284833737077,573.3241068936514,0.7957519742845739,119.38899497409709,9.736137616279892
391.9112616218047,11.795764943230855,444.15023171159976,0.6196491888934256,111.49863695647667,9.375601533097164
251.00870693529973,11.78179987094008,225.59117891895653,0.6853869053702668,95.93812522599468,8.652880299956177
239.16178454831515,10.051567909131714,162.41748475936822,0.41246935685117336,79.00524200683039,7.133395812622383
197.91460794751902,9.802828095603715,0.0,0.31812876490201547,59.422629760135166,6.247100856263047
180.93808224182303,9.743092696918,0.0,0.3173326099635974,43.703511904304634,3.552372408092456
148.81875784257645,9.722055604168073,0.0,0.3217832086242312,30.936467046502845,1.111391716928119
156.951298057666,9.728369581746534,0.0,0.318904095661177,23.25876115443376,0.6465304545764006
147.5187032520962,9.700401410590942,0.0,0.3175819738334029,18.424966146148368,0.29570686078574365
139.2542249185369,9.714931739224305,0.0,0.3231799275957266,15.884819768005448,0.2965333213939054
155.1643138706821,9.732110040400118,0.0,0.3155392603746629,15.501914463716544,0.6512989132973899
442.8470491378506,9.709531297583855,0.0,0.4214946609742923,17.0830548702468,3.364028541214507
1727.3740899635347,9.338043162956234,118.17452350755241,0.3794514194671776,21.7353043599616,11.051271935966133
2310.168787922631,15.8199984999907,56.99519395332647,0.7453480658243589,24.960109977903826,11.638882977906208
2526.3511569459743,19.159385905219654,331.4686362798075,1.2410579409094873,26.44490915162941,11.136525636448283
2666.145404617549,21.920248104347156,417.92827085677635,1.3426072531387203,31.18307683475076,9.73806998063749
2850.6693121673584,25.85909778130502,605.7354518733393,1.3677844559533028,50.45640312864184,8.801087389898793
2981.5467561472,27.212718872020496,730.233650333839,1.6086852160931826,65.07495827770612,7.0713895057954606
3094.996779231354,23.54964362596242,713.7130428407557,1.914124296197685,78.6780528448945,6.142577160270466
3224.4270339953587,27.071834288752726,834.7536881731494,1.8231092232703627,95.09396488326215,5.449496286465274
3356.0619368818075,25.7454919135406,886.560387652365,1.2087935153165952,107.29241601277916,4.7608750542791825
3476.356499305401,24.365331078442683,940.5829971865014,1.1612438501975115,118.7678009732537,5.413817718352376
3516.5055406535635,20.71639869107216,957.6228409239174,1.4946430100879553,128.02156869367016,6.288089989914654
3418.9410191409,13.5064036216515,891.7596824019314,0.9489869315806994,131.09588492466662,8.272366858692966
381.00952026869794,11.112327815570401,642.4669896166673,0.7951796880963782,134.75668111690254,9.705269973076133
444.2563023759023,11.759163375654994,516.4203834429117,0.6179035082321569,123.0634416663472,9.34273617079195
260.32480012385463,11.74358961540132,250.53992282300797,0.6827071304520607,101.21072014318263,8.620081960838874
239.80509459567602,10.033179367194213,172.59368380107858,0.4091770609487278,78.9734624207313,7.110424481506363
193.91127450851658,9.789564004499033,0.0,0.317319464234685,54.25481328983276,6.232810367138902
171.79077889292105,9.723176871679145,0.0,0.3164911974549711,33.23447769576563,3.5502034219387206
135.12954913375148,9.700413163332117,0.0,0.3222121151682644,17.48794945941317,1.112716990173559
140.2453573856162,9.70752447201191,0.0,0.3180489807781182,12.915419005156936,0.6490907307574229
129.42492988284835,9.694033638883475,0.0,0.32267801427720993,10.784274661587018,0.29689729132534326
119.32418618307769,9.718086835391942,0.0,0.3194661735843173,9.111772295104844,0.29774484986644295
133.3042197632694,9.745373841084023,0.0,0.31752100003133443,8.566101235283536,0.6540520399339065
336.00847114156704,9.717599162849506,0.0,0.42055714559023105,9.965941074863618,3.377299092591001
1644.6264979713085,9.30444908635312,70.6071796870589,0.3802503895153517,13.25581809780283,11.054059647006575
2208.6633156526727,15.779967419599178,28.409236236362702,0.7448559035399636,15.449740036415946,11.639034792164878
2424.0061496576477,19.137907968400256,269.1949148950423,1.2416218646103143,16.598941396037,11.139018057879385
2550.7039352327065,21.890765382239838,330.96764519318725,1.340961404599459,18.86811073641179,9.744840647264082
2693.6911675101214,25.82354820755216,436.74176925587415,1.3707360792769607,24.235271721780595,8.81119487006182
2834.9510113219094,27.158050116017467,578.1109440039371,1.6105399203089776,30.15533764009609,7.088857434408178
2946.7446823385026,23.525805683702682,578.5401153112306,1.9176206343059423,37.17085991792471,6.160048282496745
3079.1342445239206,27.05080341417278,704.6305092816718,1.8264157387153148,49.57081474652588,5.465209831381178
3196.7621164575785,25.742214809805695,741.1107577145259,1.211200497965916,56.757531564519255,4.775954132377969
3333.123894503002,24.365927588064714,818.2491080321319,1.164616859949897,69.91387482137418,5.432697808806877
3347.1944041373818,20.72708715002212,821.8256138603792,1.4972909713824427,77.0422049505535,6.309422267629858
3224.1959231795167,13.51466190588978,738.547767063582,0.9513377819108174,79.68932461308417,8.303046614483247
277.02052152799143,11.118235286117685,441.5160701484585,0.7988640917572052,80.54311137339454,9.744191511879976
337.0982607108104,11.820303165835547,318.3108099830599,0.6219790978439088,73.15674587778469,9.414332687641704
214.00210801177354,11.780081723031417,132.9434761609089,0.6879256107525566,58.97274065382774,8.699504039605918
204.2987930439894,10.041102666891858,98.25951098701638,0.4111235944345272,44.941816353649564,7.1908849192501405
164.02423611702196,9.786180960468958,0.0,0.32006151586044806,28.617754646042677,6.2944588195971045
146.61553770714877,9.734010107060866,0.0,0.31693856532345455,17.940835774432795,3.5797312491324815
114.46089628186517,9.721922957791461,0.0,0.3232544442149122,12.713535853997952,1.1207299407827533
120.5798894063979,9.753755216338975,0.0,0.31891263468586273,9.809239632586243,0.6526619601275916
109.04260012912329,9.74094530543888,0.0,0.32303530112905393,7.473327968035015,0.29830998040420525
98.64607632032079,9.764648602441836,0.0,0.32031981364150863,5.6142798228512865,0.2993597788434989
109.60093452396326,9.794078042500166,0.0,0.3211026531267728,4.5443901923230205,0.6580402057365933
104.88205241762468,9.761845149093599,0.0,0.41959517544669117,4.750796610815857,3.3977249164911947
347.0564726416819,9.827164085208414,26.74551471308015,0.3921318736260293,6.89529021519264,11.416106482766521
236.2097654300456,9.638106593824057,2.6927090380271026,0.5041520134258907,11.251861964432127,11.941827666591061
965.803311114043,13.044541112987586,55.56383329260173,0.6402692259260526,14.108941739462432,11.444369742803683
1255.9630756016127,16.317407470487034,139.5527664195859,0.8247819942632237,19.91901100139032,9.925842504225912
1532.4433608018937,19.4479982867059,185.85434487924155,0.7605335906723367,25.411514202183557,8.954771483262745
1619.9617580826477,19.400025344513875,214.11978420457604,0.8780114638256586,29.08938984458424,7.195860052560022
1722.0168241086014,19.206974754085728,249.0423867512945,0.7847542909577544,37.33252059705702,6.258029414037811
1815.5474911916615,19.182655141415633,256.54221011007445,0.7506516684636136,45.201400840373374,5.5547313990805085
1922.9229188483914,19.122079556076017,173.1838983005241,0.6267393544569546,54.91949023724676,4.857687676398752
527.0240724421501,19.02005415652153,219.99556390750527,0.5630421855476422,70.63184505104246,5.534033480815628
672.5431497342549,19.810767778873373,205.1713456701909,0.6019319413371794,80.84776328154742,6.516267615980039
500.6556906717018,16.20469389200035,169.2973005275211,0.383431302332199,93.61309475720533,8.597237564201853
401.94923947801675,9.720145648780557,8.789167562727668,0.37644650033406796,98.53449977062107,10.111212560773103
344.855626263138,9.679512433268926,4.167417320164641,0.38771266472590005,83.09770391729032,9.706121319177635
216.9694038125572,9.708331076567536,0.0,0.3808003690387847,59.68805525143609,8.92003197739903
199.34489413427005,9.800177637052828,0.0,0.45511582957164876,37.39688647555593,7.332369380849786
155.21581522182944,9.773559350654551,0.0,0.3184162653900229,21.202055416132154,6.421500827596678
136.86705162228017,9.802017096006676,0.0,0.3281400411464057,14.708409292662507,3.615649197887592
104.66946434649223,9.795125657632006,0.0,0.28602404177196905,9.581964821470011,1.1301730234181349
111.47491873018605,9.832444642333748,0.0,0.29638232007263937,6.742331485607391,0.6581187251123813
102.14377160485577,9.800213198484517,0.0,0.28744567228238643,4.971222997119472,0.3006442273732311
93.53099249408214,9.815233778086009,0.0,0.2932346482318717,3.769767084493674,0.3014569960821348
105.74337000921346,9.829673163452505,0.0,0.2902468054633737,3.0976088321506405,0.6621081579256601
102.74604620539125,9.799941764583867,0.0,0.39009642238041126,2.0397797777111117,3.414288166720206
345.1514854660701,9.861541818060825,0.0,0.291996416147014,4.077668052670191,11.467530988296803
435.80726100552,9.631448110309274,0.0,0.2821321737569032,11.066602379790224,12.003268044843226
473.8037933379451,12.712571857204559,2.117262415457905,0.29253430880139375,13.499682144209629,11.483330197724603
515.7175948082662,15.876509422339304,11.860862364645321,0.28291282503119636,19.3813433095807,10.073089858934864
552.5575998008086,19.04935264391591,9.61928206917302,0.2903065529143709,25.442360882552578,9.12048943714271
578.5324469530261,19.06013848721369,6.161085858430062,0.3473650517033623,30.951638448197055,7.3555545897688885
593.9154993373066,19.02211634624269,14.658370476015278,0.35412335977570913,38.02449165578697,6.401697253034865
602.2582820005408,19.018938381908683,21.38176262062457,0.4415221454167649,44.46891439753913,5.686621621575096
619.3483947632562,19.03103612998142,22.619690739259923,0.3567698267541901,50.70123464595352,4.977001857769047
644.6613825547656,19.014476318240654,24.30787443921214,0.28276798258223473,62.95718360035626,5.67135006373794
666.897235173736,19.02730392741099,10.578863381392946,0.29024347435107134,75.67898382418231,6.599411371554212
470.4928829022658,15.883483604864578,7.236383809543446,0.28374732428847627,82.11802339996936,8.699146826951575
372.9851718932313,9.697946638821456,9.646954153845208,0.29023995189047797,85.76439128752874,10.245738580368876
335.6228582131337,9.7328785438388,0.16444388528166268,0.2874663414710063,74.20514350405156,9.764632602350742
230.01228532246637,9.738267822412872,0.0,0.28389953988342226,56.49027291856342,8.966469357325236
199.81000116519385,9.801488135876824,0.0,0.39238584424002854,39.353170985921665,7.358461604006258
158.95081856856154,9.802635363156375,0.0,0.2868739907627312,24.50678136469528,6.4384665737893005
142.9840679153601,9.835958950197355,0.0,0.29553804964591673,17.880193497502503,3.6217151049096654
111.8276755499407,9.826409206607053,0.0,0.31914786932789413,13.442188567700516,1.1312452133654634
120.18110912110347,9.849603446211859,0.0,0.3280537553325819,10.915498279971017,0.6579855025339744
109.8793494874184,9.80922431766551,0.0,0.3205412801738372,9.012569195018353,0.30045843961758467
100.2651705185173,9.816841887124928,0.0,0.32701559518185946,7.500465865475452,0.30112381865540944
94.54979809275163,9.840689242048365,0.0,0.32215705032829667,6.811363194232928,0.6610337489179259
2318.9375003760183,9.874219328913922,0.0,0.4253231753558937,7.816730482591579,3.4203471950234596
89.37962550487282,10.86767168600135,8.031855101638827,0.4017016083469939,10.749656414436805,11.914561227968251
840.4798324160223,16.25374831484302,0.0,0.772059489004491,11.957322917699402,12.03445708607497
1062.0127406315587,19.54974517351765,139.20068140343204,1.2739491056756103,11.172169934315566,11.395326870881119
1243.8349241770504,22.37954948940553,173.4707677199315,1.3689315116010037,13.18081768727606,9.949949640966942
1404.9017330934466,26.37239333369119,192.5038634856834,1.3973635549102017,15.238834087234514,8.991675028743158
1550.2488768166916,27.678263692635298,230.5191026951079,1.6505149858898622,16.26728417976997,7.238490549638386
1655.699518344226,23.942587002213205,184.277259832129,1.9571460759810761,12.19287683218651,6.294450218381298
1813.9175117999844,27.453784220465998,243.828883309629,1.8629574826158304,14.551347697704157,5.586756705214204
1980.101902362142,26.13177997149647,301.4346998162422,1.236333687732452,17.86704558796486,4.886510250332353
2103.5711867326654,24.73903326121299,334.16188211947804,1.1936907927829497,19.148647333705046,5.554868542282692
2197.9042684625115,21.046994771626572,356.7836241065406,1.5279308012882604,21.67598246928773,6.454756556538826
2110.619864226339,13.72185429533236,312.5685335259796,0.9778323636369383,22.40858253346042,8.490092880046694
190.19067725344118,11.258659271669455,89.64929822066573,0.8091924028341942,23.532574338537813,9.956245103662734
255.98558350204786,11.89223504271592,41.326691652019434,0.6429124931017086,22.4728703672851,9.747769945462515
152.53415605209014,11.80177726020577,2.1448844631999386,0.706791184554346,20.485215283906197,8.98497259642295
150.8248460967234,10.096332769511616,0.0,0.42942615653386534,18.378882526098717,7.427494951952845
114.4689903380902,9.822619339562765,0.0,0.3199171877314493,13.914969401983079,6.471352139554055
100.10894091199835,9.886637094709494,0.0,0.329026676241703,9.253956356786635,3.6376369818362564
73.67851554078747,9.886045508487763,0.0,0.3205873191092635,4.875667223496974,1.1380837062116855
80.59823912981155,9.923411052796034,0.0,0.3297848335343474,0.602347736422753,0.6645239169867243
72.24906788823745,9.872233628410218,0.0,0.32239182983776465,8.8142648287457,0.3041750367394205
65.20639412818817,9.929012889632881,0.0,0.32921936589006506,19.73416525375965,0.30613299284010087
76.11406152468217,9.99950745799899,0.0,0.32428397248336244,25.770540241357953,0.674087097630108
1041.241864875047,9.984292258738076,0.0,0.42669733625243494,25.722139706689997,3.4796703619046236
757.6168470140785,10.709407172726543,19.588090832572192,0.3981786826599451,22.02937747542043,11.840546433789676
1449.0931628670412,16.017519427778637,0.23607429534874771,0.7595792654115568,13.02736176101709,11.911567015653395
1677.3920497847328,19.375956808465077,164.03495049365225,1.2617503379884953,2.963304459743739,11.309750556202673
1851.9195140559048,22.143205970862216,287.1808658330157,1.3578423690595214,12.123924012887974,9.873435718886292
2025.7437560264957,26.18431940359084,367.2776508310173,1.385210160901118,23.572653247057158,8.915072138525986
2199.141633488883,27.512355081438226,466.5212964985739,1.6349774073115453,30.40607648249294,7.168904519204358
2359.936403024036,23.806306680492927,462.27218051347455,1.9372212697785847,35.68293243013495,6.227419225411159
2511.3726678382404,27.339712714854116,568.4373778338971,1.8430901387898315,43.388294973029225,5.522211643600381
2689.3103334058524,26.003745345872428,660.6272210106006,1.2222265456713972,54.60105124017621,4.82526305868951
2868.679307333274,24.61454557163002,760.5047288850924,1.1795255244678933,66.25663494008403,5.482925421706584
2965.306752713428,20.931511402107976,824.5681975716775,1.5080767152018661,77.73618244066498,6.362838819061605
2821.1176453579087,13.64695465215646,685.1761169578479,0.9646934473348885,76.26888244272651,8.36250862182186
266.1489370703822,11.207289704767453,378.5356420696162,0.7990992966999418,80.43706387988237,9.8161878478958
324.6906573173075,11.870421708481036,246.0285233849651,0.6276326099652638,72.94578798976855,9.477089642479756
205.83302940206696,11.823505551116064,65.81563473535314,0.6923637773677408,57.97615583241644,8.760874740087674
193.74934894410663,10.055147386024386,36.19621518653581,0.4222668366584099,42.01859476827704,7.258554242337364
151.1941225709182,9.788972779325917,0.0,0.31603471976739195,26.21370313748456,6.358631648439966
131.60713243692106,9.793802553907955,0.0,0.3270978431639357,16.975703794453384,3.596900068888366
96.7798192042087,9.787742405953395,0.0,0.3182660668173605,11.031666473113347,1.1261332581819108
103.86626762125519,9.822979132316775,0.0,0.32734893481346156,7.719465055724528,0.6568141976793886
94.730937104899,9.79225646514135,0.0,0.3199392836072684,5.712063425433261,0.3003597506659393
86.06843550391098,9.82168911546895,0.0,0.3266497034643915,4.35337450944097,0.3013451573096369
98.62738517026571,9.854186281824266,0.0,0.32210175721328654,3.698216611261844,0.6619878889613259
252.48068384077303,9.82332685253468,0.0,0.42358001953636276,3.5778783115393034,3.4134702915982973
1213.655933880192,10.251608090145307,12.049911206501797,0.3916596512543328,5.161643221450089,11.608477536491533
1820.023318133705,15.83265251769351,0.0,0.749437650339768,9.648413326838346,11.720604642222737
2022.5954547581073,19.233455630559394,181.32711997873167,1.2524935913155701,13.872953994764194,11.210556076495793
2217.522671289716,22.001620196309634,291.4034590068446,1.3496082843140826,21.248791632980417,9.809291809726139
2400.574352916998,25.98617724607108,435.95370605412995,1.377486318500239,28.639486156586184,8.861930185627687
2557.4403645477555,27.339411804092695,539.5094753202007,1.6246462047688206,34.44512887317715,7.123507924886317
2704.238383988151,23.655854510881053,547.7284980438068,1.925352781362675,45.08330495487822,6.189008080372976
2860.4237084664464,27.189254815413246,696.4434818845662,1.832169525885446,60.32637048846939,5.48833619753169
3036.85602688274,25.875161822922372,795.1508930457516,1.2147854688771966,76.28221614823974,4.793326209875393
3160.5702880325957,24.49209008965845,840.8234524238825,1.1721363304885803,87.22447402846676,5.446055184454318
3228.5623575183195,20.818813640173126,880.9509750694027,1.4994161984876002,99.84651206836003,6.324520284011041
3142.556208818238,13.572040256919061,811.2298160430075,0.9600455709360429,103.09330814168825,8.316089813528277
332.4375923025003,11.161133047148123,541.3261373126248,0.7944781185388908,106.55783116071828,9.754274639100698
367.8507789799814,11.81250699227418,364.7225546215289,0.6223412206221616,95.72597693524223,9.39438157530289
236.67939754126564,11.788847090240218,156.50180677738743,0.6865900017730628,80.98528776863326,8.682900596549583
225.66057415322635,10.04768922081758,91.58622685698738,0.41730222813794415,66.08763725726145,7.169789898609498
184.4325125068304,9.78355511676901,0.0,0.3131570098871479,48.58615152612207,6.284955786436795
166.59047564759607,9.747733034295551,0.0,0.324786879253333,33.496000554079565,3.5623799779422787
133.18728635958857,9.726553887202277,0.0,0.3168974443650861,21.80588747514666,1.1150543587152195
140.16081705335094,9.740058134491708,0.0,0.3257666826556661,16.756142096938742,0.6495184691137044
128.58198501105585,9.722478060212305,0.0,0.31788803509725755,14.230335528744996,0.297173571579581
117.59473516892692,9.743358848267611,0.0,0.32460509740491195,12.241518647357525,0.29795957038825693
130.08911944609545,9.770480868096906,0.0,0.31983232174005966,11.205117873680443,0.6542029696459378
151.598505576612,9.739635587995044,0.0,0.4207479105016052,11.90513895535192,3.3776386861396417
1470.845406424259,9.358470730124044,47.79614054422588,0.3770920698291698,14.934242061040045,11.128163098112944
2080.0687281127553,15.80689808017802,27.41052927019667,0.7464703894992832,18.55759791019749,11.66491846957721
2356.793910832124,19.18156854361583,332.36914766457477,1.247447713443316,23.67621955696018,11.159495288485951
2527.3036608575403,21.96747720814403,513.444483782461,1.342189202769601,29.87652420319061,9.75180638065476
2650.1792386646243,25.959021145784646,557.8608505231256,1.3681957214592135,35.87424968433566,8.803802146944179
2831.364764724374,27.24683137889757,720.003051833188,1.615871709822581,56.344370764516725,7.08239459322536
2942.378217331784,23.59209842104808,691.3553358124208,1.9141105227354478,65.53111092299073,6.149038689679871
3060.1059449180893,27.106368076804383,785.1904030688394,1.8221640917955988,76.366786145422,5.455575760929583
3170.4698376602073,25.773777866843606,807.8760310348491,1.208956400591409,83.32685248908885,4.767932112809561
3247.972343811223,24.38863165552116,824.145997025349,1.1676168038991068,88.45392465176727,5.424194830948201
3230.0680171394342,20.739592055364152,752.2231209822281,1.4945292149182348,85.36763191652142,6.304796261259625
3067.6371973398095,13.513136932819807,664.696089416917,0.9587360505934831,84.62825821918834,8.305301111623068
242.68092853110716,11.122949756472492,334.881367140724,0.7940876987405088,77.84158642758649,9.752413567737555
302.8353996944055,11.834397482453742,227.49977291065784,0.6257698126590046,67.45122288746872,9.444042190134573
201.11785620187874,11.781931420818434,124.12690878159229,0.6901103620097144,58.91984922712465,8.733251980928696
197.40663667761515,10.054528076338729,85.45651050586287,0.41779683748293467,46.43913986309404,7.195589500808259
159.26948981585667,9.783634881747746,0.0,0.3131611651870937,31.618912540615334,6.29954330143714
142.8489109541151,9.74393145399443,0.0,0.32449689517566865,20.76719026944771,3.5772192022025067
105.61806419122586,9.734792264967485,0.0,0.31718516320715595,13.780471111759935,1.1199253594760812
115.00005094208697,9.789063910345048,0.0,0.3256171228994338,11.587238392912527,0.653140230147958
109.32316028206928,9.761187250298658,0.0,0.31887917240356173,11.015578979531261,0.29853723353522216
97.43083514405977,9.775956794755167,0.0,0.3259108799447298,8.936233248101871,0.2990188954871248
112.17811514554533,9.79920378867807,0.0,0.32091986278146084,8.732614992536933,0.6569790363811429
199.2230632072307,9.768334529077354,0.0,0.42166258516033955,10.809513870134683,3.3880570140931647
1499.5957148950304,9.360548081296418,42.46733601010595,0.37627156251883936,12.711993036628856,11.11195581435441
2050.245595810529,15.788945941672136,10.871265756303456,0.7457719041544958,14.585155481330933,11.656138161780857
2302.5502463111084,19.158141456427426,230.15934174762594,1.2467879838398357,16.708032247604837,11.156201680590984
2435.7291385668464,21.90062198076418,298.0772642936108,1.3425755441646765,18.329869683414024,9.757359969481168
2554.747734138732,25.84414024148638,349.5349788042225,1.3709445389555859,20.73160819125451,8.821471464487956
2669.1155279553805,27.149990616428756,431.29395983354254,1.6184299721353008,23.35416857249836,7.1006452399671725
2772.6681411392783,23.514656755223722,427.59860497750486,1.9202256128820545,24.816274694921596,6.174862556248799
2876.8606110606597,27.031053165359808,546.3775510868812,1.8278962440439208,27.4374815957969,5.479433579565984
2953.743960191889,25.740550550231877,560.9444256134972,1.2135451074355112,29.121063448691384,4.791276881006457
2980.2549262531015,24.368055915070457,507.2564231663107,1.1720943155179941,27.78471902743955,5.453221074054679
3055.0332630623257,20.712701896000414,536.5461417159531,1.5013922218072928,37.32434617590225,6.345162412376519
2908.3294693260973,13.511384595351128,495.70334083536096,0.9630480703136596,44.1718430481187,8.349953918914446
214.80674629819308,11.115360665826014,227.26798929144493,0.7969397944453377,44.700476353856764,9.798309017792176
271.5220133122262,11.8505074360518,142.84443022564588,0.6299871377625638,41.492615054838176,9.532255989219728
170.10764170856044,11.787443347185746,70.01940561211697,0.6948425323044066,38.672596950824115,8.811300911475913
169.39539146643008,10.066300788966746,41.567121323999494,0.42100017509251547,32.71107682817249,7.264848234436658
134.2035182320705,9.78498888963792,0.0,0.3157166949277622,23.565553648200677,6.355665161095519
120.40019903323271,9.7912057328128,0.0,0.3251123124343387,17.18278157163338,3.5960745770854716
90.56477481097701,9.798244276409672,0.0,0.3185114175894158,13.399089090114114,1.1249899980223694
100.79800046255426,9.843549425692082,0.0,0.32628212159718517,11.624797335083752,0.6554270465032948
92.59586570345095,9.807693657319549,0.0,0.3201424119806008,10.398048362031407,0.299452200571321
85.02021227222382,9.81823663298206,0.0,0.3260060210023111,9.452270445686688,0.3001835262089819
99.7058702009259,9.846319944558214,0.0,0.32222615724003134,9.076092709863778,0.6587318215859663
97.29207448410665,9.817701562249887,0.0,0.4231411884794147,10.079444553027416,3.396190632679812
368.36264226439255,9.878096731890414,15.23239583521456,0.3867044095539685,12.797205982118102,11.398446392088523
190.7318610740348,9.625963326274812,0.0,0.5131961656249615,14.591639663246957,11.934621744596615
864.0417532002757,13.061657539464022,4.220832766705581,0.6419726385541416,13.448019220499507,11.462584327474387
1122.8018864508324,16.29899037475988,7.009338973812553,0.8228141678852133,14.617471081911555,9.95041531677645
1364.7020476240634,19.34273627414198,8.598052504518735,0.7599411123764899,17.64100827152145,8.98266085569365
1457.631918766812,19.278019030650302,23.89508173400337,0.8848628710319065,20.934273539916134,7.221458543668825
1570.0447563418788,19.088957851698183,89.33853421997527,0.7906533830464962,29.147391274839034,6.279817513067552
1619.8714544370769,19.111744024472415,76.15279373407206,0.7537994689660066,31.186923283621237,5.5728880966563406
1685.2926855549408,19.03725945915067,22.15955182306413,0.6286865181062973,35.595354047609774,4.8758382250351335
494.89557151558245,18.95532237147125,23.39253692903701,0.56415118381554,43.44108279625982,5.5544661239867175
601.9047310833876,19.618417549747875,10.97834400674095,0.6079590570412937,51.64396825918866,6.59666083489444
401.95857215033794,16.073308673106848,0.0,0.3830866646673298,60.67484730126904,8.690292518340184
301.16519948284844,9.682707312705602,0.0,0.3881533194464389,67.28446815126964,10.250235404464707
281.3278957976709,9.732714637204685,0.0,0.3820646733859132,63.43713349714123,9.772793597268029
178.94610171037152,9.735941680920567,0.0,0.39079904175757685,56.23275449530949,8.9639623399409
173.9742373621667,9.843840781884186,0.0,0.45018731399873513,45.51846807369584,7.3505700346877365
139.05924130918936,9.833305111626144,0.0,0.32804448963938115,33.09048114600489,6.42128359952389
127.78103784780154,9.872288807906486,0.0,0.31796183215920537,22.90200372455886,3.6087586738708812
96.03083137994612,9.84908828179839,0.0,0.297493151869956,15.049601329374566,1.128324859400468
106.77006220725667,9.87451215890706,0.0,0.28752515408941265,12.736123386323065,0.6575348590770206
99.2099868130288,9.825169997338257,0.0,0.29483613483841214,11.578642581696622,0.3003205067452533
92.28779123210595,9.839221550241847,0.0,0.2888964355076967,10.75517217919646,0.30082484541207444
106.43278471302762,9.870773132347743,0.0,0.2944799286925292,10.173252532042719,0.6595506553265349
102.89331373949611,9.836698781072041,0.0,0.3862042504773898,10.780040509969924,3.4011885376013864
368.42193747999573,9.891614686185495,0.0,0.2949420965752024,11.641003766500406,11.418082974061976
426.2606730160443,9.617552845010989,0.0,0.28694436490064146,11.909760984111951,11.978950294439535
446.8978387728178,12.723820480450716,0.0,0.28189636422491215,9.785838887517139,11.483589621091804
463.34106089469833,15.885248884488869,0.0,0.2915906393479137,9.153934091790536,10.084540970080129
480.1450626491079,19.044388239768846,0.0,0.2837911725892536,10.298783545739285,9.148788709072749
497.7378225491675,19.084156420594216,0.0,0.3547771779392202,11.959781406526643,7.385305618946618
511.46509837358764,19.03732821812419,0.0,0.3481542782942952,13.331365631570417,6.428872350595998
533.5411886769386,19.014252498223687,0.0,0.45007869622957647,16.299611333675767,5.713981393026708
551.8705104141644,18.98386599444217,0.0,0.34737167385862733,18.369679722092616,5.000412179926803
564.3365771845974,18.958043496926656,0.0,0.29128247534339086,20.173080543486783,5.697635791824155
558.9874409018569,18.962172897327427,7.961497104711237,0.28240137735584664,26.217364032350535,6.635445092601093
395.2662144323919,15.873450238567175,0.0,0.2901312187709748,28.190670135028544,8.747870239212956
294.039598154687,9.678314645857402,0.0,0.2859861172579143,28.047911200905897,10.324695340835452
256.23024297478014,9.69741649436771,0.0,0.28590699459916813,23.169597876531157,9.857186604892581
164.80363316708812,9.726206436021156,0.0,0.2923484626406265,19.27540641784741,9.052409944599757
140.7338030661683,9.847142455202105,0.0,0.3835521658670469,15.282914404453996,7.437667826666652
106.41475224553218,9.869840036946252,0.0,0.2981673347892663,9.75011951417445,6.50141821812408
94.04350436956592,9.92354198989174,0.0,0.287768673465644,5.16056852789279,3.6566977882893275
68.45509811720163,9.902801043932307,0.0,0.3301376437465674,1.8255070403240643,1.1442151513360355
74.38314176243874,9.94769996813376,0.0,0.32340089490985613,4.867743796048026,0.668356774258612
64.63953974745716,9.932349871682518,0.0,0.33056973596968814,15.205141029794161,0.30600076937551446
54.58516662443433,9.998139318800169,0.0,0.3241630168513653,26.845450241836375,0.3080249506695244
53.45548217457457,10.060486580950567,0.0,0.3306324738364995,35.41375651296144,0.6778406950509591
2852.389577161444,10.080136302222714,0.0,0.4219652900677501,39.35152325263488,3.506836241227981
189.204656475353,10.875306707117549,118.64751567146784,0.41066047087238355,39.80597465889155,11.949179862362815
676.313994910025,17.275575343288622,39.154568786360805,0.7944999960147661,32.487482328796,12.494816666847305
927.8476208801114,19.79805153589753,170.61340121260451,1.2892748012521575,26.277771606369512,11.580399427952836
1124.9849888516042,22.544798420989917,225.63856411070853,1.3738366683411596,12.13803622514149,10.008895526522096
1335.6577303587328,26.517853852457844,294.29843791144265,1.3994918230619147,5.438674313246319,9.016441690857551
1526.2204138376921,27.819452252088333,375.08912531779134,1.6424375350055724,15.993108519171875,7.236027402712659
1699.0129210278496,24.066742612421745,348.63864839290534,1.9563899709799855,21.69835208149771,6.284673923217265
1872.5558764245745,27.59782003847457,409.4511702713456,1.8626566219835856,25.883393957504534,5.574019428900161
2088.8252216608685,26.235027444196888,484.6150648046242,1.2352386060625042,31.675870060730404,4.872732870930568
2309.239701425145,24.816798354423224,566.9346398318864,1.1900409383305324,39.16739508365238,5.535909569062994
2404.797579086624,21.09080683041866,659.5205877014271,1.5209388363240364,46.73299589091689,6.423963369533611
2392.9201185009906,13.755252417500161,586.1746095747849,0.9689477927314644,48.02787509493759,8.440929893729193
268.32625270849206,11.293307122259707,311.4690437012381,0.8102898016416321,50.695648506031894,9.895262811170316
311.4735896771536,11.902264018897224,94.07152865410603,0.6312292804113326,41.081628109653074,9.558779919545078
179.991504869381,11.770258987334472,13.544424008030228,0.7014204464069952,28.68904831822322,8.88912338319999
165.31635787254532,10.059411412950002,0.6149361734135781,0.41878156286489565,19.56894053499326,7.369879188427801
126.00777978234876,9.786039415706009,0.0,0.3285296673481171,13.033023135796281,6.449096817289873
110.15318810139799,9.831177598242595,0.0,0.31880999634208623,7.774522721360719,3.6290532310774
81.4497852666094,9.828899301575458,0.0,0.328096703598281,3.663169475797384,1.1357602223239534
87.87666703943738,9.881313347096732,0.0,0.3214375748628995,0.6976841261639917,0.6632532506943535
79.76813665424143,9.84957725539154,0.0,0.3294398766492955,9.097362947275958,0.30348146974889956
72.22541996973031,9.906041778009143,0.0,0.32256048615273797,19.960055156452228,0.30545484571030285
83.19285720573835,9.959560629936268,0.0,0.329384961563976,28.208409851756826,0.6726219247356615
1016.3140698645791,9.947272128945643,0.0,0.41959464343620234,30.464301232799283,3.4747507643205604
734.103593152407,10.684069042282468,47.960734631479184,0.40571071937481595,29.235507687399544,11.83058267253448
1408.9742832170868,16.090795073498562,13.289166286426381,0.7638502562303408,25.00615052418139,11.972281694148675
1629.129270620063,19.42961507955438,131.5074706616882,1.2647925542918261,23.657739747546003,11.346684864002718
1750.6009918604623,22.159627809746855,148.1257719579827,1.3603650888322973,21.560084239444407,9.904179941601088
1882.6764731794453,26.118639198910913,146.40907977710555,1.3896997614917028,13.589680270205232,8.955805712490013
2000.893489006336,27.38595269819479,174.40982904398498,1.6339901915894457,8.378932503259557,7.205303888218603
2084.417218949082,23.688071465489763,160.41502654400432,1.9476391260665387,9.89152719437169,6.264194125086873
2190.5749864942272,27.21635068307004,202.910064683375,1.854897993629653,5.86622115879317,5.559322450636158
2273.5695291746433,25.897389593238714,210.68203390165414,1.2313853810369764,3.7425100637509683,4.863264047819746
2293.398039722154,24.508629753798886,202.0345999465654,1.1870467735940375,7.07212087464842,5.533434026465565
2364.1187078812313,20.857634769859803,228.66529673627704,1.5223981934534583,0.023201674159950114,6.440408825197967
2259.155904684003,13.59570824741244,210.36072767874273,0.9699902151037527,8.566770863913597,8.46890216901083
156.1774196355373,11.18218490895765,43.85799068338665,0.8124965090178743,12.7556460147242,9.932577744786176
216.7759904487017,11.886177264207022,9.136021478166569,0.6460809716179035,10.86178153275025,9.817180407583535
121.20700783934156,11.785426146975963,0.0,0.7101391160072676,7.849748977668165,9.044218475974832
116.73694734343779,10.12824263277746,0.0,0.4222079445490119,1.3514236318731914,7.4690672537058145
89.60137143211948,9.843938708141591,0.0,0.3298977018581077,7.217274063496566,6.518336859429928
80.90969864332291,9.918839135652279,0.0,0.32053930583406476,13.329798956133285,3.6748742688051808
55.591466825903034,9.947207231135845,0.0,0.32938361090890417,22.059708724204416,1.1516068203424796
65.4669063928286,10.03658789949096,0.0,0.323300087701497,25.935173489015757,0.6744229120833051
60.76881283437232,10.008584211795059,0.0,0.3300688654368368,26.99706141679507,0.3080085563048794
55.409726915140546,10.017261610279402,0.0,0.3239437522489395,29.11897157918503,0.30863258146680295
66.71476253277217,10.044365728837885,0.0,0.3309583450031468,30.442739929220338,0.677016895068391
635.5708945020203,10.016911786880346,0.0,0.4209724731496634,28.813828919154275,3.4893146488883984
1018.1914551557679,10.580683957374976,40.771146334507705,0.40367465513417006,27.185765814900993,11.788068070267057
1591.305543208329,16.00912313116207,14.22881046443926,0.7593778737758868,22.990667972407916,11.895065373833166
1740.8520665126835,19.376847609131094,115.84482176618445,1.2616994189285915,23.184720093197615,11.317105377547238
1825.8942803831978,22.103142914239793,125.50529004088138,1.358608799122626,25.739675360158287,9.890277998659075
1933.7569457594514,26.06758883502441,120.78807682491768,1.3888970881135128,19.97438006522116,8.952282540114966
2054.0290742019965,27.34680953987091,142.95958457457766,1.633867586645505,13.402670422876902,7.206656625585939
2112.0990819068443,23.64805291520418,135.79018127125516,1.9474112957796375,16.222684705986186,6.2648499800265665
2224.6258096891684,27.193335441644788,155.60120801537977,1.855304324261604,11.362941748393082,5.562160258092767
2337.028633322111,25.85409330867187,169.8444045087714,1.231709249318737,6.46804181305969,4.8656935106442445
2414.113110109313,24.45828120605539,188.10983833119468,1.1864506851549872,3.341336818252083,5.533080565768021
2475.885065707415,20.815263022847383,212.53881453730978,1.5208648337663184,2.8963112189749998,6.431424599781634
2350.198392591109,13.578378788977169,186.15816728743525,0.9687962007821183,9.693701966307819,8.46044336083249
146.60392303463263,11.152117315592768,26.90474120946692,0.8120745009653013,13.938431571856457,9.923628735598415
207.49602112562602,11.880452578637012,0.0,0.6482254777603265,13.275763056383424,9.844589415057133
112.56859848760246,11.79286721644743,0.0,0.7117331694351673,12.165521561077735,9.058326155120927
113.8033949597452,10.151996040535943,0.0,0.4226763761238893,10.11478410455609,7.465375835601004
87.03585193620917,9.870460510626145,0.0,0.3301008139155308,4.576389950778143,6.502304088192963
76.97520722586992,9.932007256532586,0.0,0.32072754141726073,3.801927240123782,3.658826135518323
53.86017944765593,9.938250143242144,0.0,0.32923594125123645,11.313193245717152,1.1483879414238423
63.63934195152973,10.0221954225669,0.0,0.3238760801236346,15.538892706922786,0.6725923047148482
58.15327275151145,9.981447507259972,0.0,0.32999787361314187,18.790310939445092,0.3071461417138559
53.2134434997756,10.01113133468822,0.0,0.3244211706595377,21.489930722570193,0.30811332512365286
64.51966782807465,10.04816326321094,0.0,0.33039245008634116,23.118126340009876,0.6761465849170534
352.9371131455938,10.019202036223659,0.0,0.421456838062568,21.787137127830455,3.4844640821132034
1160.0390098972925,10.404157443214364,8.598182807847019,0.40114085852319725,17.31800160848752,11.722323100008005
1703.2355943952768,15.90278809778194,0.0616445471861824,0.7540578235595411,10.45705648414397,11.802531860110163
1853.7006794833565,19.29819779811807,118.11981217165398,1.2561681019359423,8.222552451854687,11.261962036814248
2006.7094798590329,22.03222567818795,179.88760431542053,1.3549205425781858,3.934100512689741,9.855587611793915
2175.0418986032023,25.99363075251314,272.7141562545568,1.382899941999729,15.546861221920926,8.901567356959234
2330.2755594484674,27.353165249518113,364.5225641413078,1.626161806469089,22.95344280463264,7.161410995766505
2453.8907977335857,23.68669653302375,326.914937277444,1.9375378453908139,25.75825683513353,6.223827669345754
2579.594307600213,27.19512053623233,434.5973394142671,1.84505201408672,29.176186719089294,5.521714856383908
2739.965645167618,25.893868196193388,527.1981178910471,1.2239856398177094,33.399168906400426,4.827804375957678
2835.2614125436767,24.524774819831958,552.354569897511,1.1782368625919653,33.623607520333394,5.487856752717352
2949.259034769933,20.85590415683181,613.4811422905324,1.510204039161322,37.14555784212154,6.37745867593287
2839.115469167488,13.601942483784399,550.3299202462641,0.9610255083926195,34.74191615703115,8.385296656579948
236.2413252760731,11.172787748886455,261.7941630943203,0.8058109206190147,32.9020542611733,9.83617551150281
286.82116365364527,11.854989122487254,47.6498273624987,0.6299676715042383,26.85087771170883,9.557243873984227
162.31148365749678,11.712418683312713,2.091728819131551,0.7022472848385303,22.247269360420532,8.917557220836443
153.44475251889966,10.040112113889,0.0,0.4194928268236574,18.70947854076227,7.3867205137098395
118.33446865044444,9.789882179948993,0.0,0.32785372009742564,14.126727135151654,6.445103750469879
105.98380405058504,9.847649816417908,0.0,0.31895220640513866,10.091550839871646,3.6243356861983993
79.7546376015709,9.843389861451476,0.0,0.32690106008143277,6.696601094991077,1.1335964099589668
89.89636153496797,9.8776966423386,0.0,0.3215466403432602,5.333954217202135,0.6613346153446155
83.44175338845507,9.8386382305003,0.0,0.3272804801507305,4.2009222512326625,0.3019204525354212
77.02312355049452,9.862896323391928,0.0,0.3223085785582568,2.8564157283167604,0.3026911191001076
91.31787098572467,9.892031042916868,0.0,0.3280879461370832,2.2339132820925323,0.6645271716933916
26.024934281686445,9.850845950443063,0.0,0.41868184922811613,4.016789236629748,3.423599055659412
1266.7347509009335,9.579404526404401,7.539157964706946,0.39143513376656675,6.318871852449936,11.36193453330367
1809.6434133633732,15.833438806346152,0.0,0.7502311931513228,8.651620168477786,11.723806111663093
1992.1767527483194,19.24631413773225,133.18998660155845,1.2528961041216338,8.315964118759506,11.219690382508997
2093.4698467102494,21.97761227960865,159.87503446827822,1.3509010752532835,5.5726499005151515,9.82124378428128
2231.0702904630607,25.919528674593042,164.2061255760389,1.3804131658315413,10.304183375623861,8.88566237057414
2377.408808963079,27.207434078323153,222.91561325048465,1.6243307048606377,16.07888905303165,7.155617418773743
2483.7869607685448,23.556595422397486,211.68009858187605,1.9366856050496966,17.544277739769516,6.223066499373607
2588.812636352419,27.074929449726035,323.18275488174135,1.8442148067566029,20.072499300853014,5.521218290830041
2670.926707356917,25.809148658459126,352.236846324257,1.2240590267700537,20.963092612487994,4.8299347658504646
2740.9808140856703,24.444222156871568,370.7643345329407,1.1793946879065664,22.257053791534673,5.496357237412135
2801.8308893190897,20.79800117696257,391.57302343513305,1.5129638873206896,24.84610447838372,6.390844344972782
2660.111374358151,13.564808562789237,329.36261139379553,0.9633874594375026,24.925464632187822,8.40989735565918
199.46579416600628,11.151918544218429,87.57160615926416,0.8082589615871589,26.45436898891173,9.86793008855748
252.1418389829379,11.831518158169631,50.178847544164256,0.6398473736657985,25.075616454503006,9.699189800004838
151.89407162152392,11.76344588216484,3.283766748471093,0.7037730296974998,23.809538447232967,8.939086955861661
153.63017839464197,10.076574868672518,0.0,0.420213568503407,22.17995846002654,7.393649982891401
120.44952952984973,9.80331018399197,0.0,0.32809793457142356,18.299121964990118,6.4434444655131236
107.32198690803642,9.855544140183964,0.0,0.31906523791314206,14.219578093927186,3.6202113290443805
74.284357648474,9.844000778664203,0.0,0.32707936284671035,9.241816732266573,1.1317527764071633
83.69668325939219,9.908994548869604,0.0,0.32205070487472526,7.2337645787251565,0.6610546906796808
78.07128305836822,9.876383559258274,0.0,0.32778922463749316,6.51793626840794,0.3019792512838378
71.18818573203536,9.898868726007347,0.0,0.3228488626195274,5.11700051042645,0.3026371183998467
83.23190027507941,9.926185771546535,0.0,0.3285145952707666,4.266950811012823,0.6647702224300733
80.55052796248198,9.882480606825856,0.0,0.41967848402879304,4.252878869464845,3.4279045675081212
313.8903019911304,9.930648606756684,3.154977994594939,0.3958772201770359,6.10287459652372,11.499492171288116
30.588523483657564,9.657311155053,0.0,0.5131539863182139,9.762876298973968,12.019864863862653
819.9004643797135,13.199520020800907,39.598343071903514,0.6435357298787271,11.651706036936444,11.59869107534436
1046.1860994263611,16.397881091679135,110.24589753351289,0.832329137027622,16.557770262449083,9.98034283324865
1288.4959824482478,19.55294938827996,151.17820293303873,0.7625454305687163,22.452662475722306,9.005511573133685
1382.9239547545187,19.511531796126782,197.3566564135073,0.8829479981187088,28.127763141475583,7.237215834588807
1478.5143858065387,19.33559400563413,212.97754685769362,0.7889859842720849,35.38910395317821,6.290986792221121
1580.241861964941,19.2916348255624,211.76695936506053,0.7548007834780768,43.84490159365087,5.584338305625125
1677.2733769905587,19.218100531982152,165.35022061584075,0.6302884669535653,49.84781379988857,4.883216886316985
521.1713131703274,19.13653732557399,188.91978563585883,0.5660933021800812,59.60306742377503,5.562482701332623
669.0487542123535,19.83637218012024,198.1979140667478,0.6043746029156835,69.79760310316306,6.547282150986008
467.5067432637714,16.23538234151596,118.16474071415001,0.38508297081288956,75.96531143445436,8.626214532821548
372.1739714209224,9.731275979624199,4.198008255101701,0.3775748311071886,79.42970048305419,10.170640090076661
318.3271786540631,9.692582560494012,0.0,0.3894783446054538,69.25348976686321,9.752705957804432
203.51131976582033,9.731561755017275,0.0,0.38134648754057204,57.74525019310655,8.960662347382145
196.40535013387256,9.836363861522683,0.0,0.45729762905479837,46.34258666746797,7.353547808722168
156.8051318236327,9.819324882352653,0.0,0.32353912803169776,31.766015966949787,6.42441462481814
139.75701484082504,9.839006728440465,0.0,0.32511280861948627,21.323596498629527,3.612033407880231
106.68180451599925,9.821839401079599,0.0,0.28592053317700844,15.023359983276825,1.1294755128806866
115.50402358863306,9.861193164612866,0.0,0.29829274969306857,12.467591549725238,0.6576310544375448
107.22318405437463,9.830538242844971,0.0,0.2873448471089834,10.923785710116434,0.3003129634245377
94.53193533766303,9.843707300563352,0.0,0.2951809619777919,8.371086038778575,0.3008658849550526
109.13262996618028,9.867785597567892,0.0,0.2899776801292862,8.00920425546988,0.6614196706940263
110.82929060348727,9.827532737521972,0.0,0.3912247250381143,10.128324555174963,3.410186963135166
351.37260073236723,9.87536119527716,0.0,0.29147174596922576,11.471500815766879,11.433956947615942
421.94164364271194,9.65824769540198,0.0,0.28631556352840665,13.53021159838832,12.013178266353707
467.226217559675,12.756630662152839,0.0,0.289610219137357,15.01535335071687,11.50839740170568
508.6265776635428,15.909188720170956,1.478008689058359,0.2829428713804651,18.330972090073338,10.093761499032793
548.782087917406,19.066042986791064,4.9657782732401685,0.29198383988221455,24.218905719021617,9.144599254021692
574.5571008902382,19.084760165840258,3.6550737034022642,0.34735810361160013,30.765243064830294,7.371803234901018
588.3435598546497,19.052081656661944,14.717526101991025,0.3556038757229535,37.49756991751548,6.414278263207409
605.8436233276552,19.05334866577799,10.181582705056448,0.4416049181578459,43.96109125070954,5.697241135206453
621.9938883457028,19.036154574057242,7.7434543944121845,0.3583663450255317,49.30788269263786,4.987240703534545
626.9112449229694,19.01860764375815,4.341560558512671,0.2826653309164378,54.728379862055675,5.683869502234269
621.7732350822323,19.025347262157702,0.10668702685538833,0.29127757330382087,60.04429992621773,6.620253277815699
437.55252080380706,15.901804504106618,0.0,0.2836418796898675,70.14563083502797,8.7323484198039
331.06091241110306,9.714200206138322,0.0,0.291846489771498,75.71777449133708,10.285173147963802
306.63085852108384,9.762312506968946,0.0,0.28775218099253136,69.86996757836553,9.804683543618578
197.76822247349074,9.774353954989543,0.0,0.2850870419695788,61.12669060631218,8.992205560847307
189.42282178891378,9.869483432206934,0.0,0.3932136505273767,48.95074419268946,7.371785304882392
152.428060180708,9.849108111461401,0.0,0.2869999672852296,36.62654702122239,6.439800928221342
140.93000284202722,9.880046869681678,0.0,0.29767396920335076,27.699065302747147,3.6172930996319157
110.13103705399476,9.868555245564554,0.0,0.28726679297068625,19.326414590295208,1.1297503647824407
118.44148650440759,9.890092606445934,0.0,0.295826501127068,15.373273444117682,0.6575430382734104
106.24162151948663,9.851956055114334,0.0,0.28900019782807906,12.776957553041495,0.3004219113846683
94.59706139660123,9.858761033867228,0.0,0.2947854417196509,10.611816839565066,0.30118943108011675
105.44640117737356,9.887197461033887,0.0,0.29187175715068303,9.08010611878084,0.6616417360574256
100.10458160756758,9.862739581832333,0.0,0.3882638221661658,9.014597787316497,3.416067156093471
360.39017969320014,9.92779347237109,0.0,0.29604624971351856,10.953299237451573,11.473911557610087
445.43472580955824,9.663572326486628,3.0919285020849117,0.2833160496815051,14.483960872627666,12.026860087889414
488.5094249332147,12.748783141876192,8.88837406811108,0.29258723806248443,15.448541280983662,11.510623527642462
522.2057888665915,15.926256938972259,13.752525269456882,0.2838445659665791,19.036151955046048,10.093454304280401
546.0233092828789,19.095743960317787,7.398776096654017,0.29054483425125877,24.0270113670867,9.144944250240789
568.3108656662907,19.11179057592742,8.99786385796743,0.3487100232092552,31.25731305896571,7.379989405871125
573.5163756904808,19.087586104768228,11.75150980231011,0.3549963836492424,34.838425215616496,6.420900809319977
597.2429056864219,19.076612344598832,14.101564008082407,0.44321928281732315,45.01012442076367,5.7074373112126215
620.37836885065,19.075307731364887,16.0768385046265,0.35767396505782656,50.06946482925601,4.992815985278076
658.8552592615196,19.051264012467453,11.279079753759069,0.2838932696352614,61.594945158604276,5.688262570709548
668.1576084611743,19.045636767315717,13.307383277364439,0.2905513129061903,67.4932736087739,6.618655273807633
471.75841876144506,15.912419393891401,6.780514101223745,0.28449432715072,72.89370247585391,8.724581690711144
386.6945658192198,9.710525335184629,7.4872023954543865,0.29025246173289093,75.45844769580252,10.27983578488835
316.2923731520506,9.732269650953638,2.2044940573376364,0.28821753978849757,65.28728821088265,9.797400084981437
226.61470459232066,9.757669554036799,0.0,0.28509214331169835,53.189821063296954,9.000441376289519
199.70352491986995,9.824719807473315,0.0,0.3921220963282986,42.103685834927035,7.381936451755835
157.81994240236824,9.835364539039547,0.0,0.28794744438053,27.64738744473591,6.451283418285871
137.64336416900417,9.873312823055214,0.0,0.2975323495981405,18.09361015024548,3.627824284372244
102.58287634243653,9.860443050114524,0.0,0.32039218634086436,12.434073931013298,1.1343669476582365
109.10633155095933,9.896640800349783,0.0,0.32909620645253074,9.577056941239995,0.6609024056238111
99.94621221222498,9.854855130272838,0.0,0.32220312501080417,7.813067631974625,0.3018790762779434
91.71356415829524,9.869499033948141,0.0,0.32911515129440805,6.411107039590542,0.3025664947485366
85.7783614536654,9.900171397349284,0.0,0.32389254521186034,5.612063609519207,0.6643803403402182
3506.6601999546046,9.928842990709393,0.0,0.4270762974508045,6.147047338356198,3.4392626414993592
528.6640165770427,10.958995949767516,2.935089255607075,0.40469722235483263,8.675006787669778,12.002373024377132
442.24019803298415,17.789061369057357,0.012137850047932256,0.7963203355466208,12.752110371638885,12.449230707818971
673.398611438563,19.828979388347637,171.26814176447917,1.2913261877610027,17.4188616979327,11.540957858690422
868.5252042800338,22.72819423860677,332.2633873052906,1.3799167312820437,25.326740624407698,10.021680107885814
1067.2149253045818,26.883441940898855,443.51585113459475,1.4036218579401467,33.70892359927348,9.023392568260931
1270.2893234096252,28.217787364236074,536.2677587361756,1.653950389030167,43.82238863806991,7.247279177640482
1476.3813303533698,24.36885923834929,516.3024593173534,1.9595273365210826,57.028480896123995,6.292072042603995
1687.3323287692854,27.924708901720745,646.7584668405744,1.8652987965848904,71.69613908628463,5.580321239311743
1901.9007325222349,26.533130255705228,728.2821573023916,1.235869669047848,85.39415764143506,4.870928007764468
2088.0463603469752,25.073368623158174,793.8228367275083,1.1919937187396321,96.50297486387112,5.532760050663288
2194.397877752827,21.29605530326555,839.6734441457581,1.524121652658423,106.62300872223895,6.421887856035258
2237.492666745945,13.874491099691543,767.559858794141,0.9750575729007257,107.10995436192985,8.440517005286631
341.41947713457523,11.37767395342728,490.3476857236124,0.8065418091443016,106.21440890877942,9.895977301906337
364.9011559708459,11.910387198679706,242.12728551504648,0.6294412549148578,89.36401739884776,9.499473684867361
225.5371285681458,11.86108696318905,93.4824919655235,0.6962725671702589,69.1031269470268,8.798980261198691
209.67933858952918,10.098349613733287,52.383971834546095,0.4228417376786847,48.258597917878284,7.266061618220929
166.06375855628661,9.82812118614489,0.0,0.31646592834351156,29.589276984216202,6.3678130021080515
147.53482040242818,9.81274316493952,0.0,0.3278397216339647,19.0253575580176,3.6054676192778543
114.99994948403447,9.800672299347042,0.0,0.31883214483831857,13.212149252482787,1.1280756313332434
120.38326243431976,9.822622988104882,0.0,0.32753282389178384,9.878551621897412,0.6570044876337875
109.06602686470751,9.79445040694892,0.0,0.32014500682904246,7.135417502699551,0.30019980799972606
98.67046411626657,9.814965793652416,0.0,0.32677227527865205,5.195476277444315,0.3011857605842806
109.4426069196404,9.852443377362581,0.0,0.32218134482505423,4.210199262912851,0.6621521215178183
1171.4907411879706,9.828840087900211,0.0,0.42405741196439045,4.497115712301782,3.418792980728121
572.4777389340009,10.761765507563906,9.584528007313928,0.39967602567863664,6.187984819318529,11.862100011945994
1307.6866260053048,16.02463719306999,3.2770573402423078,0.7592363656604462,11.137159983174497,11.877736034835051
1577.8175921927273,19.4295673272429,280.8875380527049,1.2658932446417555,17.832877524020283,11.326820271774677
1809.9576786551963,22.328982048313353,442.3476048287732,1.3605746582199756,26.964766523827407,9.888104598100297
2031.1873165842303,26.376031265000133,556.7047067771084,1.3867534090684792,36.608512971883435,8.920355759504432
2231.2080587131563,27.685278029326867,651.5974033645588,1.6351752899574359,48.473536378948104,7.16650451256074
2394.5333513030255,23.92696396714414,643.1218134196041,1.9370327288001647,63.79399758498769,6.223197796437446
2553.4658779340534,27.48139843529818,759.8236036011289,1.8435365917539055,78.70691531241296,5.518382845659209
2748.0015914813375,26.11971312960977,836.8563576740252,1.2214842776318362,93.754209027601,4.819372469088005
2938.7800516231605,24.700213962914976,910.4988951381413,1.17897228597115,107.6616653886272,5.475705884963983
3028.1716190554175,20.983938074095203,935.1316264078249,1.5081109480032306,114.753220332508,6.354656850848826
2934.0185554303803,13.672151037403241,837.0757526333269,0.9638227970787869,110.96670424393861,8.355043961582687
360.4416955409774,11.230876269475916,551.2389918585017,0.7984143388140554,106.66566060617515,9.803095091586057
379.8075420416166,11.840214640767865,307.77326290750256,0.6246705301164208,89.78300529138018,9.435189454780868
237.45299942196027,11.81328303495249,143.0862892111856,0.6907151474918384,72.15069894451418,8.738191787959547
224.0037071531892,10.070311525938736,89.08261090094018,0.4195216141991265,53.99918141313131,7.210682737642085
180.50810811304677,9.809150435128023,0.0,0.3134488347521937,34.6942379070298,6.319802516374444
159.82832681167048,9.768725484883694,0.0,0.3257475804947932,21.580044997532987,3.5870409587869743
125.08689854049959,9.755683938954094,0.0,0.317147740710582,14.40025300929663,1.1229557715089216
130.22683268874323,9.775402091058734,0.0,0.326511069123951,11.253563749374212,0.6541843204560733
119.75041206268006,9.754965676237793,0.0,0.31854063125798343,9.170954797355376,0.2989143084384055
110.36397670999003,9.779472949403354,0.0,0.32671418138812497,7.51851989466722,0.29972917069192573
121.63387812663132,9.81027051157858,0.0,0.32047896026530026,6.477713583819199,0.6587521432312532
326.36291227530546,9.790065134869488,0.0,0.4233439135836129,6.690610249433601,3.402620763373295
1103.7172815572324,10.365859415029398,33.382824078786044,0.3928333506645235,8.90281042264744,11.659053258516941
1799.0109042311226,15.918871935366218,13.99124878817266,0.7521312219602266,13.831311833716052,11.765974506851972
2035.53876636101,19.305056573464906,353.220479247373,1.256520237566954,20.09973478079415,11.245276736026538
2238.6789133817,22.178929368696714,503.9943201069757,1.3516050377173372,27.990212460521953,9.823968981941661
2425.917353530298,26.180340696850546,613.2898075845392,1.3782929895363762,37.92471422617824,8.866721289325698
2593.81481540161,27.48268239698643,703.7809695514964,1.6256024708721375,51.46789911526815,7.125492249156076
2740.5315808611895,23.760201598996396,692.9789944452549,1.9268788351046064,67.08453073976212,6.189423620444299
2895.528223618842,27.30307213116425,794.6487188741742,1.8335985109744974,81.10793089720669,5.489365240980439
3079.508106948082,25.946164226408985,864.9648573146529,1.2154167078915616,97.19259249526263,4.795317627134074
3233.89105812097,24.54405178510423,922.2718589144106,1.1719512858855814,110.33963275982431,5.449767025228971
3279.9475853981858,20.85907750913796,929.0300381537824,1.502380457757077,115.44494907205053,6.327323316535025
3140.745720564224,13.596644729551956,817.7212072643906,0.9589545470019503,108.11445213337544,8.323495563247375
335.5524048569782,11.175835294588742,534.7162217418673,0.7954408018679167,101.66294110349898,9.771061715326198
364.7544255504433,11.824455344955354,306.5907985211658,0.6231431179939758,86.57911198180432,9.417169252896368
234.63697879380058,11.79712908744577,159.15022705983293,0.6893269025318993,73.31560711174471,8.723182525632852
226.35298952446723,10.064106641950456,107.30786988504161,0.41831825966830205,59.495586143369486,7.191111090119865
186.82539115527322,9.806370012986005,0.0,0.31193995900704996,42.66783622255674,6.29791765179933
169.34246042801968,9.759408253876515,0.0,0.32584595514400655,28.46138212726008,3.574908573349074
136.80495349549614,9.740762411987586,0.0,0.31602625696038805,19.154487963621943,1.1186870716685597
144.56306290386948,9.752365349017744,0.0,0.32600524802900505,15.639046802671707,0.6513789990790583
134.79026697390503,9.728462711329001,0.0,0.31719583254903216,13.911454579596226,0.29755763677076963
125.66364270194286,9.753140344590756,0.0,0.32574876712657463,12.598879886284742,0.29819034925392174
139.71479141739897,9.78049756018394,0.0,0.31899385409867514,12.033044068328488,0.655061037824444
145.59708763836224,9.760048415019554,0.0,0.4218578660836107,13.020724813925689,3.383947893822002
1376.1694400207898,9.38633829450723,60.423982415882925,0.37691188688343125,14.280574223461413,11.16302753946915
1960.8143164752134,15.881166152867866,14.83523930969811,0.7514749842268239,15.358490016817989,11.71746662077806
2224.811874146583,19.249144357091208,230.23617104517115,1.2507491379129148,16.297399398621874,11.213147973257925
2366.596187921406,22.008805633093605,300.72189029408787,1.3487343122195654,18.329455392082757,9.805534023202474
2529.8029683699096,25.96960263642415,403.5191284840233,1.3790604900052308,24.903738029387306,8.864489705400084
2705.0960481647044,27.302224383995373,586.4103626350776,1.624324098364547,38.27175497418763,7.130199768898142
2864.8493192689048,23.665665797961317,636.4371256193598,1.927392373570493,57.22269004036782,6.191169558639571
3006.325395797149,27.223146265705033,758.9511375139733,1.8323445654953976,71.84392285397557,5.487393594826338
3129.9551907927175,25.88607207549136,795.4128329353075,1.2148366283053054,77.37398820616521,4.793005815185294
3139.1801625391704,24.49157874501609,720.2690009095213,1.1700914766258097,70.28549663653153,5.4509251047173635
3119.339228728611,20.811946013586542,686.7800992074167,1.5058402546607879,75.242082144379,6.342782379482252
2976.2779153223096,13.57635085842639,588.1804109551388,0.9604083476609718,80.12455470880802,8.354420633313122
255.87106540816814,11.163289458831866,304.21432489339765,0.7978973947345478,84.12150033612721,9.80909771721362
323.37368938302774,11.858570865875086,218.160304854718,0.6296335005562859,79.7032815643751,9.499136647527434
213.41576479512463,11.815880737241438,133.24000567000127,0.6935304698270168,72.96103728964579,8.770767276110911
212.3971117536674,10.089265791308463,85.7142443932918,0.41962723184347966,63.105880278913915,7.212643383466484
172.5283999979648,9.823114383925953,0.0,0.3143934081765673,47.20123379994133,6.312823376607648
150.85903011665883,9.79666966263566,0.0,0.32559726175727416,31.018577482390253,3.576956573018594
113.17129399541528,9.785597274651034,0.0,0.3161512188805349,17.902632056693715,1.1200174742069786
117.26730083388432,9.809809839708004,0.0,0.327929448675193,12.837061949088756,0.6536656788525538
104.03585084596678,9.7871543683469,0.0,0.31778938433424175,9.805009415467264,0.2989243347512679
92.55987045682421,9.821577276361356,0.0,0.32795293569986933,7.052026583979539,0.3000793858904456
102.60616851450189,9.857976205955321,0.0,0.3201735792335851,5.409570314611415,0.6606505010429184
97.46773663075298,9.834749918192061,0.0,0.42481329236432563,5.209324295809592,3.414672773119282
350.5397843199709,9.89234877358826,20.40888164935999,0.3859586068238686,6.385507182596696,11.47500286655096
169.66175672350934,9.656652599344534,11.547421611892338,0.5146200820267869,10.261267065405658,11.995089019340943
905.2632565372488,13.12518657258757,121.3535149972818,0.6431834389449027,12.10848022070957,11.507107021899351
1130.3652851079778,16.471529547680966,179.13714317745723,0.8226406007284389,16.811093073456238,9.96416509146306
1370.6647931813213,19.60309622165938,234.23866570643833,0.7626087245377945,22.839646814641956,8.998316316954957
1466.6319821176678,19.56596948450422,275.71494924903516,0.8871293822761132,29.302668496691847,7.232709897561971
1553.6527289818036,19.38283468441197,278.2309870472653,0.7885496961215911,37.7982774722772,6.288246492015888
1647.0587360034133,19.331053580796425,282.60111443374154,0.7545576981021277,47.61049140989894,5.583587590833835
1777.0907351306587,19.2652958294815,227.23654319959672,0.6298082214967943,57.13596662247614,4.883133567585858
540.9337315414501,19.17710193837461,256.5857130160641,0.5652416787549958,64.50473626120743,5.562032077801693
704.2587008517224,19.88949687207727,263.41652184169743,0.6024458209199487,69.06814750559992,6.536340612446299
520.3410656131471,16.266851988460875,207.79382296738575,0.3760788517876574,73.56102130250765,8.61851798323094
418.48833498811456,9.754231296900814,21.20369245085218,0.38423865629398657,72.32407979169042,10.144433604009988
322.9902726447044,9.670362894058364,0.0,0.3858622486083599,56.59422795542822,9.753091740707154
204.7281113724282,9.708094003793573,0.0,0.3837072644452242,39.29492121967381,8.985222859628607
188.77498573728107,9.814389434549112,0.0,0.4554045303045745,26.700500334571046,7.3899515995068015
146.23158490510193,9.810969072914274,0.0,0.32102946049357917,17.30846370456987,6.464379120458151
128.99009177762446,9.85660287569089,0.0,0.3277761642643584,11.66706873339178,3.636033338381779
98.58789149894044,9.842475112848996,0.0,0.2887246361359565,7.074920194398495,1.136284886292461
104.01679055669241,9.871729150608154,0.0,0.29396863592011163,4.699242849732013,0.6621361696389098
93.38926487978672,9.843606202315936,0.0,0.29068329850868074,2.241668552400728,0.3021934651163606
84.83157167656384,9.872867607823306,0.0,0.28716462275009497,1.9252357331476793,0.30330049305700146
95.10798207089461,9.90608244088321,0.0,0.2995274717757416,8.912092780117659,0.6680929339663818
91.60782825104505,9.907187968073531,0.0,0.3853265098851311,12.655615356777007,3.458053378779248
314.03348102128376,9.961537892467636,0.0,0.29992031556107995,12.80969487245725,11.613838248362091
401.4934005603431,9.706322201880797,0.0,0.28543362725693633,4.413377019877194,12.133853077554729
458.0259590280307,12.79008155600713,5.442006029724765,0.2908386078014034,3.9628866968595498,11.577375083800778
505.04227939406746,15.934318624904305,14.076043090737873,0.2852331941027663,13.976341994743759,10.12958335887307
541.8632322689034,19.122190511971645,10.458227008425466,0.28745632064715765,23.123047066656135,9.168226541072958
565.1871477863464,19.149637743685027,16.72107982447091,0.35131947051651125,29.34737647716169,7.393136892158606
579.9591369473911,19.122057970267914,45.15992241982888,0.35359861711593416,36.854660616410186,6.431293681541302
600.5058054559919,19.157258041413908,79.80517377975505,0.4442231354194526,47.843998723779805,5.7074055995955435
636.1096445831066,19.190838124444788,102.8166746178141,0.35537705773159983,58.05635495201425,4.986954607217592
674.9918348601051,19.19286329803694,49.78774603967867,0.28414521302620016,66.26499577395745,5.675516481821059
700.6714375452904,19.112008285706004,27.28623508474576,0.288090034277574,72.26873150158941,6.616380895611842
514.449143441878,15.933190591744276,21.706781981602166,0.2854711848352807,77.03719879722671,8.726405906592346
407.4193724347513,9.712307906551976,12.293691601389398,0.28295199325062814,76.48877158756225,10.276119408494186
321.55277787822126,9.722413203786596,1.6051180030739065,0.2938950672527137,65.14465975618779,9.80507843317323
237.15459223049754,9.763532707809292,0.0,0.28616032641309913,53.91760884994499,9.014418117301423
211.6850011838834,9.837721599064224,0.0,0.3910547095814779,42.461482781597525,7.391211955267122
170.91034320866785,9.840455660067539,0.0,0.28897078749226673,30.756495434657698,6.459003158754763
151.9443000880422,9.870795143990826,0.0,0.2950066333302842,21.041884163694945,3.6284893912700733
118.71721703979264,9.842426574491942,0.0,0.32136558166912665,15.260576063103489,1.1335452248498905
122.98863620400442,9.869762131869933,0.0,0.3273855772666677,11.863603442662717,0.6594271252920406
110.6848291934773,9.846012419229854,0.0,0.323256254713886,8.869514526051965,0.3009482092514437
99.28347472300455,9.870784368999606,0.0,0.32138197794523626,6.459520134550054,0.3018428211498018
92.24073564747864,9.897037916269811,0.0,0.329780171012992,5.602692419316695,0.6641901216651671
2449.9612418097945,9.922805466425062,0.0,0.4261578505586653,6.321666314903302,3.441999068923666
39.427594946912265,10.911178046673143,4.990888002021757,0.40513497316668906,8.673763037975535,11.98465771737646
743.96829338587,16.362981832135677,0.2659289793458903,0.7801275493825514,12.254873349260835,12.172146186806204
965.6655218790942,19.691983905349353,103.86217282360128,1.2828189243200707,15.127959031852722,11.47958476271117
1160.7569622005005,22.50136658733091,158.46105109441865,1.378880985213627,20.67769923073931,10.021809965226526
1345.3514275266116,26.541837174495424,206.10276592025804,1.4067699749811848,24.648713450053375,9.050124296422494
1541.88414151079,27.874875608991438,322.0323104428529,1.6582311073998097,29.56251830242134,7.2798813815579
1703.43384490269,24.142727764489734,288.03891249552026,1.966575525788204,29.81048754821022,6.31963761347832
1873.6574873402026,27.679816813618388,386.44372167865566,1.8707633535269252,32.271682376380234,5.605698831394192
2029.063077366841,26.34504069693648,406.3020228485926,1.241666857055266,33.46857450858406,4.89896750507792
2152.057456321219,24.909072025275275,409.5433261858581,1.1974161074439291,34.26188289815244,5.571393176354476
2261.0108798774068,21.164150973613946,437.787491677711,1.5321034953243247,38.12417689628374,6.475674394532459
2105.4209537747793,13.794881309218795,323.4967532970157,0.9822988339693276,35.0226519005176,8.516903611431612
204.83651897389777,11.320457845401167,69.07602292100941,0.8125283884417226,35.85973343198042,9.998191110439643
265.1416297541023,11.915864600041091,40.82096594267055,0.6470403283607135,31.435428135243775,9.792804778039068
166.67437158155101,11.842821578020663,1.094149746930518,0.7098056807195077,26.825229055086012,9.01258959319776
158.37629736737867,10.124426893310382,0.0,0.4300521022859342,20.763938682600507,7.444486070956773
123.1104683197971,9.859880507676424,0.0,0.3210448901398269,15.863667723402527,6.493634581144293
112.95029056125291,9.91142398501045,0.0,0.3282204597736713,12.532433343154272,3.648908962139216
84.97815407304628,9.898609299214991,0.0,0.3213001556486179,8.585366532220743,1.1392432064713522
92.83787846809066,9.934817737952033,0.0,0.3293946495709996,6.4185845432303,0.6639617618700147
84.4642207132195,9.900037301562493,0.0,0.3229328023993767,4.9546652075370545,0.30280574726279386
77.11460216341223,9.926084522645583,0.0,0.32925007436948994,3.9297959033529337,0.3036959709666863
89.16035548043051,9.958860674246361,0.0,0.3249783472199604,3.5980349644834235,0.6681304202410813
891.4673939207826,9.924587787079153,0.0,0.42692802299103827,4.323733944537691,3.447660169557695
729.3634714971212,10.736409689028426,2.1345409963140614,0.40000311936115646,4.871693601354442,11.879401296802454
1387.7810100235467,16.032408413102523,3.6889971098305896,0.759982218420979,5.54101217282919,11.898284153105491
1602.4177408411438,19.4767247889281,116.91535479026359,1.268598493813047,3.9954457044429286,11.36557050187219
1741.3065323114733,22.235861952244303,140.6085282250455,1.365929242296765,3.9456937380410606,9.939694104751858
1866.0324584259342,26.213609211571644,150.3383711671109,1.3952022106816437,6.853836907515208,8.989243807091643
1982.179122475667,27.5223871479443,175.7695369270966,1.6490924835810719,8.480881490786352,7.239277074865874
2050.7262348155004,23.810686156266833,149.43838932423884,1.956808235762048,4.148877107523602,6.297822743650667
2169.2961546657457,27.347491518482894,200.4763058520455,1.8624607550142573,7.508979112969462,5.589115617425908
2264.612007398858,26.038193206760837,212.93903299845374,1.236356371825658,10.006249232038833,4.891127007417622
2285.536739648917,24.64572859753704,210.8527243433075,1.19422219222701,5.026725527538366,5.565893505836385
2351.8289920624266,20.970824462723414,229.26692635212476,1.5323553779629508,9.609318417138258,6.475478019274138
2234.5158525245115,13.683267509591277,209.2971429706637,0.9789005369966548,14.233840229346054,8.522319740715787
152.03886574777894,11.242033119954598,23.586065765902926,0.8111968915208142,14.818230539083745,9.996147814820464
210.780637736708,11.932400458207717,4.9714334693251505,0.651928583311239,14.254574031515805,9.909839337074537
122.27630381745993,11.861632100657324,0.0,0.7144793431722558,14.554480378122093,9.104914281418894
120.60496792639144,10.189426785661636,0.0,0.43248546134886284,11.917724720455913,7.499769190526253
92.99567426145097,9.915224173181457,0.0,0.3207506018424,7.034804939271011,6.534558576028445
84.0375172148138,9.972577350433193,0.0,0.33103952018283844,2.8199533257064267,3.6741718281601825
58.90754026104956,9.963958283926665,0.0,0.32136203395142765,4.416968947650307,1.1493151861025572
68.7773142048432,10.040787747943355,0.0,0.3329201519122178,7.429307332024795,0.6733887945982767
64.09245869438877,9.997858540428838,0.0,0.32349784868388604,8.236150248931493,0.30673429135306535
59.03083005600337,10.018262281648795,0.0,0.33228565353683115,9.381172350857948,0.3074022304310736
71.91626117913401,10.053447935197033,0.0,0.32520421787617254,9.102301149781393,0.6760773195219146
499.24022192552445,10.01351619863811,0.0,0.4295472285009468,5.979212850916074,3.4846317876222415
1005.2017176116698,10.592828724043809,2.7516444583862225,0.39647078422118287,0.9916192750537087,11.834628180812498
1581.4663279804047,15.988255645811856,0.0,0.7595216546659314,3.1069651170077637,11.85869205811887
1749.0610632479518,19.427362782690707,107.57744468748258,1.2630630839656087,2.4310618318064687,11.338742313948812
1883.8235121833056,22.175205117109805,123.19080656955386,1.3638601730741717,4.904030394340572,9.9254359232261
2024.6776639811735,26.141430349108592,131.88166141683567,1.3954977678830165,10.588031944721447,8.977519159462446
2153.078503482527,27.44697598370083,170.39417480431555,1.6454317831267584,13.771402031230423,7.229119020068045
2225.9452310205074,23.75872473597034,139.6330840331285,1.9560923172085203,10.774568926309342,6.288022572426405
2343.448280308423,27.283546444184285,203.48227061580644,1.8603128328681162,13.642909495345314,5.580223011932053
2444.3147877314905,25.986318482824686,242.52897137007415,1.2356596390162005,16.272579693306902,4.8830006739784375
2466.039156680211,24.616075012960724,225.83426225044363,1.1886347795283092,13.294014378501737,5.555935736533564
2529.3738581473135,20.93828966026882,243.6386073891891,1.5330099202870446,16.323649191150967,6.463793693499795
2400.3163394363555,13.656730533700765,220.22603986347835,0.9742976006636463,19.06282690836381,8.507172827316548
166.1131909586019,11.221172351610882,23.11787137604675,0.8107772814298843,18.91208027865839,9.979155144628132
214.4806280465459,11.92673632913506,1.9750262113949142,0.6503493529316157,17.742573988770634,9.892072023608643
123.48514138450196,11.85521228894285,0.0,0.7156396429792241,17.643700650166657,9.098320077254995
119.3453623812728,10.19156501400324,0.0,0.4320161063620243,14.526398847138275,7.49062114282126
90.34304965910088,9.918242377950172,0.0,0.3277859255753444,10.591588233310416,6.529816869930232
80.76828364396364,9.97862231459987,0.0,0.32397536957652834,6.503153433616409,3.6709698193491156
54.86925083500273,9.98514934931892,0.0,0.3242550435327173,2.50601863768502,1.1481554222029644
63.95686701461791,10.05924477170714,0.0,0.33087007486117215,8.943393971975118,0.6738997482541079
59.351594371799195,10.03653799246708,0.0,0.3223311310752891,12.06488906497918,0.30736427112014797
54.11859694179771,10.05258382028071,0.0,0.3344621997914915,16.160629424321513,0.3082882044769654
65.100914504289,10.088997460019563,0.0,0.3237707001854598,19.941557756627233,0.6786242237876406
296.55075477708647,10.063031073891619,0.0,0.4320117167397565,20.7081924565023,3.505087614863095
1082.7917452660738,10.414109888056027,26.508873476388207,0.4009674229161217,18.23213120349258,11.789835049027367
1609.4536520385045,16.06141952140399,4.901135603507778,0.7614775734656672,15.053056778782318,11.932993547276302
1768.1810497139172,19.46461968059675,104.60100114553487,1.263402983405153,16.509011949488944,11.37306670277949
1888.8410918802688,22.20534267809268,118.38138231938382,1.3667933384267497,13.7640598163635,9.951005433287273
2012.4784808810323,26.17145388231375,113.58966806188563,1.39839251891874,7.277278378019805,8.998406640218311
2181.705913044212,27.448951075456982,164.98914194204332,1.6426042831769851,6.811479678186167,7.241690688665292
2316.8150209381947,23.75463643256487,214.78544991904832,1.956358139065446,13.118432073607046,6.291209499471524
2459.780182441424,27.341641865315314,333.0742569069051,1.8621079582741644,19.496093257720997,5.5781983355128295
2611.8886099109554,26.05893748924743,412.95605906305764,1.2350738285076288,24.490318322529653,4.876843267048934
2736.8308651471425,24.685619463244198,472.49488278440725,1.1871765537981955,26.812075252378087,5.544393560471836
2812.8158964166223,21.00244824264068,500.57366237117293,1.52592161920542,27.877111221333912,6.440803393943104
2641.543234507945,13.686940476855671,381.66524771839374,0.968630741374831,24.53764176093136,8.47231574176813
181.37049198374763,11.242951177592909,84.24461249566374,0.814345346385525,23.204144680409133,9.944918869037991
234.90316451098295,11.932384178902286,23.215951647031552,0.6441615622414137,19.69009911716778,9.784415339293732
133.51626014192468,11.8355305794123,0.0,0.7110028683875428,17.256154238212797,9.050634364882235
131.49804519681186,10.16764394184022,0.0,0.4237338019163007,14.158759039741145,7.481267405794583
100.7248542083822,9.892791543542863,0.0,0.32969282764665164,8.538292368134073,6.521143174018434
89.71248672453822,9.94082556964342,0.0,0.32144276898774,1.3900972614197478,3.668609521994306
65.35401658861105,9.929604191344838,0.0,0.3298367184407597,7.2179681168993675,1.1488820903369568
74.58515854122591,10.020748948954001,0.0,0.3245704825295895,13.609732503019575,0.6728985849892996
68.26725102315659,10.007269013562949,0.0,0.33026791041199294,19.148559908130682,0.306870339347059
62.52117024803423,10.045621423818,0.0,0.325187650083766,23.4195221089227,0.30813489824880497
74.16016976903236,10.076297151436108,0.0,0.3299165684457243,25.972205700772744,0.6784917155662001
163.33814360224738,10.042002542028593,0.0,0.42302334290858284,24.78904129802544,3.5052915538604745
1146.4958608806871,10.190643072569147,25.326726632708915,0.3996607949431001,20.4287346841657,11.737579651823213
1648.9909148574845,16.053029108955403,9.093223777834716,0.760660058803905,18.35504694235528,11.92689663691444
1811.2590563149354,19.476058187410953,109.96679671938925,1.2678600480925541,23.22555347438465,11.38102960669544
1930.4240945769156,22.216742250000358,124.4298892710086,1.3667539046222072,23.791306541894805,9.9581554664468
2045.692301752804,26.191080473812963,124.71083137656417,1.3966753584447016,19.944176813123534,9.008596775414325
2150.7563444607413,27.490219046015287,141.5228247396677,1.643233220560763,15.750627107535442,7.252649745117621
2212.681311560219,23.769722993302203,132.58095753008732,1.9596610247459785,17.056184325280583,6.307815815535309
2321.4297683235363,27.3324903194026,154.15797969282428,1.8667446810029746,10.906983324477324,5.599245076449272
2421.9038464698774,25.98958762942394,165.81798944656714,1.2388775186217444,3.89474739032224,4.897574164387994
2448.9000760128974,24.590227888538426,174.18604799980196,1.1940548819730212,4.54088853731441,5.569231086075524
2514.6422997052787,20.932040634612953,195.40278673075343,1.530175470118278,3.2531410054186103,6.479602951243289
2389.8916094953365,13.651196489397698,177.27672749555916,0.9786430826670491,11.596364091441158,8.523895262288255
149.77458681124844,11.23205226943392,13.575080454678409,0.8136168959337244,13.012009369474281,9.998522487034776
208.50929458451634,11.938646980244753,0.0,0.653771054469085,13.179467538820138,9.948912762300829
119.58228258309352,11.85952200217732,0.0,0.7159855858620474,14.629871473463647,9.129947952425923
122.11258267771012,10.215192636246812,0.0,0.42550702072223545,14.360609642827304,7.513753423018265
93.57656276645325,9.93748279197054,0.0,0.3297635316576374,10.184761004766642,6.539750061672569
81.59520819586001,9.992327143365108,0.0,0.3202198613814837,2.1470925300275834,3.6758135091433584
56.58880275169979,9.978963309689544,0.0,0.3321438641232913,7.691497250780299,1.1519215922932746
65.45414360497982,10.067153676990511,0.0,0.32364805064668306,14.798339182141138,0.6754552710279622
58.981340648114426,10.048656828233879,0.0,0.3334383170444999,22.198791663300916,0.3079233359178102
52.93190947084162,10.10006307147325,0.0,0.32405433437123415,29.62102786281834,0.3093409965896906
63.71655046424083,10.144138024556254,0.0,0.33407997128163724,34.32749278587751,0.6818508333775958
61.26321533799911,10.118372538289018,0.0,0.42188410815244476,34.31821308002858,3.525010247286245
266.88673500480365,10.142816139836937,68.16230390119597,0.40074522274612057,31.07683678295253,11.79850807679785
269.6482834544135,9.902626329409738,32.49141405368388,0.5271390459891144,29.699982434861518,12.399610361225685
629.5667230538345,14.21541450122163,0.14516709044411327,0.6654276734193232,34.0683074287339,12.024919051753137
846.7295503045792,16.64210152563173,0.0,0.8396518117801075,31.61580878438401,10.212554017612538
1083.628029979961,19.720328164764112,0.0,0.7744939699300571,26.001185626061087,9.203964409365279
1165.797146007435,19.62159422023813,0.267131672902875,0.8956136987720242,16.27036030163825,7.381947867493843
1216.205489870747,19.379385838360395,5.115184740157317,0.8032422323666779,9.22112584439072,6.406957347744005
1260.69515616628,19.324422606315373,5.659630339150032,0.7687695293134246,4.310975966418045,5.68204070160241
1353.8329723419072,19.25253393691244,42.44787415613545,0.6374820978866422,5.105522190566529,4.9664006553099584
404.0125133653834,19.2508985865519,49.66524915284206,0.5665191868120839,9.484958972653727,5.649778936811855
557.828556128438,19.93282483372794,63.934029938399206,0.6127409015857396,14.389826050309976,6.7124215639535505
389.27280086119583,16.293478643433836,57.581843626530315,0.3913729175268199,18.5341618332636,8.812989288522715
296.4787880245682,9.794557866706217,0.0,0.3870113592275963,18.944117631819932,10.38754543968221
222.37910026492875,9.764074561870501,0.0,0.3860212407677145,13.129720741447334,9.959671983479002
129.45083826737746,9.823923632642009,0.0,0.3925109377766914,6.162673503603854,9.170913231411312
122.89021464614348,9.957192648176095,0.0,0.45328747016517495,3.9111149191562493,7.555513490430378
94.16945553102921,9.958203518457013,0.0,0.3327979005037269,20.666979806911662,6.614838026661569
82.76676562740978,10.06250939063896,0.0,0.3234250316879864,35.97095186834255,3.7366040612793494
57.45029096564036,10.09909338715108,0.0,0.2990539780892326,50.7482371166366,1.1721306722868976
64.00795525824323,10.185424296079505,0.0,0.292930055943267,60.25357140613458,0.6850423196807012
54.56083812992512,10.163731933611292,0.0,0.2984034630443061,67.21638197843286,0.3122222109190796
45.57183162986022,10.196190421373343,0.0,0.2947766231302211,73.7708227363669,0.31309288583932704
54.35035600102881,10.230910444780429,0.0,0.290689835384705,78.36049980119088,0.6892417804359005
46.73871934675003,10.21850505036714,0.0,0.400233352928106,78.45719968271322,3.5648384521156897
237.82329109810823,10.246403522647144,0.0,0.2923169113724898,74.84399057619999,11.933491331252037
297.8446094620307,9.963199405820559,0.0,0.2979938303963869,66.42630550338508,12.458037057174392
341.5291857365544,13.11209763548154,0.0,0.2888679966682391,60.588533629526474,11.910955509267133
366.9104746801523,16.335255223491156,0.0,0.29475665799723955,51.72998722257028,10.420518209015066
400.0613933800911,19.53951570548278,0.0,0.2897525560649362,38.149741334821826,9.42630100176811
423.2978574215,19.4970426405463,0.0,0.358329282143883,28.263489806977315,7.57883641573368
433.14044947827216,19.41205116944681,0.0,0.3545676385975936,21.887744955331886,6.58370527901707
439.74790258589564,19.35873514312234,0.0,0.4556332577435297,18.13111495525603,5.844905466625457
450.0117382279414,19.330747852854262,0.0,0.353177331369087,14.401318580633099,5.114404616781552
432.66387604274115,19.28524492527395,0.0,0.29435932050442637,17.594638771598127,5.824599242129422
439.4344651707888,19.33097362591661,0.0,0.28726551282623414,12.221257376470826,6.798487451997133
277.75204767454187,16.127780783623756,0.0,0.29246135003331575,4.412474041894316,8.953346713455486
187.42590636498142,9.856333544799165,0.0,0.2908485039469784,7.027421637425107,10.57572081896551
171.67277731447663,9.907694729740522,0.0,0.2872797607917853,10.342470120313175,10.123060777078855
94.88289587282327,9.935161880949556,0.0,0.2981226391048409,10.852929210496743,9.296108886790629
89.31790277516953,10.0749781434953,0.0,0.38859208261299877,17.62040455352845,7.65186281528966
62.56951020401393,10.083018349468889,0.0,0.3013636545216163,26.40671762364163,6.691694595442586
52.57338991598172,10.162483316647792,0.0,0.2922432706984255,33.43015550515092,3.767156667763206
41.18643980360923,10.195565637651342,0.0,0.3324886593867733,44.39923682522133,1.1792215115435338
33.253283944996966,10.240770615166811,0.0,0.3274186341789759,48.623417182331096,0.6875841382482079
28.719577757528736,10.271827794771257,0.0,0.3338576633633066,49.18947378519676,0.31372207954606834
21.130218789887625,10.281779136275473,0.0,0.32847357538088096,51.16923235558854,0.3141489437658727
29.66973086361984,10.307405173812132,0.0,0.33308323093177444,52.0439961138795,0.6914833794768817
3302.1610332135006,10.286611770937295,0.0,0.4275804257195371,49.45624536013766,3.5748420594693564
468.07303971440774,11.032222489318032,343.0924008998106,0.41405689931379036,45.518029130322425,12.127517301776853
391.7175448934294,17.818063187766768,177.81965537250684,0.811865478594901,41.35935319447844,12.762459558144318
594.5122470443985,20.52355036879978,37.34282010872931,1.3345076693362763,43.69582864927997,12.019625230543816
751.0086172305697,22.94180467527799,44.58064401129956,1.407983008698024,46.17272438506085,10.2935000326884
924.4200755549368,26.982984063702283,44.595250418263326,1.4369498655056614,39.21043562203843,9.29751244412218
1093.8522577059196,28.244535798269336,64.18665072786365,1.6879549004315981,30.90570783473875,7.46761722881593
1237.998371373869,24.368925197185142,86.35866959071784,2.0085375998644173,26.134246185102192,6.476142297591687
1375.0814766402943,27.965092159774414,96.33128539193424,1.9081175560691688,23.114882468922094,5.730715278674971
1505.6295590778427,26.57524178298507,81.87036040995861,1.265864599342409,20.659248325765194,5.010926805743845
1627.7044344465519,25.092604212831333,84.29675199133662,1.2196685618294445,17.55694438247086,5.696313440640182
1719.7822817304636,21.31737512023978,102.46975814316255,1.5608522709636057,14.441531528613796,6.6166305244583885
1622.4806846526003,13.888835757093506,115.88642580921861,0.9987523057828613,10.182580746691354,8.698287882898716
119.42256454482086,11.426470882984562,1.460528089662959,0.8265055510183831,8.819288981173461,10.190944907433199
171.26062289747614,12.107616142812946,0.0,0.6638491012990696,15.154625743242775,10.173332418072953
93.45617392861361,12.042729020953644,18.972648826121958,0.7248389306571479,23.1382132356935,9.313030850041532
93.84291256004546,10.390662231923194,43.28941577963161,0.4355711614793488,33.52178426734559,7.70403970006692
68.41814887911256,10.149606359977437,0.0,0.3309351181730035,47.55965849762742,6.748139008114918
55.373043238841184,10.192210902052437,0.0,0.32560720254779363,60.61365976886014,3.781317279670986
29.89169140313127,10.21674753406114,0.0,0.33264244855273506,74.14160887488933,1.1846715817396947
33.20496569823186,10.298809659075475,0.0,0.3245218640585063,80.82208804465894,0.6913130326497515
26.73772024806917,10.29139142101927,0.0,0.3356478092125495,83.19371825071886,0.3147634136317902
21.32673359167938,10.323332056858625,0.0,0.32522002072295486,83.94309657052652,0.31527746457253675
37.67232142562666,10.34236123452674,0.0,0.3356892988935875,83.11512087554763,0.6937405430837897
1800.543992876804,10.29915244203425,0.0,0.42389649205815255,78.34890291599986,3.5847725987525045
396.9781863976389,10.914429230723561,356.421696920742,0.4130583462025284,74.90827656489606,12.06837218425875
1045.764320997506,16.961490524678357,202.51396205434494,0.8029540662280574,69.71226226045556,12.657012666769573
1258.4615903207418,20.179512017090374,47.720456786872084,1.3167079058199505,70.00112772835347,11.854627805225842
1400.3726830576272,22.65818470903578,65.99428322012835,1.394408458193052,67.31073772195269,10.193375782332831
1522.065828569277,26.691003351268197,62.809313028520904,1.4238721406038182,61.01280199189972,9.210936636560215
1618.5359004821396,27.990363467551983,80.09321001355788,1.6787087875945002,55.42651752936057,7.4105158766021955
1682.2699124804287,24.202153407525277,97.4653699826417,1.9957232146386885,56.20424475826273,6.4416156703869065
1780.3265335215538,27.843449623865297,102.52979698486793,1.8987584443026855,49.466553393924116,5.714729945332505
1865.895297779353,26.45389221497087,89.39197589091799,1.26109790741701,43.31295737541329,4.997578734672741
1901.9522621694762,24.997314994968484,91.21802452678897,1.216332007692274,45.443344081052544,5.683336047911862
1966.9233183764802,21.279808905047535,105.36764036161752,1.5588748008912874,37.59657547967443,6.6129752683925425
1862.6913991234285,13.863820508664558,118.24717887028864,0.997710104704185,25.846660593407215,8.694112721682458
111.19521706529397,11.38665788640072,1.502564440710469,0.8238813341744989,19.53971174219305,10.181501665940278
165.75965369213597,12.149662192197344,0.0,0.6640950026490873,20.09396216977084,10.207615069775239
89.75129164067995,12.073733708899907,3.6290486216112297,0.7249554478211196,19.324530581240523,9.329363088463959
92.3358048574671,10.37929049134481,5.434400959563139,0.4374625790718642,19.921447795343443,7.6880274045464665
69.65981933347443,10.095220328952866,0.0,0.3251538616757024,25.3347456187952,6.701193739953017
60.826559458149106,10.153876262435015,0.0,0.333352054143498,31.800581796868325,3.764674357675412
41.45755558860036,10.184855762689988,0.0,0.3251996990509952,36.50333999469194,1.1782683133343663
48.61262614337672,10.259432952996816,0.0,0.3345062043360063,39.98746683535362,0.6872568494496334
41.930819586896995,10.238301674098253,0.0,0.326727039573575,43.97002110647063,0.31257381548513996
35.35984293508297,10.262388636262678,0.0,0.33425790023342883,47.606264110600556,0.31335411875252467
47.800932433893074,10.2853895270224,0.0,0.32783829734641684,51.551334212477364,0.6903818030630079
1016.9501204309362,10.248985266941439,0.0,0.43341645259179995,52.966772856330365,3.569800002482052
790.3171942942256,10.820836495068413,159.72578432040018,0.4009934099494708,52.439464888680845,12.024571572769535
1359.4448146523202,16.52571128583416,86.99037320881837,0.7843654770729164,50.21831862446562,12.338491981585134
1505.9568679091633,19.886334305720936,78.03130378959406,1.2960627998343746,54.86415403894882,11.661171531686511
1630.7284539396383,22.5408857067656,77.31176985652922,1.3871301075697458,53.41582533538581,10.130471519271238
1779.0380130301403,26.545274356107782,69.75167113543574,1.4186949774784134,39.77047699536892,9.15958141252838
1896.219789773296,27.811549916813057,109.99002398783398,1.6712020093825952,28.328115471980492,7.361748301631663
2036.8342972524822,24.049746632850944,185.64239103752996,1.984400881255023,14.055291319959432,6.393444286038748
2133.0527852792547,27.665302317664988,206.84552426062055,1.8835700909183684,8.009050768514058,5.656351636564072
2205.8089406784115,26.297116802445473,168.3127968945061,1.2502241208625646,6.971588992866606,4.946040154635074
2275.592378504728,24.849893331738663,146.82996707632685,1.202325980935695,5.310732321420742,5.629286259298937
2303.4266316545877,21.11529797570715,135.0225443402754,1.5505942381117803,4.657472555360601,6.545739557794588
2149.1099105503986,13.761147304590112,127.10375699168651,0.9834368925255245,2.296527720868413,8.616678911252928
113.30401941367911,11.317066107186161,3.1766240917788173,0.8224798182878263,4.380141427359048,10.105762203763613
170.7261523540143,12.081194677000902,0.0,0.66107058194644,8.78632197103578,10.14072506187672
96.4799636600322,12.015287489573154,0.010140366507115934,0.7248645686276936,10.57732043563914,9.286486538571543
98.21606742216561,10.337694554774508,1.6848929639198809,0.4315047115216032,16.25994037107583,7.655943626239484
74.57724996878747,10.073468679613736,0.0,0.3324488633776578,25.679433827263555,6.681901219594826
65.44081963972877,10.14561473660597,0.0,0.3254409227369321,34.27104463420644,3.761230719020102
44.87064647181654,10.171997581282428,0.0,0.33258329025302624,42.28888647488972,1.1775945635720364
52.03461910284094,10.240591042307322,0.0,0.3277568504715521,46.74639100700016,0.6872306876794806
45.51635451019054,10.221524647672437,0.0,0.3317886862336812,50.29134586371678,0.3125497580864293
38.86996290741935,10.249024488688429,0.0,0.32863518926791363,53.266854974372755,0.3132933592536133
52.78629711059491,10.28767502905507,0.0,0.3281022468659112,54.39402345025476,0.6904024660153149
597.2121982071502,10.248248615402273,0.0,0.43079291246501106,51.67719896266487,3.5696413412081323
977.6448626762437,10.688301887989997,127.72039343072471,0.4060263330568971,46.79951492150242,11.980051240172477
1480.1228366296216,16.404191036142937,60.531250518553726,0.7787286910216464,42.85734784557791,12.245079066684108
1633.1797579243387,19.79168799759026,83.97036266361454,1.2890608501360927,46.34527743564677,11.603857552253428
1737.3958698605395,22.483864252328186,82.67608341414012,1.3848035587383445,45.87672421478072,10.103086753889418
1834.5971137654722,26.490254766070887,77.20800869775573,1.4148856585462068,40.85817410615006,9.139267311933834
1928.478313636174,27.795111883146138,93.94164880330558,1.6646699199477673,33.66530395210781,7.357715709860898
2016.8392058842257,24.038545818108695,106.16397785584526,1.9848743017382338,27.48907438137321,6.396835395042007
2107.4877034499814,27.629041959283324,114.26532542353871,1.888797824026507,22.12923460828323,5.6705312749306875
2199.5106223047164,26.2641258270577,108.66846016750239,1.253459481372753,17.27844236309866,4.960717358213409
2284.368281124559,24.8357573810171,115.4407763342212,1.2082019336189205,12.443921960197505,5.642301511883035
2378.8447598031976,21.118203248215313,135.38606770437391,1.5471393853957855,5.0787528553312855,6.557202913649652
2254.150630618943,13.755934605520379,134.20733925398488,0.9900099731165658,0.6822805622825284,8.619487610045256
137.74868210947795,11.314303883327112,3.6299412307291394,0.8189038038286097,3.898828044479064,10.102038041148274
193.5480166813708,12.03890169661782,0.0,0.6606016766972207,2.715690532540321,10.097745742613885
105.9712036883528,11.960815719604177,0.0,0.7218339991623052,1.6885797298297218,9.245059001481518
107.11398077658191,10.307718758158929,0.0,0.43411541112592195,0.8050422978303813,7.625779746052659
81.7319338237646,10.023269035415062,0.0,0.3267647560938131,7.838940887357908,6.643344954420087
72.37712070200473,10.090233852294968,0.0,0.32815600465081723,15.931992533418727,3.740722387043421
50.244341475113124,10.113910447607553,0.0,0.32910475176843024,24.177605841605153,1.171389866890938
59.57577052434133,10.203199493369103,0.0,0.32596292075186967,27.52522507064772,0.6845149383215613
54.84300460330631,10.184864808255933,0.0,0.3355286927237505,28.61418290255616,0.31094243329225785
50.734556219707784,10.206266860193422,0.0,0.32501133369618,28.84588205032254,0.3115819847901968
62.04401565200879,10.22693477939343,0.0,0.33621257013125516,30.1181927977826,0.6866683266901775
362.61437043958296,10.185811930183316,0.0,0.42610483716100017,30.220301797472874,3.551484331077154
1067.863434433293,10.545955766578665,54.60273775872037,0.4048978860693518,27.184251190382113,11.933628514931746
1577.5636945113856,16.258972713002326,16.922065349037517,0.7705370504870659,22.474982853184965,12.11196730730711
1738.358776997898,19.67532709670778,89.96445461495732,1.2820075153616668,23.53976447537848,11.517004738472334
1862.8793432097784,22.41249886635979,91.18964397615764,1.3798726048240464,19.407713909340547,10.063847640232334
1968.7167991101792,26.393200259896748,93.14398597462176,1.4093828242212338,13.836612780241824,9.098246511561968
2086.712180083627,27.696855197430565,133.29071969576472,1.6634905323908544,5.200523199800311,7.323315282253239
2237.7405901614306,23.961238312596507,202.63402330508322,1.9756920079752263,4.651268707292237,6.36385931408288
2376.571749908169,27.587943201575296,297.0426636685766,1.8780433387503985,10.159303884515726,5.637565013181495
2519.3978541032493,26.279820814954277,327.19372613570965,1.2452670724138408,13.695977771252897,4.929421429758275
2670.5262901947335,24.865528909366173,409.7224508155921,1.2024181109826892,17.653950556818618,5.606203313268262
2766.450597326426,21.17325927976471,450.3929700518419,1.540430551377015,19.08165657571842,6.511721365597204
2641.384595436458,13.801671239566403,398.96701191431225,0.9825626646394517,18.04296101683003,8.56406870630306
203.48721723585857,11.334458858913838,94.15321003056663,0.8133920509249145,16.41193627944403,10.04547634389072
222.8141582502134,12.003853747146312,0.0,0.6484629339975826,11.10207751549944,9.878635385530965
132.23411383032754,11.915885431076022,0.0,0.7190663399465553,6.2344336977906405,9.189653946690312
125.96347526963451,10.237690406569563,0.3027695150189101,0.43340450832433236,0.5449077750999325,7.581507062148823
96.09648863774517,9.956351157318764,0.0,0.3217346595198069,13.015351504237106,6.619217340921915
84.04130856297684,10.049963087705631,0.0,0.3332314059955242,28.36752323634342,3.7365110917225013
59.21324513435885,10.099977941938684,0.0,0.3226538891908475,44.0134631861929,1.172435385329143
67.58668274070412,10.203041680370056,0.0,0.3350058353143581,54.213615234604404,0.6855632987160076
60.06156556142198,10.19461210557377,0.0,0.32437049549722713,60.82586603331938,0.31183743385820073
51.91471322002318,10.2271890596406,0.0,0.3340273725544556,66.57459287032518,0.31275722781594645
61.10578213672188,10.250190020618552,0.0,0.3256396364623016,71.07276519262929,0.6903155864103538
56.56875342361272,10.23122335632797,0.0,0.4330588073437904,71.79942478820365,3.5765087046470367
253.41546157907283,10.258387666818447,206.48585988123855,0.3932081538073399,69.1560286767342,11.977435097305762
490.8833372492306,10.123024832705557,121.4352187066299,0.5376832939185019,67.69400591570306,12.694608700974547
561.1606547459531,14.521177849641795,29.309280581021863,0.6750079292608919,67.1186412200134,12.231492152642257
849.4599388892859,16.925686368904504,0.1956756045499039,0.8518617475528646,54.68118320643542,10.419057154026937
1113.2573915654932,19.93032770921581,12.371200015961984,0.7856904493357559,39.286458798410635,9.322652607024882
1187.4096508527493,19.806518509321847,28.984857089069333,0.9074697575160721,24.69829239118117,7.457862233470302
1272.0047201176158,19.575895836384937,100.69561011663173,0.8062819140399167,6.6320867779456005,6.4679805633394905
1330.1560350091395,19.560469662096732,116.12800105224835,0.7690583343888653,0.4694807984700314,5.719782235209956
1423.5142569920356,19.49605883803952,133.53829413547882,0.6407757594832576,7.282624255235238,4.996826898025365
404.6442766239406,19.472468418710957,77.38482003116975,0.5749150211552754,9.037241630695728,5.689282769468989
539.3968799572541,20.117374424841916,31.953882412345965,0.6172934784726288,12.064923105646676,6.7541703388214875
347.06496257136376,16.38082235658051,0.0,0.3912102007644126,13.427719701103213,8.906933902602596
246.34044751087595,9.846007393751652,0.0,0.3885730522254569,12.825965877766478,10.550294811773329
217.73267791503378,9.872079532361191,0.0,0.3938310909887089,9.127838443743777,10.083677246666191
127.52369599920993,9.897521207246287,0.0,0.38805971698816616,6.115132670419477,9.261402575315518
120.38062279445622,10.037488830294278,0.0,0.46436510616360704,0.8460889129788126,7.623685160190941
93.59152102360642,10.036990394806637,0.0,0.32474496319791285,10.444943273346755,6.667444025049107
85.52497280218513,10.11916533131048,0.0,0.33529402019909504,18.038584087635925,3.7568776404577964
57.74271455534036,10.13202407965877,0.0,0.29200460628737884,31.502442112052346,1.1746499745547438
66.30127481333227,10.232673840580114,0.0,0.30078928316985976,37.83686454544141,0.6869619118014642
61.66700919209483,10.204178998989413,0.0,0.2939587716108814,38.99679525895495,0.3120236501375311
55.52171098932172,10.220802077862329,0.0,0.2988935728879648,41.776439653634036,0.31251082876395897
64.99520125856816,10.2503221129021,0.0,0.2961502048463681,44.272594818537776,0.6897063805919674
61.39342118604067,10.231435868971879,0.0,0.3972171493718123,43.91574472244617,3.5716523539900322
260.48857454764004,10.261143033314568,0.0,0.298537970130084,40.336278990265,11.957919459017706
329.080573162207,9.966950809962547,0.0,0.2880935510265773,35.002827623381414,12.467409464792159
378.0764661223576,13.114096866826827,0.0,0.29812377361787884,30.814044140249983,11.916722483353139
408.0373041961705,16.33830325649642,0.0,0.2881800210582492,24.460101982655733,10.428422914912709
450.1411422988446,19.54818878464897,0.0,0.29534545821185426,8.225662023365205,9.434862394312292
481.630395696686,19.48333419933169,3.3537110778364743,0.35333596550523955,4.437474153755092,7.575127716651331
506.43968616223566,19.407880790548678,16.425120513608082,0.3594634441028143,13.344468642061697,6.571510656983604
526.6971178664621,19.407192564477725,22.748212520648103,0.4484726239739191,19.499782885962063,5.83034596053874
541.6943132911362,19.40078229334194,16.885337551289886,0.3620429984294976,21.282612419235303,5.099575905840228
546.8597982852713,19.365767196871555,0.22320872365182565,0.2859190856475454,21.10659795877418,5.814321231115747
540.3504870037333,19.332995846845648,0.0,0.29391709624906964,21.620298306831938,6.77925855063522
347.7161655906834,16.159146724783206,0.0,0.28679937658387783,21.905872962932484,8.945556458365118
263.37060190204,9.879952448776727,0.0,0.29391657323616327,21.68676856486256,10.573694794423286
233.96769485032013,9.902039514305324,0.0,0.29092985831599305,18.418107650909537,10.090991967046804
137.59942729286095,9.932633837368035,0.0,0.28720056731077787,15.88680420245948,9.263199349521114
135.2763293893209,10.071066904967289,0.0,0.3989818742755519,13.051823771143326,7.615860908850889
102.95971159928806,10.057199052901483,0.0,0.2907829207053546,7.603910043079889,6.645683270586176
89.51839964133275,10.100168467935903,0.0,0.3012449881146954,0.4542516397661228,3.7350936228740337
60.06545248419856,10.084146934009647,0.0,0.32467575393369574,10.973538924847386,1.1677769944745198
67.95662659439897,10.197377827809381,0.0,0.33717495341103215,17.738786375397105,0.6843984778654467
62.008794786865714,10.185520681054232,0.0,0.3272180631119224,21.90227930670668,0.31080396806787214
49.30123217390921,10.21425071797781,0.0,0.3352645519359833,32.508109794202795,0.3116761874491372
50.70971380330416,10.278540601478054,0.0,0.3285784102961308,37.1421905365025,0.6904755898113325
3113.4448064305166,10.287161808511184,0.0,0.4352948622587842,34.21485787166326,3.583630256629742
328.196531592222,11.096726117776084,157.5906116815242,0.4074328657791979,32.07348211959555,12.222312668140724
480.82018852568046,17.817045682195374,90.04066354329164,0.8140811940871774,31.924907068314184,12.791141678571009
678.2482849382657,20.421113395891712,63.53136428466141,1.3277172212426929,38.250161895572376,11.976273369783058
848.9842121336983,23.060755635952237,63.63844989886275,1.4144927832929288,39.73192993599268,10.336211695154653
1018.3302082085183,27.102968295365283,59.70861667754916,1.4451506756898551,37.213719503729834,9.33723072363164
1169.8434334819517,28.388210615348257,78.12104518932237,1.7007793579489834,34.839101342083886,7.508261810726809
1312.33230078488,24.523631770677586,97.30646061329978,2.0213707363682265,33.227393697899245,6.521338324868826
1498.663783070062,28.15865344841299,137.35352785931204,1.9214527234448648,22.979050448243434,5.775121131216128
1699.28637575091,26.74883038183591,204.92111774876832,1.272317278154299,7.554936734078419,5.039806857543031
1831.890686400119,25.286546554223,205.96525338313648,1.2206842708067038,2.280981691525695,5.712038434071408
1968.5699360381773,21.469357012596788,261.8550587708252,1.567581304255602,4.127726531743956,6.633124328029276
1863.216660293275,13.995552296969926,215.37888924757215,0.9955902060198158,5.571969280558231,8.717074731817567
145.98720062512788,11.50467670868505,3.163208406801077,0.8334892939619244,4.167875083800024,10.221331764843706
205.21294551333392,12.107600030974393,0.0,0.664968733778802,3.4525173817222723,10.171118367726761
115.21750001409218,12.03043491395365,8.010442723032206,0.7264419401247958,15.320629304223404,9.321137850024334
112.34354113393496,10.388454137384429,20.164152229683626,0.43001915001959556,29.44937783999178,7.720260192953561
84.55979702290372,10.15316616840424,0.0,0.33701820274935557,45.867587658362446,6.7640168298695675
71.66655154118062,10.206425305480098,0.0,0.32501793412956836,62.49001957182261,3.8015335545911086
43.38353143764207,10.24315337220585,0.0,0.33475146862292066,77.91115433414656,1.190590857864607
46.7793261947447,10.334765783874676,0.0,0.32691579672231064,89.14962928876153,0.6945117999702694
34.13270951585055,10.33866159624232,0.0,0.33536406176124345,98.00036121830101,0.3154545283284509
22.317024465987586,10.377205707714234,0.0,0.32768385428580504,105.87748158903487,0.316416347254119
34.29238605092275,10.411422730247981,0.0,0.336143918082443,111.82853950660262,0.6989601185762127
1814.4044148774472,10.383951312039015,0.0,0.4271673425302606,113.4049828828152,3.6234048149110043
409.8526689790047,10.972059731527086,461.55477635552006,0.41356585169537163,114.13861400565638,12.17134203825245
1088.2985347793142,17.190844885156878,207.90512508902452,0.8119231010279968,102.7965635355773,12.8359346896264
1311.2124412328858,20.373024312541517,55.211114490714465,1.32843059920793,92.38944017103884,11.98918118232156
1451.8390217781737,22.862237548308382,73.09114853218215,1.406905008472385,79.70493064373255,10.301747941761228
1618.4485213351188,26.905246116003738,71.48747990791674,1.4356192344760743,58.08168781773078,9.297934648852326
1758.3625164549474,28.15686437961863,142.31350613437732,1.6905490928443947,39.04379985726683,7.462139573975428
1914.956484076492,24.351591335710626,248.4924317663515,2.003582038851039,17.85893580094074,6.468593931718682
2049.1339388144465,28.0092252825522,296.9764233821853,1.901473129000817,3.458729685936305,5.71402524918582
2203.774911540353,26.605169451700004,326.69913053849075,1.2604510657239634,6.106631603458502,4.9879532168553835
2370.2760121989722,25.16020454652317,373.4339186124593,1.2148009406783442,12.63510009804557,5.668819393679192
2393.4737023258244,21.393421408221418,368.96090743957654,1.5554243434188297,14.314616701601281,6.583776065093826
2336.601954437483,13.939401972951401,311.9811602262873,0.9945614596478415,13.600798250890701,8.665285031931036
168.52333472630764,11.451973192978894,46.81450136433565,0.8219447589417624,13.10418449745665,10.159818069789347
224.0033168033364,12.103750737233888,0.0,0.6581666977190542,8.302563445258272,10.039085671289948
126.94037735237092,11.987729862210319,0.0,0.7240946883119868,3.2637101434673275,9.27184780541228
121.68242539308673,10.321166047736245,1.8527875433469545,0.43715843515384173,4.0928764070643675,7.6531629741408125
93.47811289462354,10.056661037310594,0.0,0.32395836697390895,15.087822005719755,6.685515332262522
82.69590601741793,10.135918288655722,0.0,0.33428533775914243,26.827035528354564,3.7677976447221595
57.871973355336635,10.1619207597907,0.0,0.32465980729640137,38.440609347024385,1.179810246155392
66.40244183363224,10.255019776576994,0.0,0.335832241446166,47.57220228912601,0.6889142951000718
57.425531341127844,10.244675134398701,0.0,0.3262892802214031,55.257787102878346,0.3127798430393623
48.718067233179106,10.28945501332408,0.0,0.3361288231332028,61.73872422644796,0.3138472703001167
60.4081303089313,10.325543627082657,0.0,0.3275430991652679,66.54780679374497,0.6939212065386768
843.55454217501,10.3009863691866,0.0,0.43501940473182577,67.50824207857272,3.5982738461222024
860.7939426863069,10.82898949402566,209.44708087295155,0.4005938777843264,66.73318201477628,12.10439561289495
1440.747204055046,16.681304911528702,88.04618487579198,0.7959030908647214,58.5680470466429,12.482494474079608
1637.2682229412026,20.014271804712955,118.74562879507451,1.3020804726782813,51.4191287836667,11.75679815589941
1790.2408468055,22.68998501909822,204.55682125116255,1.3960425952535296,38.34583518703501,10.18949418530503
1951.6417550998494,26.76504268322621,277.24932133738633,1.4241909798869372,18.524878055976302,9.189300919928856
2105.013283647687,28.081840549774597,362.68169235126106,1.6718736009166473,0.38219596635904785,7.373953734123161
2236.486756250365,24.279426737623474,352.63860222554774,1.9865354721919097,9.703410595655576,6.395357373735898
2383.462997677192,27.886320475749663,417.7983703968787,1.891325445240965,18.68484221629415,5.671113452639867
2558.8663321654585,26.523563591782604,442.9039985031602,1.2538248099863296,25.382457052083975,4.957771109260693
2724.6079953713183,25.0830820664613,511.54412269922494,1.2083039911070097,30.225237341196877,5.637629589264651
2786.726826040954,21.33243082828268,545.4291066024698,1.5465382869614954,33.03202625023143,6.547390880725615
2692.1882011713897,13.907238810604811,480.907884527128,0.9871982170509894,29.00086499495993,8.612871075937527
201.54950089861075,11.42781240027702,110.93655084246558,0.8206428202546513,24.619550360905794,10.102529393218305
252.29411795988904,12.084931569697673,3.0308750309213637,0.6507209730400623,17.707074962728637,9.914869038953125
147.12236929346423,11.945889173069842,0.0,0.7214928248724787,12.469457928089328,9.219092929275497
137.7652990212452,10.279665007935042,0.6029436002952809,0.4297197387168014,2.5020529887167036,7.608219957297907
103.95250414150728,10.002737191103344,0.0,0.3300096235155961,10.45452850915731,6.647519178072729
91.02974882028711,10.092405548459546,0.0,0.3237878228812172,23.18195683658283,3.7533450625435396
65.29902149085633,10.130914189901056,0.0,0.3341904036538502,40.18209500207033,1.1761302211877267
73.2747338519096,10.226669096636654,0.0,0.3248216747573901,52.3166902008842,0.6877465301137082
64.94736084695094,10.22403193020614,0.0,0.33548927167997517,59.679643389132096,0.31234108261337157
57.49223158019788,10.259511509267913,0.0,0.32566736497000687,64.90251517299082,0.313383297510059
70.00809515571852,10.300238996584484,0.0,0.33570469832376676,68.93532818669894,0.6931100152527727
494.2075606209699,10.277477540949063,0.0,0.425182596279259,69.7307614623698,3.5955187300191214
1038.019205782178,10.670451623119158,192.91980976232054,0.40880708270402,67.6298719895131,12.05956815202065
1530.0689755805731,16.597305044567648,84.10300313485274,0.7872932786825835,57.924966450665195,12.418969907205403
1695.1242302215178,19.9742980754699,96.99753305777531,1.3031615464632162,49.867546759607215,11.735875356785012
1839.2501808862887,22.645539905116802,114.20723091471584,1.393870505009025,36.307912040110175,10.1851849132605
1983.4115697993743,26.656117826538004,133.24689367625876,1.4222322932622822,22.969917854413303,9.19402315337571
2116.884841789082,27.956787472059304,181.89733373231041,1.677309858367233,12.251504463784956,7.388983102918263
2235.399340208991,24.181366703629326,200.16276245755412,1.9911173829210356,2.7504571172214747,6.417096337582345
2337.2520691087525,27.775981213089327,244.23268288497917,1.8926464720541087,1.9707495818324474,5.684453723056758
2443.003453149407,26.430128134000494,239.12756371623234,1.2553020850785552,4.9582148620362805,4.972174078086705
2509.9241848500665,25.002248005189944,223.599423799185,1.210244720521633,5.83187944929196,5.658048201891455
2558.740215181725,21.253988736582894,226.23949916446955,1.5571544212218906,8.231292984646572,6.580573937626536
2401.9814509868243,13.858933782186995,177.2401420612562,0.9901652180896714,9.020578546411302,8.662484190628792
154.0121927290947,11.383387478512272,15.54208527391873,0.8229304617934422,10.751435480767174,10.163724176291435
218.3818304711896,12.09377772014226,0.0,0.6605901650857308,9.646993585482939,10.113397384877008
127.91847334578176,12.020560374904846,0.0,0.7269986843493598,9.15683464252574,9.284122038735939
129.48508886033792,10.333067976698198,0.0,0.43571674901396423,7.824572138616211,7.648248919216535
99.92012936751658,10.046555440752583,0.0,0.33170926326008143,2.694863103511431,6.658854721489884
88.13314767295623,10.104174398960225,0.0,0.3262061322441219,4.385510224868559,3.744293758556222
63.412241478007736,10.11561512657048,0.0,0.3312081748191191,12.876465635572274,1.171036364971731
73.51446185168568,10.210976590807235,0.0,0.3296450221537896,16.709915985314968,0.6843577564176275
67.81273391135056,10.178652577848903,0.0,0.3282521636062297,19.05668116233921,0.3099540077360759
62.511644452620615,10.200920610402815,0.0,0.3335238695045387,20.818563303158168,0.3108029858717785
74.40508326149252,10.230013486558565,0.0,0.3258035394205809,21.90637172474887,0.6877596885399108
204.9574380657888,10.198075469223777,0.0,0.43610355402273804,20.431817724251243,3.5642524972985026
1138.0520288987382,10.424816247085895,18.16078345503958,0.4037597294402429,15.725350091791306,11.961465224556111
1648.818436162045,16.286225977033325,1.3102257858437627,0.7712342380893484,10.441361038255616,12.130191210551603
1821.7921342425423,19.757490148933158,104.14014874961556,1.285427594054261,9.068077259806518,11.569994311511158
1982.8312603229226,22.53133969576016,131.27753917230245,1.388715468813977,0.6854331634765971,10.122560943511623
2129.61206246105,26.54347970172128,164.00188415611325,1.4167136565695095,7.77875744685358,9.142496880570171
2225.935339998236,27.897798334483006,162.462840566579,1.6669664674807305,10.304124515527723,7.359008056544893
2315.194045758293,24.112346339470225,135.0862893506078,1.9893064232732907,11.444070513568928,6.40342377518413
2416.1282074884875,27.70260262914283,181.55712665511402,1.8943668006844767,13.103825171814254,5.681481260799945
2483.4664557596684,26.375001573028996,187.742776317563,1.256906633936492,12.649983923789502,4.972285059141706
2506.7423581391604,24.964628311623063,184.70512532871686,1.212397665451342,10.382434612449423,5.660393669592035
2561.3137664197516,21.248562911644562,204.00654718054747,1.553644272352298,12.496556512105942,6.586164916296478
2432.3547735091242,13.860025796229218,185.60998726672,0.9956852134535307,15.017755800777563,8.670044222286007
167.91654897329173,11.387358483065446,14.371829210426409,0.8229191130385749,15.772445830657672,10.170452551024086
221.2326603813264,12.11087967258854,0.0,0.6622742730850331,15.466379757472932,10.107474493876007
130.95365220218753,12.038342703544922,0.0,0.7255331800096415,16.106565338895674,9.279845323076206
133.57261992330078,10.347272163289555,0.0,0.4366792945740239,15.212633049244308,7.6359000377281925
102.77111288246158,10.057427967642939,0.0,0.32504918857660053,12.218342080542243,6.646916934454407
91.65814595746507,10.114706960768757,0.0,0.3322556760726525,9.046215213048617,3.7328147109610366
66.61339123509623,10.114369598330276,0.0,0.3255566995362925,6.2945366625012245,1.164209526767234
75.82189165160398,10.189411157594671,0.0,0.334708046204402,4.116894454363602,0.677886242520823
68.70479994906106,10.146391402227207,0.0,0.32769224582556616,1.1099216760697062,0.30703222975992533
62.31202470880172,10.16385669455077,0.0,0.3348016048272681,2.5775362474021213,0.308407165565454
73.32444890281091,10.200416236759574,0.0,0.3297939395772147,7.97650276294784,0.6841984703436073
70.26748627482873,10.17202095311374,0.0,0.43438896165752927,12.241753201553946,3.5522135170054003
289.3926680136116,10.232660769460477,17.100465655633226,0.39580955415359775,13.89249672325998,11.92890928126997
162.11237270579232,9.956915874725278,12.477773625649855,0.5296309774006998,16.217566286342322,12.4810583118064
673.3718309081249,14.22976547432732,0.0,0.6717367430361809,23.382671915350056,12.168633677203095
870.4710220158233,16.858024308430004,0.0,0.8495166693897384,24.518688377425953,10.365038987948312
1094.4737452362408,20.001147323169974,0.0,0.7844181745148323,22.902189642836117,9.354902249825695
1149.1407701577943,19.92254917740458,0.0,0.91673048199043,21.770441165608865,7.51114760348903
1165.041418919481,19.708737075190868,0.0,0.8132685063643786,26.990602709541534,6.532411843417072
1214.5118727095332,19.692477440281067,0.0,0.7785558355018624,23.766975246290187,5.81001610496372
1259.036500510684,19.62082124083233,0.0,0.6489540263099738,19.204402219769847,5.079568775850196
329.04047613176306,19.57611508978446,0.0,0.5815561923932718,23.281394562036386,5.782559684465296
447.1635942433548,20.345475616335776,0.0,0.6296922005505963,18.28534475808968,6.944693850895407
278.59208978008184,16.59613038630812,0.7316413834286085,0.3905365740959172,8.75807232256671,9.099790729255735
191.6972547774782,9.98946599847401,0.0,0.39924372162976596,8.47958308880875,10.750373844038394
179.52046259532628,10.03609341710479,0.0,0.39700702197557325,9.475016415649124,10.280660073078957
104.25601440198564,10.05669143033408,0.0,0.39268899868061385,8.308074103551208,9.432812218564385
103.11558560741861,10.197612738777119,0.0,0.46802400555370316,13.094658436654228,7.758083256228054
78.37711244577352,10.194468071808647,0.0,0.3280721881684137,19.888823311408927,6.77813966460236
68.94987562229258,10.259425866961976,0.0,0.33619856602602394,26.46623607632185,3.811726740658739
45.21800385404469,10.277592935612892,0.0,0.29464960764358583,36.014282505527305,1.1907111087319548
49.00693082191209,10.370090240298495,0.0,0.3018735433946791,46.040947822458314,0.6945593402686295
37.733038924311835,10.373097859209867,0.0,0.29649359742529363,55.83848855503385,0.3148314705843367
26.043285025720532,10.417883503311659,0.0,0.2957652013762002,64.71770719258059,0.3159890534476171
32.05011543465767,10.461152268026181,0.0,0.3025062059658064,72.67726989389334,0.700323713003879
23.75626944886406,10.440723809991603,0.0,0.39615685738639117,77.25231759649088,3.6381141688668626
213.45297038175735,10.461690083181198,0.0,0.3047961207109281,79.1288835191061,12.186566445166713
264.1472882213497,10.149027293295406,0.0,0.2913633992973719,79.33081106098827,12.722749204155607
303.6349914926433,13.410332197251519,0.0,0.3007326889917864,79.03887459740616,12.187386464967465
320.1349438189654,16.695853332550126,0.0,0.29220553294701374,77.55151849708082,10.672830673390767
342.4727964972131,20.002293835953584,0.0,0.29891206750700305,69.21390618009588,9.669957311705234
362.4720904610647,19.993688690800397,0.0,0.3594030048480865,60.61641791310748,7.7862834059492885
383.791029324263,19.91991862141142,0.0,0.365295577834667,50.65608016957662,6.771462902781007
397.87020768137637,19.846778367429625,0.0,0.45692594821977117,44.93755344125302,6.007340421332011
406.7629311701562,19.803075848735297,0.0,0.3671657069133706,41.919376537995014,5.25364104749797
409.9401922220625,19.763731897584364,0.0,0.2905762136148878,38.704775080981456,5.9868588929738715
410.483458901052,19.759191397594613,0.0,0.2972097594361398,33.00237823031083,6.970159432195256
246.3601903310204,16.49346770786626,0.0,0.29079567260904454,23.092226105280844,9.183732912282018
167.48671962930553,10.085621775736353,0.0,0.2972654958749491,19.074559299219967,10.856363771794436
151.8221648680579,10.12368458186842,0.0,0.2948217377756343,22.224233690776423,10.374702381638272
73.08806785892482,10.154476231107497,0.0,0.29093122543722577,26.634026958385707,9.524750474833123
68.96922741494265,10.323330148668301,0.0,0.404445434830088,33.117355295386034,7.8485480226131905
36.0949243968143,10.329250957752985,0.0,0.2944775671960789,45.37163285074663,6.860078543970843
16.072880924778914,10.418563495395604,0.0,0.30523673549061986,58.768520198943236,3.862566051613502
11.88137904418154,10.471162179991186,0.0,0.32870771701650187,71.97429340092754,1.2089130810967115
14.206854543725571,10.57090846401293,0.0,0.3394301656104197,78.97214855789495,0.7035178822590991
30.623154294419617,10.56972045233198,0.0,0.3304693072328739,82.78614565710359,0.3184594926588562
48.3652183614845,10.609615625147608,0.0,0.3383606684658169,85.84475708418483,0.3186658264884419
7.71571462028092,10.639207682398519,0.0,0.33141307593271163,87.39891734966734,0.7045030934614299
3643.5974372879837,10.576828408343419,0.0,0.43891169065384017,85.07915569351327,3.6655893553244345
655.3406838426591,11.22238621707405,661.548758877724,0.41045387752504825,81.69458706255281,12.378980247346373
291.28460577467996,18.194269612990116,377.92774798027307,0.8321711749369445,75.7833991180166,13.093012929439633
502.1319545491157,21.24155209268424,39.22445620513399,1.3761251021139882,75.33277380158648,12.459660522039151
672.8237356920406,23.536262801151018,1.9106922988560278,1.4503573483126149,67.88233824958294,10.640259271806126
831.5808980478761,27.528344412389124,20.6349872254894,1.4732244740812002,59.44828111718819,9.552110161049372
982.984010959805,28.854644885969016,45.625619162252384,1.7300160299657033,50.39607371089351,7.6647983410132525
1137.302544344348,24.905965169164332,67.7775438698047,2.0555697303956983,40.272117235398824,6.644388820519953
1266.5992601980508,28.543518238086943,80.12092316823846,1.950813834229792,36.12900678880925,5.871122173281661
1396.885082139367,27.124519888773236,66.73183207624596,1.2928709368587226,32.32766263070815,5.13134914221105
1471.2116748404912,25.60402020130062,65.8173283784094,1.2453351847475864,35.39650809632042,5.831730321329871
1579.815448530182,21.7759278955397,89.67517015140395,1.5963035263313645,28.581539919419047,6.783599976373416
1509.4553642804185,14.185382895015803,107.53636081518377,1.0199547469774066,18.18554572377409,8.911157756638023
105.01640205311568,11.644255232701749,4.787279280510772,0.8421112518752096,17.888109350945957,10.42902859326019
160.9951081327579,12.387606889400406,10.112124298989315,0.6764932820868352,20.382883646367382,10.43766556326948
89.52950136184587,12.31743110980752,20.641408617064982,0.7388022659398602,19.322402887765644,9.540578018456142
91.71158785996448,10.577336702301773,30.10892890177926,0.44315778269220213,22.980838944362766,7.8594747776805
68.84766232385425,10.30084992936261,0.0,0.3322488841174987,30.496611830659486,6.862006477514497
59.984816805756104,10.340068696118273,0.0,0.3352338737097005,37.2075600719653,3.84191674630351
40.54333280009961,10.36867779821135,0.0,0.330705975647892,43.682446568329325,1.199767453259995
46.5927026563595,10.445636032447744,0.0,0.3361212141829098,46.96628275921748,0.6983866677029128
40.44738283222448,10.42654178924032,0.0,0.3323439229667594,49.00749041262467,0.3157518701755155
34.83768925328544,10.45001353619161,0.0,0.3321282568805602,50.404172686299596,0.31634897142996027
38.13772097232693,10.46495070411812,0.0,0.3364104854061271,50.239651592785926,0.7008054912850866
1669.0664703783764,10.45558322343193,0.0,0.4376548841631477,46.50228066035249,3.6421741927904963
422.19450090537555,11.105334342141253,173.81648239698416,0.4099857122492351,40.703587826661604,12.306211341131078
1042.0230835928194,17.00849152730021,85.85303104226111,0.8054130463243923,36.10608284467482,12.728775796528074
1259.0906924915594,20.3205339000944,65.02335709107581,1.325545297878267,37.230779055880795,11.943467179602054
1396.7356122959313,22.991894692109806,63.14426504674606,1.4151824182555757,39.6201785306934,10.350156952624964
1529.8911685389992,27.076322757075374,54.78072137910987,1.4465963796530505,33.66004024660397,9.361129200468964
1648.4103373591133,28.38618758454699,76.32948616580158,1.7080882674364313,27.314385674289888,7.5312653840821016
1708.420968294596,24.540159739344,95.06948579058874,2.0284662293520603,31.601888296933584,6.543593632347895
1815.9262925763408,28.23868536061076,100.5814215860371,1.9310391706810954,27.490424273153224,5.806917921688718
1918.0936409554788,26.83595991836257,86.8315464395218,1.2810093661581081,22.403086273209052,5.079171492166261
1951.9688936178932,25.356873881979766,88.08371325037882,1.2320240045252668,26.15393498332507,5.775752684767174
2019.006910152226,21.582288852284925,103.78970028965784,1.5853226466866799,20.410031356737,6.722443780245372
1914.8164235962554,14.063711414786018,116.56431212621062,1.0080444000579447,9.62044113971333,8.840828504311244
110.26584653390789,11.562895229825859,1.4418688620599596,0.8403398997542901,8.149051367834991,10.352785397272166
166.2225183729612,12.321302400894602,0.0,0.6739755363781259,10.887340251553198,10.376739242523149
91.68635031669092,12.249288475088838,0.23767413862628597,0.7359547719722548,12.287099693700922,9.489038565815195
91.44141418523823,10.53598433863689,22.044380236137613,0.43471763259218404,20.847437023178575,7.819694536157582
67.78200351017459,10.293884556513506,0.0,0.3387199580699993,30.057182086353794,6.849728947614403
60.336976858479055,10.34748005525753,0.0,0.32668087565081505,36.02017372074438,3.841655889091789
36.38895274661562,10.365789237851578,0.0,0.3382929371031546,47.301307826106516,1.1993109502260382
41.64980236586216,10.46243667005112,0.0,0.3288158596400295,52.47909473627691,0.6990647080765551
37.91830726741806,10.440460677630671,0.0,0.33994303256557873,53.763850905508455,0.31608750758082066
30.46575826616624,10.45640307865366,0.0,0.32940006177385023,57.06628834622999,0.31657379203019903
44.060560535125894,10.486685372098503,0.0,0.33881982481376005,59.54600065493244,0.7019489880390745
991.7711830091483,10.44828102982264,0.0,0.4299814886236309,58.65972531713347,3.6454668074056444
764.720004976211,11.005327662856565,199.43900512312624,0.41576573784774323,55.68314126089213,12.268861813790842
1317.6069005673185,16.883550159412643,116.11503547843549,0.8000644622333464,52.58098098972892,12.643206367588208
1468.8242549311979,20.2987859329282,69.58845595770659,1.324514172582183,57.12216689260952,11.941338693577444
1568.3230018138215,22.961720215158046,69.82787828354436,1.4141996445867058,61.92667005924845,10.350418817792423
1682.3174614976215,27.065780755269724,63.72665110970034,1.4457126561724858,53.766430441559386,9.36800208159842
1810.4162576213655,28.386929601924084,82.08953931231704,1.7081339913834719,40.358816073588656,7.536747796779919
1913.3435467086167,24.515995963096,100.21409701978457,2.026717611417297,32.77684242318923,6.543663137028169
1992.3716903342236,28.17604649282144,105.75038922320576,1.9267242729339766,29.598593258683863,5.796976478909814
2054.8992959431225,26.784829440367396,92.10918250088315,1.2788656691533213,29.29075579813646,5.072339551650536
2117.6952813238445,25.337064151923368,94.58250690869846,1.230365809978062,27.210323804763725,5.774183020058466
2175.7396857504773,21.550491059912495,112.86186578211485,1.5863907520969567,24.08077986849694,6.714542419734261
2025.2276258166523,14.047029701749615,119.89096836248068,1.004531740088717,21.95856131852916,8.83439939572597
108.21443044898011,11.564351049020882,1.5309331338508416,0.8429435584708473,22.63888686858647,10.36258690465717
162.1758338547132,12.366780332818198,0.0,0.6741768546189214,28.899617987293624,10.422949076105585
88.09477253860561,12.296141758140024,15.241194423342423,0.7373029112722314,32.77189693034304,9.541493422226836
89.8776978211801,10.59085836322399,27.620454123946015,0.4354428270566892,38.51191756623538,7.87657625382269
64.34224173006842,10.331430889555758,0.0,0.33948050400347085,49.41716474407741,6.884956553390181
51.17651121820662,10.385179288571225,0.0,0.3280443672391352,62.11485633484338,3.8609627055808042
26.38279848538753,10.42015084150331,0.0,0.33796832960538076,74.5976301997036,1.206729722627187
27.276575979344138,10.503138305598997,0.0,0.3299042143312168,82.85069794420747,0.7025521647503167
16.84810060412957,10.503500908875695,0.0,0.33752620082682766,89.54899329791616,0.3176782873670579
6.614430380545483,10.53772256011984,0.0,0.3306208528402209,95.66311439683138,0.318466887807498
18.241470377747284,10.57509637676409,0.0,0.3376024117006658,101.24335912004722,0.706724546865431
926.9791934259257,10.547767080019211,0.0,0.4315013013779866,103.64927150316433,3.674846257453859
847.8818242376926,10.954629899486283,398.78204670913084,0.41354711140246064,103.96784660530166,12.277265356483573
1355.0749791124854,17.103731952407227,204.03515882709308,0.8100662529565978,95.80369717615727,12.820963916421656
1538.4665988211918,20.475140325138295,56.227741239040384,1.3368761466068786,84.78931739688515,12.073154474697185
1692.5039188723697,23.00821973881762,121.58468799305528,1.4182180445935404,68.43297407686795,10.39238892921363
1834.2564614638968,27.11649156874881,159.34181872464472,1.445888185747178,51.268180320725456,9.369121147372784
1977.0640107093977,28.449277076301687,260.65047412859246,1.703474837957119,32.87789437594331,7.5228047024763
2111.360489295669,24.608939754389436,303.8115239406278,2.021373251067405,17.836145343833977,6.521908418784555
2234.155466031846,28.276362076396058,347.34401286192394,1.9197709028357852,7.101830679752462,5.77143309600083
2363.901014548472,26.861910237489212,337.0414047366376,1.2714983788362537,1.156239273988871,5.041040246264925
2503.4207114401643,25.373646178619225,363.9195888412059,1.2234826752756331,7.969475440474881,5.731172467020543
2595.2313243058375,21.578714234976417,376.50240522408956,1.5760723339362361,10.915268717391214,6.660040375532856
2450.2184571781863,14.054103155664484,311.71344368807246,0.9985062662700763,8.973359647163933,8.762355228616439
127.383483259065,11.550480567729892,7.916920109252755,0.8342795842031622,6.578788500398112,10.280439383450954
210.16175876894525,12.273937663702563,0.0,0.6701397054235977,2.1801095482084243,10.280372720931247
116.04576749836141,12.135146613278303,0.1182915629465715,0.7344641249766113,2.2109482243329803,9.416468308294274
112.85567550695514,10.462392294243152,3.093615912427361,0.4338100446667025,7.967241724227994,7.779433009328841
85.78329373244583,10.203515075679736,0.0,0.33577453689605696,17.59029577539702,6.793931121765717
74.6851450913307,10.282697257263246,0.0,0.32788894328984647,31.53109963994606,3.82392106980773
49.449388763237266,10.312578349399372,0.0,0.33576158542452306,45.67499072324485,1.1962550303176351
56.553135738690465,10.415151628708063,0.0,0.3304031247616578,54.4245777446313,0.6978076664122508
48.23408625242287,10.403538133638145,0.0,0.33620771234139435,60.585269413892156,0.31527690828662364
40.39132120845939,10.439080993044985,0.0,0.3309808919418342,66.0371116520831,0.31619024040411325
53.39323764327906,10.47781026277659,0.0,0.336283326523576,69.44211255184534,0.702263755249249
504.31948195613853,10.446896237991789,0.0,0.4319668428343826,68.5066791927059,3.651833479454162
1008.8629845441452,10.811482851709004,209.04067885749546,0.41062413737798714,64.98397105781464,12.230798055812482
1480.604919041976,16.825235625374546,97.03836740702296,0.7978236730813328,56.16842162488152,12.611035519376616
1677.1099991059634,20.244087804084295,84.42714233079833,1.320869704391557,46.02646804437943,11.917988696644976
1840.3553920913032,22.90465819477215,151.45551992978938,1.4119478131801115,30.05299621777357,10.325969973171976
2009.0907868589297,26.99925535730927,245.57081029104512,1.4389552283553833,9.888877803805158,9.31123391392604
2160.481909608928,28.361436737425443,350.2404771750389,1.6930238370581197,4.181200061435126,7.47014352780345
2299.16995882625,24.545886096997016,348.1333361959817,2.012238387695884,13.169597436496591,6.483036514825353
2445.003727367946,28.204699385647313,410.32395218810234,1.9140926240277234,21.669626463208147,5.747954717465122
2600.828172006084,26.824101061052435,423.8821202476636,1.2682185268221413,26.351176935019918,5.024698838102963
2738.7696915694487,25.360804343729544,475.28743756984807,1.2221646610418377,29.560031554972962,5.715272502058788
2769.9039133669544,21.57295837758097,495.26759616907884,1.5713529504595294,31.60497816732604,6.6400271812275555
2651.201120519495,14.061266789607503,411.9548548336786,0.9973100697786749,27.016333929085746,8.738916813371112
193.52019829779965,11.553625777095224,26.56129963815305,0.8308808254938801,23.096672997563765,10.254047777339991
253.79988207223818,12.18551637204854,3.523271281454886,0.6644689840701387,18.261675276658185,10.160440642956546
151.97465147996076,12.100021948159293,0.0,0.7323425068617682,15.707971618401608,9.353301960892164
148.63352329324704,10.40514346466558,0.0,0.4341377253061525,13.214242444877314,7.709473586587404
116.54011463625058,10.12921751005997,0.0,0.3340541677680156,9.674804364235913,6.717535940931849
103.60553093999866,10.183714665147328,0.0,0.32680036745189883,6.09785751460212,3.7731036953703545
76.07152308100567,10.172755392020054,0.0,0.33318970665943637,1.2444665770151258,1.1754629248811619
84.52335567588385,10.229878345622726,0.0,0.32978345036691437,3.5279573749097564,0.6846404060834634
76.40652604608302,10.20681579918792,0.0,0.33471624142430384,6.899700785626648,0.30920668746361973
69.65434877667035,10.247607283884648,0.0,0.3306174533181597,10.008825227643811,0.3104921113491169
80.80560110717893,10.296406433043332,0.0,0.3354683908665965,13.992713009735134,0.6908273048733218
78.85199732021675,10.275737833380944,0.0,0.43144097097755896,15.386671612727946,3.5954584298080343
288.8479865750081,10.324762593979175,40.59726437804441,0.40602643897933116,14.951151553160301,12.066780537670413
165.734175925131,10.098819230799178,16.101531689227173,0.5311182026058822,11.05166897857449,12.679933643313774
772.5709663800334,14.32416985305033,14.400487630084504,0.6757928617131775,4.575164251605754,12.300547831620078
1022.5401351770284,16.94658880364965,95.54122317344778,0.8594301808658914,4.213495575153672,10.413402621112686
1279.2598281653204,20.20664819003935,182.6414885068346,0.7872693828877586,14.105426830396675,9.376595586843202
1391.550721145599,20.21679024113948,235.23554340469408,0.9119680189037482,23.962263616338692,7.528020679100327
1494.0379242129488,20.030077507836367,253.81907985078158,0.8162109021127478,34.609913361577185,6.540518957709544
1596.7693159781404,19.9880707293084,272.7331296473734,0.7848735057536264,49.203391068926884,5.803775627847519
1707.387494270501,19.92921666178899,268.23428748711626,0.649275304760914,62.18534149681213,5.072528911578202
571.9476834747618,19.875637874308314,293.9891722928142,0.5778488683809929,72.49799488229358,5.77587402973177
712.6370388313899,20.560603740929768,274.5533923279738,0.6164477065306068,77.62426097850852,6.774552601368639
507.22449587655876,16.810269753665512,188.51830092873314,0.39541509355194276,77.52962298173276,8.9414244912828
323.6604940656257,10.071817612855805,0.0,0.3913177547867206,70.23890985917886,10.538731114320905
304.8729955826151,10.053303796555273,0.0,0.3922947243763335,59.13146268298208,10.161868749618664
201.92274824604357,10.060931390271119,0.0,0.39948986524422225,49.56940574457372,9.332091900526336
197.241395509583,10.16213134160613,0.0,0.45945762933809237,39.26497281397375,7.657926928296215
157.93891296894685,10.136321572199,0.0,0.3368183958272235,27.68273745749182,6.688576464556841
139.3552166477019,10.17121611909044,0.0,0.3251285821753371,17.176504469098866,3.7563666671834484
107.01571561322372,10.154171300346592,0.0,0.30241961989012556,11.216881249260908,1.1701105539876828
112.26080216470466,10.197585113663536,0.0,0.2935323529960298,8.36874265741347,0.6791303185265147
100.51342084979541,10.176105602894014,0.0,0.3007572782801053,5.976423426850042,0.3064050284634144
89.16940635260596,10.197885193745847,0.0,0.29521321313843724,3.593455172940927,0.307440807833317
99.69570596657799,10.229487110460399,0.0,0.29929470641353334,1.517195057825796,0.6849234888035874
96.21703645017625,10.19671006295568,0.0,0.39784234949786956,0.7309526169228387,3.5666841104517877
320.98619740709535,10.251593768480411,0.0,0.3014801586553363,1.9469503232525482,11.99217148731325
382.3646922433441,10.003731977349315,0.0,0.2933404075957817,1.7365974095867571,12.550056438532694
407.38694781088753,13.22223751468732,0.0,0.28803783956224005,3.829534251730934,12.023034589705222
427.7086012027235,16.522090524695415,0.0,0.2989669435532002,5.257136402133305,10.566751093581868
466.3307206635149,19.81658385606835,0.0,0.2899333503007333,3.4063558748191403,9.586796751633408
500.46645749252247,19.813027993358165,0.686122087384042,0.36406217062158813,10.469973329259194,7.717591882138297
528.7699554411051,19.766841831327053,17.668115215907683,0.35658388466336,17.83320656989281,6.708988829567093
553.5383906714804,19.764942492329816,13.085134492644412,0.4630637052704831,22.919245949305402,5.951128774205913
573.1370782548072,19.73241255878513,18.10918300281627,0.362241940943072,24.50895437969157,5.20744568548019
567.6561314168459,19.712722491446666,1.3203848340815576,0.2930270458654789,23.426202909583672,5.933477275117836
542.3790785524311,19.68826617456023,0.0,0.2875346337962538,21.999138030304515,6.921239392061538
324.5191413042125,16.469276188240897,0.0,0.297169603916088,21.53853018353966,9.141702237759292
251.2257526028472,10.096021022173868,0.0,0.2918499003567035,20.624165360975994,10.82021116645536
233.66903473302278,10.104232873383216,0.0,0.29835066693122375,18.100386984935163,10.323040600487083
158.51146882269222,10.11365880515022,0.0,0.2936526852040138,16.183273330213677,9.469657295548016
142.45291454377025,10.21571582231584,0.0,0.40066215621481716,13.437947629492486,7.772069418820238
111.52178780203914,10.226369968411824,0.0,0.2970763676972467,8.341021840273939,6.786690525475448
100.00636080623543,10.2770152313181,0.0,0.29449460144288664,3.254963431322533,3.8108164882451114
75.11330355194616,10.263133918121092,0.0,0.30256345014747765,3.1566396459570982,1.1864950199613409
83.54081031897778,10.323811192478606,0.0,0.2953300797760675,6.546299996321216,0.690965327540214
18.214064067929698,10.296956838714065,0.0,0.30429542833468404,8.227694088568532,0.3112643508548312
69.13776765651325,10.713314271884366,0.0,0.3028637371442297,9.002863899078909,0.31909437339621455
81.49302749611003,10.348448508290579,0.0,0.30357367294082854,9.372799243601593,0.6940537766105587
78.71246659550717,10.301819097298095,0.0,0.39849589429390736,7.5334751038443475,3.6086663950318147
300.1347411041051,10.346304930482868,0.0,0.3043858450347576,2.6530782579731347,12.100266021193713
361.3874608799657,10.050703518123463,0.0,0.29288590812702303,2.1393029288141294,12.613019203972042
384.7111852263854,13.287585686197461,0.0,0.2901731502489714,8.906526480213026,12.077290331093746
387.287076217054,16.605113664196384,0.0,0.2988437587988248,17.566086714724392,10.622399794477744
412.3185291632426,19.965754742408794,0.0,0.29053354001032783,14.762402432922338,9.661698549224113
436.9485806447316,19.977245579602087,0.0,0.3667378058894558,9.60670923490131,7.788176034823147
452.3865551140131,19.894715200510102,0.0,0.35743595673736595,7.092965035543621,6.768193611033067
467.51385395604785,19.84445474921195,0.0,0.4664237975153719,2.916034224816705,6.009997331016962
485.9702374379636,19.797748861311412,0.0,0.3647794983475459,2.5042736180928835,5.254306238927577
509.7973415281963,19.757213947998604,0.0,0.2926006776090261,8.203533299816261,5.9821606468675945
510.88035759023035,19.755761358170385,0.0,0.2873749507178964,11.17184947959996,6.962925742423782
317.12478675433783,16.514837514749036,0.0,0.2996211711507002,12.77523114325608,9.185762757575144
227.6330440309446,10.113954753245697,0.0,0.29137015475448147,13.149216116630013,10.869160312233376
206.05820185647238,10.139957212679356,0.0,0.30080729477780604,8.920861748340778,10.37901444832554
115.33992465131635,10.156394870539804,0.0,0.2935068943237049,3.134671527207139,9.52678804167013
110.3893283979096,10.300705787485573,0.0,0.40365698479038997,5.133619964562963,7.8472944304546965
79.84238394880666,10.306609691352104,0.0,0.29725175934884945,19.23529592141425,6.864955073374269
65.33962515491984,10.402916245602624,0.0,0.3027930594698795,31.703382564241675,3.871382624580518
39.2229768066298,10.441131699011338,0.0,0.33227096586974303,44.32031828408327,1.2098107575712813
43.88197776334561,10.546028073454101,0.0,0.3387226903837591,52.89442146260388,0.705003660560118
30.955495088315924,10.52964227113979,0.0,0.3346054171712713,59.45583056414741,0.3177688571486112
17.83026136870876,10.568112385522005,0.0,0.3343517559739032,65.20529954341029,0.3188074325349995
27.85175193202691,10.612968156237486,0.0,0.33865494546790975,68.6784367325946,0.7099385551469681
4179.03439750004,10.5943804680556,0.0,0.44103751004173997,67.63750830113676,3.698263105340659
934.2631561070227,11.38191783146178,338.73835706967196,0.4171979533820933,65.84946606483034,12.574895586233925
149.017317203598,18.616960391275875,169.66698579505982,0.8347895509065352,59.60757013124836,13.221419387644879
376.76107272991504,21.429925345703573,51.25353089893342,1.3872840519739986,50.90702637951562,12.572347479023193
550.048250573106,23.855491175144422,70.2184814536798,1.4580242634945084,40.512813039460895,10.712975490959918
708.8420887787879,27.975430829020247,64.72890660689666,1.4874165023401549,33.08048885587375,9.640443379515995
828.1852560352146,29.263985663014306,78.37698966857,1.7513264264388209,32.50886046879083,7.744696773218603
930.590074878848,25.285902587782846,92.93202305089893,2.0821772651981187,35.067177939486044,6.729607485184454
1056.1504594315907,29.037367939893226,99.36915646572342,1.980028508601777,36.20104921222398,5.963683315337239
1197.3336272152978,27.595790843576815,84.88760737020168,1.3124449969078447,34.265461498598285,5.217092587738589
1320.856736244341,26.03363194503862,87.16272224765,1.264207054352618,32.808395670328196,5.930036519680047
1421.8068720327808,22.109321591732122,105.36183978973615,1.6193370922021855,30.303613294581186,6.889090209286399
1331.5991751370398,14.40418229893974,115.85297258337249,1.0346685054622313,25.807119992289874,9.05608785217261
117.62021759328267,11.828421903283667,1.3740969123767688,0.8542710651234826,22.890375921745896,10.61194650796712
172.34416333155082,12.531776619387744,1.6616542626924442,0.6831083856988243,26.744598806842344,10.579283030939784
98.48937534770596,12.455322273151054,26.2607918493769,0.7461178380608952,29.656785324152075,9.67218203743847
99.20508265331834,10.708532705851125,40.059794741535434,0.44820331735210395,34.46277181695539,7.98453497040138
73.6729077151185,10.435899501204068,0.0,0.33365522213638993,44.77148762910373,6.976222419403874
61.23886939222467,10.472528354502606,0.0,0.33894595429817986,55.757545252997126,3.9039226647219105
36.56235404662478,10.502863391035437,0.0,0.33163662838729885,66.02696963219049,1.2181806925067156
40.54176652787172,10.591557703663078,0.0,0.3407807447862838,71.87224456685126,0.7082939066134939
32.23834495260322,10.58531367269657,0.0,0.3330399057161949,75.50083638468665,0.31894873941967444
24.36921290669235,10.615087713807602,0.0,0.3395117411683718,78.39822499656454,0.31958132406951817
27.369692248830237,10.642029628684124,0.0,0.33383860171007296,80.44829897085809,0.7113184486799157
2138.648068338873,10.637078503488372,0.0,0.44287506581323827,79.0913835373334,3.7100168129045206
214.4732346591905,11.281766872499512,304.69496556896,0.41226913121351283,76.40613444518785,12.511506417742018
852.8198651117176,17.590348533066514,166.56829912940125,0.8306973564367477,71.39280187238523,13.165803813587422
1115.9481454968552,20.857604017438373,64.31867581366511,1.358844437690132,63.17470683126036,12.305082763488194
1334.122600076151,23.411933238475704,110.11692125348051,1.444992556367331,49.69284950322857,10.567772833573434
1526.7011873065442,27.536754394502296,196.73277014883553,1.4691072316112632,32.16978879641781,9.516462876149925
1708.9153042237724,28.919165130152404,288.4017489588671,1.723546594638942,14.638314333553755,7.62709583335656
1865.702623946617,24.98866178508112,326.17049222774943,2.048505842734293,3.196287915918768,6.60818662633425
2008.6376447255957,28.698567300875148,371.2226437762002,1.9463395199908895,5.272549054359104,5.847289350613005
2145.4794592499834,27.26828001709226,377.60629433120647,1.2888333664604283,12.110075914888434,5.109738228988205
2275.9074660796678,25.781000038197437,416.34507958590734,1.242603562190058,17.599455235014677,5.812111363858932
2381.3620527093235,21.92365708919049,428.1774060683179,1.5919051991081963,19.127257796992318,6.753569486654567
2236.882681841901,14.276726262965537,346.075881339015,1.016806109245918,16.14751311610427,8.884689851750101
149.89317203225767,11.727919711379805,14.621708206551128,0.840754042473443,12.49589790625396,10.426231345248784
213.36319854131523,12.369670013421903,0.0,0.6751267228799769,5.537534000686848,10.363251465790935
120.07945013243233,12.276813124272579,2.466590199889248,0.7395017061328721,2.526032161847494,9.522580910407784
114.33889335679513,10.567824889453824,12.410987496770273,0.44425591477370635,14.40205138708517,7.871899942447982
84.73378764049959,10.329170230520583,0.0,0.3310491267710123,31.865448529158684,6.897593699279893
71.57142299817801,10.414954295486702,0.0,0.3380252026079619,51.377466613814086,3.8823845052595445
43.37124637017777,10.46242118772206,0.0,0.3287650202805935,69.7855178388847,1.2138982214725884
48.5180857966088,10.5680783775504,0.0,0.3413456784262978,81.8388656336672,0.707013311749862
37.74803088114019,10.562953932456654,0.0,0.33027466040778264,92.05243073753569,0.31843747774783604
25.684465728854335,10.596479696105163,0.0,0.34155964737315747,101.53138873144319,0.3193752859983376
38.7901506660899,10.629654988800649,0.0,0.33118638002540834,106.01675993771353,0.7120979259455656
1276.721295165182,10.601706630738986,0.0,0.44315704572076176,103.87614978903322,3.713035870720659
672.0200658564906,11.146904845781728,372.9474900129932,0.4161607747286461,99.69193612465207,12.462671455335563
1275.8767942654538,17.355779834802014,204.65510623415048,0.8213330098826175,91.7953272113814,13.0283253318308
1455.3046804178455,20.742696930155635,59.21491279733152,1.3520864056611295,83.39971292790804,12.248031606603435
1612.2428036363572,23.315258937789828,78.89130993637164,1.4388382093631635,67.03733046030135,10.542365070478114
1760.9850500961481,27.423371579707077,116.58054094866408,1.4656891891374937,48.770224590403764,9.509040732563674
1910.8931829432147,28.76150173850536,231.79403652320133,1.7232822293796435,29.60125438905954,7.632416030050934
2052.868002730707,24.90540206553217,290.7648030522887,2.0495686460703557,12.665718229577353,6.613573485946554
2169.4162327352374,28.610757977884255,337.8788851832856,1.945015683032564,3.0624974338815805,5.849141031765682
2296.6274340970867,27.19194420193512,332.54820357221394,1.2870362007610474,2.872368619643333,5.109187538562727
2420.5166905082583,25.69429524987945,348.6012817626608,1.2414716107419117,7.34432426522605,5.810912797760534
2464.1157088440827,21.84939996884428,319.0192376696074,1.5955830957938377,7.539204441491026,6.754150892975954
2260.1126759626923,14.219112703896585,186.29252545001424,1.0126694242113072,3.3259049138941004,8.892207618016904
126.28199660921591,11.662530150685768,8.834338606493883,0.8440889188037596,0.4422966221163412,10.439724864957354
197.3241145989551,12.420436505549382,0.0,0.677664797087669,6.225802067812157,10.440165493364377
112.39676092350355,12.315459473698457,6.927266753872582,0.7443178245528277,14.111495658143994,9.57753362192442
110.11679734340177,10.623474966532228,17.16894178455699,0.43887853285734035,25.053784476248968,7.920654965788878
83.09963270117173,10.376773138007355,0.0,0.3392950618503929,37.61540677278311,6.933386441667784
72.12853312098804,10.4395057844915,0.0,0.3305062109969205,49.214817906714735,3.893234979523699
46.31331544039566,10.47047487002888,0.0,0.3388388374136747,59.43403239839005,1.214790205534661
54.369627690072114,10.55843528403393,0.0,0.332667732212684,65.44155833060151,0.7065042287372312
46.803405231757125,10.541504503842916,0.0,0.3386117101366587,69.50028427637211,0.31771527954182316
39.05501220593484,10.569882906564638,0.0,0.3332691062607824,72.55790359231217,0.31845298043289266
54.11042443335892,10.598959744075001,0.0,0.33954564615204974,72.85677417059038,0.7100037106782823
726.3916410295815,10.564307276108568,0.0,0.43543527565886186,69.00344629813168,3.7006703225872197
938.8566479045534,11.038204639730989,194.50671877691548,0.4160478465593458,62.516126484256894,12.42505219741958
1426.403061973128,17.03445399022704,110.05962412377957,0.8069865772024161,57.5439781784568,12.788934876924317
1563.9616604462017,20.530182245190954,75.95384207813461,1.340036571361132,61.35636802582731,12.106561637850419
1670.4229431246315,23.2491662629961,79.07992522031032,1.4327618855006243,59.401351596457864,10.50374930504043
1787.0416250952446,27.393554652011115,73.94043566477794,1.464094321082559,50.09004545563515,9.499241477544398
1878.704041230759,28.724839487500386,94.81720002288914,1.7292599515672693,42.85468358042646,7.6407887048880445
1978.0558228528002,24.844984037157374,104.44830678309332,2.0557612711793047,34.17438901785147,6.641599698560988
2087.6007003315226,28.539280409383665,133.06672484497412,1.9545322276995192,26.68559815728134,5.884073958412839
2152.4744828768858,27.137312026988226,118.15712093091467,1.2961817988460937,25.746537140951098,5.143546381676754
2215.6708147340632,25.66798650428499,117.84652924343874,1.2464017307046937,23.279224903975727,5.855105009921352
2238.789349562893,21.82957603888371,134.37951374110105,1.604505655342539,21.337778124777163,6.808970296943132
2104.6086649976783,14.237970892634053,129.06391010006155,1.0205448562349078,16.495895425903992,8.96410556950293
118.67211570223121,11.696933027176701,1.6048621022615228,0.8494891971541574,13.376271405234789,10.510916979428778
178.294897861357,12.496377182448352,0.0,0.6814265018402695,16.37118887832603,10.550586484322636
100.12981903160171,12.417039366307876,0.2315888643512408,0.7449326063200296,18.702252294775178,9.650378822444718
101.39635342539958,10.678984345403109,4.032520653618956,0.4450320000315206,22.469851007944122,7.954796061386041
77.8556936190914,10.404520361380385,0.0,0.33394443718576944,29.82165296891968,6.941547401784278
68.51558882851658,10.464000239739137,0.0,0.33647239575758,37.72894375406303,3.899222624642742
46.52135821137578,10.485703112650794,0.0,0.3339140554578887,45.47957884079655,1.2155394447982415
54.48185766126017,10.573935105698846,0.0,0.3333717507102503,48.89732232425942,0.7065934178594147
48.007322301569076,10.55306448052951,0.0,0.33959259825624405,50.703622413355056,0.31737731799910923
41.78224456530165,10.578618351191208,0.0,0.3309583939516854,51.882376586320376,0.3180366734245852
53.065364273720384,10.60968224549991,0.0,0.34326318599214456,51.85358827099616,0.7094186457842789
51.296183678844315,10.574284779182506,0.0,0.44181681052747435,48.54414909471164,3.6989242341153092
243.16666111217302,10.593441687038254,149.00558751973077,0.40489951236231936,44.785617779821735,12.387010853218394
624.635892298025,10.402705327784322,98.04384949955474,0.5494468827683271,42.467580571062214,13.096386024376265
487.6978173207967,15.077209759988436,17.815913951633256,0.6951529244583211,45.4458424354941,12.670439039738369
701.733171759611,17.457124193576973,16.658618845209112,0.8775455891900981,48.596249250912194,10.778168897269635
961.6255986805993,20.67586008299533,3.657692974237711,0.8089326913903451,43.667462929026634,9.713044946439066
1046.5144238336127,20.5210926044287,0.0,0.9425051098557041,35.617677552153964,7.7681861615248735
1104.9503429252131,20.25988923943599,0.0,0.8348352413855912,30.873384756628113,6.7402903367028095
1143.4626484223145,20.19462186366071,0.0,0.7974119806436909,29.401265257867525,5.978324825290451
1172.3887246254678,20.12787792574042,0.0,0.6640243776360224,29.02581019047549,5.22797784610753
270.4731803162244,20.097614805479342,10.511867792469513,0.5951800260214718,33.72491543632242,5.957811454853063
405.12452633948277,21.011976985078096,15.549731222092976,0.6467661051361231,32.43175506419066,7.186120075212632
244.4650171615155,17.11034135175745,30.922067984563252,0.40369244736315313,26.25868274352346,9.413277415426599
172.79282211708954,10.331822824128274,0.0,0.4041229319231857,27.972352374012353,11.15653498119131
161.42173991315624,10.33719243564897,0.0,0.40581486700111724,33.73311772858451,10.636858924408081
86.59711987616818,10.36483434109596,0.0,0.3997378067910258,38.93910008594536,9.769201752390396
74.51511349312932,10.517250692635667,0.0,0.4781180512934922,50.50377905055717,8.043550116101049
44.55263553785245,10.547405046212788,0.0,0.3328953052851896,62.469984238201135,7.03963079851255
36.27973901934263,10.629524120584867,0.0,0.34243910473444394,71.4175768720405,3.9565496554673145
1.016970152906123,10.65234253779431,0.0,0.29792383989086946,87.74070809746547,1.2322619787899998
2.8204138226188302,10.77090356808045,0.0,0.3076728948482313,95.2138387337537,0.7166177643015833
1.3993013934610705,10.763902795101568,0.0,0.29940252293305564,96.33381969187458,0.32188482723609807
41.31430969715862,10.77704608493404,0.0,0.3058512789737061,106.39123824614802,0.3221848708470586
37.624400994173335,10.834491639079655,0.0,0.30117143043028444,109.59135351603689,0.7177914766703917
41.604862710432904,10.820124219116709,0.0,0.40963453651992665,104.17439279320158,3.750928649299785
144.06934790804658,10.824127920238954,0.22399989243263796,0.30267312840848454,99.37220682004923,12.555274634500677
214.55464782333752,10.486859653397497,2.465946368950682,0.29888982690846017,97.95858541575485,13.155356773879697
249.79683798886217,13.817374859619637,1.1023567882419094,0.3030137934231078,103.86298559366476,12.585682871398639
269.5983138065715,17.212339953632995,0.0242287464187442,0.29549570387671065,103.43556570956935,11.028690270705933
288.52595118985533,20.61538672461026,0.0,0.305244927020836,98.40066585470976,9.98963273069786
304.61442030357045,20.616216771457314,0.0,0.3646786879415649,94.45199475325293,8.047528605558105
318.8814856510349,20.565493039102563,0.0,0.3741003507100758,90.16910363930941,7.007166987587071
329.36101269008503,20.51780252824803,0.0,0.470882274874396,88.32651290223158,6.226419005855702
337.3666869181538,20.488902693156152,0.0,0.37177745904784915,87.59576112905326,5.450792071314595
341.9097175538964,20.46447423407085,0.0,0.29749332615315177,85.91571466475169,6.216771914343302
339.89432475430254,20.460110436756253,0.0,0.3026741710896796,81.34070313523398,7.240009512912473
160.89206104727447,17.084968415074123,2.45048921943732,0.2945845983193146,72.80394343161495,9.544914220213773
90.59876327487018,10.488298497199956,16.24182944890152,0.30620498254002626,67.68498988397042,11.311847399405881
71.08437646093464,10.556523734723568,33.16129386870381,0.29858542954651884,71.02314819352652,10.83946471818126
28.06112735695865,10.597203769815247,39.68636765355408,0.3069129280133668,76.40347762422803,9.961992790296827
45.66115015870159,10.789689310167507,56.96625580786078,0.4050875608528415,83.91773315911749,8.185844986634574
98.70438179457061,10.802299477013507,55.764938068026105,0.31052700689603724,96.02499901473874,7.151486848396131
127.06635163807282,10.868221772376083,71.55140723152226,0.3026221839635749,108.96609323130266,4.001905323545027
139.12225532615324,10.89440463097999,60.62667703374642,0.3426439984042049,120.61271595046657,1.2442676007744464
159.03264412251053,10.930134564560412,76.59172808933981,0.3395902645845601,127.63998161418785,0.7190461596261823
178.63201653255248,10.944607113983325,72.4872077820263,0.3425840027296482,133.73853509951152,0.32272094745411667
197.51631614423127,10.964902317117508,96.28157297948704,0.34134249463979227,138.74675178320783,0.32286768364968255
123.84277018478119,10.970844480465828,90.0463141214941,0.3389126641974953,142.4765281302682,0.7203148631295904
4206.123545676262,10.922483465782614,114.21884876553138,0.44905910054363746,141.2184455670103,3.769989939012324
976.7534854745458,11.487153784377892,1208.9338711101348,0.4266468852722515,139.50771774988536,12.748099550190425
69.99732978388212,18.752679907469588,709.2653936853402,0.8542490886361743,137.499598327025,13.554017710203073
302.65270828527196,22.225793135670948,320.49403693485516,1.4334726582881823,146.158160288048,13.020896595733328
470.15226442546066,24.82364953566549,206.15944163170894,1.5238925963115317,138.18625236747366,11.251413706473176
617.4476170953799,28.973851443172922,124.27982004086059,1.546280926543927,130.52633352906105,10.101787859143405
767.3792582454232,30.18995904949044,44.46943957169834,1.8137791349342405,123.51603010374653,8.07373885318321
913.3575119801515,25.90017752015309,15.217872058460697,2.143062125129234,117.3542897066185,6.967542139390998
1049.8921636544335,29.601352083658643,39.70413025244922,2.028971696689177,109.97851184890827,6.1469444679217755
1180.8694664970053,28.108665755524818,39.22583351231516,1.3414134308966168,101.77086201891349,5.35456237080443
1283.7894181664694,26.522211139926988,43.269919213417374,1.2880194049729161,97.31079621629941,6.080503936222497
1376.6849524947352,22.52555493164338,64.32400876646955,1.656556944235135,90.27172156207347,7.06090360283096
1300.4373778231234,14.66736059045005,66.3085838193604,1.0513594434501237,80.76338402780576,9.27495907154419
76.92177673371313,12.039606970431613,106.8083902263716,0.8736839593975212,75.54734481038449,10.86300063964904
126.71726840945298,12.898579156864251,132.6438346845661,0.7001830854594338,82.26010669687626,10.940985755213843
46.93083856073772,12.846032423198928,179.32515815982399,0.7666833954537883,85.93252312568578,10.012274231105797
43.940037361072854,11.004206094438986,191.0433348547666,0.45683104775880373,92.4854141440534,8.235388921341412
9.140539354555363,10.742631295170233,0.0,0.3428652339188926,108.18358905919482,7.194205540443413
12.676467471041791,10.784833826200055,0.0,0.34049786790090136,124.6858121934291,4.00847618050923
48.754359011650564,10.818266926984354,0.0,0.337007263146347,141.6625920918918,1.2478575188541745
54.93052219611948,10.886855898658387,0.0,0.3395445476914699,150.69633340824637,0.7211640999755817
76.48674347882049,10.892536438779912,1.2746169767289552,0.3395655470604003,156.3721142961233,0.32348541875990056
105.7389607271253,10.91568213955794,15.469289553666728,0.33596652106395525,161.35026749950416,0.32352724752783785
71.80197317032828,10.938587298915865,40.91511073585077,0.34382748609072605,167.00987970226282,0.7219688951856276
2533.203368544181,10.903502016981674,52.88677299563681,0.4474741754881135,169.8128161670791,3.7813097807831175
48.59518063032407,11.39416649025855,903.3639292649002,0.4176343637812985,171.51426261323928,12.700304127201404
763.6044432386802,18.266292191801412,513.1951831914063,0.853134280401012,163.16988308771252,13.609924359170416
1062.1794774947741,21.63025279710397,65.94029024125234,1.4079747923436217,138.99583392588065,12.782627208184262
1268.9067477138778,23.949310200717726,9.741245074110527,1.4793060791272534,108.15337294977692,10.900252624162423
1454.7467813048968,27.970839140947355,78.80124175123754,1.5019660791437996,85.1306330304984,9.7548935143682
1608.2783176363114,29.334366730542587,194.71837392105348,1.7606208264195857,67.66973218794587,7.810175151679804
1745.6232405128162,25.397422824654083,263.724467984884,2.0896741636585014,52.00227117027534,6.761174968308602
1867.702468029695,29.17827620654502,288.09218886820673,1.9839007845123542,39.43339661653878,5.976709946453666
1931.9697262983384,27.70265836078868,203.06487771515302,1.3123538486043067,34.17778593108546,5.218661578108635
1990.9363815634915,26.12091652989748,151.7824271394689,1.266076762751353,28.969652323403835,5.941612820166389
2007.483929602157,22.167695613564224,111.75529537953773,1.625197869200287,28.719847360588446,6.909759461030147
1875.914628857222,14.42350235961789,115.38812540800338,1.0366036354132102,26.322239556327993,9.101132610163242
95.884976488387,11.869843776430955,2.3117322040833432,0.8566913394912754,27.155975881101845,10.674589280166709
149.09014041169922,12.706291403973182,11.177755861439477,0.690317403520352,33.79797202626722,10.744213918350788
74.39642068570423,12.643270113469042,41.22006978592066,0.7568280497789267,38.50155508433141,9.839044749383763
76.65498926133658,10.888715144525031,53.05332798984095,0.45292472625017693,44.898459091959694,8.125486755581507
51.50909219639576,10.621739077741577,0.0,0.34378894453950987,52.92748440060111,7.100306196857465
42.83350568618053,10.662079288418852,0.0,0.33531699649109975,58.7320933602256,3.96864632641875
13.784227419224303,10.684872628356825,0.0,0.33991817629104315,70.6368900100778,1.2353241279025846
19.19995344761988,10.793458958057101,0.0,0.3373240140865282,74.9303074111576,0.7177848512869065
20.460039310212554,10.778435298612665,0.0,0.34148500591909564,74.3386840118903,0.32160887330646776
13.584152582983172,10.779599648695772,0.0,0.3378011259330008,78.15654525612081,0.3217953825476654
28.05366159101845,10.79997803963351,0.0,0.33729473225057705,79.26769510212887,0.7197506609031668
1273.201782848494,10.756721921867289,0.0,0.44441829115853715,75.4704716089335,3.759484074406302
696.0974039427956,11.300424183315197,294.9868626587939,0.42130665197035544,69.43317214630729,12.634452676185754
1277.7107714303424,17.45046604292862,158.22321170906528,0.8259683578487002,64.61091896344614,13.120750636417082
1448.3009272571378,20.890208025472194,57.910603846127344,1.3643038995950607,64.64873074960093,12.345562159116895
1596.2708352820182,23.54677117673826,66.60292535691666,1.451916529714616,56.880948978009236,10.661669096392773
1707.573330509031,27.708885693592265,86.42321444235414,1.482923601470267,42.24037065816103,9.62741625182379
1922.9973873513213,29.07818434045792,230.0461988360819,1.7495675936986332,26.052801553567146,7.73588519099255
2052.302951714147,25.17667154637959,288.99558645355347,2.0741755565017455,14.834180185830574,6.6986456311651565
2157.9402081286185,28.948296286176998,302.68513441929963,1.9699366192475276,8.060524820993024,5.927732913023604
2259.8136383064534,27.488294809568945,281.9056186243373,1.305221511017914,3.5522190188712615,5.180831821041451
2305.484200805295,25.97230139415382,232.35986581116882,1.255762292314903,2.0387819225176598,5.893597981387129
2368.368913589948,22.05448837112681,233.19576926057528,1.6140372328513732,0.22523748232477805,6.8564570802532
2204.417136524036,14.372165247284869,151.88877495223184,1.0301045007288494,1.158552336352724,9.024359876454488
131.70922632506873,11.782156346580962,3.082612090964265,0.851664083380216,2.273687992611065,10.590930079978557
187.60258778771993,12.549583555067505,0.0,0.6856765460609443,6.149263552963838,10.611538759058032
101.93390016910715,12.49639364691624,4.164891043779562,0.7500762230632919,11.500138344078499,9.720491796246371
101.00091766911521,10.76874420292306,14.917665244158972,0.448988158666868,20.199068497046117,8.030818568835498
73.79295428898466,10.503961767940813,0.0,0.33489524060791576,34.62388411091018,7.024430173383229
61.10033522076873,10.575293679753969,0.0,0.340320371520039,50.812164005561975,3.946440570047174
35.79108531384764,10.617895382105806,0.0,0.33432051339862257,66.24865544564732,1.2310487662275365
40.068133661430764,10.719247264821213,0.0,0.3414377221659682,77.40203373801509,0.715301943411919
29.231592058189232,10.714421729898051,0.0,0.33568403884286796,87.67485558939026,0.32066456192313336
18.15725755818089,10.754480730059482,0.0,0.34176433490161223,97.12562969889181,0.3216148031015093
29.930071921056687,10.7930792153505,0.0,0.33652283380865233,104.31990935726691,0.7203012366433699
860.4993594003403,10.765823839260117,0.0,0.44596409270728316,106.84633139497319,3.768614079385718
881.721376232291,11.186787200089952,392.1072410439686,0.41121612321653733,107.10186486355101,12.61107726317535
1370.8899602651643,17.492073755985217,229.271543127988,0.8286161767363512,101.53836825361965,13.165277869634545
1536.365945224293,20.998415890847706,48.96533772843197,1.371287049100744,92.78069297579333,12.429370048182458
1693.1351525140503,23.58128556767828,75.58353712690156,1.4579102166047386,74.74189932390557,10.694327671137334
1831.5668200682364,27.74542003230279,120.32224173247904,1.4875847738756993,57.83223593388795,9.64463767159689
1970.1290760294319,29.114185374515234,212.59323911804273,1.744683627345939,39.81474643157919,7.743165808228854
2100.6083367606484,25.197166570152074,274.1272803383419,2.0783143907533757,23.554559317525758,6.71314178773478
2216.122193956712,28.95657017913124,316.1510779361499,1.9727304366157983,12.898820906635784,5.938397741207719
2328.666525483644,27.51993916371726,308.639029179629,1.3046375146484819,7.334344368206763,5.18674745096197
2428.1394896164584,26.001742899235587,302.91979354237753,1.257983884396671,3.7141106867691245,5.898727335966587
2471.786770036375,22.093610125917085,281.78276579531,1.6178311490194714,2.339623433889747,6.8563264346354424
2276.0188748835067,14.383464459051833,166.11561054101566,1.0245588321509724,4.714097705641052,9.026125729945841
144.07296533010995,11.804008828696212,3.9560251526314314,0.857356464699994,7.099534527889573,10.598970170366952
193.00768665546946,12.547178858681779,0.0,0.6863550933832607,14.282701800911394,10.624581054888699
105.85136994744552,12.505453824553722,10.264524704618179,0.7512097019293584,23.742725510218303,9.747402208236178
103.42962409385494,10.789039671739543,23.266041380518036,0.4421849214850579,36.30630481585649,8.063701622636117
76.47782764555711,10.539943003796678,0.0,0.34411611335063963,50.819878073718534,7.060836808967977
64.1647727578957,10.603508460570554,0.0,0.3321796451513222,64.26089329729777,3.9618257911187293
39.28058213426889,10.639123316343433,0.0,0.34186747720676036,75.47730790748628,1.2344906548024908
46.237693204147746,10.730907967458556,0.0,0.33413974977667377,82.51881200495764,0.7163481465762592
36.98391813376917,10.7182489556362,0.0,0.3438829166282901,88.06361036906016,0.3206343921618378
28.444090441243432,10.749239685545195,0.0,0.334703796975981,92.21411002934684,0.32139940113501975
42.21875576587838,10.778287216860054,0.0,0.3429638597481389,94.59836667628191,0.7200033257162888
699.8331492534232,10.74160229490884,0.0,0.4384502039112949,93.08842846708788,3.766821099269541
974.6254388767126,11.13786655250029,307.21894470660243,0.42009602396309165,89.02538709138202,12.609092633315647
1434.4694960550119,17.380138634098927,169.9557528221623,0.822594993011835,82.0985528003978,13.087146936275973
1609.3414916008028,20.900651519654478,67.06910574508134,1.36578577804845,74.19030535530946,12.367478102937769
1757.425010413942,23.551831306190252,96.92256519863913,1.4529622763543077,61.33177008051236,10.672758402040529
1904.018463768298,27.73423539918906,147.28569860769227,1.4833056612548672,42.27200638790056,9.631535255249693
2049.8622820288083,29.107824635416794,265.0177391945765,1.7488735686079029,20.928620351728338,7.730411427000104
2188.895716457013,25.193853145712048,320.1055466500908,2.074102002509176,5.399912445781295,6.699013026336149
2306.62305427088,28.94717378659573,366.41792415002624,1.9703718749049626,4.702860106656368,5.926453002792946
2478.970320472233,27.51871960615425,395.2595412151201,1.303989482204475,14.401698387968915,5.178798313089314
2631.346238670818,26.030171058932936,438.03746722079296,1.2565315024254067,20.584932629242093,5.889265867310202
2640.4013453821062,22.134580437401485,420.5534041551991,1.6104697624253688,20.95301102221508,6.842435393924111
2451.2217968896034,14.41983996426971,230.79737457937335,1.0288342585112098,14.73713654187761,9.010140345143736
161.57499979738085,11.806033334149914,13.39354808448202,0.8499407589147107,12.948618967005476,10.581445296373108
227.1123229563553,12.533569342341437,0.0,0.6829712875492856,10.854308568921866,10.53173426055861
135.08350360309748,12.437858990246143,0.0,0.7484431936318251,9.019522482567082,9.667838088272855
134.50884054693094,10.696267299556013,0.0,0.44939651498283634,6.103795186355569,7.965060661935258
104.71728829675921,10.403064524292427,0.0,0.33797047903285865,1.364530637470046,6.938705776522931
93.12150287629714,10.455427332263616,0.0,0.3339240423419649,3.7355141111643295,3.898018852266679
67.4736405539411,10.465368107478172,0.0,0.33769283192042326,8.169367033103422,1.212578384109676
77.1654294413278,10.557145044965166,0.0,0.33738325018827775,11.445778345778574,0.7044300273151166
70.99409457211028,10.52521517171238,0.0,0.33532476739238404,14.844560727998097,0.31482546710161324
65.57095464532578,10.55689730228341,0.0,0.34114009920103583,17.959937036661962,0.31585060972399254
77.2092343529359,10.590901044340223,0.0,0.3347206009752624,20.77554033010915,0.7086660328482305
75.46103626723529,10.562037425030844,0.0,0.4468102729164532,20.216992688863762,3.708230212138271
283.9748710352771,10.601325790028321,42.69397207654628,0.4126665447488846,17.219699067434124,12.443965301754647
259.0395042466459,10.36030374285167,28.191605472447247,0.5402930624620734,17.56516513635219,13.065718023551247
656.4898349609198,14.918434168967606,0.20905959465294646,0.6956857710213051,23.837890641894706,12.721114344301434
858.4324679045566,17.46989336417289,0.0,0.8867568655145759,25.503115784366685,10.803439370641522
1089.355788273187,20.735089011537088,0.0,0.8122201330342111,21.26080482263917,9.749343928391486
1168.9063847760133,20.638325567188094,0.0,0.9408969622227309,13.541777010827007,7.821542567111999
1226.5787706146298,20.387916618074915,0.6634845810640407,0.8439958021214888,6.378915625290589,6.790027585480766
1276.976331312281,20.32127740670833,5.444709319544896,0.805294257504233,2.2618310411033895,6.019807959811124
1338.3942803926177,20.25258574737934,7.420716790718985,0.667355806294942,1.64343720948467,5.260377420103186
369.28079504127896,20.21183902306673,0.8690140011779404,0.5969657415519188,2.799380691066579,5.990035347438481
481.3346707154453,20.93019824451317,0.0,0.6464689353586301,3.516046765517383,7.167189782681929
295.91306208971076,17.110530507032383,0.5811764597738167,0.4012233214249073,5.674066590303429,9.417846805829834
218.4981930011971,10.324471587281565,0.0,0.4071035427261017,7.029070451588872,11.149850708624053
207.64649969611884,10.344749266033896,0.0,0.3993710193723971,6.25061652108867,10.642799332081415
122.6564611974558,10.356889844889444,0.0,0.4094400937020346,5.351706624474302,9.759248161631252
123.26829484290042,10.504588742551253,0.0,0.47887414919448573,3.5499111444955735,8.02725633182659
95.97475039168721,10.488017810448925,0.0,0.3363855043227067,1.1606386128261676,7.000806794282171
86.32951201690841,10.542865742390445,0.0,0.34098696971101006,7.126406611042557,3.931614732113461
63.323026522176995,10.554023443050417,0.0,0.3013959311906896,13.543447347267154,1.2224525622508793
72.04087729444394,10.64167020115479,0.0,0.3007949921554724,19.452449002004126,0.7097567458301015
64.02337973676772,10.619235212252546,0.0,0.30813154747859345,27.11602667476967,0.3171139126155
55.956696674236426,10.662324770637236,0.0,0.2995163258262122,35.10372024570877,0.31843165909527144
64.06755173302444,10.705228238168244,0.0,0.3093589054796408,42.23804068882107,0.7156108728092793
59.17805680403536,10.684249575562177,0.0,0.4045317048929274,46.61724821443246,3.750984923908592
247.29056007691676,10.723618715477917,0.0,0.31121597006906826,52.773007854431114,12.591852927424881
299.6373330445853,10.445221713123821,0.0,0.29741080077771237,56.61408875494772,13.166760389135895
322.9065429082122,13.806867741185998,0.0,0.30437642412912347,63.378544979561,12.621585981788206
323.89499872051675,17.242473696298795,0.0,0.2983183353311879,75.15157636133137,11.07825096503292
336.4043440447666,20.724015470971537,0.0,0.30409841477924104,75.43497958588266,10.065859873506948
354.41743873021863,20.74589114165305,0.0,0.36920423735906793,70.94550633813085,8.11802977607215
346.7021429097367,20.6861658330751,0.0,0.37373999277211895,79.05047634546045,7.0652817102263095
358.772345553243,20.703810603787584,0.0,0.47194891617205387,78.00532044330261,6.294961792831093
368.93307841691336,20.673502287476595,0.0,0.3777210568781238,75.50432078790504,5.51060138962125
353.53160964558253,20.638306580529147,0.0,0.2978536829765385,83.0414344315611,6.282830966609529
356.41608784461596,20.68661190931308,0.0,0.3050296702896491,77.42983582509365,7.334881779975427
187.42439141821893,17.266441111557135,0.0,0.29833777935675165,64.29500320936292,9.66748725519316
115.6100821298857,10.580685799979616,0.0,0.3047265030580214,60.149684745805,11.439147982590782
99.57943674632862,10.622720454348334,0.0,0.30195631171090803,60.52141801095593,10.94636372703011
18.36199778254317,10.646535486691137,0.0,0.2979184086747502,62.10949253293615,10.0416074425067
9.617642453890353,10.827926283854342,0.0,0.4151214918027568,65.51687672043937,8.26075088974584
38.34872492989238,10.843565603952696,0.9773732948876505,0.30071403804713526,75.74100605363152,7.217327059727838
69.66517997355814,10.946021133043864,10.950682883635434,0.31195094543215784,89.12824032820619,4.044301133662123
86.14617676476578,10.99671666813998,21.20402220592075,0.3364716755934158,102.77886390404491,1.2567440567519232
110.3515907665407,11.037404320605747,33.718548561208536,0.3480770595624877,111.45021277309769,0.7260350303255636
135.18033824630143,11.060300759441969,44.144464262877214,0.33848136366666365,118.72401670097408,0.3243420173423846
159.18122885847612,11.080066116494384,50.35812291229831,0.34841685938414857,125.35867771921646,0.32450028492235145
99.67347300746746,11.096958130691831,62.71586930123442,0.3392900966536912,129.8930576727942,0.727385965167633
3933.039352618829,11.044530764870938,68.0636663116371,0.4544068772068502,128.40732693905068,3.8200949403747684
844.7994153570764,11.621066015970362,987.7414558762741,0.4259631699486123,125.8028022941252,12.919106592857824
158.53959750793257,18.93432691171559,591.092365313695,0.864239054747524,122.43797894086586,13.71497884888742
415.33515777483507,22.348476120388014,150.90935296577453,1.4436641900181553,118.37192136728477,13.142667848494293
625.6372190747844,24.786183061657987,49.43279669623924,1.5264502743042359,100.38135964517178,11.268980958827594
822.0302555778599,28.814147171070275,5.354330276390011,1.541056014132307,84.14158548654825,10.0661743229378
1016.4703158439153,29.998706210791255,68.76745870054944,1.805966885555948,70.52437035711745,8.030965976472004
1187.6397299369207,25.895782820799813,137.50931836725235,2.140043839680513,57.65795455052694,6.936116166335708
1321.5224011532423,29.723952533057933,165.27169920288046,2.0271795380740554,51.22814055157839,6.118933947243216
1425.4093582440958,28.24466835237728,109.13747514056581,1.3423147840407745,48.84224506124895,5.343989738342746
1552.0057174427218,26.62626919408082,98.87220977642643,1.2918419978245732,42.565354191776436,6.0837406482083844
1649.7573377658546,22.59445831688587,107.44544134995091,1.6585571590569161,37.37410770407158,7.065937615041157
1514.3263530854917,14.706617114877494,108.9496074849657,1.0569844706356453,36.13603934292483,9.28954530546063
99.52714695921652,12.101390113765632,20.469531712356652,0.8730721434209326,36.675329970242224,10.89801780706407
151.7037631471383,12.890467073737609,37.9822067157413,0.7004418456819417,43.92272632261799,10.944314984735774
76.03163547630021,12.85842166115098,82.2093048209922,0.7672397186551478,50.61986906880067,10.024334128289336
75.25791489073706,11.047083168720794,103.8804850357525,0.45897188156210644,59.74654421258587,8.273306411533223
43.96456690230842,10.779896053640265,0.0,0.3408919775272609,73.99356645165878,7.234374735327271
26.599096425353583,10.814836575616763,0.0,0.34475794889095623,89.17865524635022,4.035665558108214
0.8856660947090748,10.857862644457159,0.0,0.3367044485292418,104.40563296164189,1.2562463142470244
0.49131121765833985,10.949823734112682,0.0,0.3450939142403013,113.62538756493173,0.7277920446837274
15.28751454603989,10.954074588781035,0.0,0.33776785273781934,119.8329897125522,0.3249585310464943
29.92400208811392,10.982222077620284,0.0,0.3459223179543972,125.87297830164349,0.32508296766918227
11.161101415084158,11.005590875726345,0.0,0.338365977366891,130.3773920791507,0.7291953484378405
2197.7283440684078,10.974987884550886,0.014103838291493843,0.45067275931347806,129.77398281938918,3.829240522869031
237.67482648846212,11.525539322239116,656.8717463672607,0.41806390912004,128.0162088927659,12.860307433065243
915.0517593976276,18.243917928050983,393.42550298572525,0.8621255309623644,124.93070675556312,13.676071088085115
1157.728137585752,21.65690557027384,22.95403163558314,1.4111852963106601,117.92870821427509,12.834878071206171
1325.8707015145753,24.076224061007025,27.632246742784268,1.490682506253543,104.98998542136997,10.967657140475522
1488.0087623577226,28.288164317083602,40.67755913765542,1.5149730662214747,88.19314674863602,9.871292240142669
1602.3128410667046,29.6326639615401,105.13400795553055,1.7831561768347626,75.07203597834726,7.922347347927518
1718.6097980044394,25.643330596039693,164.9468851631187,2.122402135359113,59.453470381764724,6.871469070611652
1805.703390781077,29.47665684282777,185.42867034724864,2.0141288025169337,51.7421727491588,6.075772367931636
1851.9492481297887,28.01203584499492,114.38919126242467,1.334220297282947,52.28597488219746,5.309990523134947
1919.4767408414841,26.446133578869333,96.06059569224225,1.2845493884543393,47.33125098038999,6.050951308906192
1978.6443551406905,22.464819765300835,105.47867961034322,1.6528507163095176,42.93647869145494,7.035831186236908
1836.9850452586231,14.638982884365268,116.97448035037691,1.0524142260898421,40.78593398281651,9.25726095568248
96.30137857094347,12.03407032337845,9.949878684250665,0.8703934056820023,42.60166218647201,10.859887097009837
148.79591175914226,12.904064984132665,27.260102273709784,0.6990374508430444,52.321798040721966,10.9435808547826
72.12854108052682,12.864997235308834,75.21285347889473,0.7663542891071153,61.308249445348885,10.031260879088634
69.68300897594895,11.057414140916393,101.40302074135384,0.45799142667295556,72.87183617177486,8.284359422990837
38.03459944875014,10.802608148248979,0.0,0.341135272909025,87.73886106118553,7.248678310163818
22.974273306366275,10.841798478355082,0.0,0.34425396857366236,101.1651664750555,4.04711741925826
0.2738751503477202,10.877430787816666,0.0,0.3371868824595803,114.27134376561035,1.2589114116903257
0.06497934622178406,10.961636259777299,0.0,0.3449993456232148,121.98168849309273,0.7287721365254691
15.212108944559116,10.962039021495457,0.0,0.3383038616973221,128.09704159741358,0.32515802249032427
30.90735555405211,10.989585606113476,0.0,0.3446175364444779,132.75196186506028,0.3252980730723912
11.513699522517546,11.014794806316434,0.0,0.3389893092712091,135.36938638921242,0.7301716697318428
1609.2990072636535,10.985183435055527,0.0,0.4512764970119322,133.2920366068204,3.8362840848980193
608.1314806908781,11.459156217367616,592.4125125343999,0.417042310803667,129.09957099371167,12.846358504687673
1221.6788625526162,18.007020901407095,351.5599651185529,0.8528939193158822,122.91931525352062,13.551712942768779
1390.1086619264465,21.488440133773533,3.237177518337251,1.4028226807078166,115.41378033615675,12.747183378614544
1531.2569988807059,23.95556232716995,45.55273650724549,1.4843606291929714,96.17411112617063,10.914775437859689
1671.5797003029995,28.202547156112722,59.77768180763968,1.5115798169232337,76.57188028019863,9.838087076240894
1813.2635816508573,29.56090959427838,158.9223878531405,1.7782001245487384,54.52247108923626,7.897047542769681
1946.3670449248907,25.57505736624326,255.77647594054127,2.1149569007876985,32.617926859859296,6.84031044444891
2080.718339715518,29.411195517589814,311.6209482413679,2.005519729226093,16.979591111496546,6.0428157341086335
2206.004048297657,27.938642221044454,310.6483333401731,1.3264732061602706,8.221911034859021,5.2725684235515455
2325.6491923942062,26.392072393654534,320.8320469369642,1.2744595005437076,0.12355924649597234,5.993061862165151
2384.845660206343,22.418950737275587,301.4491467796981,1.638163635898135,3.317044488693983,6.960438044455649
2180.9615093639977,14.589776941541734,167.5416024987696,1.0434633270188036,1.7026861212965563,9.162908309531641
132.67291224825593,11.963824064413343,2.763691244761052,0.8632453271403764,0.700588080137517,10.757236438459397
190.08501423699246,12.714270552602521,0.0,0.6939580713310269,2.392314076800326,10.766935774094938
102.76814007596829,12.637623768776377,2.4980644041063917,0.7590293394386969,6.948433402302728,9.85901457600973
101.36848985166215,10.901514567746595,10.942438848179128,0.45366614499241437,15.128439603849293,8.14242489629082
73.61520227801182,10.636005734141389,0.0,0.33703698623697886,29.908664313261777,7.118491359767149
60.37867599847376,10.716214222024826,0.0,0.34327100089802154,47.82994154047362,4.00110032133804
33.76816652417934,10.763078976489357,0.0,0.33663821614309863,65.34726362739445,1.2468152016252172
38.18765831976709,10.872273085847514,0.0,0.3459607339997926,77.11776318244341,0.7237028075024816
28.174183857904104,10.86676366489864,0.0,0.3379906129696819,86.84851954174403,0.32276048946141983
17.30688406111276,10.902430055483382,0.0,0.34486406591076324,95.71908636430419,0.3236636835542563
30.10555581169628,10.93823487650187,0.0,0.3386421991608252,101.369023824027,0.728584117711984
900.4298060913362,10.906939942664712,0.0,0.4509009486284142,101.73625550851953,3.823558449694852
890.8610543165838,11.343733082952369,370.6933244583996,0.41461206151376007,99.49458897971172,12.805824917596388
1378.5252253581946,17.69200890680378,208.8992454547521,0.8413326940285524,92.32106218107918,13.346008175951086
1560.1858480417047,21.23734167205339,53.546849851843106,1.3868410311205084,80.55611941609087,12.595294846287262
1717.5756523164548,23.86562086570409,83.54794218630357,1.476951448513308,63.12588634929797,10.840708730061044
1861.5659161316619,28.08607180322449,156.04266358123348,1.503434030031578,45.1718139797261,9.776101573031864
1997.168840100847,29.49441175659344,250.00547979635647,1.7693150401518623,27.858860681579767,7.844430545805651
2126.4511851814486,25.525658203495503,303.00153259848224,2.1051303334468865,14.334931138482961,6.801464576111883
2243.8413152674943,29.335344821917726,344.8506858032002,1.99893825983283,4.10743478159407,6.018544973129117
2372.318258698981,27.87194878927722,340.4436226298324,1.3233589969864552,3.8333084375015374,5.256584990594529
2487.541817635068,26.34012621134559,344.49520388100984,1.272041266937261,9.448058252891276,5.978782790083843
2556.8477282149306,22.389058149917766,347.2855951445366,1.6349903579317722,9.851840984282543,6.951137114114972
2339.3512636112764,14.589158654388703,211.98175709152613,1.042299285979919,2.3914398632226948,9.150005847621047
134.92220890845766,11.948547220070692,4.981384345423062,0.8616024930819213,4.723866003147757,10.74398439208184
192.7128184272962,12.72323096075793,0.0,0.6934044352848613,11.651575605607132,10.77484979095628
106.40671137393063,12.673587450948443,11.068228302431034,0.7595198347255586,18.508318157246187,9.885840768233695
104.63020124018664,10.921435528133493,21.535035964109767,0.45436728054755837,29.142567314655643,8.174733350168063
79.02993731440422,10.665757012448395,0.0,0.33672653302615047,41.17205107680158,7.153150852995981
68.91331964335222,10.723342584908943,0.0,0.3439676057229753,51.035084582312194,4.011019109234597
44.70326493796707,10.7472178744277,0.0,0.33560413195985545,59.410498318133804,1.2470920585827223
54.55935653984932,10.840853858728343,0.0,0.3465449155589656,61.45362764488814,0.7226533220823261
49.709105552804864,10.815620708452615,0.0,0.3370398884070428,60.58823029715861,0.3214606538154118
45.795125657362874,10.833682391842343,0.0,0.3456264912252703,58.25473805361165,0.3219965888943142
60.17645087238796,10.849942068876182,0.0,0.33791076920736113,58.252160087300254,0.7242760411354517
523.0179175806902,10.810587153458911,0.0,0.4515950931443963,57.733228877132355,3.7988973989425032
1026.0707975376731,11.223055737285982,164.52607997693931,0.41443906744306963,54.550662991942204,12.767820995526048
1478.9095380582073,17.404057558836943,94.4204366544921,0.8288932971657884,49.15097450075209,13.11161896692472
1643.9121094807342,21.011900757896946,80.9766402247666,1.3707474925410985,45.92004621889379,12.436997884776556
1795.822542069506,23.799578592439467,85.57202198148653,1.4706813270796586,33.89536117608241,10.79128073871961
1951.9347454451436,28.00209939795533,132.6140508977103,1.4984987833642966,15.87293524923929,9.741444378034341
2117.7100435770335,29.389897724858233,258.3482604785888,1.7676090127451554,3.1369371442415077,7.820073004943899
2269.925175149144,25.45616686107433,327.93952914797205,2.100328808206894,14.781823922309162,6.779953507414775
2416.3593711409476,29.299572585136094,383.449563088521,1.996868268107067,22.675622738484105,6.006072550706906
2526.5806634766054,27.86350097393233,346.853968979961,1.3209883736448396,22.783305547136703,5.249104402539729
2591.20300850361,26.323105181582786,321.26210249490396,1.272971232076018,20.980719566900515,5.974845283075136
2534.3809257007993,22.368348606856102,278.0669780666002,1.6338123383173702,18.60437899434289,6.950718716947192
2419.628920520948,14.575599334420614,203.12746373667068,1.0441759555937853,14.89346680872277,9.161794402949779
165.11053707084602,11.964831532143746,10.029196129042917,0.8616765332916955,14.721877425320262,10.750878988980292
229.10492134909802,12.681079366643148,0.0,0.6917814647874824,12.333128748657677,10.697418527284928
130.28031573605125,12.621051020326647,0.0,0.757747599199611,9.722293953859147,9.814786225861344
123.99452179732559,10.854001855903512,0.0,0.45354540588975684,6.116678522619409,8.09035922350146
93.24004338776953,10.563672891391446,0.0,0.3350213974852287,1.7908164913464637,7.054356304034157
82.24813052510676,10.626680607641807,0.0,0.34388172135020023,10.235541701832561,3.9684788020752486
57.03424722698643,10.654913362584487,0.0,0.3340179310803078,22.152635912872924,1.234225652170391
64.96916952363759,10.770242699832767,0.0,0.3475676570127638,33.72585375533477,0.7172789876465194
56.29066578782052,10.762659134855577,0.0,0.33581531177730456,43.80022820154037,0.3195446035993514
47.98902241779939,10.808274919993487,0.0,0.34697099056577835,52.66798816343752,0.32088541364685175
56.999292686824425,10.851856819096596,0.0,0.3367532721803025,59.298287723990185,0.7241469763381339
52.367026936365164,10.833484198066893,0.0,0.45284629219056377,61.62462610601557,3.8061778217782583
249.52991331416806,10.865347552798665,220.81278734319335,0.4166594119316195,60.935415619641375,12.77703738830625
439.81047035892215,10.714001685150697,154.51149556773572,0.5556257100064902,62.886998567345316,13.55775482157002
557.0848442998588,15.322124562529117,64.75448853038726,0.7106290295027734,68.6511998713564,13.06757568740092
757.7166501763244,17.99582725342307,64.48337380692689,0.9114210991912652,74.93631259433974,11.172149995247992
979.1905461701465,21.33082823315542,42.08813038829831,0.8344777251958311,73.38292249884236,10.076647230898459
1042.9353195074843,21.183876704987647,11.660397315036594,0.9647734061902054,68.98197496181413,8.06360668720245
1060.1463794437943,20.89994622708887,37.88743746370262,0.8645450684485241,77.51899793003635,6.99006433119739
1131.1058104844521,20.923263460975683,16.913068202812997,0.826992370997236,70.32015006207523,6.2318873162498996
1189.2757854364627,20.802479637245643,14.05946027402369,0.6840893857861108,61.49563023430724,5.432557355451474
295.0099208778529,20.733991945729144,19.316081744655047,0.611463165396246,56.97975737722677,6.17950113707247
430.21452108432106,21.61080380534233,30.65316927406941,0.6621964537056636,53.76603838848472,7.430121795417063
245.4897842298144,17.614546544946776,66.69951989197608,0.4090640227598117,49.16884124038171,9.741900531442038
170.97126430205756,10.668028915481752,0.0,0.41774677939979354,47.22129368447782,11.578017844699474
160.37702472684606,10.6540710824412,0.0,0.4070159998386873,50.51033657083551,11.012989762562885
81.03975936180603,10.673583196968352,0.0,0.41582960241747774,55.49584752300235,10.106047589003207
76.94947219305007,10.825467790981227,0.0,0.48717698501913576,62.49772152117705,8.316387513540004
43.38959983045838,10.832184695668028,0.0,0.34018279414182734,76.31041631418249,7.265490724114218
24.235346407538653,10.915270266626306,0.0,0.34604457095791696,94.00070825119656,4.081066405584577
7.455725832107339,10.962607175828252,0.0,0.30391132151411415,110.66172714892801,1.2688275791669004
20.181663482419022,11.063789827035256,0.0,0.3110748949543408,121.29869084498424,0.7338711712958571
52.90333649098374,11.079286629095215,0.1400452680080566,0.3052975959227634,129.36105519266846,0.32630576305144765
82.76420133024286,11.124010655060482,8.756785410586309,0.30364725145912613,137.1362303908685,0.32630682220071555
85.40068350497933,11.155207765813602,32.374655965933265,0.31225160888163894,143.87634898124034,0.7347169537170034
108.37579725534748,11.144970507992662,46.5060919387381,0.4137579422935979,146.042501330611,3.867177362557974
86.1090763488256,11.159782340924501,68.38264263075705,0.31335550108611754,143.57588629861937,12.97246661205985
150.48255608763182,10.894106695939804,70.27852519735124,0.30294800602660865,142.6437678495109,13.70864248267096
208.65074421748957,14.360855737006423,41.32578056835085,0.3134031891869422,139.01330322387133,13.129111890676622
251.2225796262996,17.82717058247383,24.815729879736445,0.3028664671673402,126.27210832735025,11.463463811071994
285.68087345373954,21.27461469391885,18.4151518567434,0.3099661211146456,114.73940835998293,10.351655974454083
316.7820736903097,21.23115259839424,13.410274110767038,0.3732042936699599,101.12254506926926,8.323524146932916
332.39568833752753,21.131719867024003,4.703036375148941,0.3803412049607748,91.51327362666152,7.232749601597754
364.2093098919152,21.061990809912377,0.655602894666944,0.47777242852474855,78.39426847621576,6.417515198904843
384.206989237045,20.96070772423093,0.0,0.3817596579234352,72.12284949542577,5.600101999916521
406.04835733486516,20.901488013503588,0.0,0.29846716578612514,63.7900471288873,6.377653681503521
408.63161575774785,20.855208243026716,0.3069720351099134,0.3088706358107908,58.92996113595546,7.413837280408591
220.04371853975024,17.40890766208994,8.150929597142758,0.29795036614459813,58.368373846158946,9.773401289337617
124.74512391641657,10.698347723033471,16.717689820972335,0.3099694259286902,62.31422957774898,11.602379089074068
97.03804741235302,10.782206727628697,22.888537708209462,0.30314648152736556,70.1169067181472,11.140698883521067
1.5243229083520855,10.831237476188788,38.6240671540191,0.3096951422713949,78.89857759202219,10.241870433979612
25.062097412606246,11.028403229682247,45.197921485862906,0.4128766122781091,90.21005647152026,8.4394105026185
86.68749992009275,11.061922561210581,67.40526649353293,0.3138087843155283,103.52687247270708,7.370431621717248
119.94740407185007,11.137404068685063,63.23248768109069,0.3073900710511101,114.11684246289276,4.12464683816075
134.27632256828838,11.174234821167516,71.99491372963588,0.3481747773311229,122.71968708023398,1.2772706952161077
153.7158796277383,11.210889830586058,67.01811314062536,0.34526383267993266,128.2208815721234,0.7358652757806834
172.134412165284,11.231022750597807,88.78524550302288,0.3492646790140126,133.41699556880835,0.32685040493783074
188.344963124641,11.239731890448299,80.14809731760317,0.34588053151037357,137.6678559868458,0.3270576679130531
110.93825569810683,11.254827486663931,100.24927372240467,0.3494749034353691,137.369909243277,0.7368446018994242
4061.2899832972985,11.19599501598379,82.63512563021618,0.4533639186908592,130.4719487403434,3.883996412327718
894.4021907777744,11.79083150671824,1120.215204128606,0.43489892274048125,122.44054196090596,13.140301134516505
136.2945516171937,19.23285172970226,656.7278657947336,0.8747295912719928,118.09746630190307,13.96127051852495
369.6691035890771,22.730632823900205,285.47706795907135,1.4698520916383784,125.73449945563762,13.38433545061418
544.6366330784836,25.36178158568981,170.20752638668426,1.5611168883193949,118.37217361035223,11.548939811179816
701.6569372493126,29.580107852805597,90.103199474758,1.5822005400603603,110.22561857219092,10.357306081815931
855.8349189332184,30.820686580671417,22.5817216846078,1.858502188732625,102.14034170913042,8.271000290045949
998.6979597182542,26.444881456328684,2.5790850665160834,2.193981499892449,95.04880975028844,7.137277664309365
1151.817607859966,30.239412828574636,48.721203263631146,2.0781541079618706,83.71083218122052,6.2966836948044
1290.8035830866818,28.740935954368688,44.00443266950424,1.371987407492935,74.84790043024223,5.488438643045633
1452.0717723080531,27.10870901424738,52.944130152528224,1.3206466627909748,60.41268920968508,6.2323340826244085
1562.0331372856417,22.982083853402138,81.1533682297494,1.6952353773486508,50.99437023830433,7.223167037299086
1455.8102836158303,14.960656720896807,97.12902734097351,1.0710858216444812,43.7029439815875,9.485184058083824
98.90607176033387,12.297577626229561,37.52545292454941,0.8939076602832986,41.44518261699859,11.112326628213404
152.66710610357964,13.116887245215874,51.978580101070484,0.7118285480319894,43.79021113785066,11.164037685219244
79.59271617475578,13.065120470704708,92.54208453428328,0.7796121471372416,43.519977336441684,10.209935140682603
81.79590548956286,11.208708391144288,99.36336953076828,0.4557158467400319,45.12140614536421,8.412057031534596
55.96258429993335,10.9224455319693,0.0,0.3545224642883597,52.4102450882737,7.341505422839554
43.830370967561414,10.935298019889087,0.0,0.33792888983911873,60.75504812377528,4.086178280844122
21.711133038397172,10.963683717665381,0.0,0.34938679979346693,69.32002779336631,1.2685809007318418
24.062590673997637,11.053634917997485,0.0,0.33951215763652454,76.66766910675935,0.7337391377457056
12.174712957910307,11.04586406609048,0.0,0.3501103878501612,85.66548786110947,0.32581437302151617
14.797415989521344,11.083633697289539,0.0,0.33965808981346646,100.99961692922551,0.32666312217658616
9.951880769947351,11.144356633721841,0.0,0.3508686177380349,106.86770473590272,0.7379112723368565
2060.4110563260633,11.134359788873484,0.0,0.451014454070565,102.65555206883957,3.886477306981649
276.9974420623087,11.687090277721177,529.0481570758305,0.4288740372104602,101.65643932725062,13.067456741611188
921.4912817671809,18.405506234555027,342.3793796584301,0.8638682119861082,103.37417034366453,13.836628491137512
1121.2347132597613,21.889445834379007,70.99230095504304,1.429422279980614,113.90418603989625,12.997304025356273
1259.572456663615,24.496683593014048,6.294284481368236,1.5174151279432104,114.10279604041942,11.187992077087538
1364.8820468759461,28.74166854174999,13.085869628897338,1.5454547872359852,113.44889030970573,10.06530839428732
1459.6210306112177,30.174733723945497,45.238366232525536,1.815507925369579,111.15545123585702,8.095703353122158
1535.8172731286477,26.113160369092043,56.55377229228592,2.168305626916408,112.11152094052426,7.035691416739132
1599.979410279599,30.021766546931776,80.59954259034562,2.061437673642166,114.29449228865246,6.238054899550923
1663.2200574312617,28.581397314427974,67.50556330125534,1.3660132518307124,115.64002062246803,5.459166719571726
1717.7467188875246,27.033998499099233,67.8642120805897,1.3152301292075874,115.98730860687206,6.21837470467881
1763.0029570917716,22.994238781834095,84.36948843190852,1.6931333104567152,112.60294371468102,7.235190315073894
1641.9613178412014,14.992994139865697,74.85923045917951,1.0778328139085889,103.31441388412568,9.522360275363086
70.32727883097064,12.307588377359243,111.3241373929412,0.8895430091809954,97.80922617775147,11.166269290241297
118.8177255744002,13.254673222724401,135.59623217669363,0.7161017896017965,105.37583837603276,11.296771020438797
34.64215917594893,13.206318821207429,182.79665969038817,0.7850800331944603,107.55507410740479,10.34244416864507
31.376640555195703,11.31422700762804,194.23277602832556,0.46713384123257135,111.81686591969036,8.50512420505462
0.3148455560164683,11.048973721475257,0.0,0.3454678370054915,121.10648263055175,7.430479940159704
17.612029449611423,11.095729337508754,0.0,0.34873054201309994,128.92036561326208,4.1383504214124756
43.1969203182472,11.125853219255873,0.0,0.3397435016763369,136.5677218720902,1.282250062221602
37.9805137737211,11.189870600304191,0.0,0.34963170151805323,135.90688596519342,0.7384894822180362
44.32391095628149,11.186648394483178,0.0,0.34072937758226257,133.2670387425421,0.32763191444947887
57.44580457285224,11.200877863633531,0.0,0.3504285242914496,130.5114503213627,0.32772220004275077
28.76823130527485,11.22152571951551,0.0,0.3413857333915549,128.89792402494544,0.7393314868884268
1679.7523200770095,11.18272205441842,0.0,0.4570220199799301,123.3460066515828,3.8973173798598606
553.2867613162272,11.649226701427837,567.2144736199112,0.42611202813760657,112.30744161307823,13.07280148149639
1172.9439807488932,18.27265377410099,340.92336529315594,0.8643101437709727,106.70972924656917,13.784433171639426
1342.0706784722836,21.800461763705997,5.030852511571628,1.4250353016241315,105.367628333508,12.959123020723405
1481.2558554080574,24.3228649717976,40.28157267302797,1.505336312777283,86.65997060663928,11.103027526661988
1608.284969311129,28.62755284142037,44.716804838098355,1.5334116530960675,69.17453629467423,10.005931238297036
1751.486900791025,30.000326355579666,124.22496920280636,1.8125174484512274,48.92350780388413,8.035274939593416
1872.4507533283365,25.944063183737466,214.69999819271027,2.149173926650699,33.13355544366237,6.961379758863095
1996.003967012358,29.854653646163644,266.30950658479225,2.0400020556063434,23.165733599568295,6.153496134982923
2032.3043880931546,28.372011079506663,165.47810250516642,1.3478096265204353,18.08048760811444,5.372812968643858
2087.8417412510644,26.75579877100292,128.92262394683507,1.3001303048860202,14.51704875082522,6.1190310097220655
2119.814897545275,22.725381056867672,111.08303474210061,1.6712597090644257,12.334086009653138,7.117704039282026
1984.9799466939646,14.791836604163665,116.50663948725462,1.0624070823337435,9.731173113506587,9.372124423434371
105.10334952383207,12.171246668212937,1.4235506234233832,0.8802722264094099,7.962436725808414,10.991128883921913
158.90181984164997,12.998241376661985,0.0,0.7077937790790593,12.939013565748795,11.0323554899278
80.34702469360867,12.945210008042439,16.165059201044592,0.7762057523792827,23.836919691896014,10.096326768813483
79.83646162653159,11.16365673926888,35.28199460032593,0.4537493893497466,34.11626200874922,8.350655198960983
53.950225795594854,10.894954097470096,0.0,0.35087802236748566,47.17463477617938,7.307887311212082
42.361362843984566,10.952060544705953,0.0,0.3390582539264761,59.652058584381855,4.091030444583292
19.43392412067794,10.987586105423883,0.0,0.34889386157647423,74.69637018800303,1.270648781416765
20.171058983670765,11.085060336628942,0.0,0.34074477521613783,85.82842662493792,0.7352193047278374
10.14440075414438,11.085690932537439,0.0,0.3493693322104373,93.87138466380432,0.3262253840061477
2.12453221782886,11.118943558707747,0.0,0.3410212835658064,103.72429319975852,0.3270080803954563
11.95147428829332,11.154317039362978,0.0,0.3491721167250252,109.9830263275743,0.7397725038091597
1049.6294163556042,11.117170052376476,0.0,0.4478530779038287,106.19327952988884,3.896374561928666
826.2762773338716,11.548799208314376,406.78682354187487,0.4301179773543682,101.61705771114215,13.040820984887288
1318.6498497525351,18.035433418005628,243.57647982120105,0.8509673619494953,100.10553433607471,13.62203186043898
1468.9797761563289,21.640665469147173,31.3891694907608,1.4147663640752217,99.06404219923249,12.862229698033385
1600.7136251652946,24.284962911311133,57.125646169954756,1.500963705025219,84.41664936656576,11.070417073963332
1744.7061290416991,28.59657082138958,68.55691264340108,1.5366582088228393,65.18444052740702,9.99024292355582
1856.963028935607,29.965795828364197,140.19893400810994,1.8040737915553708,48.902383877052124,8.02027312851575
1967.1448052027956,25.93220215532183,189.20532690117827,2.149575679040515,36.30253266403674,6.95659955195362
2086.929342554344,29.812949935236105,243.59359143589197,2.04126056227946,25.691445712387097,6.156278306752434
2212.3335117087904,28.34608186860543,263.98504961416734,1.3495445582082226,15.860284937656015,5.375780977129281
2244.5356920295676,26.79290938253021,196.5083951875582,1.2971477351534744,14.741223017498445,6.109489371561292
2290.4517291480424,22.739817218577826,173.52233653714947,1.670672648494057,11.06698267460629,7.110223048019375
2130.2742450403184,14.805299273529792,128.28936322516935,1.0630531837056347,7.7206073251143055,9.36062233607552
132.71636411865975,12.150476520478225,1.5620088532928655,0.8776607970232511,6.591614672447244,10.98097009955417
183.41571632613073,12.959606233777675,0.0,0.7051382714404266,9.125899315198444,11.00808112418117
99.77724793173704,12.87877680300608,0.2787476918925289,0.771621917465406,11.164336012889361,10.074551746779985
101.85905024508433,11.094093016732893,2.0469909314417123,0.4597633782352531,14.876579294097786,8.306745322362046
78.43143773309954,10.80179475419159,0.0,0.3390232764262907,22.26389799562151,7.24283349554245
67.61190213267648,10.870493629111788,0.0,0.3478470684310331,32.98100470565057,4.066057864041415
41.90507817176504,10.903468809768055,0.0,0.3389026892569065,48.059507192510935,1.2627264625743995
47.608511851623426,11.017078081394793,0.0,0.3495867776261985,56.9743589266623,0.7317321990324773
41.17237577461862,11.006631925452833,0.0,0.3403945957733279,61.16769789665904,0.32427067599319304
34.96604759284209,11.033947266667283,0.0,0.3497618642432432,64.81922996972315,0.3249871074546463
50.33500610624786,11.060711892146575,0.0,0.341063042155009,65.01502837870723,0.7356428700264361
580.3673884916668,11.016364948982613,0.0,0.45695464276624803,61.18962206404625,3.8716414420279803
986.7699943579642,11.43277534524763,159.72821874458867,0.42456881432293553,52.801201251840716,13.004199429267263
1421.9697823711026,17.673789621579527,131.85309194476233,0.8365936631878701,53.588441209292064,13.34654737073855
1555.6352339103287,21.41277698956839,59.52116024754603,1.3996549532909381,59.79116956210186,12.707234171824528
1645.8379147855749,24.211482851177866,69.27296800829484,1.4955359914018354,63.456302126376876,11.012839038447419
1744.3902033665352,28.5544724288038,64.69009868666366,1.529262029818988,56.973475944034426,9.96766690043562
1849.6647720975716,29.971769952361058,81.92272150118123,1.8093617316756634,44.198398236379084,8.021119014431802
1920.078597791853,25.89553274310645,98.82782647639986,2.1504909172606657,42.48122836537913,6.966185852387532
1949.8998292688054,29.78033875580562,103.25084504628703,2.045643120105425,38.31453692028045,6.176643211682019
2088.6419360466753,28.343512816098546,166.45713756715742,1.3552170355188287,21.62119484588017,5.406246614443509
2372.6511061823703,26.817649242503016,258.6036454846236,1.303333570247916,10.541536351894544,6.137585692584125
2468.962893683705,22.785596812808006,289.94875664254806,1.672179887347347,5.0480316888679555,7.113580402087874
2220.168206088225,14.844276563301241,153.0420655552228,1.0578806710548896,4.9286047488427895,9.353585396859957
135.750710127683,12.154929400365006,2.446485175839313,0.8838212161113786,8.056724135987656,10.983733867037957
183.63918867038075,12.97003343587473,0.0,0.7056701805367968,13.788218024241997,11.021889981711492
101.46557164469748,12.917060071762206,5.9915548145070785,0.7732201335551177,19.66301382365385,10.101777895896806
100.03506549163349,11.121891108240513,17.382853051941957,0.45250568988837675,31.18570889257525,8.340203738087666
72.1790148374151,10.860963351828849,0.0,0.35030490166116657,47.42312390347963,7.297992783507128
59.85104280490917,10.932979829288591,0.0,0.3376009413043815,61.83065860538236,4.096113877486456
35.154137663859544,10.971033287956786,0.0,0.3498881039920623,75.39142837209081,1.2718235355804115
38.22866142346419,11.069805168265528,0.0,0.3393881380897943,85.19505593466182,0.7355211110464346
26.2197401199247,11.066599119842397,0.0,0.3506996395237697,94.08703265290485,0.3257744405505052
15.15023477291515,11.105482636215337,0.0,0.33978890464293726,102.9716946641367,0.3266947142783004
19.499289086909997,11.141107390405928,0.0,0.3508324683100362,114.13922358916119,0.7404379732165729
9.726333547306314,11.12881425158332,0.0,0.45527379907454635,119.37910348602992,3.907920536841465
204.14603398063605,11.156036783416129,450.7629823815473,0.4171028118520779,119.5971946725017,13.124060617096816
914.0326652191011,11.018326795358153,310.50655786380923,0.5764031065533511,127.98882155226546,13.96433874069411
375.2869808273681,15.760646753488345,131.0532848801947,0.7250025466102242,124.54268352943453,13.386305769358135
735.5081694252224,18.58856414660793,60.38512461949838,0.9287769833525434,94.36910076162847,11.566639801067526
1048.8686276672695,21.71868628759686,9.769761111453663,0.8505136375838429,65.5806572570367,10.288017128849944
1139.3341467993487,21.41016240662348,121.06570360015621,0.9792119903513303,47.833982637403686,8.152085013701267
1206.7410349126033,21.244140947367278,179.31382907542775,0.8654591577502031,35.987936416266656,7.048794887196809
1290.4174529004663,21.215336417003016,207.2323213419147,0.8261851690976985,26.21597140820411,6.239149095575587
1370.7994827042642,21.131648371587904,183.99850835265326,0.6861032371225286,17.589900595121243,5.443867720308206
372.9264746893561,21.033570184335943,141.58787707766876,0.6113324888804528,12.052511508055085,6.1951087556668405
520.5319818832803,21.80530086708164,75.91236656459839,0.6561902720902082,9.616669216742638,7.335894737719701
264.88897818774916,17.700645487624865,31.927588647376464,0.4149121641430276,12.320897675970746,9.691377482515229
174.05194585492941,10.710287842665025,0.0,0.4171347251251997,17.804157152404816,11.63669683398026
183.41307866942844,10.747793331900173,0.0,0.4118498113388879,23.122394346351232,11.111074447855552
99.3876022498851,10.742639927464348,0.0,0.418192534554263,29.40354417564555,10.188694969765676
97.09060779651368,10.911754148750639,0.0,0.48467417659223344,38.55255121213259,8.395920154299272
69.03757490704375,10.919235251254007,0.0,0.3516714999146688,52.06044782482945,7.338684402992464
56.844455400718545,10.998402245093684,0.0,0.33981177826012027,65.31081914507273,4.122771012501199
30.732468536872652,11.030119740716366,0.0,0.3154262215203464,77.25997219056174,1.2790485685609678
33.844076060727865,11.128240683756315,0.0,0.3048067688862468,86.515729510355,0.7391806899706618
21.037272034780923,11.120080047106939,0.0,0.3141060474439858,91.90301890649886,0.32697410082519474
9.060716804311836,11.156782250267804,0.0,0.30602494067584657,96.98618375984324,0.32775646169106143
14.454366749141565,11.19244532104846,0.0,0.3130716649218965,101.49610148527,0.7432664684723719
4.2639003788975245,11.172041280611815,0.0,0.414769564234196,99.0332875212655,3.921544226362548
193.23755708732725,11.198403838103307,0.0,0.3154918736563143,92.38210427506581,13.160110050913111
242.7465694169999,10.861768115370086,0.0,0.3045869293225757,91.44330549539029,13.739004614748737
276.85675498316346,14.328971856747383,0.0,0.3088667823745509,95.997425508548,13.16077133299537
306.4358159881806,17.889641832998347,0.0,0.305291614875551,88.93491961212885,11.533848656809086
352.9476417156987,21.396563955768404,0.0,0.30167442898511004,69.394640866307,10.434285112353132
381.59556814681014,21.315650076474192,0.0,0.38325565103734666,52.10886037262562,8.376684713716232
391.5535564885347,21.19914332929202,0.5453000462534502,0.3800020121547343,33.54601964261819,7.269398087156367
447.8543057244841,21.10919057162484,10.024329764776391,0.48079766790869716,19.83728370435714,6.438447632789265
476.54557045765745,20.985128271638303,6.3757717229679995,0.381001605729903,10.846344358849095,5.601268616577684
494.5033846502436,20.890302133754084,0.07233348307660793,0.30000776315189637,7.489066895813754,6.369956000367436
485.2602285374762,20.851238284145104,0.0,0.3061875215461603,7.907658743491606,7.415807748298829
232.1175446290079,17.43355861371119,0.0,0.29989207164398096,11.197359868900678,9.794069542908321
182.19831871849058,10.757917015367987,0.0,0.3082391346104915,17.748703837035983,11.665942940425555
161.8879725549172,10.768944069235884,0.0,0.3050551752503686,25.998631538239046,11.149650239266574
77.65962586739526,10.813315172876564,0.0,0.30121215374181554,33.89190674667342,10.251641086515871
71.92288757770665,10.993687478969385,0.0,0.42233911781379346,42.63911696544146,8.44956420127882
38.51056887506724,11.00475689251336,0.0,0.3065058781826281,55.73039833244096,7.386466018611908
19.338704695446825,11.097576182892398,0.0,0.31444680700089583,69.0117584677916,4.150229998068541
6.269460493267924,11.148263729858368,0.0,0.340800564034322,79.45920939548407,1.288320961349721
4.1612560772440395,11.253068496826849,0.0,0.3530680343310448,83.7679214210011,1.2980169266105395
23.077886918178415,11.241575669581326,0.0,0.34242627061575137,88.35507779021363,0.7443203599881788
39.570416626871165,11.278602294549547,0.39110422674304485,0.35352502059001617,92.29647316766035,0.32871045713865604
54.8455083749583,11.308508921639959,3.215869045238282,0.34301785077147134,95.18211785797348,0.3288309100216852
11.559559941040552,11.33270525205455,7.696120118977162,0.35455282155506507,97.27646384510511,0.7449809082452128
3860.9639238137024,11.269405528790552,10.427156260651369,0.45606581911684607,93.3184287686723,3.938966346474333
727.427238208729,11.96135183633675,710.0762737047178,0.4361196237159791,86.24577694224283,13.342347239189088
241.77110329989702,19.439350350918836,443.09814115913275,0.8809999188982862,85.64025090192473,14.112924934196789
454.683946382574,22.779887626606634,106.17368610592685,1.4782374870057293,89.51934259728102,13.474304589615544
647.6671861227404,25.33112839911559,18.406275931456896,1.5651331613321369,78.7545633346495,11.560819431816428
834.2800406479365,29.50080745429253,14.21232483262534,1.583306475779805,61.35767813946217,10.337907774970471
971.3346357128938,30.81275420590253,41.91406012900456,1.8547238608814365,52.593229127344166,8.263057800538085
1089.1984083964737,26.60262253769293,61.09888183893693,2.2090223020289987,49.7728680032745,7.163013722621959
1205.1856797202333,30.53118832434003,75.08385637100406,2.096780107572811,50.06503298440777,6.337656584513674
1319.2689015725614,29.036896210683256,60.71284444729827,1.3861896764765598,51.60978247312402,5.5412719170837885
1412.7235600921824,27.423583256589485,61.67897593543178,1.335222707200377,54.996877801030415,6.305215145343093
1484.1078658604454,23.31265212756561,79.46156409613526,1.7144410192796213,57.243175176429304,7.3341554558441775
1399.8494603580316,15.198319666078687,85.71377493157219,1.0927674848221258,51.16472572998241,9.653294647028186
93.79047594591285,12.476018508816681,68.43263265095689,0.8994452777029224,45.63870100639933,11.311456203666923
148.3725739337775,13.347601999475593,85.14975746990531,0.7228440700356171,49.25729564322573,11.380750009477985
73.7620013133333,13.277511464918911,130.4416096186748,0.7962751164870148,51.174029958920734,10.410119451852694
73.40426469815631,11.38535312450918,141.97618166906344,0.4669243056314043,54.97106560695419,8.57273826007368
41.18486393718646,11.108998167281458,0.0,0.3562839568675137,65.38020124476637,7.486832870670954
26.663654335838476,11.13403784453536,0.0,0.3431086723399777,75.50780761398336,4.163432068584809
4.026392079712492,11.193572319703124,0.0,0.3517976967269199,84.88811030924624,1.2930812625051682
5.514477551658685,11.266966715157114,0.0,0.34448363904777407,89.63542307457439,0.7456111405270388
3.8886333758556946,11.260420103397486,0.0,0.3518476683439157,92.37556022065743,0.32903173207528674
14.548796366057761,11.28826607330154,0.0,0.3447008004126137,94.38908071207379,0.3294506194184942
5.46743756880489,11.311495028676177,0.0,0.35171361254418143,94.87480404111729,0.7470049324373194
2059.913819577129,11.264365444623651,0.0,0.4529752254675247,90.63856050638006,3.9455631234992583
290.892114614252,11.86340418447626,478.1430921430426,0.4372621711979051,84.4365657160038,13.28737724779434
918.0726310842051,18.61272966043155,295.51784628557454,0.874416615072213,81.13007882079062,14.034031183685963
1123.4553637820368,22.141375064571182,33.51818361393344,1.4465995107742529,86.54156807009971,13.167404913113158
1262.6560046831753,24.747924572550133,15.78076741455845,1.5313857155168955,83.37165147273262,11.312216893692367
1375.9943564814594,29.090412598359123,28.910247377935193,1.5649797766176659,79.67818828347404,10.191179498831847
1470.4739121899925,30.54887224821088,52.29703343006628,1.8397514472488246,79.122153929586,8.197682519457349
1553.3438055533568,26.42622305535914,66.593255604804,2.197570546660772,77.3303282699461,7.12622497549525
1625.3784119569348,30.37501822008468,87.31757619664977,2.0884326986247954,77.44604915152873,6.31507099989504
1689.7242942973726,28.906382039767145,71.23719313780076,1.3831217744383772,78.78315521133563,5.525373365406755
1746.9431401032705,27.333480073084022,70.73465058799641,1.3317399057435413,78.49633492516234,6.293125396062816
1799.2032607470726,23.24871987448366,90.43701340164704,1.7107269298414778,72.8648206780917,7.321664592081703
1689.3668861635122,15.142987216621355,97.20871548660338,1.089906483069211,60.02128896918018,9.633447794983926
72.35448211897143,12.450982042763227,51.01699977163449,0.897437557622639,50.37560689112515,11.285831184606536
136.49015787722925,13.383109333550998,64.31909891779462,0.722142074084051,52.04713055145132,11.395223393196844
58.74629798918563,13.295923864412531,106.64811507714293,0.7909265998902887,52.09143668983921,10.414354654099883
59.62654154179259,11.417676826556015,116.02024170415959,0.4716206790930884,54.52390951874074,8.57976051101229
28.859897552917584,11.13438992558094,0.0,0.35479460003931573,62.760691228848685,7.492499065033563
23.315526019019696,11.177030938582915,0.0,0.34452120514946855,66.62698018242031,4.172163972183398
11.85991803070516,11.217905487949277,0.0,0.35014819128658425,69.59052990190467,1.2939961352984408
15.820861270765297,11.265055827730576,0.0,0.3460801550247322,72.75360845038796,0.7450022610793292
9.37609553041138,11.252269552071086,0.0,0.3504316370490355,74.64931428081145,0.3285112933199791
3.5632686299159375,11.277736866773154,0.0,0.3464121817042784,75.84224021872919,0.32906298212163926
20.23350839433567,11.301340342258115,0.0,0.3505549367128372,74.9727403995113,0.7472996613293579
1310.3645151408796,11.245244900867899,0.0,0.45489896240216166,69.52419261445438,3.9415989660387254
679.4934354986498,11.792470347285846,260.51140452165714,0.43503079382409227,61.299790863259624,13.264075188324595
1252.9843976214017,18.17353773015297,128.78155951732882,0.8576076646350596,54.45059416273254,13.745151010848229
1402.138040379305,21.753354524096995,56.889156342984236,1.4219131748019116,56.33809508663842,12.92908921645493
1515.5412257636783,24.57513409306746,58.81211888900141,1.5176095000503167,52.491469470943564,11.192594582823464
1596.9034861269056,28.939651760329674,53.29685426514446,1.5544536157779414,54.71911340722915,10.115911172542264
1669.8273209293461,30.393662252675586,68.84217706575261,1.8327710508673636,54.977053906258554,8.148707677732379
1743.4764800666953,26.302822705249362,87.61424452806743,2.187460431958236,53.84418506504473,7.088767511445187
1812.10607502969,30.250767327465013,95.33369388232083,2.0806535352160753,53.038550616716805,6.284559151349207
1868.8108354789124,28.776543418159797,78.64233671594103,1.3779158730379981,53.76088207419788,5.4994193728659955
1916.0152260899856,27.22042989576627,78.49502407441841,1.3264342555772608,55.637232804531436,6.2639669324722895
1961.2156867186877,23.15686744571181,97.2035005294961,1.7061437917971958,51.490402599848935,7.291043485205771
1846.2473291275244,15.097911862564077,111.61646152060274,1.0862710200820775,37.92537785049696,9.597200290786798
92.23514578807227,12.39637668067074,2.098723205690737,0.8947600736457556,29.59127709468414,11.242853194765404
146.99091376438318,13.295023809974202,5.384966829886239,0.7176550042675448,28.770281920243924,11.301357734089596
76.56088948295174,13.203656848214754,30.273729692155655,0.7854395522503682,27.463210435607166,10.325963659351478
79.64253178568319,11.35082952138409,36.14815543227888,0.46818697106908796,27.69046361357202,8.514031849292648
55.196801182162964,11.057811153504721,0.0,0.3514521202690594,31.66300102468898,7.4268584577303365
46.12499826025408,11.104652644497493,0.0,0.3450543655751505,38.29658964395645,4.1484091975454
30.182272105650725,11.153399728562425,0.0,0.3500654567871501,43.90731747307173,1.2873873836990115
34.09708906554092,11.214814620991614,0.0,0.34709390087999975,47.038948823511475,0.7421731647177141
26.694068899102135,11.201122400425549,0.0,0.35131726041305616,50.32901794154972,0.3269869945650278
23.828546703957407,11.233085826511964,0.0,0.34748701077565564,49.589456977463676,0.3277558658757225
40.51367811444327,11.249379032531097,0.0,0.35114251278475606,47.43504391463678,0.7447576902921884
774.9937148516932,11.1883859220704,0.0,0.456040189741929,42.64492832264653,3.927166184976397
881.9509726577431,11.698820581118794,143.87375786518925,0.4333697822848726,35.05709664325972,13.23475980004763
1374.2147703314179,17.916081293035422,82.38943811948944,0.8459766934862959,30.935072985023684,13.542079586807622
1522.8891157950914,21.61646598470455,67.39215759894257,1.4127109499956108,37.72134606166383,12.834580121024489
1629.064286755555,24.510488729171716,64.76667520205943,1.5141530149583677,39.72142232399507,11.15846136625958
1740.9468086637119,28.88521328375458,59.7945494373602,1.5514091332263904,30.80508617483795,10.094877999998756
1843.6500318995281,30.29451093404877,77.23444482610635,1.8281028359582803,23.218949943235824,8.118847330021632
1934.0496075953663,26.19006557577926,95.82387310371406,2.179384616861453,19.96849936579656,7.054359049188737
2034.9394582081159,30.11401588475131,102.09845901906829,2.0723724234650187,22.198783212352808,6.251390172142999
2090.3163688161235,28.630583726611885,88.26921313281716,1.3722122516861261,28.207953704673542,5.470725695130403
2139.0390834021446,27.097825077500676,90.59792153964689,1.3212222125803503,33.10323463791187,6.233990847215203
2119.8564659531507,23.06934946417992,105.0190604582297,1.6996655437331805,43.49095234253821,7.2583713383611075
1977.1949244651878,15.06108204442644,115.41460694523816,1.0840872808543118,39.23022889010596,9.576412129623828
98.22692621099209,12.394049213978695,14.18404639765348,0.8937835541622126,37.89212022615969,11.235285206800995
152.01177031799935,13.29320380501342,45.140073061351146,0.7186696275994128,48.64746701528978,11.334888314354927
71.64147698294346,13.27703996852047,99.41831729639325,0.7894716804875179,54.89218971101036,10.404402243030335
70.24362277511807,11.411934174693794,120.30237288458098,0.471178881851414,63.34011839777034,8.590822487663745
38.98970192433546,11.142420416603489,0.0,0.35399830260113063,78.63863054732583,7.512601401070285
26.074278252830972,11.181900590695275,0.0,0.3448290342843192,92.98587464452015,4.187125396098777
1.1582855970159176,11.241341336118925,0.0,0.34963602712246444,109.30723957963515,1.2999394427445226
1.295512579856641,11.315986688917816,0.0,0.346172050570578,119.41812949507532,0.7490887495803181
19.531005443178753,11.321367297828472,0.0,0.3501300579764103,128.21154852118613,0.33006874841223444
38.40323635206718,11.35477009856341,0.0,0.3465882138850802,136.37322178322682,0.3302634675528036
34.95645529753414,11.384023005521712,0.0,0.35072851750690376,144.43357240173424,0.7507183778203894
1013.3535832581198,11.378323713300539,0.0,0.4558370955173831,147.22659113953227,3.9749326257177455
799.9538272362463,11.706755370131866,601.5224823909037,0.43295133125777086,144.75361908151208,13.294701593815061
1277.9431265456453,18.505404662050353,371.6492538314692,0.8719331133228523,143.21125841489598,14.015656840239416
1411.3873049756974,22.20662961547369,87.03176935781468,1.4518996037425635,151.6048966303516,13.242957151184255
1504.1403180016762,24.920786188704124,27.65740638724534,1.5434070165753082,150.42530681451234,11.427982008619194
1584.0475659400574,29.278307463571636,6.919078029916058,1.5762286987971446,144.86788915656047,10.298903880373818
1649.5312108087785,30.71177084041872,41.434484004573946,1.8532422692765627,140.22493931725356,8.273104746925656
1705.3674485626136,26.58373932424221,45.78326395866972,2.2126365776685644,139.04462586087394,7.192266796300318
1757.944620872477,30.572646205222604,77.20105804356226,2.1048426850264264,137.84664178286218,6.378690639855457
1806.4998764283669,29.109269812795592,64.46854681803141,1.3938154494527102,136.8428403635508,5.581169249124749
1841.2019241438934,27.542173017853248,59.694950243526264,1.3423339458476475,137.92518938944318,6.358591386247069
1870.4882194858217,23.438369175120314,70.6767690540101,1.7252948103718795,133.57050352566262,7.402246681923762
1740.2438759509373,15.27188251600681,54.33154124513391,1.0996606905347255,120.91101564832589,9.74630673563491
45.222759296010814,12.553544729850696,123.33816433580218,0.9056049147364518,111.96754361717883,11.429375463384513
109.01225148421426,13.546782526466993,144.2632937078485,0.7293857874760784,118.95042694142784,11.584402356557856
17.651789636013632,13.506889284445517,190.62450257503988,0.8021640703000938,120.6454313741995,10.59623367397109
11.932670221280151,11.568623946386298,208.96082014374562,0.4725805798783471,128.50087198134068,8.71274019360357
36.42528757817654,11.296249642702964,0.0,0.35811831108423736,144.67199208855413,7.614754224513913
63.204554368229125,11.361566169382572,0.0,0.345306059882045,158.8391735275255,4.234924795780805
95.30194404054242,11.419144928917335,0.0,0.31565761321782,173.39927239635435,1.3110263533457482
110.55565117009525,11.458922133741087,0.0,0.3099694099797003,180.2198787305109,0.7521090831485744
140.67538050433578,11.473018803149827,6.691088203243229,0.31102002924134686,184.8236961367426,0.33083710781364944
168.98386626772086,11.498704909184552,27.474929912531216,0.3142802728502829,190.519061067288,0.3309333904559279
175.31924253414616,11.514704666032555,56.851579864468185,0.30779500527451475,196.5130146385781,0.7529600111414233
197.65311783277215,11.507708112070446,64.67264300335484,0.4306696840793217,194.95638864249352,3.989921668087848
32.17818980706224,11.518633854235205,93.3137595468397,0.30984860255535396,187.64003512532528,13.403697300885172
99.84973215925412,11.281355018183406,73.56212564040949,0.32003372026934795,181.46253201059395,14.227977667322005
164.957548480077,14.850754772776561,51.51240289910637,0.3081615397833495,175.74984772757261,13.618487051140157
205.03206521436033,18.45664523256811,34.221230435225785,0.31740297123547934,153.9784864275101,11.894784116841222
265.6132471838815,22.036322996516233,33.67199759895788,0.3081919424177265,135.60810199016657,10.7419657336261
286.8292431003853,21.929870342044122,23.065334616268544,0.38880414419846937,121.39482386438348,8.625130844252713
303.3787432115177,21.84023187857937,17.958926036794765,0.38063818088474094,112.81031964026295,7.497988319681063
319.7591572834703,21.779840909909844,12.727344526575285,0.4984267405225959,109.7002544372201,6.656843502178716
340.945842702772,21.73337337964889,15.264317802416572,0.38796634923743556,106.08305212494837,5.822318952683583
346.2547928685864,21.682696969139425,16.60551575376329,0.309095517829052,104.74147822422248,6.637350018451844
309.9573869650317,21.67626259119224,33.463625328920045,0.30625218329555637,112.44906801159226,7.732429608849665
105.03931040280798,18.18160557095655,46.77074992940075,0.3145590959729007,112.8211444753789,10.239981332412812
21.90201924886204,11.196738365209837,73.85011175369137,0.3077595435329783,112.66445506157754,12.159427588192534
13.773463445028488,11.29145458546627,79.060945596488,0.3188113942103459,121.95847239575812,11.667535187597954
151.95676893029108,11.34186517938057,116.37879637094443,0.3102632199031927,131.87023486418963,10.706648125833368
177.12053674066917,11.485843974191766,117.93744805110268,0.4310207743091418,143.4706837565344,8.74755371328202
241.05857842049107,11.500312300477912,179.35467988691548,0.31272851481562464,161.43929409008314,7.632876048222403
276.8054690136749,11.532732778391052,172.4817581841305,0.32078182933823474,179.64998520541067,4.270412152107291
311.7552893120764,11.578824919747793,247.90241791174864,0.31349318360802414,199.48579655634327,1.319914481621414
350.1352986020247,11.585340546299857,236.25872365982192,0.32075655934912883,215.36492524792394,0.7572375996333365
384.64076488339816,11.604171352854095,310.8045040101659,0.3153114969697048,224.54435620902834,0.3327311929328339
417.5455566506831,11.608628557821953,313.6934258914242,0.3198206117057829,236.27565992066778,0.33312196650945286
433.3769714292303,11.621245775217828,408.71085056662264,0.3173317073375237,245.44125312269108,0.7585976835967229
453.3930313053512,11.616284296215765,384.94340965975994,0.43404940838145,240.9610167648107,4.024992086952121
211.35344480221448,11.628528698920015,449.78575768481056,0.3193214760249946,230.16408822191258,13.529591997742397
110.71237409220375,11.508541835039411,366.10685744591143,0.31343766616629537,224.20444026740162,14.393947192680622
21.225790174142844,15.198077981076196,377.00771495931264,0.3252043928220971,228.4044482585682,13.82581078726212
34.143875818603355,18.894125640879164,245.03030665187907,0.3142405175999405,209.93184890994078,12.13754860037391
115.51791355628694,22.541626431850332,162.02186984964138,0.32258591469850373,173.8530602522104,10.961731870475306
167.86441154723698,22.382339825332824,121.26367006434195,0.3865820093457363,157.88021662751282,8.782395028993784
213.51812298219204,22.250130254219844,121.81544008322498,0.39514326452961,144.5923782749657,7.627421097411704
258.6414932388956,22.1548909750954,76.43743170741584,0.50402618536223,132.3396580226947,6.768387862257295
281.5113675354971,22.02491269315786,86.0611260217162,0.3877651477834743,125.42451474239864,5.90080421940661
267.7248596300201,21.978880544858992,79.2117418787478,0.31657292897918843,128.56403941192426,6.728480913250756
235.5444170204041,22.001952050028304,139.80832240331372,0.3114046850138348,132.8231561684401,7.8436817040084215
28.178807287233518,18.458109296168583,174.95639274824194,0.31199998612344965,127.39967773246642,10.391009604919285
65.20566948288081,11.351563687321722,229.23522572275638,0.3200860020704312,120.05915351493594,12.320261403072003
97.07755383568117,11.436029859139893,220.21399335528375,0.3129014977961937,122.4976224931532,11.776441576696111
222.12157220944096,11.461420504531551,272.3449154051143,0.3231230803868586,126.2464256173701,10.783278693052832
234.44987258273684,11.553814173900616,258.77861378180086,0.42610633424609784,132.33520384301974,8.809926939512462
288.0484364087199,11.561824402324442,317.81088452391117,0.3262281124703196,145.56738837971275,7.6826934659306865
314.5693194464903,11.586396574934358,279.4252389756927,0.3145156255148871,159.45441765436473,4.295875886460063
322.4046740294973,11.63073025185468,311.7301791692386,0.3613371216194268,171.7629211746064,1.3264761888482386
343.5404730013495,11.633379450471425,292.63527527152814,0.35348456625653957,180.95760002071637,0.7602194080400834
364.9438213094158,11.645811913932574,343.55399316629456,0.36208072708774924,187.74075644819342,0.33374763323812817
384.7614957108599,11.647892608374212,337.3987208808686,0.35383567240307723,192.78241360172458,0.33401510734737466
282.88699733236416,11.65789375937073,372.5657928871107,0.3625307301534851,193.58255935696158,0.7608895740558266
5300.6261925615745,11.616143913572927,352.50546011730864,0.46638947625765514,188.70542634167768,4.039277158672448
1538.4258871194606,12.211700532091651,1939.4634438357018,0.4498600930316366,180.2097197524839,13.707274526672565
305.4807516229904,20.079904036548175,1074.6240900629555,0.9101749844355891,174.55441605995438,14.619525253327174
1.17231385553982,24.02450483426137,556.2579185623374,1.5330649251556798,179.96763542199568,14.007007705688292
161.79282862936967,26.938960614356418,393.5978324233336,1.6478668145407844,172.4147379145073,12.231033731045647
304.04133915132843,31.457554160831364,292.4571793278886,1.6742897209794656,161.20373588781152,10.997062886413415
454.0185077701074,32.76906277856122,178.73160019628392,1.9626195857973854,139.86154424597578,8.797073025948082
603.5627339112659,28.055621282038107,161.23525938723608,2.326828835629909,126.17287477936853,7.593785274008467
789.6156526009038,32.04102945822895,40.78197240859085,2.205097517556478,111.76810371152507,6.707598346985809
900.8823154368908,30.11122517253041,42.79907729784782,1.4402197268749795,113.43570646249354,5.793391662317819
1015.1408300385876,28.41940192540257,33.116468202565414,1.3869022115491065,109.63322703773098,6.586692927148092
1101.8493588665997,24.09736840570373,22.149384540310262,1.7818397233344907,108.06429298654308,7.639243705185505
1031.1023964012702,15.65294115124851,52.446374264995484,1.1238650826526593,101.52544569263442,10.03245494517067
56.07744637254816,12.889100767816206,194.27498503573452,0.9394856977443683,97.46710621610512,11.788257415088383
106.90766351379631,13.746624127972527,218.23115827009894,0.7433495765361549,107.06444801759008,11.776666869696397
22.33493849477452,13.708030068369043,281.57862737121457,0.8140868539874309,111.21579756920984,10.772171100275173
17.959968165492924,11.720472031474147,296.44388564321747,0.4799689456470669,119.60478745348513,8.847519832308384
24.27309579270605,11.437137724705632,0.0,0.3575087345337703,135.74869268989966,7.725907150836777
48.449977322167264,11.485703018890266,0.0,0.35399017536561195,150.32204136262627,4.28664373532576
83.81710932167744,11.536355209341433,0.8187072877289012,0.3499388614070728,169.36546182708463,1.325772815120329
106.7776453446226,11.57542987736012,20.87057375949714,0.35458990028241627,181.54120505545438,0.7598065772380896
140.26920853527477,11.58536627007334,43.0561412706771,0.3509253250518302,189.07058727751095,0.333448618585343
172.37417821024232,11.605267133560854,72.49145305826161,0.35616201917369755,198.22318773722472,0.3335259246802236
142.51355726956345,11.618626910960874,80.10997050009942,0.35223100945497865,205.8359685581472,0.7605906795005213
3016.430526465067,11.594707783602358,112.09106345064185,0.4693920926461209,204.0432382979192,4.036721132034544
263.2205607361855,12.090129510161082,1107.9446087372723,0.43508467429635383,199.79051648710745,13.611270996362183
515.5661406422579,19.604448068467697,604.3697630359893,0.908153010781972,189.8006663806627,14.566756828899376
830.1260462593314,23.203030571795384,124.15625277026146,1.5075948974750848,163.39190188853686,13.799844086967319
1057.8265075924098,25.69762679446392,53.31935990762444,1.5905533614252734,129.365069374019,11.794951274576555
1228.0857778287439,29.96323462867597,28.114815349719986,1.6089357578830825,108.20990727767892,10.554645849756872
1388.5005413479275,31.28579828457836,121.45167915555707,1.8896957030541668,92.08967756156505,8.419062809229512
1499.6922833641395,27.056441689723155,124.81564073880755,2.2399539216379325,82.77323913966038,7.283835387752996
1591.7708236578223,31.04659292330922,123.23710447215586,2.1285106032132437,77.0697091594602,6.447297922033247
1629.2876466542566,29.48296413657471,69.05577843537752,1.4079130519368155,78.2062584363411,5.6367054706616315
1659.3462200737363,27.856230564725166,62.432020545508436,1.35759437858953,83.02857196594051,6.425691417737703
1692.6199237266069,23.702091280833464,75.82382922326771,1.750936245321413,87.83215182852119,7.483244912657449
1581.3399768531772,15.45793990638309,72.04267055762375,1.1116761555053378,81.52399323611172,9.859404223346868
69.10548404088921,12.689397454465873,81.59683946308861,0.916404246863333,73.67163107978246,11.560378874752328
122.14074628638139,13.662764014785983,99.48134094744391,0.735850857801655,79.87745398749713,11.673470849725854
44.86481178543892,13.595882771163696,146.71461510329257,0.8064381526173078,82.62799500465573,10.680587409064787
43.81609946389452,11.650823520609581,160.95415377315197,0.47833981583029556,88.12143621568336,8.786880433679393
10.78493956810556,11.372043347620059,0.0,0.3529990566531621,100.73742000364209,7.675727198893917
3.8685684888863427,11.420569376862108,0.0,0.3550933004391664,112.20432631188449,4.273266725530882
26.179883661999813,11.478580096683823,0.0,0.3476509319710126,119.04795973887538,1.3236976782870808
21.178089003269104,11.525447666380243,0.0,0.3562655653694534,120.90843981157302,0.7588713665680976
33.431687742305776,11.5184425521617,0.0,0.3480326631950568,124.3367420733258,0.332810875320754
44.63916056840138,11.539462876120949,0.0,0.3565179294189803,125.93785276180682,0.33293084861992067
30.008162251384658,11.557520494273845,0.0,0.34829213750548377,125.05270125988993,0.7596697105662155
1864.2387299769248,11.537254363139441,0.0,0.4672558895930604,126.43062288909445,4.031775552704861
417.57242215184823,12.03759754776125,640.4956646109293,0.4406896403658278,123.85443735722059,13.556769099368836
1071.2156620934077,18.993669985120594,411.24506338806344,0.8914546309504502,121.16851783260147,14.362330459707195
1236.132444993139,22.63305182694243,116.6575716101391,1.4798869207172467,127.79917420484766,13.509883324791415
1342.9017615083587,25.358899106648074,61.62870200884034,1.5715107777570203,124.95234800625788,11.643763341178543
1428.672540149096,29.77837962715719,35.6486912674177,1.604549249855984,123.03838817342219,10.488782371510608
1501.745854245914,31.22783001929277,0.6795840227964736,1.8867272954610022,123.05663820241595,8.426548425948761
1568.1199338310025,26.948483716336735,2.631684077647584,2.2489975200401013,123.30931722559039,7.311500715832588
1651.5374823312284,30.974066166225004,68.38927359674298,2.1383818757229136,114.93852266273466,6.483215323357386
1691.4848711701263,29.508994231217418,44.00845040530039,1.4122631841253024,122.2831881899265,5.664004973609296
1729.847120417802,27.917364145861658,26.39050529518217,1.3617475955676657,126.7323725386726,6.457618148445042
1783.063607349353,23.747485150270666,56.3705832000319,1.75241263944326,115.08363575773338,7.51928154223537
1662.303583736039,15.470098390325354,41.05788403096953,1.1124626019348727,102.8240463054008,9.889196242424953
43.875768160027725,12.70486419601439,128.06058527919575,0.9204842879324521,93.58168339602526,11.591328812556672
112.1397362134078,13.731275791441643,114.85108240188445,0.7423437451755591,94.09680534912759,11.747136492478031
28.202021076351368,13.658441111425352,158.74198618995268,0.8095187222947912,94.52019112617607,10.72208278984107
25.911259175250095,11.694975483063379,170.04240707598927,0.4698779510432408,98.41303213228245,8.817483056742867
8.466149537013148,11.416857664069967,0.0,0.36336226717062603,109.42302441679959,7.7020810346901145
27.354196824171616,11.475997547710925,0.0,0.3458345493236467,119.68312392072784,4.286450457917518
52.48710235917606,11.531966909852724,0.0,0.35776423209262803,130.5696162447722,1.3258239418791653
53.99527578487757,11.574926584212758,0.0,0.34691582705589674,135.67360783990787,0.759916417774247
66.38001758961639,11.576962327500832,0.0,0.35819924226784705,139.1844856103039,0.3329701061135669
79.74490606738036,11.595151640126833,0.0,0.3471396427906601,141.37530459995284,0.33310657705006547
60.150546110068284,11.61290682950526,0.0,0.3585623965063074,141.04113460076886,0.7607616205595763
1516.3830953594863,11.589605397815347,0.0,0.46691341974747547,135.43366499198237,4.0401083806279185
634.1396286236894,11.994622826501354,598.7152890496196,0.43360585814870134,126.59879283019686,13.56068951964119
1194.9236740456724,18.872742276616496,352.79373369954897,0.886854123987074,120.49850537081116,14.303914355785047
1342.17933191487,22.55246098547529,44.00611116421388,1.4773659527199081,126.34878668663649,13.468821264964909
1450.594077944449,25.23899281490105,12.946630894824779,1.5689000897685719,120.51646765618305,11.5872064868462
1534.539350579071,29.666023660848186,26.127164591363012,1.5927520106081516,115.13160311081195,10.43775911467588
1608.3221234762204,31.15523997398917,52.010730393758884,1.8847159081262492,109.89717319458809,8.396425618766333
1677.516590463078,26.95656124199589,68.69595566802712,2.2427300064976694,105.80168637324824,7.297537564324239
1736.9932591590114,30.98948414894121,89.06252177681645,2.133144884118291,103.6888426443369,6.467301231027547
1787.9302539039718,29.49908683093721,72.78766004930934,1.4098755440555015,104.76008445339235,5.657351212426064
1833.9060601312115,27.899475561892714,70.8997879326723,1.360415519707925,104.73135843717077,6.445630269711327
1870.6824177460342,23.735636665699417,85.96307665748877,1.7549327363070735,101.21928321414211,7.501487598387975
1745.9126692476939,15.465126689946143,86.01351894357705,1.1125427687027105,90.94750537571481,9.876397176902492
51.84522867833655,12.719364612374632,81.62876881018406,0.9172869503886427,84.2855122609803,11.580197269760312
115.53112707215658,13.714728732613725,104.03872437780986,0.737393203654001,92.32713085863732,11.72797915967728
29.309150701798732,13.6635832734204,152.73993009283325,0.8084844611016969,95.60311134588248,10.729124467862354
26.732344283960046,11.713591699765555,166.01120513213615,0.4790824193075014,100.6127318857822,8.829202160718102
6.199504117112587,11.431248544294807,0.0,0.3527444291989447,112.39902163700357,7.71401645184336
25.50035505414047,11.489143163551665,0.0,0.35706717666944915,124.4669976341976,4.294560581454383
52.926701932622734,11.54590663025604,0.0,0.34779536066835387,136.74761533697776,1.3281679434162947
55.04020284395879,11.591195553452621,0.0,0.35819774501358376,142.25729973099178,0.7610488503223489
65.93895664823512,11.594480695105501,0.0,0.34850603889542625,145.4090780385424,0.33328206284655093
81.9786842915734,11.611349259360138,0.0,0.35829543310752204,148.09883335637406,0.3334306895852716
61.63128342199858,11.63127389664815,0.0,0.34889275362199557,148.52886246180316,0.7619766383962824
1358.558323394231,11.608232954197135,0.0,0.4692466837410806,143.22457295099784,4.049055015664141
709.4502620186031,11.98004590150765,622.7264155356423,0.4394539487894387,136.96420741307412,13.577390634044102
1227.3404076767085,18.881914318638522,377.10338660451856,0.8884974816215774,133.3393808111886,14.323588775328785
1369.5681619279462,22.612046533061562,69.11593306549501,1.4790546348699454,141.80745623985445,13.512085508770692
1477.1806548441261,25.33094597533067,3.2580833037353294,1.5697996957036127,135.7118093731152,11.640583366745188
1558.2412655565965,29.73325665321724,20.411127480664497,1.6014933587360285,130.48019420464007,10.472642933188917
1626.3231400418592,31.229202256153425,46.397014749778926,1.8856729056222639,127.3034596600016,8.424611436387544
1688.0824516726716,27.02942587703782,60.388231020958415,2.253017614806803,125.31407729176809,7.3240108481453055
1744.5604497156642,31.08043387845041,81.93499760026991,2.14220430642256,124.92759107913007,6.493390490746885
1788.9837499039247,29.59204431705178,66.04627966080443,1.4148734120281754,126.67394764172167,5.681076205708209
1826.4356488433536,27.99438659382209,62.156337897193595,1.364785929136871,128.18270302141957,6.474344145488462
1854.7295718559933,23.82134754429597,74.19888872384836,1.7580378062513007,124.6028356811841,7.537301122297442
1725.933819137698,15.521870140251359,59.437842322969296,1.1138307221664743,113.72947342571062,9.92522227339234
40.386447079986034,12.75996488097401,118.8363785394704,0.9271134055310157,105.56711286127036,11.639886762875513
103.98712304496307,13.779235269303074,142.77651071418768,0.7408511561898841,114.43249337421919,11.798005451121547
13.513678645999125,13.735222765752336,191.0600696078983,0.8127346461126156,118.04374725316367,10.793220253766785
10.12988129506222,11.762760706327363,204.90337600801072,0.47813030116681515,125.21677131507887,8.874918137674618
33.26226215426815,11.483619975352154,0.0,0.35715912879677775,139.40084003652314,7.754289170081053
55.50117436895868,11.546480133064627,0.0,0.35420600251612044,151.34362715086715,4.310530594321054
82.95219853506512,11.600912540882337,0.0,0.35116634530347457,164.11525373076518,1.3322287849053327
88.69371066549647,11.63823194450251,0.0,0.355247793406589,170.37307181243693,0.762948339754792
113.61444658535348,11.644941728600804,0.23739677254513156,0.35152436469020204,174.70721404747857,0.33375345201668855
138.66326553687443,11.670307172906606,8.871007134240182,0.355627498026451,178.00930827450804,0.3338259586162785
133.30769236395412,11.689721528606126,25.135780041913165,0.352252924891579,178.04233982252072,0.763667753709873
146.70471854068674,11.678229011624055,43.52335610761326,0.46995780968057743,172.6238533905526,4.059752209955272
69.84062994397433,11.682690301183033,783.1883185998402,0.427905421331811,164.52370909819763,13.644267436601597
1439.8260174797826,11.522913410870418,491.6390919852722,0.5988568676744881,166.09500989064418,14.634239103917706
69.77799083049725,16.435341100333186,249.6827302965442,0.7503946848667106,162.64282083276672,13.955710646114614
482.0159650676867,19.666381404245374,130.7614403516562,0.9767852963591045,142.71280778964902,12.223746025327017
662.6474055210089,22.840870914756355,133.8569168951571,0.8909356052378137,147.42353408121622,10.861439275630659
735.5878390150932,22.715269667593965,136.36827818996974,1.0303155989016883,146.92566100722803,8.711604308635401
797.9402845953571,22.464709482227686,134.85030679222675,0.9252732498935754,147.03870984246538,7.575739644194188
852.1836395659633,22.40478574124197,131.56129244801105,0.8812923681657858,148.0492856322554,6.7241820510289845
890.4889317483656,22.3261561833502,202.95160921799885,0.7296116804948501,150.04416047048082,5.878165878515188
200.4913897028637,22.367505506553293,235.7735090646185,0.6553183345249819,151.77044426921046,6.727770900661607
308.8866497333705,23.259512856608374,270.4830087672669,0.7052008316201539,149.94120058621604,8.035310698590532
152.54440230119704,19.00463690132563,320.21525060340906,0.43414422481652615,137.69680371410885,10.56847334225188
87.80122690176245,11.445095116065655,0.0,0.4390262070102625,128.78657362093452,12.496324037472114
75.693837232017,11.402865260603283,0.0,0.4319369035667901,127.24026277591103,11.828076938731195
23.28449060370196,11.415669736263496,0.0,0.42480626732626664,129.62711466676367,10.843735829702911
47.95349370967711,11.589266055029938,4.041997772399112,0.5089270831748158,137.0948690820319,8.894137359614614
103.21445107407132,11.610864005401933,24.491709412866335,0.35819554497825407,151.14418970586428,7.76037926156287
132.9742904940965,11.667535682876924,46.03182572631502,0.353065873355755,165.42791843274162,4.337260686889213
177.0725510408771,11.712754108320947,53.62628624520348,0.3150106566973986,178.0936479929848,1.3394340016616328
196.48128256741865,11.746523429969377,69.69514248099767,0.32119311770201375,184.40809622084234,0.7663284095230294
226.59187970735834,11.75367926055322,74.83682501818048,0.3131484081848883,189.6450126686618,0.3348828349731324
258.28489319992985,11.771035952865994,100.40546780054517,0.3247534987022452,197.9939743790346,0.3349319427260068
267.88617351819124,11.778982024635036,104.21040987392367,0.3147307436174604,202.32513005388927,0.7670415019010882
293.6001278386213,11.780498056400473,134.8416144354834,0.43690781269627416,200.41825533386987,4.0789383445043494
62.57696462963254,11.783193382712406,179.96735036192925,0.31648413178091644,197.35975160272974,13.717846409125011
21.875666982523967,11.59346338399522,193.732344849496,0.3242243050968376,193.5753546231843,14.585690354607218
82.1707463210388,15.29163062143066,133.8482290203175,0.31578109183346315,194.28684718165542,14.019061855832883
121.44045302504887,18.980538862197584,88.84545854734989,0.3219773362735887,178.1525688238675,12.24258633771214
139.3462464130379,22.65470154772555,76.88036269182868,0.31469295955151483,170.79542379254136,11.05566208585452
164.8566858134464,22.63533526265702,72.88693960790322,0.39533159780378174,162.56727626225262,8.897308051868665
184.141058124326,22.571068086463317,65.56438988794024,0.39008330701533817,157.8646851732536,7.745724730278596
194.88218166028824,22.520386522162827,81.69790951824751,0.5096446502012082,158.72687872690895,6.8818159253941396
202.15721896121806,22.508821764749584,82.78275604892046,0.3943224490652551,158.54990905659866,6.0295536421106375
205.66354206718083,22.489070633637724,100.34682501294782,0.31921038051352024,156.44543562530623,6.882359628339936
199.6647201310528,22.49548280167682,121.04945763405323,0.31148551541472724,151.9868960248955,8.023141408258251
11.981168235099082,18.794782198989743,164.06259362026807,0.3226049803786975,137.31088888966107,10.592569635848887
76.21311201210038,11.550584958317197,152.84354494903016,0.315004815659015,123.7945797318233,12.546992742896043
97.23466846354694,11.625241253852492,168.3687786436082,0.324279182282524,122.3147828750339,11.960710622901484
214.2142310168473,11.643976778285587,161.2154484630475,0.31643410849171716,123.61531321435375,10.959446831252237
222.13335121225947,11.748281207930468,187.11597110848993,0.43792338627125976,126.97777097420564,8.944186973159685
267.28967365469447,11.748062369826725,176.48094221250395,0.3183303828237689,137.18687450894723,7.8056729434082825
285.10965797058134,11.78102148603815,195.77084091753142,0.3244839826644362,146.6064462901331,4.358499149253281
285.34388450457556,11.814544150430521,167.0806631076794,0.3560795674133355,156.8231953331715,1.3448638049186392
295.7960948360212,11.826393538331867,187.58709437242487,0.36340784732432796,160.97123703408494,0.7688025245919586
300.58208423254825,11.827642518075697,166.58018386670742,0.35663626620983674,160.71869255379815,0.3357772936377863
303.46270777105866,11.8379157584218,182.74303844043322,0.363478594155808,160.1107078148481,0.33573681747427603
198.8167633490133,11.835863417730828,163.35284849526505,0.35657910373822443,157.10858210095643,0.7692542394009069
4616.163574371256,11.785853842940181,201.37115728917416,0.477908677533521,155.54180819635184,4.094893504591046
1160.3971848171175,12.36784885848687,1676.963723970314,0.44523002447211274,149.20047246367452,13.90212380940285
69.42753790519436,20.251398538081816,990.5670013006542,0.9254000339079819,146.2906282808487,14.82497422258542
174.85413207678397,24.18261668567049,550.5981440267639,1.5562819062580597,161.94645861806478,14.2427475287559
345.0245510774961,27.08611951690586,414.2655926653819,1.6637075402731667,157.5654842556738,12.373732448954794
492.0519482085635,31.65673997309588,319.06674085028004,1.691926362897548,148.72559863775572,11.125846542505881
622.5295961625085,32.99666907607899,244.44916366912693,1.9888554565561305,142.91644330088866,8.901381521596349
752.4390786292618,28.37370728018158,237.63056340000153,2.3620446107620974,139.0042032076682,7.707341475665315
899.545079490093,32.5066851925523,83.61703632797024,2.2446856654292158,126.29822015586218,6.823314906274649
1030.6335079186863,30.596528623770745,53.29224853587947,1.4665558687064966,121.83577247519729,5.900400513156329
1121.9156978185224,28.811716000264145,73.69211382396314,1.4068758538650146,128.77983484783718,6.6910941576821
1197.971346144022,24.512967576638836,75.43228292449284,1.8116321891693568,128.45848885852516,7.79030009270192
1118.2446591434184,15.945555813245678,97.8979874493849,1.1482561363837929,119.11420865078523,10.2486742697843
38.65482765210215,13.121342701056783,238.49616248154248,0.954329272281805,112.23054211778586,12.038247985888177
81.43796817939752,13.992718529698308,263.60954769258495,0.7564441124152801,124.1258243472933,12.0118619119688
13.97202891442514,13.970603691027076,332.26228430019677,0.8278919287152032,132.79583720544568,10.992642565580105
22.818069745969193,11.931287038576949,348.2994602962164,0.48265787834749224,141.12123688265245,9.02121155451971
73.28268339801446,11.6516631041508,0.0,0.3654529060490332,156.76223210644582,7.874519254813921
100.20337960616985,11.714330377798463,0.0,0.35626826359163477,172.32554819062395,4.3628527469715195
141.74547174319304,11.762157458508531,19.629253419334987,0.3553123415859083,194.51308488833595,1.3465828361656766
171.0753313800889,11.790112781339657,54.761367516238536,0.35875245177742243,208.89503994660856,0.7703891167861517
202.47276432325654,11.796844061139225,93.97072918501729,0.3558335770646999,220.41579399430114,0.336250515427097
231.00525435365574,11.806556104242812,110.61401815267503,0.3608507948939425,230.86411764015156,0.3364571721876628
205.80958932311023,11.818400787124212,193.73112481860505,0.3567193650213556,237.38158192924706,0.7716573218317792
2932.196307016258,11.793013534740302,215.910619894945,0.47752973413976874,239.23324045560057,4.113704749886124
213.89405821307037,12.250380009882257,1308.0282863525422,0.4404221230066489,239.03809491502236,13.862843691816474
535.6690462478423,19.933763312532733,755.7467775919005,0.9237627779770744,241.35191745931354,14.879362328240559
807.9034482344758,23.680230975408797,262.19868727102,1.5389281564085406,234.5871045263972,14.114436234183746
958.4691960883367,26.40050498280374,183.44907965205144,1.632524326862736,227.8095614368492,12.148949707791989
1085.7538206242548,30.939051879564573,160.26908565551892,1.6586504100267268,220.4533081829221,10.934065456112775
1217.8205719570497,32.401500623556764,108.81944014269865,1.958867273001248,204.38820860162608,8.774150322074556
1357.967031321951,27.890347187544197,73.97080063712676,2.324770449597424,183.29424728325483,7.59583500392438
1495.209669792584,31.910088693821862,49.382333529161535,2.204328625095598,167.61183008574557,6.702695990843293
1569.696575020811,30.200580530287223,30.78156740324186,1.446676564587377,162.90510487466835,5.813110523757524
1610.0860484767102,28.528316020964002,11.331575958299998,1.3907905871039665,162.6397354828194,6.616797007449177
1581.2225461121595,24.239418457756685,2.947303266969663,1.789145220769648,175.28567482291925,7.701278444581707
1439.4999690583593,15.816451085962647,50.90190784687154,1.1398061381449793,174.01313735749818,10.165054015539434
5.38614993405232,13.051930820129366,254.01690548774226,0.9445007979434684,176.03095708913628,11.981868775314469
48.51567130148091,14.057022654087783,293.1164288601231,0.7570667379439525,195.70979379694253,12.06092140432033
69.27391744832563,14.030632278365449,360.2690871471078,0.8303938133598391,206.6172455160975,11.04499991484197
90.59406046225523,11.986208895634913,395.6445284193285,0.47880669551131716,222.621354043279,9.04453693007976
155.98107913907302,11.710511542670492,1.7746557884825287,0.369086241959576,245.0961909361437,7.897929964381272
215.52476765160912,11.775407436045562,54.6637238510326,0.35045438709354965,262.15580688199793,4.382387757089078
270.3792124322979,11.823941666325137,97.54549543584695,0.3633434193324102,282.91813577129665,1.3523711278640782
301.0026394502853,11.844454185846164,198.6829400503772,0.3527774013891946,296.686460816875,0.7731992400514011
354.8020135446638,11.843554824386104,239.6280677744493,0.36583862852654264,313.0986612080013,0.33743126973051457
402.07196746150805,11.860522078006419,342.0534822006998,0.35478648116623357,322.2075149867557,0.3376669575900598
344.5202005331584,11.870057662146802,336.39662140659686,0.3676647486225862,321.16034995886633,0.7759228338507885
2759.5917065485905,11.858047415719168,392.1533277508758,0.4798786027864505,312.5278174129451,4.135622876251317
39.05894910481006,12.227812636147762,1439.2779646760166,0.44232621470568756,300.0260081336525,13.922340194214586
707.986146154578,19.94047777605302,866.5355917124056,0.9251638375952905,300.4809956939623,14.991137558357842
930.7934699081424,23.733490408338103,490.53350198985106,1.5456022231792683,302.5278767757061,14.172224486637823
1079.9774086150599,26.645522714638446,387.1164527014392,1.6517311733658206,291.83536622088985,12.28155709374375
1207.1896170500197,31.247462074491942,297.2024446577676,1.6777064556561578,277.7751221763949,11.061369043696516
1310.0397376150263,32.66301951313379,199.06394362867766,1.9776208440278586,262.2855099350963,8.860611529858831
1408.043689636942,28.104511282973416,136.92878566438696,2.3432126130499755,243.01190304288298,7.668375089242674
1472.5893521439948,32.18551257571867,75.38484502326976,2.224200239406959,233.88521619795105,6.772794070477787
1516.6741633109236,30.490317424269982,103.91992710016368,1.464781529636246,226.22516936621528,5.900089031701656
1560.92765742429,28.881585135181336,104.75763058358419,1.4122766058296345,216.48363737507793,6.726993456459114
1596.5726026463553,24.543115760311878,87.37699701381587,1.8140340887264506,206.02100261362668,7.822612305596897
1486.8274534813606,15.969994873783907,94.02000103825836,1.1526867362333466,187.34130444467624,10.286245222668843
33.56226592407135,13.120452901293227,251.69847968213563,0.9497685156924824,172.8159745382147,12.068800071925372
34.226564538477575,14.142150527051893,266.95432792240587,0.7593161177611503,178.72772034018826,12.101993964504764
79.65562003989345,14.08407973040051,318.69196874891486,0.8344930203421356,178.96438058296496,11.081832076746407
89.51200931450717,12.032681640550807,328.43889314057975,0.4802861649571651,182.39307653079314,9.064411548985749
142.6109489993453,11.748850742719688,0.0,0.36937408252643145,194.0248294739371,7.9103398293975395
185.2117857824749,11.819695459918169,0.0,0.35167319093050503,204.00852548529429,4.38883451152863
227.18964728180384,11.873163464207279,16.05024040354233,0.3247436285520111,214.59898442475742,1.353063071140791
237.0072300134416,11.893797319819909,44.015872195436444,0.31493001768001305,218.2390484461815,0.7732077839399312
255.4781188365586,11.890654144136375,64.08552024128221,0.3241016933189154,220.95290597967997,0.33690599708448543
280.94814643791534,11.89550073353607,72.42979282095862,0.3169297124666894,222.94666283414415,0.33702338168174845
291.92614396742607,11.9062457263257,95.43057519915398,0.3229849404016995,222.9308920173084,0.7739083047363848
313.4545524556155,11.905076638569671,99.62643425241858,0.4325432518768913,217.5177327898033,4.1245274793689
88.11194705358264,11.91193258348731,121.01990452894785,0.3266424000929526,206.7084337170158,13.870081411425671
1.9314408867187352,11.730171444865732,116.24845782200221,0.31740949691980685,201.93148838938654,14.730762607267431
53.64875226879273,15.472322562064264,115.5728683307737,0.322981679534965,206.99826382358737,14.16567916933974
76.2295905263432,19.21218890290337,98.338955886918,0.31809887311608803,205.45548046522927,12.392803822354095
102.64057760048667,23.0018445122917,92.38352331044979,0.32125645423604565,195.70521859754115,11.215885577122261
145.14847007658105,22.969046273280966,55.91287418180949,0.3945438221217907,176.91323254409133,9.025304739973866
170.38167966009496,22.855263648319582,57.126779799108625,0.39858406033767696,167.80436214034899,7.841353259481619
208.66787807992299,22.79314347947459,44.02692140459078,0.5064238101447782,155.0222548496211,6.965572157809255
242.0652631852404,22.69562752678996,45.56003268590745,0.4016515921697284,148.49526054582256,6.082794003917004
242.58117852234753,22.619642155621488,49.361567465807646,0.3137858945752499,151.339550830112,6.931752337161375
200.6248912653672,22.624911026560266,109.24341086484152,0.32279520945923956,161.30788098882633,8.080156290870795
4.899096126691303,18.99065434754192,148.9460599947287,0.3151497709285221,156.79737283501547,10.711316992151186
138.88291673918715,11.695234973545716,205.00409034820757,0.3251697361618975,154.39578716550508,12.69459057863823
170.28503238617077,11.784996430682542,237.41632792290167,0.3189003082911177,168.0018254983885,12.113136127709804
316.97761095158666,11.799713892454832,324.590441983935,0.3253122688645205,183.1202107423964,11.106683519596144
348.7884292626655,11.879940862734225,343.6336206551542,0.43616535458986294,195.45309818256194,9.081147336407843
420.7790201688701,11.892672501692108,423.01701850072646,0.3293147094040394,214.64064182640772,7.923618859858939
472.2874657572664,11.916013640868371,442.9747966028777,0.3215036807238994,238.4904223699532,4.429196554299013
491.2858893789317,11.958580228426708,507.71039670411926,0.36678400535733807,259.13512697393816,1.3650364295651565
517.9956353534732,11.963180283999996,496.89417065681766,0.3622602516683522,270.13604112446245,0.7802781244208623
545.5905712838618,11.975268411717241,575.7153631441893,0.3681993093389809,278.02559848903655,0.3395972068800941
575.5519467556322,11.984561133836568,570.1378520295989,0.3628163778669361,288.71012376537834,0.339988742954294
492.7399447261335,11.996130698198918,666.4249441392031,0.3689748800818163,297.38587484228947,0.7817387021196603
4798.71955176598,11.973813300224709,646.6310532638518,0.4796900226940516,299.201495526332,4.17509150576645
1453.61334060347,12.474021461396188,2163.6253626701177,0.4576297454694797,297.4879542044665,14.135366687172063
263.850791145427,20.623190761203578,1243.7349675642115,0.9358726036330043,302.9517603972512,15.12937200115227
130.48733454361823,24.69605020641181,578.0443373471223,1.5783909290279585,293.9450581575687,14.5024216950427
346.8125523620886,27.56897449562063,390.7534057388157,1.6904460686102123,275.99007398396816,12.612353844043602
530.3231986244319,32.142340123352334,328.48423674776717,1.7148835014864623,256.6859928741843,11.32261317824694
713.8591535641718,33.49496049927832,259.2508266305811,2.0154364714184245,240.43866379369163,9.057077337852451
876.981545815099,28.756867870877382,242.201209907186,2.3892031348226963,229.48819022491392,7.829023996014038
1008.7837043752501,32.9172125744815,155.80811779610264,2.2671615796668774,227.37128621519835,6.924326172767602
1066.8507743139667,31.14000743054437,197.93418501013934,1.4929082546465582,241.63090963571966,6.025406160868167
1125.475090772059,29.525353139268073,238.31467216349415,1.4420295221663166,252.70283142606772,6.882781731644874
1185.1854956053385,25.160683154160886,247.4313615375181,1.860859784716246,257.0330921840015,8.02408229122789
1101.8007213756148,16.39146727718659,272.80133273268063,1.1813417177656595,249.31786273429844,10.574032668746144
81.90774377970645,13.50005752343134,449.2515855496468,0.975121869107066,246.71137075337023,12.43767479323474
39.427228174062165,14.308980549780971,487.3951737278458,0.7661806101807175,262.913159160414,12.259634653734354
161.75712982524814,14.29257665871215,568.1253766719781,0.844621925180938,271.4997150901984,11.243698216286173
193.68292978587306,12.16112085139064,586.1619015043085,0.49151342064155457,281.00849711627137,9.184641771983253
293.27754336230305,11.886247169769437,32.64755450824678,0.37198136870009935,297.20736813663393,8.01287313762582
340.5885288489698,11.96482324674419,190.76145291117214,0.356249115217496,310.4865810190285,4.4385665358679205
392.41999493527413,11.980740879543731,282.50650124247665,0.36680360619815394,328.539779433499,1.3693828139204418
445.52584793084134,11.98932996150694,420.87385140446986,0.35975251887713333,340.86705480007976,0.782314809337742
496.21646513467664,11.995518132288673,451.2186854895876,0.3691697833492417,353.0926939698799,0.34058510556720223
541.2013128806071,12.010774815668142,574.7857002593344,0.361276396844258,362.15543428520283,0.3407770023128035
564.0565735364476,12.019318695004234,577.4062072172828,0.3706249182656517,370.63900632123506,0.7850739283407834
601.2918081862186,12.029594733728901,710.3001204811803,0.4786516340791547,372.55909896845577,4.1894437189177935
414.29475833227553,12.038337071779765,1837.3991862974078,0.45351912447985343,372.0065121738984,14.123177379030531
3762.470412887234,12.021759489977368,1166.2333625189433,0.6174271960125707,377.96711543964653,15.178990212524758
1227.6039069568162,17.13995313072311,690.2338561623567,0.7786250365863319,351.9210468569211,14.529925546867846
829.8095040157966,21.047896022736374,473.98596295384624,1.009149503400788,318.1595015043784,12.66544191274231
301.4147653148761,24.91407489523432,433.49444781243625,0.9352799032091698,289.8061090174028,11.440791675737369
106.5828648434824,24.543610530383038,382.4956692926094,1.084988454202963,265.8549605855761,9.216536756262066
78.58476902690678,24.128318932071597,288.77193368807116,0.9647764223798068,240.28418004115716,8.02613002066685
227.90208847722158,23.825578642466127,205.61395238183815,0.9274246755761045,221.1713580185907,7.107192455292426
341.4237866633113,23.523570613311236,270.80765624203895,0.7589488992215224,210.7657702725446,6.17521673412885
100.896118345368,23.4261886575088,290.0173591627173,0.6796960701014589,210.33061310242806,7.042277675981786
195.28126721045183,24.039810660864276,415.01750663480027,0.7227697743530188,228.59374767354865,8.2903236359419
61.079398404732736,19.667736241317442,538.9017807678256,0.4438530826148557,230.88721747437683,10.932906937052419
53.387975395867436,11.81680778151776,19.070830158799595,0.45164745356325764,231.13318900030762,12.913777318868293
71.57453850494655,11.853379766806643,135.14306157151617,0.4406701539322156,231.57427343629706,12.23225076387304
279.17373923402124,11.854178861157951,201.35437358915675,0.4376126673135744,246.5892842006796,11.229233603064706
341.60783977285473,11.969097101943103,327.2855056134849,0.5237062308350199,263.6911719260812,9.162761991243512
427.07457754742154,11.980026535083862,360.6124614065523,0.3635010092056433,284.44638216250024,8.002522827057978
478.4930819963094,12.008215919597239,484.302056814302,0.3690921278298237,305.80083625621324,4.468379378092096
541.7962755483743,12.038572160408664,498.39179584392866,0.3216061524951242,330.718215422044,1.3774043199781076
588.2940106282891,12.05861778258818,631.3668450139119,0.3329488577582711,344.76427964421663,0.7861563287075521
637.3272999894962,12.070082922779921,608.1561287518917,0.3229375435576183,355.81735105733276,0.34209489540289667
684.9017933613999,12.087022818992088,740.1736328695513,0.3327362807742378,365.84163381424247,0.3421611485380395
711.692116194154,12.09542917550371,701.2045216920492,0.3246571837673438,372.09280196507655,0.7888830091478027
757.723580090869,12.10796671039939,843.6044064572816,0.45063980573917556,371.4201186437167,4.2099874521267004
543.0460443878765,12.117025183594793,795.0089321886793,0.32668819667692817,366.7985732551905,14.194161499122556
446.4451335416601,12.062929675866808,857.5669523822874,0.333666351547738,359.90799982650805,15.087711945222658
289.01595839362204,15.971925573979814,501.8966657510869,0.326005873923422,336.8832395898447,14.511866325401636
174.92112033499055,19.855562759590313,418.0455460552356,0.3311725457875624,294.1481851646707,12.681279648727601
83.92149515768519,23.68488877596181,306.4501470709135,0.3244631349262895,258.6430394540009,11.475470343529507
34.65186489473791,23.58640086385589,342.7956650329283,0.4074156358433429,242.40651628665606,9.228524492370267
78.1054706296656,23.521862866549796,328.03939089559907,0.40255515329384844,248.6636392061375,8.048807551242135
27.039893917729117,23.56907884225252,420.5091196214112,0.5269356190489404,247.98461259249567,7.15463950594257
8.29681697933151,23.51266329237012,347.34999395883546,0.41048716197810076,242.45724683290283,6.276808257950714
19.44652680462962,23.452874373054698,496.43297520212036,0.3263238776906707,250.42711234888262,7.160199973290863
42.00649860373586,23.504541474789104,515.2910845710483,0.3216663448779059,251.55014659481827,8.359910059355286
302.8944078290012,19.640138578229877,640.9414743231049,0.3337427877684081,239.4788661082184,11.030193202213772
436.71639133614127,11.98883906190899,593.3145517923756,0.32354931759181726,231.0674769975508,12.951144595049842
456.6680991985609,12.03848518217748,711.2276933257942,0.3331646677412535,236.2026231036043,12.346616488394268
585.9479984996127,12.040734384678808,646.3726546202543,0.3249980986814006,240.0149454888865,11.326927666784382
611.5353836747094,12.09049139254732,757.2238872188055,0.4508363729263632,245.75812253631946,9.241726220998455
660.9732659067777,12.092266118614372,689.6546047399598,0.32665705517809884,261.1271261586003,8.067630637647904
681.0093752883774,12.109156456977402,796.234475819518,0.3335079505300542,275.48999462900827,4.5009033302244505
679.1143067161045,12.133930634776616,686.6703293434543,0.3656049769862514,287.26963438023574,1.386536535654911
684.6965373256678,12.142943398003682,770.6971963668599,0.37365817302427146,289.0324766874167,0.7902867068984039
701.7778195442862,12.140104056713215,689.6806743988899,0.3660709297202029,293.55300821517307,0.3433151664795686
719.1727930214296,12.149730601284583,789.859006795419,0.37408301089653045,296.10651449110503,0.34312735648157483
602.1175834463338,12.149127602739332,692.6550373709088,0.3660697550539079,293.1539263781684,0.7913299726623293
5945.629529495307,12.135841838824748,771.6722276267617,0.493028747704393,282.65066172787624,4.22374012769197
2211.7402822328886,12.682791495777957,2475.2909846341818,0.46152172562580185,271.920715402756,14.361343767021433
690.1636503533787,21.028504443693706,1430.5314152987537,0.9503420559664061,276.5993131111882,15.237574805940108
390.8262553790238,25.21194838094106,903.0262182881997,1.5995901095365528,287.6478136566475,14.675545466388646
138.62638647446462,28.44246894652713,710.9425907600146,1.7172882599028032,278.3113192389695,12.807089113415776
84.43621596085404,33.29091578682251,552.3828991083246,1.7578376921657468,263.88191782311463,11.585511572157676
246.4918280255459,34.62931612612005,444.0712214785474,2.0645051547126982,253.04541976359795,9.30090257414006
384.045219661328,29.73671212792718,440.6260524171403,2.4579565986570913,242.71533039886438,8.05706346112159
522.0330011219393,34.05321595625662,307.105128253977,2.335296501351687,232.64205804217505,7.13999825952873
648.9710633550138,32.132244197332525,266.24175410151025,1.531214851409553,224.20760980058745,6.204723230417935
755.6178965746614,30.253465473674403,255.91137360928062,1.4722804926860429,221.11107169911045,7.044261039568913
846.3381597326762,25.65947962261853,259.5358144654576,1.8978185185717924,216.4317921727396,8.179415996030821
796.2908185884176,16.67943793001846,269.13875187469927,1.2005897941869323,198.11131943778244,10.761294154576632
58.617181147197655,13.70222325960521,386.3658158724044,0.9904126368113026,185.6026140322191,12.634308476393711
9.949584615773006,14.44996635836254,406.59685958864577,0.7736425230647704,196.60711385033468,12.373759835207869
120.76158927297719,14.377712782855689,482.49518247895685,0.8483104382150654,204.79120581206578,11.341396276058237
144.66163622880694,12.26762587032692,503.86675861286693,0.4980819244102419,215.89078821040363,9.261932028203551
222.93194336576917,11.980648175990094,4.535065281818447,0.3724881347435029,235.45265952604967,8.079175268100979
264.6707918813466,12.058370366334067,62.32551079277526,0.3598580806105624,247.76261357626845,4.472669451202375
307.74159167376115,12.0836911311984,138.88686287261444,0.3653138443827596,264.34184138212146,1.3775736508146297
329.351269788495,12.086056076898641,191.2695182195001,0.3622500644447392,275.27651876998374,0.7863749794295429
382.3082550170452,12.079293510580948,290.42583469315963,0.36747705958995347,291.43584702317656,0.3412406456582769
417.75979696364925,12.083496562994348,305.0234152228053,0.36369498136122175,295.18514681982975,0.34161104452855234
354.70279910821034,12.094814563565702,331.8218514889413,0.36898827680927565,286.8342430159014,0.7878071507279008
3717.5433163166426,12.07369843946843,313.5502017196695,0.48087291016091804,277.1438569289902,4.211198491346355
716.006211667843,12.544935439137307,1574.7888894680343,0.45809476384482556,271.067505653507,14.227596028405353
211.09146331705176,20.580769844915466,910.6419532317802,0.9390449494484211,274.7561881212865,15.228376616704422
535.7875314435414,24.489803917586283,339.15963746379026,1.5827322918641706,258.4355760510539,14.572604747784213
770.3379253408661,27.250679154420475,193.33627087746515,1.6834035561437704,223.1635666345324,12.549410087090603
960.0768671286929,31.72079359506012,104.52058020683045,1.7033906177875873,195.05799212279302,11.232449344499203
1129.2372134519576,33.00554721713642,16.038104336964786,1.9965365538570685,169.5262784754239,8.95106074435466
1300.6610927329139,28.27327198015947,69.57438726192564,2.35132775787071,149.19411026850514,7.690979952853037
1445.216696398301,32.412410272559804,140.6381183419242,2.2288114519359667,138.1850055471268,6.779974639029658
1544.5833507069465,30.814483758497186,107.48871021703903,1.4698139703412383,132.83920888550108,5.908909290015392
1570.9482444999098,29.07188054788781,33.363318767717466,1.414831538281838,135.038108999262,6.725275571118773
1484.604258490768,24.673745070623976,10.317611295437331,1.8207770082580288,149.80008214741332,7.840241380918524
1405.0140609704583,16.10734073870134,14.689320681947935,1.160606746044014,147.93166860829206,10.365549956641432
9.612999729875728,13.23265652845898,195.347275188138,0.9583997174974133,144.70012362769452,12.175912478280901
55.81416993591999,14.3299566695412,223.00302392656383,0.7694098199721566,155.89983083895532,12.279963232158082
50.53255546315009,14.246543905564117,284.7849740722146,0.8413421783294669,164.88557040225862,11.235761929690012
67.42148579775187,12.18884650184994,318.45381223301666,0.48583028896842656,177.23498285206048,9.20744366328841
118.35263407561335,11.908054519941961,0.0,0.37232964621211123,192.95052690413115,8.03979688632574
144.91975139224635,11.975315318173628,1.2340062931341613,0.3569509457380536,202.59840913625388,4.460207986183119
181.10199083165875,12.021005208992978,19.971200651954277,0.3638505294177598,209.96973771098857,1.37345498967893
195.52274662549513,12.044799783834224,36.794510700779774,0.35999687384503115,213.83943396573457,0.7837419539500247
217.0984388650651,12.048438287029578,64.42135017166898,0.36343893888191553,218.44497651671583,0.33977916907171735
236.5384139795463,12.049864326383291,69.17896434782793,0.363136556668463,220.2771235473565,0.3399420509213801
192.84434394137497,12.05986687330012,95.27740235977738,0.3623385020239118,218.8933234230266,0.7844196545011437
2557.4948947832745,12.03097111866807,88.02986483968641,0.48325967871123365,212.58314519907304,4.195404534003679
84.6923710451145,12.47575473286726,1023.6932844483179,0.4457219568136746,204.55840334549606,14.144012763267368
821.8795408337187,20.07622391154861,627.715102791659,0.9385781600744239,202.19377787179894,15.167802855260101
1012.1300737551236,23.840556640171425,329.5852300903417,1.5566046232423794,223.21416614364514,14.280952805015898
1127.9440768765296,26.794977502820426,300.115223875432,1.6610545361819606,226.31331438095805,12.374083190761556
1235.1721439564267,31.518600626499328,239.4494222580848,1.6961580910305134,216.10122338164751,11.175390653126893
1317.1325216918644,32.988659785767744,183.1163607594983,1.9992395852705938,209.06511322915554,8.960964690647536
1393.355482953457,28.442844139328262,162.60474261655077,2.379805171626907,203.04383165072585,7.77008336042929
1481.0610239820849,32.654247560096046,36.23006045268108,2.26099524012215,188.80711123163894,6.881875169741187
1558.9108441359035,30.84595116648899,0.1842090229401365,1.478915031053374,175.35675653284878,5.97143563262415
1605.3345406150927,29.08614426972454,3.6987598791193164,1.4211282441251678,171.222052695415,6.7768417848175115
1636.909597313244,24.734816336786118,1.8855905833638693,1.8345516038141096,164.14694278756048,7.88313291957807
1522.0142319295046,16.098220473573633,17.966668354773947,1.157275578020119,146.80306557647242,10.373312106059213
3.8874786886209076,13.219081738049173,191.444433767061,0.959634795318668,135.07618050072458,12.169849652013921
59.24880376450674,14.338759146204271,212.52026623439164,0.7661399868796368,142.433256836218,12.293051708190918
43.22642698729254,14.25147437645309,257.4377427575294,0.8403911343391076,142.95581251638987,11.241922949164346
44.89205720483438,12.199057708695763,259.2635176319154,0.49405177906142056,142.7639279008526,9.211470162761485
84.906388651972,11.90744259166427,0.0,0.36273467226275335,147.61631748338084,8.038932378597668
98.77150958576242,11.973648794113387,0.0,0.36550645370299595,152.50628266086386,4.4590496368328845
119.65880295696752,12.01663066241074,0.0,0.35734293804556244,158.84657275478148,1.3731656202471687
128.7475688707082,12.043207424498636,0.0,0.3650490965448072,158.98582827186868,0.7836059623016604
140.32760037637973,12.04855275387212,0.0,0.3590949376149641,156.90098660427338,0.33937247133825016
153.44872072128908,12.060314862379357,0.0,0.363668810877711,157.8033835818997,0.3393894984962745
112.11546935213396,12.069916658198117,0.4536228028956599,0.36147855471622287,157.38268917774192,0.7837037793997784
1849.2425438232501,12.034186435586651,3.2089116647932703,0.47697759732563005,149.245890833314,4.19163081234695
468.4433724997382,12.441647962993962,713.5108753907826,0.45254128448556435,139.28403377081892,14.111502686381328
1102.4080919940354,19.692889655112637,433.24536172736185,0.9227430308824036,134.1240112541857,14.967142668444305
1227.3432360928011,23.472603159944594,162.99657427807693,1.536012378587693,154.2444080531464,14.080543471467672
1319.2064835927783,26.383660611436987,134.6428045596319,1.6405271468759166,158.28578245846379,12.181940270932818
1404.440617256924,31.05062198231469,101.41882071461468,1.6756049741304448,155.55126999542156,11.002429015334588
1481.8613811324283,32.55151721457882,47.90148802999435,1.9751653269769787,153.00096351806175,8.835562993879881
1570.4709169100265,28.07462852650178,6.786763967032591,2.345789511160641,140.52938274458273,7.658890369636377
1652.699404534307,32.15607211734756,69.89200973159947,2.2234150407415463,128.5210977036073,6.76024577896917
1707.1928090193542,30.6181686746743,57.02237990428151,1.468468607379126,128.38399821046173,5.9026475016959905
1743.225153578201,28.95436158343035,52.94234579812487,1.4144161730392713,128.443820791,6.723503510601967
1776.530203438437,24.62998711531051,65.22023976174245,1.8182458624546127,122.82759146160406,7.825926023370215
1660.1682445261315,16.047008092535425,60.5743658467089,1.1548780080045211,106.93775319606087,10.302209817189546
27.044881738817104,13.1665818999677,105.6815499660492,0.9526065858890831,96.87064776231885,12.072347841348984
91.46770929924362,14.262579236224276,129.68036554500804,0.766239170422145,106.49782545663311,12.223409750854985
1.8676087646680588,14.179871305893359,185.24685377072404,0.8372540417673668,113.33518470012073,11.179956884308881
4.934119696160899,12.160043292039196,204.22365858924226,0.4865171964068829,123.14586036619268,9.19448793623028
54.53995962505589,11.872765684598198,0.0,0.36881202366115184,141.13560814218175,8.032423795337094
80.30582424039561,11.940018024850968,0.0,0.360933355562398,158.47890484398184,4.460283378292893
115.51718826707047,11.993325138811949,0.0,0.35973216947441033,180.63887650792887,1.37418191794337
134.28279805098563,12.029080862752402,1.5271590047816344,0.3632956806025094,196.220069163687,0.7842983479826349
161.122274193231,12.040054273395771,22.147222112642833,0.35911224705835115,204.17100328203617,0.3395516382402247
183.4673778693288,12.05287697444177,39.51312845715127,0.363865000713945,208.43025007108426,0.33974161917829354
145.37833175768847,12.068264125928557,61.09174840703192,0.36004260588194076,209.30452373480819,0.7855533561236061
1783.2241082969406,12.042159026930532,63.419138650477656,0.48308879725046866,205.25205954329317,4.205886362310121
499.4936999754812,12.410126140029531,917.6471290497075,0.44334843985561634,199.99435457311662,14.135059848327987
1085.2840766431007,19.824021255430196,553.4796828996201,0.9347758210020481,198.29017525688718,15.066555358937105
1259.788795982294,23.68250122606851,155.80840778934538,1.5481504021055033,198.76289728511412,14.214788615587684
1374.2245483532354,26.489090195338253,72.25713165868471,1.6428653080610116,185.34254593726183,12.239943463184538
1505.1418138115782,31.057767716462983,45.589337103310626,1.6746193122212998,155.6016964976535,11.00544188116131
1621.224596936399,32.4670414836276,52.42911537230045,1.9666456323694508,136.54676378840392,8.814911855894449
1683.246505752001,27.995539832303596,66.77936245182562,2.338712250521923,130.1550549001172,7.615022662579595
1747.9840035653451,32.17807099653964,90.39479601401399,2.220217090541542,120.89324305171141,6.74530324141138
1802.4140621070105,30.596327228735543,68.44181876457574,1.4636494779857159,113.11674244382786,5.895290009962252
1817.2063429917664,28.92278093040014,65.10464602031941,1.4107650239911835,113.63007739754873,6.711773224125488
1821.3790317021874,24.60530219527586,75.27256219861044,1.8230121838392346,116.23830673452625,7.815267755625097
1692.6217814449785,16.04510109652675,61.74054700760106,1.154352954914148,106.78396724299235,10.30163296474733
48.69258479108199,13.188262165258356,102.5272296809516,0.9506569428675719,98.01734388099925,12.082829497864807
101.33989325585874,14.222888626807048,129.9396505185858,0.762203606327728,107.32799280925579,12.22719202782348
13.21738675829882,14.193039573996916,183.16596453094178,0.836947602501783,112.04999840170399,11.19320333408889
8.416419657501303,12.149047425784273,200.95397070217405,0.4937154121280888,119.81365564553073,9.204171691424166
34.90327944852674,11.86585352897223,0.0,0.36944717022873663,133.1484696390939,8.042171419872757
49.19404578767549,11.931964954636204,0.0,0.3569553232096449,141.45509840086805,4.466543507350424
72.37138186532376,11.985896070675246,0.0,0.3636388782523675,151.95857534601302,1.3756755797260811
75.26962427222045,12.021015944717139,0.0,0.35784735140748547,157.68635953826998,0.7850057454362173
119.26393964637785,12.024723914858848,0.5989303451948532,0.3645155199703005,170.24015354137933,0.33961543888053614
151.0387069303242,12.0644628573103,12.176020601105778,0.3580157433261628,178.67579173195082,0.3396643159491445
151.27228575229503,12.08378413348024,30.843313079909535,0.36604576693088603,179.33875966279388,0.7857430903686883
163.84335559941337,12.074698703680351,37.81817676371926,0.47503130973298696,173.9486819131353,4.206499347268832
63.741889635911356,12.077517193866546,831.4716818331042,0.44760178827482927,161.33483817172078,14.150534442304435
1526.4386140302195,11.907379356030457,543.487752163052,0.615033474916248,161.12243215094338,15.190692549246835
11.936974702138757,16.986783124006877,405.7820287674686,0.7738927427091105,171.85831749517385,14.489585010700607
261.610980959436,20.494344033866607,338.1053270894472,1.010812432768456,172.4028594108907,12.749847288716715
551.7708070781807,24.07581324334525,282.01120412339617,0.93536162425064,164.89523925346094,11.454071084107824
640.3084792854335,23.750700369400523,253.6278437103909,1.0769767420481529,161.45516383047232,9.136570642948746
709.0717384159766,23.443174284607714,236.08962526082536,0.9594859436501546,159.40329700496497,7.933815387561312
762.8271187910678,23.359820734624652,227.29377125238798,0.920390682528587,159.23512659306053,7.035842506352164
798.4633427987586,23.269066238653426,303.3827277706378,0.7580080128489615,160.84257676381114,6.1485955753487165
158.39495336451412,23.30270383275245,329.1660325603235,0.6798871322357627,162.1370833753059,7.034977483547557
292.10268327358364,24.172923688365156,320.60109635045836,0.7297309080773524,151.70369285133987,8.373024182333323
150.6535518812654,19.694814122380816,310.00848626287114,0.4475577653992717,125.37711097606253,10.99328247302831
90.13887780369623,11.826937425618471,0.0,0.44849328678408495,111.0015648530489,12.963622374559534
66.21263271399896,11.773397145299915,0.0,0.4430207402239854,115.89340937105636,12.253928198131492
41.648869951712605,11.805600936891198,0.0,0.43497651140750304,122.03921048841498,11.24540191880938
60.29284853692934,11.993942103952907,0.06528570232893917,0.523097827343923,125.77659003669666,9.218636636888146
112.54309019682033,12.009018808426063,6.519621809727849,0.36771105952037103,136.91151466447852,8.040647520274723
122.54464443815235,12.067015963605531,14.44657534851204,0.3595391779434737,143.0599039613804,4.489548440601332
140.6905882155423,12.103857041426037,16.020888475974118,0.3267067459722246,146.6036268372901,1.3815132361016582
149.53476345562393,12.128985638665931,27.024254541900998,0.3215629478386031,150.31022364671787,0.7876220252336587
165.99586072389366,12.137696303001807,32.76122467048451,0.3224648639584775,152.81830121681637,0.340387068090923
181.03651552981916,12.14911826872366,43.469921676427646,0.3254586234654035,154.71115364661097,0.340452141985502
202.05603776483377,12.154466123302852,54.76785215783228,0.31888423564459734,162.93913174427922,0.7881164784072486
226.05387903669788,12.156722344864898,79.1091806759551,0.44726450270177703,163.03039496978465,4.219869455431842
25.02225352320532,12.156599498890596,68.93653411403055,0.32420981972952845,148.36973522586257,14.201745130009746
86.81414218926322,11.865921129902315,84.31479555505952,0.32581223574627644,146.9948185790922,15.04467621797016
143.22918254844427,15.638114945396898,68.07331126461689,0.3179163863724345,154.39347550218017,14.417382854016553
181.04202683928213,19.448809128118867,53.727110868967785,0.3283409163905106,145.79392928897911,12.60488142090431
204.15150268365127,23.235635504413796,34.01646289117244,0.31767610042587524,139.41344247549765,11.393573811581616
218.28239378150457,23.206074284578246,39.30148670620728,0.404103797054484,138.3179299011217,9.162880899786426
229.86709382051453,23.17073785955707,35.9474588278556,0.3956909989779642,138.8062606547164,7.984391602623975
238.22869292112352,23.135810388206696,48.05781562938255,0.5214521346284342,140.373705549813,7.097660983793954
241.56763868832246,23.12544978699008,50.3263872900134,0.40667767476772104,144.20594587199903,6.218184251375255
239.77301827598774,23.11545244056499,81.94964237755745,0.31895191368046405,147.42829068391808,7.101889282949926
225.1441563238628,23.15158661292329,98.71902680705333,0.32606810226374017,151.67112032499233,8.291080353234893
30.81546069615567,19.362718901221136,173.72592929806532,0.31965742649058093,143.7059916273055,10.957492253664837
87.06717923508073,11.901297368266885,172.40736688014354,0.3282507386613098,140.43650331974462,13.00023056729296
114.02949636211467,12.01304116458717,272.5010982669757,0.3235712010386847,148.5876205707442,12.408949815740062
252.62025027392824,12.02789673612956,256.4440654814729,0.3239655604555612,156.92847723258944,11.39313255891641
278.5336804121864,12.12708498075264,332.65850409787646,0.44767659608170596,166.63456718111206,9.295204220586381
340.14929894458913,12.131163481145473,314.0755358055278,0.33252405542304336,183.1638399815015,8.117315591093364
376.9594910638871,12.165504760276148,383.38694945347703,0.32560438073318,199.42193179348052,4.5293772957805984
385.3797335575445,12.194418196489773,329.26666205801314,0.37061956527531154,212.87972887470337,1.3933406787520526
401.7242907738688,12.209908153034199,381.3294054741582,0.3670899137114056,218.85602396784608,0.7932989008003904
418.3034563534125,12.210734291273848,349.79408990437986,0.3719069250149644,224.33922222704385,0.3427148250999296
435.3178310553774,12.221873361437256,417.3368785121126,0.36678452841594517,228.33337903645614,0.3426874497810251
345.97089973826525,12.225614766935623,387.4949098801392,0.3725419546438711,230.8695600146674,0.7946083107598908
5091.015072135468,12.203143267342519,462.76362191193164,0.4854385922554245,228.26094833657478,4.2593411458033525
1415.6646815969923,12.777443464994063,1978.5707570333266,0.4644863272587226,225.60693313932723,14.471724963598955
267.3784749612661,21.034959074410427,1133.0677835623549,0.9528694838632152,228.28814039109733,15.237574805940108
68.77699240940447,25.194703497776047,563.4174426854382,1.6106928493353778,226.47883536251476,14.815669405970883
263.8261309868434,28.19239919585364,400.09716484760935,1.7305100976791827,218.84068640118505,12.90734295567293
412.09987668164536,32.906836688483274,361.377104671295,1.7539253248809619,216.8408683955449,11.598074005589613
533.8390675296765,34.370788661489385,313.3440853828607,2.0683571104215552,212.4237190898538,9.297589272832639
652.2714472889471,29.592073775984968,328.86613431481436,2.4587181434358585,209.07617270518642,8.065034701465724
766.4768742407055,33.9663087034483,210.1173297703843,2.344391269022445,205.41489716975158,7.153019607960653
871.2377649280604,32.098321673599024,216.80923303232865,1.5372934895992547,206.73194289600622,6.2174866345720625
974.0988234240663,30.324554447244164,217.92244705625467,1.4793157557870065,206.17749448600281,7.078955617230638
1063.2592917719244,25.751120687673684,201.8565368304137,1.906280215329637,198.24622617775762,8.227459924435204
993.8322657505639,16.730379904836177,204.7025292747593,1.2009684646304706,179.533675525634,10.814569107523232
6.346894510393732,13.742204959516533,333.583406636227,1.0005409373059475,169.12123339544712,12.692691875216974
47.51352792404114,14.570465613384389,354.51498037426495,0.7807829941319374,178.19221667681285,12.53738062003823
65.69586271669927,14.499817948564548,423.62983765323816,0.8560341133527197,183.6379045022285,11.470807030491676
79.21263016898152,12.383846922486859,434.09101713355614,0.5012656453069958,190.24721587781167,9.385260687163708
133.02539786932937,12.090980327756853,0.0,0.3672539391537955,202.97081854524822,8.187435591661751
176.15483029369102,12.15534368224405,15.573025185997242,0.3688999422025827,213.37235765901383,4.532086601265077
220.44299121551342,12.200957029630343,56.893799618554795,0.3598139775835141,228.69090153635855,1.39321579368396
240.53922061004388,12.212552083508244,96.49609393415284,0.37089803145863504,236.94998607648066,0.7938684869438148
262.0246571219147,12.211118757272132,103.64890270167915,0.3610712624784533,241.3212056160332,0.3426221482164258
289.23336541481217,12.219232916126263,175.41806010539125,0.3719471703171139,246.22390000687162,0.3426440140086418
251.69798551901332,12.21784895051401,180.98237327930013,0.3617187004195753,248.83948448483255,0.7949664511853822
3140.9228126245157,12.207853813983824,251.4853132793035,0.49143332033337184,245.1107264953614,4.262613704882921
325.9641897573707,12.669043280508214,1343.7674616733414,0.45979432996281827,241.97405598346737,14.399238125353717
437.75998613619436,20.651626591115157,818.3826773793629,0.9485552419059817,247.30596549009377,15.237574805940108
684.0792696891381,24.567483883216358,424.9240314502838,1.5946882567511582,255.04348562006408,14.69046125892784
855.1188545690184,27.535374982942113,307.6406280287,1.703834373493956,246.36634827983593,12.715211322188377
986.4229380422531,32.24585268327941,240.45114750081314,1.7340726861665328,238.2833004613685,11.437141508911447
1110.9205785583956,33.71186183221455,155.72328056168536,2.040814380527489,227.67997140968933,9.164423021885112
1205.3267037510516,28.998901934650707,149.07008328587796,2.419213923591282,224.78778726776696,7.929560765746243
1266.6290229232714,33.29830103565088,112.83929931586925,2.3032193827831353,226.7835451479181,7.025241175168118
1318.659995080025,31.610207833246562,139.83828845262857,1.5183528028372497,228.45654094111302,6.132092039426032
1369.80322513854,29.937542599817874,142.42650191238124,1.4627785895823022,228.00845625898083,6.99638909822606
1408.9107456819074,25.464901617219112,142.14688208740793,1.885698842315634,223.97325299272077,8.142993059920775
1298.717264888626,16.580716638580466,159.82596624287604,1.1920569512107704,208.51215153886181,10.725089787898982
49.2673865969367,13.635237677593475,317.58575514995624,0.993132647904438,197.3223975621721,12.603879833741422
16.191887658105887,14.603707697211503,335.8002079406541,0.7796676029891705,205.34255719262424,12.540761813184359
108.40513282822344,14.540350839876137,400.46252954628403,0.8558862982830526,210.07680080879751,11.493918566331113
133.4498526988897,12.41607337244437,430.9504745216243,0.5004142084337049,222.6125906689558,9.392418398448665
215.40179508659568,12.130633827103502,2.684786864332039,0.3675636303931279,247.15108040964617,8.19733641799965
266.3443607618235,12.21190612067005,63.652008071233595,0.3689152180486736,264.8113221410091,4.543168240431028
313.47202133303415,12.239596179295324,113.04517375120031,0.3617507709595345,283.7003660514799,1.3972142631527606
339.58036105139206,12.251787654851256,228.03641630764744,0.3714676505531487,296.36235843044,0.7959344640134492
384.8631623378356,12.24488732188321,264.55506846293844,0.3635491445814869,309.7413231554129,0.3435925720821431
430.12674093153976,12.25831635464128,353.4670322963955,0.37381533471459516,320.1178957725044,0.3438044945537823
375.68889615764493,12.273916960642293,401.8635542763471,0.364714915171839,326.8033461114217,0.7986024817003745
2910.358485721969,12.258291108868173,455.23917692206237,0.4949695229232422,325.38583040117015,4.288131446214408
164.57653299741693,12.641813972649595,1550.3020319242785,0.4602012702471449,322.42216512426506,14.457907004641648
580.3124771735953,20.67553780304021,951.6028290059359,0.9542817799073916,332.98252410440693,15.237574805940108
876.0028865953391,24.655654319888107,385.4790055375924,1.6010833042969124,310.4466636050512,14.767354503296879
1095.5288481062096,27.505504505684115,218.09093856996543,1.7034050417751434,267.327615985222,12.726890946892379
1258.3150698736918,32.07304826455739,115.7111393230268,1.727312543614334,232.10931457402057,11.396577558461471
1379.8868461152351,33.396544899901926,4.891555769019859,2.023384545370111,208.21281680029165,9.08499574770094
1496.0375998569557,28.6414607058352,48.00074648182094,2.388915455302662,186.08462119460827,7.823134616475769
1610.2640154517544,32.861306986139425,138.79961062075884,2.26657207047088,166.6234718773931,6.903537018092029
1691.647342968113,31.255698160037184,117.18744993719852,1.493625298853409,155.16372850275397,6.013714891125295
1702.047965640873,29.502430399011416,42.22073058051933,1.4345750610545662,155.19965351521654,6.8425270045558255
1604.6518841320342,25.047796299494735,5.253751540824417,1.8524015127552558,173.8801742750559,7.977468603768985
1497.8536099510422,16.35339923583737,45.829388851731935,1.1747858925956591,179.5590849728693,10.554732124018068
39.85011348512044,13.474253426604461,245.13207848856,0.9807547229313665,179.8297338529148,12.439204874256786
28.202211896365956,14.574589865921496,281.5671723689219,0.7773862560073903,195.2278543387501,12.520706774618482
92.11248385095367,14.530753236993116,341.72904010743656,0.8540203552981105,203.70874057441426,11.478184763220986
108.90723311843924,12.411013302889177,368.7162048364872,0.49941785715642634,214.86342264802948,9.38879415596035
168.00741601000868,12.116907597377075,0.0,0.36695370262486715,232.32156330805182,8.196647516211634
213.0136627309142,12.18844553740275,21.934308672150287,0.3691301658058192,243.3518384827072,4.545867796953808
259.41622827510497,12.234562286167423,70.11545670411539,0.3605096982240616,257.97472405372133,1.3970899895247206
283.7159903705319,12.251409025674917,94.54799760342522,0.37088606699796345,268.99301480245657,0.795806465717753
328.6809509087864,12.264465462656831,150.6768756945111,0.3617116615532683,279.11497598665727,0.34291026728611135
368.22521385705716,12.274179180713913,194.79436648780535,0.37258031019203264,286.00708007460713,0.34318774944959557
308.6104846931532,12.284650512977894,237.9286001635483,0.3630089360397602,288.363379564428,0.7974073327794476
2448.8895359926014,12.259153589666619,256.1807439202491,0.4932878332327637,285.6577886156223,4.283366493632645
146.58985257891868,12.61982859823003,1337.4513031476647,0.45833143763105333,279.1155025050698,14.428403205282622
808.4399562444139,20.466333868587345,814.6810021924036,0.951808850128374,284.1405581348701,15.237574805940108
1018.1833453561967,24.435831347502283,418.73271736574435,1.591972707687174,284.0568386755018,14.66848632054082
1169.9328912151118,27.41158896989069,298.7001379572155,1.7004014799230096,271.28327842495753,12.695251639118528
1296.9073348881534,32.11745705726275,195.4160184706625,1.7323891100659154,251.19084798994015,11.420297964834829
1379.459487630523,33.53811471533542,138.0809780600731,2.0344754750992506,232.33992559114364,9.134304396693864
1464.5326641961701,28.895098759734015,107.81001426880124,2.415147600101155,212.518603340327,7.911944272029701
1581.6202544926275,33.114774022801925,2.1089638600704945,2.295182710672563,181.4131641553178,6.994346051144167
1664.394179705229,31.244284796755693,14.611936841596844,1.5027319248703008,165.35085214219316,6.0599293588870005
1686.7656288215817,29.522460664866863,16.713623938136227,1.4426233593117506,162.81247798500132,6.886005161290518
1686.9524047301252,25.10245429176788,10.62874048014176,1.8599058577400602,164.59645533563156,8.01245367874914
1560.595677901593,16.355272004675243,21.103613059760722,1.1747434489796176,154.11126995499814,10.560139779265267
15.057633996844528,13.453380465267925,204.327082680109,0.978951134354836,146.64915465343276,12.405414635644028
50.54151592920282,14.570946142587674,235.08905056015897,0.7779572135798113,159.36797139799094,12.530725834083812
61.85190054163906,14.518099404939221,287.288106581309,0.8540383623927351,163.79635701930013,11.470676473008458
70.05134349012884,12.40231008778435,299.9455763639284,0.499940744800866,170.60067172717314,9.393538253708954
120.87191892446492,12.119936189997915,0.0,0.3663500318599682,185.38525350632725,8.199656779581916
160.75073749956525,12.194245737515349,0.0,0.36923128924217685,200.24065173552623,4.548139003777879
208.3620913253597,12.248785796764553,12.826458428143942,0.35982804171359584,215.28269749369633,1.3976051324342014
223.42841655295828,12.27818066877964,42.31081952642249,0.37096255001506884,221.3601039951849,0.7957758619425251
245.38839925519085,12.276656547250049,65.76308389630718,0.3605205674277137,226.20980923440294,0.34273413000128694
267.8237385139694,12.27805972343973,77.2516785565995,0.3726302865314227,231.59795832066658,0.3428967394599984
224.44083417953013,12.28642797902972,100.29808730347351,0.3610725812234262,231.7120023276722,0.7968654029074219
2013.8902634856397,12.260043820528852,100.17638915483916,0.49183490985734507,225.53407924746358,4.280388281980487
392.54340498045127,12.619443220420843,1033.9951442087915,0.4577251322601153,215.91953083677203,14.408092178583729
989.0100081854117,20.250222062255318,646.8279118017381,0.9451833585327282,216.18309419388368,15.237574805940108
1164.9625711511717,24.192688292712667,292.4686848481705,1.5806629106955028,225.41550858441576,14.546441646318758
1279.9004287827456,27.15226985199156,208.83201113709532,1.6887079013584965,218.16585605503013,12.579064628857962
1337.0875170906063,31.870967823719884,229.54913937829264,1.7190471734009256,221.98602462444407,11.328768968904894
1431.9680077032842,33.4981601189258,128.263661186625,2.034394194229133,205.94706269512344,9.125376121796048
1528.5698747810743,28.81643705189932,50.87322300748568,2.4111450497699387,186.04696840491314,7.891414993507555
1584.4568833232147,32.96401287948109,4.217796775382021,2.2853850538790486,181.6119651858746,6.95705266414052
1637.593161811842,31.26924061388387,1.4737534824949086,1.5020224433622094,171.5550346654989,6.063863247816261
1677.9677981739117,29.552793760285894,2.1326904232537234,1.4450041630319845,162.69692898460286,6.901235506210172
1705.4252831207216,25.126711680039836,9.204625322228615,1.8644148693522107,154.07402816470224,8.025311275587207
1590.4618660675671,16.360500956880195,1.3410409825670422,1.1757077115822203,136.00924237050742,10.562507631568318
2.1125672015362587,13.417984417177854,161.0531337969974,0.9744904694215069,121.14697298203161,12.3764891452611
59.28339381945895,14.574141921390913,213.13767858398066,0.7774273545566082,133.45482325664784,12.526279034746445
51.24347759314018,14.51151673423392,276.440770704733,0.8542831121188419,136.3361136320063,11.466481779276434
49.96454229662306,12.42348983833315,263.3454151507369,0.5011186565123301,135.4295216259186,9.399239886968433
85.07334986282552,12.118866241493151,0.0,0.36863070283323307,141.64612563413783,8.201081604089925
109.59641288188689,12.185227992482442,0.0,0.367035182858417,156.76684126589114,4.547321333237999
147.2111743673596,12.234385009612344,0.0,0.3656103215194284,179.85092281685687,1.3979731118353473
171.50124762272912,12.26674643737591,7.802608691367648,0.36495133452345047,195.61522589456928,0.796166168589639
201.18951536863727,12.282806513499077,43.141612859426395,0.36766961849696916,207.03476416847928,0.34259831472106694
222.36428745214093,12.288631605557727,57.3982932351257,0.36450332147390474,213.94588310565524,0.342865043778809
226.42030713133315,12.296506083695446,86.96817822190378,0.3692210800772493,217.7842061967481,0.7974979446870865
242.31788634433187,12.290613431962019,88.3398180458805,0.48360091730868804,215.58780433782752,4.284598696301273
10.41769123298919,12.289999225446643,983.393881884265,0.453317336964784,205.95380762624586,14.426269494163597
1822.4174890995678,12.152135179993774,640.8946077180968,0.6248602978645539,208.67391203042337,15.237574805940108
201.88051422996864,17.30916807026932,464.2710064005244,0.7869148921697908,216.20278884736044,14.788840512039984
208.01256690542965,21.030225913003093,343.6418989598269,1.0269857124031596,211.3994442445156,12.980485091908092
431.0879231565097,24.548585928296383,300.5724113071737,0.9486304086272721,206.52321205784068,11.69894634542721
530.5895564383158,24.293294938248206,257.89111612932015,1.0998433797227456,199.95613741444944,9.356090859869596
609.3044645150919,23.962745294762218,229.6333871697846,0.9770104804707648,196.3127411744485,8.11920320504628
656.2917542498756,23.853855864839304,243.1331974338731,0.9371975746879633,203.99093878904333,7.1956721734603635
690.5643258820318,23.7937690885819,349.47039794974415,0.7722586814402976,215.75080522217127,6.297462075966678
121.22795364605666,23.85960823569289,389.78999108113726,0.6931144517423216,222.74932909862295,7.213717304063009
228.7143865126115,24.681116850243196,462.4336460166511,0.7416399521056318,230.58575284010362,8.557782463575839
72.32776591148185,20.183148182234955,523.1016982637968,0.4599236905930092,223.35407878860977,11.276533904224504
20.20771720797328,12.119882115652686,6.416306217715106,0.45225050408343137,218.27042632830657,13.317230629749425
38.663862090964706,12.15366801741332,66.4872486027548,0.45022080603754555,218.77794921825287,12.61985005957643
214.9520068422231,12.165851298539911,136.68135347246405,0.44342363157950715,224.0303078568504,11.574894752609373
256.14058271381714,12.29016986604281,194.6024768895593,0.5337736872757983,235.42839998238128,9.446809232733377
335.0542492077993,12.302432580984732,280.92059735680476,0.3757132536294647,255.87391443277264,8.244393027327401
383.04490373479797,12.328467587095474,324.55759186247724,0.3671564246449605,278.60156444766875,4.604639909287767
440.5417109266122,12.360132497149104,439.5185935108995,0.3349972934660747,299.6788377727495,1.4138521903355108
484.47980474341693,12.371776760321845,443.1339655852188,0.32863369041197454,312.53155299914926,0.8050267076909584
524.4703745839041,12.38752445943241,562.992753537395,0.33534100339562173,322.6495841400371,0.34605961285583575
561.0176473320245,12.3997818421695,533.2684410073354,0.3303757292554877,332.02718468646754,0.34659121754270256
580.0383630449605,12.419391402386793,667.3706240162454,0.3344172904015633,339.85328138257074,0.8066832702594618
620.9435499729449,12.420494107777781,631.4539262070805,0.45305623120113137,345.4017255171588,4.340943288665387
430.6767197366893,12.436908361880299,789.6770263441666,0.3384086481388408,343.1746512159687,14.628705347967164
372.38975458838473,12.369276914949845,730.3767030572164,0.33193385503062406,350.146211676839,15.237574805940108
240.86950310600434,16.39748018994796,633.0931682488321,0.3360826051598781,340.2799092451956,14.96975422724793
151.6273821952088,20.396288302349376,386.9779750452472,0.3322399395951942,313.073015727082,13.120315161366985
69.22985156902446,24.356016514650236,396.5592342140415,0.32820121216026293,286.38838996697103,11.855527212899744
1.83365863062291,24.28217724392214,349.45834113763226,0.41660979630635203,261.9006252333754,9.552205522660653
54.61583470715139,24.182838203811887,371.69292128650045,0.4164261698061434,241.37644466457724,8.322531291418999
111.50791122906769,24.096628317510554,264.34890884392655,0.5316710385527892,225.60477545715594,7.391215132743985
133.51266901510215,23.967276208092642,275.34635740550084,0.4189218761470121,219.9592362487406,6.447412631704191
95.85083098994994,23.923072225822594,275.7083290412061,0.3261828873451078,229.64826037069122,7.357081868276074
17.392557453133673,23.979982794553923,493.95972704407654,0.33589998660778886,249.22649248721905,8.584814084303828
286.4476944650143,20.15520057753711,564.9766711431371,0.3281558707894183,258.8028655044216,11.39246625351802
446.4126326558611,12.332880288402256,756.7946832574582,0.3376448386858797,264.1495587736589,13.375199104708893
490.6677076188997,12.378634254569386,738.749671067844,0.33068133096461627,282.17663760001244,12.789040397993114
644.5241538248124,12.396096355966455,917.7339187517563,0.3380224883992321,296.51613751327216,11.719925709209466
683.6450685379348,12.44428415138983,834.3114966838857,0.4542652780060142,309.2350502486771,9.588221321047481
733.3233807378853,12.470070561233207,968.6028726623103,0.3419233386587268,321.68280918391366,8.35675708478058
757.6686252463475,12.485344231262442,838.0648250949432,0.33214227828988874,329.3277285442203,4.6687891495848035
754.0440590092971,12.522765613262528,908.3193967084412,0.3808845206789484,331.09906478907885,1.4304121300464925
773.9066773706938,12.523509573589886,786.7283773306847,0.37418723014251853,333.06870720129024,0.8135919876041695
793.3581781501011,12.528902906192727,896.3978291927601,0.3818029131489509,333.7253587678792,0.3490135200992828
808.2179165952688,12.527579585740757,783.2707319530779,0.373902028966125,332.74378564019,0.3493783376379737
691.1442479144564,12.53789181700957,898.1881160028249,0.38217509939760896,329.82041507593453,0.8130629175891776
6054.382086277005,12.513928269611455,779.8559683560355,0.49952117800836404,321.2871222879369,4.376446278141939
1973.1328844034467,13.07894619377158,2543.6486745083525,0.47164728758756275,312.8948791360238,14.878593184986082
687.9963423188713,21.63653708972007,1496.2896859284526,0.9771815735864964,319.79899115711714,15.237574805940108
336.7712362319117,26.00173252196962,943.4954529482358,1.655969306858856,325.32470949736967,15.210790462731087
48.36740485756541,29.28807272277097,753.1145716800842,1.776374259699815,312.23751456847526,13.273934271864519
150.43539009388618,34.237090871681616,606.2963810822858,1.8116751577857761,295.48759561696596,12.012605283819799
322.9431358297568,35.64721479975102,478.2629732441073,2.133721658895403,279.6676999358697,9.625508386089887
487.8256524419744,30.601631712248267,429.26892853756317,2.5393931957189144,261.0052967440844,8.33408198434595
597.868344189176,34.99972122942614,344.1860810771435,2.406978198148747,256.5047000473238,7.372167159496496
711.2805612250198,33.10884912878509,315.0454586740751,1.580535483818617,249.22477930142963,6.41942673401859
814.8701763577665,31.223312698111528,306.5861072641984,1.522915063434123,243.2583800786918,7.29630626355277
906.6039605394021,26.476448074583953,288.03785388784644,1.9581677449011528,231.95015285985394,8.475144320376065
855.6209078149825,17.196789652417998,295.5195562440818,1.238455846542626,211.07127422048487,11.14293204658674
69.4790503247269,14.140177968581233,407.01196449849647,1.0221793863726716,197.34386831302095,13.080880406130891
5.271647529115759,14.881753757518966,415.9465077541279,0.7997496565883777,202.88675129448114,12.807029722865723
120.57798578977011,14.831567509125394,476.12996259147485,0.8736721850093963,205.50498327219842,11.73736111016035
138.3769034846698,12.629896258099933,485.232778260701,0.5067636585678051,211.9066484710486,9.579813632944353
219.4969292737708,12.341881368029254,0.4005249805821215,0.3760661370023555,227.66026108316842,8.353816318531093
261.59693011571494,12.424680363179391,48.996652721933216,0.371103027503477,242.4029940224466,4.621221389027403
307.77919142939464,12.449910527343494,106.4996607525555,0.36784898798881516,262.6427553796879,1.418525007973647
334.9218635141413,12.452396359331708,193.11037128983804,0.3738178830087648,272.03315950216745,0.8068356162373883
377.16437216728093,12.440141962467285,225.59958568933214,0.36940158672389856,279.1661841754474,0.3464717136438821
412.7167653261816,12.450138356639004,284.49282172355674,0.37520408466722394,284.676274194931,0.34655571573824706
354.13092493053887,12.454701535597414,286.98314644385476,0.3700991835884105,285.3061501892862,0.8082524924045029
3574.2628218820582,12.443962447116622,348.03041125336165,0.49841684424722354,281.14793796579136,4.348166150141236
622.533933203727,12.906989672524324,1568.7937621396838,0.4611061259295822,270.5813694534403,14.70912611219314
269.5955692100772,21.156673006097172,909.2310393441043,0.9708437118951169,266.82837280913844,15.237574805940108
522.9368984374552,25.171462317142684,507.0415928278966,1.6303481231775232,274.54471391266264,15.052419493135112
722.5230676216682,28.21805546663914,367.07782209410783,1.7408561405095992,258.6594705054467,13.042386444828557
882.254005842643,32.990141725556505,278.6330668321504,1.7762585402122444,242.68673030829035,11.7191340443449
1019.0804019971301,34.43238653046666,196.08270173028225,2.0838038038543347,228.13096610713418,9.375766471524399
1135.2667861902062,29.613319658539567,175.59950432730517,2.4735550665234274,217.87595819905465,8.111967829326748
1226.45663008202,33.94541227506222,89.92403338068252,2.351210045337398,211.71507097427525,7.176069876498084
1298.4095151890133,32.123066011666786,92.20459648492962,1.5434784961346781,207.01595476297584,6.241667515137372
1349.5343772325616,30.372772888150976,105.19171185477184,1.483929869310665,204.96202800694508,7.105910507405417
1383.0498665485654,25.826777686309253,115.18284190255744,1.9160020960138109,200.54770070045225,8.271377751528773
1281.0723834524667,16.816645645274473,133.6578230588937,1.2092236131198368,185.72189609558282,10.897852564254581
53.43963002933446,13.82903530632246,282.8300516762304,1.0051178306940367,175.14576716776418,12.802307235486824
14.883193873565096,14.839039745823882,306.70283094809866,0.7903912176309295,186.24498662593547,12.753071761518049
109.00341483634863,14.773156398123882,375.26101291670517,0.8679562120621821,193.688256756757,11.689992802007716
128.32744353773006,12.616157492339974,397.6373204077699,0.5073511467016913,204.700193492628,9.553256828734705
186.61892664731158,12.32338928420892,0.0,0.3768549450097393,221.3659691185709,8.336689559659748
230.78338321577064,12.398063418109281,21.157804191603386,0.36712576013018444,236.79002246140843,4.6190666172175545
287.9038236048559,12.429679918714404,76.64408050769913,0.37142114574488827,261.57609200620095,1.4175180039233573
319.1159846538842,12.442252983408979,173.13573967656345,0.3683381865187589,279.7767485564097,0.8063230941149464
354.7159890076259,12.435074200334785,214.9456654401108,0.3740161766620659,293.47062315673884,0.34626191668133993
401.53394411422585,12.451024414691355,302.7248637746575,0.3696924389465329,304.82084872691445,0.34651252492131224
356.62192922693447,12.460928862357399,368.77061166985743,0.3759185824180726,315.39028542910887,0.8090277982340712
2934.4612664414026,12.442326189301538,447.09318806780817,0.491974216617099,320.5906441264141,4.358501631147113
203.64754577926897,12.838903264637995,1547.2560515966388,0.4670295475214873,324.4845748401721,14.709038443970165
531.9372353864693,21.003439013755056,983.1064418035266,0.9672803685677968,344.41091320971486,15.237574805940108
801.7497622004433,25.089709593189305,477.8759002669519,1.628907139551346,338.48988205593776,15.04730297422197
999.9115104115283,28.086554530754313,279.73745183055684,1.7420810556260653,310.4418044647136,13.01186413012076
1166.3763741929736,32.78765905731752,217.88594036659,1.7598011084754805,277.1686501303603,11.668900926249796
1293.1876597299747,34.215094429661775,113.27041001227879,2.0744769000073084,252.59933838181468,9.332071665622223
1402.4356838892602,29.381482334221335,65.26233420136441,2.4581420240479157,233.96309382859022,8.051311918704007
1507.5463429426102,33.62554136866404,42.029354685939694,2.3263350960516935,218.64755473666713,7.103901875004048
1585.8372559331924,31.853773048082672,29.95826067432893,1.5227272774052154,211.89006951309327,6.171555260643135
1602.1478753838553,30.087845465578997,27.60138997240177,1.4691531809836649,215.63962591524933,7.024678875323606
1509.1987548461013,25.617344842452447,81.44507022810168,1.9000690656753065,241.36884710466157,8.201647805408445
1405.7423158535375,16.7919847804822,161.31372566963555,1.2097722912248996,246.20328968060636,10.883005495675784
104.83631898514841,13.859296060711651,370.884860541911,1.0009798131937846,249.1160181364274,12.845577575352136
66.64083862627423,14.874043287010897,423.58060158427423,0.7957899411748183,273.7043774611818,12.794356804183526
187.90893696481987,14.876020586478264,505.7708994422809,0.8738040370800884,285.0523845727924,11.740975325628607
218.49563054693468,12.663378257362611,531.9850216724391,0.5011072979807017,296.5681507436294,9.59571909644002
312.5140654802697,12.371405670346864,29.446304096175915,0.38086077448215466,314.8330904331541,8.374578092414326
359.08547452240305,12.446227139215528,173.2505267280955,0.37125831975917123,327.5899855632632,4.640417747077572
417.51453573979916,12.470831511859895,257.4566622122591,0.37010799382227716,348.5804230824102,1.4252623047966344
472.2234779999366,12.488040359897736,389.2551893626823,0.37526335858394877,360.2673072004334,0.8104073462317141
514.490667351226,12.49611550410307,391.4129843125625,0.37202351887326596,365.0736963618275,0.3477848495752682
556.5643165596225,12.513119639189272,489.733333741325,0.3771604456316436,367.18023627927107,0.34790583157544414
487.7655058984209,12.5153081713199,467.5392683680292,0.3727558273035475,365.57420959767387,0.8129384830330092
2875.73827777028,12.503428075451746,526.0999857263096,0.5018616287548622,351.96258880427166,4.377786863380231
107.40233654382502,12.84772443054174,1591.3044313960866,0.4582453604383857,337.59683922904145,14.76675377347294
626.081335037417,21.041254179895738,975.7848722862403,0.9795434325518256,343.45048889367763,15.237574805940108
835.9729545171916,25.086934365652443,585.0553937872291,1.6313032173123139,345.0322294556479,15.07089262161575
981.8502785802207,28.19341553465166,482.29411022771575,1.7441963421895434,332.62428506159534,13.074869048011934
1129.2580594996646,33.08110696109129,365.41898768414785,1.784808918002821,309.8312496831776,11.781680257094449
1262.975976236507,34.533818221230696,247.24354684205423,2.093596373064354,287.62208581927337,9.426785143276163
1356.994498609053,29.681716145777248,218.42570015851783,2.483609966671257,268.18795304774795,8.149627765494959
1417.2963149622165,34.04090714581038,142.31833454600624,2.3609059659109364,259.474769182233,7.2093583114299316
1464.6326987551295,32.248607093064486,163.37947949826986,1.5512087854763648,257.0571875881676,6.278418656904412
1508.5168587473381,30.535183634161385,163.66872286827453,1.493684761865465,250.95173255841704,7.159185194046103
1536.860376836355,25.954669832313915,158.0028338383722,1.9286044257225825,240.94080468835486,8.329292165987125
1429.1768266443285,16.893860926679455,172.35803764524798,1.2161790003161066,221.40361186762925,10.966219482133603
98.14869317637904,13.893698603143374,325.09540448511035,1.0085831944672299,207.9623554128417,12.878973985339723
19.562970668539467,14.923549660796466,344.41612175466463,0.7935719158785374,215.13000976048238,12.822078443851519
152.05865590871537,14.869801223802563,408.9754262467009,0.8716796440330888,216.3017146057767,11.759926224256656
169.21874306363694,12.685763744088904,423.70683692409614,0.5086945638380506,220.9151242787893,9.602327396872617
239.11813059117523,12.39364176461172,0.0,0.37935865327890206,232.38413312063048,8.377430254453904
273.4960543672446,12.476336675163685,20.10624762023915,0.3672133274068805,241.9878811542529,4.640419843452053
312.8819854254953,12.505604784700576,71.52544328183819,0.37281896498755424,255.18807573216327,1.4231141726464995
331.30872257398084,12.50802059876173,93.73784469755542,0.3687929938363098,265.4994805565493,0.8089883187033432
365.9336161939698,12.508050119742482,140.82343751469688,0.37439402864884647,275.0394649942712,0.3465036802063438
406.69797984485064,12.516546869014997,206.53669315498936,0.369284690208352,288.1754991797405,0.34673114671020844
342.7331257627668,12.52480896670613,263.8766496792608,0.37630614750721164,291.9415984171565,0.8105588066774216
2474.005116934568,12.495305181935903,276.2250900415914,0.4916297225334413,287.4516059060664,4.369999547079033
132.0560003713164,12.853048262458604,1374.8068483962109,0.466805491960414,282.7343448780563,14.729164331781238
756.5223888048931,20.855553858190742,836.4964446242909,0.9681685164682177,293.2841466245722,15.237574805940108
963.3816160206172,24.924819512889098,450.1406639447385,1.62620562705867,296.40095906285336,14.991827873734007
1118.0924278024888,27.98044847326658,332.7422997170414,1.7387107748799715,279.95157485775644,12.9861161011556
1286.586423809742,32.786718087050424,178.85186581247368,1.7647616327824573,242.62571715074267,11.683223951483994
1426.3574420102786,34.12382943269042,107.24587036491101,2.071274148110998,203.64357459674585,9.312852829057299
1520.2542879675252,29.30240319976096,26.690719683437994,2.460060886839627,185.50012437432136,8.039594308815467
1555.1558143972268,33.48875128528747,7.475541740822534,2.3192204978606314,188.08017998001802,7.076725674917747
1611.1419453818287,31.831581912448893,10.905409472345228,1.5291450310005055,184.8894537438675,6.186387903114084
1643.81227774367,30.104146195127235,14.206425668854301,1.4752759568274143,185.7352305539232,7.04581588021937
1647.81825168462,25.61931416136837,27.940858606855066,1.8989783727544443,189.22157923102284,8.203273699731632
1526.7409674257754,16.704892559685998,58.780125641114566,1.2044767040688535,182.3838555164859,10.823004263726947
53.025403604650144,13.753984299839436,242.38711485944086,0.9992809264230176,179.66436360879058,12.729713567620898
19.42420449485003,14.871015511360447,276.2166980256174,0.792164986027307,194.91398352801028,12.797740075364416
103.55517510628381,14.83645710842667,334.666587244157,0.8699777399736419,200.22241083677642,11.735549824643538
118.07489546312993,12.649195012457678,353.0476870364129,0.5071090984671436,207.61329952678796,9.593676392889464
171.68486866850762,12.362040997195653,0.0,0.37232989153703155,222.54104219935357,8.373261646955541
226.16162123760213,12.442282446909305,17.13879614606137,0.3726537500089915,243.35233572634385,4.642572931721924
283.0070244002649,12.488734065089009,76.78250886152033,0.36622552362949856,268.4084773394443,1.4240275737318826
299.09218514530596,12.50291455305839,137.85729677258834,0.3748770340848273,280.1983196234066,0.8096130828123432
343.55474889400426,12.492970207054999,186.46694162007898,0.3677072943743125,293.347863549417,0.3467719732700293
405.83639577850863,12.501795574861477,302.28326182008686,0.3773636519497288,312.87650330680367,0.34704564651734937
446.87536536474994,12.510592681220091,401.10341815429706,0.36932312755359326,335.101074316937,0.8123821204429329
497.8927640047807,12.52597582905269,519.3408095484286,0.5023919254665293,347.56739233233617,4.382894208140873
319.32181407769383,12.541322005082993,1538.5468006288697,0.46360989924787366,350.88962986259827,14.799398788071393
2606.5207045540737,12.511206232605604,1009.6831718788684,0.6333475236341319,367.8522856830708,15.237574805940108
643.0526355388313,17.724849350340385,609.3567383198781,0.8085996585330777,349.2372754437208,15.197410747291805
19.286593836381805,21.71810123356882,368.1272977859186,1.0487357917592233,289.5095810658656,13.286889777592245
331.53658230024047,25.322769847826166,277.4881910793964,0.9646369906271619,240.09481120650995,12.034387520632992
503.50569436240806,24.812820072514747,183.57917968733705,1.1250695022709456,208.81140064567327,9.571243451745481
661.5085867037768,24.306782396125975,80.19606412608918,0.9872349406904237,178.8119209475466,8.248465191685627
786.168173637559,23.985601902305003,35.900200681849164,0.9413874457126542,160.13810814808252,7.239141770988486
806.2592276090579,23.74905726693909,214.0650201685242,0.7697830412717319,168.79160037146306,6.287729597901982
123.90251862301628,23.956876296685845,265.689210642803,0.6964419941303455,182.438316918788,7.2634683219228355
222.1514578639402,25.0100114927609,358.5580018209519,0.7496821743624562,193.8761720230517,8.679171862069696
86.508170622283,20.457889965914784,445.92749818801934,0.45855152216339723,198.8378615422824,11.441148237370108
12.312409450697565,12.292125708181509,8.372946735226185,0.46226076386362297,207.8388912453935,13.521409962679346
24.070199958175753,12.34142521079643,51.11274461191306,0.4552870135572863,210.8697389935778,12.8345945504743
194.18753492596184,12.342711707372782,160.8751736376603,0.44765552981234,222.24640996044758,11.770205114778824
237.74031471307217,12.463652579891859,183.93610470917002,0.5415366270287595,230.33860051508307,9.615794012084026
318.7349269287678,12.47804294497573,248.4317960960131,0.3793559324070282,246.14699989332544,8.385590214034046
371.98049945451464,12.508786748343553,276.37692589116153,0.3708512753682872,268.9496413680002,4.680026160860764
415.80663726883824,12.55408480494339,340.7604293889108,0.33753679162525935,279.5030912817917,1.4343410197332718
445.8841838143605,12.570343083730355,316.5841718092499,0.3311158080622826,281.1245279723023,0.8147779777864653
473.16235850265036,12.58515809417938,379.6290273214015,0.3365159980061801,283.9966397286974,0.3482940754544021
501.4469096335702,12.58716729088453,384.35022250801694,0.3323217117142045,289.831023987762,0.34856978108933767
506.8780538452425,12.589557088905744,460.66394556320614,0.3363460531673269,290.74306688102206,0.8155562160211502
522.7174696837878,12.585618877540128,447.2517494349694,0.45629029513010766,284.57189913065184,4.398967252381118
301.30659474316093,12.597279414073503,508.00635480601784,0.3401152558759882,273.4124024903217,14.828540588346906
223.1960944172731,12.505343637390084,490.482833188957,0.33302684222086887,272.6612115403617,15.237574805940108
140.84832837453422,16.54624831696605,521.0908298900927,0.33753963227401323,280.88730762850633,15.15681175455112
109.2860655109645,20.59995397006101,455.3535410239199,0.3340015017010876,281.0175906766326,13.301581505416284
78.45932988260523,24.650980836827934,468.22027223553465,0.3334794342333431,274.4186365474972,12.046692134726273
46.05564290981766,24.635032394612878,395.4138246741947,0.4193838773765106,266.4436725386111,9.708756849681517
19.613709446379993,24.59547455491536,417.4994026883798,0.42141663720945577,259.4200030376167,8.457689493367317
4.826296815325235,24.562382638209776,389.81547323190375,0.5383159626523208,257.9617978440891,7.5265295596307435
7.29308211943547,24.535127297830346,438.1262019293206,0.4258518465967929,254.81402831045713,6.589772035532447
4.137666752245537,24.521567786383656,441.45742512737473,0.33089907706877875,255.17461459780975,7.529780724405877
18.325709289680194,24.52508753482941,556.6344466796048,0.3414519841009929,251.68003923901452,8.777649162490665
275.01420233725537,20.50701397867922,544.1703719803635,0.33125368241803704,235.9393357522136,11.598989947658906
400.5908520778223,12.51191723555071,613.0886571371278,0.34145460664393756,222.91718960403747,13.59784907824555
409.7497964738361,12.553481030503871,582.4241254216514,0.33235838593908507,223.3847002807137,12.979485841454915
535.7953370432087,12.561949649167033,648.9710200326635,0.3410617944372901,225.09251575538735,11.88646769828781
551.6781931186168,12.617222973974304,611.3784797734701,0.4568273155977971,229.6704540813068,9.709720234344381
597.3873092646215,12.6263811261748,676.0766589954991,0.3446389125166506,242.14426096072822,8.462222858039862
614.1376395957362,12.638220448463017,634.1758831237664,0.3327566731831839,255.90878815080572,4.722704595775456
608.2277433669649,12.661874849238023,665.0608217237893,0.38390252983130563,267.0473840577796,1.4457233724148189
614.7464839648245,12.659900063577505,615.2444466401836,0.3753019511216271,271.97030508966805,0.8208286293229974
622.5260046576027,12.666865713047843,673.0795123463762,0.38493619425334064,274.8514789399543,0.35055502250839504
631.0304814072006,12.675160013726394,625.9261123214903,0.37496004204473393,277.1989726745976,0.35078759758570294
529.7264718134353,12.681131728801951,686.659649338387,0.3854741824809226,276.6837552316824,0.8208701290353818
5627.228229692088,12.651976586586123,633.8673421705007,0.5078011558022105,270.53182167894164,4.430286235780363
1792.1607653486162,13.223589428374462,2386.2174688265854,0.46997384120063573,262.19408920907904,15.06639888766077
546.4929288863933,21.856823557935286,1384.3201544485844,0.991477989405103,268.42098836566663,15.237574805940108
208.57877025001716,26.25696850847091,847.0805137176965,1.6754583672877177,277.8200089356561,15.237574805940108
58.34717383687485,29.550565023067644,635.8354040382326,1.7954016293309265,263.82495022273145,13.454933246003895
271.66168431092296,34.490649448442134,394.24201378161086,1.8356532042038602,233.19637186951869,12.154547159915102
429.045579728608,35.77951024830855,281.77887283169775,2.1480851818169153,208.99992431972427,9.692198343914677
558.2821954986161,30.668651075611336,282.40279948585277,2.5507385075180244,197.2524743267664,8.37783828597365
674.4690819677331,35.1245951540432,199.49311007416037,2.4249505770147377,200.7607932482538,7.417421878133666
830.9940810563231,33.223917900566036,145.30127238267383,1.5924993271858119,188.82687764966025,6.454307300178253
926.3551844294,31.23550181613662,153.21048336580054,1.523678978625741,192.21058014340318,7.311840362399381
966.024509734142,26.521544143691102,218.22604060180672,1.9665094542821644,208.5070841584586,8.502434153272265
879.0243179229465,17.32129009267238,284.22450739660235,1.2448921032097644,217.0043119211292,11.242948029032489
74.37772282871356,14.301271464073452,437.15350013563756,1.035300748285675,220.59186885635816,13.262555724905406
38.17867098346184,15.09120077717288,491.19998367601926,0.8046523278903002,249.22409879348467,13.008160739362832
160.58447337028775,15.06316028054917,583.290624412637,0.8839226832459792,267.32085900943684,11.932957037602229
183.90933506974704,12.831375052363171,603.2311165046268,0.515796082519035,278.4092730093371,9.748421768221576
279.8058785439265,12.533698687718973,37.093156759277775,0.38430143986736653,298.3198398069618,8.504131497384556
332.97058672389454,12.596038673802731,249.20736897662272,0.3700108515894712,318.3744279779949,4.704891192821001
388.4227525061568,12.604922676526012,340.7226545844124,0.37965409516513116,344.9527931846154,1.444528840528243
422.9683315791901,12.618245012314413,418.08760589778603,0.3734866137354019,336.15910152930513,0.8203765956059046
444.0764574649294,12.63614899329891,319.0845441040815,0.38182953414080834,317.8707232139834,0.35044930512973294
476.1305672247555,12.65513168062476,384.86912889550155,0.37322045450472213,312.42968131646023,0.350012885663805
402.97834127320397,12.65887750119533,352.57498505252426,0.3821922460004232,310.66036796494285,0.8202178090026525
3725.4130810905135,12.630388671213165,457.79996104974066,0.4974105095040016,305.8009900819862,4.4243591525311725
708.4875655367645,13.089029733830637,1719.4286624584756,0.4733754037938087,302.4022464129578,14.977958782241
211.78441674452273,21.52816168458216,1031.6768711551804,0.9806962272822792,311.4298733635724,15.237574805940108
533.6679990351442,25.669173599090897,439.4434146442126,1.6652790776172932,295.7662718091676,15.237574805940108
781.9364257723303,28.625444843043123,249.8325033489317,1.7682389828984424,262.3208086926232,13.256340444709943
946.9639891938707,33.324262055515774,200.87027676267476,1.7907931713065228,244.79301382764916,11.864786923473925
1095.318295147403,34.79115367595837,138.34651013493777,2.1077466317749227,226.05404264799822,9.494764308317842
1220.9502706184896,29.908833582718852,114.75669069149548,2.5042107425873725,213.79695359624907,8.20676519314664
1316.2848106984814,34.26057735783649,57.28916283811047,2.3723393248369895,210.04081516491638,7.2518126982742235
1375.439051719054,32.46123960097459,70.12600766068061,1.561457917865865,212.25746997823612,6.316209427302832
1411.9774331214194,30.72629986007538,82.96107438963155,1.5023494623677265,220.32760238501098,7.201039196458024
1419.3271019016022,26.159023718070564,129.817767359565,1.9403825557254368,232.93254131890512,8.391788438687426
1298.291572926478,17.08969849666997,176.67998856589938,1.2281867115584828,230.51240248223627,11.096473218765558
80.40800007216606,14.085915069190866,356.69281926917233,1.0233385623615519,231.88548654980687,13.073985471563567
41.53533545374562,15.066560775896972,410.0806802764822,0.8016236776113131,257.61476128677475,12.98798610966893
165.95084665758228,15.061962798897142,506.7442186942232,0.8813291631204596,273.9079355715528,11.916804057903164
195.18634449698257,12.822086389245735,540.878980067445,0.5144228501076122,289.5788592832996,9.738940570035126
287.47362953352444,12.525247927559105,25.469660816300657,0.38225205402291923,307.2185408081322,8.499822600862913
340.44091289156484,12.6017114412871,171.16790274313857,0.3706725568334261,324.5209580585679,4.706710962563094
400.1124865068621,12.630136678801833,280.7353991959413,0.3773532010390836,349.40543759050405,1.4438028438209638
461.3074126325263,12.64031606526426,412.64035026887046,0.3737932960680131,366.12860011131977,0.8200656257532215
516.3966071418268,12.651415180025124,473.9268759987749,0.3806757563120791,380.5646150245134,0.3504057325661534
574.1720552067155,12.658618943967047,582.6203894789705,0.37532390516089476,396.22436149870657,0.35076092769690564
529.5942263860153,12.672998384877094,643.211032072652,0.38272302701994065,411.05462314645746,0.8234191171399325
3224.330279558814,12.671555016198663,527.1469719231486,0.5002734321653682,343.8643509031452,4.450101244515684
411.89489137489045,13.070533285387524,1708.5741445997385,0.4743039443297995,354.05709448245324,15.0042704487421
391.18455385632205,21.46219393739328,1136.3282567266838,0.9831850223284878,419.740636100157,15.237574805940108
721.3884457452072,25.670319047897536,541.9352446502089,1.6656799723265914,390.487000932219,15.237574805940108
972.4061451799188,28.682092852765944,311.21582976828495,1.7743176485170704,337.3331862125848,13.308233351565425
1148.4917481056664,33.39171124706736,217.49854334646332,1.7957547171589772,302.0528588471199,11.910959824571467
1282.6165606292363,34.8005707644467,111.9213893303718,2.1096673883486434,273.6721309998902,9.509414573860028
1398.1695506888439,29.87130514978294,68.73689241776088,2.50123887785434,250.38324966410485,8.201352664971942
1524.354417063351,34.18319590964005,63.62679169846769,2.364774027545178,227.92591468179913,7.235614778877917
1613.8249368120105,32.37288667291787,60.33080493484371,1.5513806746665104,212.93062841630766,6.275544388784527
1631.0443446853305,30.56062663086998,8.9549182295712,1.4898667178462517,212.32925156389308,7.13611066148468
1488.009558793798,25.95634712603314,80.59455756368345,1.9255579692766647,241.75579441665622,8.323529876950781
1414.6165801131247,17.04683243867934,167.15147814385548,1.2245686604736403,254.94234865300092,11.070798683475767
108.87276808406784,14.082811258024712,374.28710015245497,1.0228794796833112,261.8447573193395,13.070875491720045
76.54091690679309,15.096429782639929,439.6533452823179,0.8022597277900348,299.783163025195,13.011580021266976
203.10883193852393,15.094827630880312,540.0887837793626,0.8823875833745377,316.9623155749605,11.943534719259631
254.110664675856,12.85755509190014,579.4235592335755,0.5148485811601377,333.71926707498847,9.763540191361892
360.69888355418385,12.576651276141266,83.11981885668163,0.38263392604051993,360.72605879316177,8.521232713884373
439.11269943269434,12.64352103379098,275.0191189648713,0.37231828685735446,381.3051783316795,4.723896206346206
517.3459493711599,12.660679893507309,471.7971387945811,0.3789566198215836,407.85758718277367,1.4489716397583432
588.1812618288288,12.673613105749233,530.3796032915938,0.37627986899048727,428.1047338556577,0.823463686398685
650.2296651843525,12.699004671856432,673.4420677259353,0.3819476999943112,441.3176009074082,0.3514493422868614
704.6609151720857,12.72361204813231,667.5733309237146,0.3776206544862205,450.4297700567715,0.35211570552221416
654.7349266435732,12.7443596006008,818.0611802339838,0.3834132565749779,458.8373627821726,0.8264313251340138
3316.419197896717,12.73622641908092,704.8323446040678,0.5031977255290091,430.8406772465976,4.471380348661003
397.39826275001474,13.081574554790793,1855.5370295949572,0.47562352657488355,415.74107572689604,15.082423504890402
443.54478488129905,21.54427857561203,1188.8521961111123,0.9878018528324073,445.67518684379854,15.237574805940108
744.1031924271614,25.74098036806385,629.8865993633897,1.671676538457834,413.70116235077893,15.237574805940108
998.7898739908992,28.804031655067295,343.7612496745542,1.7839727546713526,339.87461974997984,13.376960615624785
1194.8854761643618,33.485185221479135,238.54821444002553,1.8019289319798915,288.9849937317341,11.952954926719825
1331.021377168916,34.84540149222523,141.05577856158948,2.1158842272384493,258.88612788594355,9.532138054749783
1454.1809334165616,29.91918808293848,88.85157854822816,2.50956609922,236.21751072874048,8.22412033640986
1546.1437183565613,34.22418499159529,19.252097680928266,2.3716077099270922,217.43780709201303,7.2509160623118625
1595.6642432193928,32.36876483951464,17.88577023643195,1.5561239826201307,208.91986456405849,6.294045510453988
1607.5798839147837,30.60447332782931,48.42909146018643,1.4972836331511448,211.62155295803876,7.175258614580147
1597.293480368728,26.078983089140603,87.50318209693053,1.9367629658861596,225.1045897299085,8.371291969211413
1471.6006825217269,17.03984639169037,129.4396817609323,1.2256999180153194,216.53493804011393,11.070116696009471
84.61008330087293,14.032999544168407,303.3723611752412,1.019499173296614,205.9394964767526,13.030947897114636
26.26694941721635,15.108343457015565,330.8381308388502,0.8027447451616551,218.69985741149566,13.015833986676485
140.00275473554962,15.096756009290845,402.56488603453096,0.882217552182857,223.96463572409615,11.93854603784985
156.6467494610387,12.843710224936814,420.49506949115926,0.5139105755868151,231.2627741797224,9.752812288519749
237.71743309063822,12.54696669704991,0.25677362156578737,0.382883748428826,242.03225717655755,8.509975595487601
277.69345299226444,12.64565097944514,30.470526218252573,0.3703662631698911,250.26021168067453,4.7128013224972
302.79739550605916,12.679124908286889,81.53931889650424,0.377094203666848,260.7978309125177,1.443230606020432
333.9694510102511,12.680710689766213,90.68797955819385,0.37202470963670864,265.12304974256193,0.8191621183195377
368.3632506045804,12.682720988768438,132.61172947648384,0.3777933279648403,268.89640584865913,0.3490234084748021
395.31429433715346,12.687981948867234,138.13713256544415,0.3724211526315716,270.9591575659541,0.34920224538905764
321.2173597226599,12.703468991127401,210.9239695262547,0.3796409676794692,268.4384485756921,0.8197070712423099
2382.6352105990154,12.670356407860144,201.0839770934853,0.49597182834298703,262.1992035294493,4.432569927326915
192.18107583749045,13.036816248621577,1257.2173082518086,0.4714587299926261,254.389743846736,14.94747653396605
842.049533058537,21.068151950536976,780.9688002767588,0.9784899569837163,259.39373620481126,15.237574805940108
1114.8261424295238,25.15579874890796,259.7856840097241,1.6465630134345293,243.75118184320763,15.170529615793988
1288.2522857249944,28.034653377832004,119.76187745090274,1.7431118185439471,213.90503967401958,13.03681659992605
1357.1697647235453,32.73685526165649,114.89378250487955,1.7667613840606102,212.81667693263373,11.676431878496714
1424.4453354430204,34.359019947387814,88.52551465879732,2.0874855373511347,208.06884766345198,9.388088105434598
1496.6182160527776,29.658272846755857,66.64328833829451,2.4887595060846874,198.34845226015295,8.149040382513379
1560.163148630536,34.039100419862656,0.234362015581153,2.3622107153419907,190.76209855670592,7.21100057957554
1601.7242461896035,32.255386591452066,25.4990063712049,1.5524877000843278,191.28862672352304,6.278108791956881
1635.4995843091685,30.559369444597454,40.78384246573226,1.4948727660588095,191.14470777449318,7.16366916698314
1662.7131038425136,26.009434876081734,37.40630216548465,1.9336431327492392,185.2334891264005,8.346532303173438
1548.665910400053,16.931714686587274,52.64771788441257,1.219256699210526,168.7383993150302,10.991109616493281
31.910436003210382,13.91124993272658,217.86090555000726,1.007656245039663,155.4698555073547,12.902350701354047
39.273108578455336,15.067571434663964,238.0485073878863,0.8005379546845622,163.525347105938,12.983766233521418
75.41445075043048,14.994047395736905,288.0265378977728,0.8798707554779192,165.80008260296825,11.888732720550278
85.72963709773762,12.817292262627783,300.7274455312999,0.5127653811262003,171.6373714860159,9.7278309034103
134.9459552871368,12.508406787768095,0.0,0.3826592177751258,184.96502307932985,8.48970859738477
164.33138769054125,12.583036312808888,0.0,0.36836404414175994,195.6329092216795,4.706425817937765
205.25030087133345,12.63914421493004,7.998042043755019,0.3763510476291097,208.3018007934574,1.4413811564164065
223.99786251860039,12.666956977694426,44.3577804980368,0.3687566733009341,218.24788808147176,0.8177488469327382
246.60389116525113,12.664356517005796,61.61261177563555,0.37896663435388867,226.73622789806376,0.3484743764642105
268.2285993566084,12.66264039877359,93.74061708525673,0.36940484709709764,231.5891322212783,0.3486410126946713
276.8775656531765,12.664957402128733,94.55568602638053,0.37974374396900673,233.30835381798005,0.8192079899156216
294.22859670280786,12.673772351157693,123.56001952650419,0.5007925702502134,224.42737740568552,4.425804807725985
64.41017004916571,12.682405104899047,1043.4461219849652,0.4574003883250821,209.18635935670713,14.92089676726465
2014.1671733465605,12.548932049181971,674.9140675956224,0.6414545747631861,210.40413517562456,15.237574805940108
317.98927765886765,17.856882751680907,497.5269163195308,0.8091143627491666,218.3049904220897,15.237574805940108
64.38850117443583,21.758973189555377,395.09432164289564,1.0632929893109606,214.41097707645858,13.415951938946302
366.19914205600526,25.496644565809405,321.1210622511803,0.9775509246100086,205.97384264601806,12.153532828685986
471.7958431504526,25.09813642866265,271.644985188443,1.1342509312978706,199.02016997211595,9.691650870481114
558.3225548713491,24.742691187439785,238.57163530986116,1.009861783608008,195.4163792408325,8.407504409225771
627.9621453177836,24.613550557926576,221.4094177216459,0.9586861923191372,194.52250158219357,7.447761383248048
679.0987462538227,24.495860645705125,311.94486568927863,0.7932611136202864,195.6545653254486,6.502412632946918
122.84150890840074,24.524276149134128,355.73995313289646,0.7104189091125975,198.10522156896292,7.438793287167695
242.1635422341429,25.39140579082682,407.87224897845607,0.7631398512417689,198.2834525442509,8.830589059987751
92.24975652636925,20.734532261717245,452.81257282930727,0.4685751411022368,183.88866902911218,11.624908636314455
15.220653314094475,12.456886269889399,0.0,0.4682406144336211,172.08541693826123,13.725374498973162
12.854252160605673,12.457592450908994,4.948610625002278,0.4515017432203759,169.05618267724952,12.998594192766904
141.7025706320394,12.452851036560832,39.34222771897151,0.4597042341335704,169.5579380050071,11.907795436102859
166.96848939534368,12.628432489957888,60.55448086558517,0.5436971515885519,175.61622175521282,9.722614402417944
224.18363578083225,12.639115179081442,87.99068863589412,0.37181256709672605,189.77245054679253,8.481059188590855
263.0185017269932,12.66856013591734,98.5391947149148,0.38096536011700394,206.0888375979412,4.731460926364754
306.0862601468041,12.70309522529426,149.21763677277477,0.3290220841678837,222.22812054760155,1.4481409666840395
336.36310122798466,12.712757963131367,195.75030848499694,0.34033058050547244,229.94727997260927,0.8216224328827717
361.8274506776248,12.728227152219626,225.7084093020525,0.33043664389383043,234.55843597254892,0.3498383808615431
385.45413943241346,12.734322825329409,221.04819452207153,0.3405130891062253,238.19084409895558,0.35000371391122526
389.13787831409064,12.74457337686997,267.78698291603536,0.33130450159856417,238.56311860429818,0.8225659237155275
399.59366774871836,12.728050373237346,261.667273810102,0.46556837033617543,232.13806769927453,4.447931977665704
166.75303975137075,12.732318702987977,310.96000647733484,0.3326190168017915,221.09094357090103,14.995345387311524
81.17906376301725,12.592799827089086,304.0639580494259,0.34148316796322636,219.11397073579442,15.237574805940108
0.1326277630618521,16.63824967917539,296.67818882853,0.33137413331274684,226.2306922136798,15.237574805940108
34.25173901349043,20.68852852843485,217.9266309545197,0.34106666108109795,221.55533272876752,13.444066010517721
65.35456081340236,24.719770391959344,190.3901536213093,0.3308553971198934,209.06125080234958,12.14910979448522
113.57566900904418,24.676327381812133,131.52101805979498,0.42149154625131097,188.40961119920877,9.768452890361743
161.63255970316877,24.55317810070314,117.82451311580559,0.4123070907037882,169.73324481111413,8.484553960694475
159.67875767331822,24.4339201633536,105.7491628461103,0.5447854973433122,174.9088692754396,7.523800013325584
146.74767632015786,24.42166417374991,162.90369862745612,0.42201374233869454,184.75662315591615,6.587439384149549
136.34661529430096,24.476141671099224,203.09199413578818,0.33142051937213407,187.59774807514083,7.54247705038875
124.5482320996764,24.512343112040526,278.4680928673334,0.33756792198878005,183.7560881380039,8.803962908825248
92.76428095344248,20.49931768333841,266.67094226114284,0.33232178934276324,170.29889597156284,11.642576839780286
214.84155143510344,12.563259359363023,332.67582784785304,0.3393188664292851,160.2335752001259,13.712357281375626
221.32766784715548,12.638733580271063,309.6877897095842,0.3344812822521429,159.46988843414252,13.086933124235626
340.85609627556636,12.642328468264454,358.19043590501553,0.3385767307333463,158.16711026704107,11.983333178909733
352.19887284603124,12.702144754793597,329.7273049998476,0.4599454024467127,161.53840401695427,9.786895079803372
396.05118827234804,12.711422568762872,384.86939712584206,0.34172205291222346,173.03968578999593,8.529681962920483
416.8773343758902,12.734627507655533,352.302328572918,0.3348476236691882,186.05446142628708,4.759639414076517
428.0092815980473,12.776293105302413,401.98047367314194,0.3401994995407538,195.43547576776098,1.4552876833066535
435.1962784121242,12.776415495640302,359.54510511453066,0.33612562523140294,198.82544647485136,0.8252582813835807
444.33952581200214,12.777965224315247,416.9374043542227,0.3395977407412172,201.7032404169267,0.35084532582171124
452.3465549747071,12.770060907544671,378.90597258598746,0.33693253331591994,203.99834250195542,0.3511116253988278
440.3755503185799,12.783354960562152,430.7157815588599,0.3333416883959143,201.23977715325935,0.8254004553556827
469.54918228911725,12.780327425638243,428.826650642746,0.4683370832413117,203.1273764735782,4.465355542820219
233.84805052598898,12.787879810340558,522.3765437242273,0.3425840205841811,198.03411040668522,15.058012568211023
139.13334352881287,12.654262017579724,468.7907131521744,0.3369918004122427,195.81336635697704,15.237574805940108
24.109914052700606,16.731461227183363,455.21645404888415,0.33996154306048826,195.22840108570682,15.237574805940108
31.988017754724396,20.77760462155134,317.16490925065744,0.33750473910374096,185.01795708550424,13.504981999062027
31.93691276902994,24.804394144399406,391.88832194000673,0.33104270583821627,192.06445851911914,12.196770685263024
74.31378642821242,24.831873158755613,282.84929167780643,0.4273869144618034,180.48605174599012,9.83776311545521
121.321861088802,24.72759240950339,213.79197975637686,0.42369455005871526,161.57359967692915,8.547205398287462
145.22001687816484,24.608497181248964,173.96560405913704,0.5409002234410791,156.54316467410575,7.573990303306213
158.71351919181893,24.529945522505162,202.5229191115448,0.42558760943749874,155.602518249594,6.61723246133277
166.75174689757117,24.508841344962583,211.53163920117706,0.3306323986537669,153.5499173696163,7.558742421530535
161.27226661557563,24.496089768008964,302.9714674616831,0.34055727346085984,147.92064101508143,8.808129340735801
39.43047082265538,20.49226817786564,289.40564746484455,0.3310607019520541,132.00322761464875,11.651384129345908
135.6854236711257,12.553959525176692,328.10109124036313,0.3421760294561521,119.71514601445699,13.744632097292246
158.8902606360341,12.607393352298834,299.518059500266,0.3331090705994189,120.10440799445036,13.111190175751602
276.92162654089486,12.634899085850018,349.56644940282473,0.3417458954862242,122.0318873237949,12.000684342718834
283.1338720484408,12.715737415914102,315.8762387650189,0.45864507480373656,125.99227275190223,9.801150320045213
327.4165301682366,12.72248736354066,362.51885856298554,0.3454103532463399,137.940031193327,8.541091916489629
349.7253568706134,12.730642094105324,329.1082737471056,0.33301243291594573,151.53148966931462,4.765336140331951
350.56573744941335,12.768203739454524,343.0313408916355,0.38498740332640796,163.56821181678106,1.4566781728950366
367.6326327227292,12.77758527468389,320.10388796880034,0.3757051919755953,170.07368230719,0.8257066818707742
380.87179103104444,12.792939937086535,370.2988862739736,0.3860682830107405,174.6868077084586,0.35088537639919065
392.00282445217886,12.788946339030739,343.10035149930064,0.37530161372537985,179.58042894825584,0.3511282572883765
312.58527526408614,12.788447212226139,435.96862324994237,0.38673990091976557,188.80363098555648,0.8260621947479453
5894.676663043194,12.741569462675765,386.4717689310564,0.510621293322015,181.00068166953415,4.475891500728369
1809.0398776895556,13.431975586224118,2162.863251716496,0.47328150673702923,164.92215490493442,15.237574805940108
425.83543671343625,22.118181089489354,1220.0795413901128,1.004205049223322,165.8180401011764,15.237574805940108
123.1314099966546,26.483688018322358,695.5136628931457,1.6915787263739335,178.0309371933427,15.237574805940108
63.71386233939484,29.788560497829376,494.7112207747594,1.815299130199707,168.816326039454,13.602355109947043
183.57333793212007,34.800681563542796,340.9958236944483,1.856891324731326,155.91304882248636,12.271939822122592
299.2965690629229,36.2710992080085,233.40302379514122,2.178598734153476,146.10994191331517,9.814417160787645
416.35546073563773,31.136105422878313,248.59826556318555,2.5859851755076457,141.1778521028892,8.493106582909547
534.1595174805943,35.66290803573839,125.244863770714,2.463894758273947,136.3211306796183,7.525687419025688
641.8939294393866,33.636750282720186,113.58971291722253,1.6064962754799075,136.41646278877744,6.529670984462795
741.2783870378224,31.71320077266208,128.85868553522286,1.5457336557023476,138.2967619206537,7.420403699020355
841.1398948462535,26.922439601218418,145.49803921629868,1.9967125464447066,135.5022073631718,8.629448073326815
789.0315713778558,17.497387225329902,155.9727787359029,1.2602428321644672,122.74182893679918,11.35879388578375
38.61081293617472,14.372310763426213,260.96155607523673,1.040002954656088,113.11414312925822,13.333264131710756
88.01176489095626,15.157344811998206,270.30895007974726,0.8154249476165057,117.37393513466745,13.129692266536017
2.493460651448795,15.101971822805297,331.2098115097069,0.8909411914656636,120.02168995327197,12.003373616315422
3.796681785500938,12.891484839210912,343.9992201999193,0.5176786471976499,127.78821467372805,9.845099148539152
51.43128380261386,12.574831485377366,0.0,0.3799102031920737,141.95263953124956,8.590825320204653
91.45557017739378,12.641683866431542,0.0,0.37793832226671986,160.99361675319003,4.7487192697554175
127.62313895865586,12.704015250790315,8.596233450993989,0.37102481266945075,179.05130659045597,1.4536858866463627
145.5341007157343,12.73399140987084,38.56537026504677,0.37914421486355115,185.85259266335817,0.8243866592533479
156.75214691927442,12.726258970228473,44.32866590167118,0.37179403244964054,186.06279953013632,0.3502410522783418
159.48931530402928,12.730699829859091,53.563917698467925,0.38053467662904933,182.60100214294212,0.3502523501496347
123.13678763227148,12.739025264669124,58.38483451549149,0.37168807222033096,181.90708681838262,0.8248191844141258
3195.1911033251704,12.713329407830333,74.22862772486052,0.5054033867398872,176.874816105304,4.464050805614675
311.19397901602855,13.285858031794985,1066.9759185610799,0.4746908885192703,170.6840138407887,15.1223729571465
408.6945448759136,21.524803790412864,650.1774224110352,0.9856117503322672,172.31576169502236,15.237574805940108
608.7816665818647,25.564274466567458,285.8335253215401,1.6616044400430925,183.0029351458191,15.237574805940108
775.9152657151128,28.6342642601149,183.5067634368065,1.777455759493211,172.35714191444615,13.278256725599658
926.500291947556,33.49755032298104,112.06746934875153,1.7998029826714512,162.7156188459565,11.92950426720841
1053.5206076346167,34.963806791221224,43.48493191531734,2.1208409655762295,153.7440033411148,9.540357016173742
1164.0732466708296,30.06449515530154,25.788447828596876,2.5206163730088265,145.56376019174942,8.246880453021326
1267.5832765119196,34.44096994829309,27.952313858938595,2.3851878006155482,140.56810356203243,7.287911613541441
1351.7672612665758,32.7025817815535,14.869769107382803,1.571034771706935,139.21513407802536,6.350932383366913
1415.9727322967644,30.889620709701177,4.478681403745964,1.5108657187023018,139.77778823944715,7.230237321494893
1464.3892548265774,26.25088229521565,1.8162128175483363,1.947666378127179,138.486456465235,8.412938434466886
1361.11489357986,17.077739294509612,12.730992267962256,1.227555970255009,125.4047186115113,11.077359996597215
24.674060696280005,14.033628706553664,175.67310286353688,1.0169834001277605,116.80402553707187,12.995981085688438
80.14751718135504,15.121097226636927,213.10083669297114,0.8062463831637009,132.8988795269369,13.082187234574851
15.145598013975597,15.06092644226941,272.11015784258046,0.8854458983928072,141.26006689313698,11.97295255934277
24.744072742606686,12.889482676832626,289.88668225561725,0.5167871374566448,150.47299497079763,9.824781436288816
76.82225273870341,12.585897128250192,0.0,0.3843769738269388,168.06463290354208,8.576419669522576
105.07799512948253,12.64794037872175,0.0,0.37075420155069433,184.57803768630697,4.751178607621189
141.65407929050536,12.690739193081388,7.567263988453483,0.37765036504640337,204.2532019482897,1.4542276755573469
166.77832629250662,12.725846921362708,42.937218936859814,0.37102287635251363,214.79055965328337,0.8245927734278979
195.3762379319656,12.740977440347123,59.64923999778419,0.3798623123207513,222.62833614277372,0.3502123990776044
218.5663873008371,12.753875721009251,90.47429590946965,0.37184465637882635,228.32787016072865,0.35032997024334367
189.94819889985033,12.753313137113897,92.73491829559472,0.38170712721761413,232.48107816518802,0.8258617241770486
2483.512672286025,12.732009918267295,136.35764696367985,0.5033368954547145,231.73063534847438,4.472181456118202
94.32140507882276,13.191263096522984,1100.4032014672866,0.4674356155855156,227.353198729916,15.106081663067059
756.0350128225361,21.304399892412167,689.0438642690368,0.9879303408525542,230.17196147731616,15.237574805940108
975.6641358000602,25.3888578509765,312.9067428768003,1.6607069684605273,238.9227252741393,15.237574805940108
1118.7914925127332,28.467135554597327,204.4903170289847,1.7652687025285965,228.1279904795095,13.236379607136987
1225.1237161897295,33.35182549123141,133.4659591717944,1.8013528926319125,214.4317276790085,11.903925413037847
1329.9870007897543,34.87236872403012,61.27589881979554,2.117120964892414,195.02402092660947,9.53238738437279
1419.0533559024805,29.991952252972983,34.03114954489098,2.5131125750316463,179.77049899480295,8.241938008146638
1487.3695536591374,34.37103222121099,21.932000403229996,2.3876265720432537,175.0551060483406,7.282274982433472
1565.4561947453308,32.639870604365974,16.65716963241544,1.5656112456691895,167.67927095813803,6.349331368043153
1597.5833087027347,30.84286981676919,7.899711301952894,1.5067011759584141,172.8820856426642,7.22564600518401
1614.0147808797872,26.23281695709599,6.210216230459291,1.9496769087928993,174.4518671581326,8.415909076349857
1488.2306192434698,17.090069390184773,37.78382780873995,1.2313288502705562,162.9320600997042,11.097456165061695
3.2560248590415335,14.059595433330161,218.20441575973683,1.015993817402276,154.62532358663898,13.047714805283999
58.66046179704839,15.169382413779335,247.6925766435794,0.8131652554780228,167.54361645389127,13.138074107261152
49.704856476245965,15.134285961962368,303.5563220422387,0.888594330455524,174.76499310752732,12.021922770324688
65.18614813852405,12.913686351244078,327.1345898673225,0.5152165096276576,185.6704300106121,9.847974249706196
130.8909409547728,12.628221428596046,0.0,0.378854323995426,211.04452610640246,8.596743856553108
180.41748463626655,12.707506576582576,17.34006526555778,0.3772255988504397,236.80629633838353,4.764487522130072
235.2342253563991,12.756632524393652,67.63190340779606,0.3721718243358999,259.5259500929443,1.4581054985692325
260.59734703138986,12.76765420440527,113.7175341178244,0.3801399622677881,267.7550279022523,0.826622622885346
300.51220885719613,12.772130710465579,162.38333721596163,0.37331829001420586,283.6914954147715,0.35093427319613274
344.8103104618978,12.794323334858145,264.17636065014125,0.3823485247065582,299.88482762144366,0.35124608752350056
304.5588146560841,12.801578684094547,284.23055049262587,0.37486140846310506,305.25843622249386,0.8292283897644279
2395.5338692202345,12.786107190368746,353.26267188065356,0.5098493722214648,302.32072351496913,4.494823146554191
132.91178045914606,13.145599650106924,1380.9432349438468,0.47369594493548844,301.8160023292903,15.161285232765556
763.380273811306,21.408813421623794,887.3432326843078,0.9921863893322272,318.7088808306486,15.237574805940108
955.2270565679894,25.60851570876867,506.4433511748779,1.6679773699875906,326.52898723432463,15.237574805940108
1135.2506915861838,28.794940629468282,311.71905081597157,1.7908230965389629,305.5095843451435,13.403461343066324
1276.2678927926852,33.66588441814376,203.64804496904188,1.8116679638946398,281.3851690870352,12.031145703672182
1378.8463935801371,35.13367322589895,160.54670788529126,2.133743936464936,261.45863693981255,9.618038918683377
1460.6170762497704,30.267156599674287,143.2457632760817,2.542471041133011,249.04144630106774,8.332311292518035
1541.3641473269154,34.73136556322751,50.38922693861412,2.409499795653938,239.58282476021185,7.374913960225647
1590.3615265128474,32.86915772791446,60.97978553316158,1.5825968332711329,239.93419171789435,6.412043404266153
1610.9401625687626,31.1180255365991,71.80365966853364,1.5229863795355576,248.58981491413434,7.3109655721211
1590.336016975255,26.498737422581897,134.58310109145404,1.9686217146672187,264.03161478119347,8.523431911307014
1446.7798236353954,17.331470132490725,200.02420730298917,1.247332338584673,261.25884432146904,11.287118039596217
102.17608792745597,14.301843806885946,403.67276322081784,1.036157104397703,262.69127345121046,13.314590254481633
63.390169242470535,15.32393823422785,448.9393351282397,0.8137712246205658,284.5315313394492,13.242450185191155
195.18974297221678,15.32282586198357,537.8753571085877,0.8958292762209221,298.9123323971402,12.150010242889577
241.89902298707423,13.042923861713982,577.621877802756,0.5204320615255735,316.40711122839065,9.929275428910513
350.8730039037394,12.749290905327726,70.6629234707611,0.3880011554033648,341.20103055791776,8.666073772725248
405.3154306562024,12.835479797083762,258.9066685674627,0.37363103402552866,359.27269836972755,4.8010509249309195
474.0114517713454,12.853500357252623,433.32686254605306,0.38426988359600545,384.84881962210767,1.4701655722605536
544.6328929667226,12.863599367406962,545.6271749724648,0.377327514984515,404.7939071054182,0.8338498320863619
601.79288360537,12.873653561878081,633.0319599697148,0.38764937993182386,418.1413007611489,0.3540600914890631
656.4358824133406,12.893025452494994,699.7941528424913,0.37862954276289496,429.17270443779375,0.35456717307504526
674.5309859945176,12.924922301378771,750.5591098143564,0.39005530378265735,434.2131856893708,0.8373838923808126
708.88211095799,12.935708064220421,791.9628780506077,0.5153671973482065,433.80684810906143,4.541134655200407
529.0684810653859,12.945713586646079,1852.001341063455,0.46958380944477685,429.0591555614206,15.237574805940108
3136.4429266758393,12.93278068831131,1225.9217733856694,0.655770144925284,435.78527318684127,15.237574805940108
1025.3552436888508,18.329340339523565,840.975770001725,0.829540019001206,423.258429866122,15.237574805940108
460.4364253244456,22.51923063171694,581.8659807027003,1.0904951654437294,395.6488683873477,13.76936159876178
15.5014015099166,26.5223935774837,499.2456570540575,0.996591688464083,362.24681030847,12.449213365536004
167.52478270671205,26.08597096101328,464.873462230395,1.1695943776786606,334.9686718190149,10.03703117130805
298.07041203693296,25.665486819627557,404.1094253611431,1.0347116979053785,313.8312322517455,8.703829537965563
438.570828357113,25.476426114774615,327.90612650388823,0.986532608124573,295.55596394761653,7.697742905497765
543.9605037664016,25.232687196373707,380.2992238754703,0.8170621004355467,284.83408842570594,6.698439536305254
39.54413346853953,25.162661093235243,385.42665525331216,0.7251544765954487,284.6648583119922,7.640243740618727
92.77227699762835,25.98070060157718,565.1666578865158,0.7733172094150189,312.98762232797804,9.029755536755765
49.89383534380182,21.31403862146986,695.8383472780373,0.4707979560794298,321.8913404008885,11.931902575670806
211.92996790966222,12.776245034656384,127.71687061491878,0.47715036067644173,323.0860654027534,14.066227692375348
257.5924154972144,12.825813512574497,345.819562877514,0.4684873059242051,328.63834115638656,13.314753195626203
494.8578549780379,12.828929786628565,511.17310437235835,0.4641929734271626,342.81107450023467,12.227061495053393
564.4916536256915,12.921221550195058,582.436755724073,0.5594796770922008,359.4473948069936,9.98975342083439
642.6572777581193,12.939617257612303,702.7652147284091,0.39038632482221325,387.28600262612224,8.715937474062573
703.4874723433063,12.951768413382993,757.0972118352196,0.38252862893763434,413.8114199513031,4.865321479893985
769.3596847034149,12.982033827350136,854.3882028240976,0.3467658944086625,434.9206168723738,1.4869545294548807
842.4835283968353,13.004861446533686,904.8049007460111,0.34091497021534345,453.1549678395631,0.8423870233216988
916.0935230754459,13.032718692201094,1015.1372872020784,0.34639563717490063,464.11717224481873,0.3572268480023414
981.0497075327869,13.051374129957207,1018.6253336209309,0.3426270794931341,472.6403617851299,0.35775323269280795
1021.9208732531367,13.061415417881873,1136.9413596983823,0.34668461104908804,482.2457095860157,0.8450858504384995
1065.6284236727365,13.072002576229412,1131.8372286716562,0.472522822844717,482.5545648964196,4.586440277412385
863.0052532491283,13.099438559304163,1250.3593771239769,0.3512046159755826,476.85052534231096,15.237574805940108
788.4704631735117,13.070587121679287,1247.4568183736635,0.34398108673315847,481.8437368767542,15.237574805940108
688.9369454311611,17.334489573740363,1229.4405372519855,0.34926388976199374,484.0170475190506,15.237574805940108
573.1304577497873,21.60721677641983,910.8628191922215,0.34495209327163423,449.4223597937676,13.906319076370519
498.66456097008654,25.828737416131446,856.0947408581065,0.34723572114848733,423.06667424807176,12.565157888088585
403.9894761045531,25.786772643914055,725.9320337818193,0.42926758267829257,392.7532372425206,10.113751499674915
318.9018719042114,25.719662375727744,724.0871071991339,0.43500926766612635,360.7771704249835,8.799977456677675
218.19500351754508,25.65646171471569,600.3030778467682,0.5555873597751204,333.7124774424629,7.822213603836802
128.25640935214238,25.566100718092034,578.4758997844075,0.43849440261071854,318.47807795041757,6.83840878416537
158.61399422825292,25.474136333824994,555.3873222875553,0.3465531686047949,321.10010095311355,7.808231390562128
263.7051731989254,25.490732696991802,826.4944831114096,0.34144793716914873,341.380377665922,9.094009992502357
583.5337593532455,21.342240381220446,963.0466242909793,0.33868772705498,347.8736416977561,12.030187973680626
752.1404775405963,12.98711467870144,1112.5076820326108,0.3511241551348027,350.01860484309594,14.142335882497738
787.9774424605081,13.040760076359948,1116.0145622293373,0.34045015115408667,364.340115958847,13.515735024970267
934.1094098697024,13.059406084467838,1247.5284383176693,0.35204153828094403,381.1733084890477,12.387894166000244
975.7861154941372,13.097802064685002,1241.6046675439375,0.47870855789947797,399.83816980580673,10.12859649528289
1040.3380889955843,13.100382814549056,1374.3351782991333,0.3480068083042718,426.79901111327933,8.833142685463496
1091.0111967420353,13.117067292863549,1361.2769197704724,0.3417671012031344,456.3340482774494,4.931319213261163
