HP1_Energy_Wh,HP2_Energy_Wh,HP3_Energy_Wh,HP4_Energy_Wh,HP5_Energy_Wh,HP6_Energy_Wh
0.0,0.0,0.0,0.0,0.0,0.0
925.2104294148211,1516.4773056725928,3056.422738202771,4.34111524007074,3723.6070444067223,14.836086014592382
971.218247372075,1553.0151903265285,2640.311896050735,4.774078858077294,3989.0095671736985,2.7583868389376143
999.5649526479307,1555.816504512745,3212.3218650716726,4.4872200910844064,4092.3089052966216,2.765755971581525
971.5190945562072,1559.6349608604044,2733.7511586710852,4.768748186282756,4087.114092799649,15.457655345025149
1108.8194782322066,1563.8220100117592,3936.53343873106,8.552404411880344,4337.998684705265,455.2581699133467
544.3783577166645,1557.7493172904246,3312.473958079068,4.862423112310421,3896.8238620487573,5161.742758804188
239.67301244727594,1541.2861408550589,3417.720987089115,4.45633806629215,3424.636463773918,5492.439119328176
107.5069386699191,2703.9671883626493,2480.1276452535244,4.769297296503797,3668.9536874498904,5268.89642759913
57.198129509471684,4186.032735351808,2311.3862352422525,4.468562260515651,3561.6781744274913,4159.629808849326
29.73802751461349,5995.928405450339,1629.7509472879967,4.738421748856809,3355.4299201440936,3411.2801694346167
10.72487582446409,5976.585595870455,1585.4164066267574,7.002599016554962,3113.9923422185157,2212.694765618038
2.0369716398429296,5955.965815068722,1154.495690999443,7.4045833231899545,2944.7364863852913,1679.1569534951311
0.0043368159794732,5934.749904818895,1347.2167260881351,12.267754931276368,2894.0844059375836,1328.4073047012948
0.18151739440622297,5921.482784740686,1239.9638360506474,7.130815371677743,2924.0707037335583,1018.7793773811873
0.23209758077637327,5920.734941262967,1792.6652157989606,4.748981989194098,2964.835658288608,1330.7649301847448
0.009187794840759992,5927.29732901717,1887.1600574237716,4.476059860342796,2881.0929622116296,1811.7038305579622
167.5138282573566,4171.471827184014,2570.6591822585515,4.7419880125415395,2535.74170573179,3162.4708856656257
397.72631632252904,1546.5240598881014,2381.0795098434965,4.539760005410828,2337.8416723770742,4361.7115630164135
403.883643765993,1554.0423175398703,3177.018179765594,4.735440461490994,2529.0265132005384,3973.584184992261
757.8140101488576,1557.2405985658606,2977.482435806404,4.578358160478925,2793.180265134397,3337.9782184875603
775.4712250033429,1565.1377606421534,3853.380556916916,8.940203153146742,3095.209849503355,2226.6368191886572
937.2089823060887,1570.6014080060042,3450.550364073038,4.6189163284347075,3656.539185490064,1692.9691211541551
1026.174744434063,1573.9290373279011,4348.858059094394,4.792910104397655,4294.075542810154,526.3448469297755
1021.7417694619065,1578.5812878410088,3616.809972048805,5.815231219956876,4956.314299536091,49.04699848536639
1071.696576145933,1578.2160302878058,4514.553662005438,6.08984985438242,5367.535746899025,15.69715390850663
1126.9069793076558,1580.950491631281,4003.167280061342,5.826478691493681,5719.519643278493,2.812904851611256
1194.2259633457775,1583.948033373592,5095.302187529877,6.1169881682196,6106.695167044797,2.8161239015663897
858.4501577082463,1582.153649870596,4649.09908993254,5.805495305944298,6447.4662121649735,15.744620890603514
133429.93656525924,1638.498433671384,6040.7982679692805,11.185408827342574,6755.271676255873,471.41165844489336
19732.144482607408,1697.5807722996265,61427.37020277815,9.531080135137472,6573.273500152874,5308.484485230194
3107.9567306904873,4755.3219598107935,20386.557091542218,40.80478848576356,7162.46673700121,5607.846609071063
1225.4327693750909,6961.130350208247,6315.2687439540605,117.50920039069707,6811.093212735974,5348.3634562701245
388.5016053401384,8846.128571748479,2293.624640831224,136.40005903348327,5259.9946552690435,4266.989609709025
81.183609070574,12070.156971902412,1336.1355773471137,140.45303608509377,4179.691968153721,3469.920224442498
0.015679404899423995,12759.492109451736,836.0350349374681,195.77563139258396,3434.5993091975033,2238.5738142572973
28.69678362677068,9651.880325676288,706.6981645177551,276.49090363348006,2830.9735606624827,1689.638528825182
147.843116216503,12507.955515151489,102.30233925643648,248.09473666600678,2316.544543911921,1315.2203726916296
328.6261004733682,11124.822423173964,40.18617532481752,105.5424519276327,1985.2331300903302,989.8410741031048
471.285853381101,9884.699129581479,109.73800751241372,96.92550508667587,1998.9697867889029,1282.1916391227965
287.29123715332184,7195.420822292101,199.20648241948138,163.6272735345698,2467.182726237074,1749.0676865652804
298.98099737601217,3084.213528872435,376.1547906696928,65.36432904912562,2545.4425131862204,3070.4498338512167
1.5344723021690099,2156.8875815886136,1089.9180210478955,45.73369816748119,2682.468287733575,4302.033134350953
1.9226038261223135,2235.9040013441468,1313.030787667661,27.080546182472503,3159.54417586767,3989.2377607446706
20.038556093108873,2239.5996352059315,1950.6417436744355,32.9333504719252,3731.0976874817675,3353.4654326784284
29.534499662823098,1619.8765357773837,2140.6294423970853,10.710953936574043,4251.7247818102005,2239.004258331392
75.10900798540271,1548.9277275814684,1.7919105337643546,6.0527742430300675,4969.967871734243,1677.2732061312984
124.14136309972267,1555.1013136494141,102.83793990364296,5.88150025488319,5610.531815978872,518.5484512715428
174.41036546238468,1562.0502419338775,270.66261677543434,5.782335345854936,6298.537090703329,48.45537799293377
207.61471019418983,1565.5390017587376,499.84729358657705,5.963934243057025,6636.692220160102,15.531123480963851
263.4411407206911,1566.7577294184775,589.8955170558647,5.7933203268949764,6859.657483871295,2.781083975793687
316.8663695935965,1566.3760586318638,921.9129174414916,5.984925828774252,7001.902797350307,2.7859133772022746
232.60970696627354,1564.9321166412758,905.0265731723795,5.783879938012544,7015.105389461886,15.589979230708597
43296.9268670298,1617.0292058493703,1373.2429112084546,10.939595788882853,6912.056239590642,465.47324372271396
2195.9463367047724,1646.6279340317506,19862.421631780824,9.187492777072386,6273.910444407941,5251.814486733956
2.7213944831138757,4526.525095068079,6963.230268063141,39.33448292636437,6252.054438906031,5563.076906847188
69.61948957778735,6542.823573678162,2218.516321503577,112.95691717620541,6476.61535349659,5295.601853741186
299.0417470302914,8259.502775739918,725.5131579603067,130.53679977914766,5255.639334783678,4180.195797673376
599.7980598494722,11278.408534422788,339.0519251366026,134.02200281316914,4430.750343609414,3376.4168098327013
928.492448240508,12265.943316567416,231.30866192164075,186.06815753029008,3990.618595080675,2164.3501375427218
1301.883332791849,9089.018862557976,213.37822518854455,263.6394709954377,3629.7848930081386,1627.2099680359768
1693.6632839224717,11950.9495976388,58.23323090340462,236.9679236960025,3458.2970582345133,1273.0261117190323
2002.781825139703,10726.697022804592,99.86765690923674,102.46390751456148,3567.2140599634195,968.0224746645822
2298.136502465542,9617.220290492925,134.38418544634703,94.65416804638416,3583.2539722300016,1259.695668483619
2584.157924548728,6945.096252691667,136.2395937735055,157.95185637975803,3452.8928104160036,1706.4091805957346
2271.106843428451,2945.774443755306,171.37498345880525,62.71845064989547,3001.2290605867306,2965.6789734138165
3.350655148427526,2095.366962963608,677.7849186244238,44.91112163648249,2855.7276186332538,4198.8171849183245
1.4327754291063606,2231.8639516267112,758.9477832831403,26.733797732886334,3042.367469812069,3973.6226355969857
17.9353652144212,2241.2219279468445,1108.6647083182309,33.04008503717777,3207.5436888464324,3340.2994416302827
25.530708093179854,1614.5814367577348,1227.7662473768964,10.573314870480234,3516.1952813999997,2230.3547344329345
67.80549105169375,1549.0147307018417,0.0,6.137010258859148,4204.580034377731,1674.0111941891848
116.09379881706928,1561.266950810963,6.002353966187052,5.686618592772514,4897.48123343919,517.0852655326471
164.87203559476563,1568.6784902015543,57.372236070549015,5.993027626253536,5502.906297087843,48.28657461186959
185.35720802612983,1567.9003783065095,73.81210405909458,5.867605879901013,5745.4297881657685,15.455622268342063
226.49302221541654,1569.4240931268284,196.11140365096733,5.846010277123748,5872.430274091199,2.7673847178751467
279.24662452662665,1573.5681393767686,244.24827605490586,5.945383186730808,6061.92151651909,2.7713056295454717
194.07386443100668,1571.8349992139085,425.24754510745345,5.788219183151487,6167.967280976454,15.533989700718989
22259.538812964674,1609.06115657516,460.3199710145131,10.856349409737085,6165.608086693215,463.2747145588994
255.10818386285948,1616.639592339425,13936.959941976056,8.817087538312256,5625.701464183412,5246.165438896014
349.72080151145843,4406.830300622955,5092.032685168169,39.07003894782805,5608.830744745713,5529.4294592496935
855.5127388056493,6328.206159995659,1601.619406462654,110.22024060831973,5927.832675587179,5256.6547961295355
1362.2919469166964,8023.316469882067,973.3391497974213,127.3656222568849,5549.197556379147,4112.959191470281
1874.8708895220664,11041.71107286256,576.865932667938,132.1355718716694,5012.017705607536,3338.501727037268
2349.270453691584,12051.636139769287,263.27119525993083,183.40036471613223,4474.75782708573,2141.1327658477767
2723.527592138385,8937.401671987953,226.23034138746723,259.83899775162706,4204.937210544069,1608.6853459239712
3064.87588272208,11797.354923860492,70.40419412056029,234.05574821702555,4010.5565284108925,1261.0693702776691
3359.270632509161,10600.991102400234,83.13398545814032,101.3950931848967,3906.83578002442,959.6069527155972
3615.684145755831,9496.644064458655,91.44450976151305,93.66125615146743,3801.282740812474,1247.427425921826
3811.8796355412983,6862.893030313518,88.25688636210633,156.09840612991704,3576.958155510366,1689.4947219521223
3284.986596406831,2912.010836773539,114.94799524944932,61.98034332378521,3022.709715408896,2936.724011679905
5.469948486393988,2082.330924109328,594.6735853229939,44.78999717917236,2792.9383609155284,4173.4201455514885
0.7328699591432278,2238.3227332041374,662.1077486829128,26.757300441782448,2901.369350851899,3974.4791436154737
22.000052542554357,2240.7687740665087,937.8370158813678,32.911324290277236,2971.413305756516,3342.141072546621
27.214673871311923,1621.9573521381697,991.0283135549477,10.667285615795267,3077.956890518612,2230.820207397637
60.25946313634891,1549.5407886674627,0.0,6.127445989405592,3433.879615716381,1675.712658143054
88.78640530227156,1561.2089950178843,0.003033098917374461,5.667095598876695,3759.7756599458708,517.1676085577296
122.65013680227041,1573.0151532525515,4.662066139959502,6.006543699237837,4155.805066091571,48.213954250121645
136.40691927692654,1574.5133129047033,24.32468760673169,5.8191167072034835,4372.948251229982,15.437978707575974
158.6425845954397,1572.5695720174447,35.563829705835595,5.8953796931692715,4526.452635184713,2.7573926598713996
187.32307499997032,1572.8887291791336,63.271804993946944,5.922735104959931,4639.741065902833,2.760634475831947
127.01557149034346,1573.7809308526103,69.55807237661634,5.8092732606336925,4636.912593420498,15.47411132394506
14157.107176787285,1610.8630274402112,103.73019433837023,10.769536322593709,4515.019541391391,461.8300797860634
25.250728548237717,1595.0410589204312,8776.918157807695,8.62123042279324,4058.9566924179303,5238.241977908794
1104.802903288821,4291.623847917966,3461.706472446603,38.66011888936988,4100.64287614899,5494.395027249874
1759.9892816710305,6178.752713763902,830.7118103159914,108.13280590336609,4517.227101852411,5218.523648280844
2296.949192859222,7839.204579179479,391.21766764276094,124.74385823363849,4188.406780736807,4036.2533582755314
2803.426058133811,10793.574989502724,140.13290202022438,129.55431330041839,3581.129807400602,3272.1515034907834
3300.470567815389,11776.32487067943,31.790076977640947,179.49890404178288,2999.594100713194,2095.8307592871715
3701.3316595431197,8729.967846399595,17.684628245529083,254.05727181981754,2749.786849678966,1572.5563131842525
4044.072829627676,11530.714833529295,0.4619460944379799,229.0253598920666,2652.3294601885914,1232.7595745199744
4245.119212861191,10394.598997129633,5.442243877816017,99.4292992765514,2794.8583338277704,940.4087043968843
4451.55095079047,9336.977136315463,15.045227454735146,92.14545463035921,2811.1648863823216,1226.1911660101116
4637.454716718064,6755.819705154697,12.324328582507496,153.68240674125403,2677.1007654889613,1662.891430736912
3999.3580245491503,2866.108214178894,25.36301689952578,61.01612708659153,2307.5794316519246,2890.688628200468
1.6350007617609894,2063.36731695375,400.39948127113473,44.39091238421359,2168.4949459343848,4129.116567468517
2.7154360618755176,2226.849772004098,466.78771242307926,26.664826325884736,2301.1196841056785,3963.056644944888
11.445985201955454,2233.486652275603,667.3902965181201,32.81924704684161,2386.612521118711,3332.000032908595
15.28622377800539,1618.1261480166072,730.9830512030684,10.650483155597323,2531.9013687158185,2227.136251740241
39.03523029552302,1548.989386563025,0.0,6.109891321872922,2932.2809525153166,1674.604711275871
59.228349105027895,1557.4510675380293,0.0,5.656536887078321,3323.807908066436,517.1821277868341
93.18619598701945,1568.0600446597514,0.8918636980221148,5.999419091798904,3772.7257525801374,48.202521288460495
110.71687231612466,1574.1571569172993,13.50778301928308,5.707787646360288,4023.9545493933697,15.431396091282865
134.91114097495264,1574.7136690098143,34.11798981434252,5.994943787333653,4217.420236029344,2.754944440566557
158.15757879491477,1573.7878522410256,44.81771183160488,5.9058627431211494,4333.942126591809,2.7579340874643203
111.23381010088305,1571.6509818711093,74.74282062468784,5.819450164562362,4310.196937873966,15.487877310458494
10029.498117170344,1608.0776311370662,77.91076194700716,10.780789747002542,4141.025598989566,461.76884628685707
191.76335605397037,1583.0702501595329,8139.205738594676,8.540906234823076,3653.0835383414123,5229.371462271998
1536.0965528192698,4251.60023487654,3307.322347922133,38.42262925369896,3650.977182445799,5488.138758020556
2179.502970134129,6140.102251806319,744.7792064684324,107.59111186973738,4013.974138959941,5211.564496877005
2695.463374325625,7796.805828713345,375.6158642677158,124.2315296736045,3753.226818417231,4021.5515922128325
3118.4679117467567,10764.88718262339,208.26349916746585,129.28500167376347,3470.9400371397514,3268.4411308870185
3519.622323675472,11790.637634853232,78.93591183898883,179.84710253429506,3235.477106691445,2101.248977642542
3906.9719179458316,8763.004884797647,53.159909969922396,255.1460640188868,3034.70478840904,1580.2612991834833
4246.002926793297,11569.194995749687,2.20252905271049,229.91647905775736,2935.6624707281044,1238.781616684854
4520.112164674121,10415.592045414163,9.48093732730734,99.72229469293657,2931.203282130622,943.7385270080878
4748.275044152913,9348.13121438736,14.957582817517117,92.17082385787964,2865.9654913562267,1228.4637096730144
4929.753475561289,6756.999717522182,11.420699184752404,153.8543266339729,2643.944202037534,1664.4368687969454
4262.710418415136,2865.5528093098205,19.626470508017558,61.045055616481505,2159.7507373990366,2891.0483449020785
0.35600110154935205,2060.9658508062357,355.66853683849735,44.27909577722005,1932.6930240821462,4130.380376394226
4.6586091403141685,2226.054979163075,408.777017083675,26.66536121648798,2006.7013454837277,3969.3525922314584
7.9525160063604545,2233.9161400565877,587.3930455888046,33.014460259544364,2046.6379040533277,3335.6818256494316
13.706550313846495,1619.6732855643784,702.9032116569996,10.564114310765358,2366.4338476997746,2231.3477385785127
47.930293304376356,1552.7579652331797,0.0,6.125258796922266,3188.2840959603013,1678.5685275004048
86.74770320203842,1563.4223967046084,0.5689908144413229,5.683700108864894,4133.9611787469,518.8552421242001
141.3517739414605,1572.0285396849927,34.80231941183003,6.008701802102999,5079.582772676988,48.444563897187265
179.18434405766436,1577.6189776413692,123.54421509295213,5.913834798249194,5764.3198442544,15.525362055367468
229.9683276431078,1578.782655138506,303.74518266046744,5.816312740680551,6431.551279839272,2.7740380007280288
287.7678894191623,1578.5445850374379,637.4563051050122,5.967245447017799,6980.038680184801,2.7841428337587963
333.79539895988427,1578.783528494884,806.2155129352558,5.836522115803781,7321.922082689425,15.673116749015252
401.11593756774994,1583.4863789254582,1342.752240835383,10.668572651424393,7362.15794647804,463.76542425744725
108.1794499891083,1580.569774899048,15414.71275959185,8.814488857344628,7144.616734232094,5270.946020163237
11892.817736337855,1606.0998913083888,6509.721202177571,17.193949573028462,7549.440775009162,5587.830986450892
636.2924169969034,3086.271137078865,3470.9188161039106,27.530931345598866,7691.721062270669,5344.332410253467
1.0795036256960548,4674.517798456282,2013.7991113584028,47.044144981480514,7150.166924430504,4277.879577709231
98.6918054236295,6469.781093889607,1222.46222973226,39.2888878087994,6398.41391897443,3498.4253853526316
227.77916006089885,6351.87546778514,916.2379374823819,53.92347204232243,5702.259541495183,2246.6916083661245
451.81988356304663,6165.660856483382,724.6027077708429,41.94529291089966,4767.935234868406,1692.1800819150822
699.2429912097737,6083.051459249158,482.6744798422481,38.52785166534236,4304.331509890697,1325.0049708127078
893.1381146431017,6012.807116997566,646.7141719300699,25.838359290655745,4130.092550156567,1009.5032432007034
25.72416822304728,6172.863958175457,811.527488889145,21.28765218200694,4648.349975756894,1329.711780226825
68.18867904477625,6382.819300125118,1685.2487239480276,23.948112945986956,5369.508503276214,1844.0918879570256
2.216564623075494,4336.854174077732,2608.0628158809527,9.186533410417004,5502.232219572594,3229.8240150082243
21.44975550389546,1553.8347865898631,10.4631216813396,8.754348285085078,5610.5731463707325,4420.512354381786
41.01772290562401,1563.9636261771966,446.78977320421865,8.965152492872281,6104.624382891423,4020.362566611727
277.74591783967134,1575.3835732977534,813.4281403910315,9.044229930770886,6905.932629125611,3392.073630928412
402.23949054096795,1588.2145754027829,1948.1832867241042,12.563094452248945,7769.954389818046,2267.9206475380856
568.2806431545388,1591.195817463615,1901.2588072299416,6.020049844460553,9097.167365688794,1726.7757930988926
709.9056012420882,1598.0502188702349,3586.026401240885,6.054509970744527,10534.915596790992,537.7938372037838
883.2611526208725,1607.6731816268725,3042.6837750814184,4.698392881864967,11917.359905027135,50.072673251142106
1033.2134099213363,1611.1462919809298,5160.138942524686,4.788241110529908,12753.363132582188,16.020410922500176
1179.895620294111,1611.864963485163,4015.1713745832744,4.71586816660949,13516.357297748262,2.8535772766863325
1378.2129199409464,1617.047800142648,6819.236933208535,4.783417616850603,14246.484503816684,2.8612232473263233
1555.330029824317,1622.79948905331,5479.273664545359,4.762814970684031,14890.646032513443,16.11610568209179
1766.9239751871332,1626.41740927192,9127.456406463158,9.156575529301602,15055.19331685678,477.2162993491802
1051.317308004386,1621.2220086541558,7178.481052291721,4.784392614753752,14893.33723667902,5275.012444132023
878.1843108787782,1616.7065925636034,11331.60683211896,4.8427806392500585,15141.662413158865,5625.59256931557
544.471351318994,2848.1216731549152,5127.338046520948,4.7475763748743285,14524.58369366657,5381.8802712195275
362.06245063758684,4413.762344218281,4102.146762158556,4.81453744772337,12741.894634005743,4358.006923910949
246.33959560603256,6309.186052986694,2451.0095896895446,4.7300772575874745,11452.006539339662,3564.999847660623
176.41713629567676,6291.616725017214,4147.268779485708,7.501213116965606,10555.698979668783,2314.5699207971575
118.0021175947889,6271.943055856148,3000.036029447583,7.40074840691823,9646.301712636705,1757.7714885387802
43.818622343936525,6247.96399456951,3501.721066554138,12.76426241925301,8657.17889103459,1389.7167460537346
10.190039007539056,6212.629616707331,1898.4161752117802,7.578120656661008,8098.110187233281,1062.8602125638658
24.341402863446177,6196.2621038288935,2772.1816053128387,4.7258323998284055,8295.583927118414,1386.2999453806644
165.69174342267064,6235.915761620633,3647.5579809021856,4.652647076972866,9572.0872562202,1887.173952989345
689.1875538359202,4391.149321143,8648.302197721638,4.845243203318537,10041.984245904889,3305.012065047574
1175.1918391393815,1616.6164328988102,7223.576794110903,4.640139475982431,10208.848900453911,4576.213559708243
1318.3233480009987,1627.1331154876598,11812.759171072033,4.969280959109456,10960.107341645133,4177.885437724295
1875.48106746476,1632.3394287286565,9209.666604422788,4.686371516904777,11907.372850308697,3512.5238876132817
2058.64639305831,1636.5835092458456,14655.939285057335,9.338853199210632,12965.519887752054,2346.0728254229084
2351.159522292568,1641.8979500041976,11187.671681536121,4.892924249354179,14684.793692977679,1785.1924383142705
2589.3189579351524,1648.187270405886,17419.210345610187,4.877991205002378,16484.24408425268,555.4475615411696
2893.5582498941335,1655.8956644631594,12502.874088858684,6.173289209067388,18132.863510088544,51.66557399818612
3168.459260459297,1656.6326525341283,18560.949364736,6.219589534344946,18999.53748915123,16.506196421224736
3423.7232326178405,1661.0450922330815,13658.951211101843,6.307240678520324,19570.511938628733,2.9364193571213097
3665.32622954974,1667.0884312605565,20175.62635038516,6.145107096927414,19896.828599859386,2.942082458554431
3208.858041830056,1668.3812665809112,14804.163785182966,6.361745353666221,20065.66974287758,16.58520551481159
111642.29929597008,1712.8709840929484,21993.420641145713,11.225436274817904,20540.21408389305,496.07923715023634
20354.855105287457,1762.5598708071934,88202.08492291372,9.952655758317912,20012.621951146717,5440.898506754222
4317.561021775501,4965.229070723202,31563.47917607044,42.623081443206075,20146.59366966492,5735.0704109849175
1857.7318039978331,7231.525553675171,11855.627677071658,123.24779627290576,19507.83737499535,5466.481452060392
676.9924849016393,9199.51010830676,5334.989511187487,141.52031495364434,16451.664396006243,4483.88843551654
127.2369604453824,12493.355088769154,3271.881076769064,147.42575651639888,13922.43871264909,3646.659897648025
0.4694007725207211,13025.283484695281,2635.224923175929,203.84370312286995,12085.013307990002,2354.6158057143202
52.91706866256663,10116.528620559673,2686.3682110927875,288.6553017312042,10885.321460437888,1781.915505394985
188.90379499154704,12865.013832521796,1598.5479219248,261.2092825732026,10182.761582860856,1397.0520759343422
318.99751823462844,11885.22898443062,1636.4778329448945,111.87820077717801,10208.84436649115,1062.0948478304913
462.4787626408791,10629.965601245482,1913.044119883037,104.35132205084568,10317.230746349924,1380.4932668093497
628.1444220256623,7671.223930689792,2086.154841665875,172.8215942875396,10151.814493351992,1871.8578702212906
539.4544322680716,3257.56781987466,2295.2666624723315,68.65033573959879,9257.809033733362,3259.5521265302464
141.78086648661397,2272.134141989672,3344.1736905232833,48.7949729579555,8795.895318123108,4539.437728043828
83.86788290292252,2356.294523956532,3466.7247878950297,28.082056276880806,9012.03036884676,4176.542074141577
275.83333003341005,2361.7195187439293,4262.146475819384,33.955061543479104,9247.135378603665,3507.658160483952
355.3185026055533,1698.9103309082736,4341.493002506386,11.398905652373793,9572.527665438565,2336.7187803394727
570.3366606905025,1627.2651292190267,126.29270166161713,6.288357420776146,10341.950880355611,1754.6794246529191
715.7723254649219,1631.5644297103884,922.8355182670863,5.920886237696243,10961.530557739623,542.5375776750457
842.0261849097326,1631.380034992036,1743.5318048712222,6.188574149366886,11633.23975111107,50.56103311163135
955.8820092009371,1634.6203409027319,1981.942262335922,5.954497291916337,11829.052152940987,16.149505166206712
1057.7187399311997,1637.4515173686982,2572.6035524173276,6.2301533578799795,11844.91747917223,2.8692471206854533
1143.5783334625419,1637.6583965969012,2535.760808961441,5.949489094993507,11765.489258762513,2.87125454494756
890.054096978296,1634.1536818125242,3046.5905071947263,6.256004090230048,11434.591997614798,16.19338249688677
46024.445849873984,1677.9578614496165,2842.804593083746,11.256834526605104,11015.545273388025,483.92119108656914
3021.7926229872787,1703.484860859171,28540.93555502844,9.24251855466534,9942.738136180742,5355.286599859449
18.396038865905858,4703.080494496639,10495.90097698724,41.191801915161676,9887.699888146682,5669.59413992521
65.8669890394362,6797.7334199888455,4069.1125564975277,117.54268013299718,9971.623477345061,5403.283053284716
270.5391868643558,8610.576914634232,2592.023008865453,135.3723663509182,9115.104555080838,4377.051179756773
569.4428933646021,11824.261327547127,1735.545122036339,141.18565032423504,8161.139703876496,3552.335969258986
952.3629789473633,12688.56169935325,1078.5470172891223,195.24767850183136,7206.0811442826725,2279.2421948726333
1374.4610475654843,9530.6948884897,910.0514488937697,276.2298721707873,6456.270830667089,1712.437115398525
1795.5726544336496,12522.67891048564,354.1226614022107,248.34761068121585,5893.534368473629,1338.5124039603807
1938.5144094834668,11257.631032952073,736.9924182305622,107.52668127141449,6411.733968227323,1019.3242115439365
2306.163187196789,10101.677044867369,595.2910828397545,99.56542867157182,5814.398906686926,1328.1174014748046
2691.448813366057,7253.517114991491,319.94608646525364,164.9955312574745,4711.7401426238375,1788.7490295168482
2219.4733753153955,3068.531459063513,538.4938419348556,65.35923409413999,4128.635869122005,3102.101333366505
49.558003240840556,2185.3727179231605,1168.2607270765943,46.77656464075317,3553.545165778614,4383.8563693860115
5.245631728655095,2324.4562998874594,918.2299706456698,27.676009680430983,3112.452301917847,4114.28450361462
77.69716283598223,2323.6171172773584,1504.8916915077282,34.124054487342384,3249.189293736933,3457.521591907699
78.17192329373431,1678.3343414394408,1440.965283559653,10.877682030914519,3116.8318225908265,2305.030032541555
107.02118112947348,1602.1679373747875,0.0,6.306271833025438,2994.7994429408573,1728.861083088205
154.95143854780662,1614.0065614846212,0.014012641736317402,5.857490700903295,3407.072823958471,532.5514767240851
182.79811458761867,1624.2489113313452,1.7291550028927574,6.098564121842969,3508.433142551105,49.494791639994524
153.86910814012418,1624.330149884616,2.933947819111667,6.065659745099871,3135.338776466709,15.785491764431734
157.60570004166144,1619.3311163573323,6.814586447151516,5.919908277935632,2945.8397560449966,2.7988068933431127
189.27036030818832,1619.7939044672562,19.59526405586088,6.084057455165323,3276.6908257237865,2.8000835468111
176.39360688474105,1619.3037360824628,72.55413010422762,5.877050523638883,4030.7278631671707,15.810532594767787
17721.50795711579,1655.1689684327914,223.45301362391268,11.030574209342431,4811.176101073929,474.1611430610121
43.55856566545715,1647.3838512787615,11752.704969208198,9.071740261995073,5257.2132992654815,5315.731792400626
492.79917268594875,4483.879504317388,5288.864138084778,39.664403908557425,6347.12178836208,5600.206428822528
922.5188119598022,6486.870282002361,2049.633182551186,113.09895006147686,7925.951833351072,5335.585465499442
1294.1464577080835,8278.093080579521,1484.8181584697431,131.70040115850622,8401.405001027179,4251.248463448135
1623.1621030730973,11461.04922281238,1225.079993542614,136.70384790197048,8581.405571235615,3469.0195135124873
1837.032907643855,12607.946145452868,1203.5107560563451,191.90290949341866,9220.217090311959,2242.2576075772595
2148.9373420949364,9421.993277364465,1122.9030171966606,273.4631888278717,9341.950340831643,1696.8358511622396
2500.7373119589997,12460.797811670887,617.559634564328,247.3740431230452,9240.115811606016,1333.5731593368369
2722.416606577291,11216.965468550565,734.9858932647101,106.75567162631948,9564.11663524037,1016.9025898064722
2932.3725319556916,10074.563834375087,775.616833955791,99.00825800713126,9611.267511707629,1325.1838607414663
3033.285242813299,7293.63338559406,847.0613040498082,165.79532302957753,9512.86074923983,1799.168108095498
2523.13473220137,3105.728046847969,1003.4902082630102,66.0565393024529,8705.007361868902,3138.4969875655374
105.08473426077308,2203.9048268909764,2184.250555979698,47.30835432636095,8413.34945560062,4424.316738576306
65.88372766085399,2338.898456778135,2407.630870529668,28.099641659787927,8755.982714300351,4145.622793832192
209.61000840977852,2349.1493994208463,3094.5029877822303,33.78731008151498,8999.297228189753,3486.893504972875
287.99422870515565,1689.9624873662272,3289.3520756739817,11.2644375794753,9457.19072072723,2326.4018708704275
443.68440865659335,1621.4046195785247,77.56273632970138,6.015633983147682,10449.569948773431,1749.5328546176436
577.7652293472563,1627.7243246121104,676.3914052016434,6.149196023187877,11342.512833761228,541.7895939375292
717.7756212648065,1628.4472312089738,1659.823687956556,5.886498964676302,12428.643366847924,50.53921166508973
850.9882536875571,1632.2513393121878,1879.7715659129474,6.233310957812769,13084.504322622164,16.146187402346353
983.9442025820327,1637.3388989327964,2904.4402930151896,5.898499777917442,13591.17536646036,2.86686657994087
1119.7862162075828,1639.306247020839,2857.7717096315782,6.287164029451696,14130.892268470634,2.871860309311849
928.3934146308299,1637.1048661773566,4223.588686468375,6.132837036589801,14478.612111919174,16.254668390165314
27176.064486442112,1672.569403085866,3894.7652388951046,11.024010883792656,14722.899838453835,485.06317797889324
544.2878669184906,1682.2765601367462,26537.123434129604,9.430702210224927,13966.337806205005,5365.741915339195
239.85514916720376,4629.711035281254,10356.384039275123,40.43545581308218,14360.111889259504,5664.782254406843
751.0701310612208,6664.231853849158,2591.6177779215104,116.10967014740274,13001.773497415366,5377.104693509157
1325.3523066156472,8391.249099038352,874.9276670671339,133.07011194190895,10334.58826527785,4310.707824101981
1868.746603244666,11484.810527205858,574.7863420359099,137.60677081281764,8545.538896634635,3483.1288249269123
2410.3740374234,12523.982765491024,355.6424205856955,190.67515450767323,7050.768060886605,2233.2488948511077
2883.273689184447,9283.35358909518,339.739285666507,269.3530901406331,6151.068279516511,1677.4428430290154
3243.5527198076074,12243.08092219747,117.33494236113103,244.0698689298477,5994.897649134535,1313.7377318014019
3431.0255093231835,11015.812310025784,182.57109684371136,104.57780402753647,6101.474773087544,1000.622308008266
3528.509475975362,9902.820812007816,321.38107315986775,98.12342070561951,6189.556888894842,1305.5742713580855
3693.8034433263642,7173.86576313795,308.75611830488776,163.02760644385992,5685.250270953909,1773.2297598325738
3201.9025728823,3043.173833050238,333.34355931774877,64.56411970952031,4715.105868888859,3082.4426947721145
44.966879787759915,2170.4964522003197,1004.6742309770032,47.20467988425782,4306.235205793419,4361.669540664279
13.705461376949447,2332.504076820438,1079.8736612007526,27.72888295806091,4336.361349618741,4125.861294508409
78.21059026657086,2333.4297859051553,1459.0066230000866,33.58254902431569,4268.878127144466,3469.360379217085
88.91353535298559,1681.544923607603,1474.8826296408454,11.255194678679546,4236.735314933932,2313.4675651759785
159.25041237606035,1608.321194202135,0.0,6.22437396940119,4474.495186827867,1736.8573015945797
191.9887842842174,1623.0081916128001,2.7464560490174628,5.8679899985075545,4647.168928539219,535.6403394427597
219.9161045651892,1628.108712477872,21.299465142595672,6.114585462536202,4917.147669408238,49.784334145622594
259.7478402876555,1626.168706876006,53.95752045407493,5.867444016611101,4992.813734984148,15.889530157644813
300.1478769445782,1626.6445571734564,54.876662057927156,6.155949636302532,4989.186518873501,2.8124468236739073
331.8656823884237,1632.085782013315,96.09659669072602,5.859283092423912,4886.5032405930315,2.8147767850595695
207.3551496288086,1628.8628027516581,75.23355396181822,6.165635866828646,4663.013296893784,15.897768107433402
13030.628025367558,1657.7146371002902,116.17286279055529,10.998645822542747,4282.610709965757,476.084346567092
68.01920038533375,1633.4000929801873,9051.872235566534,8.860818412446475,3582.6776923353073,5317.667522714708
1192.2981265964997,4400.252050549393,3433.734744084962,39.45064541388749,3340.005570398741,5576.687416666549
1868.376392648628,6326.682791549997,738.0483461099686,111.16118562674612,3485.8789134149683,5290.878280000425
2484.759569285948,8001.28439281635,240.66014556382814,127.36413355262734,2946.7515975818733,4138.011389442473
3080.6180088543356,10977.775424665759,44.20594748914187,132.31032866972313,2254.2781314052754,3340.689125711213
3581.1821932187313,11950.047206926078,1.4439146241723737,182.68583933650834,1793.1970255519698,2134.1173744075736
4184.694133799042,8849.962098908858,0.6799679013336174,258.05626207106735,1286.8122343551968,1597.4930670643066
4897.969568740265,11690.341482847889,56.99011797710911,232.69178705571446,939.3738235784427,1249.068694636472
5526.90510819792,10540.950637888433,90.3353569462744,100.69247746042414,720.8100479668251,948.4206697794516
5567.940751193708,9423.638600328464,22.452441704697286,92.55278507319662,740.4355360425536,1230.235103932309
5463.163345824813,6809.855202502849,30.814928276008786,155.01091812654278,802.2793880615579,1670.316612992813
4735.156026643349,2890.8691876641346,23.913030811089243,61.47483503164234,674.679367657799,2904.216643913366
0.6191598954910924,2084.09275093219,89.77754967633058,44.72908155609755,718.9910418977946,4162.929990934231
7.3911062786740604,2262.5171837572593,193.26399319370174,27.328825662093166,1049.7285087516718,4033.6797493721583
5.676741717509853,2276.9281325427764,446.067557269835,33.41065130774342,1455.075935738324,3402.1941911718795
11.79734939069414,1655.8196138740363,609.2144313073001,10.945971125045329,1911.1999306743833,2283.2180223997348
38.12477433553239,1584.910256220657,0.0,6.044684847804992,2605.9693150773346,1719.2215169497247
54.8667370337496,1595.9002933275706,0.012989501282360401,6.004318214490078,3391.595184642291,531.0823671632724
83.42298345428706,1607.092688008436,12.452310472730069,5.830672310464371,4231.332548575023,49.45542345254647
115.64384956151582,1609.6022327062121,46.34912410104643,6.057626797595965,4876.60075747579,15.809065323659903
158.8637086861678,1608.5821174244845,150.59017777466389,5.833194626322632,5481.345127860372,2.803370532724282
195.40775071347835,1610.295965829663,294.5960047983208,6.09898174030707,5900.153899450408,2.811762813504402
211.07830752037802,1614.8473785177066,415.2879850679425,5.847789668360353,6048.1727671237195,15.943028624577732
254.3596735891868,1616.3613171375266,478.2782945428728,10.872391994911588,5907.493354455719,473.0039256860998
33.05956017492389,1606.3860650361685,11847.431237660341,9.128955501850823,5445.944643900089,5328.715009623804
10520.404293128617,1633.7195923948657,4752.03977321915,17.542497838718493,5539.377785355433,5647.818243005407
366.3837339838827,3143.617750168414,2525.072693015379,27.86532456202049,5641.523559980601,5401.408795019233
10.299594296011591,4737.277087005816,1353.3488555854144,47.29292626748914,5095.609274910846,4364.2766799561905
158.04251335289135,6552.115011108121,1206.1312108633554,40.39974166006557,4913.337169202932,3566.4371648837564
303.80269986110096,6448.072733833123,803.167561059415,54.254497655608816,4346.050928159041,2291.736428967923
440.7095681347455,6274.162527652588,676.6464825055253,43.313386873400425,4012.3957181949777,1727.32624948251
592.0567554020109,6221.320599129663,549.1180865768176,38.880201006026816,3668.4357728232667,1357.6720094816872
733.1073272868479,6171.768434757846,879.9056225571893,26.46883175178648,3393.4956551385194,1037.7028436572882
27.765651126633706,6329.167054799811,1011.1795810194209,21.753657325859788,3319.7897043953158,1367.2241753704484
107.98255056733908,6499.134279049585,1237.5709233707535,24.388435063438692,3127.509537133429,1885.8645807357334
15.824910560154397,4394.421971511523,1564.0543989008427,9.351161810506593,2654.8986551161006,3289.788739156674
0.417145853874187,1570.476605130105,0.0,9.171643071270097,2272.486699517982,4494.57555290679
0.30851382841793645,1569.663898037218,0.06213758254747756,8.68346348637346,2173.0790279275866,4058.7787278316187
43.99943908619008,1587.5632627252487,6.06409322607148,9.1273134430831,2179.51026846397,3415.1542790973176
56.35090029525903,1609.35063342836,24.157634422081422,12.69960380489997,2222.806816677238,2278.5599064269945
96.2667869359275,1610.5110303624583,26.51702006784455,5.9159390001415915,2475.067390341486,1732.6482212607627
123.50638054632881,1618.1412109480375,49.761718966334016,6.1531658728731315,2760.2839261886793,538.2959547740719
157.7946037051087,1627.9285184100167,43.31199270304034,4.5952841422467605,3031.3002453294675,49.96512504115115
183.4544238973873,1629.7863701405338,75.27463702153355,4.881926047532953,3129.676089166349,15.929269292137137
205.13992329434754,1628.538569868279,60.04119094126751,4.596385910331516,3172.3001076772107,2.813644579936954
227.19004737798986,1632.2835723830074,107.2620958124175,4.870653340236027,3213.487851257853,2.815946828795267
224.75590219458505,1633.2472709592955,98.67589416569284,4.6118162259725874,3203.8349708185747,15.94515213906568
238.67293789465106,1629.93970382446,228.0637381674549,9.149216268508583,3012.365438544214,473.3323918930361
16.820162101448954,1606.5466019320163,174.39409938108588,4.57964594807013,2628.1813543604476,5239.954453378085
0.029354516558212147,1576.46724314585,298.03355739974916,4.813054481754547,2474.132034163431,5580.585404486212
7.521681556762822,2749.772030796778,137.66517892389422,4.501164802995384,2618.944574585412,5341.880097621547
18.579233281218592,4252.147088299401,91.95419599706634,4.779269847648408,2412.4120308431525,4285.16895383705
33.633274028957025,6071.707318059842,26.75728397024001,4.48900057165273,2046.2340346566555,3500.712346741973
48.24244836193741,6036.108506972417,23.110153070260182,7.369731960983097,1793.3866458875164,2261.9996089326705
63.93898978603173,6000.37184834811,10.738197050785233,7.30594220308509,1599.2267343158435,1712.0643780468588
80.0221167417151,5968.29988455844,12.464545129000053,12.04847095425808,1480.6630469237841,1350.0270903334144
90.48429822967886,5944.773632317862,11.12707438303231,7.427720654967552,1452.785359943828,1032.8150526001489
95.92558139987412,5937.904169358921,25.600844167443444,4.431566799845107,1416.3874325733523,1347.41258785104
93.73267067064103,5939.258937325522,34.93886480998206,4.7019453574181345,1316.1729100752948,1833.3257824020372
2.8277581584374505,4199.921128928686,103.9816120673468,4.477325164775352,1077.8252044583253,3216.808291666472
4.086122238418993,1568.1661177782632,92.3966451408557,4.812176163742686,876.1946032563892,4483.279301122128
10.08078721192009,1578.0148172736942,167.06637280579739,4.536214641418576,868.1936932264143,4090.808703840071
76.26244569033273,1596.740521387554,122.99338030245792,4.856430534253184,888.4469334899619,3435.3260952898563
82.92122866370032,1613.114697719171,196.34348631959944,8.748643273552869,950.0511542242222,2289.9259745439217
126.85204673428439,1614.7419278675086,135.0023938433511,4.966088357521208,1176.016837598193,1740.124409701417
151.7152728508075,1619.594720080486,194.17281363360271,4.574174563428828,1442.864233376135,540.488512733103
172.3130541280996,1630.3426026131428,164.97447146733347,4.9100762494131445,1702.2189563563097,50.16395187988116
190.32784319057652,1632.870006499584,217.34781533832702,4.604620476433482,1811.1427713743237,15.990035917349376
204.4378466657819,1631.1988614608747,182.44151229767368,4.897264612819079,1881.0244393185221,2.821941181274755
217.50872352340798,1632.3115885526395,243.0186232489266,4.618997851022007,1939.3778965767756,2.8236893464533255
209.7451692265679,1634.7875560461796,232.05813991409968,4.881812831953246,1956.4966426977116,16.00542440454681
222.80376325061388,1633.2347798271035,327.998006284908,8.8250135832553,1833.4406761367538,474.93337914405913
10.092888772679146,1606.7335304075727,313.9260787511533,4.920673361036152,1584.9449110231203,5258.18122984131
0.8553660545331149,1571.7363931770356,423.38805498496225,4.501091635954496,1532.1713666806418,5596.034332906247
14.266373001942508,2743.385152792478,249.66893807917725,4.808661235166821,1713.9881109479707,5357.1211787489165
28.050569471570267,4242.26866361167,186.0361253829962,4.495819801074441,1642.495661375611,4296.451659219601
44.38406032173009,6060.619224732075,79.6802845286043,4.757765480665268,1439.3670854714362,3510.417221372496
62.95211461694066,6027.204812810473,79.27424808043514,7.037750377150068,1272.241105955078,2269.0017064318804
84.89216865518858,5984.4886504582155,26.125703715064713,7.4237429048597745,1124.4466140122574,1715.1869737615896
104.3429138079071,5947.794953831488,27.750858510761013,12.323467240865181,1071.7283942217277,1350.5152422493761
114.90484094518276,5926.322915897291,30.84940086377495,7.089439858951558,1094.06351362772,1033.553375946172
120.65803882599648,5926.899356654668,74.72149063594671,4.734716854719059,1117.9663719643559,1350.181645950451
108.28474065686964,5942.661559125971,117.97616894277589,4.423886035777088,1132.895666938202,1840.868502597717
3.3728823936929295,4209.398549000018,288.68880775790615,4.777992945526539,1005.8788524718468,3237.6194160971813
4.245931750228866,1572.1531582009798,316.1215193572695,4.5513798005491015,896.7205847806331,4520.572332665996
12.634169591860745,1581.7286557729872,522.2032785718059,4.82392333748704,960.6180541086634,4129.311231216446
90.72915550183413,1598.6645624291282,532.1297569307588,4.6146627020663304,1059.0240210898103,3469.245229523829
103.07130832412044,1613.81671550113,739.0710416311787,9.160135683582705,1184.4016680882373,2313.325723973248
157.55677706047985,1615.8665892626457,650.5765193723579,4.655174291162261,1469.9713449359099,1758.464469860085
190.603157884931,1619.4341808617726,885.5272409299137,4.9103650544919235,1798.5808318476898,546.2760794465412
198.48823792778325,1629.2244864700665,671.2030105693776,5.87865428226207,2145.062118277544,50.648218493584224
223.27220419312755,1631.824808160365,880.9040726267956,6.2438362290373,2345.1632359035893,16.13503603462097
248.80713148738127,1630.7358911555937,785.2355227112723,6.12391519818642,2505.47846899208,2.845975870010552
270.8994636678613,1631.5796380430957,1040.1665657088515,6.025325799998686,2651.3376615434777,2.8486107544205304
138.79423060591967,1631.2271587867076,936.274966463883,6.135014626234562,2727.879272363571,16.162492913011683
76033.24753530596,1691.3667130307958,1239.8221332109038,11.064135036988544,2732.2539954723284,488.14324181498637
6856.910400148354,1739.2246703463436,31205.4296839007,9.680531675183984,2491.9846301874018,5394.72675047476
348.34077402541004,4806.131872009068,10416.07121036461,41.34066739435974,2544.5275140012923,5710.087755212467
48.86624120106487,6976.344745735094,4258.157041154154,120.46987624057273,3398.213742730375,5455.657885964498
4.699573423662172,8873.277090427622,2210.870987289038,139.05715184544144,3152.025656771988,4446.455100504364
61.53105620149275,12162.930647844543,961.6006183806066,145.21909091378836,2595.5744879771296,3615.3300226350607
124.48902928376413,12898.495288057025,987.3576647657696,200.9673658468417,2977.8203254773002,2324.804802947532
279.77611134026375,9861.211686261444,796.0513794444914,284.8649845719385,2667.66946102182,1755.9441389775714
509.3847083580166,12694.7920090057,171.4211323113389,256.40327161996765,2240.638749623478,1370.4373255422302
745.7258039932916,11483.658422561319,111.86045886804631,109.54075806390922,2192.8243829849057,1035.1284624058633
982.2514682702019,10236.746852414351,137.35849671112604,101.17164779964853,2178.969353756756,1340.695861558786
1216.7474412869703,7375.361720614908,154.75783240002912,167.8125910229666,2033.2673517075466,1813.8915399424466
1035.926500378117,3125.3194039680266,213.10435609913938,66.5489176061292,1692.400838588391,3153.4542190238435
0.8253676858501761,2204.7253411501415,600.7835228799207,47.202012537322126,1484.2572640997657,4444.143883484655
12.195858353197806,2316.2824803336293,636.6073949923128,27.776575780822114,1531.1844883975814,4163.776189089634
0.09707165711297017,2318.0377278044816,923.1193960688094,34.32606604476769,1581.707790759979,3496.2652684008613
0.3546507023847346,1676.6350104419264,966.2486395349564,10.918869306318577,1710.5835886567852,2339.837896756108
8.860858360367164,1598.8032379130582,0.0,6.323425226587611,2063.222762704133,1752.5255556094417
16.641390304892305,1610.5050814780668,0.0,5.909614861027177,2421.810435855504,539.4285493078406
35.372434830004515,1621.4398907395953,0.44902704235147123,6.044295304103726,2816.9017956249977,50.079828814422996
49.55672064336744,1624.6096456895768,11.077562431223,6.055721150820535,3030.223544105688,15.97110211926505
66.42246016008914,1624.386752130399,21.4480730381015,5.934875978611078,3197.4073985830673,2.8163493774323367
82.03030104466696,1629.87213528352,42.47656822277702,6.099388252051251,3333.916561749087,2.8193818177545684
56.05423413067282,1628.1733862807696,50.00686762026699,5.915087553979771,3386.346946835346,16.011120786280078
25624.519371875387,1675.716861105504,80.60586204800819,11.176203775593939,3333.621185531839,483.5772116309393
356.2090084153144,1690.9835240793261,9636.921368350058,9.333616295625264,3020.6552481236326,5354.796907831613
237.7373054437415,4583.537812633812,3571.8577873396557,40.04595688410786,3004.1393852855263,5648.276730120543
610.4950307829931,6557.593612233113,659.745423227523,114.44369595251987,3237.4624907190523,5355.93604697301
976.7315722464682,8284.7101502717,253.4397180012671,132.2844874990418,2960.3208536254006,4258.094936288632
1418.0980743698735,11381.959443063519,93.53192794321401,136.31620758394774,2609.0244678598406,3448.6304268969775
1888.0328533104175,12400.450758393961,16.504734303522707,189.54599503769293,2254.9188322375403,2207.8039211541277
2476.2156592090873,9163.17099347747,7.202364090601943,266.5796261586168,1761.906460564443,1652.9278227496293
3111.6008800452505,12056.912059475913,7.286354784450016,241.03605762677464,1507.0305163587825,1290.6875312624081
3919.1176879483733,10826.38960181138,29.478710024980455,102.86041259730433,1212.691090276554,977.7084504149915
4344.947112963392,9665.392689286138,18.98423528270815,95.35322964599992,1214.9001519792635,1264.4742668315894
4210.7779352319185,6984.9221314523675,8.341841415979191,158.72458966221274,1445.4096533063675,1714.841712392538
3359.0313022334403,2968.12830975558,0.1766290664865143,63.00797495389603,1628.5449506882355,2991.9148634069543
1.7382792056788765,2128.115040800629,317.5224511166676,46.2837171324974,1690.283664714492,4290.329117455971
10.889721158716581,2297.426363017134,413.88411162721223,27.54679471175182,1916.0921668771534,4126.4986460647315
0.9198245358952063,2310.272289114156,643.1821896584245,33.498501012647026,2124.825444832414,3471.6422600205997
1.8546100843033602,1668.8506699644945,731.0987940246279,11.205542813455326,2372.893086940257,2326.003281616586
14.365242735898693,1599.0121922015742,0.0,6.19297564382786,2844.4547176715528,1747.4762098367835
23.99331945207953,1610.2001680964988,0.0006271879383382431,5.856717114332104,3277.563063598449,539.0453817409215
49.323561336116356,1617.9652901539223,2.733487769562449,6.0748667532225635,3714.894727687249,50.071366853629144
68.80990784865102,1622.1531685852249,14.395107359132574,5.8727842283234475,3937.0235764736444,15.965415164019419
118.33877262539974,1629.7257933721887,63.600552916513216,6.120399219919721,4510.7711202778555,2.817247774001117
140.60810647587948,1632.8654521589035,85.7681992815348,5.8784761991685786,4740.0407513172195,2.821195991284018
86.49705934349026,1627.6156758907125,116.72217595741033,6.154905259540435,4629.727207864168,16.04203853784553
15033.981171616073,1669.6828899330078,142.1224107687707,11.105008029238538,4758.431924356866,482.80880220748816
6.095264822264705,1666.3664323538776,9673.299340537189,8.97607271497563,4493.193549366255,5362.325161858684
895.8679608712489,4497.150367162652,3977.971738078301,40.19554185649407,4712.475624164576,5630.764215600341
1602.4014143840873,6472.289983639581,841.455498358478,113.38211885915472,5017.414342668739,5342.552322654969
2327.472219112115,8157.900459205894,144.2352666082449,129.75812345687777,3836.576803460676,4215.649922618978
2974.5980703596847,11163.150310795902,51.348065130208845,134.1238251202214,2869.501043942905,3397.782397343665
3598.4667056718704,12158.196689385464,4.820332307284653,185.81073216840264,2274.4284904498604,2168.5537502724655
4192.3269723263265,9009.262242183175,43.18724176503158,262.45439574580286,1827.1093151298762,1619.0509055688024
4824.955377669488,11941.047232203044,173.7699548034889,236.76053988766208,1494.6634556209265,1267.098847245975
5338.701390659691,10757.63662259102,128.0002197799527,102.09411378322113,1295.3942407259751,964.2154439563674
5529.892718798841,9608.700625193258,50.38421758782572,94.09512588457942,1266.2606446338991,1252.9978666553484
5268.821077835634,6936.899465558913,18.915309658961775,157.80671435080882,1410.2252278548556,1702.435448611384
4368.009109637872,2945.4840675946757,4.985091366981904,62.63316051542065,1366.0441523450966,2967.9731942863054
0.7256406690515301,2118.509532988018,187.3647569735486,45.821047991457114,1430.594554314723,4256.47265361406
10.717917591892881,2293.5020554257076,295.43560174749666,27.636359735832247,1786.0809091884078,4113.38637360603
1.6289608720556665,2305.060449352142,538.3377008769224,33.48502918141906,2158.5090647392212,3463.6518692468385
4.21886494881022,1673.17180282483,681.7154233276583,11.168740133048079,2608.0380071967434,2323.1615123908364
24.52219373971168,1602.357562504287,0.0,5.937532944690685,3360.112605243152,1747.687997508786
45.145163634773695,1610.8127655532007,0.8075799497512904,6.109406916639679,4210.600136539939,539.8620870970603
91.60677175699918,1623.381860836625,22.140282802869347,5.80130953953897,5038.753440856111,50.20295414551724
122.97660910897257,1630.464133590092,67.24696823741544,6.156081304925157,5549.5415297200325,16.01248087831393
157.86466158628008,1631.1380339617638,116.08631078038562,5.957095512509954,5985.3893863185895,2.8224623462034475
204.33257410149494,1631.5779131982536,251.9594395985516,6.057201314946401,6321.972764679316,2.8301009257770278
151.64320423033985,1634.7632271346247,350.0529296310088,6.104151526842551,6478.651381204008,16.119313195599137
12361.349430039858,1670.5266486336748,462.59131798942144,10.838529057364452,6471.124595105795,483.9490396222481
74.29102071846499,1654.2707047332806,11970.700067829739,9.256853565465757,5890.778892003849,5367.5703903346775
1290.7541229043961,4487.431520711699,4536.162490684037,39.661492957956234,5906.482794352976,5634.451386883306
2029.4187313295788,6464.002339448532,974.9072979154308,113.86299610910422,5851.014791162259,5346.538112670834
2793.562438483335,8154.569963911417,202.72396402742731,129.70525235396892,4533.566647217889,4223.218614152595
3287.8704132236217,11173.563263800144,88.39820847501423,134.7126656816053,3170.3212916255816,3408.187520961104
4194.865167971421,12158.158402560772,13.108282112018118,185.9763737371181,2398.1783024379943,2171.749194384237
4832.794985159191,9005.863668960614,86.30657141458406,261.6116141971204,1883.200255677582,1616.2555305436274
5516.238451121212,11928.00958683431,246.60363512678532,236.21735003650224,1527.0928890820778,1264.414969107134
6105.323457766893,10746.954319755447,199.08035378605987,102.08892600994812,1290.8822005079614,962.0235133342425
6334.206188125522,9597.774879558297,102.97267705803414,94.06961040499807,1248.516359174583,1249.54081549542
5617.949318258312,6932.651461205857,23.02147246929633,157.4832670799114,1432.1629233436886,1699.045747029737
4815.423623985531,2943.6641604546453,5.404241987966593,62.5541817504844,1527.6316306216736,2967.273874349166
0.5886563093739849,2117.668279204296,179.31194269966227,45.43177659934216,1550.6954918983733,4258.474866814716
11.68974257993332,2298.8886919776737,266.20485417660655,27.687474362713356,1765.570078224813,4117.899319984461
0.9340257880998494,2307.0453771922444,468.9007898959289,33.80998105995903,1948.5836956707712,3465.9615386365376
1.8807194322098,1670.556840881115,552.1595898130757,11.10704018715699,2167.171826714868,2324.350598283455
14.86755321350506,1599.2279403282782,0.0,6.034837276947901,2582.966002956039,1748.7290374020488
26.024269113156905,1613.0980103172174,0.0,6.057132560632183,2981.034139355554,539.8325286026771
52.973300676206584,1622.5165194830865,1.1618515965149403,5.876957921091177,3464.3078538228856,50.11439376841807
74.67554968221152,1626.2382692691751,12.62815492021986,6.1181244631154765,3810.9024365168534,15.975239359263664
104.0184080942048,1632.5686274763482,37.08395539692366,5.870619903435003,4101.2104216208245,2.8134539040220465
127.7615207328287,1636.3748665046035,52.733840500131144,6.1595570738332395,4327.229024355302,2.817405388834593
140.00115058460506,1635.0955410622698,94.4673199517598,5.862416456630073,4435.411182198865,16.061552975818653
172.0648551878352,1635.7895419543568,115.14673497937007,10.970433127287086,4321.524826339416,478.0266559052047
4.404161439143575,1627.7499890877502,8339.901653280902,9.150806870877988,3980.3899237654573,5364.472806544999
8650.033869532455,1650.2438705254522,3627.4546861315703,17.728917329465713,4111.833850373686,5686.3441374788645
163.4584381232913,3167.1765933558186,1817.7281164159501,28.02647258782561,4274.239257023894,5438.094287636796
22.005726716645327,4763.9393676916125,961.702984915735,47.686473265214104,3906.0866674434815,4418.749539211041
316.3969049107563,6570.234874660959,623.163889360608,40.645631566776814,3487.1829493603477,3593.73069905442
505.09473668062446,6430.000929142246,423.4657378260977,54.11770233746024,3101.505325855377,2299.2984300360145
796.886412927547,6233.932872277293,183.79314091103842,43.15615095912072,2417.0327365605726,1725.903647203854
1142.4972809675771,6128.357650058256,92.09804002442036,38.35968551235461,1961.2318126801927,1345.7970490621105
1393.5790639242864,6055.307472957939,169.61437942774756,25.999546319336996,1755.6159135447513,1023.2888448894206
67.53108689284338,6241.518179423598,267.6548334923292,21.615376594130502,1851.4913126629483,1354.9975529240755
159.878063391232,6481.040065086233,555.7467007166022,24.614505916781273,1886.1875869158084,1889.682940947596
37.409391383329385,4397.395200610721,879.0521798578773,9.129231870044775,1643.6649758180797,3306.40430542258
10.970357034547103,1570.8118398729828,0.0,9.176219677194009,1445.4917005686577,4534.557849374434
7.46804434625253,1564.559569562592,0.0,8.972755316373542,1466.5824617988021,4094.2029045331633
6.3878808147432204,1589.0847604831063,0.022852961594582215,8.879020867265943,1551.8540277285906,3443.246994081839
12.857392427544614,1615.2986670287514,2.698875670799073,12.786248731680457,1695.6140202985946,2303.9516236289865
39.57384948454713,1619.1404049746548,14.959755307907287,6.146478562658799,2047.5915441026748,1754.9297592845794
62.059853209919495,1628.7638742610693,24.854961127514745,5.94845860986829,2485.6858347039174,545.4538267081683
102.05441030348626,1640.8522798515705,49.355834024531305,4.818910351637204,2918.8417821807575,50.60884919668097
141.7916013402881,1645.4162819768487,58.67423809212651,4.693487173106889,3176.414760022258,16.10791103092652
180.53252217840955,1646.3328753830444,91.90275604490526,4.819451608443575,3371.8399500681103,2.8319311745399824
223.28011895486415,1651.6162066717964,145.36298880137255,4.714088722491225,3714.7431032828695,2.8356256135055857
249.16766514989092,1652.088110822612,391.67312763246343,4.799588660878688,4119.8969304612765,16.190282547173766
298.9688901693439,1648.2776866933493,557.9579848671799,8.998176594442793,4371.5023823726015,482.7315529943798
45.22920862862358,1633.646017444346,951.762021729649,4.883435201441222,4401.882793768947,5313.821668797977
13.171002795594822,1615.004482067539,1269.4336453906894,4.650781021295362,4747.072509800658,5658.280973864788
0.0018482285493223911,2830.9639877836726,956.1484237114381,4.812809490536071,5255.353313071268,5428.915248677631
3.2123333580984124,4383.28580111212,455.0235144430753,4.664458487263169,4853.695953982601,4424.644727421052
6.76958591696548,6272.431958061388,435.99740941666647,4.770907113101037,4678.315966361113,3619.6203697672668
18.594452400220003,6249.344422656469,385.66104903046573,7.302003902404751,4100.996118655417,2345.301424209244
41.80471707510954,6213.609033725964,424.7810746691947,7.538018754337933,3598.1076717103706,1777.5908462705406
60.182149488076924,6174.165423256932,313.0357603557822,12.661056547766597,3381.5904000138426,1401.3252179203378
77.15921440923562,6147.159502144723,305.3570157245116,7.35330574706955,3277.7027094488376,1071.4136602591097
63.52556300224252,6141.3652114351125,347.3364308130155,4.7837362703928274,3535.4642882219873,1397.560502271526
19.738602952906138,6189.982248924127,826.4262860473475,4.612777350853217,4059.209954930717,1910.5933677754688
50.87637628304224,4393.397782031638,1531.860751745551,4.8290455557792065,4175.09184388584,3361.1958944730563
217.8532628808606,1630.9345405732556,2286.1018939778364,4.720688875479607,4214.949800259833,4666.674724886373
283.6478039500915,1644.6816753213643,2854.326813658568,4.8642445045295934,4726.852984926394,4257.73803727295
596.809020584984,1651.5080916619088,3703.8672810929293,4.772804596620651,5337.823223252941,3581.4893648299667
710.8694787353933,1659.4898176982877,4328.877847220225,9.342678087372855,6072.55534937016,2391.31073013281
936.0722108776503,1668.815307663055,5250.673061361182,4.823913116018332,7208.040531946342,1820.44028503233
1096.9535737722922,1674.2142418370063,5840.255926934748,4.959166062182791,8483.689512249908,565.9903030872841
1182.1627879038003,1677.408417777519,6384.922603332296,6.0975459182534175,9807.376267451145,52.44843701516928
1302.4488400272062,1681.954036239432,6896.027635619737,6.372127767474734,10829.744620139638,16.69268487293461
1457.5434693225195,1687.6509319898978,7842.784011998166,6.116105492040424,11759.601611662227,2.9343891710216092
1639.6163890833586,1689.51613599392,8284.164825101852,6.4028857805397354,12516.873351660293,2.9400171241972157
1327.3932649647609,1688.3236645433585,9066.45374857193,6.10588897152418,12955.941332557508,16.789395055448388
87543.90303412039,1744.8194125354557,9498.674599324322,11.752226812809278,13386.784143050485,506.34670447019965
11586.568906956922,1792.4074805884418,55783.877511300154,9.92311586028507,13218.94167862799,5490.697642521326
1645.715419604048,5004.340299820797,20439.938923496964,43.03210135336733,14023.931644618213,5801.4690609644385
438.178599347387,7287.620135623554,6319.457046302376,124.27440533687607,13074.74307051698,5529.563958301302
19.59799145882401,9236.954039611925,2447.906637578712,143.88479479023584,10539.184735216944,4582.4517468011345
44.60975484279552,12492.334765600319,1534.8415137096392,148.60929857402743,8342.181675245281,3729.8610685052236
221.6994469471693,13014.8661213094,1071.1721701909826,205.63341751355685,6667.812653976179,2393.369297377629
498.5882561844005,10033.720160573075,943.3189628896926,289.62400572152086,5616.702130926696,1795.3633207991206
918.8657987948059,12788.552972822556,256.19316494364836,260.37125952714314,4851.988471785145,1397.8123272081566
1396.9302597515593,11639.300494294821,153.582668755701,110.70502901634147,4342.650568621121,1053.8580778821754
1674.1508261006675,10372.96182847361,219.78573443999977,102.5334702386844,4407.695808294839,1365.0399575614524
1474.6220980808205,7522.922297216235,302.61285734632696,171.31430075207652,4884.959171993105,1856.4020212664218
1367.7721431232367,3215.0953340722012,654.3610510269413,68.32442755081556,4991.916860341452,3251.969983621142
20.27920059093788,2272.5999222900296,1660.995667541805,48.52764681254654,5011.019215082308,4585.355113123426
4.932310390053117,2397.5931136155195,1850.054124183081,28.513488670608023,5353.411026508059,4286.301543079613
61.379014139591675,2400.164616763021,2439.244103742686,35.21654899038669,5636.796626853802,3603.1256732265933
90.55294680376664,1729.546219690925,2583.6980025486846,11.15637866718015,6021.706657863596,2401.9284601783597
205.3513102241992,1655.970407863976,7.493266687472446,6.451201523527919,6815.910303279022,1801.1998151913995
280.3692070473753,1668.1921353277705,271.63118354746666,6.145218757357679,7484.727583895429,556.6973790177383
363.6993797709545,1669.935109550128,457.19333290457826,6.064326785436531,8166.541716705515,51.655159840861664
442.3140497425626,1668.5351088329148,881.3102187470045,6.2255205851722915,8426.660167283311,16.44806424648973
517.0439297159684,1673.4113722083462,936.154530647685,6.066503713134623,8572.068685287773,2.886796152836701
588.8458919787032,1676.4001398465243,1347.2233499830286,6.269970373282598,8581.687959712197,2.8912076955395065
455.98751490322474,1672.6226910305738,1310.8183244136092,6.049686057082919,8431.652283775918,16.505819756852578
30694.459837733622,1714.6327535432802,1705.3491754809793,11.471604926903796,8120.339923501954,496.8290242538936
1229.6917555172886,1735.3598697980663,20859.924630634847,9.5832717038454,7442.237663384113,5433.953410230215
63.975068988161276,4763.947141390691,7869.478200833077,41.42475697491104,7657.56625506682,5747.885741163125
325.4232350745267,6869.361294353256,2958.262859797633,119.29855956253623,8212.484727932819,5471.99554639632
684.4224087942379,8716.075918232349,1827.4810570102468,138.62621964018211,7736.268812568155,4474.828858290182
1129.768238307228,11983.924796280315,1158.1740570969785,143.26501440117545,7092.0913587630785,3631.0731980983605
1659.4055127599058,12784.931888763249,591.926580205672,198.9429225814002,6304.000338264289,2327.3966194945738
2133.5153716504583,9654.896322024113,456.94813296294035,280.5841643671218,5636.2250054277065,1746.1367060824782
2629.6301742499336,12626.204507523518,110.77332779771105,253.23041515432902,4914.526760920175,1363.4606588293914
3010.4291959485768,11348.295608643479,102.30980519595164,108.00783025716122,4480.540423526621,1032.9109451331199
3212.2007574844893,10159.314853993137,150.7936482077676,100.8071806892783,4459.063573633997,1341.6038591507279
3361.1250405109304,7350.060357850746,186.05295444602288,167.3003850395924,4319.600814660222,1820.6528839128252
2866.0486897429914,3122.8002944386003,258.8803762372399,66.4527491613032,3792.1660955541024,3171.663951471952
14.345648588680618,2228.7306897605613,829.5883115638287,47.96239855470301,3575.951401979303,4494.798797862862
1.3602651271189978,2384.3481054562285,908.2242102323374,28.35986343848091,3707.5061236270953,4254.733232473989
39.31083185115021,2388.1960870816147,1280.8022310385059,34.89071063111781,3784.409068411119,3578.1181642804904
51.2453499903949,1723.4692773651525,1404.1062733924978,11.17743991163239,4075.953393399126,2386.3807108988954
130.31330105661482,1648.4617983524242,0.006069724517560586,6.395932241642257,4827.679586687671,1791.814959534957
188.02781070082685,1664.4615603477098,21.63545528887967,5.9290864465224145,5565.626374427743,553.1320680784114
265.1367018024915,1669.8091583393905,100.70667289857342,6.250208900922131,6578.922462437949,51.31376255940873
331.06473024898327,1666.8987430320865,467.1824484206764,6.163955103305401,7495.923582678242,16.367588913158016
441.89939736338016,1668.3427573448948,799.6993537664925,6.071289753445169,8444.423069860779,2.878089231317194
557.9142012921384,1673.6682824103355,1521.1879919422115,6.224674356669093,9311.618287838393,2.8882714312843163
457.9746704837667,1672.124788612632,1841.4602685626353,6.07380857029056,10065.356035520443,16.526099321598988
22350.001912703905,1706.4797971665612,2903.7927238281463,11.41925642989343,10702.469283674802,497.1427270998175
347.21416866899153,1719.9535907089657,23665.857333502434,9.48821365771168,10501.995556497914,5445.01823217231
296.0317977060353,4730.075592074368,8569.84513241699,41.44440924246604,11086.025898751848,5743.46812174154
912.6533086960571,6798.344326203295,1968.2368963589533,118.26483383970637,10246.198941924218,5447.737350192775
1609.2903418846238,8550.137914376508,641.6836869908218,136.28265563490842,8198.717713401878,4414.698913110725
2279.221685562683,11696.341449219586,374.135589282302,140.00035041280844,6605.224001424811,3563.22709326913
2866.231920162813,12634.11816495314,108.45974568887361,194.414673651841,5435.779416876546,2276.2759538102873
3381.9240251843767,9388.87537725982,32.28257901205943,273.200791190865,4637.600322330455,1699.297339637613
3986.5113206442047,12352.817393179334,16.75494193465796,246.55212794249508,3996.784485438397,1323.8052260496354
4499.9523786948,11082.13294518316,15.855714960268378,105.03307236738125,3555.259169665173,1002.8706234865454
4721.084363122516,9902.192115600163,0.34859912829442563,98.0561970777148,3540.5532986483245,1302.8749410728303
4294.6636873967245,7175.8925210573925,13.362739537333601,163.25222326088462,3885.458797263857,1775.0265490932964
3616.7032891056333,3069.6811129171588,125.99644468704928,65.28277322205419,4218.082103924891,3117.4058030525252
23.77138417183829,2212.3060612996474,936.3775682005659,47.68030254607532,4570.85628664259,4460.428238256816
8.65812748796547,2385.2910905826484,1212.002298410675,28.32905986452398,5371.608547672418,4253.745202801203
81.07765106565414,2393.899349435159,1841.3663126545132,34.78757091465031,6124.84211473926,3582.820674606193
117.0906197058636,1729.7883638594712,2183.205721313479,11.266762802252966,7001.055505758211,2393.0248260104995
249.53892111162344,1654.6745174107248,13.436658028603416,6.3932114543169485,8392.738694034222,1799.8473742410524
351.7230009241266,1667.518216029878,535.7883719973394,5.898921111982339,9722.221732312702,558.0620099405147
478.8797265282021,1672.1035605725067,930.7486350463475,6.316803999708357,11174.810504186462,51.84937255590877
617.8506735270074,1672.489736545119,2042.39304215612,6.194202631328412,12170.818682492962,16.53410172542178
759.5275535450528,1676.9485516456227,2042.559196842282,6.137549908023017,13072.866769441207,2.902178548619801
916.2841519457204,1684.2093302287376,3600.465798135814,6.2609531413834665,13913.080948723042,2.9121796584132835
789.1845007343348,1684.4611823285786,3381.2413051192625,6.13535459253265,14706.640439848841,16.673148333902724
23896.971258942172,1716.3968590353886,5661.589117852853,11.479793818682904,15355.569407796223,501.19319405652624
347.3469310551857,1727.8701197975279,28382.479005655478,9.441646204497214,15022.281729896144,5464.721412089905
310.275815084573,4768.569945146949,10711.74883285293,41.99768434211283,15605.741847596017,5765.172905381908
944.1549357454666,6860.637429263415,2509.9795095294025,119.25551418048167,13982.032235470588,5468.701402745948
1577.8196766376914,8635.944504943689,961.261625774306,137.5405650876196,11519.258224693429,4459.958012202165
2109.778724342762,11849.721190080587,707.7890770365384,141.64135885191666,10202.44650128429,3609.7549902185797
2643.627242281387,12756.151555430548,503.40150649648024,197.64928238642398,8843.974874099458,2319.3253669922474
3067.837736440919,9616.745226280047,461.81803399892095,279.7666885162827,8044.048748029255,1744.8590087453133
3533.8330259096415,12636.45167967831,147.38844958665993,253.32472541365718,7296.688730869518,1366.2651586674672
3794.5874589731015,11380.097362593717,160.62169660624815,108.15757481673432,7047.247328128017,1037.9793763450543
3929.3443839100514,10210.794465305658,219.10371349504658,101.27840941323848,7114.520426719559,1350.9310567547657
3945.7541428613013,7404.824086376438,353.0348802096093,168.55449085548565,7264.2659886171205,1837.2400396483056
3321.4314215847194,3157.1565319956853,529.6441241847613,67.11155865007974,6793.844517955436,3211.3470043768657
66.81362375031281,2255.366453729554,1545.1106049483835,48.57084407287858,6761.618894963907,4550.85594284714
35.15249617519333,2414.282950385089,1779.6787331577777,28.61353634545604,7244.919507254458,4296.181873009131
146.91366468486933,2419.710633809765,2428.725062319556,35.090961878680424,7627.065378852424,3614.8088544677116
211.72754608248886,1745.7572182843144,2611.857439784535,11.359784946427487,8032.2299788258915,2411.9604668784195
347.2502415311718,1670.047380411767,11.40093486450104,6.437785872735499,8809.050087814803,1811.9332471191608
453.5573313749918,1682.872137914406,316.1720899502515,5.938792821818443,9441.84793654145,560.4745265746693
566.4110457337065,1685.22265492709,619.7109869831667,6.32691271237736,10277.73393500257,51.98810683207634
676.893164990317,1683.010008582233,1185.6176447503997,6.2248479420903795,10777.021705354256,16.55437279670264
786.2210627713959,1687.6116298428417,1455.243430661799,6.140248995924202,11168.337057300401,2.9024664638577735
891.4612356621999,1691.756240255785,2007.7942460953714,6.282679312699899,11450.358628576018,2.9088521502140887
703.7699763974965,1689.0201656611816,2174.9752334416826,6.125608733292719,11547.179737625785,16.654735352175614
21070.862980349866,1720.7472758053586,2793.7835915635,11.487165258019154,11475.567689663723,500.51495706736785
91.42963266238084,1723.557786510107,22088.696971973106,9.397204203370539,10730.766614173896,5462.355060144146
494.77068527001205,4725.213180225648,8665.350902359138,41.772044358511664,11198.171913259564,5754.3155335661495
963.588393828316,6830.032058418296,3444.1742210828916,119.03332338341495,11577.029695201503,5481.172390991335
1531.679454582773,8669.483125776527,1748.4209008696423,138.237528903349,10227.523219220577,4481.507193738264
2307.2169074683725,11869.603251969524,618.1286461697706,142.05360789351224,8073.998134130763,3619.185099662637
2961.967263281001,12714.849457751574,340.54721506614334,196.85935883089786,6605.425620137779,2310.114128494463
3340.1241713358686,9551.809239168066,314.02973431324085,278.2321052825276,6248.506597552518,1734.62916182658
3580.572941376894,12626.455239883624,148.70624114649206,252.518688686089,6345.88642046865,1361.4187429877038
3805.2334788462567,11372.982639861446,185.8883911029693,108.20633202450749,6259.397403428333,1037.9362693004198
4114.533422560495,10190.892590353676,138.5557114973777,101.1446526581144,5959.519175073157,1349.0540258528836
4191.1893192007155,7364.749299638176,180.2684776559112,167.699986174579,6021.88522382438,1827.586156836001
3487.534131232401,3139.3086400684774,397.7796108627303,66.7704521663844,5796.645685351288,3193.64674661731
57.69051673041341,2247.6609556788703,1291.9391059137006,48.41226883281449,5848.033939369339,4539.022325152168
28.1881232951845,2415.9009728850124,1544.994589950724,28.607965205539777,6431.270330274005,4296.273342794045
127.25133503767289,2421.336547189721,2198.2624365621587,35.19794918231855,6952.549163901166,3616.06710208136
180.12893436815634,1744.4738032301764,2390.6744338997005,11.29684773161894,7396.018147575502,2413.5161302985643
308.25745865399426,1673.0581667008103,7.064667016788993,6.449815713752671,8145.0324886465,1813.3099248668493
394.0932955165784,1683.8216458190561,245.85055636093034,5.95537065071535,8748.533710263737,560.8216922614539
508.69887518391783,1684.1232565167575,558.426140687655,6.323334519660345,9695.13250013683,52.025190008365506
628.3906322194974,1684.307110313815,1374.875986541738,6.232628583367312,10443.219472622688,16.57763095221748
748.8779213723284,1690.5144837992561,1442.6765198238625,6.138057378586951,11120.98616482627,2.9047751857647914
867.5028819818716,1692.6803568200244,2529.2236402082053,6.28848351423761,11550.72794294266,2.913450543683539
911.1929520970255,1691.3549113062077,2232.915765820169,6.140620704196082,11712.13885968713,16.692847367121697
997.6987584230784,1696.809254192996,3533.0907269565105,11.303222503924832,11448.99607901442,499.03374936422284
536.4608924211002,1697.2544692107908,24127.7563525743,9.548125598125965,10989.51533772149,5464.517905329813
21205.722918442472,1727.3598250528262,9391.551545420596,18.090960322255768,11182.734700766356,5799.441596941146
1758.1974060724685,3326.0344770434012,3451.552183247837,29.709603770088236,10038.851506766398,5530.3738155149085
244.66232458271827,5054.8341176062095,1722.7383634026212,49.96466771471785,8780.362355612653,4577.342168891401
14.459363622795474,6983.943924579016,1146.0847419465035,42.20905264072088,7247.705569678303,3739.3926716371493
113.56101278954522,6805.965652642558,945.1761904434842,57.06898773794141,5983.871988753354,2413.5694818198413
224.2285142836979,6605.3400706068505,852.1214159214284,45.36723660222023,5409.204856420714,1817.82293683315
355.0908728033899,6540.228390542041,652.2890198126398,40.70387796008441,5038.132290057648,1427.6583002683199
437.58956190470735,6483.369399488123,966.5436296799654,27.659575669402745,5036.099051547327,1090.3488148711738
9.577271164746332,6637.605389153098,1194.7336790691395,22.6406965162183,5217.859276610658,1433.7738002004996
53.47142953419029,6810.498884028823,1853.8035768507548,25.46159329207817,5594.238449312778,1974.9940180441376
0.07908505696525461,4613.6853147984,2655.2371326439547,9.638467386037016,5504.389037502064,3452.6808973007805
39.7867397212939,1654.330016469972,5.55145643359183,9.53928428773298,5353.336802913348,4720.972038034427
56.85620708792918,1664.1895792030111,253.1281049287256,9.261213342332363,5552.3401685530725,4279.289265522938
298.3507776017116,1670.1010518099606,505.85138596501093,9.225963834725574,5993.511978904528,3607.241068375312
403.5252245465582,1683.1949582165214,1153.53042794697,13.24091651914,6628.000047907786,2409.3556886526353
554.6130036044847,1689.6674247083056,1571.7740482669958,6.356776384897264,7823.824699484327,1834.9947770451247
687.0330130985545,1691.8711218924575,2383.661929141897,6.164133067226232,9165.327222925913,570.6244551232824
855.3160223495796,1694.8210207791944,2857.591895546573,4.971600479137911,10573.720511502983,52.83028997614745
1033.6240653997029,1702.5256587290357,3896.8867830673453,4.858163138435295,11683.89483904278,16.802841099076748
1228.5295806212964,1706.7664523779115,4353.65908988452,4.953135262909062,12759.270158699028,2.9422879413690204
1430.8065742710478,1706.9787931530464,5630.1718155757735,4.9031367907741865,13668.374496057655,2.949783851753407
1596.3594725082303,1712.2376405388388,6032.041699152521,4.773945550056619,14360.172351970592,16.9225703726245
1801.598409106827,1718.4316467073231,7570.339724345362,9.664158280410202,14630.681084616179,506.13572211735885
1094.964017262704,1714.4630091315344,7744.729843081802,5.086030893717973,14343.775925589034,5439.489368628355
862.837772769025,1706.2349043259962,8719.648870480873,4.884870181613237,14240.96050888998,5789.614176736849
489.20696550700853,3005.627352489642,4173.575945483045,5.014807959756292,13032.289973240468,5540.998947078637
291.83804164902017,4652.327419522214,2572.0254303694487,4.872455050211726,10881.556623715609,4615.690058812643
147.92836768165316,6641.1923092615325,1763.767057265064,4.962201599475416,8765.656388260817,3774.1215400280958
63.24023913956293,6601.260671378963,1950.2594003164363,7.614857129953473,7036.327051432136,2445.6108978709617
13.68336952266774,6559.578176762314,1631.4049347850032,7.854582060710849,5842.41298319055,1855.17762916687
1.3529855701327025,6503.381261796828,1315.7139938521382,13.180150249918597,4914.811875099167,1464.2599197592403
19.18401725157685,6435.938218147117,782.0504579750137,7.655341699342609,4227.270258161923,1117.088423014387
31.500109477661564,6384.511920312696,802.6580726484061,4.9178083384845825,4078.966463839371,1450.689439305
4.017465762861436,6397.6325766919335,915.9884746374524,4.748655157491069,4376.024718289602,1972.246849762595
179.8355539350331,4537.314135979686,2469.4287896460187,4.9314097237490575,4934.585201574319,3461.5708783184746
456.4610795065045,1681.912942016733,3322.554572010553,4.835928219529346,5163.02218220351,4797.4274361449925
569.2020165948895,1694.0468114722137,4841.689126508181,4.9634171350134375,5887.857059600275,4379.502829857809
994.3028757708889,1699.386474183073,5311.252124934227,4.886682941527361,6778.872527031325,3683.3748768971177
1151.2735452749657,1706.193362110942,6857.443014019962,9.55785710735631,7715.571844517253,2459.3673397161783
1362.7454837207702,1714.4904936786434,6855.369827830229,4.929616111817406,9014.971992307033,1871.1823826541156
1519.445755304309,1717.6557268743838,8339.415581827594,5.054250781967772,10377.566950641558,581.3733934873969
1622.5570704209529,1719.439456293069,7768.416800943022,6.22682573824161,11728.63951215352,53.752730073854885
1841.6244463914918,1725.7679656715725,9344.431579003305,6.479516512377928,12660.294123540356,17.07469330365085
2054.3489087015255,1730.3466210731704,9132.005005233208,6.243583163531095,13475.159381788842,2.9857469869163307
2247.6349127633525,1730.453240089352,10873.12603556429,6.521110740711796,14195.368203017837,2.9909915290321214
1871.3617241788477,1731.8948617772262,10457.466894172123,6.230808056080194,14696.919148398945,17.157262625422003
103372.29593089035,1788.6087787145352,12491.3787433058,11.99635952668918,15185.766846838931,519.1254858932339
14928.079556931454,1837.424433276139,68133.8465365874,10.15228053956842,14527.865492808107,5562.880704404598
2369.099933712433,5142.079898510359,23171.67571989095,44.151918659076216,14623.631796965457,5871.4912484333345
886.3040566979457,7494.72725707395,9096.00744811368,127.64204254365325,14104.43236948247,5601.985221633622
182.2777914261485,9531.093763382778,4554.557470242221,148.0181883593494,11589.909633170066,4709.562779434562
0.18352934489537295,12703.350161078317,2649.372117736205,153.59363059706533,9382.309950564078,3837.2852772138085
87.13085024519488,13217.462752538646,1350.4503950335795,212.43449088155248,7078.553009953195,2468.914964725844
289.42200627688925,10364.415420306663,1132.567997923495,298.93228152253016,5534.128388131046,1851.1303398317539
626.2054149240575,12981.989801041556,426.0965510216307,268.3857086762851,4493.543048074008,1443.0060424544454
895.9775420857757,12031.741479376135,280.11944053389726,114.92783641603006,4243.501124360404,1089.5698966822672
1177.6117402695463,10705.368069187,236.20903305943915,105.51719931594984,4105.627780039946,1408.5790524378933
1391.09301490042,7711.747195364866,305.5822533893765,175.64813518593107,4154.88811065763,1904.5335194373336
1128.7173583939234,3281.761718206065,628.8248751238167,69.7830485118026,4024.718983621073,3324.7655168356987
24.980610997003033,2320.479445383424,1509.2869483575291,49.445653205049034,4163.233540031733,4684.804496985732
8.510436667076757,2442.0283966273655,1796.7082029897563,29.563153168106272,4819.845692765194,4371.612146698526
77.53911323851644,2447.909941388095,2549.5155837348916,35.33588894683476,5545.004708337343,3675.781013451477
112.92817536976716,1766.5353473192235,2877.4383989291796,11.68048657714276,6405.04532537571,2451.4292581144286
246.11012231132804,1690.1741042365459,41.91296795807224,6.226857179269073,7741.577558664573,1840.8509840481918
345.0809346032744,1694.8266868048977,606.5635605083676,6.308562468262328,9090.33740160624,569.4609737786292
479.01506870818554,1700.6860596655727,1643.49600855215,6.0783241176752965,10796.1114516529,52.884884271658734
637.9827179086902,1703.9253673868413,2378.7188660103907,6.406266731326029,12327.66883736767,16.830933764022273
807.4586957405812,1703.8843386053798,3634.4555770514157,6.0988565288986845,13805.9082902266,2.9471712377665957
972.3294907583697,1710.3435261261873,4181.383187613666,6.471959183593877,14898.014038723752,2.955299589185173
824.602145943213,1714.2620968940817,5203.22544475151,6.34303620028131,15446.006482909675,16.97578592893319
45214.52590817916,1756.7180564797052,5461.2718332092745,11.48672055987351,15924.661409659622,512.3015256075618
3021.3661185964074,1784.051827883843,32286.161858421263,9.914268703150146,15122.582738613832,5511.674494188975
19.389495562195417,4960.242811238499,12270.154058959004,42.82142378183947,15148.6231046145,5834.603408816739
84.87922164371977,7168.281242967075,4118.58022720115,124.3159497101383,14317.133124506456,5555.83791797208
386.47718130860034,9039.123949184584,1486.4554444581631,142.43406897866396,11225.478631774511,4620.935084409812
823.197801169711,12328.244206688278,756.655632771107,147.54079576794095,8731.253412721906,3729.3267189353382
1397.3261621287684,12920.592136315525,482.27439043806027,203.04960639832845,6506.275033945871,2384.185385718776
2075.2967351225966,9835.63279787847,300.9130820693235,286.6053226302257,4849.544685700397,1782.114474752206
2794.725596732147,12665.736198980914,2.599783641566002,255.69281385561348,3869.8292174653575,1379.023596661246
3458.133270350335,11385.16298259938,0.659632138104829,108.95732504095012,3222.1332312028503,1035.5117166645198
3842.256523249586,10150.008785195292,3.6922028463318144,99.9860201170032,2986.271004997544,1339.4572943034932
3929.350687537352,7332.107713761661,9.650176714671362,167.2429661322381,2958.533917865124,1816.7214571236932
3066.755742067776,3125.1659715508513,60.97090136921425,66.66769617148626,3256.2226871201524,3174.124397601548
14.021735783982226,2247.4617799350863,700.2380728016905,48.48414524890149,3543.0962766917173,4537.207477328911
2.114150313899574,2423.83281897241,936.2997014480823,28.952180682261915,4262.378294173322,4327.150745225752
51.75224043085899,2429.2933825741916,1508.335579685442,34.97784429723741,4958.291625165753,3643.611024371718
71.69718532468632,1752.5207904271274,1782.6512839138247,11.610673036868501,5723.383806820428,2432.513605902404
171.78211814435866,1678.8021932714407,2.900994149759269,6.132732114673554,6858.776430287631,1827.9715493145975
251.2385148844842,1692.1050932432822,159.93530276814343,6.305023075496992,7961.656432750061,565.355381040088
352.53206730055626,1693.4005534676817,522.568215365163,6.076162676251085,9549.467817681789,52.444049005514266
491.7111095378039,1693.3012958900254,1469.318165178324,6.298239718439466,10895.382092537697,16.718739049092587
643.3249167542684,1701.3687941964643,1857.4813054011977,6.319785823561098,12188.322776965466,2.925794060578876
817.4070069155325,1705.133913979399,3449.2013164077744,6.16095081541756,13556.884181031966,2.9376064212219064
729.6760365741808,1703.590380136541,3603.242773527116,6.382008663884179,14858.232018030983,16.892641642982838
28972.17887648024,1745.8233908737677,6119.11297754028,11.284769435893805,15924.512377926529,509.51153618782945
981.5777840390009,1763.3333744873532,29509.623909786624,9.84358985515142,16114.70117796473,5505.468937371395
94.45308818715624,4879.982806553223,11862.570095535235,42.45649738514421,17832.876251098747,5821.833074742839
464.66683715924034,7056.7909564768215,3958.0992417520733,123.33269851106675,16941.65157300762,5538.639730512768
993.2231644476299,8923.262783966837,1698.396446460244,140.64545417853267,14300.264366722864,4589.75101314058
1539.8199017523912,12218.47999929251,1079.8128833716764,146.44867554279736,12364.227566675178,3714.3188252555865
2092.922291281754,12922.549127723094,841.3863873272032,202.72356065732234,10861.641053076723,2383.8305686265116
2547.733093582392,9890.96439369514,800.3616410374525,288.1633741493092,9867.557230115317,1793.441484634248
3097.881375719686,12783.942345255651,250.35383607922347,259.2971503891379,8939.291712555016,1402.3174958407271
3552.5205213175655,11646.649839318568,188.30862049852476,111.03518071476063,8134.471889045948,1062.2773987788712
3790.7190764874804,10409.203043208798,186.68943866965682,102.46724804661599,7883.856340888029,1378.0362332172401
3750.9575662629145,7535.535898791294,232.77461122316558,171.7683510275519,8243.304606040389,1869.5367585937017
2963.370951720877,3220.590322526744,702.700489945843,68.52589878761742,8624.707700293802,3276.077885955842
86.27747309606154,2302.346419482794,2100.1626464507385,49.73378833054395,9207.916428092158,4653.510667319798
56.53214410074832,2454.0305624289845,2467.3901198247586,29.125440826672286,10338.023253483307,4380.2630714278675
232.1562546497089,2465.092842487049,3333.942556659003,35.32476235245531,11139.191163720261,3686.7110993371593
349.09974967931487,1779.618504267412,3746.17829811047,11.776102629715359,12223.487060521844,2460.5997267514786
594.9374197140759,1705.0845281208808,205.94853168665804,6.444410857843208,13610.055756247095,1853.4300512693114
804.2274669619673,1708.6104657407516,1502.3060183133011,6.133502552930943,14868.36325858264,574.3313426734688
1017.4732088572744,1715.470122864182,2818.6182143762253,6.378713277281382,16711.49222564745,53.28490049486847
1235.4138451696858,1720.6233065497042,3851.7589968342954,6.182050301394193,17891.691496534302,16.952830523672173
1442.0882647402914,1721.6001237569571,4643.056632151194,6.452192078385134,18797.4642698197,2.9630983037167073
1661.3717594089912,1726.7295556043007,5596.175963443619,6.190102401820173,19243.383165490228,2.9710169859669935
1426.879839901626,1731.6431229501652,5801.258162344844,6.50241706396916,19351.044517497256,17.08184426737284
31593.922142262843,1763.9032831293473,7070.01509604488,11.720199334415117,19506.629795595618,514.389409119062
1238.0213205720986,1773.8205003232827,32436.89836717318,9.577771382356554,18916.299760005193,5525.07291957675
78.60457499876098,4925.951115872757,13229.890296005393,43.36554933587259,19154.95195754215,5843.309360046634
498.4957460972665,7100.954343854153,4190.688696336342,123.22919054509579,17289.266179356917,5553.59269178621
1072.3039798803334,8943.315355577864,1581.3321338269845,141.65733161497258,13428.685398837886,4610.896647449644
1690.667655219643,12213.306678753645,923.7312396087196,146.042862111517,10749.245125144178,3721.0981543656403
2300.546741437657,12901.679474451596,641.312412918484,202.7046704544739,8888.810145876425,2381.6661661781063
2823.870812148179,9829.705732194545,500.0597893277725,286.6135845877726,7497.745658972345,1786.0019714578732
3466.786797112342,12718.582723554064,68.89158545789338,257.73151060268066,6303.487786327551,1390.4819498220547
3957.692521703594,11499.601510906967,38.87778868194449,109.4322038926511,5528.672531295138,1049.5851385526983
4212.433037173957,10277.755688841813,67.47261859252221,102.04288465894787,5268.8112877714975,1361.1861806882232
4226.676147922811,7434.383048891499,68.25027524770086,169.19938139007095,5332.014618303005,1846.4425415773662
3404.8853556772915,3171.1290855291677,275.8304575588414,67.38433315325756,5581.331975716208,3228.479207365037
63.56381303485685,2277.135239654371,1293.2102582911382,49.24170422658673,6088.03459405964,4602.727852794762
32.36356391871988,2451.8246590637623,1592.1187505517544,29.015982125500543,6909.555204981254,4364.319065080415
147.43896341096612,2457.812751509758,2269.143280290864,35.44459812523263,7533.944348655136,3673.646006843745
222.54318452730539,1771.1665747434804,2553.031892798551,11.597158745388924,8227.585482297607,2451.9516413226074
385.03405039601313,1699.01239612517,34.210044148371644,6.489788029985743,9397.174791106752,1844.2937522260443
533.9319530169572,1709.5054280600907,455.8195835847075,6.036191504794338,10543.175411643233,570.7301551132817
686.2832392377744,1709.1425619715078,1119.1051244785774,6.39842200936369,11833.504017402296,52.9168952857573
821.8254756355474,1711.5434571744097,1684.9514246966341,6.189227341382015,12429.30022689088,16.828277652099608
960.1321838316636,1717.669177850862,2156.33849513904,6.345597306837822,12850.472196300358,2.9389159466039487
1109.735523157703,1718.8386712532579,2773.6197556390616,6.362759114415054,13533.72015191818,2.9457213467287096
929.0041387344833,1717.2316695455306,3439.9081010550312,6.222784735646436,13978.494896900913,16.948269525545662
24514.67338075636,1755.382076539172,4216.287461957106,11.67493730512576,14405.37730729477,510.7580970417546
369.56014069716304,1760.7907806181151,29056.718874010294,9.516637926021753,14109.7296326013,5518.272092500673
290.33996916728995,4851.7677364126685,10480.046214007647,42.861099782390355,14775.718483095976,5820.3365736039905
846.7415630696707,6991.270490389097,2834.708943683049,121.59561422831331,13812.375551816667,5527.059131814262
1434.9388963465801,8818.900300818073,1152.8184122081632,140.4988814579571,11731.543119953223,4560.136171428729
2086.866550415209,12087.462154826762,772.7455406868715,144.6361809506359,9912.119916264575,3689.2732247638296
2656.8480856308547,12850.59690049612,438.19240732654754,201.28389833711097,8361.997596954669,2363.278877951487
3149.2536150754527,9754.062837833653,340.52878633505725,284.08234992067634,7330.369398993793,1772.0114648711674
3790.4993317801504,12679.223555747967,19.988706343503946,255.76692147858523,6266.483653295156,1380.0498446404426
4228.095799953485,11434.781463991303,15.304223536572984,108.93575216882027,5659.0045679559835,1042.6999665389799
4494.770598033047,10233.72545204082,47.756564399884226,101.40722564104586,5448.586366539525,1355.034334821592
4503.875159622491,7408.747056168957,44.98016139259426,168.94125691123037,5477.055465176819,1839.8070511844962
3547.254471577641,3165.1341285092485,276.7380215260609,67.45467691417052,6033.588371979532,3221.424599155725
65.45066871250566,2277.596261809155,1380.4994357129185,48.64443617627613,6746.302500264287,4602.629089313404
35.31535591328843,2448.5513067802576,1706.4887165593377,29.117522444650188,7686.214528131319,4367.343002661678
150.9178295232126,2458.0761232329937,2388.6784178454905,35.72699344033613,8284.520782558313,3677.231855141641
230.12814455918615,1775.7560308718998,2702.0170217584196,11.558016510134124,9104.731801720485,2454.8543020532347
417.540717674721,1698.3587253266162,74.94454486119557,6.34758040679322,10796.737689913864,1848.17601760722
585.7116027872077,1707.6614486545975,693.1319220320706,6.301697576094882,12178.263429858333,572.3935502944358
741.0926922032253,1713.5999192421298,1973.9763648518804,6.1356281581383545,13375.440299854825,53.13011996699225
903.8599516742603,1714.5660319648973,2192.6748477931437,6.40117064501545,14274.494287277825,16.89174734557104
1077.3112702404153,1716.7913846293532,3710.12924140796,6.152946438783005,15128.154852238551,2.9514973753114893
1249.5781739348695,1724.9651179608873,3527.3388605095197,6.465267856090906,15865.30873267796,2.958374699966342
1365.8912521572972,1727.632008946395,5509.120855424477,6.159588728343576,16308.121646089261,17.04012147600311
1551.6901897331552,1727.7009044506183,4797.30140076505,11.590296685805844,16463.429439411768,510.376797483502
929.2925730939792,1734.4130503163267,28966.48977867746,9.755907113337816,16025.656854224055,5518.986034927874
26637.281247580406,1769.1447164901588,12213.449230052865,18.74983559986519,16427.1768467571,5862.229937743323
3162.2042016426612,3404.165029476293,5798.096351418547,29.952857269421152,15295.49375013852,5595.420879727142
747.059876147023,5196.181201789138,2722.7716764994,51.12781889916205,12535.282678671727,4689.845860550999
11.35512139241262,7208.427492310763,1693.1272123171343,43.63926600605787,9958.84480097889,3827.3098949831415
20.570753311842083,7035.500679252034,1496.3233636157984,58.396791547004945,8486.875267026888,2477.477948724208
90.28408975485738,6827.163675942703,1319.8060773522996,46.630413016084894,7542.9531183329,1870.7118496476762
244.5386082770545,6736.152363329385,903.9575981941472,41.66534430740818,6397.967921467983,1467.154806145624
397.8971167642566,6636.3130419781055,985.7843768601613,28.60335639241443,5778.659141726185,1115.7935666164808
8.870986250484043,6758.793119074594,1008.9131889853841,23.17015779078297,5604.383064695627,1460.6254175501838
62.014839709984734,6915.875852463794,1475.6914740988257,25.760595746688796,5607.793881874739,2007.3803266450373
0.0018692788607141725,4683.323003071854,2679.1457349615093,9.419882854220523,5901.647268382461,3509.0844876393103
55.491134762070295,1682.0480128431943,24.472245374033445,9.705465271899575,5962.012189846218,4810.222294650869
77.92234906518836,1692.765351807697,368.1996661978325,9.475238051154628,6258.054771053562,4360.525243049535
372.8175240955609,1697.8298257779934,814.345688018538,9.232832327637533,6805.429551952214,3676.628251113061
501.05455453773857,1712.098505172856,1427.840390842127,13.482968604270969,7497.422614150468,2454.7411932725586
670.0850651510514,1718.4560754576958,1795.620803324642,6.517443657940089,8655.04127976374,1868.1664357698007
794.2065536436817,1719.579190223068,2483.928367679261,6.152134015311628,9743.705606523468,580.4833714272905
952.9142717622867,1722.8955444267888,2729.507098112198,5.115410648609611,11144.92939433283,53.62061561752398
1138.245437939017,1730.2335189191501,3948.30876013976,4.828550124082899,12307.655405502273,17.03073150872584
1334.377523191188,1732.287592584857,3992.529145531551,5.1041467129040345,12874.719572187747,2.969327927961699
1560.823129669005,1732.9240477907074,5093.065817690735,4.8623390096204675,13080.798536326818,2.9750386008007075
1671.4969798882523,1740.4358678596177,4815.703206752958,5.114356409995328,13157.887356390724,17.117644490639353
1849.3553213557288,1743.5513290702186,6086.332397454122,9.361867733232506,13100.503730439688,512.6362040619455
1079.7718214850222,1735.6378398469228,6290.536586682888,5.188031751125948,13029.552309200346,5472.916352351739
880.052296779932,1731.0261364961,7824.5377337973605,4.838453683447882,13309.107982487578,5827.464109436246
599.5866550794482,3046.5622115702595,6077.160101433141,5.161321370716757,12997.587250025133,5591.574840670706
375.4028575077998,4723.771249641808,3925.777069549875,4.848544217830373,10721.22423791006,4700.30063081332
268.65995779503334,6757.445157761783,2832.776403386537,5.1223922881389745,9504.269964153294,3844.712326816762
125.14955861355622,6724.741700172496,1904.2032783668224,7.623145387997231,7670.950620462593,2486.58987148677
64.30373372402546,6689.224657944548,1593.6004024144192,8.022532490039403,6691.361526501911,1883.114477008562
22.13495349210881,6650.661130418138,1363.5722399850242,13.442979451780639,6049.5093862774975,1486.3408464861427
8.795764307057766,6621.973498858964,1325.4577398064228,7.67804782428579,5875.788558834361,1137.9365449628542
2.0854799294491118,6596.783913394545,1410.0579791715525,5.118171185855515,5577.15206989543,1484.8071779805541
15.197582628299028,6599.690600996021,2205.731844245445,4.749623145075429,5594.7749590455005,2022.1532923592924
318.2537873047152,4642.226515057533,3586.3875239179956,5.108264332733151,5390.374963343687,3535.281838496061
603.8020680267368,1715.8010091314611,3836.5342363587088,4.815179312118364,5117.707975324619,4885.423332284308
646.0151349581395,1719.0421818012223,4573.153937716239,5.121732921904195,5266.581053920379,4451.996769361417
997.1991055868027,1726.2440677349357,4385.847262155858,4.847726096421368,5477.417052544838,3737.8966839271948
1063.7788390802818,1735.0438828728406,4965.039296034722,9.720901410103227,5644.837127669423,2491.398684023682
1199.9238129876942,1734.4262213189586,4720.215134408196,5.089716264299393,6240.287584881554,1892.6939073929946
1286.7016940929516,1735.9788813663242,5487.834966285188,4.974257771856417,7140.069341763347,587.2411999498677
1286.323075473212,1742.5685499313356,4913.840339932078,6.4265811682675995,7852.967518258996,54.16717034243901
1312.273912519995,1741.3734869679215,5299.5950245206095,6.32871285415514,7975.3716555541205,17.165701053545554
1369.5870381445582,1739.48587164475,4821.997774811883,6.470292581140261,7998.2277393510885,2.986550801841809
1431.981041235859,1745.3990215066685,5231.365319616687,6.303071932651734,8053.272116884423,2.9870401063741174
1076.3401306974215,1742.7493263653253,5074.261780177434,6.497011553634202,8263.31926575487,17.17336141501502
91367.16887328823,1793.8848907942017,6026.974083875115,11.606824583118541,8593.959356670335,520.9415215517649
11723.721836838238,1847.589751084378,52732.645578946656,10.227594285903994,8364.839068005309,5575.257709058166
1391.6910499875955,5148.68870034606,18283.059145228905,44.24998475809247,8691.922854735441,5890.70133777434
430.0411692968044,7492.74007447053,7172.98825652709,128.65634430239896,8888.084441229556,5622.770723386766
34.519291722834744,9523.326379036058,3757.1382436957933,147.9463621425219,7562.399602384629,4741.527775568991
15.2436696080983,12719.71595451162,2535.2801324692186,154.29220007564075,6751.4812323655115,3866.9602977913655
123.3984217803736,13267.904156899825,1656.1925782647438,213.77747286077602,6000.2241994279275,2488.3128757817894
298.7465387534459,10469.865615393033,1749.285059495719,303.2121659017654,5557.079576489318,1873.3182496822153
521.5756440853534,13100.28915392622,763.0397484467469,273.2976659454197,5060.521159891752,1466.5611289166204
743.2474272778358,12281.437936215842,623.8909973930313,116.68885291040462,4928.9677163064825,1111.587772003384
961.8335695399786,10956.434752194604,635.9842451465921,107.89017193720248,4859.697652827127,1441.1232834179293
1202.9458281505113,7894.367858623652,634.0796773673703,179.63473798157995,4521.859279497652,1950.2353558532886
1030.4673414660608,3345.9445597300514,798.092566972221,70.98791760604986,3908.5606193146377,3393.504369067734
20.84403148231046,2353.804468945127,1476.3588509935312,50.858055654140315,3639.1226085157314,4759.593628866741
5.204006754073613,2469.9377573892534,1630.4265455351895,29.404423504670238,3920.4787345024606,4429.15791924656
58.6455891672861,2475.836214578441,2204.0049283222233,35.651835759133895,4223.558951205836,3721.696789555078
80.8296369765087,1783.4376099662857,2358.904490300024,11.83633882841201,4736.218634141413,2480.4087980227364
178.7011739896538,1709.2083231578526,3.149201392521148,6.5253418558553085,5758.142364397455,1859.275907379572
249.55925781448337,1713.8102452577627,203.33977629112127,6.0827872013923185,6710.4827307046335,574.1931926408976
343.49635682121743,1717.8170307470261,570.1550998676121,6.402700161965285,7763.8123861667655,53.182569628933585
416.9363927351311,1720.0758668585177,1055.2542503801585,6.105325711310564,8429.21150779776,16.900880705701244
505.38620541068667,1718.1287318358388,1297.2952617191177,6.4647249691383735,8843.16767263585,2.944630677263411
604.4157513183239,1721.7253470351989,1790.4150010473572,6.315060805643125,9368.9759354262,2.9500032309297644
475.3055506856657,1723.9076727609524,2122.330318829509,6.28727530987421,9760.397447317662,16.992680508981643
36973.9157766271,1766.3436427332401,2958.1261189559627,11.749877685502115,10380.483332906691,514.2806670817164
1948.7352621350665,1791.2575617946848,27801.209407765713,9.54871396820258,10542.56643587679,5531.764880889028
6.724419236195458,4957.466064178026,9502.51227089116,43.59200914508013,10928.590797175922,5853.376215426699
261.7827946459875,7120.281212676817,1778.3489747104702,123.43123473541213,9546.105130236296,5547.904501451175
682.6305146651812,8938.22272974488,674.995818570388,142.03960643792848,7328.604112517903,4598.02210581308
1205.663707255966,12207.484242856073,385.1035718953411,145.83857953018673,5723.5849230872445,3711.0493495645824
1761.76403740224,12865.67924818114,104.23094374212008,202.33421742151728,4594.655744077105,2366.3035575554773
2379.6134985734575,9734.269768746784,23.023141678925818,283.53345233214634,3730.6656675626746,1761.9269435404622
3136.3930030139445,12690.549793985592,30.044365366755233,255.0001294586756,2960.365281337998,1368.6807485246566
3400.453151534701,11466.332820239553,22.476985837065463,109.13811404489374,2907.782778268686,1040.9501650416091
3517.7564760980126,10282.094090674846,22.226272043945947,101.92720168628117,3078.860173117902,1361.0370836887141
3903.9807937907885,7418.1914162774065,4.334958361449813,169.2866918409842,2680.1244460907133,1840.4824006304445
3113.9240359510836,3146.5740317754485,28.810051511197795,67.08197210608223,2874.0300209041043,3197.5265295340882
11.896768256569695,2262.181756346969,686.5659151658052,48.377195600704646,3673.7841388689126,4572.508904316962
4.04443874509118,2444.8354425883044,1089.6700250115587,29.183454227631206,4995.556540273323,4376.521055445247
69.39113697199885,2459.748749357152,1827.6843944472114,35.73052489413979,6269.523606212936,3688.374235197388
99.28507467961059,1772.1225918685855,2227.263038111535,11.641164332721603,7377.19830588073,2464.2724163560038
211.19888390757137,1701.0770249069958,22.4667050035744,6.298500782193741,9092.104554212357,1853.7469186552885
326.334584751121,1707.18408661426,729.8509344709727,6.283440419060053,11083.702361853733,574.992666629658
453.94507756658845,1709.6286868934965,1524.003128004423,6.141508707875916,12838.744590920109,53.34578561726405
630.8548975214123,1718.0621901937645,2630.908623452073,6.398736193648663,14228.384557308702,16.969114880219834
807.1265828758244,1721.771381714204,3227.50682007729,6.1690336186432315,15484.471729775029,2.9587419754433295
995.0873852939118,1724.364572608163,4412.715067379928,6.473632209085665,16578.55397038381,2.968304528110006
878.8686726669965,1732.1148013019779,4948.734719475389,6.176205350953629,17351.578893486112,17.12697333754155
31536.02271587537,1770.77565052621,6135.150638517516,11.839525452154103,17735.15380339858,517.2898178460766
1207.4245152993974,1784.200948412917,30452.238045759612,9.894464449533286,17408.141117167463,5542.71383008295
87.00406754707983,4950.543335165581,11730.690055403787,42.98300798368535,17823.810222685068,5859.842608815266
571.960387831668,7119.714590820856,2851.9729971212205,123.91276673063113,14945.803722050126,5560.194536504246
1323.616779182913,8925.003404708206,901.7989046092392,141.38583133982073,9857.982663764215,4611.504270152745
2093.506242818638,12135.532775286832,460.1113096697238,146.10110577211745,6890.222954593959,3707.2125603873556
2734.9903895628827,12826.081264703149,119.77220070174243,200.8335598132443,5358.903768642127,2359.198937221997
3373.0288660346264,9669.229141514961,24.53121538715978,282.2945614373517,4134.122586475782,1756.119120006803
3761.1323278505506,12661.295156254213,0.20536682310209936,253.34693002687868,3637.4959013529474,1367.6655132826338
4087.5468092901174,11407.997931875881,6.690061521198151,109.24674937118344,3420.0394433519145,1041.0097184036817
4223.734204633471,10234.771122830978,13.584059781041713,101.01394085896371,3461.216960079336,1355.870037339374
4363.506800409749,7403.897824653913,10.148998333087459,169.1356887760402,3501.4003076899075,1838.7442108668895
3611.078252183478,3153.519242877936,95.34251857889294,67.1717976647358,3639.6462496394565,3210.201482800654
19.513465967082155,2268.586082772572,800.1041389095623,49.158817972660316,3951.30883482993,4590.506808729732
4.6040674332300835,2450.381041023582,1016.0180115799207,29.12015804900011,4583.549825404498,4381.037855682209
58.71284470715604,2460.4018570837907,1513.6784922502181,35.31983370232399,4965.699599396921,3688.3279487333425
73.49779427649644,1769.9580497569734,1671.3805610996167,11.733238477217588,5344.682790144004,2461.5195891948524
151.9219136342049,1700.069609157049,1.01503354339898,6.384136227969589,6051.995539251415,1849.0915880229684
212.34542195840336,1709.4593465085811,37.970996115024974,6.163608069860257,6606.405079953365,570.7122699547059
287.4695271460017,1709.381611195948,231.12511282310115,6.2822535026842985,7379.81405089392,52.82590201251735
345.4838075289016,1715.4519370335893,303.9887233493775,6.1532101952726075,7780.86701557285,16.766532326763432
417.3146144648306,1717.2231558645178,552.3310318816999,6.345288197340034,7886.318068180971,2.920343758276386
480.8128297529699,1715.4085626377423,590.5975273223038,6.1493349100373536,7915.495695789449,2.9241904736148103
341.78362114208636,1717.9011276125286,852.6650593973649,6.381743878528637,7742.260100992957,16.84846038185945
17126.675371518733,1753.999911687862,870.4786472779973,11.53835500426225,7424.124323731522,509.00767204591756
0.05352306944852469,1743.2310168674817,16136.483443651727,9.42424958607718,6690.779896340806,5515.851456056157
830.1544204281444,4750.3757200749815,5807.149240079229,42.162408348784545,6750.41285018309,5790.2686299241695
1435.8121254443454,6845.575614157644,1862.1853252543174,120.20960796709768,7007.596030111501,5506.921611537902
1969.4735973601887,8692.909376562864,1136.689904475207,138.46111418263493,6572.287268191051,4515.927054860612
2517.589579125033,11974.140870006473,574.119717793793,144.0283233798273,5883.028884007586,3664.2520552708124
2943.270653020894,12830.292587043412,324.60333267656046,200.17892812017578,5552.453030950967,2350.6614330932366
3334.4118633757903,9714.901886089845,242.92152479935365,283.948794437731,5086.292473035138,1767.7456782610764
3721.7065473913776,12706.341528546362,47.12569514176045,256.40724568037433,4603.353713954645,1383.1205757483374
4019.543641973484,11491.66637155964,57.49938201036414,109.50242664094034,4410.065042995957,1050.5943457734052
4263.298021211989,10297.82499563394,61.152781977880416,102.12365242356645,4291.228192032729,1365.6359226819498
4437.743856050032,7441.615884779197,61.28740125217723,169.86206448306768,4097.342453904434,1850.3355090225539
3772.651208245809,3163.048843605108,152.1392509714094,67.28283781985235,3674.942653884797,3224.4828855850483
14.605558323848557,2268.257509301404,742.4050477756381,49.04090329445602,3449.7984811428423,4593.900196321351
0.005617302701446548,2443.504914118324,833.46920353496,28.996694232982605,3575.959915069921,4376.328900027896
37.79784424402517,2449.978931250735,1127.083331550452,35.66235686216866,3586.737377918183,3682.1958834277107
42.911378962240754,1764.9514040507893,1129.1486409427964,11.460889935824785,3593.907356139686,2454.582907854407
90.96097685302142,1695.0736075364398,0.0,6.503806685698268,3973.977642759665,1843.6124196758917
127.01223823786779,1706.458608283699,0.3867768421174349,6.006055090798341,4379.549605670207,568.1759244728228
168.52993347329064,1707.6721624134807,17.25723533241766,6.3723033011798,4758.8839573982605,52.49463524367803
178.686842321513,1712.9743406453663,29.042366570778256,6.25874482225406,4877.7778253994165,16.648837175243074
207.85573207937293,1713.9904324941742,62.57682844812102,6.159781628700968,4965.091900933882,2.895999561093509
249.86274608844977,1711.5500687609524,61.84867657378693,6.322977059550332,5045.967729729344,2.8977593808257955
163.40363040098757,1712.5767608328838,112.72085056632326,6.108875335453109,4988.836810261451,16.68943410881682
11902.829427474042,1747.9655020308985,93.22282131647542,11.54484801550005,4800.74549007551,505.1316294881376
121.91333006137651,1720.560865835813,9338.266486521192,9.433174065117825,4258.1832871039605,5478.498642108467
1343.5128663490154,4639.084912151676,3487.778991523087,41.135349029445884,4214.83425375191,5747.926831773154
2102.143575560625,6675.672394733341,571.3580832751841,117.0819252363922,4286.833970153099,5447.186249675223
2754.771138091532,8431.37709256487,137.34700654464527,135.21818130724043,3687.7135286218927,4387.480888172494
3353.707268660153,11579.601279715676,32.67766744686405,139.5707419528227,2900.080184941589,3546.283265794891
3895.466435608092,12619.767480271214,1.30933475040114,193.7847822234523,2298.5011577876185,2269.8254019041938
4457.821559356634,9364.475141881585,4.979495858031725,273.5807182631091,1845.464736033344,1700.1223463943654
4891.207218676963,12399.147416796925,34.52879822029427,247.38458617702125,1590.9520112912107,1331.93281636833
4894.813872002654,11188.356868807576,4.824427546752442,107.18086083547499,1830.9122387146738,1017.0480926442712
5008.1647083088355,10035.865764617347,2.079690259598438,99.17575329615515,2054.221175380269,1326.1615810816159
5134.5993907893235,7262.205002646879,1.4685492303562104,165.82479705507777,2074.873782112646,1799.8657339500307
4387.45685992478,3082.263830432249,1.8578748794552968,65.61926213013811,1918.6380265075702,3132.791177958169
1.145773103721526,2220.6561857835454,324.1125212185608,47.81539973516701,1947.7285344775205,4490.859792116947
3.4930738145657925,2414.235496993456,430.6115630438766,29.057432294268466,2296.8266761579193,4331.67340638834
11.25753012994217,2423.0921982266527,664.556664157384,35.01343858744439,2550.736017937075,3644.355947566738
18.508662862327967,1750.2021436950633,796.1918105559837,11.583117122178109,2940.7498196030765,2437.636864020686
49.3275705091127,1681.5410082423687,0.0,6.145389154610684,3654.571350157567,1833.6218060634296
70.88327324332755,1692.313591493364,0.3922881932431381,6.294009928687238,4234.716607641392,565.8088632900369
119.01846889289241,1694.7112172467066,26.75411374407864,5.981086211101679,4923.397645054806,52.34408504705778
145.84597695975026,1702.1820889218145,55.04774269469307,6.353885261214576,5411.765719057325,16.618518536762434
179.81094853254712,1704.025521014102,154.49088271573126,6.2341961430820385,5737.993511901323,2.893196328584294
224.87616979087178,1701.3621958791377,248.8021830541974,6.14686365515529,6092.871065848167,2.8999632166291995
255.98394985463884,1706.2081398112414,487.07774482049956,6.294467860628845,6280.8394448008685,16.74812076320258
304.72837112270764,1709.038824336081,516.661538018469,11.018777826481747,6221.107572008601,502.1680499899368
57.75642173008371,1699.0947317982943,12756.017865074047,9.588778521828283,5961.293228976704,5493.860274928799
11271.976795171979,1728.7089041158238,5028.644382207502,18.48039454055635,6105.316091746593,5824.14802554553
373.0826815675758,3321.5700906666098,2255.0566653122446,29.233770864808523,5952.41845152904,5564.931597214059
19.773768020527015,4989.622876047475,845.2646280007484,50.179034785144125,4966.322777380483,4626.16312274462
320.7299267910372,6835.518675803077,438.53016800617155,41.73513787037028,3730.641388540308,3755.961311923513
639.6605196161113,6654.568166115045,233.46893418935693,56.65207147604405,2817.318285178765,2390.9852514295826
968.3677248279846,6404.308474746883,34.23171502765939,43.69482422902867,2095.7936092842447,1778.9753750341365
1351.4651836963067,6268.312939811145,1.4407098588540277,39.69920933688317,1603.2660883593203,1375.658313057721
1751.9380419430843,6177.624631586347,20.326781402843135,26.43841477170889,1366.1658687672748,1042.8280043170068
106.14307694862087,6378.124960794413,97.24643638461892,21.926961039408535,1296.9023142545686,1388.6671101866757
207.14767989732485,6643.170200610554,199.62746426624793,24.976027503263758,1376.5381671053256,1947.6575282140764
26.29324018319172,4539.605662375161,575.5489523438999,9.51109346270118,1707.2511421726308,3422.140342648546
6.585315452971479,1634.6290964298844,0.0,9.10218442023823,1897.5666182173704,4728.308396243593
3.522604120183492,1639.537696236369,1.6474808259255376,9.366103028721216,2242.2074323162365,4285.87561671918
21.123297222315042,1659.508285736309,23.214465823617257,9.383745662115253,2704.7852578001934,3616.1177404708474
42.52598755285919,1681.0963633020572,84.08855121760561,13.065722361544395,3209.6329526795566,2421.296786834908
108.16927728822529,1692.051233954318,252.52370517315128,6.2817578880421205,4066.108793457739,1846.7049606202327
186.93917546103754,1701.38356419869,406.47793533073,6.305809361187169,5181.454039349371,574.2539550063779
287.21522374061897,1704.1991783606354,842.8307084563768,4.818792253037117,6299.566035818388,53.104045009791
374.66052644494494,1711.498062008889,1123.580676932528,4.975259316134355,7053.218418641082,16.86052810255202
475.11489606511094,1716.440598193744,1751.2524561657244,4.837044050786705,7748.252049746761,2.934707707291068
579.1818171509177,1716.34598988439,1987.627180030033,4.991860394211075,8395.5935014977,2.941232312734418
641.270588170947,1720.928629198786,2804.4749659491868,4.868375178617091,8865.137822543094,16.989304797033565
724.1033443485924,1725.8379979993963,2849.959037212245,9.594993213436442,8979.792280166877,509.73245561171046
279.90607285063254,1716.9807164323272,3663.034867138619,4.882004602469858,8747.573268112012,5462.6629461223365
154.6284430960991,1703.2839688753236,2850.5337270820005,5.030191407653237,8474.589062494679,5803.456032014894
31.8226251548434,2989.193103428272,1240.5208627223922,4.818769601328944,7353.0907431330015,5555.239621895026
0.45418325188487096,4609.486748965688,596.5339154637442,4.97780345443609,5838.860224670232,4639.481697537047
6.0425175263797435,6555.096908501088,480.48997124109314,4.774153187398698,4411.62327631773,3795.8502629188565
25.401330661182232,6492.603553178307,325.4755539562084,7.744061505385923,3372.2202139928013,2450.006355230526
47.5653721359307,6435.914189247573,273.79331293156974,7.466273781493518,2639.1861314035727,1851.0169700884446
87.5183460657037,6368.569018074942,122.3816999771073,13.084240073823636,1990.3169761364027,1454.023210754745
140.43791740337113,6294.853596730086,85.49274573313994,7.710734789473227,1578.003310973784,1105.4794073612034
174.63254689782872,6237.137996299239,67.94020356209133,4.628647844776953,1403.3067121288748,1433.9992282807573
167.438289212606,6227.769130352249,101.20997835041642,4.807753932681731,1342.7056119952342,1946.6421537130211
2.2965963595727734,4424.780577255512,204.6685513849621,4.687615746637909,1593.2529235597056,3422.0120712188436
12.593862527665456,1662.5269186412654,503.49331298183847,4.942145927278956,1874.657240356855,4799.975426936862
49.66082439135022,1675.1591859171742,838.562484775031,4.769073704341983,2310.4432329830297,4390.765921789611
223.83933819070003,1694.8639033225618,1217.186134190794,4.99526563132396,2788.01000278072,3692.874591733939
291.9335331160424,1709.7466814406148,1725.69812533243,9.239713264755933,3370.252705582492,2465.171110190769
438.2804934609498,1710.6940600921846,2210.5082335746392,5.136523871057688,4208.161698333996,1876.833045760071
547.7061100446422,1719.2125248754526,2720.733611422986,4.807061829666353,5047.011321114943,583.1569964125896
621.8589878480741,1726.2071079343054,2853.1914458724573,6.452110077867277,6008.354641101217,53.79510213255081
734.5571622786748,1725.9922128922651,3563.1192485445067,6.162171040929137,6885.106653134589,17.05882042361615
843.9848155879616,1729.880889280997,4111.298310990173,6.520835812766132,7710.530177998244,2.9665549720592077
963.9755232748561,1735.6715640928937,4959.627137459438,6.3992861215860435,8514.110170436976,2.9731192207046186
722.9351025184554,1733.2678649847,5050.149752066306,6.315065008656852,8688.062462770198,17.16570870990115
70615.90263149938,1787.4172433176245,5326.831621649138,11.924055630684666,8591.43391707239,520.8311173900119
7155.589577828083,1835.7170788568128,43289.572717252166,9.728618805177227,7926.181129196975,5571.227260979326
666.6916825079603,5103.044203094554,14359.588118530748,44.59899437970925,7900.507035563703,5888.836241738861
81.53074714739296,7418.155387477515,5319.479790591781,127.02971270221207,7790.002781471918,5622.026152245893
12.177229708488994,9401.219556623308,2700.1890289158446,147.7876848709377,6588.576818943605,4736.4880512775535
173.40265179711184,12600.9406526733,1057.134329837012,152.0849080810989,4874.799135307517,3840.8733226725785
414.8531622671475,13136.956379537198,665.8910636364122,210.65114098716657,4090.0965221427678,2453.7850725179646
670.696168361701,10239.918390402845,808.9943951397419,297.5148583204672,3848.070912749749,1845.6783068064908
969.0607799419063,12996.84650494213,364.4592022636907,269.05304937081496,3615.322328530579,1446.2560003207907
1295.1788247022894,12046.298664559248,252.23938775509262,115.05562831993896,3489.44046926915,1095.852291697131
1602.7673126457355,10742.728445909439,261.3147445759303,106.32637264120845,3452.6524995937493,1419.2928243832596
1876.3132362431375,7746.300563967634,303.8922082492506,176.8588208677187,3369.8707962588187,1921.0748009671406
1611.3874732430945,3290.374586572896,469.69811308913944,70.05694262192597,3139.845387670242,3347.1001524899048
3.7083511955690995,2330.88611083222,1209.4238807598445,49.68382276832774,3075.4490472541975,4725.82613683099
0.9513411154277621,2458.896851230166,1339.204639507212,29.826087027639673,3308.2441859300384,4435.817714446427
25.619291256466436,2464.385598208901,1857.513652479137,35.72672015160364,3592.0594054018657,3727.27447125715
34.245980920668636,1780.5757255465971,1970.5356332262609,11.76677294677122,3883.428902351321,2486.2197217082157
92.3178121244293,1700.9984396044194,0.36916844793552905,6.271887504287589,4532.874225005255,1862.57422664754
149.9643546557886,1717.1762407718384,40.86419820914971,6.340435401203319,5207.761614812061,574.151641338881
212.68743780324112,1719.125451592987,263.9603744018746,6.0807014241625925,6077.23790274517,53.13032936837942
252.20521707010096,1715.4372455499,466.9820262406841,6.4105988319339,6700.499276038445,16.868089574585145
317.24268818856154,1720.4002685551268,800.8826824343882,6.091670663155917,7058.809535672003,2.9340899741624105
386.2485871569962,1723.3140420956508,968.0281355983,6.464789958148635,7325.096350101152,2.9390811142378817
281.99281215366153,1718.078371567477,1314.447081559128,6.3413931041848715,7437.603057081159,16.96787667542206
28077.61845381076,1766.269819719232,1431.1707557279901,11.446974002987455,7438.676336938406,514.0069865771382
803.8177361858925,1786.293654214656,20354.848562763982,9.848765615068903,7090.872902515693,5530.5103341051
131.4722468571403,4892.629440340775,7199.475170369979,42.519719933899864,7353.352154112336,5842.258945128143
577.6014322489558,7019.621315831549,1411.1289844853313,123.0282620534685,6825.933714565029,5537.2685022114265
1142.2872031500274,8823.642867054721,480.61308592312395,139.88067985673496,5578.944039782266,4561.514439147408
1719.5519941197485,12071.94235266242,294.7558311340579,145.43349736112373,4618.956650326344,3684.1021051430653
2300.1015195102127,12832.479728186028,96.15583720333309,200.7641133927867,3843.5497565012924,2355.412594543501
2925.1991228127895,9685.082618425527,22.09986958622887,283.21729779933247,3249.5403940133583,1757.5749495429202
3598.315326421611,12684.348207006293,26.20231405871583,254.1834893090732,2717.7769325905533,1367.2824108981881
4145.353145921977,11424.932918850514,22.938940422498128,108.74242504264454,2390.6525306968565,1035.0802132516396
4450.324207245683,10195.125975967547,0.9803034331733161,100.30863705531597,2354.1102517444206,1343.5571304964283
4424.666803169104,7357.04775187715,0.3557516516681453,168.0157037954593,2466.476518061445,1824.3668043450277
3487.456794617434,3134.2720604254273,17.966550524503244,66.72507940112793,2624.020809410841,3188.762214191863
1.9025163201821322,2257.6736550778664,559.5539028992695,48.97569885482082,2882.2371508970455,4571.153007526874
1.5281976094940364,2438.1454533001934,765.3879730487544,28.98885541393112,3385.1203057322027,4384.764920426715
25.854055580353158,2446.540197925957,1255.4150401483712,35.25562636522049,4060.3066049537238,3690.7945990211656
43.063257143773654,1769.817298290467,1585.9570122639527,11.746215431848709,4863.234425900846,2467.4347083318194
109.46481443732391,1696.637859593698,1.8357835034301175,6.461145455949413,5961.216484268141,1854.4322563736685
176.84657209845125,1710.4936158927894,95.89066998302677,6.05772979729302,6862.708746182309,573.350807801716
243.5959525906876,1711.248997057697,311.0466585035855,6.36848553019177,7838.297942457923,53.04409098956503
298.11610582437635,1713.2291182871675,605.4586424880337,6.078428731936937,8644.541998518174,16.8464984715034
401.2159703536703,1718.9449965738133,953.3201434259412,6.42327259015962,9429.229629126823,2.9311318913836937
532.6160077069454,1720.4648496359498,1745.0471918394928,6.179951021481919,10368.50173417485,2.9416258577890346
436.5544897020677,1720.4443824727473,2035.3616912310383,6.3879787754268404,10914.204129727399,17.002420238511377
21517.077938710183,1762.660957534434,2854.909866627434,11.68911384263432,11264.626504384034,514.2201821174204
226.11409492011194,1768.645068284978,21611.409180259077,9.439304557915523,11029.78303333403,5535.928164752116
431.41855086962994,4856.655779855372,7628.547637679117,43.089769020309504,11384.720966099134,5832.876768445892
1134.0868213586311,6972.388547783611,1618.1684769617768,121.51835155811106,10055.309205114629,5530.452213483377
1890.1933507091953,8766.618805759676,523.7348314926388,139.94110762807637,7763.9848963899885,4548.62100912867
2569.4825862600123,11994.974064370275,284.0751264177821,143.82711832148314,6155.005966735025,3670.8504937696243
3209.9365599824755,12798.86452311046,87.50908151272345,199.9668117875292,4741.4305934693575,2346.5093119197377
3582.5228505891955,9659.05562010063,81.79680346810457,282.0629593781613,4039.3168371969573,1758.0723657566011
3908.542172890262,12683.426338978776,3.692954698279613,255.0613811031716,3629.0917555016526,1376.0076787975663
4141.5927486322225,11445.143569956004,8.899756505661035,109.45879882368122,3561.5404203450457,1045.962375102344
4413.036265315783,10256.901768855763,7.906628073133831,101.65037632402819,3375.790182028549,1359.7089571193508
4463.894839000249,7421.062189186631,29.384964512643204,169.56463178155067,3483.2699832378553,1844.5375697925167
3787.488532152928,3160.7795473777765,88.13191867652405,67.32083543204868,3248.3196974232387,3221.8022323183263
7.164447176391441,2268.7704828978162,649.4761943624944,48.546713876347816,3282.767231802886,4598.082201302463
0.25257863988931323,2447.2907418744685,788.8685606799567,29.55353719251238,3623.397229872029,4392.833683913524
35.241354617759015,2456.2556342134812,1210.5996749502508,35.47708708621218,4021.039749220298,3697.333763858751
47.93919926624966,1771.4436341279434,1383.5374330649786,11.68765366126894,4440.756214300701,2468.1342253336434
111.91665324012715,1702.2506314472319,0.04600735468518583,6.234849633582267,5103.130268840695,1854.208154188334
216.4836866385872,1713.3542835482654,84.69636230456065,6.319813154834288,6396.069030798837,573.3172202643938
309.5769182308388,1714.230012381562,337.2435631171027,6.081452245269984,7506.7648147969385,53.06424381727375
351.3955542170042,1720.268283313141,706.6482465432798,6.4009869138457285,7880.561964015534,16.859723696651585
431.1399006959926,1721.3423203138238,930.2834927941,6.095512180621774,8209.891162865939,2.930562767254725
445.1977589145488,1720.2573708624593,908.9450118255438,6.461852785567923,7773.819509825249,2.933819815148986
277.5052355007134,1723.6793294189788,500.3371426927465,6.3411496035547925,6963.1606567159515,16.897324141012092
14309.23706041553,1759.1313915178487,638.8875068862486,11.338549596071642,6538.502907098201,510.43962108822933
22.11128981289825,1741.3883365975837,14403.530101857821,9.639940092575225,5897.782729204102,5520.591204972611
1035.2977261911387,4735.613674995333,5045.304183247907,41.74978502859031,5872.200935863109,5792.592631331039
1741.5662296854923,6812.347162809905,1213.8331260297405,120.12999147078173,5768.810425640962,5498.584980944479
2378.367203570184,8618.205895920653,530.812354379547,137.24879748842497,5049.387163829476,4486.558794126576
3044.765928440916,11824.011144642862,133.0231048602823,142.87848494714916,3965.4999828790747,3624.2812003432387
3393.055314661974,12760.16376669242,83.07595767516358,197.50721014528008,3736.2469416202775,2320.3417769676807
3773.4871631135875,9590.323257157437,53.31928632109763,280.8388566927757,3272.523263597256,1746.1151970697506
4169.841960207312,12635.572261384676,0.29885799658795625,252.96798737602845,2833.5278614197414,1365.7556767812177
4489.12363424976,11345.081038094437,0.6646508477924654,108.49001941328686,2648.8223634427263,1036.9311336060198
4774.410976373821,10154.64460626734,0.049776518886584055,100.32697052135538,2446.5110908344263,1345.9839360463757
4904.722813457809,7332.920394948364,0.06840862048893762,167.5892527172924,2352.0332156069885,1821.4904587744327
4182.468791164522,3114.845232289163,16.938391220879158,66.27339246688555,2116.7329240798626,3172.6782077411644
1.997674219419208,2244.280197279036,391.2688332784415,48.82268149230229,2017.485475309292,4544.676574798482
3.0574102071169484,2429.6154705462673,438.36493219379236,28.91680990341835,2077.2907548209264,4366.282508591033
10.486874198704983,2438.7206451666098,604.2198956137242,35.17221081560721,2101.7645830167303,3669.3438663935162
12.770533263264939,1762.563343474843,645.3094420754662,11.695319851125644,2215.4337491033207,2451.6574956037693
36.42726315184494,1689.470401955081,0.0,6.441521188156483,2646.831216835268,1843.667602827396
58.21654119463317,1698.0210445562075,0.0,6.044357871415424,3140.683853202611,568.5658143385549
96.15534571974011,1707.882678420568,0.5093234635042391,6.334714713288748,3651.9275434708916,52.468366353874124
114.00438130386134,1713.1998499801189,12.92408232141187,6.024591765412607,3944.469808400804,16.64473576952811
139.73197137233166,1710.438099506069,25.435688768706374,6.380178787114176,4219.747434015656,2.889837361524232
166.25676183586003,1713.1481126470808,62.18768938132967,6.2343292553303975,4460.515257376038,2.8949026337581594
119.7369517649079,1713.7281714025369,64.23927926607637,6.192577518818837,4588.155346674763,16.705196506545356
9947.284188250253,1744.960135104619,143.95440882016135,11.475246923193035,4654.257350273445,506.21354445739314
204.5850565838162,1718.9041422354235,9171.500867116189,9.139606225979215,4378.801934754798,5483.752437086384
1578.7685410898948,4633.520158264541,3004.1577401027075,41.66248055302559,4205.7612568040095,5748.255963742222
2557.614107844837,6633.806912311767,197.86535691196434,116.46459665721599,3663.5375773703363,5424.747261960689
3313.11276079531,8352.26994010992,90.3301654256029,133.95929676954518,2812.1883634004353,4353.655499088913
3934.3769553558036,11481.468163451238,0.26628816883177253,138.2703689468939,2239.096740386808,3517.0307556244993
4538.062788533267,12563.794014405374,64.76402072096874,192.66816837861336,1843.9743129771048,2246.685398596911
5161.311691900756,9381.50427825288,152.2999786511815,272.6396597154411,1512.7673383833803,1684.9550068352712
5918.223433724083,12427.130008065034,338.0371735383544,246.86819843518577,1181.9971823988797,1319.9921632691132
6604.246797780733,11192.180624009818,282.67954004016474,106.10611722483526,934.7309288036579,1004.1906672095402
6880.0062453304945,9988.369520861377,152.95403140773786,98.13443876064889,837.2019431601458,1303.989440354037
6852.456836003398,7201.395852888205,73.53711814084618,163.6440073843495,779.6274749145614,1769.6137590054511
5507.98879431462,3052.367938496989,37.41565049907626,64.80729987412661,771.9258976734229,3082.986346925443
0.5043086084730675,2203.2300361311363,64.08575477298014,47.324206834417794,878.8666957746696,4429.054222167189
16.508390610611176,2389.398270452148,124.08100367488866,28.88550977030751,1187.2752466635436,4292.252913837559
0.023706728476870175,2397.5816137351667,320.4537470297671,34.79862339103314,1577.8172864144449,3617.495136860472
0.5473002966801349,1743.486455700364,432.6612467578204,11.526666152202285,1937.7029218165894,2432.755529770307
9.066346791818296,1666.0869871312957,0.0,6.135174940948286,2348.5879928738314,1832.5068563432658
16.771580579796712,1677.76775165049,0.0,6.284122858861677,2854.2515927834165,565.56922999135
43.87796638643713,1689.3211828136064,1.4347830910119443,5.9785418379909405,3776.3797484086394,52.24344369380063
71.23508085059224,1694.3032824166878,15.711510747280144,6.336662174788958,4374.866364851583,16.590132137496337
96.07772347957935,1697.5414779311561,43.89423855554297,6.13910546916751,4447.209146018699,2.8835630207914966
116.36003889475963,1704.5772360341937,45.60653353374667,6.222769003529538,4421.508076557144,2.8867154799405634
130.09034586764787,1704.6136407547672,89.70773028775423,6.256682226104122,4426.06598485114,16.675877010633847
156.64009424076576,1704.549395329698,86.505784120243,11.00690758773141,4255.75685943921,500.169159944088
1.9117099383510188,1696.4929541981344,8016.944057241159,9.489627628385549,3932.380403959572,5490.208599441945
7874.080833367917,1717.6499211197402,3345.4239498251686,18.39466578336144,4095.958960462114,5817.7765418057825
92.00295083460615,3293.3394596077105,1806.4540121071973,29.030921970886435,4313.916930806884,5566.478103778565
76.73119410520628,4942.480899019913,1172.2516467867006,49.9103659225838,4131.293769927856,4631.667509381843
409.021813357687,6814.47062250554,530.9450330634496,41.83841302753842,3466.581853048511,3755.427470304811
715.419367483576,6653.827191246243,193.25247868818875,56.648786861682154,2741.544522281544,2393.409220964341
837.5786302860296,6462.416490037078,237.6798564449824,44.100904381923364,2825.2428272334732,1798.8986291822378
1021.4534994797208,6434.608730988295,211.98363873410685,40.73533208295095,2690.171244866615,1417.8145635030774
1436.927485841288,6363.736360362259,210.4666619991538,27.285168944143074,2164.1333362879195,1079.7689629344206
88.73675179844918,6512.561559117856,199.8681103267832,22.366879510767525,2042.4941350471836,1420.7953329105185
223.07537367175664,6714.9947098301645,228.89043729253112,25.185609838633816,1933.5636222436228,1969.23836566336
49.96407207150637,4554.030525595802,668.4138546581779,9.517997856344277,2007.9716132542617,3443.6519498091834
10.638595434874492,1637.8360846927733,0.0,9.108594301595781,2202.2397807250686,4749.126572501527
3.7947662826183275,1638.5493178611052,1.3892269740182317,9.388630083601962,2557.2885549668995,4306.94127080059
27.871151903239365,1666.844449770493,32.88930786709489,9.410152332377903,3032.153056336386,3637.4663980362134
51.008350695652474,1693.7120984818564,98.44610718127589,13.123721427766933,3555.440089425244,2434.9535541294936
127.8947720803224,1696.312520285581,293.2540307879141,6.2952665942405295,4507.43365316599,1856.970933615947
208.43395940785496,1708.2957509561722,478.86140287274094,6.327584010988243,5569.102418848746,577.4945761500537
292.82406638922623,1716.020035097949,728.53590787769,4.831842141891949,6106.867846872651,53.315419602324106
352.80579779593535,1716.7707061837864,677.954518963781,4.990545814593041,6195.343196346338,16.885582106535367
418.7624119218068,1722.417940845714,971.5513554563526,4.839576804166346,6499.769185171246,2.9302060513001544
475.24575229282556,1726.6127761206253,977.0247851908471,4.994701561145163,6558.302142736495,2.933591755827213
483.73113298521196,1724.7991288735723,1230.9990938363728,4.861843311934196,6404.868906771595,16.949048903761327
521.2267210608901,1726.6826689497323,1262.9024180835354,9.578220749191898,6167.05130995016,508.533726997957
136.72854994496842,1717.9672918197073,1668.7502515498122,4.856090624526179,5714.039752214567,5452.883797491719
50.51935728145954,1694.3840553868415,1423.3916886584116,4.9963828318486225,5480.90197378827,5795.3141461468595
9.074185205443493,2973.2861235663095,1268.8155610680608,4.78902858634615,5643.723013379438,5564.261439375701
0.29073244739587073,4601.77366382997,657.5878829432698,4.984544637654149,5186.228947283365,4650.224147211944
2.2546250955447276,6574.345338223226,382.5197066687983,4.779330698107266,4214.140953165877,3802.719441391066
12.303735991645581,6525.8579433462055,152.97486888082395,7.782923636872592,3309.0376638598264,2452.4899183244233
37.46351935866051,6456.431220608381,57.526593896706984,7.461479050642996,2339.1131454676006,1848.8933451155938
75.91341989781603,6373.104052030315,22.594673232460458,13.074603691897964,1793.2899861576993,1449.89940518028
116.40418397098337,6301.293102490703,17.56403901876672,7.691535123952504,1454.009402006245,1103.4061981414284
161.8456209104748,6243.578559618821,15.056913594729915,4.620040748195929,1165.3001483664273,1432.1751335546587
151.64914320228453,6224.107567753649,24.817994417453782,4.797962714399634,1069.8540758898844,1942.0394784150915
9.771092387778534,4409.512842446075,78.07750580490877,4.661579159485856,1087.4628864450985,3411.961884732639
1.674241981076378,1652.7104459760615,226.25650706638055,4.921493994837738,1145.0061023140236,4782.767898692574
17.31842218541797,1672.6687400879766,373.844963830793,4.749493466405338,1540.0990941488242,4382.157855068834
144.84229365509944,1688.6876499287907,845.1397001641548,4.9854644463867475,2069.6322335040363,3690.842975490691
197.00303320316712,1709.8170725290704,1049.9684804830556,9.227784541266475,2554.924615226452,2465.1306782327406
302.8336809381736,1713.6595910413964,1596.9564523762288,5.131077320565226,3159.4691060185264,1877.1827746964816
378.89080427670916,1716.293523058767,1550.6235584487322,4.796405044079974,3792.3243579410782,582.8872490288303
457.4302770818702,1725.7620627992187,2084.7212478509464,5.080267375374995,4370.041252813184,53.74225857366475
522.8876013773809,1728.5574091342248,1854.1723879753763,4.8224888725123725,4622.236998086869,17.01983804039056
571.3607384059055,1727.3480969954157,2346.3331034121056,5.083731804249636,4804.7105526698815,2.952881720106586
615.797994801092,1733.2416245898012,2131.340802304713,4.840721902936284,5003.980794548145,2.9550065684138844
612.1020521684633,1734.7970083295188,2714.5268343853604,5.07913208745092,5051.698419193825,17.070665124229095
632.5852290722634,1730.7164015219214,2390.708164820709,9.323429779967954,4850.971245442973,512.0502787586768
178.96971578633583,1723.9739663065775,3007.5915877222697,5.165669350560495,4437.017412549731,5476.400658393411
115.01846867298585,1707.547990152691,3145.731901621654,4.775221654498287,4813.848759145201,5824.831404573493
38.09679870969498,2996.795893702067,3327.437360205618,5.089245809094205,5136.477026261304,5597.857209442773
6.454416073079643,4641.533458978336,1856.329324678696,4.787802759439297,4537.981279070188,4697.3901690070725
0.007773292188686666,6631.77598340853,1545.9727325333467,5.066480031597676,3899.750042001109,3846.2922885068274
5.532500411468384,6592.715439643063,739.293111798974,7.545761719127314,3151.6885005708104,2484.9501144969095
38.57036905788312,6516.106914374858,512.5910109923028,7.898541935160324,2075.4970441153914,1874.300381311319
90.86222471543624,6419.686746151592,165.7954010173559,13.171417074163289,1511.4038664044074,1466.2783293114244
119.46324602488284,6333.6224337019885,107.5241907661389,7.61541858187385,1209.7181957732362,1112.7959658095606
124.83792869087814,6297.119917259299,67.46612443644976,4.808512026785568,1068.9193564598183,1444.4728371005433
116.33457957720655,6290.135903135004,112.61366085420985,4.566212408678675,948.8801290134636,1962.1826120523922
2.9991268577702868,4454.298376498551,193.2315104018533,4.98782489780298,852.8427636868461,3445.5749350008327
4.653982066301953,1662.263757139461,384.9508479926173,4.689076705988803,749.8462374372581,4817.460850123588
8.894895395551579,1677.732141271959,301.41610757988445,5.0431358509881,674.6280544149497,4394.018284969088
97.76671879626622,1689.2800979987708,512.3509759168618,4.745380129871114,822.1815269941787,3688.26290256237
113.83779076592118,1707.0612982069736,506.2361883444701,9.603103362644013,975.5199386275123,2459.0281351490776
159.69433121824764,1713.5064816087768,625.1589944465012,5.0379829235278635,1150.746310382308,1869.3513070397785
184.17930029615485,1715.9664280434536,522.6753691614409,4.878990208761591,1406.7382936026484,579.6635208906634
182.62680626225372,1718.2583889239374,584.6683897650447,6.341223706077115,1675.3621897674993,53.37631747181546
196.23051348428214,1722.6653215654121,478.8433704525411,6.22451388717903,1806.8080942087706,16.893439858163145
210.45905342239098,1721.6705272818504,617.9440103977443,6.392708088237807,1888.4660923703425,2.9281558030353096
222.45180562986604,1721.0678037540993,510.416416559038,6.198087962953195,1951.119551487136,2.928038678926127
96.19030639665894,1719.8414286336604,654.6239085327251,6.400197109773316,1939.8024311613215,16.90702484498523
73658.11592132054,1780.497542191045,543.100970037466,11.720231663502004,1861.8211815648208,516.3099495354994
6288.544270625485,1833.0285469818687,30387.530411211716,9.855500518111775,1604.610719014375,5553.368619708647
212.11634533071012,5053.341631029989,9806.769968707647,43.72611073895633,1557.9016884075409,5880.28639063417
0.35509046263203453,7293.645760236982,2705.243872790993,126.46507726293679,1668.2671200025316,5610.247430309872
32.0739472319795,9217.325678169083,987.2575937893032,145.93791315462312,1321.9541238773363,4682.28423348832
113.23870846249379,12542.00474069133,370.0597332708203,151.10765456664794,1105.7117754667152,3783.611862340665
243.9493361441716,13062.316476169877,105.0471337669382,209.15187739661312,901.5188813521471,2417.9728529666577
439.51897990070256,10069.782262968443,88.04516890085151,294.1439849650692,745.2733434368046,1811.1555900324797
689.6943946870082,12863.304224321691,6.298720137271596,265.08239182368237,685.1243254117473,1412.8228210790905
977.7384949355363,11767.006302478529,2.9008903848863783,112.316418180413,648.7464513710555,1068.3140333211384
1286.603479404498,10475.291140966161,2.6551570364116572,104.40290196098559,629.091470984791,1381.3169903307803
1601.3800072832403,7528.37940414205,0.42612363697714556,172.19107550573932,570.762145998422,1862.476782429162
1404.579735691513,3179.292233720428,7.777583693273526,67.84576414700489,458.25773840846983,3227.6663902560817
8.697821733285915,2258.362463548155,198.04914144489032,48.65060999760714,431.2816030516776,4586.185414794765
25.657817072799013,2400.8117298068455,253.4452678164026,28.83290545037626,516.6667687920673,4352.513771909213
2.6086873748668036,2411.0494066601523,463.8832661393752,35.732651415940694,641.2431145262248,3661.948508701435
2.045379343403931,1747.5009677613732,536.4682314777804,11.357163507660836,779.9392711071654,2456.7866272307388
0.0009184311438086368,1666.366949445241,0.0,6.456251266683122,1052.1234045880433,1843.8579495851193
1.0148788614894824,1674.3505174532957,0.0,6.226212835569037,1395.6989554864172,568.3538645050825
6.13053478849577,1686.7412955664483,0.0,6.1042824906443975,1787.2563991546274,52.45516551580069
8.150855174360741,1690.5284014953236,0.002346025163855327,6.2729383142845645,2102.208971085894,16.6219264862483
14.140386939676207,1690.9596113927971,1.8354158220546661,6.068663200494842,2329.9843152880007,2.8837808170576573
25.354470929507997,1699.0290369178806,10.438543647376571,6.305858620732593,2460.516781320486,2.8894649803965717
14.522928743137575,1696.523101104105,21.57826088293131,6.041711693687457,2516.106827193965,16.69067774089882
21605.89024608551,1750.1856359874848,29.349493116609306,11.624039590056713,2530.358106123646,509.5513853632045
102.98831907193384,1769.730708045918,7557.527829566775,9.653156739687844,2240.095896436328,5499.566446390279
414.4969147539716,4753.371748445757,2363.357886396187,41.6069334432332,2023.9206364200363,5779.450683968559
831.2703617076082,6784.18359479249,280.40911200245756,119.20719484660658,2234.1703575018146,5472.798018410871
1253.7021824907024,8567.185160328792,69.18095717696224,136.91267293999195,1974.9124068849749,4433.883249014114
1791.4476193799912,11751.630626306642,6.124608691412977,141.92674938797484,1448.8356552637774,3584.388738790807
2319.431050822405,12690.802605299952,5.017935974864862,196.08690215837967,878.5266045139308,2288.8277414434087
3585.174359755508,9482.180600517933,167.81638809724535,276.76000988167004,567.2457261374897,1704.4007423275314
4589.939750098011,12530.090463343498,362.8429920494984,248.4090842890322,359.6451554413079,1325.072315659383
5493.1316263986855,11252.455690100003,311.7009797863576,106.71378710952936,248.1103553478852,1005.6990964242419
6019.389881192828,10021.514308768232,191.24720238021666,98.0378391181332,196.91688948759102,1303.638061540455
6171.832786104645,7204.91532350216,81.76069792528303,163.66542426768518,159.8574932449798,1766.3032866314122
4798.631304237782,3050.069491456441,62.80454906756665,64.80793186353957,141.19352219228233,3073.9763426605787
14.127603800806193,2185.3162086146517,8.503628846652862,47.527028927813504,180.7101209124824,4402.609285115522
35.47339440664856,2345.7624846231724,23.020478337607727,28.230252392321102,276.18584350795845,4236.223718051872
7.964200020668378,2360.9069441642455,67.81135120171086,34.46577480925194,340.1467952156017,3575.0877214868833
8.379853575582699,1712.6776360048038,91.13928278747065,11.464278320024304,412.5471153539835,2403.3085075697613
2.6943345595713875,1633.2403163834285,0.0,6.264931862607455,596.7401789728375,1815.9219311275967
0.9834427503574669,1645.9907224146582,0.0,6.017361730077201,866.292429122544,562.0380171601179
0.008032051190388361,1656.3914771781122,0.0,6.230294837791435,1165.1461507150254,51.97944046584507
4.698831457404486e-06,1663.4889811725386,0.0,6.019199597787325,1330.082946964047,16.522193121965376
0.3431392343945834,1669.0067954892504,0.0,6.2596193274140175,1445.4207732489642,2.864792804219165
1.3621030902889526,1672.3531611350725,0.0,6.00210162697773,1543.9674281110506,2.867049712213461
0.016858255202170446,1668.8998738471103,0.0,6.280353980720659,1585.0000123581406,16.547639277571285
7976.2933890729755,1727.630327577447,0.0,11.387837327819055,1619.6513202914132,504.89740949347055
310.91983284396224,1704.6733523953894,2967.228733032667,9.078684202913236,1441.2764735441046,5434.569920522007
1807.1914037454992,4506.797886974189,1049.5134194228135,40.62334127486476,1335.18269696216,5689.020168935521
2547.818072658038,6468.115285311036,12.248476099770835,113.91168180687502,1354.9222334843173,5371.275244690902
3156.4328703177903,8182.366309845928,2.181616306906129,131.09381655871607,1119.8415173024575,4248.72246844219
3803.239084920181,11321.668822581089,6.438180753511423,136.1375309573109,778.683146577968,3454.814667072194
4164.457889123525,12453.145260469466,18.753912287955508,191.13682999875454,691.5223186398099,2227.082654573901
4573.737389516065,9294.758423278045,32.355491773538816,271.35697781987574,609.9896045405619,1679.525461487628
5120.361398680606,12319.366826544116,43.600728333315054,246.3443748080049,484.086575812573,1320.1572475385344
5565.446481958648,11092.121958336373,29.561569562006945,105.7036942598397,442.97288452519723,1006.6997938353456
5930.192457963161,9928.996396097975,29.64216429708347,98.47614481722204,424.08895571367316,1307.6691990894146
6260.726401567565,7177.036925917534,49.285169876238,163.67253905044927,373.0081310445199,1771.0321719292829
5489.726732930779,3046.4035384527424,67.25700627385669,64.77633547007846,308.8409018005697,3075.2680615460936
13.85546786676894,2179.266482709093,4.763661299488683,46.811385562121146,283.4987715855241,4393.131018320069
36.210367447867625,2340.6833660679786,15.255933388328042,28.349379863758955,339.35653259421485,4225.888660893615
8.094575080448331,2358.4364912391916,68.47928881265359,34.68106658681278,414.1400907595464,3565.8689414272417
7.868709113676657,1707.9611327678906,96.47891684492487,11.365425089196055,504.8981330348224,2399.1895755029773
1.9786467005487132,1635.4407402585757,0.0,6.103873169636015,691.1676000959097,1813.6402074605585
0.6487609467720934,1643.1482140501987,0.0,6.196330386268024,906.9648266923223,561.5102632345638
1.2058251277372256,1656.7942137221353,0.0,6.005945456284691,1311.3226530988545,51.925317435447596
2.8349844604857193,1673.6548241858893,0.0,6.266790589281204,1625.066538000496,16.49824415642906
3.817533603352016,1674.5738800569534,0.0,5.989856047648728,1679.7839382047257,2.861735639339124
3.6575011289532724,1675.1307911240553,0.0,6.301207950446481,1632.4841225350845,2.863990536286025
0.6908848485444448,1676.0940295189907,0.0,5.957958619250521,1647.7418891953628,16.525731684874568
4755.105410940197,1719.0057836169874,0.0,11.432469975911252,1572.799967317452,502.6810596743502
795.3526585681835,1674.6363256658574,2559.3390622930983,9.228082036023457,1360.2201048866264,5403.387169224445
2452.9417120420785,4438.184844822581,859.149232891048,39.50762947190562,1259.8970869183302,5662.904019327832
3112.098640247958,6399.255385002805,9.296695294970052,113.33297286127849,1366.412617662326,5355.286106584927
3654.8367890737904,8124.837980966305,3.1882448196743924,129.86219687033662,1223.7452231329278,4222.673569819693
4115.080975723361,11281.96987844091,7.059561442928928,136.32881746756343,1093.6097496530726,3442.9559955574896
4586.682630322634,12429.28112402828,19.545184624945048,190.1989547978325,962.3171202757675,2223.989179638588
5024.77576553008,9277.436323565169,35.16202141116287,271.16840805382134,845.0565412434362,1676.9207201773054
5485.346367571816,12295.259211781036,46.20741772898192,245.3659806672508,762.3849009750065,1318.720969179565
5900.787769788023,11089.87967178443,31.14128740624206,105.81480323848558,718.6139877220808,1006.5709464222542
6241.700804141219,9928.485713418675,31.02127197440332,97.83552189452436,692.3621562167825,1308.0964106969502
6626.9731115406275,7177.901042624974,51.245057277715226,163.71798625114647,557.9477985542657,1771.4496113709768
5766.853363461687,3043.576266149268,65.9327220511787,64.63501477275726,445.2413851958464,3074.703719560347
11.849857830313875,2182.040965775958,20.593864423618257,47.459750530491334,463.766913343788,4398.912703207439
32.295646240123936,2349.204433774371,48.48801657825643,28.173138726219378,563.9480275868118,4245.942145401226
4.827619456659194,2365.7527745470284,134.00844783969617,34.41077066878043,645.4051642918138,3582.889432955545
3.941966500817581,1719.605426499487,181.09729777473177,11.48743681097237,784.9332758388114,2409.3938212090784
0.28821791203661895,1641.919646655619,0.0,6.327592595290663,1047.4125395544586,1818.665266331272
0.010962421994953817,1652.302002845791,0.0,5.969824451381479,1320.1193481466507,562.7024768292395
2.887625479130383,1666.4456459717217,0.0,6.269495683987535,1679.9149189527025,52.0150297084161
3.6414422146310095,1672.2285246157678,0.0,5.968514257985911,1913.0836090252117,16.489173014021137
6.84804412910694,1673.8257908360886,0.0,6.304045259763402,2045.1312244099324,2.8604181666133477
11.886783701425827,1682.9709396602252,0.0,6.012481104523437,2121.3394165686436,2.8631877889407855
11.245829250128754,1683.2345567174534,0.00396720983565825,6.274855667995327,2121.205027719285,16.527401423774123
16.87080601127062,1681.293880766097,0.7096911974578275,11.160977317026077,1989.0020536639904,495.94244678732287
22.857969794642027,1669.3470167699347,3662.3775856311413,8.987522701755873,1674.5730573556943,5461.112441910846
4254.457785392739,1691.7880494152867,1360.8437916573748,18.207642874015903,1595.2408814066566,5792.727551878777
25.446271157546555,3208.4318855698743,377.37085137953295,28.551211615215653,1603.9491690877321,5518.130769352
291.2255349522586,4741.458720122044,175.01840532672824,48.629805375393005,1519.1091446689177,4519.960667684799
868.9483614057941,6563.218759662064,94.62059048834982,40.41274385870839,1353.451201471148,3638.645346380423
1137.9661078732179,6442.782147177162,44.97553365411849,54.95920479011433,1188.0763676000124,2324.6638960847918
1399.386643675886,6261.763791515557,13.43370486981035,43.400407948887405,1009.7925835449847,1745.9724593698843
1610.2933126718515,6199.9048608842,3.743751088682484,38.85717934134405,891.926996317491,1367.088347467568
1756.2336685075052,6151.813278632109,24.316987000601486,26.367762631334447,838.175034171818,1043.3740827912814
96.78040199118418,6362.247979406713,35.01488278168135,21.927497908378225,814.9828537258746,1387.9389998024985
224.45100210500814,6608.279532100963,84.25573015903933,25.00115573733344,732.9140927143483,1939.4333191876744
68.89918721148783,4481.48717572562,228.65118659465813,9.368221420554182,583.6607717777465,3393.055821319459
32.804129531884136,1604.5968002765774,0.0,9.289966857671832,499.71775141007566,4684.284999008548
27.31596048253335,1596.5882946681763,0.0,9.078945145468346,514.4357771767212,4234.575722808048
2.69874105730531,1620.5803548393683,0.0,9.12914565016249,560.740698111681,3563.887925672801
1.0897971508474122,1645.7402288608864,0.0,13.110109866079933,733.9268668927778,2388.085702717273
0.10547308853087485,1652.8558231364657,0.0,6.279167251757556,918.801231581066,1818.9460862319056
0.9047890826376486,1669.310544005169,0.0,6.069960313064472,1037.0557211283544,565.6440076319246
8.570916232344459,1680.0411407762451,0.0,4.917261111892954,1252.310696420581,52.20382829764793
11.805379196628817,1685.0742306872678,0.0,4.765463486315722,1389.8359676379239,16.542627810502925
22.22516694557094,1692.4856628606547,0.1291320574561007,4.88697427955012,1576.0227535505653,2.869202114674872
36.13305224314192,1699.1046597185423,4.452809332262797,4.778810036902933,1795.5158669939183,2.8743179540038954
38.79951775639166,1695.9238436602682,14.791363944224857,4.908772037460788,2034.7910300824724,16.60833187848318
60.488317759062454,1697.7696169214773,44.895116202688726,9.167311270892172,2201.507766325098,498.85720676998307
3.5834110040725644,1672.2174346152779,54.345774583662646,4.936935938221706,2186.686660391927,5378.168977364607
19.45636690316689,1626.9747202927836,95.16978417332429,4.630172188517045,2317.0781471893542,5720.530302154031
43.55410286593189,2852.167492290309,48.19001432688864,4.826799700503795,2654.901734194309,5483.649252762035
63.68789398392323,4421.355615078671,31.42406684311555,4.633636428619433,2540.805835195428,4511.438893468596
99.76282334512202,6320.298421655742,14.028766150901193,4.798315820899939,2020.5593061801121,3690.984649839093
85.30278457374227,6305.206680468702,25.57710644659121,7.315165668107703,2334.9148712980095,2389.1427635303753
85.63071458458863,6315.679592385052,28.96611234045236,7.643531348269737,2469.5421258414335,1817.8829224936055
95.4306724942737,6308.400488178198,36.00626636786685,12.86534472590573,2412.073881395604,1438.133066168287
106.69905617462008,6293.989241376031,21.372988308453117,7.438200086583017,2346.1998995171925,1100.628107710442
108.36689972149826,6282.937627574951,46.393563040759915,4.83720473327905,2283.116400224206,1436.2004866212003
97.11604989718737,6295.766929203358,68.74036584679288,4.611792946863935,2172.692364739565,1956.3820810266088
2.379143545952691,4450.232317863619,183.88522125507907,4.881374662221321,1946.8746833442822,3435.079554641239
13.941028816632514,1661.2428051617896,282.70422824591975,4.7298224194700795,1998.6981275418018,4794.252645667743
34.11006796341824,1675.7139092815396,603.4359267673173,4.9303214150600505,2238.932989401553,4384.3159642752225
162.68279374242977,1690.2762984407166,660.2355875867212,4.790687421500416,2582.7396691209983,3686.813901254644
213.96376728179615,1707.7624052522394,1260.452000350099,9.503144077965855,3050.667117120668,2461.9059727354033
334.5388657135103,1710.7538901615396,1226.9177935015546,4.8388384374106925,3830.25113350805,1873.6799510091232
428.18216613860045,1716.097528891507,2056.773507405121,5.052943234813527,4707.298634039947,582.3451586475194
499.0854507495421,1723.6619247449796,1827.8180652793212,6.125992408100556,5745.258207791137,53.66469303133095
589.0456718357117,1725.0225257304298,2819.2643925665548,6.46570508627384,6408.631054583041,17.015619277513835
669.1640666088603,1725.8560803198893,2514.2364496308965,6.141512387125489,6925.76906801872,2.951082665058152
757.4432201024757,1733.225626588479,3667.5857698747104,6.512423943072046,7446.484350289959,2.9572373319901017
549.9386961930254,1731.0467517607292,3190.1486276284763,6.407132377677054,7833.4777234535895,17.09948630463463
67956.1438616047,1783.6081785425986,4599.264065628063,11.582932868633938,8189.772225907948,519.9530597189927
6246.596706133935,1832.7751520553077,36693.00282114638,10.085523816262182,8143.766623120611,5567.173226581139
393.55076945156094,5081.329308545258,10215.211844908123,43.655737947396354,7627.78284190317,5880.150449466599
0.09266660165395203,7329.320846891872,2069.2172309220928,126.80035319919166,6116.946271449272,5599.606341296179
119.18691524506944,9196.887147131325,854.817144665232,144.47448229648018,4345.254062138985,4686.496348610375
378.24761647208845,12484.505490338559,465.29887007621295,150.01193489529416,3182.391582807523,3779.5165303956574
752.57597299653,12978.478828006466,145.40189957744448,206.17242603510383,2379.982010765976,2407.5346765880654
1238.5213538209166,9901.836748149379,47.94500098570536,289.39653121039237,1777.4039478700975,1790.2933962709728
1920.2088661121538,12758.773188630686,33.762710166253385,258.6992303600843,1316.4573133377742,1385.035829565224
2551.02021741534,11546.8742834648,25.247579305185013,109.66748010172547,1039.9707315637395,1042.6238737334133
2816.3647308260825,10275.477578126136,1.894558058013957,101.46564730676776,982.933960269481,1353.4177778512883
3297.6291573815743,7387.734039277457,1.349854241013987,169.1046135794371,781.248415135986,1832.903445501489
2619.869420714188,3125.4316998161744,1.4461875763153025,66.49253124756132,729.3942454464836,3172.2962567351524
1.7752150923457748,2243.454657601991,161.20529177865518,48.72393042390403,767.3620958612574,4533.624852377244
21.2462362220962,2410.349284357069,236.90327098861067,28.78230206337324,887.3714655271573,4349.921186320219
1.08864670521475,2411.86928217928,428.2709656677184,35.23220269818389,997.2275484435031,3656.59937152136
0.7944301447481319,1745.840391289887,488.93137323525883,11.532592326919765,1140.1563456746564,2452.4353795169573
0.7531272782886138,1666.7633762563403,0.0,6.448219676738011,1407.001291425474,1842.2418101310845
3.413306899706954,1679.8154595135322,0.0,5.996133669052187,1672.4414056484602,567.97017128918
11.227134696386216,1685.161002416627,0.0,6.342086050747711,1976.016587621858,52.375563977387074
14.41677100365803,1689.825190021611,0.0014235869309573096,6.042049694732493,2131.2540255632894,16.590988975077487
25.17210767356137,1697.0036364111386,0.6865695810914609,6.315647304242597,2240.5071681622194,2.877221097130073
37.27029438978777,1699.9655118149708,3.656929924716214,6.262561671087517,2290.0233209385096,2.880664158098828
20.910845377307815,1696.1630601421625,10.10984209903911,6.098504262089989,2270.641331515888,16.635284583922925
16308.22109485953,1751.7319867986878,12.190127697651036,11.553650129653724,2124.048879727856,507.4648164611852
1.4121189484250793,1745.059565255374,5551.905328536578,9.378416428452288,1741.1412569737872,5491.462744066288
951.6888408185895,4638.468805066739,1445.2910845473489,41.298397598216226,1385.7164014709688,5730.372512753694
1763.9581628138699,6564.941716578016,19.018262616310263,115.43957400227544,1096.3963586676828,5391.1491721286975
2417.2096553812953,8236.641737480497,0.08670109385356388,132.3411683567174,787.522828342764,4279.886639102512
3241.5760169403347,11357.413570895687,9.575893316429298,137.06538400951754,427.10229153593497,3466.9697798229804
4010.652602506536,12479.564372927656,96.52069184837194,191.35113747424535,247.0459969188179,2222.502717390169
4436.759369980319,9289.24941468807,43.88518526000377,270.651409002663,191.6230659880056,1670.0036638950185
4976.546378936959,12309.131858946155,201.65591718931907,245.21663195181802,116.31964347751939,1311.7773730606004
5734.203419745317,11090.194076096366,98.17577507082986,105.75765112050162,96.44050999332646,998.5040617554849
6021.599589834434,9887.544627480116,40.76198242995652,97.35796352971327,86.57841856019351,1297.0939088184816
6280.013081499297,7134.541178052348,50.67566016877161,162.79708021651638,80.72171162803906,1758.089717455323
5463.734819410861,3028.009560219214,68.90125364559492,64.37174159838675,57.55294347934358,3054.134150270911
16.066755208985995,2164.1124890801525,0.05179328641867747,46.94629782658239,63.18127969395445,4363.213724536138
38.88936472417182,2320.4548794678626,1.2470671624211058,28.20987891546693,107.3814933806998,4184.387731709457
7.060169930445134,2346.0694462460506,79.26875662717508,34.27051691225436,221.34948836688562,3545.003929654267
5.1279882984175496,1709.9361725509793,202.69143843111578,11.43610834128467,383.17241822601187,2403.2696664558625
0.42252971191866556,1642.0155179516807,0.0,6.064169995761276,636.8437283116871,1817.0044497880126
0.03792425643740086,1651.0990316658804,0.0,6.268877070659653,874.613764877371,561.8484280081742
0.49676696042060026,1659.1597971642516,0.0,6.033554547052562,1132.738966748928,51.934222649137396
1.078073239518741,1669.6365139898194,0.0,6.214538853610837,1439.012076500991,16.479233025158592
4.695721627746974,1671.9448307071618,0.0,6.19871061933595,1748.8858591560522,2.8591552846975055
11.824467357249837,1677.7833952043222,0.0,6.063545246718568,2125.695298223207,2.8621008430176778
9.827586602995423,1684.0276277694302,1.929948880495329,6.220180703634458,2537.7405082021446,16.53718726276494
7875.9755975789885,1727.4277478258805,19.141279859920157,11.061410571428995,2962.3750661727154,503.36792608137387
325.1429684336945,1701.9175713993468,5693.358263708565,9.412691691345605,3136.3377405033166,5451.756269497101
2047.3168388676531,4544.608718351796,1336.841781690568,40.375017978593235,2841.220660556228,5695.291171236426
2902.311252059404,6498.863103133531,47.03675003090259,114.96493134522096,2587.631094631387,5383.217332948562
3604.1554571590073,8209.010750578624,3.185274287891761,130.99191680533704,2137.521946462182,4271.851914519447
4302.264326475667,11346.305162304317,19.89805364215017,136.80965975686817,1699.010074523831,3463.718847259253
4951.319893482422,12494.98666691285,154.98886761384978,190.77562777460702,1386.1488942309854,2223.5727467803363
5587.936010571274,9334.456349503413,249.82199892944377,271.19585648659574,1160.738862126439,1670.7106685729277
6351.384351620402,12362.710673910364,399.1401912339427,245.56243949493165,953.7207208573608,1310.7558273465777
6966.367919852257,11136.038230940756,311.7017627851671,105.09340857795176,843.9065058779261,998.5269522160702
7208.4883608000755,9947.296715737339,165.13078258998772,97.89512276867009,812.0615106925876,1298.2421480127346
6992.844846928742,7178.841592169158,62.19737171753254,162.9704472561835,877.9796238282655,1764.2597970941172
5817.437303960193,3045.215907892741,46.677900067639676,64.6294647098862,860.9094546208644,3077.150096326467
6.234040655987362,2189.7352167843633,56.010113742657595,47.27111383795693,908.5710863994996,4414.40978434966
26.91464433210183,2364.3011515248277,105.44584768995169,28.229639515695474,1096.6787968927774,4270.464543535348
2.2905765539612744,2377.1802417497343,235.65937016678757,35.06986516769681,1317.969963550097,3599.907312739515
1.1301037348247287,1727.4205748919244,340.3538385956558,11.134388241837687,1667.216176466956,2420.5454939497554
1.856572662581581,1652.7439912700875,0.0,6.397613963015584,2296.212834589413,1825.6647232906464
8.842755960568793,1665.2348443307283,0.0,6.0522277049754365,2962.557664596628,564.5796092048923
23.081158399392216,1677.9799082799927,0.6296566201176484,6.153645558993671,3643.9002960051257,52.110797006072026
34.738357847830684,1682.5655018304262,12.024864753275098,6.204412063831081,4131.7499898218675,16.54284512860004
65.79944448941603,1685.4556728125133,42.623755243370454,6.045665994513087,4570.689008463494,2.8753979698833954
109.49159857990121,1696.0617308483534,84.33152824413001,6.277152012845817,5209.476066283822,2.8818177875118334
84.88562374157813,1695.422455948303,222.3255314473996,6.038321636813974,5710.2660723126,16.676569696029127
8365.17589054041,1726.6615092250063,327.2986331206001,11.482350430490762,6026.329018018402,504.9351415224387
307.6908418670393,1709.7264830177685,10093.989247195404,9.381151035449339,5925.981386240205,5475.272188788663
1986.1162174338904,4605.008192125575,2602.8476277502255,40.80074335692736,5328.382238623723,5729.740289135584
2951.669872891719,6591.598264524341,172.87514665280602,115.79752543302888,4563.0845958017935,5413.602760060353
3673.6846983522933,8320.253059787961,78.03218205046157,133.14174213953072,3596.6975822611257,4336.342046977523
4339.650158213886,11445.699777511745,1.3991608940355837,138.3568497518407,2781.4490786802717,3508.7440577822813
5012.800229618688,12532.354633137398,103.59424278577521,191.9485837280917,2169.335734992226,2241.594588445031
5715.598674214658,9358.62087628522,219.66301581260467,271.7635141690345,1720.895628795587,1678.7121201044529
6546.895437000185,12394.490709583279,409.63466763465175,245.5763197302641,1380.2323113502898,1314.9127827331918
7317.625939980311,11158.169642732784,354.53424229409626,105.94209941380953,1168.684730836219,1000.5488827148713
7847.326787730521,9968.998654825462,321.99162650043144,97.50285757436727,1029.5531075408403,1298.389603724924
8017.153156836072,7187.429046639238,174.7670489570901,162.7842226193591,994.994638217787,1759.7317836001694
6111.353241337168,3044.081863015712,36.0976500406703,64.59337635269124,1066.6942824511789,3069.615689227458
2.1082425176445514,2194.618581380054,83.83430176040667,47.57910899319489,1333.7836285379333,4418.215604736853
15.744336266816761,2381.8414927140584,199.8610689157989,28.397922167839138,1890.2854831624797,4290.117550756159
0.04120234384877308,2395.438186704883,543.862175579388,34.64656360490844,2848.638367768506,3622.8638821794284
3.3037428953940915,1739.7778235512712,851.0154652528122,11.544045979085915,3999.557478592807,2437.8984948899547
25.033756764424606,1666.5010499963914,0.06285309385326177,6.294920025398346,5019.241477440403,1835.5346438191254
40.136557735983175,1681.1691432617208,13.08671185892935,6.050515320009754,5558.531871308501,567.4811583214714
100.13278798489603,1685.6026588731868,94.15217701811977,6.210396967967923,7058.235122124349,52.47294281828039
163.95197284885404,1690.766190989235,429.61682394807343,6.061687301653737,8449.048648253052,16.69496381640076
256.4696248197403,1700.0231157057335,785.7405206864775,6.302052713487341,9815.86791061475,2.904673377311574
381.7292936247818,1704.3081851287197,1780.5980004077649,6.089425361982383,11419.350559627617,2.919197901940509
334.3154105080874,1704.578561460386,2203.957967716693,6.377394180178165,12483.130315958331,16.91696099389105
13864.59065320942,1743.5691009383672,3292.240878399997,11.542459905726977,13030.43080571443,511.26190970873427
57.6603320766552,1734.4264031866305,18265.18324707795,9.360016143450592,12337.90520744066,5518.773233076898
1380.4240283966062,4728.422891880903,4989.017720025297,42.12077686104164,10804.614065817586,5782.992398496533
2370.6873483144245,6763.744598583932,607.2923973885923,118.57925930652391,7603.216824502893,5467.197149738433
3076.4050964452276,8496.013093527261,190.02216023094164,135.6239525466542,5453.817081800328,4429.027554621769
3496.8803800161745,11696.486756604803,134.26050132870358,140.68771475058116,5052.010659390047,3587.552169077634
4126.308494871917,12686.351790720932,12.799911429488638,196.1609599404911,3941.970621173754,2302.271061693522
4601.305665939789,9455.555141633004,0.01672016571739191,276.36113307889286,3216.096089980097,1721.2368109982426
4858.936762183528,12504.479644151968,7.507267778897506,250.62108867808763,3042.4404638140377,1348.7194860635373
5101.782406142212,11281.788658688754,1.4621373532676587,107.35978151075719,2962.3987733996837,1029.1865872449632
5395.5009449089885,10104.263596315093,3.1091207890764516,100.39363471816442,2718.741494046005,1337.6024107987364
5628.966890962064,7301.9004680647595,9.192885380343869,166.47760215426155,2454.3437210827506,1810.4825258342908
4802.786199290784,3093.983111146956,0.023516889857353843,65.84812289244786,2250.8536475357996,3144.2656826149505
0.005482573740158778,2223.7785477064863,354.6758021744274,47.77165126676547,2325.9782343085812,4506.621624362145
6.44138576087819,2415.2059888200006,495.6228889793185,28.770563894047328,2709.9804814388403,4354.489845086246
8.815672513904264,2427.61186123732,802.7350102003938,35.58356374097859,3139.9153481493668,3662.349265731338
14.403588723353693,1753.904339603582,953.3590477654598,11.421855411286685,3616.0364480538533,2451.3944161179347
52.4444111350448,1684.7026688802914,0.00022933833042515498,6.33388575337811,4709.459643350516,1842.8458769485774
111.3235238358075,1695.9398231614239,20.49561557757098,6.2277580645898984,5993.565784936619,569.6434313977617
182.56712877287146,1699.1952218274207,126.35565892200232,6.079000673528085,7149.383150341573,52.65260927171393
252.4495161085494,1706.844752681153,517.8664405324918,6.2892841397982195,8332.52539389085,16.745694213966985
390.7399132242666,1708.5342005190384,1058.2095002114486,6.0942385122738605,9883.1343527013,2.9154219030940998
519.8910315640973,1710.2038231253305,1947.0120228474586,6.3828292024929905,10876.771332092861,2.9285316777109482
591.4079923104813,1719.2394177126248,2133.9948475596725,6.117478363783301,11294.90363217474,16.94875570041696
703.8333206258571,1722.6562024931898,3012.832485378041,11.477234512323784,11456.434715825551,509.52930430320527
276.14422152935305,1718.3878401602053,19886.15844410064,9.687424032736368,10959.33667786696,5522.356982993813
14122.828734196399,1753.2262180872951,5228.269144821818,18.623699815489395,9520.424606207976,5847.449945203814
424.78399392500353,3347.0937778897483,1637.9697312574967,29.4545477716737,6882.621147964406,5573.756066793277
42.4617260991393,4992.543435558855,727.9178506276893,49.62473084048919,4528.504732511059,4643.403751074486
412.2442564336742,6811.342582335009,446.52739805745637,42.17215859508024,3195.8710439092392,3762.886165462034
805.8654349808145,6622.4141209555355,159.8601904820457,56.05089779920754,2261.989971258646,2388.9673888547
1076.6498378947415,6398.382359040173,115.50484212134955,44.14288412850589,1867.2855752318,1784.9990303266113
1474.4866216245607,6304.106278676378,20.37963357310426,39.53243780432757,1387.292252650992,1392.7608829993285
1542.8808215876263,6245.254747871496,154.92873358066345,27.18589799067995,1477.4547543263272,1060.6196367989514
60.15390020154667,6493.585666614641,229.35440840460666,22.360618088203857,1611.4020042297502,1415.6273783699532
161.53466862439774,6747.995818194202,300.86357423927984,25.32814243380311,1579.4893829502364,1974.3650771276218
39.643248687981576,4571.466721039,627.256814759741,9.387310683180736,1523.580082515941,3449.628360990022
6.136608654142537,1638.9339056326344,0.0,9.325165177985737,1586.8745882408252,4746.026511129898
4.043835281334733,1644.1662571482264,0.0521551976703574,9.347738758355138,1854.331225132949,4297.677405539695
17.525643931644133,1660.4851208042182,9.103953745381506,9.369508152219549,2246.3362784068972,3622.2328749571134
35.0852962387871,1689.2563354563208,31.65479459376646,12.934113529397916,2622.5766923073247,2424.4975301114146
82.31658726867373,1698.0047097987617,80.24834594620275,6.429721610018946,3200.6331528441883,1846.640182697956
142.55742314009046,1702.5238253468926,217.03775721941798,6.032772299627247,4025.245606117024,574.3487979479128
231.03806456440873,1708.1977406053325,414.04904499683477,5.061471062059002,4986.960133123162,53.014653601723445
307.4135170034284,1714.8980701543187,652.7241956028139,4.728898512623011,5701.1625828405895,16.819622762479224
388.44035498291146,1714.6241408115493,1048.399932338694,5.05869260051163,6365.187482003634,2.9224604583862064
472.7084985531369,1717.1070734859222,1472.5293119144967,4.759714443466368,6948.356078373325,2.9303932146206617
518.7972452813682,1722.5878132456876,1850.0467611496172,5.075130391513232,7327.208851506108,16.950125893821973
594.1047919032146,1722.3555749963434,2254.0158211104385,9.5310641060861,7436.536491944668,509.05265015696295
200.67474899865343,1713.5931727662844,2564.1790331702837,4.920971109037503,7277.50574854388,5457.988848291605
68.81592491504531,1699.7734850833651,1319.5239452599467,4.945726005772029,6368.999393197924,5788.585258306521
3.3203480376879018,2967.522215469449,593.6501148104821,4.834685225230319,5543.123360288955,5543.233967593319
3.6414312889773695,4568.841272993106,310.81855077751436,4.829609098364527,4401.131941786785,4620.799349418186
20.490070460990832,6499.34450780365,242.28891318151614,4.8423530684030105,3403.5753725012396,3774.5871894844013
47.38661707032631,6444.71794281174,187.12083600597907,7.647959412271908,2644.7151572187495,2436.5149923070426
76.65213156248878,6380.1707130000395,104.45766019316865,7.478833800724174,1980.3789995041748,1839.292679140624
120.54024565409948,6313.250703409357,42.260944400913985,12.965704668490106,1574.401589676037,1443.3743819401266
172.3129698473353,6246.737906167583,46.97327841441443,7.608750335826021,1346.8759972198034,1099.0465371901803
204.5322041468061,6208.139141888979,42.79412715163842,4.6539013632489254,1233.5169417566904,1428.5122974458525
196.77625790203663,6196.09499217215,46.292320111685314,4.728520130339651,1213.955813770495,1939.105101611876
14.864967688364885,4392.240801682335,94.8000084036024,4.696680738290681,1289.9449819237202,3405.292267637129
1.1876828069260619,1645.419179510791,297.61572453808014,4.856377521829494,1487.2660034886453,4777.981920441907
18.528088984231452,1671.408694713476,509.1486886383061,4.798204240878716,1894.4267774718962,4384.083236424242
150.80168025205248,1689.8194070571292,798.3024210807314,4.91487960917464,2324.6584570405143,3687.594388577408
211.56642871485275,1702.5029225284227,1128.5440107788672,9.30266518333524,2791.110264269993,2461.239487873346
343.172010055966,1712.2463438824518,1597.0146098850685,5.065445815922953,3530.3872944589716,1874.1041152734322
444.82767861788784,1719.3953416624272,1962.794993261019,4.843408005916789,4315.087066702094,582.3260434811804
497.4851306908944,1718.0443065958907,2084.653508412223,6.381151458251806,5012.975672969067,53.64820609009645
589.1745229795474,1724.495453424815,2435.8456651108436,6.197298371321341,5687.8107613855545,16.99642077854926
668.9265989603591,1728.4002933894837,2944.1303982948734,6.446078046756941,6244.3904528774765,2.9523229388103527
724.0366738440597,1726.6897305033785,3087.319770620683,6.18766251688835,6466.164803747779,2.9568552192553406
507.53536219241016,1728.3924864465173,3233.9331161812834,6.4785146021026785,6442.948455344903,17.07263940286977
62695.13857022912,1784.689879986306,3304.182183642413,11.84078379676745,6407.85060469764,518.4719374567497
5794.018899643626,1823.9451933497994,36721.500959432386,9.741976908008086,6037.40239826544,5560.495303812234
347.49900477897324,5065.433787109625,11293.14884698204,44.21716418280823,5856.422215699742,5878.448983743739
0.18891232878235895,7315.617865794061,2462.1824401049153,125.84943936814791,5151.931426818729,5599.458146820306
127.32392831979293,9175.00915001102,798.4769441976925,144.94819199035686,3795.2482743864575,4675.400151115482
454.16748953456215,12435.347224205823,358.0599099347823,148.46192818414073,2586.2024066739796,3761.3711316579916
757.5876954266033,12972.560255586795,179.83830275428258,205.90327213129194,2152.567136775591,2398.765313187884
1220.9294748145282,9902.943352881355,114.61016807454455,289.2564175661787,1635.0523764333489,1795.2235674618723
1913.3327827557875,12733.963125607672,8.72407841776027,259.56000436533384,1323.104637693746,1389.403134956638
2528.352019481725,11508.313108728242,8.849876592307195,109.56254602705526,1250.5503541591247,1043.667234330484
3107.7649629465877,10248.514645732861,0.8263917422827796,101.71393536883133,1231.074248656869,1350.9446486193083
3394.84310787141,7376.812940624556,0.20368634408897765,168.41476507063504,1243.0746680081454,1827.6882539863755
2677.3863288883363,3134.9079327397335,5.176265715654262,66.88691989438017,1366.676548343555,3184.767763714613
0.3540249674519897,2251.5596718575093,452.773788014557,48.25239443468751,1832.2625271471495,4565.707046017286
10.396302581309465,2424.2606484277385,744.6148904581197,29.037947314193683,2502.519977024551,4383.415117932028
3.3214945801091442,2436.827713383805,1273.6323282219669,35.71487852593589,3115.068385640495,3689.7660483976574
7.88370490895493,1760.7538266300128,1554.4432387604877,11.584359274547488,3809.872552821071,2471.754786771545
35.80608769029894,1688.176308642259,1.4094820244413004,6.298740146534912,4895.983060113386,1854.3757287872938
88.41909646451741,1695.638892825373,91.5632585006672,6.268373706262221,6096.933827631795,573.2588329728161
173.13217690777293,1701.6376829575431,476.431802338847,6.0843882531273925,7463.435999621445,53.0650998784872
233.58618958074408,1708.730359226899,905.5768185891427,6.349506255391677,8537.516147537162,16.86285597475208
333.2422544559533,1709.6760758838375,1668.2791014566958,6.115363943655252,9530.352901955774,2.93520166482666
436.74614433354253,1713.8660807695262,1967.6330376861495,6.423489589168863,10294.93932986696,2.9430861063727516
364.9676094917302,1719.4404914290785,2795.8278997913258,6.117714937169059,10990.191246066028,17.02250731349085
28768.216672866725,1761.3048394729208,3375.242700092799,11.792402689531052,11837.15812510926,515.3488867568768
1042.4412924211033,1781.7593618069084,26258.72449759667,9.844639722147658,11682.6477009921,5539.776655514505
141.22333407908144,4915.18492052821,7286.473097482058,42.666111410388304,10953.342494431798,5842.8804262226
649.4678961790843,7030.990957469707,1431.6464193351294,122.69737981389063,9222.428398909686,5537.955730167616
1353.2652366035188,8824.594332120225,568.3742355799695,140.15266145617383,7031.754688759132,4568.255867256137
2048.653093657572,12059.12326152551,310.1848354430239,145.23476354342694,5404.003452545544,3685.229603864898
2726.670585551437,12804.482813722589,52.74679532952776,200.08921761677263,4298.993330311271,2349.0454711543853
3355.6837601581065,9630.281430235647,1.5512964521888382,281.3061839251985,3415.6161622555205,1747.6931595203848
4030.791763776118,12670.600920585059,49.276923633197335,252.8347687429002,2823.588802926245,1360.6266686168535
4660.348191199516,11398.373558381358,37.98288319380761,108.57265623215238,2405.8127985567944,1031.8754848057922
5078.06437370229,10163.340438553225,10.634340325091308,99.88719128655866,2173.320341767889,1338.1654887960708
5125.360457137802,7326.587951270159,2.637093665805998,167.0673657715453,2110.877556705025,1813.4425870070118
4074.4101217946672,3107.656668133533,0.13049434772855487,66.16864459373687,2151.3207022755555,3157.474634336074
0.09894565469641858,2235.7092559235357,381.44590525829005,48.48929112335634,2500.7806711285225,4527.278354742518
6.355893624378986,2420.1451812936484,577.4263686691996,28.862576183843924,3103.063461350355,4368.203130605868
6.0928931801253094,2431.346985267166,877.5137532725821,35.12172057988216,3518.323392959324,3674.6955276098333
12.09421755920866,1761.6244314225446,1108.5765222111688,11.660283220354133,4045.4205597692844,2459.563220756658
44.41532026701496,1685.113469926683,0.04388363876896816,6.397832687653402,4851.122219175916,1847.9054764190084
90.2261535429971,1694.4066328947624,17.624006612713494,6.062769060529,5536.075085612831,570.7316359610853
152.07481637439994,1704.726116505142,54.23601665187195,6.3025561672924715,6226.960689072358,52.66276050474951
193.90539245573214,1707.6599253827574,189.74415865023124,6.063379221404681,6635.971354485242,16.720238745010217
263.60393878459956,1706.7383529556741,272.6984464055062,6.354588924457418,7028.102375024725,2.90555202180675
334.8557076433935,1714.6845298544224,504.4593013811508,6.075733841153239,7332.782717672546,2.9125124587680453
238.15954943868434,1713.6891907949118,578.1514257390202,6.397207500638392,7359.497415403614,16.821181986076915
16955.255665110348,1747.7099787670506,901.3908403492615,11.559788396784786,7228.460760395716,509.2613983825027
0.13486737750530975,1747.4620330028604,14782.212374817658,9.339076824843662,6544.128275252756,5517.76045917458
938.5081389375363,4744.647066632822,5133.3359473887085,42.36377568096099,6476.577802550734,5787.994946615925
1663.9987856953092,6816.387928855146,1362.1605823710795,119.34298893439586,6561.365684674889,5497.55851493659
2267.8896000657523,8641.040286764213,728.4299705138977,138.0340145141214,6039.950167066243,4492.115378453475
2789.6823037002605,11901.147855854504,355.61645112884196,142.87146357142012,5374.455082703797,3643.3527293745074
3227.7638722559504,12786.099744479514,131.20404827851092,199.2361142274227,4813.256517213597,2335.7078455830742
3626.5635382290593,9640.757361898215,89.52951392409142,281.45774832579684,4357.347634819994,1753.7998260647792
4041.806548547457,12659.364345121221,1.3986967885255086,254.46560373323769,3900.389137381089,1371.527616942919
4373.318238696457,11395.44087792283,1.1254063161666947,108.64227691452444,3704.1837005804337,1040.7898463469683
4640.4178244383365,10200.409960988989,1.4257424527192575,101.29419701411413,3576.2693886753996,1351.7307416043595
4887.172270128084,7364.66249536745,0.011897441937229896,168.02684105388607,3338.109163247116,1829.2799676953941
4163.568929672252,3126.2363302611348,16.425743899762217,66.63221960861965,3060.56027836801,3182.8446558805967
2.234349192119217,2249.299092376225,594.7703083827515,48.13012109804667,3320.3597520728335,4556.654971961861
1.1155760936924464,2431.758445841725,816.9269009523887,29.07902524410675,3890.360557696245,4378.585399292761
28.028320770920914,2442.858087087584,1247.6020737929377,35.66146003386412,4429.212856743843,3685.6251890905605
40.725284933680705,1769.46267348097,1476.0363056425638,11.624650612975772,5075.291633831391,2462.4813530222964
122.30015924089439,1691.9585001827859,0.8046860915731073,6.25830343886592,6072.017081268818,1850.9606847361604
200.3731747585238,1708.228522556593,49.87113141211009,6.285556662821481,7048.452792366556,571.8333226764776
285.7077086063961,1711.443456249652,338.9791759475705,6.076654173479662,8291.443644687977,52.88472059773802
371.47440194489303,1709.533559376116,641.3460586591015,6.351735067347961,9380.90500474411,16.801091907948148
492.4936567756101,1714.3664662362162,1285.3748823308233,6.10371483330044,10348.599541562422,2.9268564688968692
616.2619052450179,1720.2369196536797,1741.9185087079563,6.421107263718229,11152.535349260328,2.9364037257918896
503.52712127014945,1718.544702179887,2366.476834008141,6.1083746143152,11757.087937252803,16.970076116046787
18196.254147593205,1752.7439101663103,3111.1877961861583,11.70669405997133,12777.288458751573,512.6867246499448
28.12922749268001,1756.0365529718388,21620.676555861424,9.714363036020162,12593.234753798337,5532.414976308048
815.3866199771829,4800.150176906066,5874.664678780252,42.117002180729436,11315.410903845648,5804.539872726396
1533.0263376327157,6877.59651175164,1341.5777213894862,120.5855240104245,9118.484809518546,5508.179762526251
2421.6575848441876,8648.436378533215,310.83471421544215,137.71782687950932,6129.983944823294,4496.734759769283
2956.803876840023,11825.76572015509,158.40531609835352,142.75209335622156,5279.236867437936,3622.9712194927274
3415.636626956921,12765.262837782431,80.15122608410583,197.8691820738059,4763.07936570258,2325.664515407358
3802.322513542594,9609.45144872055,67.45721867980144,280.9333238568925,4188.12095419407,1748.9893546249773
4204.141163164712,12644.466406141486,0.25099535175259874,253.1671431178319,3646.2148358459494,1368.2035534331874
4549.56637018432,11360.498782536408,0.05175963080505582,108.74254026832665,3328.882718077452,1037.8647958170302
4791.653726442564,10167.536841628695,0.5081527823884757,100.29870339170074,3199.2924731370595,1347.3896417076483
4917.729494190735,7350.550510414901,2.8055178384515433,167.93423962474347,3156.903037691481,1826.5269709247636
4174.510324347482,3126.726656816799,41.12125552024469,66.61403021988713,2947.9444832638296,3186.4334927483405
7.694073885411572,2254.374859272367,559.5864320707099,48.882307403564376,2932.1178441997927,4560.262087354111
0.9282400617567511,2435.9656434195363,681.7167173632264,28.959733111217904,3165.443895604677,4371.387909593533
22.642271141648973,2440.9688881605457,957.2051734208502,35.19723311325987,3302.5686573808257,3677.8869386084407
28.948614176834095,1765.2388806747617,1040.862638661343,11.697617949098834,3513.3994652422816,2455.332927751807
73.15907680665359,1688.6426480780854,0.0,6.404627326351822,4049.056042575783,1844.9609171390896
119.8534751897841,1705.7411372973704,1.9416740616025507,6.081659953929307,4598.237904372873,569.0605319483307
169.44352704019613,1707.5806505968317,25.464488659148312,6.298678052004584,5110.902482770065,52.50121199385229
186.89110206620973,1706.382976264748,66.99320663045941,6.067990929924095,5312.649970867071,16.655247512199722
227.38263745871495,1712.3625130854496,74.37823803788739,6.352401165619815,5562.829492359509,2.8935107125491495
275.61591509329253,1713.7507830320617,159.9244352799137,6.0560432163293685,5667.649064241122,2.898754831521759
190.85662594584514,1708.1938267087858,175.6150880570965,6.378113505860923,5693.42761505883,16.712605090312874
11230.580484294816,1744.3724436811683,432.2857570410718,11.457573795786303,5504.998984368554,505.7579429261402
140.53496502703638,1720.947263221006,10533.13862845013,9.211276977081011,4835.612317868061,5484.628994820256
1531.0118035680844,4634.28081635105,3216.1049369250773,41.62267938408759,4395.477180834168,5744.162496088965
2565.827334113574,6622.308054690265,182.41209464271725,116.27875773080201,3582.8017239307924,5415.45527626258
3265.770643891018,8313.775087499982,25.711748927488276,133.07571646497203,2716.620823843665,4329.276544531414
3788.3438714507115,11430.712842900244,0.9476024394309847,137.50681116243652,2102.053375076135,3500.7291766743774
4118.02536781766,12529.875431940389,2.5066587424860143,192.4411156048012,1928.9408847653801,2249.4042621402605
4518.870819347037,9342.296698866912,10.685767671283937,272.845513820447,1585.950963425323,1693.9673610113882
4939.683153583259,12379.965292017661,28.369861723414143,247.79358399125152,1326.6710125490629,1330.1763454778763
4931.972771868545,11171.667809867533,0.7222160085850171,106.34880345061286,1852.5875877850074,1016.1970603587348
5244.415051740484,10016.512484877278,1.4867418596944406,99.56478578361993,1766.900086222612,1325.1012290709907
5608.016456211536,7241.665240565994,26.151889219796193,165.18410699075218,1341.8016872071203,1793.2951933407776
4860.173725791869,3069.7568540027696,20.0895371557496,65.33526983068307,1077.1153610057468,3108.171593876825
1.740632212512937,2205.260940945669,106.46885935387417,47.35014141715898,932.86176897274,4447.47768812429
13.099848349188722,2387.759589204967,136.55871063466,28.54814826013705,966.7169436681368,4292.531615553196
0.0704588190591535,2397.92450276895,257.74624560189056,35.296261849812225,1019.5979105549011,3611.7639276156056
0.801213417088222,1738.826801735198,339.8543947270747,11.372967228733275,1237.9524787016308,2423.984446463462
12.289957350535026,1666.7342995998688,0.0,6.294113045300365,1713.201517293151,1826.1732390984316
24.39720692676228,1682.5043394580111,0.0,6.224308897076725,2222.843375850337,563.7821900564768
41.73710650239399,1685.3060500641043,0.0,6.049578835297764,2774.7841825792757,51.99668228598031
52.74206109776849,1690.3875009732733,0.49497320388073435,6.262564974859275,3051.012837934706,16.493962240528926
70.91981502675583,1695.4796508938784,8.874934083577502,6.022872020465211,3213.3182724152607,2.8696612489552584
92.08332288904758,1695.4472097193636,20.72885648407329,6.311892450489375,3484.072152642266,2.874383608990599
105.44035705338821,1695.2185760549323,58.670971432562446,6.008760464587165,3909.314033786548,16.58705511621569
133.7641530288552,1698.9760909055776,95.70696605296851,11.285442456002626,4231.355813249293,497.46574914916323
1.6749375070406496,1685.4581257475634,7918.67835086167,9.416141773500923,4252.1732129652655,5475.086490553785
7434.009980279486,1707.506213882299,2079.883254172205,18.30113321923753,3843.2630423927817,5794.6300073783
13.452730001153691,3256.7038177918866,545.6379653088696,28.743619002376303,3207.3105281113167,5525.030462246813
248.86208932078972,4806.314682880621,221.3109941019454,48.28880657499014,2300.227415918211,4542.795914134438
843.7921971758373,6552.456947811517,70.5406775633237,40.84474062255629,1504.9272145016087,3636.4968245480513
1278.4907704677523,6375.328668455817,4.815837677175611,54.0613833901757,972.4615175578277,2294.31968024477
1698.6442015882094,6178.078747797354,62.43945079145417,42.56639331421996,661.656170937088,1703.4633083419849
2147.825924779007,6136.191255037957,100.52151444563573,38.100398849732294,461.4865925006759,1330.4444438275782
2529.440129990761,6061.003656359852,43.75408684413863,26.22120937746701,315.26481607590716,1011.4795825872234
160.3337647134999,6211.467360597716,7.797557478024376,21.355830141962457,230.83486407728574,1339.4071129683184
338.0128212267615,6414.932819442902,11.576956036054515,24.132311675332176,192.99152309012842,1874.8894772113129
57.576585402115,4384.208212335109,52.05567568888677,9.06306369809254,217.52494891458696,3315.3974873374605
22.779565088564812,1589.5291727481158,0.0,9.187647499206006,318.1144831496483,4628.739117629011
25.637371170504203,1593.9597305797006,0.0,9.163364311031376,476.8597217953271,4204.846379256553
2.4916753642758915,1613.0402149986437,0.0,9.076992978285658,630.1733142171927,3541.177166010984
1.7857642280963775,1634.2872207364123,0.0,12.890428511035736,851.4118722454119,2374.748552947336
0.26508508958762145,1645.619380007519,0.04450473278534711,6.326696289085136,1299.407194637891,1808.7146590711388
4.108284563983726,1664.3305108422155,1.945614828362334,5.945240809678275,1768.2286522762045,563.7524145141028
17.037970819895005,1670.7158523711985,7.890970337893812,4.955740238958714,2190.211299712147,16.479835466456652
24.926159350148648,1677.6120858575412,11.433929724884996,4.675399551816408,2371.4368947873595,2.869631788841791
43.72605640651054,1685.0595555907112,30.66557707093163,4.968237241412342,2603.390271003196,2.8746767132858744
51.27423352977076,1685.9157198417554,46.23815373357174,4.69507068122072,2821.334156750235,16.568814753846983
69.75492591256369,1684.6928837021105,74.29246177010631,9.41384885223945,2693.4773897815976,496.584898421855
2.900757605793912,1663.859451300228,78.59673387020995,4.735485765487594,2424.9985581101864,5365.122005194335
18.40511680472569,1622.2544161900262,108.65270782363835,4.79598295511622,2366.1647689587053,5704.054790607429
45.29471686466766,2834.909125056324,50.95576275977484,4.587885093053631,2379.4333528962816,5465.812484922533
64.94643156320895,4386.351457821566,22.249650838188053,4.856114132461918,2093.732030825529,4477.172217567258
85.42328285564018,6271.563473974653,5.064294227328887,4.5503136597748055,1685.941511137459,3659.178926652326
100.75887859981448,6244.380597175629,3.6241743518791427,7.553702458136978,1494.0069642256708,2364.87431495629
132.27128009347172,6199.939413544443,0.31703856775529465,7.497356174015346,1208.5719618749454,1788.9090435948585
155.85141966035627,6158.175661464448,0.03224251906875116,12.33131615912601,1042.5715721396616,1407.7393952429588
138.67847679397653,6149.843132899838,5.375570980077737,7.605937338150484,1242.7434073293073,1078.5245754904881
138.52232675897898,6172.901767513515,10.878516406737008,4.740410890128203,1264.1949526207652,1412.6007259085425
139.27911796722114,6176.610981410401,17.52840430786438,4.610408497866927,1112.5599810454614,1923.007779206856
20.625887312313683,4352.799807135112,11.176880169529174,4.647376166957679,780.2966486706408,3364.571043292056
3.6392010811995648,1613.2794530103397,17.22877946500394,4.797648696058331,592.0396640782801,4677.638435590623
0.6860716071732449,1628.3551437610224,29.67938307214242,4.634354814220172,648.8240100845946,4273.479896088405
20.180132731648143,1650.2538028604702,43.624748347679876,4.953754369247183,692.9228731560814,3601.4925189340897
25.527494200590038,1673.7710985989459,46.28895126477215,9.35927495093487,762.2198314010898,2403.462672793992
53.60744417325725,1683.7425398117134,59.00298478877361,4.821037359375087,952.1740920968726,1828.1032340043105
71.26721908523723,1690.9322755517799,59.61898726944053,4.930939088229611,1186.4583789609674,567.5445756355144
81.17558296036383,1692.7336884068686,75.55169076583329,6.090004474871414,1474.2758583386485,52.35200888166564
101.00178055402597,1698.1521212131897,89.28698024723596,6.314230771076932,1728.7335224100423,16.59489418060754
126.09796174457566,1698.98620100025,164.96897167119639,6.084824067517359,1950.6728134766013,2.887288662557643
161.1590713363628,1697.6060165195636,185.7209300728254,6.342261728690514,2208.224155568611,2.8905332054084965
78.30752294302266,1697.920113030951,287.4067925783998,6.05315986891373,2366.509893993902,16.652835288879313
45492.25053895749,1754.289405089091,309.3816949121204,11.683385274295473,2421.9336994528544,507.5376144944012
2734.0634078624444,1789.3751040035602,17963.84709128619,9.792991781185911,2280.2451215895867,5496.999368496019
2.3735511141586136,4909.225019843763,6381.576807486144,42.39411028097518,2369.4771898990743,5829.440552074501
81.74802052837396,7058.822286215135,1750.2153159966435,122.89473663724476,2731.1511341639916,5540.817138372609
278.9904314544551,8909.809576863854,806.8048951028425,141.6844432570323,2547.3745041534444,4567.342157221196
536.3518431821725,12198.870704483443,338.7268630980789,146.8112078483069,2236.8636213422624,3693.520737786929
871.2857750073497,12866.888824066195,77.67779538300988,202.3344463451473,1817.205376172831,2358.8281825308304
1283.440658312159,9730.805898787106,21.1639399666987,284.2739851360765,1410.3015544378088,1760.1142440795948
1828.6862370569502,12669.175021798934,2.1366979280183354,254.8468300864274,1031.7279393642707,1368.7730149770277
2482.443272965504,11375.912948321264,4.780871346469584,109.14483525168113,756.4727391490103,1033.50562225268
3330.069659178458,10124.358180279733,32.93575253130694,99.90625321667115,507.1749732373262,1331.641817142237
3998.2846195996353,7283.289961067786,64.93463914323982,165.9498504255706,371.35460132936896,1789.7001542667297
3560.763832277691,3079.254118239173,55.688884952304996,65.36381822319007,271.0875870114364,3096.5775943695044
9.85698716307283,2194.908402414005,22.986417520684235,47.57375773569477,277.97741507376736,4416.6833984646255
26.647884505151747,2354.938925803505,68.68851319233299,28.379342146122738,402.90661035934204,4244.908231554128
7.220536559846149,2368.5450210976664,210.71775139685874,34.46611460351783,522.7515086689523,3583.0662183466834
5.760162501906733,1709.7520689889957,280.83887187864775,11.458425688061977,668.9459287948392,2407.7426184608717
0.7700654491394238,1637.8986534624676,0.0,6.066027509029492,955.350221673848,1813.6385910422816
0.008133150226848245,1645.651567067455,0.0,6.262675016714239,1304.494202124875,560.1620851504968
2.1887067340733375,1654.531747512453,0.0,6.185753939393476,1644.1492006746566,51.82538683916753
2.905246733146727,1664.9527268058328,0.0,6.049045745542733,1920.3446309904343,16.43048320910194
8.538260766265383,1667.0159986647388,0.17059567556152522,6.224151722038775,2208.3299439023162,2.8575053109597643
22.852374660288536,1670.4986292932172,6.23648708604417,6.016246790033351,2561.798805253811,2.863873534864895
10.762381796375259,1674.7370554090148,15.656678941677335,6.2628743638512905,2707.2089091908824,16.49392337701637
15105.023533835338,1726.721864347733,40.06596839300909,11.191291984439061,2883.0686551155736,502.1819143468305
2.521805956724249,1723.9560045327778,6732.580355941476,9.425936846463419,2863.005301848288,5464.300496380717
896.9576204254918,4632.075189297868,2420.1067143288074,41.05533451488255,2767.6318878106144,5724.854410421635
1705.9231083136247,6601.452983413494,143.90853542033628,116.32996788395225,2367.454136032881,5401.2943897621935
2452.0735512688793,8265.44071371709,0.2997145515195812,131.95562015326678,1682.8245588483871,4286.619137273365
3266.5187578594123,11331.21491707815,3.355647624460755,136.46876197264277,1142.5097056249454,3454.053102146525
4085.189944447417,12440.7648835702,110.30024257778004,190.25957673036112,712.9615057252643,2215.335340000014
4525.11413952513,9262.854623241918,71.01759785743549,269.53690361596983,549.2698658813998,1662.1024295384009
5205.377963014319,12250.680507888346,143.0106296088518,244.31148726033638,390.2212294629072,1305.4308598347152
5686.0097312153375,11054.270863938504,358.71996956011463,104.81041444725645,209.38677187308292,992.0198427887035
7182.212838410696,9878.844020617296,307.1258565956981,96.92061423247522,137.84139574188023,1281.9848574812474
7187.039193590758,7103.404568601304,238.75203822085393,160.93526978172673,103.02780325751901,1732.650762914791
6748.2973669987,3002.3500863888494,124.08398509565511,63.40021277334982,76.95192863184447,3009.8963201249535
18.261874128463425,2139.106911570633,0.1582475769212992,46.5440202391632,107.43433162128899,4305.218168065269
36.149571735662434,2302.7680798380247,6.9466111675421,27.73450100648526,214.6561023604282,4149.831092792431
9.780491350787289,2326.932275213614,46.6445764999263,34.22554518101969,308.3143021826194,3514.1936307212914
9.587834505831538,1685.5031413003899,85.59490024027404,11.152223345584403,413.14010291287934,2367.6373114281973
2.928206656042663,1615.2963862671274,0.0,6.2841213139656515,666.8019679614647,1791.6256798954726
0.8921933622751952,1625.1487923728432,0.0,5.8775302898976225,1024.3843866023137,555.1076516560391
0.08116198386823377,1635.1984283671575,0.0,6.236102275521382,1423.743351945087,51.40216373207552
0.09882626325803417,1646.8316220819677,0.0,5.9799419809879,1690.9871316973665,16.341317494995145
1.3053349005204626,1649.8432266388618,0.0,6.15831581876298,1907.7575370380735,2.84384721109597
4.425878618713729,1652.3012268019074,0.0,6.148304752197506,2195.0854775031794,2.8465442915247516
1.9538709378508532,1656.673635164412,0.5433790890965411,6.001600759978368,2398.2600338645784,16.383657285444567
6666.714272656784,1705.4936458258655,4.1520580184863185,11.296613550666397,2382.8228649424605,497.8632984686869
512.1621880637479,1674.7394188767853,4236.798048206781,9.091401840136095,2077.439838818989,5402.69429307493
2230.6391481975083,4456.761934497326,1414.4321421265308,39.87771657297401,1948.8888351817639,5657.711961209093
2970.181878772167,6399.562816907272,33.113755680229445,112.56348047480866,1798.6724490992503,5341.551858208261
3542.7235334814927,8084.559504874457,0.8801491815414797,129.7671141303086,1438.2393446681795,4198.4426624498
4102.035549524636,11181.250401319197,6.9625517322509705,134.6127359086554,1104.7821252875597,3411.080189352759
4586.797111791818,12306.401906557745,22.25519709036504,188.56122833621083,896.025791411911,2199.437148784552
5065.894938957051,9176.53782308408,40.973519212661245,267.551261566146,719.5897115974177,1656.843664918544
5519.276950492907,12161.939912802789,51.4396755610182,242.59715723104742,588.7504690283059,1301.8567007265056
5979.940745720236,10953.379583058893,35.44898721014695,104.6231128747213,511.7711533432483,993.0371341241579
6434.64713382997,9800.475855591942,36.358146220380796,96.87034799268031,435.07701046414985,1289.2015120145168
6859.215427386444,7077.396747742711,56.67129538430852,161.36864646412852,326.81756437567225,1744.2755660347223
5998.657882106314,3001.5815145656657,74.43342233987983,63.78125888120156,252.61573444969147,3026.5219035386503
16.89103996616183,2145.2895676831627,0.27385463083819106,46.138521754966874,242.99767254868462,4319.681859121044
39.29150915843991,2305.964295186586,7.457356788872488,28.175086373278788,311.4091418401299,4154.946319975641
8.870717964278677,2323.809818513759,56.09578954511448,33.989888181083884,371.89869598643855,3512.55228246636
8.014388387206566,1686.4743616966841,93.87054447097724,11.269977228809008,488.7284069691405,2366.2890778576743
1.677807675369762,1615.8203460345144,0.0,6.024559273322379,729.2451593277027,1790.2454926632379
0.4042255340273749,1628.058597008465,0.0,6.159381939063128,986.310667917089,554.7140092170018
0.26384539170915167,1636.0764076392543,0.0,5.930831480891378,1269.936605110346,51.340135426848036
0.24388965887844619,1644.9281420992565,0.0,6.215139202934695,1436.4099872314696,16.312947869552605
1.2020442794040302,1648.7583431010946,0.0,5.91070747868337,1513.059710873789,2.8401394009748633
2.487860061268077,1650.842225430453,0.0,6.252031022978594,1536.1247488893375,2.8426330564782143
0.3766032863140125,1650.1764830621569,0.0,6.019166125576493,1572.9341467903444,16.337817604093566
3992.7971615078195,1695.4263566675625,0.0,11.119507741793184,1547.0034174094478,495.34515758877205
963.2172954770529,1647.7391324256828,2403.071755769049,9.113880487457758,1306.0799584897602,5357.261067126772
2581.4577359673553,4372.3111974999865,1187.9201699700563,38.985509042496844,1427.6217527162185,5633.215770617146
3155.4004636025907,6361.065285475112,147.3164626006664,112.70767278049915,1814.2097934187123,5349.020434462839
3783.440761953568,8074.078482876804,1.3274025409978398,128.96938335437716,1509.8980737968623,4199.086389169958
4349.94068968315,11140.88913048231,8.395344744702655,134.7112169838571,1145.6693968600089,3401.227798620423
4877.862945024113,12259.255072174776,23.576967551514613,187.48282651401652,939.3879857629872,2191.198819645743
5390.097854021142,9141.022984366375,42.165006840157645,266.96957493230786,752.7450137914384,1650.650974164349
5852.888689475433,12114.712050705837,52.32018835881275,241.41324984917563,629.0021754987589,1297.0806620309827
6360.869779908541,10912.846583552506,36.5484850237992,104.19463128043489,531.9829588100711,989.3805176048635
6852.0616518538545,9760.728607320618,38.03993335044103,96.11896449317462,428.13837402078013,1284.091673854964
7140.451604995811,7051.2008581200735,58.04841365107775,160.7785365695063,378.84478898486816,1737.822850644153
6261.234589855192,2992.732621489735,75.23822408147493,63.61141941738951,305.90423681509077,3018.255597228898
14.627619634785558,2143.7892715500166,0.30895255571741903,46.6869228288356,288.4933424446759,4310.050911101424
36.66614349977427,2305.273698753552,9.068903254406013,27.692615398202346,370.2576032666855,4150.643474368479
6.996677189154501,2322.534662737042,59.31421608861091,33.87187963875577,437.9751390247711,3508.6656886586975
6.694194557546313,1688.0159881804045,89.81861320888967,11.311349922612902,543.412111510121,2362.758398104269
1.5372730300523165,1612.2584483389928,0.0,6.192836412976305,746.6795719025856,1787.1045362497152
0.4327929440799581,1625.726700554834,0.0,5.954787898860203,986.4770459350844,553.6336333975423
0.13591358661574732,1634.7374214134134,0.0,6.154278799070539,1250.9615926484191,51.23871227468852
0.05324975089794403,1638.3947741765076,0.0,5.949512407185087,1390.7200898851115,16.28039318767448
0.698441390141168,1644.3106147732944,0.0,6.181855081647951,1499.9777713872168,2.835155976762371
2.538500452706559,1649.033440644521,0.0,5.937897164788776,1652.77171668997,2.8378691715708406
0.31439576743928194,1645.4594143827906,0.0,6.205702455640082,1683.5163070190804,16.307799146243514
3445.860468066831,1688.9673400755823,0.0,11.16853104312579,1649.2393352228305,493.97133192935036
1068.0693646593327,1641.5589032075181,2325.9521548189823,8.80994525589747,1446.0811142633952,5347.29009481736
2822.1347288229913,4340.660403611268,783.059907288271,39.276659407160274,1308.7035030868742,5607.276407545705
3508.6659013727985,6272.515021979969,2.175956474547479,110.57141040952978,1365.901986300586,5300.217298170444
4065.978069082082,7973.284051456255,6.486337507453844,127.54949845150112,1168.1396997337201,4136.390646599236
4756.2201169924065,11064.810189169846,12.378295099397128,132.9942607144951,814.1494622531204,3371.9921531323703
5586.052962952528,12149.701104022046,32.47164667528219,186.13369775991418,510.9355059749475,2171.4659195567274
6276.571529900634,9060.821583728977,122.59084366269303,264.27439626638494,376.48387100458797,1631.8888408248922
7024.1430571566025,12024.141660908757,224.37055772577583,239.6816975310057,277.33780872938195,1279.8751301574475
7988.394451541904,10837.285829718321,278.5850557828053,102.52853656286001,176.6556717479006,974.053060144911
8947.128286243737,9684.946197932113,297.8355679701202,95.46055165831244,122.65107297421758,1261.5248107053917
9796.720944284769,6985.465850596283,357.74419789903266,158.25591581392166,85.22831836820374,1705.077764767535
8831.16884776093,2956.8176040007884,219.78122151777805,62.4384941616495,61.59128193022134,2959.0717181915356
24.81869607707242,2109.962118135672,0.010259553545322802,45.68572821820145,84.28988599403056,4239.692479676854
42.61729980053826,2265.2447259854794,0.5679440092012087,27.356148423581665,142.77635653399105,4088.110549262058
13.224105268215324,2288.119139024141,7.882993911755259,33.964238529168284,189.98043727037592,3456.6387170276407
13.007424691115482,1664.2700352672298,19.043873454068127,10.893870123739239,262.07793481872665,2326.8222470769206
6.019477471105664,1586.4132183889146,0.0,6.211222220171373,422.64970333985116,1766.6214011272552
3.4668257317044358,1600.250614944413,0.0,5.849894024489941,626.482918016626,548.7719397028887
0.6813967562348895,1614.1398291494763,0.0,6.173051441395369,858.6802456834082,50.83922023614445
0.8297546145417656,1618.011167434681,0.0,6.093550307825011,1039.7172381332748,16.177650897920035
0.38752929667386793,1620.5453932904072,0.0,5.96434521356856,1135.8966603053027,2.819341536997474
0.08107116142847881,1628.865810119025,0.0,6.1480656169720955,1238.2971688792056,2.824699592825531
0.29251353563376903,1628.1025644244605,0.0,5.931689437738992,1332.6351712665855,16.24684579151643
0.0933727447952807,1625.9852754105182,0.0,10.974557825929296,1269.3605347100754,485.52733225992097
70.3630392095203,1615.545873743651,1654.9001166068704,9.065956352539724,1097.9756350249977,5383.1239626342185
2386.9598997757957,1642.9577168659707,666.2657856046027,17.485826267378187,1112.3453484595946,5723.422166765761
151.57830931222793,3100.960626243902,169.8336124904201,27.821736650192967,1157.1405911919585,5430.238378662948
630.2700914446367,4541.007330111972,29.770145458400936,46.44701378711587,974.3101797956621,4350.180722476087
1398.5913803934409,6288.01586225598,5.391958970369868,39.19983303476314,788.8269129375292,3490.7495214586515
1693.2748046207043,6182.0376067936795,0.7739493520585479,52.45947357228561,626.97178272192,2230.3732425058647
1951.2397815513634,6022.594638361946,0.011717209844714067,41.83505303874725,476.453840437536,1677.491527798189
2147.89806870311,5977.60206131991,0.0,37.49664889980429,405.766226425356,1316.9218273158249
2313.527577639022,5928.9022677528965,0.03988599350185375,25.479523220486797,355.31811107749,1004.4876401981194
129.6583718149996,6131.344478877286,0.1247331897338139,21.31694634301382,320.70453838063617,1336.279962656925
295.82460869722627,6358.485571661851,0.7651610357142404,24.34800226373034,271.2878101779058,1867.4650571900454
106.66177589467038,4300.100426356555,8.697554045482207,8.934747644335838,204.80718319747936,3255.785846486202
51.08941025056798,1545.4979008234188,0.0,9.022912611073112,213.04772145693704,4525.739712712276
40.83944894121105,1553.4424209249742,0.0,8.957132698456295,303.1193521373454,4123.319421429406
8.79708647289921,1572.5662159032481,0.0,8.866343796682512,378.1055900727471,3479.155534728368
7.824666331043233,1598.1572406188398,0.0,12.837808514904761,474.3653735722448,2333.286248972568
2.109125354106121,1607.9005114261436,0.0,6.183995713409859,699.7589943600996,1776.487388683038
0.6478743495613141,1618.5470070993529,0.0,5.939734350788297,968.2034106954063,553.3130636604192
0.536867743404388,1633.4891888826883,0.0,4.851036440865329,1293.1715486200246,51.217947965607465
2.1073317768536772,1645.004143182548,0.0,4.67413204424531,1505.3100194114068,16.279725880463676
7.216489399171283,1647.8610386376165,0.005868084259372458,4.8595680570439335,1645.9326667961466,2.8367573506022277
15.583829544156718,1654.8418886921606,1.358760560795658,4.696564167528513,1788.1535235627032,2.8411155302945197
29.460316245199103,1662.548518330911,23.740986778489397,4.833972492523124,2202.3373135298757,16.35692030871015
54.88431375012536,1664.0214976924822,47.35083126895113,9.028870452400398,2490.8353980094157,489.7120649009253
4.742197473432583,1638.3500577737136,135.65443076871367,4.86250243278773,2428.044450264319,5338.993586405052
20.87532863453882,1604.6861230743918,168.8200222860114,4.593573534646926,2557.554250821884,5675.809849633989
37.85411926250169,2814.318033706339,276.38086896029785,4.791887528537547,3051.6876681906856,5458.152068350057
57.90726552699237,4370.005405806482,71.72525853929857,4.616049161327323,2892.061610007848,4454.414419313017
80.33246692296466,6242.508128722924,29.398799051705193,4.7554698925763494,2466.1402806259325,3636.10988298477
94.9538760423463,6211.000040543281,9.612456830112034,7.230898381431941,2298.2568182510386,2348.697815238146
111.88254580029152,6179.542652618671,6.126289318741224,7.516495850963749,2105.538646169253,1778.1002710237706
122.96511343910389,6156.129847877565,5.4882804524967455,12.6119230158176,2037.092690876638,1403.1109355066221
135.0843008455523,6139.921819887266,4.672458538774516,7.292075015373154,1946.1384223495568,1073.8820025030964
141.19148378737964,6127.757823669468,8.019069400163204,4.767961414882551,1867.7972827695703,1400.3777504248656
140.62748770858954,6129.318090026458,12.254668553740009,4.522911944184973,1685.9742671804584,1904.571272475329
14.009523817919758,4326.357347965747,39.35613838450537,4.782167418632994,1400.5574037615347,3338.9336292847574
0.054820752140734036,1613.9385843454747,62.063748399792075,4.636500556279754,1313.0656586534947,4658.943271960597
4.67463378336621,1627.7885770905987,167.30209906017456,4.845367340200904,1471.7873049214595,4271.130367574682
72.3213508838779,1652.2210363041934,179.98391403789435,4.717582649346192,1586.757912415978,3592.4038326307377
89.74727254462279,1670.8229316450656,320.45895234375143,9.325211594963024,1731.795220314905,2396.519037442211
148.3955090986805,1672.3206515150398,315.2518545380673,4.76012187618273,2055.626174470455,1823.1185701200081
187.16149228457377,1680.238852504061,490.63897670301554,4.9678544461810965,2457.8451955452038,566.3463765289289
203.5350565094833,1685.9557255635284,403.4948524906747,6.016742889197198,2851.852623376439,52.24221045404254
226.24147239309778,1683.7599172471505,524.6600621459634,6.33695133457026,2990.523120540594,16.562597694750202
249.13402790327132,1684.4023206515903,445.98968865544504,6.016106114793228,3081.6297899318283,2.885953356625677
270.0443350242591,1690.3199996063863,584.5800621165208,6.37068913571072,3119.049525144365,2.8885012129387015
151.57460505570137,1685.639826817086,502.91319561534385,6.247754053914984,3079.797002431226,16.576445003858478
50617.74359708051,1738.2993404098834,648.1826134055942,11.29606194482832,3002.0041041168283,503.44977227084695
3179.3820100068824,1780.6344145493915,21495.92371150345,9.802572381990423,2675.7173571076664,5476.661261984911
10.223494283614748,4880.8859548468545,6819.487031734635,42.10963945655663,2490.6321658083293,5802.567189531307
72.69073870240295,7012.7152837522835,1713.3526420898113,122.42232123623639,2650.3910408441793,5514.457611062315
284.4953733597238,8830.354569959567,705.9661175877118,139.84201997036484,2371.0193920016945,4519.9200200421155
551.8594571993326,12063.542341981445,243.5030409855746,145.21950285209854,1990.2440212570025,3647.5855774028364
874.1685832570804,12795.17881386906,57.18235884953956,199.8414880188302,1661.0290329021116,2328.152878284499
1241.328577979839,9642.792819354745,29.931892754008718,281.73568057587113,1446.9827415249385,1741.391457931135
1656.080499036125,12633.754374495855,1.0834928066625944,253.1479063644345,1287.7094344234863,1358.3666446573932
2086.2106723487955,11338.039371325114,0.9447911830366001,108.54793541239317,1179.3173557446587,1028.7970030071183
2532.317880774113,10113.773440936024,2.27663026225136,99.81472905482673,1067.8842288410704,1332.0606326507602
2915.3347899211344,7290.775141471755,10.505086788393706,166.41223245150968,934.462380234044,1798.0535685996954
2586.1457105052073,3086.250677755048,16.15042682256244,65.65341641998289,728.2416367180247,3113.720569354529
9.82577977945395,2195.3975629350257,73.01840369016847,47.60682120025378,687.9648648722624,4425.858140483212
24.80780890514475,2346.0394450938447,189.19487495825888,28.186428871748355,823.8502728510642,4238.026310555736
2.1876436573296703,2364.0194371691614,367.19536111095874,34.371149768787184,884.6090961845293,3574.098895778417
0.5287594723990939,1710.5777786830813,596.7465630761,11.461007604659784,1135.5155950215083,2401.4734675893956
2.768771838559448,1641.7384718184928,0.0,6.171551682060031,1574.1617051334174,1806.1009583029058
8.32879596108991,1651.0650015671338,0.0,6.129626120764439,1941.3330942731088,556.8706887105806
19.25585619144964,1658.2680542142416,0.00022720178998825326,6.159613867409108,2324.1271781892137,51.44307182415311
26.005968380775613,1665.143603041847,0.9629552211721386,6.011065038397361,2539.2287699860976,16.324404647244563
34.55460460256886,1665.9581431469887,4.753070531982181,6.193187476376184,2538.588244539005,2.8490749183832245
39.428080920744435,1665.709338789982,5.868750734878469,5.99947984467988,2483.9320256564774,2.850919793664951
21.07123454024959,1667.162851698747,18.057232090285027,6.208147939635932,2516.2406166308083,16.362119192091683
15814.773511157115,1716.4687704321084,20.5396765584951,11.1150067312341,2488.800387657942,496.9891321451184
1.0520727055187422,1709.2592586101905,6327.918776910099,9.365086323968034,2224.451769008752,5435.783370660253
834.9420357648087,4582.064419548482,2192.12549005731,40.72949214959002,2077.408079184653,5691.231796559859
1466.60071842515,6546.245564033086,200.77058185102752,115.36955912684681,2231.8304617103713,5382.823394957409
2043.1546082214259,8252.852081232113,28.259352616295242,131.61799761654473,1892.1206610375366,4275.942275495525
2703.583544793573,11327.059359101539,0.2887528813835034,136.4413965187683,1317.1050841468607,3454.949541355004
3576.4645215568157,12348.039913734488,1.2642228701853209,188.9710738269868,802.5563489646437,2210.7590495741506
4426.90860929637,9178.325218685097,150.45252098088164,268.69256655358646,482.9236510335503,1652.3922995499186
5233.16742028219,12183.795627143441,349.7475790384472,241.91336455246966,318.5014598033408,1288.6567323211086
6152.068711663372,10961.501027505661,363.76741311997546,103.60930748510198,207.36222363591807,978.7565144984721
7088.799577861531,9776.958085135837,383.88517189551237,95.74027068502872,119.05819349655629,1266.5867806106069
7717.933512076814,7041.299114897641,433.4193528882751,159.2835047262367,64.13711267090272,1710.1714404918866
6320.954668873548,2970.638206971304,82.98126379080539,62.60365116516701,45.89826077563866,2970.1210732545533
23.03205370821866,2111.7835549158194,0.005489034628093222,46.13264768154115,43.78702760318275,4252.39866811972
45.01500870772523,2261.770688556625,1.962945082929726,27.370712474875013,89.499700263108,4081.196955450278
9.996655563633164,2286.9031458799755,20.421557070652735,33.538006807719924,149.64035700859006,3454.2484278521815
9.83584822122925,1666.9987064497473,38.679269618402664,11.238371547979783,226.15257589038728,2329.8568560847
3.716612371476294,1590.2236447910234,0.0,6.195410318996317,384.45921079407975,1765.9262429112346
1.5859928149520912,1605.661982271148,0.0,5.8768584717453045,624.9477424495981,547.8018258211702
0.024488912337873838,1618.6412713271436,0.0,6.190080534520943,925.9232636204943,50.784144836235406
0.005775062450199815,1623.0947023904146,0.0,5.884598801685614,1176.5163411498295,16.17143596083018
0.6081373935968875,1629.9406872955383,0.0,6.210664526840618,1415.4857661309056,2.8242764369489097
2.84467296830076,1638.3147951647975,0.0,5.876144235920158,1647.507160285925,2.8278583193785582
0.8953121942278974,1636.0717950521155,0.0,6.22038087428716,1823.6551765586933,16.210934435998634
6191.330223889426,1684.9965904161872,0.02059630600941709,11.184627767051436,1902.340284897074,491.7637566657207
528.3455867887543,1657.4539443716217,3308.295111576373,8.822496646486723,1733.7889437281463,5360.72768206993
2292.0483178786676,4380.660942454403,943.2151523714869,39.60288338686088,1591.7785668476906,5606.093450186248
3146.7021610722677,6281.306475821074,4.848680875132922,110.46273749438694,1475.2149521244326,5290.954492518354
3878.510853123883,7964.576968755085,42.677411089750045,127.64430412025665,1156.6973694259482,4116.204435744822
4678.20204311021,11050.123800474692,87.65500522315602,132.18473935510795,779.2471178889032,3341.722822310748
5509.416796366932,12146.551660066654,236.09948360884664,185.2778557942482,497.45481051238454,2148.6261061475657
6376.599241314884,9058.058192278844,368.0448397682955,262.2266633590607,322.5878590763023,1613.5774804385503
7284.165025751716,11988.832038049346,556.5166574159799,237.88377613044133,217.31178157609776,1264.7954818945582
8272.748008636243,10792.376519295707,543.074713446776,101.5958655075299,120.6881765691774,962.3390392670461
9402.120931493415,9633.673601403318,613.454712773661,94.73189788034873,62.84700845061956,1246.238523891922
10054.82102541291,6952.32182547562,768.6223697771079,156.84724441342436,31.31901018429487,1683.4980400745103
9820.340529698407,2942.2194544422337,602.263678934419,61.910367042478576,17.24888324544272,2919.373098416919
63.042250399121905,2082.572597218229,50.72293411647514,44.671166646013845,14.88161725083059,4127.771950335314
51.23530904811787,2218.172718744269,0.0013223325431052904,26.58730726952332,37.669322144545255,3947.426413746599
19.86277825630736,2250.492842121843,5.944913216726588,33.53398191222279,90.16616223498889,3402.3520105814496
17.12727028419998,1636.7710486536366,15.457187039909678,10.768389255089742,190.38556003440902,2296.3495138916446
8.365225254616819,1569.8263018359173,0.0,6.161619034075283,368.3301321963753,1746.7952274115123
5.044221244782079,1579.0183315603804,0.0,5.806526444850837,592.4950516347984,543.2002722454232
1.091033006612862,1593.6312355050934,0.0,6.1162887629090354,884.639993626311,50.383739118404456
1.2329083202934135,1604.5581897554634,0.0,6.048507622610824,1114.1189020157826,16.055076478973877
0.3416036974046253,1606.018113002626,0.0,5.926899227248047,1285.7723121937881,2.8064083038198597
0.0019806017395756935,1612.142600481069,0.0,6.111156742440133,1477.5927082360295,2.813661343264219
0.3006548435725931,1618.1869775180178,0.0,5.8942199962000705,1576.6661743100615,16.145264875207708
2533.9578465102873,1659.6690334094496,0.0,11.098785318663033,1585.7097973472091,487.21639554251817
1176.3883903507854,1613.0834280607796,2106.9678650365504,8.908600321121563,1389.9672651240805,5309.414362759497
2923.655790350471,4287.237784995116,733.5498013910063,38.336120298978614,1287.2129155225123,5571.055678103145
3623.8531971866782,6195.132742306336,0.27114431707497555,109.0414835149632,1316.4142695249193,5263.765471262534
4341.972568089699,7872.765299380932,14.480814235779167,126.28714565452977,988.3439226022683,4077.4804254663836
5064.285303939843,10926.823511780854,19.998598838724323,131.34524432898084,687.2516281940576,3322.670383758037
5550.094375765568,12015.628894418129,35.309524443611174,183.87521765689146,518.8185322818623,2142.8091939465303
6133.055099451504,8958.03602243821,54.225129997592845,260.8983379044199,371.31210999933563,1614.6207911278352
6903.321963988409,11867.082427184234,83.1784858889509,236.5808622021004,256.0539288397854,1267.9034090375267
7485.135371926579,10686.463765182105,63.930694896738906,101.78934731035197,202.28369290158332,966.2243242806836
7808.180506537163,9562.606542643261,52.77505983453758,94.57887115070714,187.30763675467745,1254.684786404558
8110.2873408804335,6911.588755488387,72.83625413612585,157.37334845816784,152.47307490323644,1699.8912277794586
7331.179787382367,2930.865933409428,80.53026150799994,62.31175878347173,86.22119014701467,2950.9314985991878
23.258479731907517,2095.167563909521,0.01196032837003577,45.1128739486616,77.7483073394865,4215.952943085395
40.05588151362159,2251.044963283328,4.530344997770413,27.32665484148021,148.28530459939617,4057.9302707414863
12.36961510464003,2275.5029470761165,30.309428218844065,33.775983670551675,198.49608560444014,3438.4029508497397
13.585851677262077,1651.7737015468117,21.337445112701154,10.971871686306216,234.0762691468452,2310.4868894521073
6.436105965475374,1571.3956438696905,0.0,6.0149675260653845,351.5403827017919,1749.2843637030269
3.3292435930391435,1585.2686456228673,0.0,6.046803737537318,537.9798768699558,543.1431439921857
0.46741587815909547,1600.336763737089,0.0,5.899444325081791,737.4733775788877,50.37959682473427
0.6034108499676248,1604.5461175707367,0.0,6.105443320678137,855.2561778208781,16.05243079123049
0.13570738655229356,1607.5669188129027,0.0,5.885107147842136,963.810539457346,2.805827800650692
0.032421488380671694,1617.8723538146407,0.0,6.152078032862262,1089.4266191844038,2.8122494464451506
0.18982591952026057,1616.7024722309548,0.0,5.855713155834478,1156.9488829234506,16.115250873845916
2038.5278151909063,1652.2353276169529,0.0,11.123405701254152,1113.906059105757,485.7287192466803
1327.3719083762333,1602.407033062771,1396.723718146245,8.875579404919225,959.776639939751,5281.459687485455
3082.322463762206,4233.025009518387,472.0280151499581,37.852116209242176,902.7512238654706,5543.589054154311
3780.823732109917,6140.930947487161,3.2420683383189566,108.39837788441284,952.6574662951032,5246.789645232009
4412.219639894655,7831.796841743392,17.073540967638664,125.28407432751719,801.9688597168516,4049.3571447154845
5010.968912895962,10887.161019676303,16.809297305165828,131.22594624229077,696.5334859282732,3308.464612335721
5629.062069598524,11988.894411705807,69.25003881334128,183.2934360190245,482.23037936675837,2135.444107547241
6723.731448238913,8955.15553908149,212.40619986081074,260.22069305488577,388.27982707058925,1605.5015979159396
7535.641746028198,11879.801320362323,388.9464151697909,235.55846098661755,323.16399265060664,1258.7307138598383
8562.149128243609,10710.711593417576,440.3741110453622,101.7655864013822,230.46702521622564,958.3030992659614
9358.718818227375,9573.050472855339,379.4653537067004,93.75432454917421,187.49508844204462,1242.2957026543081
9714.980878299233,6902.74011105603,301.30237546792307,156.33298699464294,166.93825652502034,1682.26637563147
8303.713793145049,2920.033365916588,95.12086593028141,61.77973250291752,146.8262631128392,2926.6980578732023
36.497786051945916,2077.6178516765567,0.001729514554870984,44.70940815407044,164.8405030537787,4190.554227025372
46.50164613991675,2235.1309141545053,2.2683132362183946,27.490289289252757,276.41052350563103,4038.590112647043
12.641577668022334,2268.8899316445513,26.610494816272467,33.232802949739465,395.5739155538874,3424.7974999897647
11.484615051599473,1647.0281760236655,65.53112331454082,11.037162859660874,547.4045650993185,2310.7583394547114
3.8694064845590477,1580.2760899976824,0.0,5.916624005678185,804.3239690707412,1752.2518326987993
1.398132547872807,1591.36542460433,0.0,6.053477846668841,1101.4774957794807,543.6492464044907
0.0012674687771196391,1601.2604672584682,0.0,5.843918781804702,1476.1703122618733,50.40055384986384
0.019832170483620012,1611.549804213125,0.0,6.114670470823101,1782.5875043796268,16.053542128249315
1.4228726941788143,1616.9719151688453,0.0,5.825614339613361,2076.9753186052553,2.809280033746686
4.755698630079281,1622.0811236541872,0.0003097636429850346,6.157301878966478,2352.758070038469,2.8125103797077537
4.916681673334067,1624.820876817982,1.2419326129131734,5.8764786875780235,2570.386352343544,16.111378612036084
13.735067957429415,1630.3469384549162,10.820299222541365,10.856336711099825,2648.0574949808106,481.8013691276424
20.71991640784653,1619.787010156025,4272.286681570997,9.141549283781389,2511.5360753899104,5379.281775355145
3340.649494800437,1639.5978080516763,1753.8134853706883,17.704158662538973,2649.3717493358035,5701.815704501202
35.355549184213544,3118.8647010425575,825.8227812466707,27.67518196831571,2870.404571675203,5449.017032437649
458.55685010914146,4632.740680506165,379.09291385022965,47.08130441855715,2666.631215513554,4408.2507901616
1009.7227069675364,6397.377525682641,116.61769324725068,39.8485590717719,2208.8563745001043,3541.251313659885
1374.9630393875448,6268.4670111476835,35.273899349619214,53.214273166917096,1767.0938466730497,2257.892942781383
1596.4236574097367,6093.313361116262,30.485709806904296,42.04719419156919,1619.8866526648594,1696.1896913615167
2048.1285629403856,6026.212319743714,1.9967702883989618,37.78412498688791,1102.1251746407845,1327.3313721237898
2372.148397139419,5928.050817639649,0.6763703843302816,25.886467650137543,824.9300126604096,1003.6199753208132
131.403373472186,6113.615226121397,8.777577532714934,21.163962857005544,741.013130272638,1331.1001449259834
208.48424237702727,6383.3292136047585,26.673373820243786,24.1663334883337,725.5597961980021,1868.9057967325111
94.2224392345693,4329.871611131128,52.80188142083472,8.903517040976988,550.3488690711571,3266.717236056262
41.017123390086525,1547.8064818445896,0.0,8.986449528587938,555.1546762303127,4513.818930563721
30.796827955549475,1552.3335607296679,0.0,8.98433621105504,680.8684116260645,4104.1631001936885
3.4248867647841004,1571.4745708533455,0.0,8.853775714355445,812.0445509577038,3458.8895308839847
2.074952259177989,1598.6431658027577,0.0,12.70011686050809,1008.5412860745191,2319.034210963465
0.18045690140372156,1610.084890782948,0.0009512553140645548,6.23348813111836,1398.2982444792615,1765.8877172694363
5.17007640145889,1623.0562704592041,1.093083692521465,5.858222168753653,1856.2237364290602,550.4323209798697
26.342615283710387,1637.6567319053488,9.754822550806727,4.902241569572033,2379.3250954745176,50.99089273048462
40.6300116724465,1645.7271522093092,34.22034913334921,4.600992323750275,2839.383628774885,16.21057853340046
74.55446493232282,1647.6283037998812,57.725285226027516,4.884047967218596,3287.084144398008,2.839225916857741
120.44962166739722,1652.0723221081048,129.83732141646155,4.634073161364131,3683.031541894171,2.845718988337238
143.64953021152894,1659.0408364477023,207.6010766075338,4.909151329671939,4046.594526704132,16.299868560470884
196.92212066520796,1659.475981407427,448.08021594279,8.91282405986599,4274.831667123796,487.39227964789046
13.186608363782888,1640.910347557632,560.2749632533328,4.976084761546408,4295.962716368599,5333.67740884881
0.3759029896196,1615.9537202485983,483.03781469480526,4.570382427759026,4053.664377752703,5669.366811690419
13.859898535178845,2820.1295624277514,187.7294546422328,4.868194539882014,3742.763461531794,5423.701606268568
36.641603329886,4347.727722243362,91.13152785547112,4.5421031835214505,2945.5855096649193,4415.883091415288
71.9626256820266,6185.422877265276,27.6282991928711,4.8029126823648145,2191.8856235557278,3599.2189196826316
117.78191534971668,6122.513480810628,21.76911204047732,7.088055003298064,1701.8106301924738,2319.921831152785
149.95195252389925,6069.316375459545,13.582776855683553,7.479448735534641,1355.9856358825864,1752.1053831881993
189.7941191880131,6021.362638619885,9.46606592585228,12.44333375516012,1102.6842027032756,1378.7513647241053
251.0511022073163,5970.472834210351,3.1852458368740506,7.092085844686705,878.273882662234,1050.4177991436227
307.4445725288349,5918.351542402146,3.1405244992612116,4.712545105701269,715.3305284240093,1362.4593622915722
350.1034601783041,5888.333747960702,2.9025489507016755,4.351142400199678,587.1235135367299,1845.127746193153
154.2135170725145,4124.578847405005,5.7159433076793915,4.679217971926059,460.707286052769,3223.244784084154
76.52547852144484,1523.1151478571148,8.429018193500626,4.412451415872962,429.154579978083,4484.179636038151
33.913075451704046,1543.238979940693,19.340865401582864,4.737243862063964,627.9526052247013,4110.528678587268
0.5454980735643753,1577.0152442583208,58.4709701948986,4.557746679937199,936.1273095526734,3488.9219559019793
2.9212271061100634,1613.755401606966,171.73966325408298,9.185204521360724,1355.7947215238232,2353.9484492694783
43.89227520782266,1632.5098076281363,296.64526154209295,4.824213207518181,2227.9592279008257,1796.4155155651406
105.76288709762997,1645.0964539071401,664.5919154977202,4.777949908708835,3340.0070198041362,559.2691999385017
170.59681772597716,1651.2284099808198,903.9026340869173,6.142335486084338,4432.386733008071,51.772562428319176
246.65518012909922,1658.1551470221157,1350.1246773891905,6.07584580829073,5037.926681948828,16.45982454074314
326.8599765031887,1662.4788553723395,1430.871751653651,6.222237342959149,5572.953184028022,2.883661499997673
413.6654878152635,1663.4332696283848,2038.0860067423455,6.069521644187047,6282.146593871065,2.889837001744185
338.7083644572411,1667.417688451302,2456.4304103339477,6.261237912535062,7127.092612209374,16.552085014269096
57667.651340804325,1723.605436232824,3778.37287291805,11.19050343254345,8031.706376028967,500.6765095145491
5048.385104882106,1763.5554484593702,31136.12845081664,9.817906186375314,8000.038729101114,5460.066053838466
208.52737348425308,4894.865833593812,9975.963764887372,42.168901961444455,7858.223849572043,5774.993857324599
9.13119086217552,7066.52330903624,2405.9167098941566,122.43917417133102,7111.770380375169,5500.566664414458
223.28759583978092,8858.122887207957,772.0041202885259,139.10999147747629,4449.387303344221,4512.763289204251
689.0102773165733,11974.799208965405,242.56140991989125,143.686475300166,2629.394519938001,3621.051238748474
1238.2728026584007,12678.258416117951,60.32918573205521,196.56056478128204,1825.251832810799,2296.127921501516
1810.4274965888894,9418.505120775377,0.11806787605760027,275.4357539635966,1317.2939428910784,1702.273601481553
2498.3938622641426,12359.944203843475,82.16244033475795,246.57672088410075,965.3603956412591,1319.2357311949163
3244.7628115534435,11121.890651671438,124.32855326525117,105.77541750454702,698.9130400520952,997.2054486496692
4047.3059345931997,9899.283698144756,120.62212599871471,96.99636206921126,503.46647304586185,1287.497278847591
4789.510355614256,7116.0308702827415,156.6218976875095,161.41567295756752,343.8422326724329,1735.4063134438798
4387.331728128688,3002.817101516051,102.54376569350123,63.604223897732794,231.9901938024208,3003.365661842332
29.209322502854604,2127.3682621145954,13.054120356125079,46.116075796499366,250.291180024815,4279.399738870417
26.849999136067108,2278.591275043322,50.45999423066055,27.626978725415743,442.78800668435025,4116.222891022263
8.121714513291973,2311.8234655988094,199.44451842752915,33.682914022223414,658.6748414261062,3491.487153103888
6.781101810103161,1673.4551438952265,290.7991200528363,11.23631561508082,870.784738217105,2348.4902813969343
1.2673575968907715,1599.6712790522402,0.0,5.935862036080256,1187.4931406962535,1769.8347030154487
0.1307707916013952,1603.937526813611,0.0,6.1626309962418855,1588.9554957918876,546.8975321561915
1.3696272455674594,1616.1547420299305,0.0,6.007437579945996,1952.6348190224378,50.68736324268164
1.012677891017224,1622.4208678502453,0.0032461550661289505,5.995897422091835,2113.481072474231,16.101378989383047
4.422760627551157,1622.1750667497963,0.7502472225659583,6.080111279420306,2292.6891308227086,2.8233347687850547
10.603353862879034,1626.2214907996029,4.857244711385249,5.9254369874998805,2406.4197251362084,2.826719653897997
4.214944264106648,1630.539518890674,8.216369747695538,6.130976518476155,2377.780961615313,16.14948688215432
13854.921828896307,1684.235341478129,19.085730151017177,10.852712984327663,2283.910925109478,489.69447792004405
32.60829044959415,1677.3714914133998,5514.812020643724,9.342882037358876,1961.1367914416276,5384.338842186864
1174.8021610598225,4472.640332017981,1695.0986420765312,39.64794009744418,1693.6887738269058,5627.631642309323
1895.7107991023354,6365.9931003349475,48.909268140537215,112.69283717964699,1569.58852241553,5305.898090864814
2623.5843570881784,7996.38558472378,0.015064472825102069,127.33483475200775,1105.9448683913472,4140.582133850669
3446.630722255369,10999.811688984562,2.673093664582959,132.8702786622725,694.1971758960391,3349.140379385212
4085.687795978702,12069.008221354341,19.339355459620744,184.65166143848043,511.31657587257837,2152.7814911882733
4529.108977770461,8998.458218568267,34.353705684733654,262.67146118996504,429.7091365106988,1619.8732926437906
4957.320672978222,11925.368371126668,45.074912033836895,237.4782977695241,376.6112337795233,1273.3261169774598
5783.458304795869,10740.35339819777,52.61732241893315,102.54213693647554,262.10340375761353,970.3812710590579
6087.3180334085755,9596.034041766337,36.03840434831594,94.45074833529766,237.40945687972433,1257.7869780095439
6365.293653352389,6933.735641888822,53.760456675267115,157.96128649603125,201.249038117198,1703.4216164115096
5611.393410677189,2940.9668430022966,71.67776644998243,62.52547082302697,140.64526731525422,2956.7333355160754
18.26721474732079,2099.686648883947,0.0010002955025307217,45.74120000260333,119.60784414711208,4217.1341375813045
43.111623353783216,2245.1900602486307,0.8253467818269448,27.209805669882126,158.8425018831357,4041.8503273292467
11.269446724140924,2263.4405842906967,20.36912402065154,33.18793663476562,196.6998254244476,3412.5809366227672
11.655687725689399,1645.4678003291374,34.2110095913257,11.077249762578644,241.43311915782056,2298.611334105238
5.088292654355875,1571.4729820931743,0.0,5.849036674694758,351.94149485813585,1741.202798927316
2.7913175063352598,1576.9135449399705,0.0,6.1139563130927055,496.5769490314104,540.0297804057293
0.442641517174258,1590.794462185128,0.0,5.953919603163772,662.1536711757875,50.09892442937608
0.616355017384167,1598.271192441821,0.0,6.004372326912049,775.5534013329831,15.965478310502377
0.17905193160162444,1597.7959412968946,0.0,6.057928298567631,857.4660375036273,2.798611390711032
0.0014273081570278954,1602.3124798930796,0.0,5.922112717958141,947.8972188652187,2.804080805018058
0.38253120265452983,1606.0778618965694,0.0,6.074578848836929,990.3316636267358,16.021239761476764
4985.27585605296,1656.8868916857418,0.0,10.750569728800585,946.4709874216768,483.8195754877132
730.2671775321903,1612.5284741786288,1423.2312356330503,9.002594995761239,773.637948423965,5280.0292544390495
2553.6127841917596,4235.644817515853,441.17118482159736,37.857117322101566,689.4820036241109,5526.007438494691
3242.66700434459,6115.496864853642,2.1557508656958704,108.55570582685799,767.6733651437743,5229.512009595932
3804.8379615391027,7795.493114680041,13.455866010341351,124.02167749478555,681.8744362783196,4024.369429525882
4403.392321925507,10834.099399778694,14.33353654379416,130.70007980411137,528.2225964487877,3287.705524748066
4976.372726115999,11912.845379617964,26.736002845268448,182.03544470365,391.6481810398055,2121.9904994071376
5569.194246340039,8883.125757665772,45.956960149331856,259.12837428682695,308.3536550617128,1598.6546563689426
6138.80726326085,11768.299016621715,55.12994781472405,234.20116941379453,247.85259198308813,1256.4648575754027
6735.835710709516,10601.14258821032,39.60356814406944,101.26817731063535,198.43593222609815,958.4425847621156
7307.273192688672,9478.50529348126,41.671697656647915,93.3624619345121,150.82147907604985,1243.5913057131734
7699.608690574151,6848.7083273514645,61.09882709952019,155.9799520499218,110.49457793363828,1682.5479949817118
6845.06633265978,2903.966764163079,77.78078560273849,61.74327854050681,69.42627463205771,2919.924041653472
22.42579139269897,2074.3862845993904,0.011390196858717276,45.129858672180255,61.106319998327564,4171.707496395687
48.839369582344965,2219.692257335326,0.0003508193690329318,27.051560134667554,86.01682030797612,3999.447638526842
13.768194609939087,2239.365499613944,4.6165060414605845,32.937581149070354,112.74015413486819,3374.5325249512603
14.192684658768007,1627.473967240051,12.631005303099561,10.98516140585562,145.6810766837722,2273.183607178966
4.6668199132197925,1559.085166142746,0.0,5.824520776322488,312.5036355907411,1726.2000154650314
1.6068449762590207,1572.9124185217604,0.0,6.0944519135766715,546.0165211606869,537.416168651849
0.0850057173205643,1587.9190238557749,0.0,5.839602730404166,741.421154788503,49.93865407563477
0.15786476674891334,1596.9124483273265,0.0,6.110155709251436,857.3888872909137,15.921937026878275
0.00046772602607011575,1597.8677131791526,0.0,6.054821081364116,954.35236355436,2.793709086742159
0.4165636194990334,1601.71769383766,0.0,5.924557630140033,1060.041056100207,2.800032368353972
0.016907232053086536,1604.8775382309666,0.0,6.0727110120235475,1112.7242095526192,15.963977783773842
2662.365633988356,1645.9920930963165,0.0,10.686796079734398,1057.101740480454,481.0258677595915
1136.5611517824386,1593.060448369648,1695.7242157106944,8.905810450232726,869.7648647641084,5262.420814698058
2864.690311836728,4211.411405689339,646.7632490639193,37.61762521632192,806.3682790396825,5522.954148760191
3511.441313719356,6102.49912796866,8.073674038288331,108.35180605358305,930.6863446492406,5229.2038884524645
4016.776840054668,7769.2526851251405,3.29274076687328,123.79158067954887,900.2325645112527,4019.894547802623
4628.935422649271,10791.519195058298,12.866337993151559,130.2839184454347,679.1224882511339,3279.1572252489677
5274.477786252276,11869.431592936204,27.65912053973673,181.35947832919854,466.8401093612132,2115.0987041027524
5833.687998655329,8851.236913205434,46.90030998101074,257.9697200565626,378.5468188861634,1592.8123569916459
6442.794646419589,11723.501310758977,55.83904728520152,233.25102218163207,306.20785746297827,1252.0150656520993
6983.8043739781815,10564.076822997205,40.52964346111191,101.00247181866149,252.32318361466244,955.1240810374231
7093.543390775725,9462.595209369983,40.89935259716812,93.21038687487273,297.24934201090383,1241.0979477023016
7585.509191678746,6846.129515774888,59.97033046798113,155.8665622183956,198.69715371154317,1682.0460406271116
6562.958720647998,2903.872868084485,76.85978934190717,61.7254010329542,153.15668810288997,2918.89968839637
19.268739056435688,2076.4316374503055,0.0023158863571053215,44.952128018537074,125.77453142360294,4170.361590053212
46.00770717834994,2223.130077835845,0.01933331370053109,27.169068276266803,135.32794731075273,4000.3284706726918
11.642976031030393,2242.835116378807,9.849952477792872,32.922154184123634,180.71425069959608,3373.8987602809784
11.353229699861929,1628.3180260479933,23.747835183726043,10.968085525365186,240.34789161497602,2275.0473764318244
2.6869644676411615,1563.3956185791424,0.0,5.858191098604942,458.0941256523255,1726.8000005562658
0.5876763898990027,1579.0182103908426,0.0,6.068567845824177,713.8221481357898,537.1713916626506
0.10505908123724705,1590.392381769167,0.0,5.809303875473611,923.1721938523323,49.90407074706619
0.07185213013669131,1599.1798604015055,0.0,6.131988637996122,1016.2923282799028,15.902694168452863
0.2049157100040314,1601.445169003855,0.0,5.838401995853413,980.8654270693598,2.7935002893047765
0.3072109908464053,1602.028647824277,0.0,6.133577976015484,932.7542896359988,2.7962525774155265
0.10603434866266276,1601.5014088276482,0.0,6.050753057883204,1007.099947267336,15.931889541404692
2434.2321681209646,1643.7818460050369,0.0,10.706695496731797,1176.02076565245,479.25386247662715
1158.912744684762,1590.6967460896842,1922.748247477666,8.871469947638913,1072.1081849292334,5259.492770848681
2912.365061053136,4201.165347703345,575.3053015771497,37.54744638283594,887.6544464999189,5511.073258027182
3674.363073215635,6071.413071005391,3.675416433303117,107.54959233274745,826.7692871414905,5207.263688303916
4213.16495658045,7732.642727017275,15.777878282500618,123.23625480972973,749.387297020081,3989.3723918357323
4810.026085402554,10746.304353269454,16.350829028167198,129.60406872044052,610.8677869092995,3260.608930223581
5748.7213697131065,11809.378097214394,40.39839997411749,180.35306405890518,358.02383150830445,2102.7272447709643
6642.187618166991,8813.793783748073,221.06730311576183,256.4260863580376,248.25582924726424,1579.17708318946
7476.537726739997,11707.24933576573,422.0581628875073,231.77641043071654,199.74994357649416,1237.5370819148486
8344.857256644997,10554.924366474865,390.4195365699576,100.31393717420397,146.5866409723503,942.568248655696
9472.028072326259,9433.491840922778,460.39975102965997,92.3163408149426,100.37965873699257,1221.7826757432852
10326.158796203763,6808.031967683728,551.170002125946,153.93182741443982,75.52753970411698,1651.225816637619
9203.430434698887,2881.6526327094507,294.5324343381921,60.81627165998612,62.7421851679243,2867.1524248090227
45.3838636161638,2044.8609016557548,2.848341027445307,43.768726588105935,80.54306808614679,4092.8895681506733
42.86742446096707,2196.747826181553,0.9564548083764158,26.976715838181235,165.65624256003255,3940.558515654182
13.475113110050856,2231.093861483622,17.525653157469822,32.85591172838436,278.0193681649426,3361.9049116916194
12.476237597043,1621.4325854692247,39.6467595508593,10.888863036277453,381.99029601309104,2267.8749173166493
5.302111978386973,1551.0663041098778,0.0,5.862007066440593,559.1945577146926,1720.8469261286289
2.593123706818631,1563.769499430037,0.0,5.9904995805259045,781.5236586294363,534.2365374029549
0.19521273973991912,1575.587241063315,0.0,5.800418392879876,1061.468126546503,49.60512754500026
0.21930359891120996,1580.1679372151684,0.0,6.0482293214170895,1237.5182538933914,15.82436357312807
0.00018846927155476191,1586.8240062063692,0.0,5.788127153099725,1384.1719426247691,2.7814226896906113
0.7137521114644008,1594.6996745789472,0.0,6.086347318380253,1565.345176359734,2.7883283683228592
0.26403001824136874,1594.1811936454258,0.0,5.7681505822007395,1717.8540708496864,15.880162640703048
1.6213546874980547,1595.198173825081,0.00010876475168459679,10.800902284823785,1781.3468367399355,472.65399403384197
36.99912563497216,1587.4640061889947,2716.567195100224,8.974961620627964,1742.5197147977967,5321.817999860261
2700.080994678723,1611.33904374382,860.1203740539331,17.409735828514645,1749.6085741748564,5643.782339671944
110.46164073367751,3036.1619295809082,220.16390988473728,26.988099419408083,1769.8928511534982,5363.5900504367055
685.1320750760167,4456.097849256344,71.45578183751803,45.40242938722559,1544.9685503731682,4254.358515534588
1455.5925537143974,6157.090901913644,23.26209652293386,38.53889616226587,1087.9044535902012,3412.3783600796355
1846.7106401582798,6041.604600565797,5.562611410392758,51.201955078495864,796.5493544604864,2176.5274714620127
2166.7061760056667,5876.187403090804,5.499302466666136,40.85692644477361,562.4231304238077,1630.065132340074
2439.5099099241115,5835.88237980614,40.59358648980901,36.52238724987618,403.2178836145944,1273.6818644791197
2670.5614986752907,5786.410593554283,9.229274877844354,24.923280947006237,290.6843657436901,969.2856876537094
179.78235868240108,5941.285987165176,4.246391008789187,20.675653525714193,187.33280466844448,1285.448180844601
402.78775592905635,6116.813567324452,0.009690879274459403,23.36664702595936,121.08397968439685,1789.356919658345
159.2529746876423,4124.293713867311,2.9749764162617907,8.562878465519328,80.09656352190316,3126.2100214698985
81.67717496200517,1479.917606759987,0.0,8.745229065077286,65.28317140586857,4350.011117452648
56.683523454271025,1487.2509603974381,0.0,8.71744296728877,102.99773897749088,3966.2098711369067
14.60239825696025,1517.9781945776465,0.0,8.61643347286854,168.3186695549249,3354.500533713829
12.949977849195028,1542.7246350126914,0.0,12.528262396962035,265.35166275677227,2254.090556198081
5.699225999699947,1549.1307603316327,0.0,6.056399008186628,426.0587998107156,1717.9961162454936
3.16624955842392,1565.1228123002863,0.0,5.80205103060433,627.6072179138764,535.5504316073103
0.33965008958838805,1579.0122770785592,0.0,4.776755269115484,857.1984249825146,49.710296283722364
0.23136614152084414,1583.8311463256816,0.0,4.57696414101303,1044.2174971927216,15.856780768833085
0.1108397805028094,1586.2964584997103,0.0,4.757800508847725,1217.9268584009212,2.789267411530079
8.831940055783873,1603.1267294457655,0.1712533610561364,4.607573662159206,1610.3952855674154,2.797678737374025
7.474611309543483,1610.7114070842745,1.6199030118840794,4.741577999264216,1689.1687105350795,15.918779244473303
6.475403174767463,1604.61963916972,1.21289748057157,8.8025564787026,1452.4513968668728,473.26154712822665
41.13740352722946,1569.0085499625025,4.694623034810006,4.723248154233462,1259.1687202724866,5217.747834681229
73.54355572880392,1520.6903358697023,2.777731591126895,4.426406181882239,1149.9263609296752,5539.045476249066
106.73909085382421,2660.4204363893164,0.49374226363398915,4.610488557051223,1235.8012264366726,5315.9887854255385
103.14702077304572,4148.381832733228,6.372381904277343,4.438720284106823,1525.953609250653,4230.770120902844
133.57901557768488,5967.524660116032,0.8573874975251603,4.629781252461573,1224.890514896022,3478.7937090989326
197.785219847713,5910.779768203684,0.0,6.974562172435608,698.1818480556786,2243.8337086512006
220.41172792415978,5849.401011623617,0.0,7.217056572228959,565.7563990805835,1690.9823462938523
265.4792947326545,5805.68993171001,0.0,12.07521523477711,375.15494559192456,1331.5949160444457
334.42153702422394,5750.778990493843,0.0,6.955846982826627,217.11831654322518,1013.8439861981368
391.41725533486067,5696.733279613671,0.0,4.52931255564901,120.69143607588329,1313.6548933490528
432.23432259727986,5666.809474494077,0.0,4.2895682413498735,74.63961457918664,1777.5561186788846
195.91040897354293,3971.861665037985,0.0,4.490807255157904,58.76953982434273,3106.5488815820563
113.11473636540912,1463.552597102264,0.0,4.3400181955582156,66.77195601623654,4318.729824001315
64.43601435217283,1479.6101837818778,0.0,4.54122000331982,139.986018019227,3951.14935325478
10.839024364325827,1514.971611826726,0.2111270996316809,4.4955908818096315,267.75520352463894,3354.3602667339746
5.300898864158307,1548.791087782025,3.45475676011112,8.89416719888108,455.42197482325525,2264.218055618968
0.006259717914964332,1572.0598297921802,6.882982940574014,4.608967768543717,780.4011013231342,1731.5567969319197
6.830331735100804,1595.2952983314462,26.02094446335007,4.774167184212766,1243.8102760672966,541.787277858875
22.415780838963443,1606.198872899514,36.956024915002764,5.85166454534973,1826.516537465684,50.24454990977514
51.193138187668154,1612.819679515374,99.73745861834949,6.113877827787807,2369.065348488146,16.009228098391166
91.35574221031084,1622.1716825011765,156.57679520776463,5.869262933575586,2919.63761208712,2.819744486260688
144.18921988651041,1626.201656927313,394.28614969346665,6.1651721351975155,3482.5715542138705,2.828880022129704
98.94270187171719,1623.4393908111158,418.31995482048166,5.864811430929845,3973.536844201054,16.1069123121292
45548.86866010114,1682.9521091416425,939.759521536102,11.306838019124816,4381.4806600195825,487.06027266151506
2871.970898273921,1722.8399296140672,16498.55248612346,9.534350891864266,4459.113893599363,5376.871747869479
0.23712954629665575,4712.025486929967,4231.408261969609,40.71819087757447,4097.754668156761,5689.52172405951
137.05991740847932,6739.740735461703,796.320275431296,117.22666083967293,3843.6468715763226,5394.423181002084
470.62492002584884,8452.847054747548,199.05116130835452,134.10065497836902,3034.6128876873,4321.065237693059
929.8089759615652,11503.26199578309,56.334610304960265,138.109226456505,2276.390969481182,3477.7294520792902
1434.6592840656433,12457.139579608725,4.286550891458691,190.29559504044664,1649.8392838394705,2216.309573753158
2049.7161127889776,9179.243013876376,14.386683212282204,267.11603538405063,1181.204741778005,1650.5980651330376
2719.624769018033,12110.907651180953,132.98989141706193,240.91013876380956,854.5983666021433,1284.2273931075238
3567.2411231665155,10889.918136356455,173.94990441851033,103.10636581189326,575.7659087035944,972.4781120318869
4499.557005570421,9693.53484192843,186.99721718362315,95.35197715621771,362.1265403480422,1255.4526480447726
5365.326556389495,6967.8485194181785,283.32179778993725,157.47969037532772,210.7316483172592,1690.8910702218875
5010.583987471048,2943.959987220168,239.1270255288757,62.15203635633042,117.84465075820793,2924.0534712410235
52.10685669248283,2077.1446849357458,17.078268990995664,44.47573305547515,94.22724791960259,4122.39868455141
46.4733235286209,2203.586738063206,9.03440127344356,26.496127036980845,157.00716077231974,3933.867887016263
11.298219279689727,2238.049777359066,58.30041560231145,33.3839018492641,292.3188920254189,3380.819316933906
12.711599566054486,1632.1742060858933,130.68529819640094,10.691018626420103,478.11563187107964,2282.6596488756586
4.88810576020714,1554.5178391910613,0.0,6.158903325768556,709.1877880086636,1725.9866894816316
2.657994161589124,1560.452755746762,0.0,5.759024323142162,887.4595847754618,534.231154034861
0.337966152786499,1574.2350862641144,0.0,6.060657854446729,1070.2887122294533,49.575443108818526
0.8058128079886935,1576.642719223287,0.0,5.986034145070647,1113.1664235948465,15.804639238776982
0.464063145854944,1571.8165643493148,0.0,5.856686975044264,1080.3265675968223,2.7815847294778635
0.2650886489333623,1577.133508740975,0.0,6.017027719747924,1002.9934261986912,2.7848875950587813
0.473380355115206,1579.901696074055,0.0,5.836451392839455,921.4999301726828,15.822845581854727
9664.34981183714,1641.5704321940586,0.0,11.032512042373531,811.8987814515614,478.4673950182772
191.29570534876524,1620.4081774502288,1684.9011806624073,8.92977008812094,596.3317288939933,5279.263896475829
1607.937846752662,4243.537835238715,375.5975835096899,37.96386184233271,421.49083232291184,5497.561843756744
2523.0649949365193,6060.575467854984,8.613207835621097,106.71315380635944,330.71059068785894,5190.149071946678
3440.2187598476185,7696.842161968304,48.378150170611974,123.25110744393938,194.42434401442281,3951.2016518311057
4336.6369324177895,10675.08230990062,86.96339370330507,127.67755186317568,86.58311536404176,3212.998309781003
5292.585296595606,11733.99036682196,227.2471625906888,178.83185251719968,27.412256231254887,2066.5022866770037
6231.055688804435,8748.738067611246,323.5927291508613,253.0080052036353,5.0124614717052145,1552.4782875271687
7088.043892166279,11573.341906004549,407.5744084481461,229.40851553105603,0.023014166203875596,1217.9813838133116
8227.673551919837,10426.645114268622,455.173414672122,98.39436342060951,2.994740066602013,928.140000064766
9601.633484799293,9330.65880060405,634.2822339461322,91.44672221371755,8.084587917535778,1202.9562854965325
10216.981583781706,6744.946670131926,755.2782644603842,152.02714747668568,10.057713641691553,1626.5304751376598
9835.875472868856,2857.0412116242946,558.9148891714317,60.0724713850871,7.988902753899696,2823.4356017131336
80.31157410008655,2016.6128123597834,32.34401870498824,43.661720865285,7.391247533473132,3999.210147304062
118.0568627687563,2125.8861898727478,0.0037779697849963023,25.608761536799122,3.9595081779067174,3794.9300965713974
37.012548560289744,2136.883975636898,0.0,31.76206213743184,2.036316948879395,3241.2494171913563
32.97466028040311,1551.8439416556116,0.0,10.651918884447138,0.8102096256096039,2179.4943509743393
18.200504204610496,1483.3491891926133,0.0,5.898147121377994,0.08700004284972394,1659.1010739456763
13.483000282870236,1497.4616835148067,0.0,5.686996377277634,3.808655863783245,517.9728914348022
6.691164200606715,1508.8686009520613,0.0,5.960506417378032,26.512253383296557,48.27546868192091
8.46096695701472,1514.7144229813648,0.0,5.732906471272678,84.6710566512334,15.443919280151636
6.40748354875366,1522.1266417719762,0.0,5.9789982063249445,172.60004315762603,2.725801396901501
4.445295848224167,1534.525851980405,0.0,5.725978684932697,293.9896194219449,2.7386180085003518
6.5397667631665435,1536.4088582567836,0.0,5.99256730220807,395.0604659788157,15.581663732229448
1645.3447409336284,1589.9767273413033,0.0,10.802838248933487,437.6461327425818,468.27141952711
1152.2828957848922,1548.382825374055,467.3180588858862,8.413223580977233,400.4844928237179,5165.648579318516
3187.9675507815905,4053.962159487714,152.83654525854791,36.75070926536185,363.78161302614,5422.718312316722
3962.57084877909,5917.105996729758,29.69258953084062,104.33518091485767,366.71671642612785,5146.882107813603
4618.7739497135035,7585.538915458416,32.624421608561505,120.66007592196637,310.18884431447026,3895.4339725994887
5251.580228246632,10533.570983551706,27.73156728040903,126.61972514883288,258.1706589689682,3185.043999081771
5903.894170006623,11598.190004361093,43.04378713705492,176.91378770903927,224.22418259548996,2058.81325086077
6654.397142438248,8648.567021854547,60.83828195029661,252.05746324493109,183.5740074971484,1552.9175670439056
7506.491968364191,11469.597192795487,112.66552018165412,227.84761993092698,153.6870558071745,1220.6053691587126
8049.5728035101465,10343.036057134057,78.19367105578638,98.58172474529908,165.47482323332198,931.5007619959607
8851.760546752976,9256.024463622934,84.40811764814478,91.00877776445697,148.9276438509733,1210.0341703565966
9065.495192339456,6693.885340548774,99.9295154965006,152.1641434414508,156.74393847140774,1638.9282167702963
7629.073037703525,2844.0381260616246,90.4588684918629,60.41188127314163,164.03873179741538,2851.45456952296
21.76040686804241,2037.147770085436,0.03023054940318889,44.12636939294435,194.18236373400012,4084.6161529860474
49.182641440284186,2188.166715158974,3.882422973129197,26.705359686307112,268.651475642579,3938.2696918692964
14.323634930040782,2210.056117355911,42.343910716637616,32.41104312849848,336.5359929801587,3332.144346641286
13.937952947945266,1604.9939421932013,72.95594072989708,10.832556735019525,428.8496902696158,2247.1738790558998
5.5368571141814815,1536.0388299312217,0.0,5.786698883648849,618.9394331184404,1701.6414857378159
2.6065690782276234,1543.7385437430428,0.0,5.971721950759607,839.7691459443595,527.7731288280537
0.223855275980499,1554.8363952329744,0.0,5.719414343523961,1077.7602756165954,49.05784089041634
0.2638139613740474,1564.1185710225852,0.0,6.042177745077431,1229.3231854515545,15.663301180526279
0.0003389538880979603,1567.5438039387666,0.0,5.720923262380333,1351.9169521161386,2.763762441574946
0.47020890546478517,1572.3474401404333,0.0,6.06670321888087,1467.6541159798658,2.7705907810846506
0.017956949909650577,1572.0608704891113,0.0,5.899848789455342,1542.9666056945493,15.71034323180062
2629.0981057072595,1614.2541810322616,0.0,10.616155229377426,1543.7694775901175,471.7390092555755
1150.3757912261021,1570.4712230495466,2273.0268581905016,8.778894255949742,1365.4352194857895,5223.173874953194
2973.334002807621,4158.389556285717,795.7699224618111,37.171304356863814,1288.8405072117848,5478.377049534413
3624.280321913241,6019.169677845305,13.421059138901336,106.4346288513256,1415.9138651221704,5186.004343959419
4139.298731447882,7657.310182781499,2.288983037563937,122.23426996794062,1338.015858960565,3955.7825425007923
4608.297102178823,10632.207484654107,9.123817494602337,128.21878535885637,1178.1906167359862,3226.543289867107
5083.268911197345,11722.085873765982,28.372579854835333,178.89087370965808,1018.6909235157686,2084.8330789284146
5536.211421295285,8752.066477250473,47.76289972533045,254.20507312281268,868.4925296694311,1572.4391403130937
5986.096825900099,11606.587016794858,56.66294645875321,230.76309801049965,783.9978247612225,1236.935903149035
6419.1032497927,10464.21715101353,40.40081191736048,99.63933343497658,736.3775178747425,944.5274209340228
6827.127582923016,9372.21080448868,41.55224718839404,92.65282839255632,668.1707617946237,1227.1333081158075
7143.418100825676,6773.523676331831,60.44457159383508,153.82805916297968,560.8653104108907,1661.508673969733
6269.060848072104,2875.3672553479673,77.01568851517101,61.01443777255371,431.6612226549063,2884.3988706517325
14.999025642759516,2057.7769342648667,0.8838436382013355,44.43204853284504,395.8607829213221,4116.924009359665
38.51202568737286,2208.961992136739,12.240338207465017,26.58574946624633,462.47726646982954,3966.175217244987
7.245934573535471,2226.7573761581193,78.00711045515958,33.027391550226554,534.344946670458,3352.451331183859
6.429568108818296,1621.1598157755793,114.10256399606587,10.638251068329602,641.8398939754102,2258.5144931189234
1.1001984017944506,1549.7181572888915,0.0,6.122904319483393,882.4315580481821,1707.4737972908947
0.14695512183252446,1557.4604778562782,0.0,5.695456607274499,1161.8071218098123,529.3200264248327
0.9707800080813365,1571.1736027592988,0.0,6.065396360316692,1469.5772755160122,49.190535596717396
1.4953327459529024,1577.7047164988599,0.0,5.8948633414637746,1748.9904134317544,15.676351783944881
4.670450319333488,1579.48176695846,0.0,5.877944343563331,2054.6873273915853,2.7694739418572336
12.528785938256268,1584.2377782587039,0.0,5.971490704504094,2364.5858713616017,2.771579441147847
6.00364023409568,1588.559278659489,0.08458577683157563,5.813015343311678,2563.8861879574133,15.705122235592757
4062.079962417194,1623.8234091930224,4.214962858772251,10.826750491599771,2615.605653539885,471.67362583374324
883.3228422189906,1582.1776205621882,3996.728298353644,8.672046119315896,2399.123106471712,5249.142625654397
2788.5516513206053,4208.771353832103,1041.0631253397453,37.85503675996702,2048.656223251883,5490.738550077918
3540.4457202782332,6045.707548731544,5.722615050612043,106.28158617430253,1856.0487458547873,5184.1286465330695
4097.492365393889,7661.215674054231,3.681590977634981,122.66546646334211,1484.6279453010382,3957.5096595849086
4879.249557086261,10602.711945884992,6.885178630611367,126.95633843915324,893.1207145045332,3220.1378280220247
5758.26781633256,11637.781451650131,54.87500082851813,178.01705360791817,510.0983424373529,2070.0554006602088
6567.88093752899,8686.450923043363,229.71035273685197,252.36866923590807,298.524674055795,1552.9009406787331
7425.853085691659,11520.281031034225,395.57035557545004,228.3207429055642,169.33132087924326,1215.8181088535132
8528.954350931483,10368.78169022694,403.5842492210753,98.01029000542789,78.98039294958448,924.6239414986594
9918.852985842854,9257.601510648185,498.6146199627614,90.47196220966984,31.387743096887316,1196.2822135573028
10602.97820850605,6678.6869847501475,655.7435203920447,150.84553876308956,10.612412141368049,1614.9270623466116
10493.724074355849,2826.4327392049795,507.03626017743125,59.62538042180031,2.2914395801862395,2798.8094111276782
68.22563130452599,2002.8901271810514,49.67704640721835,43.30989069331578,0.6467865550654123,3955.7514607970543
76.91303863264625,2121.945844416243,0.24520232896822758,25.55711821172974,2.023100642967478,3768.6915957132883
22.03043011516585,2143.5179316956633,0.07193371684091607,31.80168509230777,8.930286438395608,3235.868550359477
20.07913430729922,1565.453836741829,1.1136142003775849,10.701902620046813,26.155350090659923,2184.178009893661
11.012045703064974,1497.225093754907,0.0,5.708450710122169,77.77320561919295,1663.868500757459
8.277735346536963,1508.1534248369671,0.0,5.893713811004853,156.56336962960896,519.0250075959281
3.469812214212653,1523.7508019108884,0.0,5.901846100680818,258.0003818388856,48.33139171346703
4.862741580073064,1528.9033950054852,0.0,5.762119783540915,352.36481266448175,15.453076303702199
3.429309146751841,1527.333952264979,0.0,5.924994004917187,443.9192447486042,2.7314858288597508
2.275373853603411,1533.7901533486697,0.0,5.75078570465797,531.7486727803789,2.7396397760193008
3.65317637335155,1538.8042199032648,0.0,5.936956109367092,552.8496933905304,15.527538967567827
3.4130883996064503,1536.5683856299886,0.0,10.204706431940588,489.75841351822936,459.72688627798834
102.94844642649156,1516.376862873653,428.4010640139743,8.800168057343523,368.522785916539,5213.716264568112
1189.0320798158855,1546.6712646084322,96.48102831387851,16.88603680270083,293.21090237932333,5560.433627337187
392.09904560321036,2892.4480685717417,5.54147403168348,25.75137921810672,269.3827368276642,5220.70457619242
1061.9699743437316,4183.582669927757,0.08834843159070968,43.45347459934735,178.35228990361622,4001.2770020753997
1940.9416687249707,5837.515907578813,0.0,36.2952914259109,97.95514765739037,3227.9825840339217
2385.0900895720856,5761.784976488108,0.2773929323621488,49.42889547230012,25.920046690150773,2068.7432209543604
2646.7214545941333,5619.180584679954,2.7679546827429,38.699113369608206,3.873477397565667,1555.21275669985
2841.5594597982363,5590.735412003682,3.292983125181331,35.33779118547532,0.849191992926222,1221.7949074921894
3005.2411322029698,5545.4609131356565,0.014568506698209732,24.18919499991744,0.4116104972253449,932.7754468247889
182.98055379974448,5719.998853295648,0.0,19.998264827491646,0.47084334962207697,1244.909400752159
383.5644951392086,5919.492496883348,0.0,22.731279778032892,0.2348620083739893,1737.779871828969
152.28746915195245,4004.057868037587,0.0,8.441327030250894,0.000827501496982921,3028.2357647423396
71.54922698656723,1438.5237872341866,0.0,8.46847209409877,0.27924073593258397,4216.817139155095
61.156817136606875,1447.3554522847232,0.0,8.57211173811597,2.207672005520098,3850.9031702676984
20.13848395796664,1470.3718753495716,0.0,8.460812622192512,3.3453545104631384,3253.7615742314515
19.17524897638117,1491.6920533528826,0.0,12.177885013149652,19.23412596938124,2183.6356732830764
11.072635399667403,1498.0739791074345,0.0,5.993286690373165,53.228985587250236,1665.7576925153905
8.879789865014612,1511.4279213728012,0.0,5.657506915411294,91.12834342153513,519.8062308207727
3.0505169551088485,1524.830378655898,0.0,4.749788213222916,183.26244004559317,48.3676241224608
4.139971555016325,1529.9870813292864,0.0,4.474848734670042,239.88982257915137,15.47870606901264
3.4528405040293038,1526.4112892992061,0.0,4.743102126809171,257.19018585481297,2.737138016288162
1.6480169737850574,1536.404522785464,0.0,4.50608678455907,340.89534420166405,2.742431694125885
3.0630502501136982,1539.8804374459153,0.0,4.702246180242417,357.19935500760437,15.537517323680468
3.349906746983753,1533.6691178583371,0.0,8.552288090513054,290.21200669599006,459.24607000763234
95.88401470202837,1496.9738129546743,0.0,4.601329729342881,258.0423125879035,5133.116157628923
151.37561143915946,1451.1246430650867,0.0,4.2539686814559765,219.83712812904884,5446.024149632087
189.75426898418482,2541.3629238582243,0.0,4.494837786891667,210.68648541768326,5231.975660119251
227.51682738427397,3953.309623227209,0.0,4.272283693411648,172.00159128575072,4052.9778289999504
255.61261123277404,5669.207627238033,0.0,4.506232642348359,137.97627127624816,3324.255779062527
276.6144445098365,5656.4558363922315,0.0,6.729324839785232,117.68982893540101,2153.9366936458555
263.80757287426945,5643.092652881509,0.0,7.087213167781612,153.24392663006557,1632.950368853739
283.1226954989122,5640.03282244311,0.0,11.828834324956803,160.38153119616257,1291.674845885273
303.87040095452704,5622.968190118864,0.0,6.817193304691768,173.41125412976336,988.5384332382349
302.4087594773685,5621.624834482105,0.0,4.518993088920431,223.0369295208792,1289.3962220479063
295.3292928555544,5633.7464212228915,0.0,4.257803141575979,237.20923862928842,1756.110253477787
96.0278419576828,3975.2753351559136,0.0,4.549655110198411,206.86832277213153,3080.8047171001786
46.632808378338915,1475.068286198386,0.0,4.351179503988822,201.34056303758598,4290.626630029739
31.40522018816165,1482.055189743768,0.0,4.574863456709348,272.34989078281296,3918.9182799724767
3.07273484266647,1510.157429944306,0.0,4.457713340290835,370.72130688470406,3308.98448882371
1.0603964111501465,1540.041568696498,0.0,8.843180691857953,504.7335045631667,2222.632855402013
1.394854877110396,1553.8449488168744,0.18953823020060934,4.537682092670384,733.9640369076102,1695.6834213973016
9.034520947578802,1570.659197822017,4.272150664338581,4.7537195549208775,995.3133852604417,529.3328753914149
16.926731021903752,1582.8964694915876,8.685710911142879,5.751606730057133,1286.9539822515146,49.17857418428931
30.68414574656625,1586.3547608855677,21.49768001590076,6.064931796418832,1516.9849116790792,15.687668892204153
47.593283673858515,1590.2012111781605,23.770894424512743,5.7743257165568,1712.5926747384126,2.7783267532227898
66.92933199310458,1592.9327627765504,48.62864690682894,6.102069659167538,1885.720933763471,2.7827345500406895
27.927342626315745,1592.9676801695718,46.87087265661921,5.825146199286717,2035.672468871643,15.718227347023742
40162.281160889346,1650.1508190320908,90.2970885474693,10.988637875854751,2136.773391190297,475.11422130555366
1870.4908067304577,1684.7915225123418,8351.784639795249,9.367466214759954,2009.6838031591094,5297.598747683151
39.44544126098021,4554.301765846211,2084.769514053836,39.38580895870243,1694.3406728053394,5595.926277465994
303.78512294846666,6442.675454582914,198.7601609141608,112.77003788729637,1598.1485924195301,5287.0824202200965
692.7279833694294,8046.526943147355,4.152656008614231,128.24684926804335,1226.1249918880007,4118.843104517551
1167.8907903582099,10973.436030284796,0.9578988874619154,132.03501058961933,886.2222461225219,3310.847733163761
1737.8529725973954,11982.21557798337,13.032803546115321,182.9229881345076,626.929699716691,2120.383172209289
2360.874701103113,8896.016638729296,55.679710212758295,258.1003144674544,454.35794394247876,1588.154055684833
3082.0543191798706,11772.4332624256,198.61008472514234,233.79945738425715,331.5790933364178,1240.8583994916296
4002.2329279327887,10587.868980907248,202.88850602971925,99.81674967134603,218.3482910229513,941.7912670843783
4969.40623785693,9424.357352616433,181.40199183643006,92.73894269087913,142.78026527269859,1217.767950560688
5312.927054769085,6783.872936710397,229.0282148763091,153.2859778116623,89.43097792367143,1644.1431042515674
5325.409459448768,2868.7228957734487,159.74651387661038,60.43131140126867,56.96032062032836,2848.9916180368464
41.502389797870656,2024.1813618108752,0.4005912046449633,44.05599991439641,54.36139866114948,4047.9392521055756
57.06628819358294,2148.2396173780908,2.9365280503958577,26.128478520093896,109.33654226024825,3869.4658138104223
15.405543856992951,2182.8010673880503,35.02126879432281,32.084811752540396,212.07118560452994,3289.7774917198385
13.488553822233534,1590.9299096874656,91.38094559037722,10.837009010791292,355.6671024709126,2224.639458085602
5.617130554887914,1523.6153449312624,0.0,6.000725865812342,607.3050407401031,1685.2653996435422
2.50458248261204,1531.0481670496242,0.0,5.69885077619023,905.5433474775633,522.4093779776655
0.1242020830756156,1542.076114474271,0.0,5.95682675884488,1264.0733303452275,48.61784665425481
0.09837954016168529,1550.3068537043039,0.0,5.706687072122379,1576.7628524186055,15.542012645230836
0.10798600539161865,1554.190674036644,0.0,5.986206952077036,1853.586799672249,2.755472347896815
1.3343557930546792,1559.222406390297,0.037081844981956914,5.697586618718667,2104.1799683369836,2.760844512954666
0.13888900327869716,1558.0369166074208,1.6022726532930136,6.010050034793711,2238.5946987626858,15.596033242797937
11239.911923403759,1614.9702793440363,8.474625574924708,10.820377656796213,2253.235493615243,470.029054380269
109.46336333480657,1609.5872994434424,4245.717212584434,8.688690219029771,1944.5786052117292,5258.8221042260975
1487.016289436527,4254.898877145255,905.4791591385841,38.303121081486495,1537.6045482240042,5481.84849638974
2350.6717819097407,6044.750640409997,0.05808453098837618,106.32298128722795,1389.8597898805679,5160.183239020612
3139.9097133168752,7644.010315580099,48.77881072902845,121.58103673457711,1040.0944911049253,3921.358276116797
3922.337382832142,10601.916162399715,56.70766543381019,127.03632761563594,690.3948585365455,3186.427886599789
4653.416444327995,11630.77229005923,88.24039034281705,176.77139106187013,445.25282255379216,2051.697781825409
5457.163125864368,8653.748929910293,163.8977696460765,251.082075998178,262.6756728740136,1542.2536568199052
6315.632588290125,11458.771774336836,301.3066796403312,226.47940768745164,156.06685242928955,1208.370794920124
7310.839028658711,10311.911503390518,298.89948555565064,98.02218730048209,82.61144815457185,919.0835673233896
8302.213584414341,9202.55353409023,333.75890038087476,90.04879870525926,35.83779545907676,1189.6914896704495
8937.633038215683,6641.28473428674,440.10593190736853,150.16940726888967,18.336375510630273,1606.8834399824184
8732.633535371475,2811.2810085821043,324.04263469979963,59.35592325379289,10.50808682036258,2785.9348847397755
53.130790917278325,1989.7982766106065,18.731950876489986,42.63424878680116,10.703373967748103,3949.659699912481
70.57494478382982,2117.881095301684,0.05075853978645888,25.68214252533394,33.444350889829124,3769.344121556098
20.37932207523621,2142.0286264963834,6.587366094454151,32.04330193720419,97.23385996096886,3228.654796196252
17.707589880214435,1565.9228515131638,21.310017259032307,10.455486853548118,197.1570356351703,2186.938797367708
9.095263800010512,1497.5635937820998,0.0,5.883070760530323,349.9299196027996,1663.024897889461
6.211503327634968,1510.542726932551,0.0,5.817076564238866,532.6622868869633,516.9760777006104
1.8623558462614038,1522.3457819730954,0.0,5.724478839894902,736.3540088916938,48.14187286266585
2.5062859090878624,1524.2079230467082,0.0,5.878883570332282,856.2412994014585,15.397080360812993
1.4610627682257127,1524.7447565909501,0.0,5.699780182576788,923.9666421693875,2.732073873921907
0.8188827984559096,1534.044113336169,0.0,5.941425684142912,957.7485234305968,2.7381126077528646
2.2085466489309487,1533.3763327247786,0.0,5.676835772188339,973.8996808240263,15.4516295253916
3299.9828619712193,1580.9793110953353,0.0,10.753292287193789,947.3082793994155,462.78246426552687
919.9146793179083,1543.3821198776488,1263.0722191205944,8.616639886757499,795.3310337968401,5160.280160663827
2846.610061283418,4062.420785270418,408.9169576945033,36.38479442062976,706.6381775801009,5405.284299434542
3552.433432877426,5874.1916323187925,6.52885075639092,103.32082535841236,705.306230269606,5106.865304268549
4219.398754819663,7489.6400591902075,20.9853102342771,119.83647201520324,573.7331909570295,3846.4482374347144
5002.924030540948,10391.402660682483,21.321705127691747,124.3411238680081,338.8345332400573,3138.534959498874
5934.5554538424385,11402.098442782648,54.8799233788181,174.2473239219366,160.9949205974757,2021.1126334812536
7020.355978472108,8503.853290382993,220.9554819504769,246.59398236780552,52.40710680219278,1517.3026128906138
7930.258747059491,11270.67384732614,357.39328572139283,223.3028423969352,14.741328650548237,1188.0474323746403
8997.37718010952,10146.066737765368,320.9651333773264,95.98513837672871,4.589082142873452,904.5267249525647
10020.058859247052,9067.789841270407,356.47517987839643,88.68128812326404,0.7435113899960729,1172.3592443144282
9832.33194515235,6545.276925767552,259.0250723013378,148.0906585869493,0.37359634215325876,1587.174177430285
8805.077601215335,2769.4347367227315,90.94059798155192,58.65597445847654,0.45503646899236916,2760.007812798734
32.13453790269857,1970.854123299099,0.014546688775274659,43.082649447679266,0.6377153198890401,3956.521460068477
66.49814444547377,2102.779088979187,0.0,25.783194365595623,3.80006006002297,3788.729272757927
20.12129978702126,2121.014216671083,0.0005869165027825656,31.53407401294425,10.54478778405262,3196.4759749349914
20.270612578755408,1544.8790704152152,0.1338832381462426,10.568421158082158,26.49558467240134,2149.897977895626
11.930575377004974,1476.6413660670005,0.0,5.608735860029561,67.10002413613253,1636.8839029223443
9.138257993006608,1485.9035764726596,0.0,5.899923934084846,133.72028791997607,510.97405954439284
4.064128078524889,1497.8930341006123,0.0,5.605759610157629,211.54838465733016,47.65275181246204
5.464818597808412,1504.9057261261519,0.0,5.94499932850526,279.16973925068373,15.252379930071601
4.024617204526481,1505.3329053225716,0.0,5.7400475667926285,344.8041322772022,2.709058630467084
2.804266987819141,1509.8696716725435,0.0,5.822709553838227,405.48674483847844,2.7171262039481627
4.948265520501365,1510.3447888380113,0.0,5.835196416284498,452.4659334206008,15.319644071994933
1015.3080343290385,1555.059321972433,0.0,10.336679860149765,462.1791613440745,456.6578283504256
1560.0267522544284,1497.2844643855665,344.9321396654883,8.472254682841749,384.70951180819185,5079.88317680658
3529.150282152711,3926.12286571746,76.69597288202708,35.20651594017029,323.10085363785237,5335.535724086735
4277.561265719839,5752.469611597689,31.36872692270203,101.69779073709326,359.1679528467281,4990.581361033454
4853.149879697683,7399.6105501919465,31.265197650677973,117.73981026294761,346.3670582891369,3791.4585587578717
5479.758097405413,10283.09861367278,26.053097189879296,123.68348938595967,266.1328161115548,3102.373255400174
6133.814879341434,11316.29369229213,41.01693640802523,172.49587158534206,192.78720001692545,2004.7734099187387
6708.23581681164,8439.510499584158,58.7519781095248,244.82021718768962,143.7484608677386,1511.8820558633192
7418.805415216031,11186.925675690663,66.07354913050195,222.50286337163485,110.04604158332904,1189.11778858559
8020.257391444519,10083.815859038259,57.42219843820283,95.64491343050064,101.13562408170657,907.6917436099033
8580.07540386494,9030.287746105687,64.55554777759441,89.35878313765029,88.53675391304968,1178.6683424871258
9067.346731642363,6530.110440411905,88.33722956667782,148.03862964126748,64.97424230354291,1595.7973359579214
8126.25592675826,2769.816971520883,85.22217474757747,58.59411840368462,34.929259345111326,2769.8503700589968
26.60071712455303,1976.403968139387,0.013006750573226408,43.34104134049506,23.320583043717384,3962.955170643271
57.739110548841865,2117.530745778674,0.0,25.758204535813498,36.835159762641304,3799.301497486862
16.94944011370341,2130.651861885303,0.12378182572199978,31.5108183373137,60.28360509624763,3202.830977518445
15.63531222427422,1554.687373661181,17.528387363291223,10.597855864951452,118.29409767291902,2162.7462097696134
8.308860876422695,1485.7930730223225,0.0,5.903475321284764,187.7297668072063,1647.5637181014727
7.042515171828087,1495.2441071124795,0.0,5.635371898283658,240.98800091232306,511.8513407208026
1.8284130887311485,1507.5612503335756,0.0,5.887297676433667,388.4122882655716,47.66532575461059
2.4974780864919763,1512.7739870866935,0.0,5.663118636600219,455.16500722913474,15.275052096724886
2.199114836238703,1510.1255209324393,0.0,5.898769847701328,457.50485412950087,2.7159445515505953
0.633657128367678,1519.5041651596848,0.0,5.671852209695276,563.1201719998967,2.7207221164334374
2.1159766558511666,1522.8785442028156,0.0,5.923427957633063,580.159773613242,15.34038079923983
920.3603560526627,1555.1639859050497,0.0,10.513931531164385,499.67098161749266,456.22370447471087
1569.4167122072913,1492.8857588245953,546.5026910413773,8.244406622459497,456.8269069244694,5086.552958985839
3465.10275419141,3941.885967486158,170.26937001000198,35.63968038411459,371.6671351184802,5343.475163005902
4249.945053690746,5753.219797232559,27.024156817087174,101.59985603466856,324.07210344574236,4993.199207070624
4954.972034935423,7369.495420846134,28.191351423765756,116.90234783543416,259.3587608679078,3775.9491177860555
5638.35430472749,10225.360204373206,23.973373048054775,123.12487555124284,174.82105415973876,3085.623555663584
6329.290143679617,11246.694463141244,39.16637489413158,171.48517404162575,108.5962487145708,1992.727042631598
7014.970385790705,8387.078998625415,58.0476990787865,243.66279206843,65.5684898119553,1501.9689268048453
7792.67431242384,11110.556005482744,64.83566333948315,220.48047022498275,44.76971556843311,1180.7420469405167
8468.306327232616,10012.783792833612,55.49657007605655,95.50046995580604,40.45395769975625,901.1392109846881
8665.512597650946,8975.141535325627,59.787256131881136,88.61100637593411,58.02261078045829,1170.9563378576847
9257.344683563284,6495.6358721003635,83.05583697424572,147.36974459072732,39.485725634008936,1587.0839882151145
8455.505237174542,2753.7017176712193,83.76939148428609,58.419099198407835,15.51014364657678,2753.8748952029223
26.826036434918656,1965.8415226729112,0.012811574361383611,42.71533241943656,11.08436361899451,3941.2314854859524
57.22703395414454,2103.182027838422,0.0,25.643509939659648,18.217148068755254,3778.83051073441
15.835280059728026,2124.0317674251505,0.00027534139348162827,31.76026380393253,26.257231845115644,3185.7205431382977
15.655962665768,1541.8171572005565,2.215090917538184,10.376421917419822,48.702462050005806,2144.7977820762753
8.798445484097137,1477.1905457151754,0.0,5.908705107863711,80.66096381347272,1633.2710772634625
7.009548052147764,1486.7949663215084,0.0,5.566987326585671,114.9093358515877,508.70659528741083
3.2423962880497728,1494.6418563454831,0.0,5.936486806643238,172.72242326816271,47.407734378750725
4.291241499587966,1495.9290612886887,0.0,5.596792318708394,215.7682749352094,15.181335992590483
2.9979857280940636,1499.113423757339,0.0,5.94930501812473,259.03403751118503,2.7008765746117014
1.26816746744173,1509.7241894280824,0.0,5.782456735577167,335.4962737916634,2.709441661171309
2.3464826381520525,1512.0925268420947,0.0,5.794664458572334,377.3339949783073,15.266151593538222
2.265608257057608,1507.343494123312,0.0,10.401163099050928,356.347306398051,449.8917667488213
95.25957084999509,1489.3939274972565,343.899422641742,8.305162352750292,319.29967305133704,5149.274606234443
920.5205860388312,1514.9273807439376,102.80487787885943,16.57697871179773,297.4365766486162,5494.701621612656
440.27241099797084,2826.079213580009,5.253858276980782,25.254269631650445,290.6885264814623,5159.625785793504
1037.224343140385,4102.771014989748,0.15088752749324832,42.838753741645014,239.35341435412556,3912.3039740775503
1854.345764824886,5735.606616985773,0.0,35.50497794908526,164.0157278596857,3163.190738319977
2193.764521963139,5669.267364818048,0.0,48.73811287796386,95.49123515465898,2030.6762712969721
2540.8288966565156,5535.513517245856,6.719026585524118,38.051093542316806,37.84876953629469,1528.2429999819526
2893.5058260237747,5520.488358052096,59.771182982124145,35.21848443866905,10.266587632732326,1197.4746110981837
3269.173030146326,5485.526597688742,58.48554087329922,23.58908606508027,1.8953381851263509,911.0234857001778
295.4001502033457,5629.894282992165,53.31643663131374,19.49701342568088,0.162619819679848,1202.1705935431805
572.2106873759026,5800.038943835996,63.379476745333484,21.928635881342743,2.6274836774375423,1659.6196873004794
301.63662506580295,3917.768936111238,55.38404854465634,8.345912876214287,5.480324633386796,2890.8742524991535
186.1521374304957,1390.830717798016,0.21031281285381012,7.875418180037148,5.714121376761218,4027.510416964684
125.94824072635468,1385.303168853407,0.0,8.315980846188952,3.546461487302622,3703.1407277912176
35.630447302115506,1414.3925812967796,0.0,8.45279157438387,1.6356448326505657,3141.102619697774
30.302642602997388,1439.6769327825718,0.0,11.58661678548466,0.2761697772402059,2113.232726667019
17.194977327775035,1446.7732164514762,0.0,5.87724083818873,1.549667190129084,1612.0470689142785
13.251788357573346,1457.5998104845303,0.0,5.734617429137289,15.219535002270339,503.6610764016232
6.725971549976727,1471.9054942791274,0.0,4.500441899913881,60.558516257317834,47.02362751788991
8.810516129602632,1477.4396981893717,0.0,4.410270439882396,107.54429601588681,15.081523941253927
7.221130045079601,1476.5708818790044,0.0,4.610203551105883,151.80074562246432,2.686159693350808
5.7834707138630375,1481.761298304073,0.0,4.368248142535375,193.06522758471172,2.694653840862525
7.9434760301506735,1484.6809806792614,0.0,4.662126421752899,228.64778488313829,15.147182802447073
7.100943759489389,1486.1414985210715,0.0,8.597922623160512,238.13887994035278,446.25380382192185
114.24561011087324,1458.8794125335617,0.0,4.397583425481858,254.51044406113687,5042.597080892057
177.10648729278324,1413.3001593839838,0.0,4.2566578786349565,225.9520499138959,5378.4673960903065
226.17886828135096,2480.771252786061,0.0,4.351936689171171,213.00308854161912,5146.040362558494
278.97442139102833,3848.939163295088,0.0,4.159653040852744,167.23753943709178,3947.6436059108805
331.2987031527488,5509.866752746064,0.0,4.468243669254478,95.2388169431182,3233.285319275779
370.7214878615456,5480.127281471018,0.0,6.664242795310466,41.485313766637994,2089.437685865331
405.6360929900973,5434.719508471791,0.0,6.752589831855402,9.382299939746806,1576.7891931823779
431.0493806795188,5399.565182442432,0.002105134046362139,11.439674326610564,2.3120666578735714,1240.1026905037986
443.2656901683108,5379.8071836593435,0.0,6.607561383093978,1.5929645703905861,947.3872257098717
413.2620826261709,5378.254325310326,0.0,4.378717625278813,2.4492384553301965,1235.726308165816
400.92862112484164,5391.5370982945715,0.0,4.097482017086165,0.8012423218125992,1683.2846447305417
158.51197536153978,3798.707991141761,0.0,4.437859622850425,1.6202173150120221e-06,2953.218522425433
83.33597319425617,1404.053640856529,0.0,4.185013487762795,0.002352047413768949,4109.675734088067
68.56318456427944,1410.6525714205814,0.0,4.474789691921333,2.8681874010842887,3749.0374023859727
20.314021998909976,1437.0161600459433,0.0,4.291597395123892,12.391728141074893,3172.4703455984586
17.404149684744414,1462.9872576241926,0.0,8.595698923163967,49.28755006624471,2133.9312562647533
8.351055709677054,1471.9999571639482,0.0,4.382633975321673,107.70738913721316,1629.689270899061
5.975171516845223,1484.6875464147372,0.0,4.673203255040716,164.62472774724904,509.0065952990766
1.3001816823854861,1501.1090237552828,0.0,5.59422547990087,284.50524852139716,47.472865426872076
1.7818190289031066,1507.6598515833052,0.0,5.962914825836802,352.32272059278057,15.229875989742998
1.0943474492864755,1505.4316741434268,0.0,5.755673827527063,380.3953341931767,2.715029405389141
0.015114827173156053,1514.4323005805875,0.0,5.846570318004793,483.994659067933,2.7211051781510807
0.42589413067336823,1522.7881086806524,0.0,5.863630595342965,512.1029969232836,15.30068952332699
28450.965934573363,1593.3878358471893,0.0,10.502613948015856,461.65634035357334,461.2273861543884
649.5871504686979,1637.320060547921,1599.8396537110868,9.161750680790005,432.50113161536575,5195.955806300747
222.87932962908593,4334.776426813245,500.769036615471,37.55620593001626,388.82409519381724,5458.49508110852
574.3572164752261,6055.037498064927,0.9441018819587951,106.8900988869971,418.58186961760543,5137.855057614424
876.8692136121632,7648.818981814506,0.7445251524890415,121.93102055216299,516.3687064989573,3901.3476657692822
1315.9463704728794,10605.262126304015,4.834055205718975,127.6429200956968,436.7965022138734,3187.225332032525
1814.2804041261327,11643.547691078027,17.212045551323207,177.53089395865024,337.29686837793435,2052.194535090041
2101.0600129079507,8673.565540274058,29.478485795576006,251.42712955037652,417.54145080198856,1544.8147771291522
2618.5307888936363,11498.461350647754,42.10038468773532,228.70232588393114,358.218223564031,1215.6595535724766
3300.006572590433,10335.750224443043,29.876561319620215,97.9686532094784,277.4384862841952,926.0945005310713
3867.5774886901613,9220.764472756415,31.40013865328773,90.89316649385006,252.62214726522134,1199.617294354389
4348.120536672684,6655.190927960578,52.56981871213795,150.95719229888394,210.00270652842403,1621.6459070586654
3823.7036315040355,2822.329434465633,71.5709323359836,59.98222452535788,169.2855170648444,2811.8026286040053
19.573538774984264,2008.9640252872255,0.0059975989215428896,43.75803783854153,171.42179396427548,3998.5776335607266
43.67915857660354,2135.6748173239585,2.9450316003236545,25.91085105117653,224.78161997333441,3821.6169938897374
11.446488409638873,2151.8413039466795,51.636769205912614,31.62133614317288,283.1918567510704,3231.4710433113223
10.736436830652835,1567.4793733434542,83.7543529446793,10.662000906644725,362.8042608132387,2179.4745745207315
3.5432514701313744,1495.6505438041738,0.0,5.664690445535472,507.64007227219656,1648.494447975961
1.5445237040360817,1502.5535812996786,0.0,5.912115814775729,679.3653551027344,511.04273631072954
0.07315427323567207,1516.0554028651766,0.0,5.691124946178842,873.0815861908516,47.63626333526503
0.0818113150703104,1521.1844104008198,0.0,5.8569131992995045,1003.9218460413089,15.25222056924338
0.11241668825540922,1523.2549114379844,0.0,5.851789820361976,1122.0441025916516,2.724003100661578
1.1444615928146582,1527.5676006840274,0.0,5.728687608555561,1230.5429978450363,2.7273003604598536
0.024288269461605776,1528.2060539855734,0.0,5.865475548370654,1288.7929771667461,15.276230353972398
10662.620423238754,1584.323491789395,0.0,10.37429492042724,1261.7555796536046,458.7198921645406
136.60200252772844,1567.3464160715005,2139.6318890160874,8.808156437565179,1064.8855893023854,5173.302370511292
1462.1856815896679,4117.45740566924,616.9985370801942,36.69387845365845,928.8363640533672,5399.961148445017
2225.617722923632,5884.614854481742,0.20501728969876792,103.9600576067341,956.0580693672488,5094.714345220555
2879.1421675057672,7461.610799466054,10.510308847452732,118.83316944663427,818.3202377470996,3824.5300221879784
3554.9665029957537,10352.39757191492,14.455626201372038,124.42008072469942,595.9711805740277,3118.2816614932526
4150.974012957782,11372.612696295704,27.150791020802604,173.21568668787356,441.48270243976197,2010.2935223363045
4876.123890908667,8465.844828884157,51.419493051633566,245.18468837150266,270.5357367237744,1512.5136845661757
5676.4035115771685,11201.650772266983,126.46591835174746,222.73572095121224,175.05872426711355,1185.5776801414038
6654.961916621653,10093.733565023775,185.5818350014182,95.48176880024036,95.40544698086113,901.6485973509001
7794.436244396309,9020.488479793701,256.8107822922906,88.5274234953047,39.285595734491196,1165.7556547712993
8597.315631625603,6511.6925673783135,454.85020973907,146.9643462330982,16.602676818401363,1572.530948608693
8642.392982017245,2758.633886183406,395.5643262350144,58.25469375410029,8.012091643487548,2722.9291504505886
63.6517068152575,1954.2265871074644,81.96335743954268,42.31233779369302,8.055291229850807,3832.7938807789137
87.58660880202295,2071.8575806251783,9.530260531232791,24.798357162248706,20.004817555078326,3627.081333349458
16.949302828933977,2095.065885959008,3.4766834479890303,30.89182792781006,64.50078255176543,3125.7909327991974
18.977932588625798,1532.7471269639364,13.63923341390242,10.477739439494368,142.0230594380326,2132.029975830133
9.540858616228276,1466.13925099778,0.0,5.571579334802651,280.3843402549908,1621.1105183813718
6.326524465796229,1475.8712554057338,0.0,5.835306991911999,464.6930505866751,504.6822091207184
1.9029585824263804,1487.027395380392,0.0,5.605346584712345,692.5589846571149,47.11552714040676
2.230411878697036,1494.0518792943503,0.0,5.821726188093377,889.5306443754824,15.109336923808602
0.8754497476188299,1498.4564599558123,0.0,5.792134288902148,1069.6577218773843,2.701631794350483
0.1714309870946481,1506.5667173244149,0.0,5.680244236034505,1241.8061462962423,2.7093297172855477
0.8055226895945903,1505.4711825454276,0.0,5.799706740412346,1339.7521263221545,15.187008838703926
3980.8322537401973,1554.0645974561098,0.0,10.265554674149383,1345.4630273979494,453.29898467471435
829.3814643119804,1521.7381032910941,1568.379983093107,8.580746067035708,1099.5211540930304,5111.225340938076
2876.4888336286635,3986.0494707069015,282.48780970446455,35.64715098602419,853.5866425714546,5332.49950778377
3671.339772226659,5749.385485147112,23.92800658565401,101.50366765795124,785.5953978722583,4976.878396755085
4378.990736515952,7347.778630171441,79.09015485865164,116.770926137074,598.4051919695389,3748.5769774309315
5137.424168673479,10201.319705977137,90.34459791727944,122.12630795577927,378.03383023575185,3055.905440519286
5924.8584169671485,11201.733828348282,142.85004328647284,170.08496041649173,209.56041129882158,1969.5853697544378
6867.6952989965375,8347.761249683603,234.65297485161912,240.8117268725262,88.41023090709028,1481.1732757175137
7796.756361884436,11048.278036928446,380.6136794232457,218.72617449368136,34.27780560472719,1161.143238241054
9051.631127247943,9947.954434566605,395.86223595917045,93.8240927448407,13.275526735757367,883.7967713948892
10443.74125053943,8892.003335548254,544.2834794700217,86.94585004019908,4.435179299422354,1144.2547302070673
11152.894735240772,6424.126877938376,713.0305149000196,144.7621121229833,0.6092100375995729,1545.8396122489485
10858.362668714351,2720.2398371838335,513.6691157627691,57.388146563453276,0.04493121100475861,2680.84869916934
77.56268839347663,1926.6815932869915,90.83636096377599,41.70742061357466,0.004492511471873818,3780.558732962605
102.43044344510135,2041.6255218520719,6.906984729724712,24.50646211220417,2.0036772813687342,3581.8616917738373
29.196358936341547,2062.068857854347,0.17874448613736882,30.494218701067997,16.79060140042235,3083.845156202553
24.69980849892544,1501.4828836871275,2.1053704832426456,10.346344052570396,61.498148094449846,2096.0702305413256
13.869361229214897,1441.2078474173527,0.0,5.522918438442351,151.4371778804548,1599.5577136622467
10.147555834669621,1456.2791757524756,0.0,5.772064931139641,264.04458090478664,499.3767857312232
4.280507806675691,1468.9092996434856,0.0,5.512622266492516,416.7857177587747,46.657929410917895
5.753746376859139,1470.7056358713855,0.0,5.823138197096557,509.14658009872727,14.972311599700802
4.262415182964397,1470.7781113465214,0.0,5.554034356655147,570.0729488409,2.679675202670959
3.0558842970159623,1479.9982475417833,0.0,5.818898535989089,616.3493496912599,2.686760713563405
5.280201756205935,1480.554851214581,0.0,5.728568270772151,643.1895407901873,15.033987217963954
1262.4226417296115,1522.0728545687775,0.0,10.190128493036376,629.9686894541113,446.4729392705057
1508.4692752730994,1469.2431927572184,497.5612447151145,8.35573276236315,504.57507583350326,4997.784857403638
3438.7385682747795,3867.95125066843,136.37437668013132,34.698477438332986,431.8329574059422,5284.629056801281
4110.4365338144335,5651.344187871001,24.697962687691493,99.64011833674402,486.88087463593234,4891.950911866879
4544.184700917673,7262.852623524954,24.519989559750403,115.70765990676465,569.366896412442,3712.337280285234
5155.999465555732,10101.638000159059,25.065947306296618,121.09697871177521,457.3147195722364,3041.0975461131034
5859.085534248508,11117.651437964461,40.87384948224021,169.24582146934986,335.82352685039797,1964.8481586163132
6152.761774064647,8300.54461323974,57.97629312990639,240.53292441605012,395.9809244756863,1483.0454606624246
6849.035091018951,11020.204949052755,63.86984222771371,218.8219183758087,329.3728272945833,1168.6110963092365
7606.180065502103,9925.121544000198,55.35995610539688,94.28943041653282,250.34579012738348,891.5546192400278
7688.222324409785,8892.875307673454,59.54310220805156,87.39156365981421,306.4468732395904,1157.8597222816513
8249.492896326325,6435.947822555716,79.63216885011121,146.06412055736058,211.6051951122522,1569.347878754583
7583.186415908034,2725.8820171196694,83.05245100971362,57.931590016925945,105.86959695377001,2720.420661678176
20.871307872343444,1950.3164772787734,0.012525152170499095,42.27837325671674,101.77958981515248,3885.836209457367
51.47354556063282,2085.9624600116695,0.0011753549737842314,25.622893334475975,100.99605848117852,3732.3603020453083
15.507841468581605,2096.175588647652,0.6265853132372599,31.035713434341073,93.23346979182972,3141.4767298020315
15.206569972460317,1525.6444407753436,8.366333419482613,10.40096143579128,115.87766745845968,2114.2302582077396
8.299077731903834,1457.196725168103,0.0,5.606797900946167,150.5682872609864,1607.7051463615128
6.721851852255975,1461.4702220620882,0.0,5.765840951577808,179.8997241789107,499.93069718823045
2.1038910020041475,1472.2640548544464,0.0,5.58510393260815,257.75676567145297,46.66083234092124
2.924311948505048,1479.6636065913501,0.0,5.854932857709113,291.21874642771087,14.977984152065307
2.4030019477711715,1478.5295105228838,0.0,5.569205482270301,298.0855822034557,2.6820240627816414
1.5498480464319921,1482.1000907791556,0.0,5.8739200520120525,326.02124764890885,2.6871678635281153
3.041057559851084,1480.83660547281,0.0,5.5468729205232785,369.85961050132636,15.015918921287856
1115.5611059933178,1521.948361879616,0.0,10.49316453992614,403.48372628888035,445.07678457935725
1586.5798633868383,1458.9141428792457,241.83626840607263,8.267800063026955,328.4263256835308,4952.258508971262
3683.249608169337,3810.9271337277705,44.476616891155395,34.23608152487049,256.4996140152345,5248.185715114292
4482.449623566852,5596.249932220345,91.97104009385063,98.29498994300585,266.452584381724,4826.904024972585
5119.101300574395,7213.773774470456,77.4003594181536,114.92996093281195,237.0958037891048,3668.28821092465
5745.183840922422,10008.635650913991,42.3213025539685,119.40446181064988,176.3830955117618,3001.947436032974
6455.45636557874,10999.511489957353,57.69709331650378,167.45359823881446,120.19344089279838,1940.934581786982
7055.684568951796,8207.587774245812,63.64215408264136,237.95722933118458,91.0872169421096,1464.243582647121
7978.6631801966005,10879.421419763163,138.7321275871401,215.69861473079527,61.144185613722776,1151.4575170333453
9191.06634493309,9819.510679938598,228.76957066390503,93.34699976918387,31.612422293325857,877.2724015956056
10263.040684410727,8791.976065636187,290.8348518119703,86.09846896790037,17.166437060732306,1136.1415318231982
11081.408315600465,6350.160928823629,339.07737404899143,143.53689774504238,9.9768165548828,1536.0107335991668
9724.06687356819,2688.80199774625,161.2265223585272,56.91741288424025,10.353724466790192,2667.2306798742707
43.98477258399493,1910.7982202014005,0.05877425081276129,41.18352291118867,15.917327074100026,3820.9366236179894
67.21653171138368,2043.548801520356,0.0,25.15589868003744,42.85113387860619,3667.942634999011
18.200284157291147,2070.1870565759637,0.3039464960974519,31.047986668319442,83.59412491824827,3104.9506481167386
17.62704698308107,1510.2108214734837,3.676365963982293,10.106351408650967,144.74111818962103,2095.1894962488127
9.322584257174022,1443.7279760905667,0.0,5.756853174845003,253.31822164088445,1595.9249775551773
6.20472325820257,1458.1372063630909,0.0,5.686605948021941,415.0601307732874,497.63872445652606
0.6374991213865525,1474.9871808357352,0.0,5.616914252767427,737.0584420556331,46.52481331451865
0.6747654764668731,1484.08603589217,0.0,5.7605788154160855,930.1214899410613,14.964542888679462
0.4194358866568441,1483.4604052743687,0.0,5.594353092587358,1008.174801150882,2.686025841474236
0.012995601858701956,1490.0441011928563,0.0,5.790840968320114,1178.8794140790387,2.6910048196469183
0.12544220956417973,1495.6683317828968,0.0,5.584394231745492,1294.1760057480803,15.035297073150996
0.004951283969559014,1495.303606348307,0.0,10.261094864865711,1284.394725063089,441.5829733584267
73.86966425516978,1479.8854533838876,1669.0297789572849,8.488327648415625,1148.4674038732983,5098.614265264483
1746.2378019612675,1500.5365890438036,636.4033647974362,16.090607385621492,1163.5740368759787,5447.048657502391
186.89430691697342,2833.373901113047,205.85109260688262,25.640602390055875,1251.7566914907275,5172.777013754194
794.3497159198974,4160.073799002287,65.955824742302,42.81840655711294,1182.0596635672625,3947.8446245285613
1365.933282173322,5775.216939480375,22.774555015555727,35.69425922288973,1052.918542094133,3176.6267428754536
1594.1970811566207,5702.603543881166,9.420107519135883,49.0275611666857,959.5585840068636,2037.6992263307964
1775.7916945300801,5568.968736617357,5.059621222223905,38.29092523634955,889.1720194003209,1536.5309872407556
1945.421678563461,5532.964281256198,1.4183450180875627,35.31173937985753,804.8232193618431,1208.1544113172883
2113.4399027846484,5491.904632162304,6.835879696208083,23.78345574168085,725.8005809481264,922.4870530679435
121.61103976485026,5676.362252159549,4.447934202249963,19.815432166536265,646.3024798177361,1225.4908980216903
291.773335965913,5874.898785077131,10.763868343621724,22.370746540727414,543.2991228738658,1709.483439442143
95.30327318662376,3980.0417523592237,49.78534877017845,8.585746681432193,460.9125453380516,2982.767308963993
49.51108785655166,1428.6717249008802,0.0,8.182302439595157,413.9681293039049,4138.67900879047
39.34416956014901,1429.0543936850784,0.0,8.49360180552443,501.0006859516629,3758.1418898580996
5.390989095844239,1453.3669892321336,0.0,8.561955981803619,630.6206568029573,3169.366061330688
3.7870089991690215,1476.5905959213424,0.0,11.656067982468207,787.0377539610718,2127.755615711789
0.20759588733466192,1485.1718077641683,0.0,5.933554872768643,1075.1134995214488,1620.6969989896145
0.828819166283454,1499.0287043964054,0.0,5.714557826647293,1405.2886669408088,505.61705800595774
12.221363550408563,1514.1960938555658,0.05418397401878655,4.5438607133017275,1742.3695526238557,47.178502282639705
19.23002247170529,1521.3516934933807,4.090087476924942,4.395003102359887,2005.4494579580373,15.103419331113024
36.407596840835325,1524.4450504638385,19.476798726725377,4.660617555467135,2270.29378395985,2.7158115117660593
61.75577509713189,1527.6846419821193,31.283336177141006,4.396567676034384,2539.075091104679,2.7202667053836773
69.93165009313238,1530.0303082308524,59.49137365423513,4.684254281047241,2682.3762127080827,15.172268525397158
92.61069837428944,1533.4769205313146,65.22153925426448,8.560072952232108,2618.465761547136,445.71143080180605
1.8564593999073973,1509.8408377791964,66.08113153327943,4.5689717784928225,2239.5495414480924,5059.898442292534
23.10194217426269,1465.8924363017536,32.2266605280481,4.313279973233421,1870.3090920064194,5381.596827648781
50.96277217373441,2551.5062195048167,24.71277973778947,4.5449112456129255,1913.4653300825396,5164.032730578053
70.00945632774327,3952.837831883448,9.881591306706083,4.268971090937215,1736.2004929319255,3991.521258736825
105.05182401486985,5648.935348104668,2.5502613371186564,4.537882387174664,1320.9374251933664,3264.2117477512115
136.23471398015923,5604.45759656189,0.1178894474068649,6.693572201710883,1053.704924824903,2106.469041349021
163.41471065918793,5561.244943134361,0.001114107841568551,6.996104894087514,883.0493624581292,1591.9849788376016
181.82142336225363,5533.470294134748,0.0,11.630563894080089,799.8453793982,1254.9150966330992
210.08000695901953,5506.657509147369,0.0,6.689209193141989,689.0535955341085,959.4824146652629
216.9729438499223,5487.474766699479,0.0,4.474574553884255,652.2797194314834,1248.6141910139665
218.77820383273018,5487.596575446169,0.012862768380064844,4.184221969605508,573.3062708089099,1696.3591497578652
49.06768646871532,3871.723295265741,0.2370084871945389,4.502115075073388,464.6723707711576,2971.1509896079046
16.13548520618941,1438.9399302450925,1.4302293225892353,4.281641732915401,401.4104154759105,4141.73815951257
7.9214999599714515,1454.343095431518,9.042882097501398,4.552046541352258,483.2589888213156,3791.0665658380767
3.423111516718069,1481.3850250039422,26.847412099235143,4.392804536048317,587.6962525930295,3205.807479678156
8.198211813806047,1506.2124533002611,35.21674894741809,8.706533545013874,711.6694579423187,2150.2244605134083
30.860477465290565,1514.6021888304958,56.597102517467626,4.456159848273199,953.0962386868713,1637.5547533094136
50.57408384835283,1528.466489471871,57.91095064351465,4.694015346052812,1233.6566672960628,509.508116878583
62.33363199390321,1533.9534067601446,74.1498516469067,5.6220431398695565,1538.1796320997116,47.45204689860788
81.5522511149959,1531.625523001827,73.77338568703806,5.9499573911989145,1754.753703167643,15.173943598334567
102.66745537659794,1532.6883743779624,103.81740251591981,5.622791440722838,1935.811394473836,2.7273084073849865
126.01061596353642,1536.020001849614,103.43418414210892,5.981659597797136,2106.716431599035,2.7290672431363614
58.753069689764736,1535.2821373569527,152.39441409857548,5.714933799464122,2160.0856004600755,15.196339972652224
44240.337337803976,1587.08931139893,154.0527708330903,10.653808173552674,2109.9011688540313,454.38280525110775
2275.001419647792,1619.8167873603213,13095.389514560251,9.088029639452317,1800.0325377402053,5186.8204804589
12.707763378921285,4397.529050949779,3602.4437078192645,38.163081629634405,1503.7339009844304,5489.284703879703
212.70187135443933,6249.556812053739,474.0678223850857,108.88656361355054,1448.5690975572986,5189.956148618269
509.7215589587717,7820.910891074958,121.70245006520986,124.75887193504612,1114.968517339323,3984.253155324772
915.861206776231,10657.308400546233,16.927235254612725,127.71735960895501,770.0113755874916,3206.070671925024
1408.0626703311984,11544.291167257838,0.04742965935655953,176.359051486954,517.134774533694,2041.4165899716434
1931.3126827751191,8526.22951206451,5.322812684910988,248.0891020005276,373.6213359640771,1524.3063643246849
2542.537785583515,11254.88403965785,31.21816439044347,223.67067769520727,257.37722143933433,1191.9376813062274
3414.2376292494964,10115.565318351728,51.92646310622658,96.44522707337237,154.58389526619894,904.4430495757723
4317.558089020089,9008.053490088882,55.51513377412731,88.48207504446044,85.13419308772774,1166.973842894487
4607.739915212253,6489.3436351049995,104.60164364260794,147.24409801672277,46.35674305902418,1573.5021382741195
4713.257211045181,2747.9260257563965,119.17005494884786,58.27899924638187,22.795098568831804,2722.9171800199697
42.05014786939339,1938.690972952387,0.8939621212760903,41.72975946307247,16.43578791105487,3859.7368736016565
72.37734767450924,2048.980886839945,0.1848957345713672,24.98931962677592,34.6744055271457,3669.2936019305507
16.817179419331392,2075.756953234775,25.43518940825829,31.297993302962563,95.62107732813558,3117.848769880548
14.44107822668363,1521.6573146425706,73.79204559433455,10.130057405188142,193.7727303505247,2116.2101002865616
6.425153432156951,1453.9260533278891,0.0,5.902633822075815,386.78001653474894,1604.211235612133
3.3387502641511295,1464.4403047720125,0.0,5.477141262399664,653.0430134304838,497.66858874101183
0.3553584174405017,1478.4827305119138,0.0,5.862762514771362,1026.1531659104205,46.53764779608497
0.26052238881701295,1483.8206133845608,0.0,5.614472923492292,1361.319065018152,14.950768962052578
0.018072293022104217,1484.5700242831952,0.0,5.734367860818298,1691.2594024299055,2.6923805064252315
1.1435862466602285,1491.597103540617,0.028420576705505844,5.749240644758673,2017.2643712667943,2.6992075101065525
0.1758944280014549,1495.5694422098672,2.5119381700798376,5.616475479767376,2224.144953933328,15.015409670784322
11772.953663052906,1548.3243463820406,14.146763615878838,10.48564864610929,2301.066428222836,448.39108448525707
86.42327160513977,1543.0447520835241,4212.976907368685,8.37110070910906,1948.9293346773125,5109.740286664383
1391.2435320314307,4078.919701854047,885.3519611995551,36.92298301325912,1434.7641604887103,5350.199081641931
2266.2223800917154,5784.299097657113,0.006427793670502426,101.50994730215294,1088.1674980693872,4998.498682464591
3098.869037673929,7299.903897598822,58.074736672479375,116.04931249778329,627.6456014696012,3723.6449862560526
3926.635675199378,10114.593852459131,67.052986421644,120.97031361904334,346.4389212441612,3020.7857454591513
4728.603909498343,11083.430657373496,94.88487256304659,168.18137061192874,189.19119821623048,1944.2057613298998
5479.0928523390585,8244.009486133435,102.99872508891688,238.11265032999896,96.11157631156367,1462.2213992807808
6219.559894448667,10895.24312890899,145.81271466079758,215.46840479970143,51.70559763715103,1147.6613314733181
7320.583496977354,9806.197759403558,168.04340028284153,92.84150612997593,18.081444637844566,873.8452870863523
8189.273964782215,8754.042340979733,151.93115676747013,86.22983719249737,6.211243454017218,1131.1941949373554
9007.661304777102,6316.700932446383,236.2909575072274,142.51395059808345,0.7665880793601582,1528.4829007274623
8635.490968377888,2676.4733013200535,206.89701391165315,56.527090680363784,0.021084163118390165,2648.758544748259
55.24568594460764,1893.0281298440439,1.473828346171311,41.36958265102941,0.023995138018910896,3772.6182188696416
96.51207917678721,2003.2528003645107,0.001882699570064929,24.542665726641147,0.0021018411494593886,3593.454199203069
24.08660267188106,2020.8213859203465,0.003023630720385876,30.226222254041147,0.9314130369710739,3043.789618325612
21.132923902563054,1480.6464537867255,0.8241694198121073,10.259058258270661,13.91801745588658,2054.212557779504
11.674611854233358,1417.080324365141,0.0,5.5197470587902275,75.48069002576452,1566.2637290631121
8.43367935537716,1430.684753641371,0.0,5.681280061029076,182.6751894468433,489.62934235631275
3.4233859188014604,1446.0750639499704,0.0,5.697325003591615,356.2127878612378,45.86219827509611
4.293284051118609,1451.9257205076913,0.0,5.565256161942599,524.6051094424306,14.755234021947162
2.4852037584842877,1454.5128661427548,0.0,5.695025387528293,704.6008202209276,2.6606296788080637
1.0324504899627207,1461.003554672715,0.0,5.567578913214142,897.5695699025963,2.669577712294835
2.0912097498423443,1463.6011334338273,0.0,5.7200027224536525,1051.308385382984,14.846227596745397
2986.0523506328873,1514.0269562848343,0.0,10.045379162835598,1132.9613710365413,440.6644252081366
923.1055096913278,1479.7245204058665,1339.9728702454952,8.416210973496254,973.1079712075538,4966.915118313714
2987.365783515736,3873.861601399597,218.3429053058459,34.7148761406446,696.4205203328864,5252.386154980478
3905.8146188519613,5590.281448696271,25.573933101558076,98.61758635862977,497.6386955928575,4825.85853881866
4795.402324903562,7139.873673683872,111.27367465259472,113.44461887582075,253.1849734773313,3630.202067550861
5640.7261498763455,9905.119185421738,121.45431865104325,118.27886638469705,115.70558025275494,2953.6681587372336
6614.700373256473,10873.433171065495,189.83696287593443,164.77248967376337,47.10332117854847,1903.313931984964
7583.357742692069,8097.242033342022,229.5586874852502,233.38958095578192,12.558291170506184,1432.3698331418739
8580.61239505159,10716.104948558988,313.0347864334095,211.61097483285084,2.0562341317076203,1124.5873048392784
9995.202264192169,9650.986521594936,377.2545890721272,91.36436277133247,0.001496252355961026,856.7522989814696
10942.913810172104,8632.755558653178,389.2667082376271,84.37921056173266,0.5430253450129369,1110.3977789195108
11167.138277844499,6242.550819189168,418.4472249645659,140.8621077644134,1.7309678169198386,1503.4567496120276
10570.751810985892,2644.4134251461282,260.4617365952645,55.928466279742864,1.056405770527449,2611.185547053511
51.91263032255266,1875.8214436459068,0.03850238586931552,40.336470898024345,0.9418602661383756,3736.9596329490205
91.2202835948721,1984.696761043895,0.0,24.529248029110057,0.452768499557387,3569.984280446095
27.547071192595652,2004.741602754824,0.0,30.375031184663644,0.19162934038498736,3016.3611924780184
26.20360780632223,1459.5400596033483,7.852437950791441e-07,9.833623881176145,0.4086641027628061,2028.3234233617536
14.792073509385347,1395.9442617251368,0.0,5.710281992637934,10.841843642514977,1544.6318615498408
11.327949088613604,1409.8769034761551,0.0,5.5292662094043,57.13466966681376,483.45961928720567
5.480236657958074,1421.8601549137115,0.0,5.596344345775048,146.61100708980197,45.35396842946831
7.243088828948205,1427.1856994640286,0.0,5.640276598818631,234.9986640973089,14.60443307850478
5.414646615547994,1431.3986888215063,0.0,5.522932640325215,320.94900740609376,2.636338320077681
3.720060441135727,1439.8033299468443,0.0,5.704366398827044,413.05996667897574,2.645906859846378
5.914463866063539,1441.0043069019528,0.0,5.503215584310729,491.93694814621745,14.694051838794406
687.9935690153465,1475.8562981159255,0.0,10.21911024174094,525.1131469129468,433.4663679072997
1658.8949413579899,1421.148400181852,341.2761275310415,7.944263560073304,423.25923454174375,4840.43996717149
3829.768508025856,3744.6652145187645,50.57760933696039,33.958952983250605,301.8915678482442,5188.688541250388
4845.505978218195,5474.903744982154,83.16745165441726,96.14695941100051,224.90955073741006,4714.0318601659055
5799.493969147244,7050.092968110474,195.96770590818952,111.72405845684308,120.95417525894786,3569.852441561553
6767.908593864135,9784.622221740085,204.2307701217299,116.67533239961428,48.04982053791184,2909.739295149278
7744.466543273793,10754.188322966027,310.4889453243468,162.71117408567002,11.952935574088857,1876.5924255626312
8583.241865400154,8000.849416670525,166.72192434275752,230.4259910342275,3.2731345437616213,1414.4674943034438
9641.839586197173,10577.926073722332,269.0332731631486,208.93404818535902,3.207795570976181e-05,1112.5957545532929
10984.161793756413,9549.60710547941,381.84783748552553,90.2553895922661,1.6496989980880608,848.4439423277836
12689.796122275038,8570.25985003667,698.9948944455828,84.13672287817701,7.394714915059517,1099.638347945674
13209.591808506308,6209.072202307496,1042.7938507952388,139.27404759182141,8.827411424833752,1486.3668893269032
12310.823294591546,2632.7634234713228,585.228770199791,55.32015999638403,5.443036585290849,2580.4080978752513
90.35065224297094,1862.4995625381357,63.44317374187822,40.39177101274514,6.655821608864666,3652.5723626937634
151.668851716234,1968.9708664780783,12.105526810537121,23.723640676499596,4.486041245352187,3451.998648224143
32.945437519122,1984.0443306525121,0.0,29.43744042228902,1.7828788074831543,2958.387291411796
33.07575360475688,1441.2734061933363,0.0,10.033638191740122,0.30856028803954444,2005.8397921991468
18.298462110625415,1375.444258220332,0.0,5.3391387376515285,2.528723897584847,1527.7429417369074
14.261002981674203,1392.00681796039,0.0,5.654797904010425,27.52638998764118,478.393863310836
7.588422495395185,1405.775912524623,0.0,5.447865918240874,97.08179546115859,44.90654920292524
9.520820415804245,1411.7018072909007,0.0,5.628527464271818,191.1931788790561,14.474733140342316
7.563263804804267,1412.9801590951115,0.0,5.608180635835769,323.2093849942885,2.6192603092685127
5.215933930032735,1423.191853603521,0.0,5.509128309033399,475.40678219959887,2.630122256981363
7.807828445132999,1428.6643805689425,0.0,5.615086353767418,529.541691393873,14.604985132994567
275.414594279583,1453.7592239174971,0.0,9.8058034907759,470.92761411766963,429.07414006614084
1962.7864204540706,1393.075254152941,244.926537577545,8.058264555994754,331.61362327535227,4781.456246816429
3990.910422139142,3697.798542789807,43.92172670057457,33.25486503805079,249.42647152103115,5168.287749222661
4846.345786122838,5431.743903737623,40.16569038505703,95.65076959757765,233.2397824263379,4680.611790747414
5671.863157690425,6988.961772638383,46.936242817315225,111.20759542094592,176.04014744988874,3557.0505684763366
6486.6711277011345,9704.271895499174,47.83111103167483,115.97815810131344,122.51471455294656,2906.6730278254677
7239.5106907799445,10678.13799512678,73.21962803284241,162.22275549492846,95.66849641828495,1878.3576823063443
7526.5945341421275,7976.789705115194,65.53623269082786,230.81003132798534,118.07496889824934,1419.0587851331325
8386.704282032975,10581.934052017588,90.3464296394905,209.35641221816365,90.50534230796774,1118.3245316903062
9417.783368565983,9536.333936183355,89.02831095285977,90.80442589392759,58.32892720953712,853.1912064854656
10013.204218441528,8536.015936836871,98.2736919779136,83.81815238142384,52.37838709296476,1106.7160874479735
10504.575714415372,6175.179843621156,128.19926608366205,139.86656806014682,35.75022950022008,1498.3667272971825
9359.321454449284,2619.97800663974,122.60982231201216,55.56974331381833,18.77020468684315,2600.9692457955452
23.695088025989904,1878.4391553223045,0.01500204273750455,40.62698330522372,28.014641378129657,3729.6795443868514
59.07364535425759,2009.1508791512967,0.00026239231449816944,24.53637500515196,44.59496395942347,3586.5513147832667
18.83031015901671,2021.3327543428013,0.1570625034716445,30.275006541434855,63.52076609087902,3022.21707737253
17.676738037080508,1473.3296282690262,12.747289094106925,9.997395002570745,132.455723016024,2039.5890443312799
9.467472006737554,1412.1126905006613,0.0,5.720893437698384,212.78264957657004,1554.761519478838
7.4709443530492745,1420.0694304778153,0.0,5.390189823665707,280.5088565730888,483.99347287976894
2.9555290015488476,1427.4551673485596,0.0,5.715169685143827,373.6296320212403,45.30708320587934
3.601116016647112,1430.5689588244918,0.0,5.413923873240064,429.643899050725,14.577964494457476
2.3780342364158433,1433.8806311294898,0.0,5.740036609721073,472.7509569349424,2.6378100440607697
0.7002235238739427,1443.8113788745752,0.0,5.4364149558654615,567.8663863497485,2.645405936436639
1.8020835141722835,1446.8677290815158,0.0,5.767927003528331,567.3576546131682,14.65938661919561
2.231786512012591,1440.540980411849,0.0,9.997575689344059,465.6364338734007,427.7216399776578
92.8571032164189,1422.0474052601928,514.3107403526923,8.057356963716204,401.2676575875387,4896.319764142067
1026.5843712423732,1447.643328680486,180.51783783875757,15.969332949596653,366.036455010083,5355.437008367193
385.62790762872737,2705.5714184553503,11.367983235614155,24.26217731481355,359.28514130419853,5007.903394767365
939.206240664507,3935.0967051309262,0.6840722084308581,41.091760480285735,339.6015604804118,3727.558553068207
1707.7209115526437,5496.310596315918,0.0037289720819810206,34.14178294649681,267.1549116192289,3012.8973340091234
2014.0757359301363,5430.002577712631,0.0,46.70408233903727,174.9947380270343,1934.2265960183806
2262.546140102598,5299.1376396984015,0.0,36.5279292386155,114.54979731011788,1457.6670187190357
2505.854108221516,5265.165396404831,0.0,33.297207636535916,83.2221572615095,1145.873673332961
2636.569818944193,5227.053920208723,0.0,23.028382243027337,88.05623980797861,874.7407237140653
148.8722191692686,5410.41720370286,0.0,19.04695253851756,103.27456840547984,1166.4911632331196
330.1000413003991,5609.383918783464,0.0,21.578169541772144,91.91674805624145,1630.778901442953
112.24790360640982,3801.411572384709,2.6305158524980423,8.049804105440325,82.17435214132763,2844.1828443995964
54.21024733147936,1371.3460980353416,0.0,8.259211225054045,88.7577619996062,3964.524332107139
46.303064441607816,1376.5722314859972,0.0,8.192444930791035,128.4633089402979,3615.2035520388704
12.67946038750824,1395.4271306190449,0.0,8.101573655663332,185.11641366916461,3052.0608361771265
8.852412397040245,1419.0002141401656,0.0,11.699979775190934,298.2580731149558,2050.3728498661317
2.8280951038403033,1432.4770717967094,0.0,5.710246403115337,437.2134313060224,1564.5404977414742
1.7515457906376664,1444.442612501335,0.0,5.5311158689416375,552.4339620322418,488.4641941146255
0.027895196645560897,1455.644302831576,0.0,4.5118723194524515,811.5167562925537,45.690971333763585
0.0010254941147207802,1460.3580001954183,0.0,4.395292303263571,929.4326592850532,14.70697816997906
0.28045927545127747,1461.0564852491007,0.0,4.351763129065745,935.4396061114786,2.6647846017736385
6.185726601775336,1472.4798555687184,0.0,4.541149432583115,1121.7125852730373,2.668147878246131
4.93006137724017,1478.3408633413505,0.0,4.301512727024017,1157.6652540745838,14.72559681938386
5.236074043353962,1476.2009872631666,4.498258073302595e-06,8.555451520351177,1009.2691662343835,429.846843936666
30.45911246823206,1440.1421083362577,0.4799417279573166,4.43530776652008,962.9181812913827,4860.18733000678
77.59371014093114,1390.4227904375412,0.6589367789060488,4.242343015932947,894.3206639064072,5269.441775789574
111.68171482535992,2432.8739250149674,8.956211715311764e-06,4.157819225058671,952.0339902075661,4974.44467752916
113.85028528801413,3784.7536759996055,0.4084838537196477,4.420985723131708,1176.8303097272064,3821.080445343669
137.40775121761857,5444.801177968885,0.025603285516788456,4.15540954583246,1041.2334293896367,3143.033932667864
164.86152340522972,5422.243503490691,0.0,6.8462204040141685,850.9846580044834,2034.840802046566
185.9501089077149,5391.854156882042,0.0,6.76062122325749,777.0048184788268,1540.3256191643982
203.1231815819342,5369.707797544521,0.0,11.074578723351415,722.9792449231182,1215.6606540256605
207.48710477873271,5355.173129984665,0.0,6.868898801093822,724.7654355212632,930.6316041685578
184.03158933571214,5362.049728364393,0.0,4.155041858300765,894.5376476681007,1214.6613639877905
194.92807230928898,5374.126781926392,0.0,4.418548251948351,737.560793314614,1653.9324975585714
43.81770194784691,3783.773018613669,0.0062536526066955395,4.19095272499851,530.4541495627352,2891.696016960238
7.897529120534899,1408.3903218222727,7.52807609841279,4.476705297175836,581.8038902022396,4034.5706234841946
3.3004415366034765,1428.4929589365252,15.921643180032273,4.278952249031884,635.8477274160106,3703.867740263404
8.311255271644548,1451.5768757621263,23.879796298562535,4.545679385176031,646.32762846175,3123.726587809674
21.20815171736856,1476.9714844503053,42.82528288761357,8.241029125775306,856.4369226905112,2090.434619920409
49.820834776372095,1483.499680849128,62.02466597094314,4.671601914181032,1069.4292056880106,1592.6809031667515
59.035604357566804,1491.7396044498887,44.11845118229234,4.3790145065821395,1198.2019833900524,495.4271128411492
89.7614905608845,1498.2440248592497,73.86200224202265,5.812433250815426,1606.1071497029807,46.25302757620645
108.05065087059594,1498.7479228660989,74.84913148369036,5.564141407537813,1770.3454209057631,14.836157796468301
110.3068514360001,1500.585294441806,81.934430229308,5.850969596628197,1732.719344812893,2.68967600265957
127.26382184693264,1501.2505145504847,74.6592917640954,5.559237375984063,1801.3036872789112,2.690573903171592
55.50696575419119,1496.1786524554527,94.51452017559741,5.850341839369885,1792.6135918343348,14.835583090131536
42379.334848776285,1545.9324191186577,87.41084512631211,10.498383268130858,1757.1045520706493,441.3264846966063
2123.3231722224905,1580.0658585707163,11101.722346414643,8.634398454809256,1522.06191112115,5063.824274805104
19.705856850030735,4275.2694484958965,2703.89003171955,37.44848696920195,1232.02816826816,5400.012272753983
211.56506331335257,6065.413228968794,378.43413802724183,106.02757595472065,1298.8710955573222,5109.03003597247
505.6614034974636,7600.618031712592,77.75154343348966,120.22558058096068,1015.1717837455391,3857.550417222253
851.0729598852289,10370.007952078155,9.411938225040336,124.99207535228551,852.0176463495262,3107.506159144323
1234.4542843407444,11288.376637424946,0.42618142271797216,171.86287774645916,704.4027029474701,1986.5733914622172
1770.3405578346412,8349.149512890455,6.849880718961606,241.4534837179216,460.91334595892846,1486.4474256631756
2192.3999316915906,11017.079040481145,19.735298109405228,218.97841314534833,406.1789195287052,1162.907822726713
2824.4393427386844,9904.60787792962,12.582218174190743,94.15731617743269,293.61570690608346,885.2362153787882
3680.2173060974137,8811.521829132089,13.376324852078781,86.69324581377899,171.74942658821303,1143.462281577785
4078.5957343669133,6343.59513230821,33.678092666626625,144.13334472441284,142.4396746517472,1540.928588410224
3868.1780715844056,2688.7902286274516,61.278904906378706,57.196512736344744,71.87662661373564,2667.0737666876375
38.24520829999464,1899.1575439304963,0.7070551457778081,40.92576893995681,45.104786744659215,3773.0127190805642
81.79402146774501,2003.3486851738912,0.17899607048851315,24.52495252227749,54.689104045563525,3572.099248695471
4.78487711298596,2034.7749206661103,29.22476528985136,30.660428032250582,133.71652641135023,3033.4806189520586
13.094974538480278,1500.4366355861046,84.08544546188791,9.952298554429229,241.9224865072095,2067.336307701022
5.154026825920029,1423.1991028552322,0.0,5.826567428065483,418.8989430631093,1562.1810572508844
2.5891059660312474,1430.0300146401682,0.0,5.440321020691355,641.8249900905075,484.7044423599351
0.19608051182991126,1442.427106652741,0.0,5.735472312823635,912.8616075347719,45.42169585252254
0.23177475026974842,1448.6500152834606,0.0,5.577191300034275,1115.3292121552754,14.624564425923401
0.0032419145365337222,1450.7402979615447,0.0,5.605606332851595,1333.5689223190502,2.6557380751787303
0.693168881670052,1457.1297781025626,0.0,5.6632388324571705,1497.9553705745498,2.661841637823192
0.002682071675688392,1455.0789598674055,0.0,5.5315627917961105,1521.8725292550412,14.652908936887457
11421.726139275193,1507.397611193164,0.006429780194073433,10.285207767707417,1522.7208676109558,435.6507920402758
109.91992398870838,1497.1717494253505,2450.698707130622,8.17429133607157,1042.1479798217838,4946.1954755938905
1475.1525526213838,3928.539576518646,485.8225890982186,35.657834490616295,700.8888317907741,5245.942155080041
2318.769889789828,5581.657132157886,3.838031918700455,98.03288363678908,561.3953842074463,4805.892552469722
3087.158882345146,7069.619640091854,22.375881640988226,112.09840781204004,334.57189847861616,3596.2874232014815
3875.9743805372045,9790.125267613661,31.81406749333276,117.55138331843493,181.90109860849591,2925.960828393471
4693.957337919949,10748.134870481483,58.80087593808597,163.20274477164114,84.2003058133566,1884.139507866501
5497.911307334776,8000.856525797302,106.9713719511318,230.6750828178363,32.03909982919549,1416.5586909390443
6348.245739813383,10596.475885904782,214.70421001025886,209.58438674834133,10.252383285460883,1111.0481142016283
7360.263748574613,9546.648404089587,211.93216545147152,90.09400626511737,2.6873218773536576,846.1638112526061
8338.132996760582,8529.741448545654,252.4361996943307,83.43372613854568,0.44893164824086407,1096.028301725454
8573.589647802539,6154.446293244653,189.18487329750448,138.88142088175468,0.028513174263895064,1482.5195619464712
8729.313465632065,2607.6623396608024,246.93512903983918,55.34683294467382,0.11630933361656844,2571.6347546526745
60.283482757284,1847.1145152493395,5.43525117760193,39.722254524636185,0.21111121595800586,3653.37897301361
110.46285415684453,1947.000455255506,0.14997276706129287,24.118796759531406,0.1422352553160933,3471.506147939367
28.03143343515988,1961.2881754693797,0.0,29.561131444182298,0.038850207420917375,2946.3341223407792
24.120460609521857,1433.057513741213,9.531332383341604e-05,9.840279850584455,0.34861480855359234,1986.2275705324778
13.155177849615995,1372.0674661491219,0.0,5.522509433390436,11.700232866586413,1512.796955726446
9.990611300501008,1385.6734701566809,0.0,5.542468653251592,51.82370496980571,473.6613938246636
4.684944839120156,1396.8746156634577,0.0,5.46702301903119,112.30645020100275,44.52023014750431
6.466373558048902,1400.640418791899,0.0,5.624962378012276,212.19762974101633,14.354351196297564
5.070099551104502,1404.0782089388808,0.0,5.436760082176441,296.6703050668519,2.6118388424190933
3.359828923610997,1412.2938414982584,0.0,5.6294981933245065,412.0003903240697,2.620355160287116
4.8741603728223595,1415.5296389884174,0.0,5.425260680795101,556.3943669395734,14.441980198185107
2525.8620997525422,1466.140144591459,0.0,10.160428734871774,596.5958061624865,426.6124730395398
1100.8327209933736,1417.0024038717972,300.5905596110405,8.008172412234755,367.7911043626698,4760.1960185417865
3428.733133303892,3676.61209333016,29.520359388118266,33.19220641148661,205.6812385550151,5123.064644897569
4380.823283257867,5369.255886452935,166.67476282401066,94.28390724172544,145.68281768163814,4596.157570070491
5250.4084144511135,6929.151316694361,254.46556607081865,109.38366454847693,68.45411043242632,3482.563748948921
6288.762619190354,9607.796996327275,283.66419150605145,114.35335718041281,11.066038634885178,2838.7679624923026
7387.957407291076,10552.455295149328,451.4988100907346,159.2537171905356,0.2668917709980323,1829.5487250499573
8619.040681293218,7870.1159485795515,485.98487846151147,225.50067475635765,5.298706723457794,1378.3483669740958
10021.11349845056,10419.401528129034,641.9520988295486,204.7926176829046,12.285674782292277,1083.7321200048796
11610.813771037561,9389.132706165808,756.9752314236249,88.21272968874162,16.09311517578,826.2625242554102
13164.011273980914,8408.493383590474,1079.6581475292203,81.91383041950242,18.38382207624778,1070.518861733251
13888.93904211368,6084.672302635086,1350.8839890976053,136.39933504445176,20.595122105905805,1447.0436817726777
13572.571673529534,2580.4159809038238,1062.4419103074943,54.271775872172114,19.534479014805274,2510.743962103557
135.5290961001817,1824.1920511846345,200.7821066599428,38.923604327497706,23.437420297461543,3534.260584127682
204.07910330956085,1922.4821963879117,63.12238912164095,23.32839502202747,13.777471263548476,3317.486221422532
37.600228407896594,1939.4366954917105,0.07709199343765542,28.611535848062406,3.811332805992925,2856.9944862649686
44.70476420231288,1400.6481137736866,0.0,9.741308995060383,1.342814683342805,1946.7680870592824
24.685923742779178,1335.383049078744,0.0,5.322026230989405,0.2717525134444397,1482.6189883107495
18.273820842430055,1346.855657349751,0.0,5.476737901041919,0.011613404023766273,463.9437426396207
9.770021211421664,1356.3377337845072,0.0,5.35769990067824,6.560830692154169,43.595241547855274
11.527998577468361,1361.6572516962624,0.0,5.53830423807373,36.280819295108316,14.08481390108065
9.221931458665985,1366.9103587867241,0.0,5.355806487952103,116.54722165753796,2.5704105231598557
7.646732919920852,1378.8336388851299,0.0,5.596651074870338,195.9376636833222,2.586919666621685
10.246792220337293,1384.506572896185,0.0,5.34776457009322,265.4045588142062,14.247138446887005
266.40190210790513,1416.450523784122,0.0,9.946064416583981,278.27253969066516,417.294434700945
1895.6629652449149,1358.3675366628208,127.82277356955848,7.832784689680563,185.85884841037802,4640.766985998841
4130.210332410775,3590.557638792826,19.330672446340813,32.40397740909424,148.39311182706362,5015.52432524533
5029.671088688205,5286.758763931668,42.92737522532911,92.73875165173482,148.31257156879724,4539.032790077145
5941.285292018681,6813.423773260427,54.46402400444695,108.0955464281137,99.811799278574,3456.0059750069213
6996.816508650519,9452.197395037307,57.58717431106312,113.06396872159216,47.64610353113315,2822.3488235759037
8075.1230290420135,10391.199372139534,96.51284871808359,157.6491242445821,21.651945291314362,1821.6978396927982
9368.85977986044,7744.326124273567,156.46663584138906,223.3381769890571,0.4332179636693647,1371.9516497732807
10476.741343196876,10269.116723932582,307.555778020332,202.80259363120751,0.7764572394549628,1077.1733111314397
11699.049169671685,9279.31007929908,400.31113994621626,87.48526512263258,4.64365694072644,821.7907467449596
12315.539810410737,8318.32223521937,392.32540946551774,81.28260477015867,5.195103840352634,1066.3270974895418
12568.391605298826,6010.261222691171,355.66940075032437,135.43381035066224,4.239744034659255,1444.3760055078224
11171.383869484476,2548.101023939166,217.90245060683657,53.975237436127784,3.0704413836505924,2510.304390624413
60.76189745918519,1807.8549269837094,0.9372266844668524,39.06395378962093,5.993176383379123,3589.4277823503985
104.28666508574547,1919.6432879030258,0.00018620461877629375,23.895517764481824,3.7186738752756927,3420.9737946602745
29.669484298633954,1934.8987113884036,0.0,29.05471711697525,1.5094753844381827,2898.6356458602086
27.759856532664116,1410.454791359638,2.8965799960904035e-05,9.795832986720745,0.12927282442576474,1951.1283708646424
15.975230407736468,1347.9378152598974,0.0,5.365835435160836,9.30919034999327,1486.30598981153
12.362454768127778,1360.812770198262,0.0,5.485220491121668,57.040466051618516,466.01284401224865
6.037677737575051,1374.9694709541986,0.0,5.3811147154661825,172.79988519777478,43.86876218093752
7.588665196052985,1382.237422885349,0.0,5.537526804765414,301.58808893072444,14.1877013120796
5.389363676238203,1386.898300730004,0.0,5.366503160922932,415.7870740050515,2.5903039565019563
3.162383883120999,1396.5438704971139,0.0,5.584373522656107,574.5330872734594,2.600614328009305
4.946958195033065,1399.980165505914,0.0,5.362595503009474,704.5469485161382,14.30389760698498
429.1564039616922,1425.150111306096,0.0,9.94327837124102,760.5693627086883,418.3695756035841
1890.1645751454332,1367.1200597570473,354.1260256904738,7.871423271816939,533.4738520606062,4664.8228298027625
4188.804288514118,3613.9472035540934,27.07577030086582,32.576064062442484,251.73484925887254,5047.563576078056
5240.886806694837,5274.7328712215585,79.35910665491087,92.53756950216982,133.368994370255,4525.782874494832
6146.790840754072,6785.369898721265,72.89936736817076,107.62205731872776,68.25572669766451,3434.2481472493464
7431.537069053958,9413.986940919374,180.1114740050817,112.36731518254366,8.761632538394869,2800.2247087851933
8647.578860317066,10358.943191784248,298.5946835995433,156.63928912716335,0.4259217400226179,1803.5561718200136
10032.780183682033,7731.425949568626,388.02520020496155,221.88931765935783,8.224061962790662,1359.0093953119565
11062.970278373668,10250.69471089619,508.57747160726547,201.78875852014374,10.79025448048048,1068.7089223837288
12340.676704573654,9249.964816280104,653.2863712955539,87.03184488874821,13.932687717407875,815.5124406837806
13738.65229378866,8298.88132934104,1028.7491928929187,80.82558096065915,20.211462535558454,1057.1565979057184
12291.140319818323,5996.450563119482,401.5029249367887,134.59070458312854,10.599516457832825,1432.5051439140977
11991.913821366856,2536.1299529675057,246.9335106728766,53.63437959524688,10.158742721753638,2493.290224540328
68.24206936618778,1797.4990880265927,3.539612914610067,38.65857520070281,16.742590971458423,3557.9585997910585
133.8458236494371,1904.0104678231537,0.42135087573222735,23.5429320730871,12.482041769321224,3378.6095752642977
36.385249426078936,1920.3324060669222,0.0,28.968120115760943,5.583415215000332,2866.214535167668
30.30977158864343,1397.9621254266042,0.0,9.513999441532116,2.4478534005047607,1933.5933182940776
16.03566903732439,1336.785265311196,0.0,5.52116989264958,1.156540807698635,1474.3126051684744
11.967246196186743,1352.3795834638297,0.0,5.400036694243651,42.94835348936395,462.5115173365575
5.823238672485797,1369.9975258377199,0.0,5.430719401320935,146.0845447037503,43.627354144433475
7.4535702860270305,1376.340619294018,0.0,5.492670260029941,268.9639402723226,14.116095683631718
5.580043584300402,1379.2526160601228,0.0,5.379906635897365,382.92832792543487,2.58129390564541
3.470999682999714,1386.5165985981746,0.0,5.538632351429373,514.6652926959762,2.5916766111434346
4.795485132810673,1390.3463854084957,0.0,5.3733681547802234,611.797740440988,14.23164475633765
3.9294482130019723,1391.5355006272177,0.0,9.759579797088248,648.4373039829914,413.59362955501337
118.92751610104605,1377.6101051422042,331.55887927773387,7.84977980218744,485.8849700559286,4730.944365342632
533.4769377490795,1393.89277581796,36.453210794616346,15.380700380189767,259.7661904350906,5249.7274781293545
721.6423952440878,2576.163349876344,5.670532840377207,23.241560066842233,143.1290873092113,4774.876582173758
1539.2495376381428,3750.0236998528444,31.17169257213618,39.194389414191306,54.30637686071558,3519.8205895078613
2420.1859795692676,5257.9447632070405,2.8003986831662675,32.51918321435474,9.566133148466433,2852.8936331837344
2867.5575537740106,5194.247430425559,14.09713246666815,44.70241567540213,1.8840229635454673,1836.3802290255646
3228.16190289485,5099.643987314506,56.742238483228064,35.05821517238941,11.476320417271447,1384.2287256613422
3588.9524718055036,5095.708975326901,77.11688199049149,32.139378355737676,19.548973133980326,1089.7909142751837
3968.761546502084,5058.949963109453,48.192156135083,22.127843274614364,25.681037049385115,832.4882514702084
392.08101914258,5190.291912994143,51.514296984732184,18.11578116616177,36.08194986202157,1100.2211245867338
710.9576964131525,5355.106264813412,85.64541917851709,20.42214499843591,62.818525692061414,1516.2594233714615
387.6785991949888,3625.3636972882227,73.3149187014462,7.613061334213064,108.72742088515868,2640.7299901810406
255.808968851488,1289.3211258327897,0.39282211923955024,7.723622596619533,147.86979620307395,3676.495815391971
196.26164345160856,1286.460772033794,0.056781034205351334,7.755100922134645,112.54638489278949,3368.791302164389
71.61761474075902,1302.7115833166442,0.0,7.674839892707927,62.203257186055,2848.8080596673253
62.740644923004716,1316.3710888716184,0.0,11.059045070708539,37.819085785740164,1912.2534812849267
38.053225782396986,1320.9616060760156,0.0,5.371785255993284,18.923120242358046,1457.962917985865
28.643978887720767,1327.3217107367657,0.0,5.300878400294959,8.774456063481345,455.2935703761075
15.565309673456166,1332.994692439051,0.0,4.241915043066553,3.06715596078504,42.74421431162076
17.76314459302452,1329.9264944582767,0.0,4.260062998365727,1.470370588789234,13.779406580190004
14.926647012212525,1327.2303972508967,0.0,4.09847562058584,0.8909832848796991,2.520939371331758
12.454598686854073,1330.8590407203321,0.0,4.42891819667714,0.5360962187813925,2.5313493207144973
16.84707307936465,1329.8737415681599,0.0,4.125623722039758,0.47886380715209237,13.849235761618656
16.905993446371507,1330.218719096244,0.0,8.141520684280426,0.8804342825200803,401.1460043282629
223.2949160920161,1309.4222182096687,0.0,4.049014913718108,4.629253883056689,4506.115966289568
342.40182795096086,1270.9065597552913,0.055133795598708464,4.119414331475534,8.695118674258017,4997.243381268911
386.1639261890351,2230.729448778892,0.3867436127413066,3.885148950083632,5.532102479749115,4593.9016256391005
426.5797026711879,3480.4306232374897,0.3548226758481681,4.170439348875944,7.084894419428554,3534.7708866336297
463.9453008065727,5004.725757926359,0.34481080019502336,3.9291451810871654,12.854043514839425,2906.338116759053
501.49188463549683,5003.50083366733,5.064654274471499e-05,6.414937820294368,21.12412536151145,1886.7635324706034
526.91950486821,4984.259831139784,0.006991293142416066,6.18007725070191,28.56642516675117,1429.4059250663072
545.5884623452496,4974.175192021864,0.1935671769587904,10.667649878101201,29.09332211275547,1127.9179877773495
591.4218172507346,4960.40276586797,0.04897624656839315,6.4425657790740845,30.97966175417242,863.0258517341074
610.2451408228512,4947.3431523095,0.0,3.934875226988209,29.279969789493645,1124.0952669232163
643.6773009931622,4948.754366723593,0.11301196182938965,4.106660190807464,31.76151693280069,1527.7977531422307
305.51505438835295,3477.088374454012,0.012825954410339879,3.9552771364283053,32.394739697082585,2675.6480103018766
186.9394501899433,1280.8917741943828,0.0031509410582031125,4.125531046335319,32.015562670617804,3717.809570812202
140.29801668035617,1285.1250888425316,0.0,4.006286689075185,21.75268025669476,3389.479354510858
54.952327893544556,1304.2464617191931,0.0,4.187329277935807,11.843208518755068,2864.720497691273
38.333726276588195,1323.2463577447497,0.0,7.728561610587365,5.569978373279827,1924.6426879442784
22.225236010104272,1332.439839865584,0.0,4.369987734480316,0.32207064495051124,1469.7198769852837
17.259809521180713,1339.4783307890764,0.0,4.164736175013638,4.883871114743736,459.81333474910355
9.255300817696334,1348.5279070334116,0.0,5.493297263879975,36.848819273055526,43.29662086765581
10.200528718799664,1354.0756606087643,0.0,5.329334540002118,87.10195414895077,14.017728386173497
7.606351342906779,1359.5250674630097,0.0,5.5396534728970295,132.25684565191244,2.5714970038251046
5.577559079573173,1369.146021491466,0.0,5.346780645244834,172.04117341727806,2.582457980930913
5.306431321313669,1375.5904353569913,0.0,5.56974723654705,200.64086306699338,14.141669000069067
21481.18400148063,1455.649422238154,0.0,9.795922235386746,243.89190194844412,420.35100790466197
145.9510742671997,1496.6710987812892,426.71484922543596,8.604577383802939,234.75184434616608,4800.137574661421
470.47015700186694,3915.182743559712,172.51678529516278,34.237912463647966,227.50386190038415,5176.981584823669
849.5970523858442,5506.322298937687,15.78066129199237,97.160265189796,292.1518904116766,4690.65197739437
1220.8181542527227,7025.082465445023,22.705305515354098,111.39415297127194,333.41006115750406,3532.7554030867395
1593.705780029653,9755.461303486652,19.315038090557284,116.31360881018182,357.1378257560082,2890.5813525244507
2137.763320607679,10717.178168081895,32.97256472408149,162.3410933689849,259.64849344203293,1868.013367491863
2837.425989426251,7954.658821098696,52.894405467202134,229.80855676062978,112.58531306289262,1403.614281894433
3813.1489393969314,10488.913307480352,119.941272330945,206.4859586555212,19.20511317188464,1097.3398361078716
5008.466839751431,9436.475732358187,286.11642808346926,89.47396366212392,1.5157761495431115,831.8515212459748
6427.307247830795,8451.611813829277,561.1923957191891,82.74488678490496,16.00350863176502,1073.2627647927607
7265.448260675304,6112.396689375062,819.1495445463489,136.4119409156619,28.93495437614597,1447.9606550502895
7538.55719839305,2588.3538095883605,606.8914299468026,54.26862958042332,37.5083996522934,2508.591163061527
79.72701781146763,1819.64878321703,13.077160274404752,39.37288882454587,40.11219352484626,3552.704901071412
126.36700577379821,1903.4522603710554,0.1483122254090315,23.263402824693266,31.340919612762363,3351.348556641529
42.356657318820474,1911.8348167349172,0.0,28.595241545644285,22.3620113010358,2846.9694327941147
38.60339442019247,1388.4959285381901,0.0,9.734117592509337,15.90288117419141,1912.3539480752897
22.243340969079153,1325.643541153001,0.0,5.226128865458132,7.898278152900401,1454.667130144631
16.907070766354927,1332.6631370351654,0.0,5.4737032370864735,2.5495126490583124,454.6980986655485
8.786435729295507,1336.231294037369,0.0,5.26242682912017,0.016882041495536997,42.83729522195014
10.68735090946795,1335.0270132618073,0.0,5.587160953824028,5.075427450002973,13.856700692255288
8.826960000637541,1337.8700469375938,0.0,5.258507634620084,24.309896321481748,2.5455075720165965
7.333924571261502,1349.2991006203895,0.0,5.588834560484147,51.91447627170437,2.5592679276700054
10.022862150648342,1353.309398632457,0.0,5.256918345624738,79.51223114174658,13.982039816879691
3265.9011199950623,1421.2293435611575,0.0,10.052761606922294,87.41999186900142,412.30988573482716
621.1060780955108,1377.7907618706577,24.7176805669626,7.9313967346931475,63.3988485406586,4590.448258608075
2509.8776210304336,3540.8827614351426,4.34222349914653,31.961006429779367,65.70099261530889,4925.095338676174
3471.9991668897846,5225.030845696725,40.20090757702841,91.61703337224449,98.10641940413801,4464.038975103364
4231.569458332084,6749.429684820648,49.9574505926395,107.30853489794174,96.24979015335627,3406.475269039659
4937.177218660284,9373.922820826747,51.855988049912845,111.7163049892409,66.29243681212355,2785.9426862610444
5573.463041482273,10319.924829322017,78.24350229184402,156.3812128873752,55.27474925845915,1801.1809628615906
6276.672993096168,7698.529457106771,71.01794399234085,221.76776463222467,53.715978349745185,1359.9086069559382
6973.00846060136,10204.682405129177,107.41591396139334,201.5014065964975,55.89993402107332,1070.7900832100545
7666.967850817801,9210.416183161517,99.9594400593399,87.04000508932448,56.639973444829664,818.0621016154331
8255.839818767434,8248.268449531917,118.45537671248181,80.84859303366126,61.42518240911351,1062.1014986736207
8851.346325732859,5971.000795288246,161.74105391160342,134.8973044119165,55.571989827418456,1437.9698142439267
7774.356126130511,2534.580544260091,132.94021464567115,53.768707946272855,47.72963514348533,2496.6584284604533
31.080015037616295,1807.1019492963114,0.037797726461730206,38.950610280286696,51.16042257660611,3571.2500339907187
61.5829601067975,1925.1365087813924,3.704058930774308e-06,23.81764289908975,82.78277351519745,3424.9185405634794
20.09482785708477,1946.3820608288445,1.2999648141586184,29.20959769472976,113.38836118610246,2892.163366343235
17.686872771460777,1415.901627796334,32.55732341685872,9.511660139611923,204.5370211282066,1955.82544007239
9.38224478667555,1357.2943582725559,0.0,5.627524713642042,323.4094033987494,1489.746274704857
7.7690610525117,1365.0863589218175,0.0,5.283186071426445,409.1013776196158,463.38527344654045
1.4083066516868772,1376.8800102955538,0.0,5.527223306719103,610.4881776223774,43.55600266641875
1.9927759778916434,1382.864402203839,0.0,5.43794196048732,692.0459835343535,14.098410908356518
1.6982753950370277,1381.295723367214,0.0,5.417390935971946,702.0955321355352,2.5887007062805716
0.778911710774671,1385.099173557622,0.0,5.50539243272589,766.7657146908502,2.5928842217705372
1.8986516766833748,1385.9826653045666,0.0,5.37435221578319,804.0039303049937,14.138432650862756
2563.075930595554,1430.9449209438571,0.0,9.914949198287282,808.9574741606003,414.3914969490078
1045.6842955994314,1389.940077248504,774.3053162969856,7.687195767856232,677.2701407084056,4639.562988072424
3054.785133298586,3635.3540805879493,180.47356276694575,33.24023844708962,569.0731715792249,5060.933687752975
3721.9748538485355,5277.930840530295,18.99277994544829,92.62403812949367,612.1720104030221,4525.020941223349
4290.5805209882665,6763.857743062152,30.413500248225237,106.86946694287965,576.4198576612653,3424.895750998849
4836.168458109309,9402.164377691695,26.06847377930177,112.80728950063624,518.7645832984177,2802.216428677851
5521.701341417359,10344.617912233987,41.270953302464655,156.5799126462675,387.87736131910424,1811.6800724695947
6381.761350563148,7711.8527514232355,74.64611043386225,221.94360736920794,243.7093468312177,1364.7459910354187
7223.512681937044,10212.142762390838,167.03947877113612,201.4054373872934,142.56974062077978,1070.8798794025226
8528.321139565382,9198.670650602038,217.27095509717955,87.21438210998971,57.60261093090858,814.823132635954
10086.898933201996,8213.90671091655,275.5080713301348,80.29084079323891,10.371125017440539,1052.8499282263692
11026.0027706597,5931.592663517685,604.1636203680212,133.46296927862858,0.20291069421589378,1419.2489083401993
11035.053793103101,2517.1532467850766,553.0007440951575,52.8491089656816,1.5337168292628134,2456.9923998806394
97.06177940450148,1782.5396045179616,142.98940344344047,38.543940685600724,6.308741755172408,3454.399861929571
166.19335631705013,1889.928142529347,74.11648847861643,22.625185726186473,6.153237775366601,3237.2627588321784
23.83978687612309,1902.9844081708786,0.6880342551689969,28.052435635943514,0.8405042918909412,2779.5109601533172
31.391115680507802,1381.4434345991685,0.016749158876323268,9.680172832585548,2.0491922631489405,1898.5016629920297
17.49549291470065,1316.7067849009961,0.0,5.370221291652938,28.348304279140535,1450.3761967555638
12.527987143161585,1332.3211889859774,0.0,5.297157839261346,120.14083776503752,455.15956950135154
5.189439683772183,1348.7134394549782,0.0,5.435993583320939,321.0823313722603,42.983396439085986
6.321923070170751,1355.976262660461,0.0,5.310733415638047,465.6981530804597,13.941827564642583
4.5610403696956,1360.4831052948493,0.0,5.452406304746691,578.7993261607804,2.5669979394498186
3.099448594478704,1367.4406540281038,0.0,5.321200654480775,659.9244670239108,2.5740326153274213
5.2333160814909085,1368.4835693726209,0.0,5.480384374396277,710.3109464977998,14.021880166200742
1187.2636956811957,1406.9521540004432,0.0,9.510524535326308,744.9525772317801,409.5122953987247
1659.2363934262773,1349.2950390257372,223.77390969044848,7.851577141944324,455.5556687745585,4545.717357588987
3972.7891384486966,3519.8781895678126,12.204486162813021,31.670319701417927,220.5690578678019,4899.765643342091
4950.87410478731,5163.484754133725,211.7900326476204,90.65359196175258,144.38215759604884,4398.135075101053
5900.042494870586,6675.978258940907,290.7982230377925,105.61799193827227,72.20857472194442,3339.6642298579845
6956.356199413363,9255.542159530716,308.95685957619065,109.40492704937634,13.969133076875323,2723.7704904379743
8096.576251004838,10164.380628019417,459.96015461866574,153.1188675011035,0.1032792058135463,1756.2039697494695
9274.294052427584,7573.644095547448,393.87987639910386,217.05867574897417,5.7979267192979975,1323.8933277573108
10623.860574170221,10033.819693215622,604.5108564690713,196.67177911828819,16.056668199215668,1041.6288505702562
12054.757578934325,9056.005191668888,738.8611576184275,85.0148816200272,19.266766605934546,794.4700675621293
13284.526801169142,8113.208904914394,1027.1652416950906,79.17251348531022,23.200469407782716,1029.808064187067
13859.766629430522,5878.720469797228,1360.647497308706,131.4617957028081,32.57745649092435,1392.6221281663252
12794.020345756355,2494.487402445902,865.4661830521698,52.47856565119918,34.94573787960544,2418.0247604704464
82.21067129291593,1765.73639258098,31.271996436734614,37.75538019288415,41.889044853868164,3435.635187542208
151.49086625007556,1859.4285119849071,2.894909869028702,22.87912855747512,33.75112056730083,3250.4418395768944
51.61569906376737,1869.7942636097941,0.0,27.986580962194626,21.051798059916294,2771.0063926239914
44.63493811208945,1353.054170485566,0.0,9.30870823293732,13.63447388236209,1868.241505671546
25.141178691319908,1293.6351279988448,0.0,5.34107615454711,5.877216784973853,1423.3538588563486
19.297343163771455,1303.2935055829253,0.0,5.320332245197431,2.171194571188219,445.4640019777357
4.936582336524846,1319.1312365158199,0.0,5.324785512154146,0.004586068545088845,42.21392763331518
10.682350433127342,1322.4808941526094,0.0,5.424996266298628,0.8254018181138782,13.714770588335785
9.731959797572271,1311.7457333731275,0.0,5.282838853743289,2.75735934326843,2.513889414785153
8.008002955255682,1318.186219272899,0.0,5.446670580366987,17.010151067160145,2.5224304054881377
10.86635303304087,1322.763917840521,0.0,5.270907732826892,37.14134449107113,13.737106903983802
38.75546607490167,1329.3242088898414,0.0,9.528765786309085,49.20291828005845,397.00749481623313
2190.837910675739,1262.4292277035686,2.885456593493393,7.2605194698153195,29.422339623131457,4370.5783100107865
5047.905339442798,3400.3769676244897,0.24664903629064033,31.097473003578475,12.647823914863357,4708.881699508024
6336.801535674702,5048.587550504015,213.15253543643283,88.45011349431294,7.092721175230423,4295.25146513353
7525.715424796214,6556.799021849449,404.1842133000351,103.06351973924127,0.04257958538767378,3278.6576524296916
8741.106612806881,9123.838227362918,522.3954325326991,108.66110587875276,6.332536914691451,2676.986756916349
9977.298255319192,10057.171876524888,796.9568712258368,150.89106322580557,16.748312893622096,1729.9570769330865
11187.81406779132,7505.120321436865,694.9381466727738,213.986170400698,27.631875759280046,1305.9446059652175
12499.228619821753,9952.760343992062,1191.077174950563,194.61905630804316,42.74700550722944,1027.51583550891
14117.248067439104,8994.169741737285,1609.221302845761,84.63661411276586,56.87122309736452,783.3833938350314
15763.872712857277,8063.726260800528,2106.3867222679132,78.12576496999674,75.13693308813819,1014.8893357788183
16656.067757155855,5832.632660833271,2696.715348191686,129.77357540179466,105.19748126149717,1371.4715836839823
16167.491117971203,2476.667311648568,2318.192497370282,51.540533834371956,128.51065501928585,2379.1234703898645
176.02942238345952,1757.0874814007427,769.7384709531509,37.637250300473184,160.92106498234045,3332.0439513731285
263.68318372925995,1855.5249743082516,350.785724975373,21.948589089633018,140.21361447481232,3102.5746212095173
56.109520831078314,1864.2427994188392,9.214699896273448,27.072584249060988,61.12965733186301,2672.41482190004
55.106152816387805,1342.4801803829648,1.369128200030921,9.373984315880064,18.565353279168917,1823.8899899220628
29.471252649483247,1280.1908608923907,0.0,5.029898806050206,5.947649449296921,1401.620428274426
21.357567828691938,1287.9226921021145,0.0,5.368462349900369,1.0060609824026225,440.7238178262608
12.079750026460866,1293.7214403923047,0.0,5.161214987983971,0.23227908523302762,41.622621456590934
14.536109073069678,1293.213035357462,0.0,5.36531476762716,5.071020440477562,13.489927738432593
12.62287400071271,1294.8423949623987,0.0,5.260303192129347,18.20695375870588,2.4915142156861503
10.098165601227803,1307.515995554322,0.0,5.310665684745841,92.5458199660962,2.5053336432398066
12.558751099625281,1317.7646909321707,0.0,5.3591296402652295,195.9649171873163,13.670111890719154
12.058647809673337,1323.9918398690813,0.0,9.196855384606907,206.42023738966864,395.7443401118267
173.15565410914712,1302.9753898524916,30.028355143395434,7.83914368581611,97.9803772325771,4479.217245453578
14.014487280571357,1280.8974851646663,0.24839849461186958,14.360018397197132,17.256084722604424,5001.262009417381
1224.7650268995474,2373.214792693508,18.48398259961138,22.127943940031233,0.669350289505296,4505.476581007471
2230.673348091228,3589.9608248538857,78.25524318236644,36.936173775239,4.145027379198008,3340.568693507253
2995.700319401899,5084.752292622589,88.65103599111309,31.6643838717218,19.724669097118863,2722.8231954768935
3284.5726515034185,5056.047442950457,54.50163803102284,42.97191349678388,26.83631790305191,1761.3448525234787
3173.03743689781,4931.000767345414,1.4135981785949407,33.91039041564528,13.7876689860778,1334.5355565517125
3569.593983516373,4894.945201053007,1.3349777856248386,31.34072419743229,18.951560396965817,1053.9549962145227
4022.493980871079,4861.133336856636,0.6706153983331641,21.199662842701983,28.858291302479632,805.3426059772482
315.97033728744464,4994.044434713598,0.00012322029948823443,17.626857413066098,25.207480114574594,1070.9829732607036
579.4512018055605,5149.406793211433,0.0,19.98479299792512,36.27389736389322,1487.7064293446015
258.9218190438995,3491.7120411185183,0.0,7.719462607803071,46.55224706811796,2596.272925854694
149.1481466354816,1253.3292169260585,0.0,7.438573134190737,49.17313868195909,3607.936779721225
126.00373960285738,1256.8298421510542,0.0,7.685085260005983,41.15002899721309,3287.7134779294033
29.713008946348232,1278.6177120254724,0.0,7.58257394040263,25.208803872176244,2781.69876920075
35.93582103368833,1299.5975839419466,0.0,10.907378683198294,16.6429255173036,1868.0141559134934
24.638216132549072,1299.0872128914461,0.0,5.41087093299941,13.118280698852773,1421.470302231598
16.106989383082094,1305.2746639506122,0.0,5.157309307892432,3.4557296066675804,443.79570718637785
7.756066966381275,1312.8172989955194,0.0,4.341864112555718,0.3626349794687037,41.966338058961746
9.512062240136336,1310.8095975981248,0.0,4.149460276760157,0.5996759831245951,13.613780479796237
7.28691590568659,1311.3299139395046,0.0,4.3191295158063285,12.598395296222686,2.517930849528948
5.494256524382931,1323.0035479216206,0.0,4.1957026391387435,29.36198175295951,2.53444384055376
7.0865289745682825,1327.5899632988605,0.0,4.299965769490113,59.42653977250406,13.746709225064748
6.52301408130801,1331.6962696154023,0.0,7.816258528953691,79.4974152850718,396.2896417471795
128.5626469544775,1303.482549724246,0.0,4.206847924873717,60.00513549430387,4451.123541731505
193.28562444695257,1259.8127017483193,0.0,3.9479924676288016,46.806917068639656,4923.886185625346
219.16758349095045,2210.3658013355493,0.0,4.061262843277129,77.3429107301001,4530.924560558555
237.25653546036762,3455.32811514339,0.0,3.998733612650939,99.12323533743832,3492.330233549463
254.26709900417308,4972.403806365729,0.0,3.9553097672724573,100.9906910567925,2873.9920572838014
273.1383880533007,4971.347459771475,0.0,6.385889746137274,100.66481775035442,1866.0599521715644
291.6711753563252,4953.793603356226,0.0,6.373043431742852,94.51729445379289,1414.4807822784087
336.96102736869364,4927.7177380361245,0.0,10.321570252494745,59.992190673961964,1115.5360049280482
375.13851168726165,4893.667079017711,0.0,6.420195677140072,33.716491132550914,851.1946474921098
388.6122117611267,4873.096931195848,0.0,3.8874931171385216,23.285707005337184,1106.1104653426344
382.9239093958626,4870.7640426137605,0.0,4.128144506009033,11.785962907175955,1501.9460571087216
148.61625277284116,3427.4204882494378,0.0,3.9206522710370044,1.5530548295539894,2630.5120820241928
78.39117365159514,1267.3879206611236,0.0,4.179325705806881,0.034218428746816514,3655.381009795763
63.516100523267994,1272.551790774775,0.0,3.9733312570612487,1.022510377210309,3331.091872281831
17.7483047618612,1292.977005524333,0.0,4.258028152615815,3.0003246993121775,2818.189010659897
16.777038003219836,1314.4506674438392,0.0,7.658629740579654,11.27346252133735,1894.668037364042
8.49347536007886,1322.8760258641373,0.0,4.3822845679459315,41.79095497700832,1445.2824830051977
5.412266510760548,1336.811350380791,0.0,4.137790687467222,95.41865018443913,452.7418004154502
1.7527824666658385,1350.9685911900501,0.0,5.503816975900814,173.393401436382,42.73952481262039
2.3274135321226304,1354.0338358640834,0.0,5.276469067608357,224.28904924320074,13.860927719920992
1.3252887163915483,1354.3754282017724,0.0,5.540000329256202,255.97748202190715,2.563789234982247
0.4542101627441038,1362.0905725714258,0.0,5.295295924804036,297.01352421653286,2.5707569124165714
1.201521278003769,1363.0274298795205,0.0,5.548423645131942,323.3720621073265,13.914041142913193
27205.8716110576,1429.3745951870508,0.0,9.735876394986866,307.82372783425814,410.1024897182734
455.92675526998454,1471.104825524345,601.3596926439462,8.364892091219815,236.24641212927864,4662.748903723105
304.0364019810843,3856.166329593481,131.21064234876852,33.516223400866025,197.72465031217467,5100.865108150767
611.3153065975523,5378.854459016944,4.857561167751195,94.88633851387888,304.8363314918621,4562.355606700741
937.955580447264,6859.069427954091,6.7782032847057545,108.7883947168646,369.5342790992021,3443.462525100147
1304.2531844167347,9518.103715099456,8.884369112590283,113.4359531952594,370.08783289903766,2816.0110976996534
1817.1223323932086,10449.82703033264,20.000956009209453,158.22335055806485,268.91881170407254,1817.4803509763592
2390.9519859628685,7763.721136485285,38.53583166758236,223.96932543985696,182.06468885335215,1365.7666174541412
2781.2466641077444,10275.089163541701,49.52948257258692,202.3511770721101,220.86699316351326,1072.569815354932
3466.379514154432,9254.039462219065,32.36040157886675,87.4391193753901,177.85162805624353,819.2733486426564
4154.125153585499,8251.838179139275,35.919195829569496,81.17632056839776,120.16899054406076,1060.7386815677132
4720.363031111076,5951.947886986187,57.17597950940264,134.37090871926307,73.67443653641948,1431.5585001628858
4229.452984894839,2522.379090098279,75.8130344940693,53.61087386409936,29.615578582689313,2477.723921235272
26.229680261196705,1787.2283060963973,0.01049969975682898,38.60250144959917,17.277096340939142,3522.8443377009685
53.79872310926688,1895.2994145741884,0.0,23.49002244846025,30.06772354714549,3351.2076466391063
15.253221609294693,1908.343320237699,0.656136023869894,28.803986533223313,43.05040174355797,2825.3958337322942
15.551858739915916,1389.8562842647195,4.292376436926466,9.398244878193859,62.62314079459349,1902.8710276645525
7.68981358336151,1327.046140815074,0.0,5.5506474451708305,139.41105699030996,1446.8499949112058
4.755375120498915,1337.4989634497626,0.0,5.190576369798735,238.1184093553697,451.9414761607049
1.5680521578178577,1348.5729596449455,0.0,5.548729910059392,317.2921029398513,42.648744858045575
2.0400542220686555,1350.231437920313,0.0,5.272310845674702,359.4343244890942,13.819571793891129
1.172749282986348,1352.6366555911281,0.0,5.483285036985447,398.21026921083535,2.5589157546252728
0.5963588338643393,1358.9014248933488,0.0,5.374012804716631,425.9951191713846,2.5650476855210766
0.9572193475605445,1360.85366947243,0.0,5.412985730076186,418.6190110160354,13.865649662416375
6909.51427624144,1415.6721700986834,0.0,9.831951250057942,380.18494274250884,406.02243628375084
298.4808260714574,1381.5193551732677,499.6202788251491,7.692542998119409,296.51186704149274,4556.409171417022
1773.2308646773258,3586.241070137882,169.23685773396724,32.78978945491596,263.41051673868384,4970.138425732968
2581.177139857638,5193.241869981641,19.014105138227695,91.19340401274525,306.55450366731935,4428.386838261105
3384.0040309950073,6632.0151113805805,23.858584957138177,104.70141137191811,237.1556084913294,3340.915915650521
4130.805199959251,9184.478846846103,21.302627741682915,109.81258313608839,157.0213605939798,2726.4946437435924
4762.999177705705,10096.5945149681,35.97969157498289,152.68386504953344,121.24613311398066,1760.5421666745385
5407.50966125375,7532.070720988314,55.56488816705304,217.0430453005485,89.91206045962258,1327.6365976695852
6131.457965095701,9968.510705135155,62.32692071773645,195.9748743062116,63.72383634642259,1043.9472244669148
6876.774235617681,8973.566258179562,47.305049149941446,85.14045176917135,41.28693738771874,796.5685330976123
7780.498761659728,8023.129882186535,56.967108532118665,78.94730221125408,12.126070781291771,1031.8718761570447
7592.879837644456,5794.514638494854,74.0536540826296,130.42229356487067,4.471119611636439,1394.8375833410685
7270.730914884051,2459.1562514890484,82.98735505564342,52.30938678830484,1.0607031797419402,2419.6402297124378
35.307797028560294,1749.7304436905065,0.01310391132701567,38.10619441205748,3.212913101526488,3453.536081273564
70.87374120615571,1857.5911021584996,0.0,23.182590863857804,2.9723965107572896,3287.5982163706185
19.69483240871903,1872.5952945020122,0.0,28.14834733627015,2.493096503951463,2772.813266265502
19.637012660009546,1360.50307485768,0.0,9.526295405937676,1.0157822988745475,1862.5569766536892
10.67704256203461,1300.0312359576644,0.0,5.271052709081707,2.235387384302734,1417.2506980294802
8.076690780333163,1312.1097902297329,0.0,5.356462480184105,29.795080928155677,444.3924195588838
3.871605193338376,1323.492927821365,0.0,5.280777146363766,62.765316589391965,42.06544843319106
5.544027471067893,1324.4105679617107,0.0,5.421844888640415,85.11666252789813,13.65113698537766
4.610614872061554,1321.557481593596,0.0,5.259078472183984,110.60687912406992,2.530532131441922
3.616113511469277,1327.6106570699585,0.0,5.442111426953236,152.85304312025173,2.5373590415367113
3.343420479008004,1332.7652915370847,0.0,5.265960844926843,189.95008719740136,13.70371293743516
1692.47080284992,1383.4308987778081,0.0,9.740759142367029,277.45449658456033,399.35354490248943
1133.4847353232208,1334.4881998791682,248.5045701606063,7.491532066811131,250.88934953501231,4444.275038526524
3250.7318529623494,3467.5357396544046,45.713438131657426,31.70877338424024,208.3466209213735,4804.418543039051
3954.018596502463,5070.7452542105275,31.50140963652972,88.92102580074769,316.4055695930932,4324.2486084449165
4552.845583130688,6535.280188707951,31.48470145211764,103.11517882078277,342.47111835604346,3293.0067708180586
5223.189195613374,9079.37218261901,26.72419385868812,108.72460163676168,249.67583126011914,2695.240925224877
5948.971292809024,9981.435733462009,42.50216651448666,150.76794874088617,155.02399531826242,1741.328259546417
6211.643772455173,7451.875165016673,59.56135654405554,214.51791056129892,187.0386070955585,1314.483543840335
6632.918035135015,9901.15596206084,63.926084489438225,194.5918824663874,196.26166273188437,1036.8823642288803
7011.985053093625,8941.349353373942,51.23870258739841,84.93299507928145,213.04627027144448,793.3234626879172
7320.046736202238,8015.774834397381,55.85925562040311,78.90104411958622,230.23578186066703,1031.2543351211732
7634.994329062087,5806.786590719943,77.71715633380215,130.3789306448891,215.89679419584064,1397.4294100328252
6691.389678116909,2466.946775051755,80.58657306650292,52.38030108172248,156.9647498486956,2426.317819934139
19.997111081531383,1761.366177193539,0.011737849170124213,38.53413949622216,106.21852882297614,3465.983447617702
47.277663861739526,1885.4150086362895,0.0,23.207140106231996,107.97607254141181,3324.0352393912817
12.974050737556686,1896.7327504253276,3.1878112730586765,28.21980382910294,136.22016546177016,2801.7353941103415
13.128080966572345,1381.9814030219145,9.511088553547529,9.600121299733045,171.56448874205407,1888.9096902122164
4.36107176304931,1321.8352190491462,0.0,5.280363283093417,283.93905633741036,1436.0703640479337
1.6109871107968974,1334.755490664997,0.0,5.402663159245096,433.0639225225077,448.4945923970864
0.2711166477293863,1346.6583471064346,0.0,5.264113552974495,525.6878003194053,42.36464624408608
0.8283928022091118,1346.2730197375138,0.0,5.431151633500789,534.1349162510471,13.733286050296273
0.3123292251464716,1346.4684354019487,0.0,5.253744920893503,577.1554805992974,2.549928559922327
0.0306978997808961,1354.2220777582713,0.0,5.479193566797319,628.2717282408017,2.555920192438568
0.510330929971864,1354.227338940251,0.0,5.244597016981137,669.2837148027108,13.767073424302001
2052.6580382004877,1389.3036546291798,0.0,9.694777970253563,662.8426983928414,399.84524298088235
1279.1461933120318,1335.9332835445732,606.3571628518782,7.625425263793723,548.628128922589,4449.891474169866
3205.3572929198585,3492.0315572996915,168.68602436506154,31.72293049841571,502.7778357178639,4846.959177618342
3918.921352436773,5093.156278634439,22.14690160062024,89.25359745491612,533.0208534050776,4346.527496889883
4534.826471911646,6523.808377930436,27.70526851340778,102.92969076584203,449.2096786274084,3289.7187335281887
5273.986137105331,9048.125205897699,23.808820013172546,108.49057936428815,285.1879383881622,2687.7774638137703
5974.1830636670165,9943.19873034871,39.434703049278625,150.18815304775933,179.4811242208134,1734.9529730057207
6914.004296803498,7411.494693364422,83.92620061980678,213.14306071370567,79.7801608151547,1306.5634847472677
7873.280309259508,9818.312438217603,200.07131995815095,192.79740801755688,19.511720479348597,1024.7015580232153
9143.780777500751,8846.660047974397,237.9051189520636,83.76927275401856,0.9237201884323074,779.7464180842569
10709.399953077911,7913.2417618038635,404.31123493779006,77.54374441481042,0.36144447448718214,1008.5988030099834
11319.591508754285,5725.87839837363,562.5016081460045,127.88007991160497,2.33438629414566,1362.633681475636
11167.762011508787,2429.2770121024937,449.0664647808019,51.283948924868376,4.031170766108442,2362.9853088517643
76.63588808437211,1723.8247695499965,67.47486456035539,37.33332704625926,7.49752360006149,3336.7522945931546
121.47245805748727,1818.8715060211937,3.448886699238924,22.186291271209164,4.991252319453744,3156.8815548146777
33.090506668874106,1832.1415473778782,0.0,27.39091548410487,2.6583950991681573,2706.6829698293386
26.631195884062716,1331.184926173439,0.0,9.387427762084947,1.173303342751922,1830.0232242491852
15.081572558809528,1272.9554023385242,0.0,5.1643780737022515,0.09648761155141247,1394.8413840393748
11.431594234774874,1282.8980630912417,0.0,5.317117529957028,4.042677244604313,436.85942843046985
5.3780905991705605,1296.0573583838454,0.0,5.200436880527667,36.01032199273797,41.3761400294597
7.392522016099147,1301.8392054949784,0.0,5.361153517290875,85.07396108705538,13.464832100606763
5.894113487904753,1303.5584544314486,0.0,5.183948807952394,159.5723116219464,2.5078978924730206
4.73381523832649,1311.6575576694288,0.0,5.386928599831697,212.26829269385473,2.517798159986299
7.153874441259258,1312.2104384148658,0.0,5.174184250886589,216.83006936569066,13.551648022753714
328.72788289906117,1339.73715547663,0.0,9.520598271739926,189.15747126029262,391.24362128971035
1936.2674343124845,1274.9947744509925,52.63849163210694,7.34047325148517,111.92924683832582,4311.152529924076
4095.669436520372,3354.431224893491,6.844685282249828,30.55899045885181,84.95055149829751,4640.925462696463
4904.851769320697,4954.624109832493,37.44940792237174,86.78923067780524,108.12827906532166,4217.654016907164
5548.415101434381,6402.264257825018,38.866318716424544,101.01492697779717,112.08963622826099,3222.780923476383
6254.981846386901,8899.597467773148,38.12264924929729,106.61398723093035,98.27813396185213,2639.0154494663434
7147.444142232383,9802.453493540153,63.03331137410977,147.9342871782965,72.40301944575705,1707.2324324752533
7883.081742293208,7316.191519363507,65.15840669640475,210.2679364875722,61.250902769176875,1288.663087549177
8633.52269848675,9695.210200568801,92.55138238273244,190.41441543653454,49.90147465281281,1014.6594767020272
9464.663925985515,8746.573172094857,85.5399874538768,82.9687012515908,38.998574650351905,774.9734832764663
9984.948103726309,7837.215365508816,94.94837594382673,77.0144789496275,35.97381571469489,1005.7520438079404
10366.188537391208,5669.170330081121,127.06763299174837,127.29164580038989,27.606712000233824,1361.7974894005622
9268.970424960953,2407.7473182848544,118.29075684616694,51.170683152121114,14.907160483137625,2363.744448097708
40.77005396027329,1716.6570450871288,0.035235941489293814,37.31715787653959,6.430399336052454,3381.3828973817663
71.91946807106747,1823.1172222619005,0.0,22.81921078191612,9.221813907583764,3236.2318095128703
20.612498965593513,1846.9497131542103,2.4694531804505365e-05,27.69441537106341,20.213446572288376,2732.73285195754
19.986861182830836,1342.3825614989903,0.06265083614272417,9.311531742575358,39.06473971880761,1840.7497387917629
11.994425723135109,1284.022064660753,0.0,5.273466794788394,72.76237374608135,1402.6882138256221
9.382146092746893,1294.3574625069734,0.0,5.282410355770084,122.32982191550772,439.0292081065144
4.302499213922878,1306.2695353360732,0.0,5.2131169140693085,216.29757505157195,41.5008892523652
5.541599945794859,1309.2888867223144,0.0,5.31375820592963,301.11934696979034,13.488931729696976
3.849735536677906,1310.706069593056,0.0,5.203016970889945,362.62476290687084,2.5154179237473007
2.26428529662883,1318.4317749404552,0.0,5.359284163746457,443.99090669043863,2.523646306800617
3.5344100987166143,1320.6991110461604,0.0,5.201008333008496,496.85000151287227,13.567445456222423
3.3107247479624102,1318.3501759754147,0.0,9.380085756325197,461.0978202243829,388.9807871495366
115.8673869776542,1297.4211051401858,175.9966134941875,7.478580637803578,285.9496081264822,4421.860208888006
659.0115593969626,1315.4207293699717,23.00278118176116,14.74034809084604,194.1750790370631,4978.285160412673
614.6197807920892,2451.3297133123065,3.002165953272623,22.136488078974228,166.35544863333692,4483.585375672497
1337.0513645266344,3553.4737047800554,19.957598347697058,37.21461475743472,96.5011695323048,3313.41517672993
2245.21068186103,4992.922227666111,18.31995853449802,31.015185703880213,42.53417542158056,2685.1264425069844
2531.277842210127,4933.006418237904,4.338408427855266,42.104473196191144,18.735039673216853,1728.8948318902715
2749.063059893437,4811.617268523408,1.7012355105902852,33.476977085346675,6.08500618442778,1305.712792746268
3040.853377034124,4790.436576043286,15.940629042799452,30.30785667980555,0.5284096232184895,1027.2120452924555
3390.6735869714093,4759.448262197501,8.969694386681404,20.753327389949554,0.1755406255738211,783.6665347429948
300.0151864186426,4882.605922510829,5.60254130155644,17.26363781802352,2.614727210901166,1039.016500358477
568.1277613416697,5036.682985497379,18.814264229237732,19.51189048049317,6.247838887709078,1438.334575109266
280.02914542382274,3416.0338087462933,25.873011125348622,7.625717107413955,9.744115833467875,2498.9448061300955
170.47415141819067,1218.9236407531941,0.0,7.379049744755345,11.603551533116512,3477.488834028575
126.8764742120823,1215.3201048399942,0.0,7.285229312700786,7.689255505064587,3188.7018449328234
36.437625882719985,1236.6495049151636,0.0,7.675484698086753,3.153566462358695,2701.0767330478425
30.490910201395202,1257.7315409929363,0.0,10.641196216550268,0.27880953160234456,1818.1508885434862
17.529725707344507,1265.7301688342127,0.0,5.181711870890702,4.705726445741421,1388.4692424491157
13.502115500453023,1280.0658370704236,0.0,5.27301923367788,41.91563795680915,435.4730568414942
6.8667718045754205,1292.45882388451,0.0,4.127455734168818,114.87961238901475,41.268510185715925
8.671128903995385,1295.9229085101426,0.0,4.148424529835237,186.19864875490717,13.428085801392468
6.743554810311927,1297.2872409453491,0.0,4.176192311162024,257.3095030078554,2.507833531402026
5.064047438568053,1304.4038197625707,0.0,4.026368652328887,314.0758315219859,2.516572421474055
6.719768042096113,1305.586799437022,0.0,4.309441622567113,366.40394487970553,13.49998475822132
6.259613055235753,1304.7357945163674,0.0,7.771145159771429,345.3085419385195,386.69859442562745
138.45855505793747,1273.8879004783598,0.0,4.063459882931873,205.65097488311392,4341.069018465047
237.04134848450184,1226.9945200215675,0.0,3.813976582156363,129.54954448739562,4790.6830966234775
292.44294357184845,2147.2518994987854,0.03712686033131444,4.0948436717636865,113.73212114973155,4390.091665855132
345.31756549485544,3326.349589165286,0.03979573689043243,3.8217208878089144,50.8467389536083,3365.8163493086845
386.7724603594912,4763.4573298190935,0.03347992882082863,4.060570907707726,10.792232747212584,2753.9756465107835
395.10471533275717,4743.904254090079,0.0,5.925730440190337,1.9610784996438098,1781.729502407839
411.53019232925055,4719.215175421984,0.0,6.2259482828788375,0.09055780380047822,1348.3310253911227
418.3015024987016,4704.706519462736,0.0,10.20985831744259,0.4153252223796719,1063.6699472136913
475.211367260834,4692.535853568978,0.0,5.998338384043712,3.9070237377264547,814.179423018749
549.7176253320428,4678.24794368353,0.0,4.008052785593446,9.056620249259103,1058.2715383188358
565.537415915061,4675.5813757799515,0.0,3.808210732411631,14.407366134211156,1436.3287622842447
271.3419018696064,3287.9599334118066,9.914565845033017e-06,3.976084635212774,23.02771110060927,2515.084767833889
149.15138337123713,1215.1595780934906,0.0,3.889041259891675,23.64987706781529,3494.3442434574063
116.86083777070594,1221.0938328769862,0.0,3.901413690639639,17.273727216404822,3186.575527665871
48.550420648033814,1235.976499197672,0.0,4.066267403005919,11.807827315916558,2691.0679848961818
34.48634053540918,1252.2655554094044,0.0,7.603973502997941,6.94526186388558,1806.5331458464198
19.78782243788644,1261.232976480715,0.0,4.091562985341642,2.917040613903692,1379.1875445349049
15.491039708536123,1267.2797426635782,0.0,4.032476440148013,0.17620449926317006,431.4567939621635
8.124804938643358,1273.3791709576892,0.0,5.306167262779496,7.850338806413293,40.83640351293276
10.124961586940039,1276.4532276152045,0.0,5.202250570870186,33.43956455231105,13.307372808256956
7.807054787974208,1280.2634376182962,0.0,5.275221332089127,64.90546955049854,2.491575243203811
5.736528617568685,1289.3875619285354,0.0,5.309911526476201,95.21862641450402,2.5034997404615114
5.728669531838695,1295.5575067581162,0.0,5.226694272601932,114.84203080626023,13.424428719537241
23739.82939902754,1373.8949455558081,0.0,9.696002151231891,104.32744208048086,394.1168124236517
119.00842668983678,1410.1091521594478,31.091666584862015,7.904284136386639,40.15056726403508,4467.593818552327
640.587929552009,3599.0651438837276,0.02119608463214042,32.02623264417174,10.344863981550214,4799.468576041732
1135.969617849017,5055.47460476891,101.64808495346675,88.80088014553746,2.9138068069637875,4249.318892120325
1628.677819681357,6531.6306515123,72.79165146414334,102.54650888879598,0.22835592177843814,3233.1050338217888
1994.6476847622848,9034.006318406686,23.53277555852653,107.46715871834446,0.6098710292715561,2648.5166721162377
2396.7335066376195,9941.196199531712,35.38982652134264,150.25657215078738,8.602044095576401,1719.347124720161
3083.94082789363,7415.602189556978,54.605208874657656,213.5516456885614,1.740382278178118,1298.434439277714
3673.922995132476,9815.572873453488,61.71508927144251,192.99215525373234,3.5223725774596755,1020.5806585618192
4259.76342004494,8853.248199870117,48.52020574690836,83.65948572988044,15.448721534057286,780.4079906398114
4803.447401054317,7927.600415470827,54.07163173792904,77.74744266562365,28.321275544839622,1013.8624320381076
5355.853228899211,5734.323985091577,77.73005769573864,129.41934294775646,18.3098598547347,1372.2384517571675
4832.888475742708,2430.7062262028608,80.65543811097432,51.62458397330863,1.7787789226620176,2377.333893048052
46.68523318368525,1714.5024003794074,0.012159624344795979,37.11972050732258,1.764324217005231,3378.415644523679
110.49445020568606,1803.6849115435675,0.0,22.310545855940493,8.064126530599804,3192.090505519925
30.97396004118019,1809.2238888455136,0.0,27.30515251974663,2.0702637688609533,2684.0608433443786
25.583879776071694,1319.2161852996944,0.0,9.389922835784803,0.6884876270386499,1806.4908187330957
13.942883618780366,1263.1057088864038,0.0,5.297141448925027,16.91867421243112,1378.5454905201689
10.403087106362213,1277.2420214901579,0.0,5.103102651041288,57.715364415196554,432.7450254530623
4.888883914953468,1289.0695490057885,0.0,5.347274311099676,122.92739154851184,41.029384650889455
6.652290866809749,1291.1142969327416,0.0,5.133128441657547,165.27831073523106,13.359948905712034
5.530366959363661,1289.4419700222215,0.0,5.36277443388628,189.56112913155306,2.50082199614692
4.408318306447614,1294.4839627124807,0.0,5.145704646549505,216.2516382389538,2.507061562842319
6.735589315689276,1294.4018146033904,0.0,5.3430005347960225,241.35293402647198,13.397530800337979
5149.317969972377,1354.113564205314,0.0,9.265538552856132,231.02694088339234,389.89129001532234
516.1858886661287,1309.4399113328282,41.41715487327873,7.692189868481462,123.47381706545805,4324.058529397097
2327.9703011649895,3363.01589907946,2.1360894298528543,30.374788664908372,74.23874480817544,4638.066513181771
3459.7739828405015,4934.465485271467,89.00579205890973,86.5178726775245,49.43741310287241,4176.542304300361
4421.967401321318,6380.079390114954,219.99210095318276,101.07136750129165,8.865836829493333,3173.51201916552
5276.784428873415,8855.930614449382,217.57540151672038,104.59293646210132,0.14071351731787926,2586.578756027323
6242.0426649929095,9738.433267664983,319.74465036459554,146.4246801932093,7.494414419302395,1671.1155731532147
7276.6617177089065,7266.4545999218135,280.5979965053651,206.95886061776244,18.045880905199276,1261.5283419517073
8388.091653345307,9620.831253719189,461.8394930667442,188.3792469470423,30.472588395271167,992.6495943468012
9841.05896558782,8689.1273148056,684.9339799749288,81.80262641654102,41.117780336822825,757.0894816608392
11378.306965965932,7791.7542191423445,1089.6364449886978,75.69902060163717,47.0600975144542,980.1068554261694
12286.74074612914,5637.957748341686,1463.5165973708786,125.48997289987227,59.683392773810645,1323.6770193468471
12344.76402818192,2392.468783720543,1264.087205049581,49.86247060112359,83.92546396605465,2294.3892628320496
156.62213236234592,1690.140155473733,301.3007032610531,36.4751816270141,120.06857957407964,3219.9327565516683
244.825410600021,1778.5924658076767,158.895747081088,21.350049053011286,96.91622392398791,3000.0297277675854
41.567339714506424,1794.35175423398,2.791277666381538,26.345845404358514,45.7054396782458,2576.199544013594
53.75920616243952,1293.6656969198748,0.0,9.116783592297464,23.775106574725907,1755.463644929224
29.71395012095797,1227.7552940909288,0.0,4.962709087282375,11.948156253188358,1341.7814305359022
21.811926970839583,1236.2168285490868,0.0,5.209913509899484,4.196216311382636,420.3541167094978
11.781779009155763,1241.3517489170056,0.0,5.004911902235251,0.8533330177636054,39.85100673788207
13.658587928755498,1238.6243690644903,0.0,5.264727205908809,0.039385502502531276,12.974136462123242
11.259084153280993,1238.8612547099135,0.0,5.018623277518108,1.8890451001865758,2.437558412496131
9.446747866986103,1249.582314698724,0.0,5.313554691826659,13.434760283729025,2.452622386558366
12.596744929127265,1254.43347634587,0.0,5.022326431623296,31.222051324915768,13.117401221879042
533.2668760745479,1304.2071970927325,0.0,9.442011305262001,35.999707694203295,379.466498335327
1800.5938114631801,1245.4887617825996,0.490181188281035,7.337022750205006,5.536736106355284,4165.9771792848105
4566.287908586708,3230.991880400815,0.7507906553498055,29.215452597579635,0.5383811064418119,4440.936720911532
5775.816097803012,4813.258383713237,266.5403504619736,84.16788338548406,1.7951385638321247,4055.614687968058
6905.366559575654,6259.68246408263,427.32436472437684,98.12433483128923,8.328620328947654,3099.9822046541776
8118.0773648040085,8713.668296962927,560.3545258454262,103.48228981989652,23.13270394443883,2533.819477223751
9412.478193705792,9603.156160261693,891.4177164512323,143.39338026188403,38.25334383658042,1637.2967529356226
10597.043830522283,7166.080563723013,802.1418364609372,203.583599436624,49.159852530098604,1235.8734839401284
11860.220291259302,9502.958730259626,1362.871841471008,184.55154660815177,62.59734400836503,972.3842283365108
13380.779064103246,8579.80091407577,1695.7450689732811,80.27264250111095,73.46591535203873,741.5155584692403
15227.433002972384,7694.410339302303,2412.9191983399123,74.55720212401414,109.59076457631312,960.3525588507035
15994.68252020219,5565.809028355209,2871.189195728601,123.33687255612747,137.26148978530284,1297.096267365037
15324.896310994664,2361.631035462288,2320.1167194936565,49.47894774333897,152.80639900237858,2250.269814286495
143.834935774205,1677.07455790393,695.9702471300869,35.41908652284661,184.70745957936361,3152.9027119544317
218.5824565747112,1772.000811617333,322.2263316243456,21.09788113090537,159.88612184831138,2935.187317715164
79.19810921636734,1775.0216552383567,11.781759554527765,26.184006469830123,87.5496306491275,2522.9588762586027
64.1437665782039,1273.1259563034455,3.457239052954659,8.703418888287747,42.443671099356436,1716.7721888751287
38.3047364802559,1214.2112814188783,0.0,5.134574414549524,20.92871713657532,1317.8343221149241
28.87554500597298,1218.4198201615068,0.0,4.868475751006724,9.993224226171504,414.40662802583284
16.852665747356124,1223.985554633103,0.0,5.199967083271349,4.223037842260178,39.24406902206501
19.555692546431533,1220.724198802116,0.0,4.9106340522648475,2.103650547545028,12.76058628984727
15.7390008384626,1219.2160078370098,0.0,5.235975345055527,0.8195378188118897,2.4010782008367046
13.077732567944278,1225.1938910473652,0.0,4.954695255328026,0.3254572312670914,2.4143311402873886
15.019871984402231,1228.4184756711152,0.0,5.2582699344111,1.2631440978073174,12.889246168600346
15.907822691104784,1230.859115170863,0.0,8.988835100444238,5.20361637191641,368.78834287525495
2402.4352840608913,1173.0327452464155,2.173185177577651,6.970522007207878,1.264662303688435,4059.2878813881493
5167.381889144959,3194.8248117262924,1.082494677421726,28.911930767742085,1.5175147124642225,4394.8327787289745
6234.80550345352,4760.116399598181,96.82508144651918,83.60862536733936,12.358361833155314,4027.4899488063897
7390.299926445947,6166.814492990451,121.81358434607057,97.3807021829913,5.688724772268844,3082.111272917415
8990.186921815646,8572.860061363164,240.11953068189183,101.55880747537448,6.932654944515536,2518.274073021768
10272.610722204925,9473.195942391938,690.0843659529033,142.47664513867522,22.376215910062488,1625.377599414599
11327.622661799003,7088.566039723012,649.5884596171278,201.64400470118173,29.423037271180412,1226.5477234296582
12182.135229348978,9403.648086344698,960.7418897873832,183.41419637138276,32.10225458868822,965.6351154128336
13686.481097746631,8501.089034909872,1474.5661015563912,79.67926003766526,46.591225588121596,736.919861859326
14742.35755821466,7630.867131876465,1850.471931603012,73.88917998548385,51.29356964642995,954.8801911559005
15517.981915375849,5521.895719138364,2060.5685833519237,122.64970052818623,57.980011143979475,1291.3226420621088
14163.358576271836,2343.3085205857956,1627.594002884693,48.79369871291757,60.958534075576154,2242.056391180719
87.84761000694225,1667.5562505952084,278.9278087771501,35.951286512836326,69.14437096642975,3156.5605933388892
146.1826357753449,1765.094496550924,76.0162611413975,21.13232428765165,52.68521081210897,2962.109988061653
54.08808484695603,1768.8517238102804,8.58015662428281,25.982563668152174,39.72489174549774,2539.97331053376
48.84034644173092,1273.784257437262,0.4562164155898679,8.992394413416953,28.860908482698058,1721.7716008592447
29.447119982699654,1214.3232986151356,0.0,4.8967812005021365,17.846240450086448,1319.3784875151546
23.516387761921283,1220.959381773237,0.0,5.138685472490941,9.974326645287826,413.6322285029396
12.660321928732479,1226.0291452689437,0.0,4.937377603179448,3.6616200187649266,39.1927019348998
14.715628144440021,1223.901318921739,0.0,5.209879728620117,1.5894735898569043,12.766355025925893
12.193361244755048,1222.0671012012338,0.0,4.951136860206151,0.6321877925567536,2.406355776712294
10.25236239571674,1226.9247226643968,0.0,5.267983633666716,0.010171520906759829,2.419788298261463
13.415454308155681,1228.2935072289372,0.0,4.967072468420089,2.1594089322275987,12.891060181855591
0.7554617581341864,1197.0147198900843,0.0,8.909396107290876,3.6136422790166307,365.02537041323745
2340.1754280730984,1135.6519381087164,0.3595959956276542,7.090694838110812,5.439012084705538,4006.5440834722635
5160.049973165959,3182.0854758103496,2.0304011883122213,28.78544165730901,12.113261356815938,4373.441542200665
6194.957534120792,4744.166179315242,95.44693219684511,82.97244381587822,28.31178283329324,4012.8892965904747
7083.220622038146,6150.434334260379,150.33110729665023,96.73539656299776,26.342399679159993,3070.039038362253
7853.831456683422,8560.207568762047,158.11748568468317,102.16091057603256,31.55131151578144,2513.2237484306174
8568.826746131484,9436.784433156005,198.43648596010644,141.59504355986763,28.866078827375283,1627.8232393320836
9305.166575281271,7040.529212779533,142.38014087867447,201.43100603966536,18.80257355666785,1230.5453437802944
9925.86814800999,9338.125349696986,230.66369174280658,182.6438882112283,13.078826000740213,969.5587131035844
10543.626780641134,8434.834994099927,224.94485715512002,79.42407321209029,9.934979989298965,741.131616200191
11159.200493380386,7563.387643986867,242.02865661353172,74.00897740686234,7.493810517433266,962.3026212706361
12260.035742919847,5467.767605275312,317.2147067720946,122.7074776730326,0.0011234850365815297,1301.6946191375062
10768.645996904843,2320.7924206469465,262.1890031255581,49.177334989158076,2.457416757414244,2257.9490987728545
43.88679491651067,1656.628196130267,3.746457856981819,35.70372092178422,6.215100395086199,3224.9559600781063
80.6223068176574,1757.5385447825363,0.8140699827341886,21.667318634400356,2.679665673097772,3069.876044419055
24.49381224367442,1774.5423506939571,0.0,26.774281638044016,0.9327113347840971,2606.2289717072586
24.64517806345027,1284.9684500123133,0.0,9.087253855079707,0.27768574378030736,1756.3307744585109
14.286356019980081,1227.3040014539815,0.0,5.208890897589821,3.1166573063490355,1336.883928369431
11.290424568594036,1237.9551284880297,0.0,4.983872510563859,12.379099990084592,419.6998516142619
5.472900956088677,1248.3788626287187,0.0,5.256703084110323,28.282667762664882,39.87249607639737
7.514578028364367,1251.2051649278249,0.0,5.032297821225979,47.893592142660836,13.007768188997446
6.0389039505330535,1251.4414185783094,0.0,5.260337415120324,78.17911153969534,2.451420174034274
4.849034670545326,1259.3104271562931,0.0,5.049327304688633,111.83281348435877,2.462171686378535
6.783483596729143,1261.0816448280939,0.0,5.272275040149868,133.0274249192656,13.085832182048346
1.6426586765254192,1284.8483797124247,0.0,8.96017172344005,119.09904331218408,374.5941268480042
163.42323708737584,1255.2660560428858,2.6408668485491544,7.5922952386076625,26.664294374361404,4204.647235911822
138.24770442146425,1225.5669656273515,15.984791022516175,13.85063454613931,0.1623823884134487,4621.136575556401
1008.4645482722965,2305.8260495670092,94.60616799652647,20.975116571361095,0.5942334451698184,4172.287790722414
1740.018578111003,3418.4312248029637,113.44958341434418,34.97107075048209,11.662620455491398,3120.319514668717
2711.001255084266,4818.656525592607,89.63421428494753,30.205616773049886,26.333160634070957,2549.1343640071455
3089.08874611035,4783.494822146053,107.8615084126604,40.48467952820956,38.742459129424454,1647.932071438332
3451.9134684895557,4687.573125565205,128.28399211201952,32.17429386596471,51.4502240619428,1246.1649979788938
3868.9155269270423,4667.505681951324,126.35899767272896,29.743559783439466,63.88995309386469,982.1169700133746
4413.368626721948,4624.64734232631,63.12391886052105,20.124251103618157,84.90689201918757,750.7886485996441
419.70799354125893,4748.271634195791,110.26066685598465,16.712879493537315,133.76619269487793,990.3931696574464
771.8257415445566,4914.81053808583,178.22060175115632,18.793546041237633,214.80679658405526,1360.1513612057129
455.82403981811285,3326.715708645987,170.62922903367038,7.055487895294315,345.71343381108784,2366.9747664176953
356.16615835552255,1183.0147324444617,15.577177458011578,7.222701914882813,470.86408111411015,3286.767001030905
315.13872388827934,1177.175995330488,9.56408623723606,7.214306656098656,460.87315454951647,3005.158240088533
100.44950784670009,1190.02559952541,0.042274072343036935,7.102239806027161,338.94269605793176,2544.2904091383834
79.52343915683224,1203.3524968583372,0.0,10.262504082407055,164.5260684715968,1708.9380707725606
43.6597105586348,1206.3905984488379,0.0,5.050324068709231,45.53524000767603,1306.1300397918992
30.492015955280955,1211.1762395627138,0.0,4.978138770385295,13.633831662212021,410.02961644700633
18.07340277933559,1214.4761687679663,0.0,3.928055953355453,6.624392316769658,38.91182142800861
20.913977100198366,1209.865666979197,0.0,4.081138862261833,3.9259783928396246,12.64915703763688
17.752366335115173,1206.9060433547656,0.0,3.867503222377047,2.4037022620377404,2.3887938991808255
15.94892710012454,1210.5043351558465,0.0,4.17616524926132,2.3578118441508664,2.39617541435714
21.82362623115344,1208.8143917619402,0.0,3.8886870432195013,2.446009033626867,12.687006693347518
23.693204656909636,1208.1275483485913,0.0,7.512993502511728,3.6947798174985937,360.43870624763787
275.4123306700762,1188.3579702056418,0.016525148754659984,3.7843789297230734,17.477890422329267,4041.52584595736
423.17848362986666,1156.8719490745225,1.0974687591772059,3.916688903412539,32.95115474855663,4487.647985078329
476.45424415477373,2035.8528017219733,5.074917968674866,3.697131679778783,33.651148185148564,4121.608099070472
494.8404085539397,3176.6278472426093,1.5773310952332933,3.9027173151982377,29.0255865126906,3171.3652137341214
490.7773521967109,4561.633358082995,0.017784045206148,3.7427631098947356,23.947678783477485,2614.079902008407
520.4715511434235,4559.112314274913,0.0007591495801750908,5.986942401832117,28.728000138042812,1700.8898262779396
540.6718208721309,4544.493509281625,0.0,5.7793450316211175,34.2201499202975,1289.280385757943
550.7199942509303,4535.3290180498925,0.0,9.943666213505704,33.90022908672037,1018.4264635154974
615.7260611347823,4523.546388566243,0.0067075139568113845,5.993370190739153,42.89435351381437,779.7249392507854
688.5873284442484,4513.622028865177,0.39232983608599103,3.7681199055162153,54.191281977978264,1013.7718667490223
747.4174855199059,4514.633659355779,1.371358696403319,3.8103381276131953,74.38126203895109,1375.2199446563404
423.1390528454406,3173.432546362874,6.93336544211774,3.793940568674437,113.32246539280766,2400.1250992908917
309.7947380829698,1170.9103023564523,7.739957979770558,3.6859872178536444,148.88111120980844,3318.434008151929
269.04000129452476,1170.0691370460502,0.8341786904057329,3.9488339262891667,127.52734467972802,3020.828045381491
104.81443427910082,1178.6861030141965,0.029896278979686455,3.761892440779918,66.24117295497095,2554.2768593379383
71.19058878070018,1192.5375125531505,0.0,7.373572630714366,28.72932791319094,1717.5047426276617
39.57765411795674,1201.0733867107501,0.0,3.8662279197604525,13.428409691281779,1313.6384829697683
28.833743835070774,1208.1110343559642,0.0,4.097786924492075,4.527117225608345,411.3163270230381
16.74513173525502,1210.7205384186123,0.0,3.905258314741213,1.0095904217302742,39.00272664656039
18.016067127513004,1206.4731425664445,0.0,4.101312175969381,0.06149522683762689,12.708187014443501
14.925529987572205,1206.3544093610344,0.0,3.937219732899223,2.183367711349388,2.4057527271067998
12.479002518269553,1216.8536220221627,0.0,4.13322103860677,17.07616688677774,2.420929486744363
14.260895994338364,1225.1907662870667,0.0,3.9791769505442245,56.37252858889871,12.864513202438326
12.536552451738116,1231.5595371550346,0.0,7.563402487383917,71.64265660546815,366.84612640275486
189.9889965730689,1205.5903813099405,0.0,3.873426363143668,21.431924068106643,4110.010875949379
306.03466840787894,1161.3571443144913,0.0,3.8713127372373264,3.2260855884500144,4525.292350100746
367.5837149437069,2028.3547117699911,0.042375534234765144,3.7568287890897665,1.1014594014284518,4145.601126887915
424.34099820704387,3162.7606630192968,0.9868043872979052,3.824479043702596,0.8401908740060908,3182.020651518823
474.5768660248081,4548.325497648389,0.13662945111897998,3.8127489710885722,10.446889166175815,2612.517586490069
512.9314700137459,4547.156058435283,0.011656749647261988,5.794470258924251,22.351172382694195,1696.6181666972384
531.3660928175034,4533.114724723792,0.0,5.961377536101533,30.367514354533576,1285.676288997567
556.651677522937,4523.7543249724395,0.011654364273025346,9.892990375911394,35.54687109193213,1015.262149791174
619.8273488897464,4512.651658679485,0.26635622694626726,5.777282636348268,43.08875779596475,776.6859718101614
687.9527624735299,4502.853050708932,0.5297850582240589,3.9322430282756073,54.25012742914743,1009.83025408375
684.0683235048867,4507.085867363752,0.933285774964845,3.687447836903887,81.40695079364359,1371.471504030843
405.3017295604443,3167.2868229074875,2.189598719664044,3.9096073259365784,131.14696650512093,2396.3718168457513
272.28057418911465,1165.581706385438,0.7331237349896984,3.7448243349382166,160.81218737003752,3317.86083666291
219.51129888718012,1168.7222739923934,0.028082623163777826,3.902053626505333,127.59657221230385,3022.305049869293
80.6904312587323,1181.2505010927946,0.0,3.8329109592624224,60.473622714901516,2553.965801914391
59.4541236310467,1195.9057952068995,0.0,7.361547863195433,24.00059807548264,1716.160698619156
32.493656322769986,1203.1293571880703,0.0,3.932129343866384,8.93433061378417,1312.0902828946569
22.763914442638722,1210.3098649957374,0.0,4.033128147383977,1.2827371896814335,411.2272130087426
12.891812246135045,1213.7138865813079,0.0,4.992946921539135,0.1275557533857831,39.09476736231195
14.351811531103737,1215.4884344077489,0.0,5.1252618850312865,24.469965723457058,12.770508319643042
10.868637131610088,1224.1700033882496,0.0,5.0195984176038815,104.45381198563469,2.4302736003314096
7.259366058342547,1238.390402674259,0.0,5.170580149200633,211.98977623359076,2.449801218022579
5.88163249408728,1249.3255899202084,0.0,5.052911180464702,325.30100473819476,13.004370646906764
35112.84744377222,1328.8580709185476,0.0,9.442256789024215,323.55398306392624,380.5692740038397
822.5570868168379,1391.0788013268052,101.08917128432041,7.810671060088429,125.17388300576543,4324.791836155812
333.3781916264977,3573.231813858519,0.9504323685428607,31.498170294168276,17.45883275477278,4657.046237982777
668.2241530420171,4942.7718889548305,225.24311653731002,86.47853742449642,1.81944794622384,4096.5681618117715
1051.648971978036,6412.371153982744,283.7327861285531,99.72971468896594,2.6636807195804617,3102.0047701390604
1570.0508393725197,8884.498882153675,299.48226948794985,104.1350224423932,23.994544077742773,2535.9997732753654
2208.056197669215,9768.303645525137,463.33927514651435,145.56311082720626,42.48835202332433,1639.2019884040146
3008.3640734686173,7265.013065227515,427.7082763084192,205.41200996132366,53.192265929458465,1236.2487378146625
4019.3084173762086,9598.679000575617,698.4779406276688,186.3213782421329,71.22677489694912,971.8719624368374
5342.838743322843,8637.64642356432,819.564938972595,80.64461185687472,113.57667653319946,740.6572946899753
7007.050051278852,7732.429314065213,1553.7678123590263,74.78022956320466,190.5187234281318,957.4914315136349
7988.922808854064,5592.408203349752,2337.426431148474,123.53529997793822,286.9475444050397,1289.9329782331463
8897.289279247312,2371.5222865789224,2161.304502113732,49.16589397302344,409.5573540723372,2231.7137433349226
260.5866080851817,1661.9861988209318,760.9399327893462,35.53892322234102,557.1102493686416,3110.4253332542817
384.5842367756433,1732.7668720526187,570.5372097192067,20.7403620442552,531.4293121331809,2865.6511270643496
131.27390121242146,1736.3141797329486,39.25942898784448,25.168846112745438,345.0262644990742,2445.639624690165
93.69437462423859,1245.3846502837432,3.6925976758230674,8.764473080018979,171.47680191742637,1660.6505446892013
42.09671655597782,1187.7671480949423,0.0,4.848336520767152,45.47446043809696,1277.859125205002
38.03500745017078,1189.003027060404,0.0,5.006704225853888,12.832492552314417,402.4219123215056
23.481569022405036,1187.2574122291903,0.0,4.862739316391076,6.180795127439932,38.19605767305338
27.68170652801561,1182.4031266772793,0.0,5.033779595807294,4.615071242794026,12.432955028405722
23.61848591265755,1179.7313153680943,0.0,4.855338642176702,3.0345541213109954,2.3574299204508407
19.20246183788665,1184.3239570653193,0.0,5.07388160932788,1.3860579368053798,2.3663980905930035
17.244329003669858,1190.1014828638238,0.0,4.903035280978733,1.0002624615876632,12.543188385491543
3108.9542718026105,1270.8369365088186,0.0,9.254987349917139,1.9794997670346015,364.87924685490594
699.4213518365667,1236.3838392033683,0.4200234364798213,7.076392649403682,10.876670252407111,4063.778725314307
3035.593101142012,3167.9023521042545,9.420096182209253,29.03470122651124,22.340719420858214,4312.8085280734595
4369.129904911764,4723.139335621163,419.50883293482343,82.39999733379693,28.21779079822935,3935.429255785003
5721.3913204140445,6142.880404410991,770.9939785943062,95.79996791554044,43.425747414967866,3000.4290190237484
6634.715326451971,8548.828821592646,1152.923784864465,100.3670525799753,71.52004802479473,2448.8732449435956
8721.879307518418,9417.402117180498,1724.1393271059533,139.59643623676521,114.19210070996402,1580.3922013756473
10039.371890552462,7015.434629045923,1660.259000704312,197.86047594553878,167.95693575920635,1191.7010760479952
11535.358586682682,9293.005044253752,2504.120496690367,179.5404433979283,269.2369643730297,937.0242695814107
13255.480649497336,8381.322057303441,3052.7098419745744,77.84562356880029,373.22252541864646,713.898664128744
15070.812151776256,7504.271605262589,3719.0912060845076,72.14931872421164,498.53075592540733,924.0060081944891
16204.12132977291,5419.794354099117,4299.520565434646,119.47281865107873,673.0862712638087,1247.543863191307
15779.039056817954,2300.316892928964,3934.492822616119,47.61373391767231,801.492223189218,2162.4006177471456
287.62967950553156,1626.7168972792736,1955.5238891636616,34.72110530360545,912.1470289347977,3013.7819593912127
407.8887937516681,1709.8479995014654,1278.79350438316,20.25341976312488,802.5892161941642,2779.6184668609662
139.69917567392596,1720.154589949238,230.71655963516582,24.693485193714036,532.3268192334749,2373.425151414181
109.7827170308554,1238.2971219565761,81.22848114166236,8.583571709259079,311.98953687868726,1607.6253999176902
70.3646626347598,1173.934568899714,0.0,4.706166246180471,162.50038163078497,1244.2745257131496
55.14009687823828,1168.4021515233644,0.0,4.9449008582986975,65.22862815554188,393.49436209324244
34.26069160413557,1167.7723212415924,0.0,4.769172934541017,18.95762208320524,37.3716388576464
35.20426875462693,1162.467701472843,0.0,4.975504763174993,9.49748117594356,12.205524163607818
27.71130255489301,1162.450291285647,0.0,4.781353448944513,4.738905132190925,2.3250903177641655
21.56696933562821,1168.8547441317535,0.0,5.024195005262328,2.009543676176058,2.3402117433659
25.27842471290287,1171.2753974502148,0.0,4.817695652590248,0.9490755134611392,12.367371853377573
232.99838810073078,1220.4410067958042,0.0,8.98632762158332,1.1625897524284343,356.2116772554181
2135.9435206911116,1182.0963067506016,8.535098058237875,6.93428898565277,5.399791868023324,3941.114299026192
5544.452731131025,3105.3561647516462,18.267538442270688,28.24714547851799,10.061725110503394,4218.186303351441
7639.385249381464,4628.320913021368,713.4563155369539,80.62399865571147,13.264461376079936,3857.442791167164
9007.250083028754,6020.050588660125,1128.022524044725,93.79503004015432,25.079599408059487,2942.4790576659116
10377.669144000853,8370.290311035851,1448.1934433341692,98.23603763101418,40.92703649025746,2402.761753676353
11663.268941903716,9220.144144082495,1886.6469883653488,136.78892543553275,53.547866855573886,1552.4307667044807
12756.46753371864,6878.013966908825,1622.1730931261563,194.18228004196905,57.19165781221958,1172.7249747982644
13927.392114790799,9116.190360123426,2238.4176285968165,176.37482830083476,65.09941452444028,923.5520588083904
14926.168156501437,8225.662509973261,2308.8974054709292,76.60658929758524,60.1131788861952,705.1450288776941
15920.97079302572,7374.452158119794,2482.4168495694043,71.12859436937367,58.95542608779412,915.0470901621425
16577.375613459335,5329.231885941614,2451.9162328820744,117.87218790868175,63.18916871887248,1238.5726980327365
15192.0152180767,2263.5710293878315,1968.3964836648984,47.1273593036977,75.15672490551898,2151.797605567206
105.39997233827903,1612.0023816242312,590.3192337500197,34.72232721146747,98.29127577543082,3018.2302743949813
188.05418396202353,1710.595205304587,320.03059065982865,20.370139840331625,87.37591517803519,2812.244383064674
74.99590209503205,1713.3066199649563,67.09340371651128,24.881370611015047,48.65283512811672,2402.296691051956
60.705003491344875,1235.0259706221445,28.786676478285514,8.621611446356496,27.676488513509963,1626.1654813590885
35.225922061918446,1174.079138824403,0.0,4.758999951435843,14.688981606242454,1255.9293627498314
25.909501275586457,1174.2070421219362,0.0,4.964705194164267,5.964918932531729,397.89339249164374
14.355940717823746,1179.3574696061432,0.0,4.855667820682051,1.5245451571591444,37.87847677235142
16.499729839730385,1177.2706375175562,0.0,5.028436446593741,0.6267154627778877,12.386325972413012
13.754342087524817,1176.1215061760145,0.0,4.8716180142275585,0.22191813697092713,2.3605595452536394
11.444387272772294,1182.607954035495,0.0,5.081046160513393,0.8630389937223533,2.3732343787376244
15.17229593780639,1185.4975084093944,0.0,4.89069141381566,4.2284402356545545,12.513835014883952
12.720652332811179,1179.6756685198968,0.0,8.730124341056714,2.0841689434888218,353.6629132278718
2679.3240897994006,1121.440066591098,1.5831306163375107,6.705047965616834,1.386587308495151,3867.725261396366
6356.836641600079,3067.4241478496183,0.2630732734344693,28.13775765918072,6.248028576830787,4183.593236167435
7841.905802241251,4567.272309874688,260.7196681569602,79.76721071283201,9.991270787437987,3832.7110002210343
9217.306032090764,5942.1557343552895,560.661187018512,93.08245565352738,21.59414974902045,2930.3189201898344
10695.771762782038,8285.192005914205,1058.2004492708586,97.51550124637956,38.95296065347809,2392.8225525776575
11993.690163301568,9149.200167505312,1636.1060390568323,136.17623986940671,53.05706765555157,1544.9826957714026
13113.885928161993,6831.906433360296,1513.9434519414763,192.89179301526167,61.85124281532588,1166.4470913907203
14177.060758014472,9057.976711254962,2083.2491149315565,175.30941833261113,67.02845727703317,918.3464741062593
15376.551678757738,8174.694078442667,2312.9253835424906,76.28792795266703,68.9103414078307,701.0463304835457
15559.888459675323,7322.268171719674,1741.2909789141652,70.6522923986042,46.77828636455278,910.2534935499418
16624.902244003355,5291.073275149889,1978.153624939244,117.03397224964829,65.44588272556443,1233.3583448415004
15320.142113649476,2251.1372091138805,1924.8667485102308,47.07686058048402,95.89453399790769,2141.3830140649834
133.75378476567067,1600.50027386537,791.9702582241435,34.40774750177221,155.5078911163218,2997.3465739318704
235.2795253072321,1704.2984256272964,595.45527887886,20.26854440344144,150.78646656476468,2779.9878073320533
75.75823624975762,1700.058764914971,38.79141953207228,24.661492643145742,82.72999121286743,2382.7405841039445
65.50190671555062,1225.1535929156958,17.888296837093513,8.508169552114985,40.69789401895581,1620.8258526509994
36.446223222768744,1166.0434905595362,0.0,4.832691455592789,22.089586934714994,1249.3409136597847
26.046056050045898,1169.115907941355,0.0,4.930019459462202,10.148917884558228,395.0601345588391
13.637707073312038,1175.6098883318566,0.0,4.87945877530905,3.181173883702754,37.63684432391001
15.726868362066014,1174.1719574125887,0.0,4.99054732959016,1.2657125015740351,12.319730312445921
13.292604527216719,1172.7204097749996,0.0,4.896394264090856,0.7470288688490664,2.352976087840564
11.236783766294806,1177.993094649468,0.0,5.032837779378217,0.3454842024834846,2.363474532107672
15.201417049075008,1177.4346241098076,0.0,4.910787271488509,0.010994187927500981,12.418818282856504
16.817342489258404,1176.7278777297074,0.0,8.711119844629703,0.2604826179646328,350.8921673668667
218.022983214025,1157.6657805250793,0.6118646115207472,6.942608123922757,5.854617496499431,3919.620384871909
1.2698215646172142,1124.8779713255071,0.0,12.890840797782191,10.245753170087765,4385.60760646664
1229.7359588596842,2101.0895629479705,0.01743601615703876,20.119630581190577,10.899353681760564,4001.2794395987935
1914.108917776751,3245.5932698700162,0.08379289110668403,33.95947908804036,14.79134064635907,3014.457418665392
2906.1493025088157,4587.926203699886,0.7152642255901023,28.970890900606854,23.227375222785312,2460.743588945741
3179.023672593762,4566.615293117251,1.0752875317900392,38.87168169216052,28.008812078568756,1590.197363943419
3695.1851927172816,4482.246134579039,20.60235071342663,31.452751626123963,42.676684632580475,1202.4616529172367
4335.3380648576895,4483.059268617963,92.69951282192251,28.428333603538107,66.31655372327852,946.4408317029672
5201.632372233738,4464.208540922664,115.10590827479751,19.49337930660326,124.14441684882875,722.4425049544982
475.2470310526804,4592.272355579345,132.95359775395164,16.19760293314649,214.13863467466211,952.198907082608
762.3324016906965,4746.647744480157,103.75443836160089,18.20864662487775,290.76234633262834,1310.2299720442536
384.43193772789795,3210.8140376922474,43.61578387691462,7.06925443866015,350.835745318807,2293.241881700688
254.00537629568296,1143.6847639083032,0.06707203336599062,6.915812964868879,392.46143995914315,3195.5913895233834
231.49713393365602,1142.037595545413,0.1302816316674102,7.116260198072457,347.146562564001,2920.579349110479
86.96011899432021,1155.6662908497212,0.0001005122112064571,6.9414637998629996,234.8090389116647,2465.149901891018
74.53333616071916,1164.651349532771,0.0,10.028017076643057,114.59626729933476,1652.1845482558595
43.657575158572975,1168.325018003816,0.0,4.9860136016679455,40.36373538968313,1261.8716678562946
32.72186424500063,1171.9878707782104,0.0,4.819541690094672,16.544443899470462,395.6957536604131
18.179403206109342,1174.5621428020318,0.0,3.9870556706263556,6.676284924040291,37.62976169373423
20.596820864770425,1170.8158172968126,0.0,3.8839813115622652,3.2939227338353465,12.292474442217475
17.189556124188396,1168.2605643560266,0.0,3.779948797553708,1.8470826630152395,2.3482145959814575
14.498658149378782,1172.4746066120579,0.0,4.1004148085284475,1.100644214943774,2.3585640009611666
19.83662510372894,1171.4157690633936,0.0,3.812110498899717,1.158922018676539,12.361622938030697
22.037264939677552,1170.8809243564688,0.0,7.366494686386998,3.152788677002708,348.6349935747006
232.6129254103501,1152.46022524546,0.0,3.710369951869911,8.818002780618098,3901.928177761025
335.9576277228108,1122.3482097397364,0.0,3.8720809885762457,13.57079770792841,4341.759873825018
388.991787173517,1971.9269261743163,0.0,3.6273459558263683,12.40038211660129,3996.0532606928705
436.9073514520411,3071.7136649869008,0.0,3.8446460484338227,14.767854602213701,3074.90238622483
486.4892809889542,4414.85328894344,0.0,3.6719084082660216,21.57727495500828,2527.631283330116
532.4683222182474,4412.890279785857,0.0,5.86590875125829,31.095267200392772,1640.5961102888841
561.6070554531822,4397.673816993185,0.0,5.641272910422488,39.555452007037836,1242.8370439205087
588.3717899578342,4388.759175582799,0.01683414457297253,9.681304462319169,48.74618701618639,981.4202625055085
606.1041894378017,4381.347242029099,9.407379149561677e-05,5.854820485475576,57.62303290503969,751.6490030818519
657.5677990306567,4379.826442933424,0.10583169991421182,3.7074548086959327,100.75025075335387,978.8216808583196
750.6672065995419,4385.754191720559,0.33687956171946976,3.711583814406917,191.1465611072563,1328.0592699431213
428.5896260610572,3088.2868061641725,14.045778785468807,3.7740927715092623,321.5452428188664,2313.141912068738
328.95042052460826,1140.9132520433607,24.315117711445037,3.6338819090643817,470.95595101365734,3188.8343835070104
300.8701534525649,1144.3708333666652,15.311095691962032,3.884244151466769,474.26874739983896,2894.835897069637
137.05365825893023,1150.3198842299557,0.18911521984014742,3.6888242781631866,341.4125997995444,2445.7119408884673
93.75500728590738,1159.0070969348214,0.0,7.18987988901413,174.96771487164594,1642.6288048391652
55.78233312627801,1163.288156173054,0.0,3.7845981639720256,74.39533932480269,1255.2382010160993
42.19466683693989,1165.464006221206,0.0,3.996700949129596,24.467254608354306,393.0727016291369
24.865054818540138,1165.6106576978764,0.0,4.765877739226267,10.556341294715505,37.392564933498186
26.23808472342859,1161.371453910762,0.0,5.00222445405841,5.424377822531903,12.210364672675711
21.19477941740918,1159.8133692687811,0.0,4.78767643894949,2.7129215764311194,2.3380614106069157
17.190071202552065,1164.5251446461036,0.0,5.046648722932949,1.3259474687628474,2.349735647290872
15.251922133515711,1169.991865470762,0.0,4.836677986782992,0.8975183929220477,12.345028931654126
13127.820622447616,1257.5399474088329,0.0,9.192879914254963,2.131016658849463,358.6649902608179
10.320202838016993,1248.9347029549917,0.650375285247971,7.39778865415536,10.96813105761572,4055.6333893737387
1059.0992465305983,3196.190520129174,28.76649543741987,29.04100585920487,17.004517801951142,4301.927100545151
1651.3148223965134,4730.63931221698,336.0392209048599,82.24907967837238,15.572299405459427,3891.1375843206997
2356.2898976210445,6136.195403355178,419.50667979916045,95.32958032882576,21.518132160804264,2967.0633811527227
3178.3972522272006,8511.820436895932,573.7830719776216,99.76037688854547,31.875109617217838,2424.7009131557793
4160.915134467545,9368.968733188955,941.3659956462452,138.99817011664427,44.105576906293614,1565.8517049284494
5401.494263243526,6981.083018845154,987.7837826618843,196.4073601369326,56.21721881433191,1180.7098353493811
6621.123251319009,9233.457516145307,1477.528789748773,178.17169803020948,62.69221956329322,928.1122423627152
8240.659466141522,8319.951501855787,1895.4871362419487,77.47060961211832,79.71381752735685,707.3141085484104
9583.95305625535,7443.508895578304,2166.0758215163787,71.5950532280885,94.05559571690674,915.5904441509941
10394.467261133736,5374.232363824152,2522.6823588408774,118.10486432571346,132.80107912227393,1237.0970498744648
10568.861498362232,2281.2749520606667,2325.780585853478,47.58633726625053,186.18527824010948,2144.1939403833294
177.08305056144337,1607.7679219101574,929.2955717011563,34.12098720941842,250.47778893877734,2988.2124956541807
262.7462251003418,1689.8605791568827,519.5115403871558,20.274147974482883,201.1375996256995,2761.8804035048984
89.64678545060859,1689.4613482293487,50.91677845164901,24.600032808286624,111.89065409822851,2363.6053373024897
73.30779571425471,1212.601774735481,10.628773595185733,8.2793625054551,39.5480987923983,1605.8922103631417
42.00359566509554,1152.4326573039743,0.0,4.972651667882757,18.987161128395687,1239.03589383462
31.581502392753634,1154.5043933301188,0.0,4.6804739757970415,8.816633628540794,390.9029042591187
18.599989958398012,1157.9366308640156,0.0,5.032840168766346,3.0658479772083034,37.2137597196461
20.180423831918645,1154.8133486308784,0.0,4.722161770251683,1.1755187008143821,12.17882402233941
16.513838803805697,1154.0159315670533,0.0,5.0519692862718975,0.49808414338867374,2.3372125509889905
13.730027180722077,1159.1889850488044,0.0,4.767430339019911,0.03477844943743444,2.348578546548687
12.150271270297216,1165.6700034593875,0.0,5.108044232235383,0.6537021328316464,12.328957072039588
1662.5706249991574,1237.214996424558,0.0,9.009995038880485,0.48682763713016874,355.49992665264386
1006.6787820478802,1191.7430248122976,0.1601134902756571,6.894568301530186,0.09887248268805847,3915.8403451676068
3794.616318485544,3049.6265845886596,0.0,27.624537438005266,3.4274050527599456,4158.223654217625
5338.517294809657,4537.057987477736,112.41801464562025,79.62147624116547,7.017692378010421,3801.7801768305308
6679.648930958658,5893.715553877077,387.6592161946529,92.87661044315188,17.864190759606515,2903.991265209
7916.431140863166,8229.033901625135,758.2551222369613,96.74180438628481,31.173083491323737,2370.147457541388
9185.236261666001,9075.052671798452,1090.6408104647476,135.22917903154453,42.12065839133327,1530.6770249691006
10416.977765217709,6774.03902311979,1068.9301327900228,190.8351443307705,53.53100508417662,1155.4920964707626
11280.527535867837,8975.88886082958,1414.9252366453263,173.33705478846554,51.616836464462814,909.5858333869953
12192.967720181514,8100.796835680231,1472.7382237794345,75.5684693877427,47.81917610774379,694.7572283498429
12409.951911344942,7248.917173750347,1023.0056492939515,70.11578614657024,31.318149413573188,902.2957877974325
13277.685682370637,5235.723998490013,1197.8635400194548,116.47407190874446,40.93982156849741,1222.5868419317778
12043.470510992605,2225.900614208128,1015.8472620408999,46.8441680827598,45.36343640106619,2122.6895063698635
72.52915905833953,1583.4889300163895,108.35839327407612,33.847082707887786,41.02800134386158,2998.6121114633956
120.27043486298061,1676.8358941758352,44.17602410603122,20.323239645998353,35.463002572023896,2819.0824857817984
46.544477576134845,1681.4089115278584,5.214405598380479,24.85349827264739,31.121711876436116,2406.1026292818124
43.60230048429798,1212.9631405132584,0.09971555528893826,8.660200390497263,22.750553876234697,1628.6839511465475
25.48749686564965,1155.4642375843225,0.0,4.870339874868661,13.872462045217889,1246.8573603191085
19.979030831116383,1161.9977483178247,0.0,4.868292911470341,8.002215195791338,391.0939678976045
11.111350021453523,1166.6486013441026,0.0,4.917636085169215,4.198556167998716,37.27001440419112
13.733780770211139,1163.9003687593402,0.0,4.914269127227598,2.7111121876385385,12.197933946117976
11.530181299879745,1161.439922808458,0.0,4.92770377100907,1.7773424052815843,2.340643472206569
9.750919267129737,1166.3076232188907,0.0,4.95263907920948,1.2325228159699144,2.3515800729957306
13.30846118109151,1165.7624088251732,0.0,4.940991607356392,0.8728665999850888,12.270557601249797
245.7706099890796,1204.9202156922577,0.0,8.703524173559583,1.685734871154477,348.83766580087405
2289.443401059341,1152.9516269548537,0.6911905381577652,6.973051451659647,8.753356855041686,3831.19653018945
5452.355242446678,3013.022072798893,0.0008606310423199209,27.292120869514694,12.41125453137978,4098.550039629971
6842.546514350394,4488.07857494737,189.14635120760295,78.32500917868853,14.96246496911721,3754.422697299976
7611.162882766159,5823.9555215167275,234.0613761139205,91.20968683377106,11.099887406884605,2872.5220330234915
8980.700761955855,8101.876826048903,330.416349900656,96.145735925997,21.608949277648186,2350.4514690225537
10397.045261316844,8940.323544679506,803.418188258001,133.25126665019317,37.02503520736821,1519.0657661158793
11653.15115401477,6693.540044014729,929.8921448119634,189.61201633511826,48.08179877105759,1146.1853124300046
12917.367810106798,8886.52281271423,1638.2984843437944,172.11699357513194,60.41940238614281,901.5645521799353
14351.679456533717,8031.371681183289,2110.690364232226,74.801948672071,76.46218553696853,687.5927420977883
15724.172717713487,7202.316292022725,2561.204106929291,69.46410632074638,116.28240789063884,890.788126828961
16737.886745395277,5209.4859580307375,3070.1665149848027,114.9178454061652,204.43914604007145,1203.7395009268912
16242.769648744243,2214.4086288999215,2792.6634768527547,46.081010245682435,306.95593612476307,2087.105182765236
219.42340360500825,1569.5126693840477,1482.8624454826331,33.67146127562199,494.57997059752154,2911.9199613717005
338.4080462101843,1662.8770648135646,1155.5957944935028,19.728425288788227,528.9758965894077,2687.7703436540946
114.28668479058004,1667.7991313222014,246.59553507333598,24.01172940700544,396.40862585200665,2290.129010474051
87.70782843275298,1202.3248016455186,56.07480571354887,8.275719995908371,241.61482026093006,1553.2408801527697
52.58864789251149,1141.378547556037,0.0,4.731796097248089,122.02917382263993,1203.98723628263
39.77662544692752,1138.2967902720227,0.0,4.819845339297216,42.14660507555962,381.15015684991744
22.390812687603198,1140.322425522733,0.0,4.762152818145121,14.392413905755095,36.4033590569908
25.176389565582387,1137.0715904942335,0.0,4.861029865617678,8.901439202509202,11.936214393763448
21.404991768866516,1135.7115003757272,0.0,4.771168522676699,6.496318646776262,2.29672381583588
18.437964516983733,1140.3254727138337,0.0,4.896275660024813,5.066075382460209,2.306618913080156
23.423990328651367,1140.6481845138394,0.0,4.787626179967302,4.097801080492736,12.02267706856342
11.089730142259352,1100.3889246789906,0.0,8.178894948025869,5.678305403885864,334.3383603110614
3406.9188437938947,1050.7636650743266,15.345800576995481,6.479426542980836,15.90495283731014,3659.2281694690787
7104.866588753265,2987.7527307306727,25.483281954884777,27.152522047898714,22.62980885946237,4040.7425935453102
9193.855745754248,4450.688711758551,601.3501152083913,77.547215581807,25.279309096359174,3699.8175054487406
10280.946303962015,5779.821980031495,806.9287244678958,90.48460982036737,27.708478050545807,2826.194327516381
11388.37995383966,8038.818926819439,1013.5425604338483,94.26200841556856,36.01365234817356,2310.8893482757467
12635.210646318863,8867.7360823807,1597.192223874466,132.0268322293553,50.123780873509325,1494.1987440778112
13743.482220667573,6629.131925035281,1545.4355201890119,186.46844160444087,57.79298084962451,1128.637341525807
14944.872094973696,8796.552139605845,2301.1386764662107,169.52562598751393,85.54507910180496,888.6451143177508
16598.78995901621,7945.402647958699,2970.355717051423,73.99080155926072,158.46629939090914,678.0383246314829
18222.516533599573,7130.658264256166,3669.6005399585633,68.64769480130076,249.14728851636232,878.1620093849065
18744.788079237318,5158.350168558881,3923.727000336581,113.83276354430578,339.6576767050969,1186.810448050255
17751.027230674208,2192.313147284245,3363.161313673366,45.79631608547008,420.9476499977067,2059.6636330185256
186.9606862189396,1554.3042551258877,1573.834761627722,32.907964479437254,522.4978984197746,2876.794993579449
281.3328410154708,1653.9134864230084,1019.7229246966928,19.55281182025862,452.4589965196844,2660.8719827482723
92.60212963069888,1656.214888682668,230.90797713880966,23.831066706519746,285.84799877161566,2271.4851926319357
80.6218817496104,1195.4612496402874,73.65388501453123,8.383543845042526,137.91222446069074,1539.0981943804834
47.47478512235166,1131.7428575374738,0.0,4.595104466872113,46.57671958407174,1194.9006177002077
35.31678812056891,1128.1167691744092,0.0,4.825125685219706,15.905655427471176,379.9848891953716
19.566379573408682,1132.5303664749051,0.0,4.693933485176443,6.1399647216687425,36.31721070947924
21.741581554161815,1130.8372362194605,0.0,4.884678710023834,2.937975298830859,11.915254601982523
17.992843662400908,1130.1532713910408,0.0,4.708197747679724,1.6160426663813,2.298360469595621
15.095435437625465,1135.7295272871415,0.0,4.939385158779771,0.9897604255716125,2.3110084720848976
19.83005294535084,1136.4468639166314,0.0,4.724769555764757,0.8889001110866446,12.028077371521869
41.76524030261472,1088.564945208691,0.0,8.056983551352458,2.571251349911808,331.488858701671
3672.709900352201,1037.2343822918142,13.282476666742973,6.629907424247674,12.183016248585469,3616.730406704364
7792.177891738565,2962.9151254332255,7.663851280446394,26.750244389314595,18.786659687174616,4008.3919593200058
9319.517511874152,4409.459196237695,482.1792672861768,76.80125887457275,23.604383012033637,3672.17932131348
10490.436961154493,5736.928049298507,775.6665043451817,89.51199753380719,30.883662942006993,2807.7826418692025
11795.767195131293,7989.404607937822,1131.1620238417217,94.14069649643294,43.91848928609315,2294.855242387276
12593.634863081921,8808.917094468006,1242.0642785000437,130.4909492401576,42.58633312744923,1484.3846347796734
13563.918589214793,6572.272197993854,1048.336613889443,185.69921274228048,43.51588575229961,1122.7435993093216
14568.261296863582,8718.602108544424,1600.823273862393,168.764006395876,47.690092701532656,884.718132201752
15476.265002917416,7882.707843207175,1741.4372214039022,73.60825682901294,48.87627644197296,675.9043512698034
15681.008376739746,7062.747185963804,1396.3450765163732,68.25491199779741,36.972456230020974,877.8311977916854
16377.05202975751,5108.836940091036,1488.2444571264296,112.78204198612225,45.740678319591645,1189.5150358692774
14799.502027220748,2171.0551328310917,1288.411970039746,45.669181127392875,52.81295667802935,2066.3050186489463
70.13816903086375,1551.3339269647388,200.0156068888618,33.16964758121835,40.85106508304419,2914.434360233908
128.46461274555156,1645.6096363143197,90.62112950994437,19.973667049275207,34.81058839898458,2736.955176534315
50.26501968609064,1654.4457384487728,23.201739436691962,24.533784243632063,32.54900024252711,2335.8995148421513
42.72495864431929,1194.196545842679,6.0909304448750365,8.215702977366622,21.118067644694765,1579.097696653956
24.40231846792038,1137.180767195269,0.0,4.920439639311626,12.234157904467432,1215.4586313221826
19.828273459766862,1140.9250455508004,0.0,4.662684056583943,7.24222436307751,383.5369762399793
9.673764832990555,1146.6686439984428,0.0,5.005147447249612,1.7986712459965628,36.64546677474816
11.949021188301723,1145.8410721710434,0.0,4.732717654298332,0.8617114768782409,12.053316034132557
10.351989221360219,1143.6090059668982,0.0,5.018963050091311,0.7503431715829645,2.3243910337126006
8.067850204574045,1149.4431775625364,0.0,4.7762713456297785,0.20599644734822095,2.3358288515730568
10.901727020975072,1150.323162582339,0.0,5.044521501236681,0.01813885889488776,12.151944175709446
11.057174751823734,1150.492846918677,0.0,8.391241833164123,0.0019824283090587825,340.9737000894172
160.6343182894074,1129.051872423972,0.08006844303305863,7.021932132206302,0.0005209500105517105,3803.4632142088867
0.03272488035840925,1094.4625598572377,0.11930532565079204,12.607773363670315,0.1805879370423873,4257.88960453911
1074.578632726075,2041.5176702830695,0.0,19.6134228677144,0.20471055501748683,3886.264931792815
1685.2339688162083,3144.186504661463,0.0,32.68019610648629,0.4503811346924767,2911.8884182834386
2536.4474537296687,4442.907224486317,0.0,28.10786508089811,4.235910655074593,2378.03316737889
2898.0858884874124,4423.469893859148,0.16182171158551586,38.05036639669684,13.465978828101978,1537.1325972988905
3250.680928284839,4343.882877221438,10.49661192654328,30.086641345647397,23.87552142727274,1162.345270479556
3663.8307759299887,4342.691848497756,36.49963144688716,27.80179507683859,33.21502870708635,915.6932287148229
4277.672849879015,4316.752857744796,26.363585572052695,19.08876745901544,42.327948627774944,699.5335169725959
374.6854707088107,4434.580312800363,38.64291228591364,15.63746425937017,61.21851584295315,924.5253653774678
665.8804076809412,4581.529492433155,42.717748484443945,17.710516428346768,97.4313646594853,1275.4300911799028
390.24062294402705,3107.66057403822,102.16437499178267,6.977801511871775,197.18199142788768,2216.7772956668928
301.50529224185243,1109.4491897619903,7.414137787455026,6.853234887071423,311.90836087543454,3070.8465614716824
279.27777004188175,1104.6249279946153,5.716111715573955,6.65707306909043,327.16698458507045,2804.5186196546497
110.08023478824353,1114.100511742534,0.0774944013569088,7.041766280169063,253.89642738359709,2369.742499827508
70.97256220550669,1128.4071579687343,0.0,9.704132737839593,138.1260276216862,1592.3680545841503
48.4121614904251,1132.6703838263895,0.0,4.738608923466099,60.29129620295489,1216.327474569323
35.466428409806944,1134.1232938537328,0.0,4.855506704233622,23.405696438492605,381.11086790334474
19.42813014284253,1136.7357816013914,0.0,3.7912779536513406,10.792047621247026,36.38020956410303
20.80653212958361,1134.090269181637,0.0,3.88607094890651,5.508949615313403,11.927653978262454
16.449411257434992,1132.8894673111813,0.0,3.8210141293935376,2.6096357614901384,2.3069219467001076
13.214106992204744,1138.066823462632,0.0,3.735625276138734,1.1715814168499425,2.3202419414267936
16.8707689104401,1138.4491104344488,0.0,4.023370228659375,0.7862169767984233,12.045122854560208
18.20801838191749,1138.8954331174227,0.0,7.031176758261652,1.654287147959909,337.6472326147759
236.98068386811178,1118.6184931753385,0.0,3.820115258540657,8.903859961844644,3770.8389493220157
368.2176462845796,1086.6243706848613,0.2501831701846218,3.534382729821317,16.843881312731725,4181.836644787214
427.1509763718732,1910.1953922989019,0.7520889967209604,3.786605941604972,17.994067249222567,3843.249631937961
481.8313199163297,2976.9856551833495,2.519571466369671,3.569032450803546,26.48386682964008,2954.8534619339525
529.6007881349437,4281.415898193939,1.4293128406702285,3.773748079328098,40.55297077410386,2427.945466258058
564.2259578299798,4278.309977756872,0.2748668280505837,5.498544535555365,59.33504054721012,1577.7675492714231
587.034823700946,4264.536260228465,0.009460155969366791,5.761237507939226,87.4882617258453,1196.9445969759474
622.7706601559382,4261.40793032656,0.5387878333520145,9.366005451992882,137.78746779982245,945.5644358159514
698.1433220957255,4261.52079250425,1.7262178011848632,5.62064511012694,223.84465677767258,723.3857345194693
788.1810260768905,4258.137589288523,0.7419259458688227,3.7211619625794605,342.3398838726643,940.5560486439061
808.079664608439,4266.076659730781,6.7103909056095805,3.6291967848629887,482.9391470231091,1275.5826025363203
498.4751435476323,3004.8788179590283,31.304524918891506,3.5534807704969062,676.2970636064429,2219.949315147162
373.34361947726114,1110.5118210929836,38.8017827330662,3.8223805161221223,870.0446096345886,3059.729232677323
319.67971694088453,1109.79819250687,3.0546629286963034,3.574904078936359,780.884651620708,2787.316374190642
44.19314092355102,1125.6849489264785,0.26832827726648467,3.8844792099195855,492.4643535111926,2364.8144759805305
98.03705510371778,1138.1291724896278,0.0,6.773436592050104,241.0609559421319,1581.8783763207
58.346291852155964,1127.009983817068,0.0,3.9340339563518287,96.58605614599979,1208.1999391491702
43.57842861899572,1128.046309545581,0.0,3.7012288175392927,27.068314314165725,378.6841753343347
25.0022852599631,1127.8041698932714,0.0,4.879833944605626,9.996549147320275,36.17730828586619
26.408328764096378,1123.7568373632703,0.0,4.684444531788162,4.609880524287362,11.868136673164472
21.133957481602543,1122.234446482428,0.0,4.909828210192622,2.06669656426198,2.2985483383935956
17.002978333708395,1127.0724795804147,0.0,4.728277332739689,0.8885625289404765,2.3109165451355205
15.325466871179165,1132.4687248207308,0.0,4.970228126730646,0.7061111622654797,12.007055172208197
12804.769300412794,1217.5568724990615,0.0,8.647516018280362,2.2740832359301484,346.27753764759433
14.85486151059578,1206.8747054739915,0.3709787065781936,7.305496058492614,12.351729170818365,3908.5375576006927
1129.844669286428,3083.0316968726506,18.78658100911303,28.053864737515987,20.968122589276234,4144.727474326943
1790.81872093042,4569.20041653289,294.2325306015878,79.44546642099677,24.489954702396986,3751.177841739468
2510.737691990261,5924.390375837502,327.5568218956427,92.23215312400195,31.638286006457665,2861.3925683006296
3456.614762563298,8219.401555796754,557.6204140658108,96.89758574554627,48.87583045088793,2338.053858678234
4557.729328816692,9054.81472290131,916.179713413996,133.68727502666331,63.67470523612306,1509.0279885855668
5945.994021608037,6744.305827858461,968.8381495750895,189.5986487167403,84.77909770272015,1137.8012488720299
7404.144528871726,8923.974862217468,1666.920445919807,171.83603427568215,119.76695400786244,893.9812842125154
9138.262129146744,8045.770785742154,2162.7613676716087,74.62638719279893,183.5035928165989,680.9065217520915
11005.103684693819,7199.251827817517,2839.0550365338186,69.17159058794427,282.4118036410325,880.5322052402688
12044.142442900727,5201.277546297458,3234.0413634963948,113.94892029651277,379.48213511564137,1188.007948315753
12050.046286699808,2204.6601894252412,2901.595497510513,45.89249082700452,472.25184829070696,2058.224650200661
252.9013747627767,1554.2266134555439,1312.0345155435014,32.93888975603591,598.967688686541,2867.3055243658887
384.7191127897635,1627.6603384722514,924.665131992222,19.5632329557337,543.6740758096265,2642.2927946521872
136.0845209923209,1633.781618573993,151.00727918747617,23.737822502528036,347.60388350494117,2253.288092347553
98.21866068368824,1172.9794108612612,18.870216836894038,8.012876051083207,157.79278070513644,1530.6481686497027
58.934883173654775,1111.7371121219207,0.0,4.826932548809108,57.50571028257759,1183.6480987226164
45.05098353642278,1109.8267728264088,0.0,4.553279350944261,20.45224151248956,373.88658500661114
27.084883451032116,1111.5773460219334,0.0,4.884193677270545,9.58828100851855,35.73358033000534
29.113750257470475,1108.4442838412315,0.0,4.587217735702888,5.1203163722020175,11.72377311095721
23.865375634415138,1107.5689720537334,0.0,4.906186893333739,2.791208264930873,2.2746401840095665
19.604960329097647,1112.6192841619632,0.0,4.631254282552307,1.4523961424576939,2.286653151741633
24.649707219588024,1113.4645606904683,0.0,4.916005756157613,1.1369886621790597,11.829717752237393
1199.8885881917445,1180.5054232263396,0.0,8.569553341258988,2.0763359632194947,338.5348782406407
1295.8788262956803,1149.0258102047692,0.9117081734186291,6.823950568851005,6.554268021196846,3758.2514635876387
4623.747942392104,2946.7285910884016,0.00022101030398088137,26.700700310243665,14.364168000712848,3993.1862778696063
6277.474974134712,4382.752466679083,217.220057382139,76.45180184828666,19.095922878987647,3649.7884116947284
5381.028191658455,5729.952605463215,665.2814305027861,90.15411135825734,34.244081745857855,2793.220902986745
9221.502950529019,8004.04851380003,1263.6402010323604,93.8359610448232,56.5122228706227,2279.873741346952
10718.917724789402,8788.872124661208,1898.2989635867905,129.89433487347497,85.25253480434847,1467.999922090623
12130.538366331733,6557.877765811391,1897.7886867413492,184.14574415974684,142.65489331182312,1107.5644842262093
13597.338681697309,8689.505807881806,2675.7607226686637,166.9240057963545,229.78123832095503,871.1643725435865
15299.962126712397,7838.267643403635,3183.625493145702,72.67500821517594,331.07941895421914,664.2403246865945
16585.408417325758,7020.5690690395495,3482.6263398445462,67.48123965632182,421.6764158185591,860.3315839677801
17729.95269688964,5077.914367012503,4149.568154086786,111.57175610744662,583.6957004265904,1162.3984030140725
17280.84542518492,2155.853403481485,3923.7444344910878,44.771212227862584,709.0293918109628,2014.3611435118312
283.37312411389263,1527.8667367748778,2097.6200770634646,32.60091901443893,870.1498523002102,2807.1543606166947
405.10054889766496,1608.5916443781969,1468.3327007839705,19.183293712696823,792.4022869814513,2588.7748096773294
147.3615144284521,1620.754548274132,358.7064775321524,23.298671861362376,546.3121947597261,2206.5383704522524
110.91389041840095,1166.5132024018935,116.6595323716866,7.936331743527344,303.1363528698815,1493.9261579743422
72.04623041057151,1105.6160502654116,0.0,4.709509955205114,175.09892292539553,1159.5962684541241
60.66402211922656,1099.8060598522247,0.0,4.530779494222598,108.59690899746784,367.5945029184652
42.809233451539114,1099.959967762939,0.0,4.778293713464847,65.33552702999748,35.04938762746159
48.10535573728311,1093.9677141751965,0.0,4.531020730840462,43.287529224856236,11.481138515983842
41.96413401017354,1091.0555588585976,0.0,4.78597123898174,28.32376663725304,2.230267556268663
36.66287701556921,1093.5857082595787,0.0,4.538167267704901,20.646124116593985,2.2392368657776283
43.875745934176656,1093.791895236908,0.0,4.816889784425213,17.704290375543536,11.562742772883484
47.62463146909398,1061.2581918008605,0.0,7.878147921710329,22.122196963437517,320.27439635046596
3692.371163132567,1022.0869834505111,52.14060553903064,6.355239032407738,44.31613221353783,3520.2070393265417
8245.956828162141,2912.2485133538057,56.30265179881382,26.233257800510764,84.36480220204639,3907.040730150197
10494.723122709078,4338.152037193913,1350.7804973075479,75.45472693502195,106.76740238543694,3571.3410178432805
11978.539841455242,5647.254591679769,2199.9519121326925,88.03731155658149,144.5926823440032,2721.924836945131
13580.755916254835,7852.763496368808,2908.812048443749,91.54030684291968,247.2674605415583,2220.5998921326964
15146.453457115971,8647.916922890035,3638.2413723270756,127.33694824418895,390.75644842941836,1433.7055634564074
16544.50424085215,6452.298718073568,3461.7795059568566,180.44909478444103,546.1080437797276,1082.6383887731702
17949.05291691347,8547.91996183649,4381.712002460645,163.61954944691007,703.3939048621909,852.0509500014357
19668.077595703802,7712.380665339122,4921.238523264043,71.29236997803724,876.0197160936276,649.973901669332
21343.67140770919,6906.474202204795,5557.034893848696,66.22502329379262,1061.8154486056924,841.9531090434485
22040.075042006625,4993.091454758092,5918.660554897755,109.51937790776071,1265.9202512447885,1137.7651595150203
21160.314489184777,2121.9902373316595,5527.176533843245,43.92837273370608,1453.8524944343262,1973.5106113645634
366.14052715136705,1502.9876023756528,3151.7847452408982,32.08902628887766,1645.8038430027757,2751.4625183357903
517.0272268695776,1587.4877689673347,2228.335684150629,18.81709331234127,1537.7777946027218,2537.1400572940365
212.0173690187815,1594.8034930705896,915.1344906542627,22.917116731468063,1270.145890625994,2157.8225792003095
163.4472308580836,1154.9681284922815,483.5948357605146,7.831451185098998,980.5811635897994,1454.4883650149982
112.89912432747514,1095.4175299744577,0.0,4.581662298503526,720.1142545348789,1132.2179245698753
97.54048973954433,1088.6634550890572,0.009765890499597685,4.494200778255248,521.7090561545702,359.6577301793928
73.07202185246946,1090.543062584827,0.1540003021389189,4.67700920339903,378.8581725258246,34.28711595585594
77.61748418168298,1086.9164196940897,0.34557604941103,4.48532545628323,292.2309628970981,11.228211170290086
68.3358835044125,1085.9651916301952,0.37192450492759865,4.692760899175791,221.9175107487683,2.1849343156502314
57.02915599523471,1088.3879706040127,0.3429269735174886,4.4962423750799285,155.69882619931164,2.1912088075883354
65.90338401726062,1088.2535209962464,0.19660579321651298,4.728351054252254,129.71558761948663,11.31682769949769
744.028817121746,1048.8012770521095,0.30082771201887,7.68594256195013,143.8489266496962,311.2436363940377
6520.053682272207,1010.51327145968,518.5692443841918,6.256259664680969,177.2325695512199,3433.1025314078374
11608.274181852708,2894.723606770195,267.03300383729675,25.83128680719948,211.96486917093506,3833.3917241432905
13433.322537689557,4287.376290230051,2015.9198822581182,74.2607817247702,248.9938779035346,3508.1395974639736
14833.874468746351,5569.055642453927,3030.5710036262294,86.65264683483902,287.97449436310137,2675.406031722497
16114.954994417183,7743.0881822749625,3526.221467159732,90.11175115595411,373.03222065938735,2184.144797081687
17491.688404872875,8523.062900280263,4287.232839225832,125.41155563160878,511.9932256266953,1411.5901944555694
18756.32791159508,6367.872916431269,4248.78422401814,177.9522216145457,654.807246149962,1066.526181926186
19698.34099296106,8442.799092856896,4896.899443817553,161.3678333781143,738.4993434375807,839.9893061156266
21429.07063815798,7616.717175625413,5545.791166710621,70.39625252054202,957.1403394532839,641.3846812542578
23239.54737146362,6828.111729036546,6331.195748849977,65.40975799647502,1197.6119717210495,831.0123152178076
24041.667577316744,4936.347445507231,6732.601050147736,108.08275360158989,1428.9073365137815,1123.005765947282
22752.397437958694,2098.992120239927,6004.913853826557,43.475547130702076,1588.4928549190977,1948.6012337061104
366.22345450809183,1485.1497325878665,3477.904360107185,31.626720581842157,1771.8948670199827,2718.30984161904
609.4784633150547,1572.204493471194,2659.464306787917,18.69135244815189,1630.740717865065,2506.183474085457
215.10297142288513,1579.3605279383344,979.2333273380801,22.677061353767353,1172.7474191363556,2132.943106906029
152.52888897825432,1143.8605122826552,486.27569150132695,7.6789440659466015,749.2936984603443,1439.5167554064017
94.51801277773939,1085.7819481431723,0.0,4.624421098939891,408.23659421306695,1122.7550065466403
74.09622037682892,1078.007971243292,0.0012931941154568122,4.40360438881302,194.07525567556337,357.8622635529952
47.34641470267466,1078.3850309871368,0.0,4.729573214326662,71.5332830768754,34.25262492528937
48.77691621084754,1072.0512268565612,0.0,4.42576386369547,26.711343704089384,11.271165423805824
41.45515584062534,1069.4983027162882,0.0,4.724892749349977,14.36484569136873,2.20288614921856
35.360434481375776,1073.3131134278408,0.0,4.460842010256601,10.362768852058844,2.215282937917347
43.101995712574805,1074.6630709799936,0.0,4.74337492958942,9.221709219459505,11.41355873994918
519.0754821454101,1033.8973960046403,0.0,7.612373378344546,12.460221960647875,311.8333090997534
5614.994715397898,994.1286813855453,118.66007926598293,6.1998031628970365,20.31893282001183,3418.386050597372
9470.060300876637,2851.423803095343,29.756470356328574,25.642721663420204,27.832625819865296,3822.4702409497972
11379.941254246824,4241.180146164113,694.1666517155511,73.62708304136379,31.772476471998125,3506.3461682307434
12545.599285342609,5512.1933209758345,1061.5124119826173,86.29325595583227,37.669508742486336,2681.2157154333495
13663.120014410672,7674.968973838164,1343.156683081558,90.08421840445476,45.62869686209357,2192.6451482938082
14676.15766502291,8465.295007110333,1704.7212774955472,125.16215144325272,54.44292552993022,1418.9148709699045
15637.735881687455,6327.198409768666,1627.1327450860422,177.93559484060407,65.22322012841977,1073.1339956366817
16403.747724505964,8398.885761028803,2194.188498182895,161.7232073866453,65.49479765320108,845.836584435476
17013.287276630148,7589.930734827692,2214.5186824336697,70.5358347133383,56.186519370904044,646.6815362561254
16791.778727850182,6801.374343010395,1585.7307677609663,65.59074127502522,31.756313274144365,840.5556180354822
17352.20414480021,4918.914868188413,1600.2248708241752,108.4256545634276,39.80641138810449,1140.0111990261132
15829.214654688116,2092.4289985876867,1557.0023354783302,43.95398140362855,61.36210526959154,1980.8771867661449
83.20840952881991,1496.0091767040424,317.4635816444463,31.95374579962695,55.211267148144344,2787.856953636313
145.78220140675677,1590.493479989094,158.03274388279647,19.214150853739437,46.276495901868905,2611.0436131283755
59.158082170488115,1593.9589840305164,52.95457889977128,23.644967049377453,39.20043255818499,2226.9686490499284
54.44212674836482,1151.5189383184902,23.410969904789717,7.94265434421178,27.072152410032754,1502.8997115912575
32.142720409007296,1094.0213446099747,0.0,4.745735529090543,16.10825713800788,1159.6229469648035
23.84796298253411,1095.1266888221023,0.0,4.54118124964579,7.914398205377927,367.6258614157756
12.914419581093423,1100.7967185425255,0.0,4.845859160379791,2.9860255013157406,35.2544477332432
15.150945474251905,1099.306979601091,0.0,4.603108730659115,1.2807922871730453,11.61974196303485
12.554668111435847,1098.1829686423675,0.0,4.880250549750482,0.7988722836693539,2.2688748696692187
10.446534012214792,1103.9460009965305,0.0,4.650322490269256,0.5287012411624777,2.2809846813659074
13.981464893198522,1104.4314227911052,0.0,4.879200858027834,0.26328435952879076,11.718129271328914
15.075527566548786,1104.7806126471119,0.0,7.995588531453922,0.7889455995533189,326.38534501008223
226.5557266087186,1085.5814369512223,1.2595553622922382,6.916246201073825,6.948891394412419,3633.9374454414065
54.185249673658845,1052.4284140827053,13.986176363572316,12.048053356456606,14.990406045062159,4018.1459367527714
1539.060978267269,1978.897415454384,109.43390149992565,18.791485616227583,15.582240802955765,3649.6132409005786
2339.4600107523706,3075.392611116828,146.05394515042087,31.60881653839183,22.68017973167254,2772.298838085391
3345.7108333292945,4343.944940066627,137.67221032560084,26.914180193872724,33.528059836116505,2266.043565066345
3731.55618564741,4314.850379132414,148.33711702072532,37.005496309080044,42.6444484793209,1466.0862680243815
4132.024369921028,4228.062267278967,169.1342229262986,29.066899728833107,53.246949122330605,1109.5781558582662
4559.814695006333,4209.771260759478,150.32906707556305,26.518617098163578,59.92833610976153,875.0900769200003
5165.106118528149,4169.112269090629,59.57289056414955,18.27097028000018,77.887730534405,669.5075586481161
361.5911580644634,4272.837231831325,13.441784291913608,15.264990954669003,79.89959339829464,888.4540396104458
617.4946881278944,4403.7794106758265,1.9726763389490507,17.236812851943185,109.37515496404357,1232.0743650849452
278.3254849362653,2982.0502299884174,0.00024885400176869897,6.901077411623781,154.29046783304378,2158.526094659162
172.66192015574643,1071.5098454636222,0.0,6.577563303267478,179.092010876777,2998.7230579642614
158.94302205489453,1073.6466263140883,0.0,6.797569496683297,156.5860330287974,2729.2591943381035
64.08371748025222,1084.4423353481386,0.0,6.881920036986321,104.08956598188183,2302.7381392982497
55.556298810096315,1095.8303726832512,0.0,9.214312311238485,54.068272264301896,1543.9949519499391
32.71383729976298,1099.3616904910984,0.0,4.844357257544765,25.21377108552517,1179.1441500163935
24.673418150799534,1104.5539249607757,0.0,4.568107525662595,13.407892283023727,369.91302951627665
13.11677752166233,1108.5040675347884,0.0,3.950917827579573,5.985600911345804,35.422713316254644
15.189764696003575,1105.9330559011678,0.0,3.6958623980946013,2.760135482194765,11.664740074288902
12.089190109446688,1103.8660414750661,0.0,3.902934422473521,1.1123330607136617,2.2807790807487103
9.778303975884413,1109.1029903418973,0.0,3.759062141782171,0.5545508631355117,2.294459429063154
13.265697031306965,1109.0461333818575,0.0,3.873035914297723,0.43980551792316386,11.767488391089461
15.607998736547296,1107.5401931116646,0.0,6.840607024697866,1.2998684736966375,326.86932652673994
229.2949119163809,1084.7800676105642,0.0,3.771837780389091,7.7573182129575295,3638.0215729286992
361.2115404629934,1052.312509737045,0.5121002816459305,3.5340799616334304,15.669966255155025,4029.2710610052236
416.8773549041476,1849.3045037183797,1.4343563458390705,3.620980128161502,16.06440727336821,3701.616716358957
466.89921103618747,2883.7430376898096,4.6962785670057015,3.57425078253673,23.042523560789252,2845.694025696894
511.42902290190267,4149.685844729588,1.3795489306818038,3.482824185331335,34.43153192564412,2339.1339200003285
544.6758232216644,4140.779356803836,0.3780656934020822,5.628295505296334,47.43719512796133,1520.8877784998665
563.812354031907,4126.223511787009,0.03191855647184837,5.3865241664243575,60.19634320306139,1153.8099633129575
582.4184393300753,4119.428354680153,0.13374822785133242,9.195948164125758,75.64553180724626,911.9621168020689
647.55680315693,4115.7591614213125,1.0631931949999587,5.633457499843483,110.71569551976685,698.1987835295266
712.5173064379023,4113.043643125453,1.1719284392162252,3.532761068177705,159.74133293859202,907.6856077855132
772.3231323452412,4114.455248748852,1.1305881939456437,3.6423801982076305,227.81724629855904,1231.7026477690997
417.4514234900358,2891.1810299084254,2.000327668936745,3.560759542214077,315.6232445172612,2151.0568300717155
309.77388230103287,1067.5422628897668,2.971869686194822,3.6212050067813566,404.5540269654477,2975.3345331783003
285.36279561499094,1068.0325980779191,1.023431354019615,3.6233299521902818,381.61814932406475,2704.3715909389166
130.93147757022476,1076.5780192156997,0.36034481881061725,3.537528933188567,266.37420242716695,2279.619292328201
88.48512972931397,1084.606756408877,0.0,6.8789946902675005,125.52576221790363,1528.818733645579
51.321045833732995,1089.7669854656508,0.0,3.6242988891253223,45.127248527253954,1169.237318710767
37.63477523641036,1093.1469648328907,0.0,3.881066349240885,18.114277993578682,367.0385990720156
20.821107038879507,1095.5782116922596,0.0,4.567533678614588,7.709921595711371,35.15638887758676
22.85976011519263,1092.5788135138946,0.0,4.8262274466904715,4.0385160935782345,11.573483976386798
18.96752366360354,1090.6036461549636,0.0,4.590708712693944,2.4742454267288867,2.264972369349506
15.862803386007256,1094.690028673613,0.0,4.867242274975755,1.5256230559714123,2.2743010610241883
14.533811374266818,1099.2138547967088,0.0,4.634879751351492,1.310811443396251,11.67365540614555
13312.453341312605,1181.0594364470062,0.0,8.772788133418238,2.4862493250470874,334.16702965511314
5.214646260275324,1171.435874352229,0.018443279321000306,7.018950635207307,7.310698694950985,3780.319706335194
978.5796075067449,2985.269827660896,0.0,27.364237688074358,11.555879809646717,4019.7108749929484
1570.0958272058517,4391.791637478671,54.75838905809908,76.79772767559788,9.386578784979854,3637.5509564398562
2244.456749490387,5688.51053614706,83.75867280687046,89.16264426576315,13.024524115426713,2777.4536976278
2963.814763759986,7906.065639580296,110.73967396379045,93.13513230256372,17.69073940703424,2270.682315834377
3834.5628124213677,8704.624421410472,224.88401925680222,130.24369440435706,26.10492198350164,1468.2990379955193
4725.384888785376,6492.2368938349355,182.95438921738014,183.2220194960311,28.909786559072447,1108.0999460458986
5762.549475421408,8602.394487463653,437.8144721500436,166.60480288919456,34.45686119693826,871.8620836913497
6986.280985536396,7773.98796500381,660.0144088859869,72.6407499214449,41.341213905284654,664.9631579674325
7509.441993912177,6957.190851296638,465.50341299656645,67.34982135217321,30.608832117401462,861.7995690225722
8322.185216570731,5020.576282001207,503.6436498619948,111.49960866960075,40.115006537707444,1166.4338250997682
7753.462716164116,2130.3122674437363,498.76415930601655,44.56378463992812,50.98065956562819,2022.660105847373
80.30897707084644,1507.1273082603,20.161733526264737,32.82011316716756,62.1425275553283,2862.5464491947005
141.68856861816633,1577.389400693015,4.346206745646459,19.52401388044079,58.914321885915264,2689.2937972977657
57.51416137517169,1581.362087702507,0.0,23.805725906202216,53.091365971332294,2284.2475799054746
51.204043230550305,1143.6672916350242,0.0,8.162120073942383,38.97683633650402,1536.694462307681
32.0004556035258,1091.044163000459,0.0,4.757504235506696,26.845577907225195,1169.691300027345
27.660611382771062,1095.1001323405003,0.0,4.609743120823537,19.79791427850571,366.27924614296285
13.018635703941378,1099.4794047275664,0.0,4.789472719407855,9.863909938683628,35.074854659947526
16.209910453190528,1098.5426473866678,0.0,4.62381894318625,6.746017358362327,11.562496892364177
14.307358837771721,1095.013347517362,0.0,4.831837012559823,5.547253575834994,2.263983957617032
11.279284198049584,1099.2658420737962,0.0,4.638198096449423,3.467282182018755,2.2726012771482895
9.845577319410191,1105.1844288180707,0.0,4.919782344417398,2.847111958558771,11.660530585748269
1688.785845109165,1168.61387363058,0.0,8.609845651546399,4.245610565059565,330.50498314801797
1089.9590004822164,1121.7667334485138,0.22920315921652143,6.588513577326502,8.859238011971781,3644.6689322794828
3904.094326980441,2874.1098945590925,0.0,26.04299245327945,15.771833716721728,3871.8238904685404
5423.893124146523,4273.864100449987,231.54270336584125,74.57051321835982,23.965662083671607,3538.5421402307993
6636.766736859253,5563.821161531263,646.8995906454543,87.2824078006156,34.63262302974018,2700.9805111890123
7793.449334849222,7754.709163016534,843.6927281911194,90.96289225816612,45.07359870514906,2205.060797277983
8759.315342498876,8531.396731626446,938.2373850831008,125.99550722339406,47.67157180241792,1426.0314954115127
9801.475034030815,6361.403713776745,809.742157923459,178.8803926723578,55.106737732744485,1078.061727509905
10742.383830460674,8433.93587829586,1298.3068897694493,162.55639315609577,63.489257078323426,849.1363154797145
11723.190403331471,7620.475122540465,1472.5073444418983,71.00771842478824,69.15758200306536,648.5097336383614
12960.800136517088,6833.747203588905,1860.3808332767026,65.92903880577465,90.44440803796455,840.6691857865083
13627.514955351453,4943.658784428407,1911.7816889976218,108.46946673915542,119.8836855059193,1136.573299813792
12434.694869531975,2100.1624955166735,1517.7721158426132,44.11726472566634,159.615527686714,1972.8565402735512
101.32515447262143,1491.065983796896,263.0095820075501,31.733193312329504,187.06058702796577,2775.970150671357
154.03539810665785,1577.7237140033105,82.39823820527117,19.063965641183092,163.89570767940313,2595.1963529278137
63.17252066731799,1575.1148529160876,9.91899265446683,23.324660842418915,129.8805077691721,2219.687434742564
55.97850318166644,1136.4643457374868,0.8180760762434721,8.252285976751134,80.33101231723658,1501.4878199778868
35.34616055946082,1081.3876848563195,0.0,4.716747466688828,41.61280385468616,1150.8756337913712
30.45969428899407,1083.4953474429915,0.0,4.56375537807219,24.202332844929604,361.6725520469496
17.770515079894082,1085.6891567872945,0.0,4.725266292673943,14.602101669037465,34.65266415092703
21.88774231447899,1082.4664860696948,0.0,4.600742587629089,11.29761062937938,11.40806103580837
18.61196495991346,1080.0133968887649,0.0,4.715840343239752,9.242577329727148,2.237769453598338
14.073034930878475,1085.7064221366008,0.0,4.6468617472422356,6.306058714332327,2.2481074944576758
19.338740893677745,1086.7145223018526,0.0,4.748098925664601,6.04914456785554,11.484942209057929
66.27023888393852,1107.4956153927794,0.0,8.09000291544078,9.211991399053218,320.7906960583617
2577.29855940703,1060.5589016231834,1.6732753347520306,6.596756152950532,12.437566687496139,3520.852140413191
5876.49676065107,2825.8281211486947,0.0,25.648902436147996,15.946696118990554,3805.239704421184
7327.719935511569,4205.227448767521,187.75164094423957,73.24366199690414,17.276666782469277,3487.219008040823
8455.58016544623,5461.656488655522,350.24745913906327,85.34446338869286,19.799776926672852,2667.7097390850554
9510.134955209098,7604.864371122014,499.96948806102097,89.42183356380589,24.28668334804838,2181.6863264534604
10522.549208303673,8394.20097692113,774.9612223969273,124.83789016746545,28.456392663310137,1411.6636418444668
11438.123218583454,6271.959969642575,723.8329890997621,176.35150281653728,29.85269211649684,1067.0062744343074
12262.893547904747,8323.619166431685,1190.2741535495268,160.51084947652055,32.66308562627228,840.6922581245465
13077.06189705212,7530.475127059252,1330.1809671813426,70.13509398818482,34.133034373655605,642.435962373237
13770.348922586996,6753.214135207757,1403.987100419546,65.23294037340936,36.27675320298217,833.5826420772595
14343.534587490438,4885.7749727793125,1470.579018964956,108.31733226012507,43.6944371396673,1128.182701961769
12837.684248499138,2076.915938278527,1089.7017173735198,43.24930019701767,45.19086936193191,1958.987714651562
76.41862223144355,1475.8969168256426,186.94403930991334,32.00020179564336,59.344303301621665,2761.2603229801603
132.521019652583,1568.5612987223947,69.90827584490167,19.005634205827814,49.91021859009911,2589.429088456841
49.475094610481406,1570.5961744265821,9.769595062990403,23.254868462059836,37.023861733582095,2213.9589952175434
43.88891367486493,1131.9397073631444,0.7435020015672765,8.160628410213814,26.24088664078758,1500.5143965276802
24.775487062183668,1079.7333289296973,0.0,4.57832058678726,15.410360986591932,1151.4183721901168
18.589102739102287,1086.07838048153,0.0,4.74667490793579,7.5971184717932205,362.4261242596993
9.962222396596752,1091.3156803275874,0.0,4.637988694585881,2.950663987343734,34.841059451698435
12.328983305531553,1089.261738239597,0.0,4.785755411435202,1.365546003481262,11.51038986276938
10.254725763505842,1087.1098442060018,0.0,4.655925821369685,0.849985637914185,2.2643353717598327
8.553520737656088,1092.3343500709861,0.0,4.8115043848937535,0.6062429533062389,2.2755815952443217
11.83978542629479,1091.6634956976518,0.0,4.677159741680661,0.45561349804899015,11.589658657343136
27.139388296272344,1093.8578980993923,0.0,8.235460362343963,0.2805060970627536,321.00639425223585
2473.481213758118,1038.4337809050546,0.002085690684939629,6.2985648798482785,0.09290517473855414,3499.9832815531204
5428.406980354145,2806.855864981474,0.06826325817255857,25.645800787942413,0.3182164901866118,3786.2495258970753
6742.735711286175,4179.684133912603,116.98136236161567,72.85062333607748,0.07663103329920375,3473.334584905137
7702.360030563041,5423.997902308789,185.31255368636434,85.31916231419147,0.08579421239240889,2658.6352816356284
8707.001354877879,7548.50648214629,214.83505998545346,88.95497376195645,2.0339452115981507,2176.4960325149955
9691.334923191247,8319.347190898856,292.70078666095185,123.92943731698885,6.568319208457101,1409.673261910766
10715.162418479238,6215.728059086906,259.71087489947695,175.80205322067914,11.630543830795693,1065.898924938676
11792.372590889643,8255.764757787914,573.3735684049328,159.92760080730926,19.58023301493258,839.8042110803661
13164.172960158756,7474.827503842446,994.8617881900325,69.95351293679545,29.428579307844398,641.3347358522649
14671.482423224643,6719.702838010318,1571.7387680671231,65.01611274339974,41.71833829601026,830.4759245408073
15461.8571477928,4871.257239773541,2085.7530900449183,106.99035843468174,53.778351777802655,1121.5659380487243
15090.926969434484,2068.0565627868536,1830.925402377817,43.48071782274021,56.53743650729585,1943.4970868324776
141.11951077440267,1470.1233237674624,646.1548663098788,31.235493350820136,75.72586558179054,2719.0550970080726
219.75038457547726,1555.8877090143535,368.6567739829842,18.675876255400212,68.99969560704437,2529.7117837645383
78.295727261209,1553.6547191788093,13.679419513774135,22.749198046351193,45.57756736498019,2173.17572100135
45.19899374781378,1119.9332452829594,1.010661692879364,8.175254785652426,27.318074879655565,1485.854066401555
30.400436814917224,1070.633303896305,0.0,4.6836089656781015,13.78138874921422,1142.4914562271285
22.10560620697602,1074.1390212157428,0.0,4.553838678818991,4.873901388768798,359.672308874578
12.004544974365343,1078.9775598914528,0.0,4.72554373918435,0.9946179482008336,34.6151980171395
13.974351387780214,1076.6390460662265,0.0,4.619947422683625,0.011222555417358282,11.452760346583917
11.480809312873351,1077.4745470735645,0.0,4.742878894870369,4.669975733140302,2.2596161609237413
9.385975500238429,1088.9927551148412,0.0,4.66988631647217,28.161846384421906,2.2763264678685506
12.387173407710044,1095.054835096353,0.0,4.778901931696437,54.29164078750111,11.627468173483882
16.66198882035236,1093.3844553539784,0.0,7.969978319674019,55.73144677182142,322.18111758236853
2740.192607632509,1034.2581782688053,0.14096615001462337,6.518782872144787,31.43790516063939,3513.044403503429
5918.287780281127,2800.8649623744914,0.00011447884485078807,25.453976321488717,13.755851748699978,3779.6004321387136
7327.649108936271,4163.738832964686,154.13306117889115,72.50323707765679,6.766336161538022,3456.404476688502
8540.517785621589,5403.93665618999,360.95541051235483,84.48919509859864,0.2119204104323442,2641.3496176737412
9837.926655827294,7528.890173456223,575.0131629584985,88.3858702509782,11.529976496877119,2157.7775353745633
11046.919957836635,8310.943774951276,804.9683799446829,123.58636575582695,22.910382935402204,1395.7891869646198
12166.117247937533,6202.367205149108,661.1047528013451,174.2758561708071,29.964686771865455,1054.9387380587175
13285.552045435663,8225.19071698027,1159.9124651775996,158.61191716534395,38.281803643599524,830.9924380030388
14740.796637812082,7439.631776077969,1513.1769171568396,69.29343631157721,46.256050381851644,634.4928959353045
16389.990071935994,6675.445299873976,2134.300647829196,64.44644509944514,57.15518052047087,821.745304013844
16989.6899258537,4833.535910821013,2538.8320369538314,106.74558296191664,70.96349314926341,1110.0650951433227
16475.69148434972,2054.0300405837947,2232.8478546099927,42.58714330546646,87.31792269446674,1924.5565807183664
103.3736459250648,1460.5035196718743,445.0717528192258,31.58478689198579,102.0202572536085,2702.2700524098404
195.47833823552546,1549.2060315991746,309.1393251335887,18.65861958443153,92.56421641190633,2519.76094984819
78.61437152208345,1553.476881599871,63.563879493862345,22.717540188439056,56.00709008867481,2148.9933253732474
57.02638133913406,1116.7741859210619,5.918746506857288,7.826768988091962,28.15683583341333,1461.3243129670914
30.491706052147386,1062.8243681320262,0.0,4.63791014087862,13.154866073187684,1130.4208624945325
21.92892408836178,1067.5906087685262,0.0,4.511676747145977,4.18028958359418,357.4562267888064
11.941791265377411,1072.6895649762912,0.0,4.7408222067200185,0.8091118174511163,34.43682900645034
13.855429002140902,1070.7189514040026,0.0,4.544387444652324,0.013440012980272354,11.403105272859392
11.410223896392765,1072.0748407964638,0.0,4.806396603713035,6.633228113892351,2.251622788297315
9.382540682910157,1084.2204745430386,0.0,4.542639918372026,41.29969830958629,2.2703257270579846
12.532725503669631,1090.5859060706425,0.0,4.855039424035619,72.18730151812862,11.584970385340188
12.678434619783987,1091.8684619682167,0.0,8.131101696035058,61.025670037777395,321.0913740648811
191.25612908133047,1067.3521003417397,0.6202691426890995,6.567333865847442,19.164452283310165,3577.969958637335
0.033418437047465284,1027.3318538407443,0.8405136094528098,11.950003555649324,1.5341517024827995,3967.2545694494124
1261.9222465442906,1920.637005886532,32.30493472801886,18.506807508487267,0.03131610726854115,3598.2036791390487
2019.8855677586737,2981.2194386572287,78.98913816490477,30.826203415215442,6.454538687630842,2698.093232632162
3025.5230385500276,4223.218848280746,81.85899970765817,26.39611787787279,20.20174147780854,2203.3962017052504
3390.973399900984,4197.2729488594,86.94588605487507,35.99822048888478,30.074419192614847,1425.2224226111466
3741.8657541212197,4112.211470726127,94.96044273982926,28.347405319568697,38.70168270113432,1078.6879290983538
4251.636980125023,4093.763481569636,102.99503506665313,25.88879638581964,46.92850000282695,850.565224800547
5067.206308896814,4059.0781892287328,75.49987285509268,17.869400396140684,61.02003978406965,650.1030966336626
426.3925350294751,4172.342573485661,111.87768333285611,14.930578973645385,88.90950781755232,857.2558692924604
767.2927458788255,4316.388155522017,132.84481108744794,16.754320076523314,129.64768095908425,1179.4210106690723
427.65111598239815,2920.966455418765,114.27649622828164,6.711968105493788,194.72168095364887,2054.9298534004884
299.5711354296538,1037.7753307938813,0.7875433992443268,6.347111649576126,249.0929253051809,2860.8064666804826
239.77880861609032,1033.935158355187,0.16324853453327004,6.575537894635036,202.40441076771597,2622.504045838523
79.7815986697952,1047.1088626747553,0.0,6.706634520802839,109.64474903333846,2219.0244587942425
69.48637216057477,1059.1145737116917,0.0,8.979075297178142,43.16179454778299,1490.8086925315322
40.07551494595502,1062.1171050267412,0.0,4.767842567256363,19.712541974920835,1139.7838358267804
30.337121005592508,1067.4288915686188,0.0,4.477072100587466,9.340980377458283,357.77439328614645
17.498194942497282,1069.747720347869,0.0,3.8447307156356683,3.3563987421423405,34.35071651442919
19.33683247836082,1066.502084133187,0.0,3.625048357818294,1.3618903727523437,11.348642615035962
15.856680068546687,1064.9391953481095,0.0,3.7897451963188677,0.6275586616918786,2.242258673503134
13.12207277041413,1069.586304723329,0.0,3.6849034413416466,0.25430322123944626,2.253211831606522
16.83757544354151,1069.1492359090785,0.0,3.732103739362033,0.008413028673059538,11.432057980751965
17.093062697653867,1069.2201271370295,0.0,6.750372089113097,0.00013070760246033293,316.1888907842957
221.71776021384068,1051.2918918434416,0.0,3.690112264607025,2.857591675543447,3525.0168092217887
348.77773677989813,1021.315973974392,0.000829820129305699,3.4947402634467117,9.987463899019527,3904.2442504974533
410.9068812625122,1793.161992088051,0.5968499627150549,3.4011800243684194,12.440127480440822,3587.3932567706133
251.21603054480394,2819.225661878149,0.33468971406734904,3.715661146377287,20.26006366874095,2771.4754024655554
528.7514172392072,4060.568683851906,0.5269444343898934,3.4656191562636183,35.42559552718912,2279.177627541604
590.609114737047,4018.666744232821,0.3276052027835292,5.496020929742265,55.17021610486408,1472.12774413275
636.0710485158432,4004.8340772149318,0.21409556829470158,5.259813235784357,91.46590211447986,1115.5693099964822
684.1992738451117,4000.9358410780605,0.8421807320563057,9.009433481626019,146.58479266847797,880.8973173779474
740.6216409098901,3999.92854965651,1.8996477426666019,5.501329536027598,210.19702307089008,674.2169042041346
759.9975893369941,4000.272613294227,1.272582115317352,3.50052954052601,264.0920598275982,877.0785108720702
810.8526542635003,4002.0834386839474,0.27256800644802714,3.531594861185433,385.12241534263904,1191.5645374027804
454.5370522426219,2811.160614359668,0.6481180369158431,3.554334541195691,543.4507314354194,2080.9773390190285
302.1940121514878,1038.2282328617462,0.3469866233084697,3.451818691054042,669.3882034785183,2880.0676994930222
240.87248493485882,1043.5431460820932,0.0,3.7084194881256147,594.8279230689001,2621.3898203454683
125.62467359945941,1052.1121501107805,0.0,3.528346162410591,486.15040546580553,2209.132199477318
101.17284694903606,1060.9304734631723,0.0,6.719809197426388,384.18533765300083,1477.4922494224384
68.92709051236682,1064.0216500286876,0.0,3.5957270898757994,245.34836491814698,1125.166509673709
54.62668766439953,1064.716940477405,0.0,3.761393275201519,125.31349883449506,352.1218636097452
29.694108024273298,1063.8588984053258,0.0,4.496939620018203,38.86600163720073,33.77647745539911
33.55537790056917,1057.6943104353486,0.0,4.65963376960731,19.39036335307254,11.16879125079036
32.09325667648772,1052.851436616885,0.0,4.49592257166567,18.301467936483277,2.20951166952278
28.928103122817216,1054.0667823244937,0.0,4.668029353283781,15.963691168679349,2.2118245246435064
25.849199538002058,1057.0993461439668,0.0,4.525908448372821,14.852277660307044,11.21416112281081
10252.888363989647,1138.3431311057143,0.0,8.492835072743661,18.050891206147735,319.5379002816819
46.15517577990989,1132.6605554783769,2.670715876259585,6.641499549413777,37.37772323307491,3623.247270939834
1414.1375796870095,2890.633001722515,3.242780283842031,26.499287079236904,64.42982690555107,3840.4239704805573
2205.196708565195,4283.383436732996,436.15808063518483,74.47959305483339,100.44070664933334,3488.3818786749157
3189.2347165269553,5594.624968416739,1194.7202384492598,86.88226011585658,165.53890918790512,2650.6303856873037
4270.248500693438,7784.781114815204,1599.7516839280333,90.11093748902722,233.6053243791963,2158.448905818328
5621.162617659009,8548.071831941044,2341.6457159538677,124.89098600251,334.00894926363605,1392.8262628074388
7049.7183879942,6365.990285630449,2305.588214149081,176.5866348129981,421.4198561727645,1050.5427963413101
8433.094844641239,8410.316973644309,2946.947126237019,159.99237681901477,507.69017922459284,826.3217034102531
10276.79818494588,7570.349167264752,3512.841894988122,69.90294476614235,670.0599563043756,630.0323708704492
12409.428984003402,6766.330244679462,4331.774968565729,64.62228739644753,877.479572979546,814.6847140100963
13586.922270022595,4881.875177984381,4792.079396349822,106.18185797387213,1038.5678760289672,1098.8063982519175
13469.559866464248,2072.110623404705,4361.110689062439,43.10230755490092,1146.2201783070293,1903.086820768527
333.6438150599418,1454.9786281357497,2487.3685298571713,30.681689188485144,1356.237724303544,2645.3452897697766
512.1779186205482,1529.355102900549,2002.604312623028,18.22216969230287,1296.7851312314097,2428.5873517076384
247.2897538827981,1530.0173187469923,757.1574961395263,22.026611434720273,965.3789107346283,2061.113295321739
127.83946206010324,1103.550653794783,182.5078145514474,7.839008056626672,540.6924904094168,1394.6253550911617
86.71030975399006,1048.1009299494824,0.0,4.288719390613797,302.21874630153695,1084.8539838365587
68.70248642694884,1041.2616757176881,0.0,4.614945083490199,165.36370103239423,344.4933095138572
45.3728602888738,1041.424101530268,0.0,4.363765418093439,78.23582211197024,33.0881387216668
46.64347247442686,1035.2964963833226,0.0,4.636397365175245,30.969308528012807,10.92956258624824
37.2609565125876,1031.5346883971622,0.0,4.369425492315232,13.213041173314972,2.1722756031833534
29.115819281845244,1035.4725444953053,0.0,4.6493231113279485,7.32530380197302,2.1866210585580492
35.07025266346925,1037.1376778945107,0.0,4.402304468100752,5.921003221152608,11.081724494218845
486.5642353016795,1093.9150187621835,0.0,8.270317429775117,10.53367207537694,312.4931754562363
1912.1223176595468,1069.8177108539087,35.87950264897543,6.53714835401398,28.551416897176185,3463.523806493741
5178.661767911882,2788.7916290614894,95.69540423569408,25.25422020087263,45.836413045083845,3697.866787854861
7748.589111474479,4158.536396482846,1456.5787300737034,71.84448019483717,71.40962534770051,3377.0469816715618
9218.377266840349,5402.234418662357,2177.6773804538184,83.41651445357051,108.638133796823,2570.9763887482572
10657.114057173609,7505.6718036184375,2648.638956030065,86.95387122207491,193.19049536185946,2098.044673873195
12169.215231652654,8254.464695494024,3218.317967451859,121.1916874491711,299.9715320394325,1355.5048540853636
13651.334350632867,6157.499763016258,3070.260212995262,171.2049107007482,425.53933690585455,1023.9164106299994
15253.109447743547,8152.253919216665,4080.793245939085,155.39769149054828,587.0618930849491,805.7995926787345
17055.148377006077,7353.970085826482,4634.223273312452,67.82677956216621,744.883975700438,614.5576347336369
18370.34277491406,6582.7797643153945,4821.755388190644,62.98692981888947,854.0120514663828,796.0265514844591
19250.44568032831,4757.359652083628,5245.777544647502,103.58582851937865,1056.8407277028784,1075.84924106101
19007.95615617902,2021.9971665048454,5197.021947741602,42.209067968502104,1255.1322088231702,1864.4442721649953
346.9437602954957,1430.0079029226085,3061.4301093996883,30.11127802997654,1469.2452422008598,2595.0074513635855
527.8508468582135,1506.072151193189,2302.5042560090037,17.939633370856605,1381.7647833697408,2388.8804002809816
225.21134316605773,1514.8791882957737,844.8753086378567,21.783467069664216,1036.972767117618,2031.4513075823384
129.52209239759102,1095.1972038712502,332.8085013579898,7.766993409287453,646.4707001280985,1372.4531775588478
90.61499992678209,1038.7858670333328,0.0,4.41963357826172,368.05146018347926,1068.881127981619
72.2540402899929,1030.4421535401152,0.0,4.396179509518834,195.74863667684212,340.3846005579229
47.599189464125566,1030.7017796792543,0.0,4.424178506529408,87.32812406375811,32.72851161781113
49.65824036844566,1024.8651153414885,0.0,4.479850362402582,37.87402099221383,10.82585265302311
41.901462045506385,1021.6162111566205,0.0,4.358584356321707,17.67586394117938,2.153818048142581
35.19270937868658,1024.3605163480659,0.0,4.572313122481135,11.835860555279039,2.1662975100110304
43.30960788263594,1025.3069819534082,0.0,4.342382040492773,11.077417589873809,10.954441486938082
79.42152881066261,991.1868754493737,0.0,7.535645558564014,16.458810957130417,298.05564400189365
3877.08116986912,957.2741631048161,115.61100431014641,6.232057452901052,31.413982020319985,3266.5684028162736
8374.425441905778,2740.451741065562,43.025889284291466,24.727575202497732,49.28783112539409,3634.4517318770854
10607.104541745368,4068.27013093487,1023.9867435210474,70.47608894107567,66.86784165228728,3326.2996024909253
12064.655268564688,5294.9338007201895,1985.1052966031152,82.03900154121384,99.3307340534299,2537.8089462557946
13527.366112502003,7373.251767085082,2615.940669220179,85.62606757768117,171.1961060657444,2071.175522014976
15109.366633773887,8124.444814511246,3429.72690133722,119.60308539180598,293.67931337107996,1338.075451921968
16546.737240916387,6065.502769644169,3382.1412600867607,168.67977400610812,441.3856254778833,1010.6141073003156
17568.442561035656,8038.473295973132,3917.6412455641166,153.2336371928704,494.5790733547073,795.8303049132354
18938.66355030446,7249.394076555712,4278.817446516466,66.99482339067585,578.1612689817099,607.8716482912481
19058.680047799466,6498.695148617432,3787.1584383076365,62.286875809927494,530.0599512975367,788.7588358557254
19388.105621302027,4701.89334476069,3648.2166851217166,102.59127515794619,564.211600087216,1068.5692909339703
17200.155065933708,1998.0588206110026,2830.8155484936665,41.854064816951286,544.2338743458741,1857.21076591011
112.74419010783679,1425.8380663901244,762.1111032874124,30.212148112794427,433.03602858387455,2607.7206014830585
181.28875933657787,1515.8516877944442,392.417227137479,18.15949980590166,342.0636356053691,2426.223543862324
90.11106861763238,1516.5298482175078,174.15272477192147,22.162323187390868,297.6710896346091,2068.0086655400128
85.92985373923752,1094.3903740484773,86.80476152548802,7.828310524541386,204.83348682690544,1392.905057592525
57.22991040526826,1036.7480519605435,0.0,4.481990605971301,117.17587604109043,1077.9431939847375
45.6681296364867,1031.5921539481126,0.0,4.392164613203814,57.081148942302406,342.25790180489224
27.643718013077148,1033.1040763351064,0.0,4.540823317334317,23.547031678509658,32.95012994370014
30.250990539730843,1029.7271742974185,0.0,4.432661111738829,13.12677934442875,10.916565799542353
24.07863883167139,1029.2727331079118,0.0,4.556404036546076,8.403208393883308,2.173276757277577
18.9028752958136,1035.2431871034137,0.0,4.490568082572964,5.137323615636167,2.1864385557971797
24.15559966578295,1036.7588194910813,0.0,4.5540275044832175,4.227264575221145,11.045271662594494
55.15219896059296,994.7186913450747,0.0,7.349809101841319,6.982950474357585,299.02449873098703
3753.847073715865,951.1188488520005,37.54100041636572,6.237482461050921,17.406939540712436,3260.7887141598167
7759.478925893759,2718.2660387495334,17.75836093726788,24.608690435894065,30.314663098187832,3622.613371886444
10063.13769442284,4053.108922761902,1182.0594117646046,70.36801533804996,50.39347376026899,3314.7855446096346
11554.957885490367,5285.258920114817,1970.633726641417,81.76990952710948,87.76290884895157,2528.1127554155114
13021.141995278362,7353.7460634038825,2508.0025711890016,85.33833904669534,168.10891547572004,2063.4641673741116
14521.421852072435,8093.426411346061,3114.1582267332533,119.19521249775397,272.885838527235,1333.3097782821872
15960.641427990224,6043.812929175212,2985.5076996593343,168.05614332957063,395.4486626763919,1007.2733990472183
17568.65769806146,8007.97972213754,4025.2667383495686,152.7101643030152,562.1876730745278,792.8432007313164
19264.04055012712,7225.649228120415,4489.667803364566,66.71431420808922,695.2756563957703,604.869305188686
20512.337470105103,6471.167239899432,4752.420889939435,61.993625025830774,809.9738133316192,783.6973985439159
20770.38587685652,4679.333766237454,4722.3705072794,102.00643781366965,874.2482197384379,1059.779318000314
18842.108815581676,1989.6276629789993,3560.439101514023,41.534271706129694,794.2972739705303,1840.683792936328
123.97856971436022,1416.0018290311693,1023.4872834476809,29.982637509240977,628.7436506831253,2582.3296223239004
200.78838982031223,1505.920060296,544.7040251229772,18.019464937058668,492.9597176862858,2399.5559087111737
87.78123671439843,1513.9942376612344,221.13466369904077,22.035725340226616,394.5193895959573,2046.5791337122378
83.06854385403645,1091.2490083360178,106.2257149559226,7.768382098032836,266.4358060298344,1379.910861081454
54.543399898615256,1032.9561690173527,0.0,4.485200547851232,148.0171876532373,1069.5524304196467
42.52931162737327,1027.7547237954072,0.0,4.377151645108001,65.04091316100994,339.9830508264589
24.48770269411011,1029.4037154985706,0.0,4.540279788006453,21.620887893258054,32.786588056365005
27.514736037637647,1026.0408961308283,0.0,4.421768949450436,11.69794641571034,10.880789176361032
22.84073172367558,1024.9786839406534,0.0,4.54016132620271,8.431951944052207,2.1699116721137317
18.913570815455344,1030.1616011380165,0.0,4.473659387670306,6.20068297265599,2.180991981914395
24.82293937294643,1030.921642209905,0.0,4.563377765050932,5.6385989264954475,10.98801618317438
123.46338729388142,988.5666111265757,0.0,7.259141614476805,9.336705325789922,296.2825206479475
4283.2804251275575,946.0299307640038,71.84680528375961,6.193291359498753,24.108980450097345,3229.7287690984663
8391.117280261262,2710.2015611824927,63.83685666066545,24.50119441370463,38.49646379953849,3594.9209617535375
10637.500789502728,4038.545404034844,1402.0296621329178,69.88412650836302,65.65071415032875,3289.6118977364017
12147.695954243183,5255.588904922306,2145.284225768442,81.21254655055778,111.98870075017372,2509.039398579954
13637.526122807107,7306.402499188536,2631.162782474503,84.75479885327037,208.50105120370552,2048.3525354217377
15133.712646661384,8042.923920502626,3148.3118400846115,118.37365032827626,324.3254022423522,1323.8562476798563
16668.904911196623,6002.002687198732,3047.620790054326,166.9236380207403,479.54512383001486,1000.3032315372925
18196.607757272428,7957.912122052421,3986.8671854054123,151.67875517342267,636.7859945364365,787.4154591948087
19917.79568169244,7175.507884337275,4509.058010611143,66.29169376299471,766.1666984460777,600.8339413755913
21214.95104462375,6429.919893471615,4885.905414138123,61.5954296029801,859.9801476429271,778.3837772842618
21374.991363997335,4650.219699195546,4818.13381593661,101.2668518431249,923.3122270867901,1052.5819234374317
20617.98116197007,1978.2369583045704,4562.652699511001,41.346962618172235,1009.1816501861829,1826.3651977801965
247.77825674014215,1402.4332967418825,2371.736797153947,29.649458486877005,1063.4072446051496,2548.1932714935183
351.17792845839296,1490.7425236628903,1536.677911332868,17.737231016880873,872.7598512941896,2353.931835581001
135.75311231346464,1496.1185707739821,567.5918920416393,21.57972944334463,608.1163355646307,2005.0176175533802
104.39196581666353,1080.7343390647027,187.10421697104175,7.702414962662545,348.05228770917705,1356.2683214312453
65.62365315416749,1024.1495055165128,0.0,4.390432438193039,177.84544910163174,1056.573926284188
50.525946379712536,1017.896971746567,0.0,4.357245082277186,73.41121330497225,336.63314283425854
30.401805254763666,1018.7746342077199,0.0,4.502664210926886,22.05002243496524,32.478503990248925
32.393461881823434,1015.0723465780528,0.0,4.396470249320474,10.825586277596228,10.78691882705097
26.024823453934562,1014.0288060695206,0.0,4.420272648461569,6.436158243401993,2.155769045062495
20.671915406148965,1019.594315775619,0.0,4.5186602902294615,3.60140212573683,2.169229786469839
24.724887635402446,1021.5773732897424,0.0,4.386376767357585,2.0057106618842573,10.931542852597612
24.975882836107438,1024.3768213162039,0.0,7.792325965258791,2.5333532362498796,301.4312890743804
284.33125964218556,1014.9006286319395,18.249823407634178,6.511498912073448,10.870136735246817,3356.050582587135
238.88422925259647,987.7397080346194,39.20023647917471,11.066721465355835,20.690865671878495,3707.7593307963216
1920.9671178024525,1855.8791816513005,218.62948851296719,17.634042322235967,20.735134353369446,3376.3062070637857
3066.986678703965,2890.6203216433373,301.64559604900023,30.110229226326208,27.636423137495445,2571.921244266935
4518.6462773009725,4079.7873224604054,335.226440434743,25.32901955296211,43.26373279092823,2100.666893882987
5185.768184213118,4054.945925365951,503.9029653842027,34.14088426447073,68.56415227816841,1358.063707730561
5862.57002852719,3978.2736821965336,569.981087467459,27.642150594098062,111.64070071013543,1027.1874560668768
6582.7014035320035,3960.63983615228,545.265672339103,25.025208862343273,165.7703107129648,809.9706221285045
7626.88301875961,3921.273641101991,284.61130587334776,17.19477277007236,260.7112490744072,619.7697523539449
580.4433500032407,4033.8170049300916,394.8116568673366,14.371138979246101,382.7972125714557,816.0886379887078
946.2785167758977,4189.854890585997,435.1518204673142,16.117250404328164,508.52704732308644,1119.5659798062459
557.5631330859813,2836.173377000113,309.24996950450856,6.262839111557939,652.8607572226273,1954.2254463204508
417.8315836616278,1008.1833193030035,18.070790720739417,6.35586579487169,785.437628970756,2722.390178507094
366.29460818452606,1002.3713719021538,7.255319651392741,6.141989479607648,746.2399654910467,2496.619245248774
150.63227714242393,1010.7005568960013,0.07747606079292008,6.552812023533864,542.3115249349818,2112.6286502212247
94.93611104958822,1021.8330428496262,0.0,8.961553303059324,292.0815466794565,1419.66160540296
66.28477754732792,1025.175447627342,0.0,4.410822310868507,115.04527068305188,1084.6286824198955
49.33133483759925,1023.9795791746157,0.0,4.538109754622321,33.350327872153095,340.5955784527438
29.866796142046105,1023.5966420115113,0.0,3.5385035013306103,13.580073693742904,32.85039420179336
30.539292744818216,1020.6798595618129,0.0,3.6337009363585295,6.764781941467243,10.887397318667508
23.496166936422867,1020.4549402463548,0.0,3.5731303285989107,2.9291510163389054,2.1762292929053597
19.10052654052714,1025.5344425546525,0.0,3.4929127497456607,1.5495382640741966,2.189435927989632
23.524777202550503,1026.405414007286,0.0,3.7514120318065025,0.9741919750744676,11.004723162162664
23.67652896273216,1028.4838736462864,0.0,6.37104907700319,1.469926479993205,302.6573457725994
265.17550135917196,1013.4349933463832,0.0,3.6876558527022,8.489223813206312,3378.2039773074353
407.6810361648121,986.9404863862442,0.08496461614344525,3.34557554626342,19.41813323735481,3751.825707218537
481.8166194236026,1731.011713953925,1.2008578946945858,3.552911327239644,23.06830337414662,3447.9488909159604
548.292124005532,2704.3809159465595,2.259125043104444,3.3837138636923463,32.10638739235504,2650.5566900983586
603.6954497785221,3889.400117490864,2.6091643148143837,3.5328093157012748,48.73550909287099,2178.038848987989
652.990957599766,3885.7028687473194,0.31625906711563384,5.160546813196718,88.2432063656351,1415.9883362203502
698.4870058602552,3880.0388501385405,2.0614799284382963,5.35391294761014,177.41598167652205,1074.0323157187117
742.4646475909834,3882.352257955178,0.7078773610571315,8.45048424182853,278.6731099635001,848.3185617390975
812.7996287813605,3879.038060982728,1.300219146662685,5.4445885307192645,380.71284749812406,649.8314979422288
883.9480750732017,3876.479163147264,1.0474729509483227,3.370007230215248,505.5159450974477,845.0669119183615
877.1555017163735,3882.034657227459,1.481126121689284,3.5681884328974323,635.4472274522353,1147.0404423144882
507.90875846551677,2731.8738346371388,4.992426177126505,3.403674769988535,817.8147500008403,2001.261331984711
328.55449968551164,1009.2868536651637,1.2011611606964643,3.569618305877481,942.2722565215181,2769.2424520172895
269.9392756118443,1012.7992258694043,0.15238118210538798,3.4596192658918143,806.819510821181,2522.018274502619
133.61414573407,1019.2340619843801,0.0,3.4749298830192457,549.6851964074818,2126.2845290601426
100.54487225047437,1026.6221350383726,0.0,6.508988133025755,355.869719881591,1424.156005140184
66.87432684379365,1029.2054126174282,0.0,3.5995555415860414,183.41980139798343,1086.0309997059514
53.08422215921784,1028.872408351996,0.0,3.610911430716547,76.60484436727829,340.475433490852
33.9057400132598,1026.343598040194,0.0,4.3268868742131685,29.342236853527886,32.772799763746676
37.47228358331608,1019.8659070410919,0.0,4.617541873759908,16.012595399726617,10.85792844206993
30.992522446285108,1017.1030421888288,0.0,4.339010606596304,10.83113591581199,2.1707927518586794
26.154774580769885,1021.2974909419196,0.0,4.6457574206655625,8.03207495457986,2.178709488882089
23.599362517555136,1025.4789462674892,0.0,4.380628116017296,7.252052486157813,10.94559081614709
8667.767903046419,1104.6955930686113,0.0,8.365834939908325,8.826176907025177,309.7464806390801
99.47636107350677,1089.5001576853892,0.9526595050886607,6.636140151938293,15.87418649329199,3487.937255184271
1995.296814515374,2762.737555762782,0.0,25.28937952851509,23.45398292149954,3692.9555206972245
2933.6697391027633,4092.0519867725216,178.41035033128668,71.2917692068027,30.72549921157177,3357.322139518795
3955.505283045789,5326.29415034873,368.84784442969647,82.99826659950088,35.95355797798507,2562.1201102376012
5152.496061034676,7411.116959295628,607.7400861845272,86.57807760212891,48.164440329054116,2091.6039919592095
6530.276454719637,8166.407512443034,1086.7635132074163,120.48265197149854,85.25885368622686,1350.814329690793
7970.323724136185,6098.929659954693,1150.8009954464912,170.11808301062504,133.682689421403,1019.0547631556308
9382.38145508776,8079.898330957694,1922.2873197465658,154.43410105113318,208.4230269281178,801.3373144726984
10313.3778253515,7290.713179600252,1718.5437096704936,67.61609617297817,217.80291837607325,611.6312749307538
11247.71115239543,6518.962075978879,1624.8770516953812,62.50483351913668,214.239199300556,793.4220619963759
12352.312192275778,4711.166262145218,1985.3879364128982,103.30702917748208,285.39789580741655,1072.8260149856933
11165.568698592642,2001.8494383855623,1498.369604255903,41.95468705185796,310.4848697054141,1860.523850696311
140.1277588494817,1418.3508022793874,423.9769173978672,30.2203441237941,381.3824363784346,2609.0360320037084
279.8245602028949,1492.6445658095906,498.2992768918363,18.09882847159017,518.8354056904295,2411.248414064704
124.3575077324931,1501.1992474110568,214.75807204194052,21.86266289753407,513.6609895468507,2038.8482811767167
96.95839896667461,1075.765482576125,21.017666020617863,7.733070040072046,282.2446814147854,1378.298172876179
58.936360261190494,1020.2387172173181,0.0,4.329650616423002,150.272443245232,1066.4576908075712
44.85396847218889,1018.9758443069124,0.0,4.55162373033085,63.763950624126664,336.87119772470027
25.94143215607618,1019.9480515751225,0.0,3.525217170300377,23.82410063337134,32.518969271109135
29.078158746655593,1016.944403862708,0.0,3.621505318256602,14.184218816384611,10.799680226353818
23.674871478681133,1015.6391480221722,0.0,3.552672097312853,9.612731474601828,2.163495534749834
18.671986786056355,1020.7068353860064,0.0,3.4748214446245114,6.268436506476613,2.1745944963551573
22.516250388835218,1022.2199868918367,0.0,3.7514357620524423,4.27553326256068,10.903310097943995
24.996252612099344,1023.3927026959647,0.0,6.3323821930401065,7.023530489329874,299.46365448574403
333.5112371020272,1005.1152110923731,0.04074469635341803,3.6783098566738857,24.60147695787699,3334.6477782888433
501.0524179199016,977.6603404794645,0.9770077551217485,3.3192990932495174,46.68903500013211,3704.5923689233537
579.4376389715397,1720.861267077369,18.135677182492902,3.544232706743364,58.47277713743371,3401.4635163923467
651.3171790384656,2701.7275027671385,51.48987059457884,3.367223072486664,101.53600451095018,2609.369270579603
714.3815108974682,3890.559889006402,21.907341231677837,3.5152572488772993,220.4445087638123,2145.006514847016
768.5721969454305,3878.679425612885,2.096804159416881,5.128448554540616,369.37015952084647,1397.5538984999387
804.7516596318326,3866.4547830490865,1.1265217322586625,5.334875235795047,532.3685147501006,1061.8389799684871
838.6760522205598,3866.3740690750556,0.9461832215415856,8.416580999436887,699.3006888729685,839.4121875985171
919.3936475209993,3867.086955354243,2.516428123484006,5.43336601923576,930.379506409344,643.0225207916027
1019.7125210848527,3864.776376445442,2.363529262212809,3.360178521310247,1201.1407186836639,835.899576984291
1029.047479078538,3875.2557593171373,27.95926529725932,3.5647883293093723,1435.5602160462645,1131.9247703089213
639.5503887496542,2727.7780178063476,40.909448238831565,3.3853325115964714,1792.5867028314376,1969.384369988715
467.6688169846985,1007.8956037854517,80.07550059259776,3.549070688461007,2052.3887542924067,2712.4851428648735
434.4705620811266,1008.7559545205323,24.78906355148281,3.4174863778880957,2030.322436405579,2467.5745096081296
199.9628950155213,1014.360248905103,1.733509180246604,3.5389906210996864,1640.8716952774557,2085.3797899076058
139.0999137894542,1019.3191656957108,0.0479864888267313,6.330003240942668,1022.0981138024792,1398.2596710348355
89.34014349687568,1022.9378695789095,8.162605854977953e-06,3.5860105644488067,565.4590548793919,1067.8624300770718
70.09056950413915,1023.0733854208889,0.0,3.5795054741447383,284.55555850615013,334.93009880580775
46.66767814859157,1020.9651194828474,0.0,4.290614404198908,131.34733631092553,32.24641369465509
49.48416838318699,1013.8842144930934,0.0,4.5772165472476996,66.68800486998,10.685987701307276
41.381945719857185,1008.6123347517339,0.0,4.294446688487363,27.63247089784274,2.143979804027533
34.516042333395724,1008.5243292449265,0.0,4.593431224931296,13.302435372261803,2.1546160489994834
30.085611203677786,1011.4987990799758,0.0,4.330862777482457,10.105069040357138,10.813303613319647
7842.848900055277,1091.3273212674885,0.0,8.281631116055806,13.371881963567295,305.9381764872506
223.81426281431933,1082.6091562758716,31.76686014283314,6.59497466032109,43.39097811207641,3431.2032644963524
2739.7331883638417,2767.010311886579,184.15970173397133,25.074908559108547,127.23774096620306,3619.7304613772535
4000.435613907133,4120.326677908104,1700.537636523558,70.8104575466103,242.74728898733886,3290.0655496705654
5370.70326308855,5353.8377950239,2628.816824172984,82.11487566144814,367.1840155080708,2500.1786403177753
6301.786512087762,7430.623133402411,3305.245459641246,85.46330504325483,563.7012882178353,2038.0053781350593
8540.38197403341,8152.338997651565,3815.3270885408415,118.41159024949799,749.8235180768817,1315.5901716940352
10237.05632656905,6059.372563114239,3636.374449559716,167.28377710088938,950.2413162768468,993.1862993324304
12156.563159570236,8006.073054393008,4650.902581042265,151.5792793707736,1180.108663639646,781.1556082803794
14569.695144014737,7201.305010805631,5299.923213228664,66.27532664131647,1441.2273690167622,595.3138167670445
17146.572813046696,6434.469824377754,6149.878603921683,61.15934361590877,1754.1531752404117,769.6550420640309
18673.44885258211,4642.466703644682,6769.729626884758,101.04556086838208,2072.1441329512736,1037.8439768590074
18569.918782272725,1968.6552012128627,6320.71844871843,40.71225458069658,2244.1048654236643,1796.5474057774375
531.4392955855085,1386.0357844418559,4113.472692851062,29.392343013487896,2546.2309836998447,2496.8415367349007
856.4501743090927,1453.3686212934072,3473.4141770389388,17.35099650455759,2525.5537679233353,2291.8522086851663
329.1363332748923,1455.5255072301004,1639.329895453502,21.027102700162565,2048.409608974957,1943.280643796192
226.72675470646763,1056.4257194557995,624.1686567420421,7.450578592029634,1374.0662099134381,1311.0717399620733
136.48735026808194,1002.2485222325727,0.0035455466588322345,4.18829101865226,873.3059661838839,1023.2506143982954
101.99448067254195,997.7737385833532,0.479043527763906,4.380502231570148,528.1177578477474,325.65224128773565
73.62516578116569,1000.4912925547707,0.5495414980847374,4.29093520899638,322.71450734256655,31.386530565572336
76.61421834601893,996.0957378322656,0.2915125630422884,4.38778520014987,210.70570065264542,10.411263997410707
67.4614438346768,991.9603013444084,0.03812818561361237,4.297219981287331,141.02010192226706,2.094345533351475
59.8895008770477,992.0531153679883,0.0,4.337448550982003,101.30071270136335,2.10395199607626
68.6635644598273,990.8391791838517,0.0,4.364614328179584,76.03634537225736,10.520227782670045
0.16866320711778388,965.2618150776423,0.0,7.384043183000496,78.8494311408045,288.6165530202057
4016.844629218897,939.6807773235254,665.6722197537412,6.028868161824491,195.1008545572859,3142.4182966819258
9956.713891187988,2693.0539493237425,880.0828682569648,24.072752496981675,338.9920567743466,3483.37261389053
12333.100973188208,3985.07659785381,3565.7570919531277,68.24781180325442,474.6304493569527,3178.909595411086
14131.042703711159,5152.59043256297,4421.442893598385,79.10933646864054,591.9009683260504,2419.67383159152
15847.397840963655,7142.71247832438,5117.925473959092,82.73501149990281,811.0977078471191,1973.8800013937537
17562.095306207946,7849.717223041435,5768.207889764704,114.16201874523017,1095.275913760447,1275.124036226
19126.806370810868,5854.270886362865,5401.550583750779,161.71759916045485,1360.608748118835,963.5163066446432
20741.98435547476,7753.860813985308,6490.512152971378,146.9206048596038,1623.157740788824,758.6161003569417
22772.748930412952,6985.496442324168,7100.955354386948,64.24335410120015,1888.7174460212318,578.8513980027525
24872.213585358742,6253.868485293319,7837.061910395727,59.69585715658558,2177.2902495429403,749.4356626282722
26107.07474037471,4518.139171707956,8356.56410145965,98.29590504766209,2493.756048473798,1011.9195304164422
25126.610259588328,1920.2695092179113,7691.091157611337,39.74430159404622,2663.173446206175,1753.7319963923098
685.3228059395136,1355.0310688325724,5047.784835652326,28.55840973547567,2923.5097537640745,2443.003852272284
1063.233236078518,1421.7439756956844,4114.487362778237,17.02695722629946,2803.8319526254018,2249.10300659013
382.5412072798861,1436.459854088788,2020.0079843480246,20.999306620040556,2238.881250569162,1909.3810532521234
286.4239299124481,1038.5035289445202,967.3636968705363,7.1766784963584005,1638.1713607500494,1287.7032226015085
169.8004820529454,987.0278887258388,0.37491981377420297,4.2706317445916016,1154.0194039595895,1005.8998302340904
129.40979357778514,983.0754449736044,0.23299315428153458,4.183108873038694,775.2357258814575,320.7645112094746
93.92750259042126,986.9700638499629,1.0840477504448083,4.367306251101797,517.3028784779079,30.941900483970272
97.50963902177472,986.2695813531495,2.501097160732686,4.213985229163387,384.82276305196854,10.255425710166914
87.08553915290784,986.7311088196535,2.920663336558552,4.376685941740383,290.4891826813087,2.0629319467516867
78.1992996954271,988.8969410699497,3.162595775836972,4.236730122042412,226.22218590504983,2.069006455481556
87.66422351759371,988.9737043035219,3.1709479398761236,4.348128577444585,178.2939436073475,10.324092732087154
972.8197571554098,953.1076810264505,7.725196934115286,6.932711592090747,190.95321107359328,278.27970922188706
8454.534331492752,920.2731970234739,1326.5666741780733,6.017663495660115,322.5381349835108,3062.676271422333
13941.572949444268,2644.309946697661,1431.6279074409817,23.66027488293351,432.7981510593244,3416.3288752687918
16222.952060362133,3916.3792561470827,4445.359283992582,66.96790086739107,549.1993265083233,3121.4139378483774
17834.422034075695,5060.545573357636,5206.448386505246,77.59530949145152,678.178024320332,2378.3407985226963
19448.355916536442,7022.547424862847,5868.946709428743,80.92901222757948,916.6157937769019,1941.6177175474118
20905.67268312361,7721.888084188502,6353.933883477686,112.85565169084622,1126.8694582058424,1255.1455961841882
22082.329575909564,5763.381456032591,5714.121822731584,159.2577404505529,1282.2776057424749,949.3632777094391
23462.722874727624,7637.804396911867,6866.836730666322,144.73311310058654,1484.7447183722302,748.1974229450361
25107.62241233629,6889.0239976423945,7369.157134735311,63.42816982509975,1694.713321349334,571.3671025758797
26820.83297566938,6174.615317631688,7932.596167892421,58.88773017659521,1914.9046559462904,740.432591843255
28137.211019212515,4462.924810748536,8219.621369272916,96.84928907596456,2132.3644694075497,1000.5716441069978
25902.88019309512,1898.911524517741,7232.5176331787825,39.53159569387247,2216.397782099545,1735.9611366458544
570.8820091802381,1341.724122924805,4794.3040022311525,28.340407116431678,2471.32182641155,2421.2049896842245
887.0232254278856,1418.0441207181366,3867.0706458451823,16.924757427650963,2292.627831702968,2230.958762882332
315.71899687591093,1425.843284045108,1890.253016355821,20.55983034186856,1858.802459324937,1895.2077934078497
241.57002686283138,1035.705729673303,925.2861580714736,7.3221019971514965,1410.5959022561296,1278.3981904380998
158.07480296550767,982.5223598550298,0.11508128237638436,4.070378703303364,1023.8943710944804,999.1212342070644
126.36792692946949,978.2496661304981,3.7951177123697315,4.362904579173956,716.5144514887667,318.1263059884239
94.40062462750872,981.4029920392319,2.083936271298926,4.175487629606908,485.4976921568665,30.683239714914592
96.22590874085353,978.2066893146219,1.4432714029447802,4.331777400331887,344.1542780841266,10.195064488917652
84.59086767755184,977.1420273246431,1.0226251372347084,4.1922371072032965,249.18173643492963,2.057268436859973
75.57614755453108,978.6599648304522,0.6283788706954924,4.367826124355969,194.64635728558136,2.0661020500483125
86.23813216960461,978.3580343136372,0.31935841743965915,4.21615317736594,168.6574359027722,10.305250284974035
88.8639905863029,981.0651849385395,0.22892084373523086,7.424676446271391,194.14381410315056,282.89357903852584
617.3246516150074,986.6962432229368,1178.6344391780028,6.131403767579,333.84459344763184,3123.75933102636
1774.623601585798,970.8002076255641,1047.810826626927,10.827319506456597,449.8566421872779,3459.977577072618
4435.892025243731,1798.0208842712066,1487.1603530474576,16.86957460172192,451.8884526130921,3175.6080576374434
6784.5581651263,2796.2155166633156,2323.1226358975887,28.394468142092315,594.4490154487053,2426.8259370482233
8973.722729750187,3943.936912667307,2782.598116930784,24.401119135970486,796.1234950614602,1979.1023498436743
9921.779524496422,3920.1436563647426,3212.9284560709107,32.96744306744982,1039.49467306187,1278.90772047593
10586.428524608416,3839.7914964543866,3144.6863725786934,26.043965135548355,1186.8451700867568,967.4130737716451
11321.820202832965,3822.231580313826,3155.3188632107735,23.80896539268498,1351.8476692281142,763.1579728725496
11651.577781470925,3787.984410663682,1855.5464873626142,16.48540270163157,1263.2805644851708,584.8049010820652
985.93740837712,3891.9413997125794,1920.6927982844493,13.769300420852526,1378.144072278891,768.5693908095212
1305.1181061661923,4039.5419519683455,1796.8994116014728,15.40570745119086,1623.0941145817205,1051.4437876031805
556.830608030442,2743.673179572259,599.4553466637012,6.233058803930957,1424.3313491159295,1846.901010196161
333.1030582939878,975.3703141279137,0.0012804733507388083,5.911772406536834,1245.4905065478906,2605.4148965064255
340.0238538975299,969.737418870821,0.2831692954757702,6.287750445431188,1082.4806309907972,2402.73570702418
163.95689917981397,976.9962923141187,0.056183045001964645,6.185205003524338,874.1638895587007,2029.0568646811043
135.96737474204534,986.1960063063802,0.0,8.58913356640144,585.5455415237445,1359.6678964859304
91.88157332484386,988.449132217271,0.0,4.448024826127443,337.6034868970237,1038.1038799392052
74.32049672208736,989.3086920747211,0.0,4.255523001791656,171.89836542855392,325.7384232218515
50.34508395220891,987.4541439269727,0.0,3.5346798879909684,81.7479352032818,31.424176001801776
52.918878667535765,982.3513005235329,0.0,3.4431193109342693,40.176055067278035,10.435384454986533
44.08731845638853,979.0926469185065,0.0,3.349143009831581,20.464804689600918,2.107020042124631
37.40835053447845,981.5051475999308,0.0,3.6192940712088766,14.924339940675488,2.1163045919380408
43.52384233649668,982.3691139824795,0.0,3.392851741636914,12.121400608429415,10.533763842209085
44.497117061639784,984.9886247286445,0.0,6.43092590631261,14.719407161894287,288.3896894814165
386.11063806355656,972.9410291175707,0.21297729439918478,3.3526021519451192,36.07108202824924,3224.755161350003
551.413866098417,954.1376974158349,6.028295031760935,3.4692149490714375,75.222535317581,3597.109079885864
622.5487595381119,1690.3110803175985,71.12896059334992,3.3159865892849445,89.0863572918458,3297.995270741294
688.3111250232793,2653.4277675403823,142.4954577863234,3.4492484769504723,156.0492947461185,2526.8328028784754
754.0593959705072,3820.8692403959726,90.91656635859434,3.346823207357952,299.51838807760845,2076.0169028918144
795.2343907778993,3807.2263821182146,21.132409052916124,5.160970957955802,461.47884055193396,1353.6075604643902
813.2918506124648,3786.9736015252943,2.1897124515767623,5.0866720486872605,620.1167052713295,1031.206467750824
842.1283096063516,3784.542613378006,9.993506191998375,8.52168667565743,777.0637537631259,815.8573564254194
918.5051001213711,3783.718058680843,4.536989507609908,5.0772807783741,965.7925731264914,625.2262976072436
1014.4509987243817,3779.7628974981253,11.448769695170851,3.515479843935758,1154.7034326962123,812.9356472806915
1106.4909626315255,3787.534516281228,44.351261290959314,3.32309716346244,1370.7211060079144,1100.3930997180232
676.4336614378743,2666.2248743155224,204.75409489261096,3.469706445497962,1641.970380131478,1907.624907028933
505.4426035758237,985.1966128693399,170.76132867592662,3.363543544385615,1854.7945889167563,2625.2060431278437
464.85209785121094,987.7906428386002,125.42628550626446,3.27469241781884,1810.798034526551,2388.473603973273
223.8897650873436,989.9431359293596,3.792632023733104,3.5693384410720346,1427.752535955659,2022.9586011195674
148.49478757465434,994.3067054701122,0.0,6.080047999081715,798.4652411100634,1361.6483377924958
96.00347470610399,995.9449025384185,0.0,3.6781014757315265,432.4447995650384,1041.3281530701984
77.76721848340931,996.3383857369518,0.0,3.3913346005982583,232.77464061145676,326.72289297350204
53.48408306058471,992.4793760341865,0.0,4.479778818338505,109.4890151653425,31.50125161954588
56.36588327135675,985.1162552620244,0.0,4.240329998598031,56.85818153855159,10.460944661016818
47.82594820704481,980.5920859340473,0.0,4.4464500582182795,27.242811793648247,2.112116115506955
40.27140076388659,981.1488780517441,0.0,4.26166932014561,15.610826561217815,2.1210752224986584
36.20651445805263,984.1386532367071,0.0,4.480260341513637,12.99973109271367,10.564439947446559
6667.1941831343665,1063.7975709047428,0.0,7.789299771097889,15.584577949135255,297.6997590810487
255.09074772468693,1059.3756165669383,40.14805740407436,6.555780102384749,35.062727554202475,3340.1144401189636
2514.2486759310395,2705.9746420539095,82.36016966138322,24.47124566184381,116.10608068903414,3533.211179562689
4493.10828196133,4020.680990532519,1894.7136662450425,69.33786110508721,197.30560899365108,3209.8484479880235
5986.123146288044,5228.934327647035,2833.4746632259116,79.97300875818178,303.0641626287181,2435.3157592658386
6993.1518747671225,7252.451858265399,3549.337496211187,83.30149866412238,500.2725914252901,1985.0213849463996
9407.43127879781,7956.315371287071,4186.341951378116,115.88593862282583,702.7224937742249,1281.1788048297449
11045.319744809953,5915.4457523809315,3798.532501964044,162.9095777187683,868.8984981925621,967.2453470716047
12974.86938071805,7815.13541110313,4798.351855595906,147.83933469729786,1078.412550191599,761.0868687973069
15212.996866674039,7032.678798268021,5448.664417889526,64.59865508971642,1285.5854974784004,580.2233197338475
17292.515081097685,6288.445374506643,6164.496080560023,59.92009616421637,1476.6906173565844,750.4683239687138
17691.37040132099,4540.938280094712,5964.138759523461,98.32023853574557,1553.8488171915353,1013.463771766877
15917.975622226979,1928.978000808107,4320.737891495549,40.14511263176875,1470.022009434191,1759.7884634177976
207.29466580198888,1364.823303123585,2233.778335442615,28.878670208468716,1591.5214003805722,2455.8775038074614
376.8045179673909,1444.1033906480586,1965.937702794384,17.23617785810827,1543.636224301935,2257.756423948698
161.26539272257116,1446.7544609756642,808.7390806468663,20.878457902164453,1252.962519412058,1917.302191510926
133.62324611666608,1044.6593468484919,377.6588674250907,7.420296879523489,888.3910866849977,1292.9274133764634
94.35150504303182,989.7721257982628,0.0,4.141738646945334,586.5190937298773,1006.5440716060568
75.43374200144102,982.642270942009,0.0,4.374443331923429,354.516051584465,320.4832560014706
49.52763102474088,982.6563223507512,0.0,4.239903701549914,180.5441914555282,30.97989154293944
53.12400329123963,977.7944375845169,0.0,4.3886587253122356,97.40030883488821,10.308353998774633
47.73439500921036,974.2646326424281,0.0,4.241673549232702,63.50483219653973,2.0879420595175744
43.92541764885111,975.2565356373397,0.0,4.374705011159332,50.30413673875417,2.0958289518861504
50.479712369983886,974.897901603818,0.0,4.261564859763332,30.602060449049315,10.394252707911603
27.448070368676888,985.2445305034626,0.0,7.548156288820714,35.672598215973295,285.84479087396903
3354.429687053719,958.810394709998,229.36082777484202,5.952178530022732,92.86677088677327,3136.05891738679
8708.509406703099,2613.0224672259355,66.2217802746198,23.508238604706168,136.5863637800318,3423.471073858901
10950.395966450807,3875.913647297595,1837.4100556480298,67.06007228269496,204.73165551544952,3129.0918172286974
12764.624104579523,5050.725881534872,3202.008913297183,77.92457449299121,333.6209119407807,2383.107876820833
14543.280655218752,7021.290064876582,4099.621651657533,81.40322423583463,546.8778365434767,1942.2100618345225
16186.167806006983,7717.309785177787,4716.918033624775,112.30911638922609,727.5640376788461,1254.0632368641104
17665.082668223422,5756.570776964391,4340.150301269632,158.9972962793062,887.7505856267861,947.5696157095184
19278.81620713056,7621.746631387823,5380.425909436003,144.47905503370802,1103.2125113288153,746.1405676602577
21147.52220538815,6870.116496112154,5943.54632193968,63.23763043322534,1306.6344476568727,569.4047036572357
22789.568448498125,6153.640704988524,6417.903666671972,58.77673037411881,1471.091844428896,737.3479263234591
24084.875918733425,4447.415827837041,7157.46972867648,96.4799578630546,1751.6951092290735,995.7650093000419
23163.604053173,1891.4117765526385,6517.063360866384,39.367926249100684,1846.0531612036948,1725.262533287899
469.69455464261256,1334.2099896029492,4018.956562064467,28.16614567490507,2018.768927606169,2403.616155293914
762.9264719553701,1409.5985153440154,3226.0632473112105,16.84564694181775,1988.5093734690365,2213.8826316599
254.14954204000244,1418.5130150652296,1479.1330124988667,20.462414633123824,1627.33185857375,1880.4305411897774
187.86501561972585,1028.9996942358093,628.1700522603658,7.337385025952214,1123.1575393136727,1268.8561725635473
113.60777838451493,974.8984357124158,0.0016228082027427541,4.102134382896534,706.4705986457462,991.3457659896908
90.78473181061524,969.5392320025366,0.2898857411363977,4.302136990391971,419.9220138669526,316.1018640596854
63.170628577381585,971.3362094826508,0.2652048187138675,4.142320758813544,226.333602632161,30.56605390609791
66.06913365923312,966.9370808621709,0.04179128273347112,4.39726784125869,135.63949228384587,10.182922476626025
58.03235682325501,964.4054290852766,0.0,4.122378084156082,89.59218111223689,2.0669874247653244
51.09310382001797,966.2947645727696,0.0,4.413930915941999,60.89431871755251,2.0763287752398236
58.659446636504356,965.4999736896239,0.0,4.144574849565114,39.39701666544495,10.296833278433171
417.82685408071904,929.7964432867426,0.0,7.131668050671591,40.81879247915599,275.7909184731616
6278.448241409158,897.3453425962655,302.9227930798248,5.87978795670015,67.70442493194349,3020.8831200096743
11631.520640489158,2572.101891016129,131.73802404951113,23.231449590856297,95.4167757062325,3371.9270572259015
13482.532936220905,3816.4012814393477,1479.260727089542,65.74175972214316,141.49808664977573,3087.6874658509987
14928.7298007339,4961.161266443189,2149.0921197908447,76.77695847635215,185.59516078460456,2358.0934488138078
15716.801366727885,6895.8387758131985,2024.0768139112738,79.97715258895003,176.91731708110342,1927.8897882922033
16790.61830334804,7591.593820605354,2253.508706960194,111.053923498225,198.36318389761826,1249.0555995041182
18216.414333497385,5673.687037659656,2557.0197081722117,157.84164194861722,284.0189936752626,945.0037635496172
19558.428348825,7539.949903940841,3916.229094658085,143.40048366400916,406.64217170476746,744.1188543264485
21498.527238753486,6813.634764553909,4951.605632929514,62.81128297756781,625.810222278446,567.8239659167335
23391.99036556003,6110.589107661541,5772.7358756272515,58.42104496570915,874.7960777155864,734.82850036534
24516.483201207247,4418.550483215597,6292.253051443252,96.52071607214268,1200.2061847139805,992.1069553008052
23416.342253047307,1878.7560444110059,5673.017064005081,38.79405143058683,1379.4329434486851,1719.226837002552
398.9115668552818,1331.1676630514444,3465.561765085001,28.36259331844687,1616.4219424986295,2396.6180100868387
575.3703896734198,1405.2292110954506,2524.220072833515,16.86211144482732,1611.2760206937992,2210.6155488390414
227.65387164654246,1417.1479647600318,1112.3090605804184,20.612248441717224,1358.1290731337197,1879.3778115332086
169.0969527361071,1025.1742050140754,529.2245902159997,7.087289103650159,1039.2763674373598,1267.8654347758606
109.39319597771431,972.5515432071818,0.0,4.2653587481528,732.1155634831238,988.725445103292
90.53235629593092,967.2545125853046,0.06133925645686632,4.140551970287004,475.70900284610633,315.0089090370908
63.19147963955273,969.9959355294498,0.18630232867465285,4.356809757641231,265.42371515102303,30.453602387790948
64.36804002471432,965.994435536522,0.08024190234397427,4.161626010725727,148.46822210856942,10.141322167241173
55.673608736792715,963.1838659324058,0.0005665251999444,4.334733598159377,95.1484066530733,2.0621559695821823
48.25290755910605,964.1753148070399,0.0,4.195148222328885,62.39399525344478,2.072240628827616
55.03352378675249,962.9127730035146,0.0,4.355047469627445,38.416469177080714,10.265741372856514
763.4230209379037,923.9924185954436,0.0,6.798080598615297,34.69893314672646,273.892738073526
7306.18487354834,891.1034957422366,456.5196871232763,5.908060126408566,82.79562778811894,2997.44751010936
12795.720703909441,2568.660746616809,448.1274881360581,23.13689431494223,181.18141282966735,3347.254199036525
14766.353282187858,3818.2638623068633,3095.6852089209815,65.62471857991048,298.35927926034117,3059.4688255957126
16483.924832304132,4956.508770905279,4086.552403297871,76.10159535900415,437.6378180170625,2331.4447019095037
18230.474172377395,6880.986879073225,4918.3623199022895,79.37071557132629,664.5509182729014,1902.1978907042217
19861.339924904827,7567.685199054478,5558.8718499381075,110.47269268882197,897.2685570004616,1229.0457270470176
21183.64786746085,5648.137552065309,5004.756549699305,155.89546642309645,1067.1679292148178,929.1626073203088
22900.65617665473,7482.630921409827,6325.901472577954,141.60627682485773,1361.9076466703805,731.9001518662933
24959.86560707267,6749.027870167591,7157.448926759061,62.12692728393824,1683.774742526095,558.4864449195628
26879.799188217108,6043.640919344883,7901.50661569628,57.425763358477326,1957.137630287034,722.9656567207467
27515.752886813138,4370.803413557975,8031.914845274276,95.16652730297291,2185.574611879168,976.6227570742801
25962.951547186807,1856.7022631155992,7061.036229947192,38.29219000180688,2289.1647233407516,1693.9700508657354
376.3750364247291,1318.941201561979,3657.1045360914713,28.18217337766416,2223.6668505060447,2365.780450570195
586.1445795591917,1395.935527889401,2398.781765358035,16.689475923697305,1914.5057865640906,2186.7764926397285
192.64575059538413,1403.0041803428185,1082.2709219579149,20.34612215400806,1533.4405486076034,1862.4567489603842
155.7465946896165,1020.0310400728188,615.435035854172,7.035072599868922,1165.715729642648,1255.3021706426098
110.9240070908554,968.167879837612,0.02305948771279453,4.239587500808034,814.1422651248873,979.1788132059019
90.97508858492833,962.7776313356361,1.1512928998622596,4.069124835058006,505.5310963967767,311.9167526184799
65.22547383338409,965.5340238250573,1.5071478177944846,4.375958895363618,320.57853809804186,30.16362202049112
72.73260055589641,961.6432341252305,1.4219957865613637,4.085651404776162,244.74395458029878,10.042407262343911
65.14358572989873,960.0480455588117,1.0755031402235653,4.36767560776602,180.65493309868378,2.040556252002098
58.197483877047596,961.5038121860204,0.6850391936957023,4.114768569861384,141.54858567573729,2.0490328937741173
60.65642949279286,961.0344267635106,0.44584306788191824,4.363727617089406,84.02649501924334,10.13964898260076
1199.4720191570516,922.1318017206838,0.21862118324810892,6.70238442531335,58.3714241489314,270.60211201420043
7975.720408745283,885.2665850923801,374.0983097114842,5.884066812950885,65.02451845188925,2970.224279234886
12315.255203586328,2539.691602566441,169.17456265945472,22.899889129409996,63.05212039970021,3323.3029870613254
13944.793470955745,3767.0378797403646,1098.379200606901,64.97859193385374,45.71413036626397,3048.1297126704376
14711.320356227221,4883.132324111974,1175.7695546949608,75.52621581937836,31.457266927416153,2333.0208762262887
15394.22829269957,6789.655189791951,1215.8731925356428,78.98788177099244,28.195058809919725,1911.053921232265
16063.310293379958,7483.34439241634,1366.6054587047101,110.53769675623069,28.21496147538569,1239.2320655860835
16622.79287768408,5596.539702413222,1145.5520855399868,156.0146231048087,25.576204183338362,938.8645008939685
17103.55596831758,7430.661246824507,1477.6339506222635,142.15752589818152,25.740072317198084,741.3416104131594
17536.19550616388,6719.320077144905,1437.1594443854142,62.42786487790072,25.34884635158042,567.7337271420695
17908.735049740706,6033.308376780551,1437.8928680556962,58.1252742900568,26.572545296632338,737.5581987680212
18123.638271155167,4370.187952700838,1409.6226293410973,95.78138424842594,30.528581854957146,999.1227993341166
16073.572414948374,1860.4370703176317,1081.6234953129665,39.08189546507511,28.08755288587328,1735.644575851014
79.28694824530555,1329.0207372624689,298.69623462044973,28.627717720850757,40.04063835619712,2443.6468092499163
125.15150844559123,1418.662873246479,150.21866045806843,17.25527470792871,37.447774370877006,2289.682615417926
45.00427801480539,1427.4153043269755,40.13896932104384,21.07355777313045,31.553185118301666,1955.3687091717331
43.080636803340056,1029.8259344986247,16.619362536424518,7.491767220557228,23.435303685421353,1322.463367478917
26.094869383786875,978.3187127316212,0.0,4.240428032137171,16.112695766202226,1020.3504150146326
21.713357512928436,979.0777213966327,0.0,4.393607797446066,11.247124334975773,323.809022289435
12.013489849045818,984.0907159252821,0.0,4.328006252122096,6.613724939599733,31.400876563310188
13.840129367645515,984.6790041716425,0.0,4.448920094177588,3.780214444246515,10.488349417035694
11.530610326380616,984.0295033139765,0.0,4.3639295562201905,2.6322270904785414,2.1339941430893914
9.458189969111132,989.0454224666381,0.0,4.377308298058416,1.6830931425326672,2.1452732589375376
12.757756737423204,989.4182061877674,0.0,4.475788768867127,1.1532436660297207,10.589710593679076
12.149502673758079,989.2584412712337,0.0,7.594038062072389,1.6674482222479192,287.6397722589457
208.46247672386554,971.5684405970384,2.1989419406881803,6.130761922446921,3.880043366572138,3188.7734777208975
49.09481709615545,931.7846185302894,0.0,10.882762486416373,5.8072457324160505,3540.9723878623663
1438.377017292086,1736.706208406962,0.4919001849674416,16.907563378168916,5.913619185520686,3229.0826809087084
2509.4830306889744,2696.7566311260007,1.0099796970869102,28.136192502950248,8.625904852659847,2443.01155929502
3583.511841607792,3808.624942805875,1.2709177917843832,24.008094557358664,11.931351547187498,1993.3136479023528
3964.3593094062257,3791.2285196769485,4.674689426037871,32.886680738717715,16.68948574462186,1289.6358982155214
4330.335719921651,3718.856765929054,6.448008130682587,25.922968089697896,20.97278248396507,976.3418720078332
4715.325594056313,3708.0986361437554,11.065338959650797,23.70753453494754,25.155094532304897,770.3347856967638
5073.3222302414715,3683.3459091195004,0.9556850824654792,16.428332395246155,28.843414675735303,589.5767185289867
391.2853450183138,3777.2123955657685,0.6196313894846914,13.755292351187395,35.031937277741555,782.942987494109
610.4135392945749,3899.5111522224465,0.3163970330931277,15.559238114944996,49.58123292750339,1086.3168140709718
264.228289618986,2654.9338877053074,0.0048531918049358296,6.105283269507442,97.81930778372927,1899.1013043178202
154.48734238857227,957.1340793966136,0.0,6.267496800978652,149.70677636565225,2638.735664751586
134.01024860790227,961.6033107901877,0.0,6.263456156030269,133.7881251932529,2402.093183226517
51.878581033744894,972.0276539277694,0.0,6.16977299551634,101.53462637075862,2027.8561856476401
49.45908551420634,982.677062307503,0.0,8.736448995373584,70.53265842645438,1359.3989746124028
30.34185141007269,984.727124839286,0.0,4.284240586539881,33.87486588664008,1036.780382594045
24.237688739466535,988.3892062149722,0.0,4.5112161901307575,18.31299850989515,325.88369435020934
13.663416647719341,991.6163829041936,0.0,3.4631884428456208,11.318832732827945,31.58521109499329
17.27195392627877,989.1204214294455,0.0,3.63149299521099,8.464608054588567,10.526496278277921
14.704571701586774,986.0280104001477,0.0,3.4796119295827537,6.73080477436943,2.1381772855564667
12.490449847642829,989.5418075275967,0.0,3.604697639303226,5.563906941346499,2.145373491767133
17.226124001835565,987.1869085172827,0.0,3.5209685987954344,4.884697620816778,10.558858985579771
18.187887393077258,986.218289323686,0.0,6.425504769684074,6.98845353904636,286.33121716592575
252.20323667249923,967.4378390728309,0.0,3.4249980981589707,17.932254223237933,3182.3501545672793
386.1811696372803,939.0166783377641,0.3069974089469361,3.2309175028617516,28.21990554247794,3534.7969164738333
457.57884182353587,1653.2044566284844,1.0812450612001556,3.4861642893231166,29.83909383843988,3248.8480486581348
509.82120812963296,2569.2527616719844,0.8379150268737854,3.2662877605116014,42.55371687025882,2499.540897385463
516.0648298351202,3693.072049134241,0.02442089447745303,3.467294655419283,44.59510644480582,2056.7815817907594
567.8401657843802,3695.223338742268,0.03193314602211627,4.974783629588743,83.64274998756517,1338.666210907611
639.3853394415112,3687.6858861524875,0.09781405789541417,5.187413927655921,172.65173774518217,1014.7267421860374
677.4867780408684,3684.7786223848857,0.0807886295566557,8.105726210191659,233.5990128462181,801.068388663877
725.6105581117763,3684.879506889349,1.6042965001512062,5.265967235024273,310.8755330905634,613.5563824831323
780.9332790221122,3685.3800955124766,0.6782002157707261,3.257035235884076,427.49854966733744,797.8280483748857
862.4833471490005,3687.6106699342326,0.752001169648938,3.478053142854936,638.3746951738522,1082.4587536547956
405.9641333147983,2594.7460119289444,0.1305869470469471,3.3040801589479676,702.6718471422992,1890.1493207947615
210.41562388018195,962.2465773674528,0.21153793543240673,3.493136222963393,698.9740177438396,2620.884891576472
222.43944559646607,965.6930168486571,0.22237156485818296,3.3657199215351428,650.141450210774,2383.807479519444
112.3267157713392,970.5355940752819,0.002350506263127428,3.442707292215038,526.3525951700929,2007.5142289176652
84.9106924751974,979.8893109867219,0.0,6.218211912690817,386.3807136930508,1343.857030809194
55.418833364394786,983.6548358980046,0.0,3.526613889634888,223.6261898884845,1024.469605629572
44.082265158604145,984.2158234612845,0.0,3.503279614092123,103.48959010535614,321.4618366925118
27.701388095134856,982.8227142352288,0.0,4.205771876218636,49.702925335232756,31.13536645399068
31.916425512215238,976.8544421192966,0.0,4.48712763461129,25.311313738719416,10.377378666003844
27.969321912402602,970.9802080872403,0.0,4.214464322111727,15.653665133197125,2.1139419604240484
24.782387656940077,972.3956872484277,0.0,4.498482913358345,12.721656889395595,2.1207159695754774
22.60010522662848,975.5878486029994,0.0,4.249177900379224,12.493453339491602,10.455192389398025
9673.555082601571,1050.8503084944946,0.0,8.029163903337178,15.31378482241419,292.1011575139994
120.30221624667664,1036.2748077079152,3.1770111582155587,6.364593799081044,28.228954455757787,3282.504919169615
2154.919452029321,2635.7535954833743,21.790143545315736,24.148978313301175,70.46475373716353,3469.333669857147
3173.8786130992535,3932.8031893595858,1028.1658718352435,67.73600620626456,117.08312062434113,3147.7043114988
4296.312487160377,5135.9326304609285,1809.4015814340576,78.94411258980598,207.04666097806086,2393.1274327001743
5546.08901578059,7132.174644638258,2379.354695027106,82.19037362497465,339.8297004151088,1950.7255500008166
7068.742114292336,7835.666020412057,3345.6002316234944,113.29360295294929,549.0496958987547,1258.9909252342693
8454.127871673267,5837.514413008619,3194.885901304526,160.43341331801685,675.8272104149307,949.9770110262538
9707.444235281859,7714.18640371129,3695.347470494289,145.62263003825288,728.7372617706656,747.8971958531205
11745.442923574921,6943.379412115333,4493.637959833739,63.741379664917254,944.1270040121825,570.6826345401959
13738.793951154406,6209.813255106485,5321.424584259653,59.15895368817186,1126.897921339534,737.7817120948762
15074.510117096117,4480.782850298809,5863.823005375435,96.90946695595055,1315.3638903762464,995.0349985549166
14548.432873404923,1901.3899856797173,4945.757098628236,39.50130051719385,1353.0128019036354,1723.3731802496843
299.35075443251566,1341.5036269613447,2811.6001825822414,28.225951725398527,1428.5502253257523,2396.125087714995
391.30714351466486,1406.9114412951571,1807.9549969866132,16.881806875207864,1156.3481254530889,2203.4748947945623
158.57159608330335,1414.2694749794566,577.2871900406622,20.455672998138876,873.0129135856786,1876.7407566593247
120.65517419838801,1020.4537420925299,215.1987068887512,7.34838623723315,598.6545848101558,1269.1073910073028
80.57778739747862,967.329137731602,0.0,4.085289752644411,355.578554892472,986.5970607305193
65.3242849504258,961.2986977685587,0.0,4.373501460820855,183.98311194101734,313.9167533958979
43.096192069397894,960.8291361572274,0.0,4.122190886216968,81.78504694840697,30.444559626866283
45.39072479554541,955.8235844510134,0.0,4.3915357305709755,36.39757351410876,10.166019063597295
36.31117663205406,952.5511066414343,0.0,4.133970723062439,14.549275504830717,2.0778257922798335
29.65418444099972,954.2832696398576,0.0,4.424037261751026,9.393871840559076,2.091618229111064
36.031820764467845,955.3711108624976,0.0,4.166073298397767,7.926678532255626,10.298427299806809
382.973459269107,1005.605722470047,0.0,7.755677297821188,8.5496668252667,284.9064299843951
2205.0104771526244,982.4974906672253,58.71118880641125,6.115957731428577,22.872620520802865,3145.7789077722036
6159.414817567974,2566.6582839159178,158.99545160901982,23.326623729380643,40.56220444821296,3357.027902640437
8585.642259700906,3826.497173722881,1571.816773541843,65.54560376173028,61.67618143910862,3067.158571500092
10147.282587283975,4968.116793428069,2394.9319327976837,76.56892913906987,106.1156795348559,2337.1383423450275
11710.730731965088,6903.825730923075,3029.239230351487,79.87009519693653,216.30163228216537,1907.1724293760587
13327.279530704644,7592.481829600483,3698.28767228164,110.17565239718394,329.99638655816346,1232.1793125196727
14940.008331153953,5664.304238297962,3517.7849281291797,156.29946454858253,477.4256326211972,930.9333963624322
16718.868961081807,7499.087472904184,4595.3522928309585,142.01859150819968,704.9105615131415,732.8091839733984
18660.38652350409,6759.806431955519,5175.198053857425,62.203665560656006,903.8734690117385,559.0311550443674
20576.434877462798,6052.802148379906,5861.407544417087,57.8065089467597,1096.860232493109,723.4162228045029
21896.56716819798,4373.384546376827,6492.869632239068,94.7299186968226,1336.263361742512,976.3173261044418
20781.972264019292,1858.3924710686274,5628.706650405115,38.739178582374244,1401.372554010278,1691.4357320422903
350.5340861769901,1315.949981114253,3300.0003980867727,27.758046409483097,1523.9186939984,2356.3590773192636
524.6115511936734,1386.854899292954,2535.5825423327774,16.646923434922094,1324.996929680339,2170.177835821038
160.2660021279831,1397.2702647775836,687.0780783673742,20.204434387747206,807.6865442623838,1849.462448148169
124.33601090883214,1010.3377351065885,262.2305080302878,7.288000373265268,490.4759610331491,1252.8310026242764
83.08717196145072,956.7346879319679,0.0,4.008584108271439,285.3625694291114,976.33457134032
67.48197579211666,950.2470003084738,0.0,4.3412073264191475,134.2443399945465,311.25088542352177
44.646828319333736,949.7599408633641,0.0,4.097127304058884,54.95284149698062,30.21748420386494
47.658572485268735,945.337485229299,0.0,4.361923507314246,26.095750014866777,10.101530942662725
40.47726818270652,943.2221062998326,0.0,4.109469218537083,15.073187223651884,2.0668719075919255
34.05757537117504,945.0121844615646,0.0,4.363157617043142,10.812353842788013,2.077465234548763
39.79693010288549,946.3763243186428,0.0,4.1410432053795025,8.321734135879229,10.214703025900347
73.4771297645715,913.6051553608446,0.0,7.067456315996008,9.274332181142832,272.7805435004983
4358.6730030871795,879.9965965993887,77.85109741867879,5.655443803376065,18.232423990831553,2978.356422819526
9106.26034914903,2517.137368464322,16.6432218134398,23.15302367084674,37.071785594381055,3310.0371984742233
11622.84398942001,3749.993642447078,1633.9034827822718,64.48608151054873,79.11277635873766,3027.862174971439
13413.9802233476,4892.852029361657,2680.5407947915282,75.52852130270095,174.67022617467876,2308.566207978921
15261.228331325552,6805.099201711788,3566.2669743491083,78.90398480257971,372.42050160696914,1882.828363208196
16955.41319895976,7485.298466182548,4177.2690688688335,108.68161087770372,557.1321968182842,1216.081268157458
18683.584178689616,5586.889714739513,4245.208590780178,154.22015746959647,745.6749237934276,918.5713468345245
20182.34133798512,7399.751463345861,5207.388198539931,140.09290345417236,873.7870130815548,723.0011021347564
22249.573698799064,6671.225260451099,5971.171502306004,61.399036633281874,1157.6114791037467,551.8009330393824
24254.252669989008,5976.374472891438,6825.094359703003,57.05844285703344,1436.5879031064135,713.9999313727861
24585.899948979826,4319.624621784283,6680.501895172712,93.48173302677932,1587.7634695652437,964.3149441452381
22895.09482065972,1836.4396118736727,5620.930740007712,38.33842139070392,1588.012618216513,1672.9665989016821
251.3669569940466,1305.8760287928296,2367.7985691133235,27.588594915915014,1360.3931559540806,2339.112932516925
392.9232542484393,1381.0190701555207,1436.2672980488426,16.596864841378114,1144.0972471105854,2165.89475934716
132.2768023356251,1391.2118555707789,578.4323172529421,20.211336244601096,976.3746543302653,1846.8360492676413
124.94956429995477,1007.4727569683149,312.22951155556393,7.256439874890455,747.1392583322825,1245.256786533475
90.88215895109617,954.8384379465843,0.0,4.012234690101922,501.8408033848079,968.4963818288727
77.62756136849593,948.1056717727145,0.0,4.3006755483002825,311.65007577003087,308.46282778587045
55.35731196301504,948.3956174655162,0.0,4.099462295641284,184.7251663066505,29.91939377049222
60.97128069160808,944.7562121542993,0.0,4.30741890285865,129.2194348717652,9.990870471405211
53.37282942485059,941.3395625865504,0.0,4.108611890334113,85.05777819715581,2.0440621039249205
46.68100895749258,942.288258888561,0.0,4.320551479275982,58.338237654283496,2.052456202066735
55.97380716202208,941.8597477580214,0.0,4.129617430871442,49.20956135696319,10.080786507881877
637.5802296633694,907.4261611020727,0.0,6.93968750224544,55.20155909121764,267.68876487810684
6784.798204545423,875.1319945620954,259.6731716817113,5.5653328657901655,85.23664058834645,2929.2435803187927
11977.223214483101,2502.5148976019523,110.93698387511324,22.766332907984776,109.92263811044425,3269.553146079271
13706.493287661351,3713.6530081995334,1281.240806396522,63.827912899437635,127.17045359152137,2994.4599161764736
15437.698073933974,4827.757330208193,2331.374200225159,74.74963367719221,208.28977004158054,2287.079159280102
17114.817987374277,6725.472972274172,3451.0910424370327,78.13581568134667,369.36809154066617,1866.226434759765
18416.90633987737,7409.50032433204,3871.8267907041327,107.92599700696118,503.37098350547933,1206.0243782662105
18788.2317931195,5526.5921391083975,2765.388748799327,152.7655749702874,368.02128601074935,912.6330909648698
20309.555472517084,7326.280177750584,3862.8805543653402,139.1443556776343,474.6657093889738,720.1869871625101
21180.35275783245,6616.438419928321,4121.822519942976,61.06340724777601,435.10416798219825,550.3042892913915
20604.7868715002,5930.783861526541,2978.1799457317397,56.78493857931319,266.51643862732226,714.7178110522318
21034.462094109233,4290.85426958158,3071.8106869229573,93.43436645272598,330.6962549584463,969.1895908642681
18862.131011571255,1827.0714689251845,2619.2530579094446,38.32608254968611,334.02402903994647,1683.4028292393618
118.35970056878102,1305.5493972720296,726.4786866571012,27.817454613915025,266.59741093829194,2363.5393728307345
172.62048449980816,1389.6115952070793,343.4951950313663,16.79313476465562,192.23949223195456,2203.7951519932762
69.33372074682053,1392.7491641348604,103.91857846526212,20.468654064906833,142.98388456881094,1884.0009779080367
66.821152623697,1006.6495236352537,56.98100707096597,7.320975583365293,91.30465054442219,1272.2541191028702
41.98971997251821,954.326639297462,0.0,4.104439906347138,37.13873076435152,984.2380786619702
32.692524134370395,950.8220836208654,0.0,4.315458341628473,17.31077991994443,313.77601996843794
18.136546750073258,954.6240301528294,0.0,4.203849259063994,9.540038217141392,30.53978683116144
21.05070903451168,953.4781332080194,0.0,4.377606089375863,6.387585337498972,10.225557025680784
16.973679169369113,953.2069853724176,0.0,4.234724866087994,4.327438799186015,2.093732691085118
13.679066203480653,958.8148487305367,0.0,4.376547905538089,2.790935513873755,2.10596553865218
18.101127518260874,960.7336427959041,0.0,4.278112281031344,2.2762422944666705,10.330170214447252
83.81761131726111,916.583225519256,0.0,7.033999964529099,3.346120531765722,272.93622408317174
4467.976111254011,871.355833725259,18.116670095525432,5.614868322253332,8.239367569472394,2956.024036459504
8464.158311437663,2489.4707769555766,4.707200555534411,22.629095693443254,8.949068603318528,3285.812022330159
9912.780499349816,3703.511455038547,387.96795804166607,64.21976804536912,11.468682038815151,3014.126099221633
11002.410985056395,4814.397066142954,528.6334402461944,74.71615791332903,13.584318619844824,2308.0227661289928
12330.13071243799,6703.6886036892,820.1869076355893,78.42344807302841,24.19863405952502,1888.476006790566
13674.979408040515,7407.764724456892,1526.5753702479444,109.15477324658667,41.05654293344058,1221.9020271883298
14511.492243701143,5539.308596969006,1243.5669642411763,153.95662884313495,42.79630064298167,923.836188469448
15980.764415931195,7351.3143840624725,2159.1045905660503,140.22580928369496,70.05910588265385,728.157767856384
17576.915196220394,6648.37333155333,2708.0170770398367,61.52878788339037,100.73414751646035,556.0206403777753
19186.917077965623,5962.130097044176,3322.2610052403115,57.14621948003535,140.1088846433838,719.9326991636849
20468.599842438187,4316.732710704637,3776.393109052369,93.94651960914683,191.1627516694792,972.1271794026333
19147.98224067593,1834.6139498095113,3368.9295570337968,38.203802137810236,249.02610977539695,1684.5693091200815
177.95580709633003,1304.6467943122623,1624.6899404130013,27.94247818236196,344.69536646302737,2351.0716160882453
275.4134146108726,1388.963161461521,1092.045405950337,16.65575303195355,330.727302131707,2175.9766094763213
84.0492208611739,1392.030850214421,147.82117180749185,20.243938669306594,176.69185305273803,1862.8591903565045
70.42172420562508,1003.435973159283,51.81451897244737,7.222541690857865,63.48612652243778,1266.227065651826
40.195017403690485,950.0315212930943,0.0,4.180117457029143,23.399323866456243,983.4075802650082
29.190434929583276,947.7047370780716,0.0,4.1617991145193205,10.129896771801842,313.83762598552937
16.55326837664317,952.2035826697975,0.0,4.360378215648905,3.6053350013121497,30.569202722535138
18.009442988077808,952.1202618546581,0.0,4.145194835960316,1.2357574606488313,10.253418024229068
14.646039144316868,953.6873389027845,0.0,4.466877238804492,0.46001842405185966,2.105184509863206
12.020346237235497,958.6189689392163,0.0,4.204493660978178,0.015207252549505806,2.1185690587353174
15.538008645119334,960.2555353041672,0.0,4.489187335844207,0.741195382141504,10.383028228897942
15.345844938307412,963.2106018763279,0.0,7.300464901181901,1.0736158777069331,280.9361699360385
216.21528750821685,946.1078935503106,2.1440753555571908,6.148943993318315,0.8346643257870235,3114.836477298584
73.25684729653155,910.5447031392166,2.2850244525063017,10.649534099859679,8.66861393487679,3440.759240490813
1727.3203343787707,1705.236723539742,55.749446390830364,16.571183277239662,10.602085236180107,3126.8004365517054
2867.595831043666,2666.1291357021114,138.23356135564853,27.639530177865307,17.402836056224608,2369.978814302224
4132.238212071751,3771.1612288752335,158.35727684317192,23.580657543474874,29.152433956583938,1934.4922433295087
4565.725173912945,3752.98059279658,238.40212963869178,31.965947875021197,40.24817045629418,1251.5733544310256
5054.429771238359,3683.601711960061,272.4908830965011,25.695970579584543,56.94836416060672,947.4528963743589
5631.752428584229,3667.7310945041286,236.61688968888677,23.27448453225265,75.85996757345299,747.5621592242176
6512.747329786276,3633.409854338583,136.3152551216974,16.105541320012957,114.02577395551818,572.1231688110115
476.7525795725802,3739.994954238548,209.7925242989198,13.508378358020854,167.87506009147396,753.9922368342176
790.0402433330673,3880.5147654001244,183.3859136607451,15.129142196940181,245.96704532661704,1037.2329202184274
435.10968284348803,2628.0719748516267,133.84859895799488,5.96030866136806,383.76162004404597,1810.9275478161696
304.62432110928506,935.8190293250041,1.5277156180166729,6.056107940733844,489.8804037112143,2522.1927843906465
242.2264727824404,931.9445666786847,0.14583942037095737,5.8685255026146645,410.36221349362125,2312.4678024429527
98.1490717305746,942.0439165314349,0.0,6.259007450984855,251.53662287492378,1954.8554542399918
81.1891532683493,952.1020690003579,0.0,8.450122094577639,141.16149287200238,1312.0219161128973
50.560892854511295,954.0720678701383,0.0,4.240665302183694,55.9460931979548,1001.9560437294826
38.92551671839408,955.6324737432394,0.0,4.32039464906797,21.782134283256983,315.2389872119574
23.06039072382738,955.9198393668653,0.0,3.433278703372011,11.43332500806034,30.643019639692405
26.124857023520423,952.6349847299442,0.0,3.321760168308569,7.333138154695134,10.244471520714553
19.469018611398585,951.8646834566875,0.0,3.6090218910655087,3.522279829786737,2.1011654622433387
15.591077992092078,957.098740157582,0.0,3.390484257935657,1.7842210362918067,2.1143836074416864
20.063369786760543,959.0227098982687,0.0,3.5754073104265016,1.4291319041758994,10.34607036338703
20.655841903316688,960.3368240999803,0.0,6.104406137886493,3.0179491557803857,279.36509299334705
226.33826077579442,945.7633070184379,0.0,3.498140437001754,8.249514948670381,3106.0361749550157
325.6319659610522,920.766681607468,0.0,3.2508304885568964,11.808624140959468,3454.7299449350503
370.9097357418944,1612.6026866109898,0.0,3.3535821041727423,10.097776074455911,3180.571692184652
421.77628698394005,2515.143059725645,0.0,3.298402058576636,13.48598474225086,2448.872715397032
468.77724654734703,3616.078062473016,0.0,3.213101034753518,18.61744114885692,2013.4202280618736
501.32658073949796,3612.9187802597617,0.0,5.157482802856835,22.409165578908375,1308.3231173124293
541.8570250569489,3601.5701602807458,0.0,4.867189131738089,29.06021402348844,992.0923558487972
578.5920603663496,3590.29944385709,0.0,8.287571243129733,34.019143574983815,783.789964453949
608.0302212600301,3582.0156678028266,0.0,5.122212450894585,36.75443404758542,600.6374211701202
621.2765593407005,3579.0245684680826,0.0,3.275574811384607,39.42764907718762,781.4864885248869
580.3166712709757,3583.9786333846882,0.0,3.254834850104101,39.9292230184149,1061.772979872176
268.07020057498335,2528.1982652238034,0.0,3.4080347764448597,84.00293322518348,1860.0105997884564
167.71781083430952,937.6885855577995,0.0,3.260729195102946,142.85586714943247,2580.97088338574
148.5240526826822,940.1103816728229,0.0,3.4857783810804857,123.72362514418833,2346.578739536417
73.08835227230702,947.5449819022784,0.0,3.334321450836887,83.51343142429572,1977.8873714306949
52.87400584360339,957.3830741630425,0.0,6.264926195694743,43.94447304438169,1326.5662914443135
31.27092989209028,963.6808141483727,0.0,3.4232881497116083,23.710172459990282,1013.9345338367509
23.437993432492014,968.4016896267689,0.0,3.5563424790252274,12.975413802703288,318.8402372335114
12.978939296540416,971.5168113819152,0.0,4.292492036473161,6.833927077385134,30.9986226745326
16.401156513033975,968.5112367113952,0.0,4.409119756064264,5.143098814155045,10.372053458088876
14.69006128349438,964.0509921873212,0.0,4.316848089223934,4.751065498319776,2.1246501764040815
12.743425597615278,966.6552626479103,0.0,4.3491137610550386,4.173194347829458,2.129261279417606
11.584238007030537,970.5724257099203,0.0,4.420571224494365,3.903691627260809,10.41045112671812
12996.066605800708,1042.3133363392626,0.0,7.892127303706916,5.2613041584105975,288.60285545752157
26.979266648065565,1021.3290847445568,0.8277032004792959,6.202114803731308,10.002749017771823,3230.6450559889663
1403.9380368786688,2586.2638108576075,0.0,23.74234753683692,12.407825031574166,3420.14597388125
2175.597884887918,3825.70631064886,165.23670596821975,66.6445630344183,11.270761566116494,3103.1160400133526
2934.4944188204267,4978.045590407374,250.927183194301,77.24023235276452,12.862257865372241,2369.085301024277
3690.6142702829166,6917.519031266547,295.37449015100407,80.68184114555486,16.980831317264865,1937.76454357118
4650.289315781622,7621.335037907587,489.64498079749154,112.66788620640985,26.40233899078816,1254.2931131053901
5506.40143709234,5683.316492658928,392.5423047394044,158.25002437022528,25.79243008777576,947.7341485904745
6340.348146440464,7523.832791340082,575.5925247655363,143.7329804147595,22.869599127701974,746.9842567818354
7271.419671450253,6793.194475314855,639.0453963597854,63.20601813175731,22.86462035488117,571.0993329605517
8538.254129676729,6088.716721417826,914.4494842551126,58.41736219669902,33.57526977898549,739.7362028081495
10023.724020355345,4410.53169435556,1573.8572988330984,96.84510821029313,54.171711164114676,997.8481069893079
9463.763548085048,1877.5908999733754,1447.610282489615,38.82862377488949,85.64148183015966,1726.2707160831822
120.81059241034994,1325.09832043684,397.6341874709803,28.792095028108886,176.4668190312509,2414.402730311392
169.87904469559743,1396.9148633771817,120.27733406135428,17.027261926957763,184.02669446250792,2245.972058318313
61.80137342031268,1396.7070154593303,5.785547061078022,20.778377609076315,136.026849941715,1925.1873419717197
54.239844660205435,1003.5951408822236,0.15028587778139213,7.220681044775934,74.25752039556471,1305.7089970172515
32.03529504861188,954.519574883753,0.0,4.4361962753728745,33.14367620249637,1000.5132924343092
25.47069486298385,957.9484229505697,0.0,4.172747354874395,18.208517537675544,315.3280778270794
14.534175749888371,961.6580967546122,0.0,4.460375166292541,11.101745375406757,30.67368495455277
18.0180192308557,961.1738608899873,0.0,4.2200145679499395,8.484759703259183,10.269231801692037
15.003303502516946,959.077652505287,0.0,4.428285745267938,6.627627154457133,2.1076758512882097
12.01306359320066,963.6102700660899,0.0,4.265568833574146,4.727335838140497,2.1168775583199486
15.962617028129833,962.5006071547573,0.0,4.4366933856531015,3.6344948801029604,10.332916016341592
1521.2996987597323,1016.4698211773818,0.0,7.538533572537707,4.174181753580218,284.22696951078467
1599.5385451086925,979.3181246348471,1.4407188639853477,6.17472220219761,8.848377780031125,3123.5282502637197
4690.863628818588,2505.4299439028114,0.04233002948613805,22.90541974614805,10.190162643563767,3310.8180003484854
5934.898159816524,3731.4622349451943,211.50346927115257,64.75955529039699,9.955927401615519,3033.0924121778316
6916.911580999611,4852.084673528881,315.73292522996036,75.35490971410287,11.801480537468104,2321.6305696877857
7966.781417301048,6748.918599986303,403.51779185592454,78.78073802005378,17.569248821549948,1899.7215938237102
9038.041106282724,7437.423722107216,607.2260211177711,109.52625250888924,23.740936880375664,1230.0551157824514
10044.776351463459,5557.29928932666,564.4304285775418,154.80128706699517,26.806055295031907,930.0769968251932
11181.148820688994,7377.758398305221,1169.1819278033327,140.80949047173073,35.845374131761375,732.7237870979347
12430.640142759457,6677.085752242094,1586.833947187681,61.879458218811,46.123824559905124,559.5857910776108
14214.909555275275,5993.911983992287,2324.1902870020235,57.65044435468346,71.92687536728029,724.1334963636949
15406.2053154133,4338.319093716317,2792.522732067123,94.65098859784935,115.15236916113282,976.9924168080084
14264.645762448461,1843.172694570253,2338.682488430562,38.47321734392234,179.22608940837324,1692.485931077266
132.52419858271963,1311.560242212699,973.0880372040341,27.866930641775273,279.53802527152686,2363.1981911704556
203.7926009162291,1391.031584349358,574.7953142788962,16.76903936922326,275.81124872061815,2188.1791820357043
64.50026727874838,1389.748841796524,47.8998706755043,20.37276660523323,145.19241647478427,1875.9350084994412
58.431399299702186,999.7575246311584,13.367345708826596,7.391224252157021,52.13813478910446,1276.3240402438166
33.16373300803522,949.4321932197927,0.0,4.151537430871802,21.62441637810418,986.4147524088004
23.703610541889052,950.4967932395804,0.0,4.346459197141565,9.10900698989878,313.29516877736927
12.62027569133413,954.0494866048219,0.0,4.166093517057347,2.608842485710688,30.567753603399876
14.717709698980508,953.8946316835214,0.0,4.471801155187771,0.9944773486775029,10.273067281999507
12.42674667332986,952.6699858207003,0.0,4.1959644052319005,0.52337460029275,2.114839793672953
10.874438136310266,958.2695410949611,0.0,4.520020711714061,0.4232285175079607,2.124573841632369
14.675938206233893,957.7705245354937,0.0,4.2197701487113815,0.21918972466664208,10.346183399233245
189.6456466427459,989.5079976934612,0.0,7.671003183809624,0.04592954735808707,281.44914682603115
2530.1516623924144,946.0895487426159,0.9642431384997071,5.888656562007042,0.482987046483744,3066.035014480137
6080.828954862991,2475.9270767751777,0.011615251362525914,22.828977763996683,2.549610029257742,3276.325828123631
7475.863372304216,3688.6776279425076,190.83907916086613,63.61707871580032,5.733121649214707,3003.5679973400993
8754.142353971909,4794.077218873109,328.0202159024109,74.66213591205077,13.03329210001096,2299.4878786119893
10264.933501536032,6681.53366429927,701.039701012425,78.28297660248397,28.883173456760307,1879.9599790293864
11815.896585755541,7385.031919306571,1472.230793393337,108.22027904702065,48.828704421889476,1215.0563410421278
13068.599130540975,5527.740989511964,1475.412025238642,153.29719101475197,62.30500836431385,917.5244919947879
14446.87277199946,7327.639289920316,2252.5761179305987,139.4327677556265,85.0217521608803,722.4408207214819
16090.64908026024,6618.035427527955,2767.0432757421595,61.193311196335266,119.05079222300338,551.5141362150098
17756.467926790086,5933.357090930186,3331.9942106649246,56.870345549214434,169.16567619814995,713.8223451274856
18850.341863852354,4292.752711857099,3956.952008226418,93.23813107983584,276.39666433975594,963.5906475355144
18260.48997166061,1824.8498371319795,3550.2577413751746,38.15227947977657,371.3692379727037,1668.638795211311
188.75211780319586,1297.4906820739373,1648.467574974301,27.55948908192469,482.94402308185533,2327.258176045698
274.1025744632568,1373.5599328149103,1007.1753671405241,16.553488208339402,459.5968467226929,2153.0299195623666
83.39868300725874,1378.434601730822,110.42039146596053,20.12071118331793,270.8905475738272,1845.6507548831999
73.26342529302607,992.5045394390824,36.15686784317407,7.241905251602879,96.06057857208394,1254.4275363802758
40.9291511012832,941.1750539515701,0.0,4.117496711924756,25.79754234235042,972.4789227267381
30.47292625529866,939.7740465423581,0.0,4.262199289829305,11.39993995712152,310.095817704738
17.298446612477186,943.6990106589365,0.0,4.213924411449909,4.331029408125157,30.242533548755265
18.915604544707545,942.3448807666587,0.0,4.275227286652836,1.5631965848321567,10.158151739611089
15.399393726535235,941.3931290227533,0.0,4.285291693584708,0.6287318275756766,2.0958043014403684
12.952364101327202,946.0904166504228,0.0,4.2017335683637524,0.2322817357892992,2.1081371680090126
16.389948675145906,947.9841655824015,0.0,4.441262523824919,0.3319565159780412,10.273310397668636
0.583917506400298,909.0020376944956,0.0,7.085408478679124,2.650576025038609,273.64488029344943
3593.3663273260054,863.4242497065974,3.737803140292772,5.67227354870153,0.20368084707735826,2969.794340945953
7752.09316224312,2458.993093239645,7.785626341439157,22.41475808832648,9.23417967150504,3244.3598328235303
9467.194594937828,3676.277826862007,825.8311407988656,63.73415453661072,25.745185917761592,2972.1918443950854
10898.796815005946,4791.738732317237,1180.4936399671026,74.0065446811499,39.69059219732995,2271.428009318158
12431.658218844083,6663.744620584412,1644.360198033311,77.29328193158341,58.866319394406396,1855.6930105361141
13921.627375584563,7342.406125109878,2247.527911659399,107.84944216553305,84.76154474190636,1199.8884747054776
15283.020529887346,5485.780690141204,2218.14812736923,151.62103517389107,111.36516195452835,906.7694960552095
16161.257102617601,7266.115541488466,2543.8842677260586,137.68440505833865,102.33280735222655,714.5749540715354
17324.48038511274,6557.49159920023,2736.1875073970514,60.54462634669507,126.5333571685524,546.4310575895004
18100.086292898115,5880.983295135656,2765.5784839507683,56.084056572551084,147.81608561299814,708.6054317244369
18680.55581043361,4254.692844610711,2749.977444629396,93.26060558860516,195.1775373793583,958.6466912735001
17179.784840166416,1810.5443607744642,2320.3425695259693,37.512608389406246,252.4454483671222,1663.4239062754596
104.56520701691586,1291.2924386946088,838.0162824953699,27.74883452622228,323.6149283290699,2329.6063500731802
175.47429496711368,1373.6423948437605,393.2646282849979,16.571594312107546,281.5763578648673,2165.877362872532
72.80369398727662,1377.3756672433738,78.02811657370331,20.321633465938643,170.50727079906238,1853.6176368680187
62.59704745415249,989.8167427372794,27.676058784037615,7.1461340723241396,73.88298015898478,1255.7910106940935
38.53704042173713,939.0351794871488,0.0,4.265357298968847,30.877190295855836,971.5223125771818
31.55338175483818,938.3492940357347,0.0,4.131304613752907,18.5160976972863,308.9584822677242
17.87336136445316,941.7783117381812,0.0,4.340454065405928,10.047341055051334,30.093994595096635
21.79503354869421,941.1866209952582,0.0,4.1857398625495135,6.778216071644347,10.09645402917422
17.480145108135105,938.5392936535611,0.0,4.306553464324913,4.077989964324922,2.0813980161687997
13.375045981137802,943.4415417853778,0.0,4.249800694697344,1.8955997544079144,2.0945401840314846
16.738628313516163,945.0737063107529,0.0,4.267805655081901,1.0275999330132888,10.212332368443217
33.19670870439986,902.0781678916308,0.0,6.896730518599183,1.235058910178646,269.29123076395445
4118.138862912496,857.272309522931,5.532336924189005,5.7505541598137935,6.206773957512067,2913.3358037624416
8435.514632744007,2449.379018475157,6.710640676988096,22.364697788524943,16.748053716460944,3227.465226480864
10158.281930567802,3653.609221106012,613.6958174346205,63.209419446557085,29.29098437999731,2957.2473520681815
11608.183033917343,4755.858415388372,1047.4123902793328,73.6540756120855,39.04562689764097,2260.8980756152114
13219.460302913883,6626.3557620387455,1837.6315434663625,76.97440639969241,66.46650391545992,1846.4330187520925
14619.924774722253,7312.563853915152,2536.606077474278,106.43301833584387,108.91681578463778,1193.339556093648
15707.923390622036,5460.57216069515,2155.692244281008,150.99034638502394,139.18360262822927,902.0977196403527
17582.950070905925,7239.392760875271,3449.361873783266,137.45057614345478,303.3427598078105,710.6753521930924
19232.641913635875,6539.548441754798,3953.5183409813235,60.31562795467262,399.2977500616197,542.2408766900667
20273.17442371076,5860.328221208023,4032.7194641532037,56.07238848468038,416.0772819423223,702.2772027472471
21021.508367684593,4238.797307078878,4493.052448404584,91.92251499120057,552.5143774528137,949.1566540158589
19892.728458750735,1803.6977220425258,3789.703315720382,37.711846399846266,645.0430781785409,1645.3772104857267
190.9575885421677,1281.364997711206,1914.9893274041292,27.2424128653272,803.3569450382311,2296.933108719003
296.89109930063233,1361.5793441838348,1395.2780820244961,16.383626117160986,778.2374262254654,2121.5290219908397
112.55859322875644,1369.2123739278852,302.21808064124843,19.864356445173406,545.7601369766438,1811.3349309145033
91.01992264475012,985.5457405855268,104.1918208464533,7.166268807656635,319.3653338878432,1228.1745674353072
57.13091536590667,933.4290867714267,0.0,4.029100165360536,146.03739251487787,953.8602263032656
44.073670911268316,929.9110856455598,0.0,4.260325267975418,52.832705350398435,303.96968039617184
26.018942238016198,930.8080839001238,0.0,4.117488452092722,17.275885991712062,29.676860363604927
29.089891124899204,929.0920875232138,0.0,4.2733170761941315,10.57359130934744,9.976845180223542
23.70443359716723,927.9974882075728,0.0,4.145484830684034,6.739180827446478,2.0610730182305077
19.99099304082341,931.2344325654075,0.0,4.281960909075593,4.963237629162676,2.071026614732214
24.418255126703883,932.2355086031508,0.0,4.186250518563048,3.3897731883148605,10.079971055054122
22.995502165442137,935.5415353924643,0.0,7.278586792995688,3.8260960415963576,271.8087283588329
272.1059245277621,927.2079694379472,9.261190916446884,5.898441552155006,13.669264489031832,3019.306340074061
235.91659396462956,900.6287341403116,35.77372490407716,10.504495180368178,26.81184104827652,3335.890543559974
2054.583448965699,1686.625473672471,218.09163535059997,16.246850416871332,29.77141196383718,3032.6341770550316
3336.153882526299,2633.1786790187243,301.6137556465544,27.106288371027972,45.65045626939829,2309.974792299744
4808.830322112254,3714.073286133047,369.0111374921312,23.147005733477215,77.81400619844298,1886.565908733809
5489.66740126071,3699.0413482822782,610.3321782893053,31.69323387297111,140.3998542893671,1220.1054368847365
5860.503012584331,3627.2188548738263,498.8003487196693,24.981826949679416,161.3895299518578,923.4497296233928
6396.63657307482,3608.4216044544287,465.525414441864,22.84568213910644,203.0601868044929,729.1804799557307
6782.984012056395,3569.261704817003,105.58189798334506,15.805729849516101,230.83536252682453,558.8435215760117
481.9166263310629,3661.2157505922037,86.03973686034516,13.270708690256436,291.4936380725884,739.8074994335477
752.1162070806005,3792.991516778439,59.40594881726772,14.946470456260753,383.92676751164277,1020.504980727269
351.2411915377217,2570.9147068828565,7.0190420599165595,5.874330726645553,487.2007387745482,1789.5014156116113
213.3431354383678,921.3432824405684,0.0,6.0868775839993186,548.1359877628976,2491.84307926618
186.38071042159922,922.7269471294792,0.0,5.865014628563616,485.16425342103736,2273.696890621734
83.5427513260241,931.9044244455047,0.0,6.185600156643886,394.58541785468856,1918.1599901754314
81.54214881048198,940.9927978124937,0.0,8.383764778658653,304.98857841755296,1283.8016272184818
56.527406064039326,942.498306338065,0.0,4.180764882007779,196.81025289662597,978.3683191156221
47.66806523852219,943.1885515292383,0.0,4.2893850572341705,113.44168249145426,307.1049214306451
30.485241452339015,942.142477211318,0.0,3.3721730966938317,58.97010291867126,29.845623229103865
35.49856166880773,936.2261259057966,0.0,3.3501509215400187,37.99632672074123,9.99549490357153
31.359944322172765,932.4750900298237,0.0,3.4636007058419933,27.558181760877808,2.063145695264541
27.372366768496086,934.0380406964103,0.0,3.303346308775704,19.748573087047422,2.0680039867663873
34.50269058196844,934.5462249195803,0.0,3.5124651785083785,17.082848705518618,10.043473818109238
33.750408037680195,936.1022505286695,0.0,5.9457311314370624,20.678840761703817,270.4963417799315
309.2573304485972,923.3917711819679,0.0,3.46867306989166,32.67363551664099,3014.773585383604
399.30710629911454,900.680088542667,0.0,3.196769782996663,29.617260639879543,3368.55159883595
445.06381912092587,1580.0310253748473,0.0,3.3620684549985937,20.310322484123873,3104.713969749188
512.3322342682244,2462.229288776779,0.0,3.2391773978821705,28.98427381834002,2391.154793980019
553.3356557849654,3539.0126076284128,0.0,3.1642428620692407,38.216429967216236,1965.7965388644795
599.2652933289105,3539.522367421012,0.0,5.083932118587416,57.60596277135641,1277.942437300928
642.0826385134482,3531.7859880444034,0.0,4.854473168265781,85.97798163303507,969.1850562476549
677.6980475126412,3525.834735206781,0.0,8.073579676417378,117.41010513651244,765.9728439664168
717.0053795461854,3524.4563444049127,0.040169814870330875,5.053395417524218,159.5381960701015,587.1769841625439
738.4037479720184,3525.4359345938947,0.4682132546608157,3.2406090900550164,207.415909512961,763.5793798956381
768.2923059723414,3534.7825020531136,0.15126486449576249,3.3172404235035238,345.2647455091641,1036.790480886773
383.3673513824344,2490.2177947325895,0.1093666967814638,3.2913040208537883,503.10785704488626,1811.1359722584662
215.7381533687121,922.5777014067576,0.0011831074541661902,3.222731772861557,571.9858874029961,2509.874804670138
187.8968380278014,929.6470020477427,0.0,3.4693225581283933,518.6409972655,2284.5658373056494
90.769283823554,937.304017709785,0.0,3.300810983401688,408.70808691253154,1924.78111827318
76.90849889589265,945.4821033620499,0.0,6.174969811136253,332.46764837185606,1288.1833827531432
54.50587938777293,946.7196658557982,0.0,3.3679322486414156,235.65607685521138,981.231227571171
46.34101545499921,946.1830685967134,0.0,3.4803760609234407,143.5951393741395,307.7323245258263
30.171157478738355,945.0188935317713,0.0,4.177115324425775,83.68221984322348,29.89460124565674
35.73878296757358,941.9169398179326,0.0,4.2871838503661435,62.86667165181914,10.00925258362392
31.794108114535412,939.3113879321681,0.0,4.194741277772613,50.44076283670528,2.0661904777227273
26.80951848762102,940.8950693634848,0.0,4.226128734852254,36.537567802368905,2.0697004498454414
23.84563014877298,943.632348177131,0.0,4.295801744456438,29.746783389918928,10.066416981561682
8826.50055193945,1011.8675719212798,0.0,7.718724346989019,34.33203466128733,278.6425487917147
153.18270823254315,1010.1678158974344,129.58423547446563,6.138888528947101,54.268821360394135,3113.0685922470657
2124.912955039552,2575.3060623070883,30.891326756259982,23.059384156299725,69.424899691145,3290.8940464328566
3082.953009422145,3784.1487233877488,892.5774991427851,65.37274755091383,76.7001269455084,3010.2079732375414
4029.427592448434,4933.599113433386,1368.8267630809496,75.5946871121522,81.99714333638785,2292.2611267203283
5112.037079574395,6848.664530833439,1750.3672664204014,78.79370318126784,116.42260006101223,1871.7265361058965
6255.4420050822655,7528.878644104457,2279.8436313071725,109.79484133846557,154.94296000803953,1210.0375244918707
7152.466262289859,5606.889891734457,1695.6614206638467,153.9627080228837,134.59643165080794,915.0918521745695
8410.128942291065,7418.678347887296,2434.099142800612,139.98575074976728,179.65381131098326,721.606918643053
9797.354542690216,6693.1403504402215,2934.0105102564776,61.46364069758364,234.12469902616326,550.9048913074242
10919.606063598032,5993.258390359662,3177.6157016640486,56.99426433025323,274.9202157401271,713.2794817846808
11852.440498756376,4333.478415252982,3343.5911422945114,94.2940951365909,388.0540228220933,963.7465722824313
11026.936072864872,1841.6125069856002,2902.72353038655,38.07668219207242,538.2597677710235,1670.5729772351344
156.49275291924718,1301.1427502305412,1406.7911080016597,27.62829263272677,723.8877945795962,2325.434742546366
228.36841543986702,1373.7675903080801,758.7895496987761,16.48997392452315,656.4839744566979,2143.0198396549436
89.05752536886969,1377.0455645778952,230.92894243846118,20.172593848476264,537.5039418724361,1826.4357519863527
82.65103433874908,991.8775681651351,106.72936115834474,7.23181107917645,406.3715821347442,1232.4341284560735
54.95883298280635,938.798108758313,0.0,4.199431907162303,248.93191414413278,954.2949582708093
44.16498456219453,933.8252922790698,0.0,4.135974891917859,128.4067915993547,303.3926057335659
26.90658004253889,935.4601500617343,0.0,4.257792022038592,60.457055183567505,29.571751732444294
30.21860846216293,933.2867525514324,0.0,4.177582174980978,29.468242871721614,9.931008336493543
25.00474252256334,930.268419565581,0.0,4.11154273059132,15.12629421274537,2.058682129860383
20.85658612601888,932.9655388450815,0.0,4.3605993187269805,10.392697593576615,2.070297458525175
26.43629976552514,931.1950949693824,0.0,4.090437070271448,8.682414434130383,10.04348580403944
869.2751403713856,984.6966873023341,0.0,7.662309461614674,9.582334492813416,275.54968199523177
2149.7788333562953,958.7519231510414,51.17386250143705,6.018814036084167,18.081162046900662,3035.557212941581
5373.983294902969,2469.477802592761,10.491602570168032,22.46139923532185,28.24780871371687,3227.0053763124124
7636.3279143801965,3681.8162267890293,1393.0383570337553,63.406069091204536,52.88560165529195,2950.8639667829802
9021.59921824897,4806.107213308885,2109.553198560098,73.90636077064629,82.32028810386791,2248.360352141656
10447.54451281825,6679.283154747508,2824.2625088676295,77.21865189506175,159.99649209423131,1834.7773549744495
11735.586819118374,7353.109277887621,3307.5731026461754,106.42166296484082,246.20481769428267,1185.9061677393602
13157.094087165122,5483.29353812593,3239.497880865568,150.91750858219453,367.22278319486594,896.3875681633695
14603.521868470547,7263.959694049503,4129.94733994763,137.1658127212364,482.51380628627777,705.8228942775116
16641.169863369854,6549.171483873054,4904.8175629072975,60.192220897648696,661.226509191082,538.6527649317721
18515.78418789957,5863.567800768629,5555.09560694501,55.891537167539575,808.8266283205082,696.7452838387951
19039.188491887104,4236.855982973602,5534.648851723967,91.55590906077661,911.4277374353481,940.7809140344505
17723.95412629046,1801.7146225013312,4561.616808267909,37.40184532114607,949.1830774420879,1631.4817523447566
232.14355938067007,1275.6152437032265,2487.7189328778636,27.177453927376085,1042.472501613617,2273.398085200427
316.81296785511586,1349.9717443587076,1654.5235917265304,16.232986087613703,852.1169652934393,2095.596982892958
104.76148719196159,1359.659444374313,377.5412226801975,19.715096216746684,526.917888147856,1789.3424328437025
92.98225007193469,979.1876559603807,149.72928699746836,6.961228120365742,259.87002855460105,1212.3267838342476
57.42577036985867,925.3400420306181,0.0,4.131372496872488,99.8453957709411,943.542062632018
44.21234854086901,919.7979016382338,0.0,4.028532632110853,29.775705016897984,301.5396165596623
25.94598660647401,921.0101638144772,0.0,4.314306153046431,10.997939933753448,29.48877824651439
28.52733842697364,920.4305262570704,0.0,4.040331880925733,6.119984193262064,9.9244820088825
23.512510976227645,918.6566254376116,0.0,4.329168971120691,3.651423115119785,2.0567183882319346
19.32266291576569,922.6662170619454,0.0,4.094037130705613,2.1292305214864786,2.0681972066336565
24.887048568336315,923.518533083463,0.0,4.328428285881478,1.730040875883517,10.02760206537252
24.564580430397623,933.9567790993123,0.0,7.013124315108156,2.6517066822340105,270.3982163093267
3117.2629368234016,899.4264308015643,21.09777767776865,5.9394204206809835,7.593628415427965,2949.699672421272
7366.185711474762,2434.6544684510354,6.094369274444929,22.174894683110033,14.517541784437723,3193.8575740730585
8913.637671669077,3619.1323009280704,471.81093680318827,62.67222320701704,21.759414631790015,2925.6863602848457
10096.047843111926,4708.020496011918,695.2722647613955,72.83491844017072,27.086628003312747,2238.563472748187
11760.86890683177,6559.927092919077,1353.768048006509,76.33699783120679,51.39342210553985,1829.6928683948854
13285.330639737482,7247.624437139777,2420.225570228118,106.06002161244753,78.83964178143651,1182.1826665878073
14761.394615746933,5423.455931352015,2479.8342806710734,149.5815102320304,132.32166750391363,892.7858116575086
16127.513560287824,7184.296825864176,3175.5899123367208,135.75420602091725,178.19143378304918,703.0304743125765
17620.392542709684,6481.646754397004,3458.8774799807043,59.729790936947424,217.399309123351,537.0134944943646
18224.260816532736,5806.8608006219965,3202.2149038237417,55.60627628376607,212.37020183973237,696.0999477510488
18630.60196390341,4200.5124166966325,3317.1545390608726,91.28135654454434,274.0542812762619,941.8519544964571
17797.31139683856,1786.8792813467226,3049.3207412445613,37.386994998959416,330.0615606591415,1633.2299665559792
161.25902433266273,1273.0618424994664,1437.9452399124625,27.044898419042063,386.94555697885824,2279.565117088482
234.3391030141847,1351.231801387595,880.0177947671696,16.2958341795076,313.71012715479793,2110.032728616543
90.65684384927117,1352.0982356994382,129.22102333379306,19.751777632304208,177.55175559644906,1806.633550236539
72.63925842984713,974.7498268006287,62.637342298400704,7.189691521918976,79.59519029698633,1225.7769230611373
44.407847569453786,924.5241190847393,0.0,3.9868871897889777,28.792555769125734,950.0878991933986
34.693355878740604,920.583383273886,0.0,4.280717822240645,14.251836635221595,303.29491878105677
20.477301465940005,922.082712400438,0.0,4.080236828965022,6.77175016548197,29.607326690485884
22.579178818551775,921.6262192206447,0.0,4.3338487761540065,3.2810132278164934,9.958322329220119
17.897673734008027,921.4532575547717,0.0,4.115060299746885,1.3241260472511034,2.0664186532075832
14.31192711655117,928.4496120901623,0.0,4.343700271631863,0.5977647421089225,2.080376365363954
18.235658202910905,930.0882416772159,0.0,4.156991099512327,0.41862865562592044,10.084579406906446
6.949805888614475,889.4136067879637,0.0,6.969773764321065,0.37386332582762444,266.13473701351137
3559.034194840353,846.2721046729986,7.738965636451147,5.512957563913185,2.9558533495363,2883.6386694094112
7597.889194426006,2417.453522699762,2.444257417794883,22.160382264798034,8.608757932162426,3180.942862958573
9190.807644099905,3604.7728509450244,464.0191618358378,62.305484579313315,16.918124068149456,2915.6834580282584
10446.532500494677,4693.499367681386,743.6252146067098,72.65016747588744,24.83485527946164,2230.8662910630983
11824.45596478203,6531.495517423758,989.7742868358765,76.15184490059599,38.079806190308695,1824.2091824614258
13367.138384905835,7203.297412930787,1667.5318430189964,105.79069414403159,58.83085397889484,1180.160054592341
15043.22863656123,5391.6619892669205,2100.7388192682915,149.29703184862623,96.89506643190681,891.3201103848415
16632.76529967449,7155.608949254062,3105.49779278778,135.5051240925346,164.95381468060148,701.3838689911433
18578.072059222035,6458.874427143996,3677.3266374080827,59.57629683981629,269.6029076079631,535.2808879220449
20487.28245603575,5787.546573645393,4345.332923624061,55.018222960559086,422.8436281890208,692.6020800246453
21487.96235494327,4186.370610983892,4799.312416714437,91.29954105145308,584.7537969376589,934.7471691924837
20653.145259797093,1779.034631510475,4303.5168555967075,36.67756781680512,668.7260052762823,1618.878809342706
242.23481189214948,1262.8607857370118,2151.8528342306845,27.121610483836786,740.2087205618145,2257.8708436728057
343.3934186207242,1341.2033606253276,1393.7878130308677,16.10646592454575,616.8407055460258,2087.138282692803
103.07241914453557,1347.724244494469,264.9836886659361,19.707787241854057,368.7174685779796,1784.4492995217936
88.78254376967507,971.4675880185063,91.24172518990959,6.9150721075821195,177.80080130212423,1210.9228335783753
56.048165848639634,917.894011482437,0.0,4.17103081150539,73.32320646512363,940.9671018857404
45.58812291847565,911.9592561277929,0.0,4.039989004189305,29.039516496277972,300.1219682098059
29.602448547020202,913.2217581586309,0.0,4.21760254081652,14.750611255921275,29.302301574402616
32.691752629977664,913.3461287550642,0.0,4.082178215341494,9.64794170013032,9.847979751759997
26.53073349581754,913.1753865672521,0.0,4.2124786703424775,6.009513456668567,2.043160619783591
21.368505208930166,918.0233897764302,0.0,4.139878947775999,3.665483978275223,2.0547202077232845
26.202570271750965,917.4738784621098,0.0,4.200065094159848,2.7201319270733824,9.95532128986331
97.18360475688266,879.7302541006773,0.0,6.692853826202724,3.50675758917689,261.69656894326397
4462.815110112265,840.784798504536,15.333815811558644,5.665801263116405,9.541127879482579,2840.7571105211327
8668.140070699661,2407.6135867212593,4.448607829364338,21.946224791566358,18.514548799398586,3159.560105930282
10891.12845528925,3593.247455300875,1021.6641074375812,62.10045293771946,32.35852382975264,2893.797367698166
12399.485028587655,4684.538965079736,1677.0115212966753,72.31329302766888,51.16744708950812,2210.106885007245
13969.603575985899,6519.9397583460905,2387.6122994752077,75.48141708832817,93.93103925401772,1804.6423203005438
15661.680662728473,7187.100100233016,3159.927595358746,104.31319507012046,183.15170962028225,1166.5241967701431
17344.59813528538,5365.82348464158,3128.106101100467,147.98329266029043,326.8646146791543,881.4146210935289
19088.569352249197,7110.625322658727,4137.970926536575,134.52503203515914,498.4995496421191,693.925948375737
20814.508429638856,6413.919127503033,4466.6037910560835,59.0659147879102,637.7932873645335,529.7401524262272
22448.597453307255,5746.974721192174,4979.217189195595,54.91240420457082,807.3456550792434,685.9247916957635
23549.782614357897,4156.40244231151,5602.532441523166,89.9830953773099,1035.881343933361,926.0904714627382
22563.329895143903,1767.8466627089297,5054.372532249516,36.84243575632293,1163.461793919451,1604.040754594209
299.39062339911806,1254.5855452394926,2725.9364683259896,26.667046097018588,1280.9051713016238,2237.28873151776
466.9899769060988,1326.848461715713,1944.237997316274,15.990588448374968,1178.4006865479594,2065.58989087007
161.16920995846857,1334.599637551485,531.3832401069619,19.4190639892314,881.0201151213404,1762.2046049048213
121.9597257263673,965.7698879783571,260.50912912383876,6.93777366024442,607.3867587721179,1191.6435411762714
82.1679863790357,917.2747634678777,0.0,4.0282980521130245,359.6905209522779,926.8089894101092
66.46811570194153,910.9027757868259,0.0,3.9941868737900794,191.4667896329364,295.6214408285598
43.714169797322405,911.3207579348662,0.0,4.2081225497196595,91.89354252976145,28.844238432721482
46.82509718611759,906.8537168333543,0.0,3.9694110814494183,47.91170914449014,9.69978874364054
40.22009509884272,903.8537398298041,0.0,4.249963523548436,25.28500205727314,2.0164193247444113
34.44190221354676,905.6521444478311,0.0,4.005046522417305,15.367011638218111,2.026903150869463
41.81489662547277,907.7335036159884,0.0,4.253142920379066,13.205775689338163,9.811620586752891
41.05142107495793,910.4018631963361,0.0,6.813901865246789,15.378311948919931,263.7140461578923
361.2856412375718,907.7475761678048,69.8250033871723,6.070507169400093,27.5820660646426,2924.7738386806145
472.43732750851655,883.6569614215584,41.40207692384757,10.213015020147322,53.16166772234025,3244.5004633859303
2381.6006920691334,1649.4612884110622,221.56152125915165,15.910762433804999,66.44608705090589,2963.326099377838
4043.789651302587,2585.393971868594,520.6350799353011,26.67821417675464,131.78200178155424,2258.891022325332
5943.492930133604,3658.335441657678,775.8787715388036,22.761454419336662,241.2113946345543,1841.5749665542376
6665.769389984423,3637.9823473532215,953.2663517408956,30.56079590796017,331.50424239879504,1190.2113373820307
7389.49240690918,3566.963787373536,1076.0556381567126,24.819071570887633,449.74909329085233,900.5871459198943
8212.045743415181,3554.5624855535684,1197.660363904326,22.51413101738382,603.4608563266172,710.174022267994
8903.165633556026,3521.023563055132,649.565340019874,15.531153605771712,697.6311427707776,543.7775526834844
780.1148767265983,3616.8705504064683,808.3014907948324,12.904706925194533,933.0194646853604,714.7055225872748
1110.7177295180059,3754.4352409296193,883.3598905679916,14.334235502692806,1145.747253737885,977.1011638430136
675.7410782375455,2543.1519815191923,642.1106189583177,5.985107831987982,1410.7503563876407,1704.8166202613763
493.3020136683213,902.7252055204622,5.331591747326476,5.786173655622311,1606.2902388587586,2384.289516040041
392.1082543995813,898.730112755948,0.32603420417671564,5.739138629939797,1428.3977219046842,2195.657379462533
153.97268376927738,909.2584300599215,0.04405449854743329,6.017317452759864,1118.3412044047996,1857.0019735585138
129.4286753536624,918.013781462427,0.0,7.93593225373272,791.8133559413156,1244.398738397447
91.44261612766964,919.2345747361843,0.0,4.2806090868769795,513.1244563938164,949.5828804482023
79.5228782874618,919.5286216599237,0.0,4.014504089282413,325.37645548614273,298.19894486513516
53.70027159601872,919.5227379595526,0.0,3.463618267320768,169.60973102472775,29.005092481629497
57.993274856769524,915.6186677572554,0.0,3.2589161896348338,113.59843362319782,9.736042182661047
52.80273776072211,912.7448807276169,0.0,3.4285613285980423,89.71222348775282,2.0212134880321164
44.703716684931045,912.3822709594693,0.0,3.3018717261032013,61.45787482895895,2.025942157997998
53.19517987567307,910.7813674802218,0.0,3.2061590254899324,49.91041570262175,9.793417282318126
52.32591511273679,912.1882986544614,0.0,6.116240211156762,56.2759747166163,263.08240215794297
412.9634385758768,901.9282854703513,0.0,3.173784499669566,65.9991341412624,2933.7854434953433
520.1293449286144,882.4101241597372,0.0,3.3502289768299534,79.13916147086177,3289.5336318215327
578.4974689673037,1549.5378208673064,0.0,3.1338406375095,74.15128386516876,3032.5199009823205
634.3125181780529,2414.629336350134,0.0,3.3162382258296823,85.67076947099858,2335.326690133923
680.7626470662185,3473.790324480701,0.0,3.18665726544999,112.80465610510451,1921.045489634756
720.1994890737221,3474.403332269963,0.0,4.949179385861272,146.37090835412462,1249.1605273231526
761.4577550238829,3471.2059614179843,0.23831275947416905,4.797020577378901,195.64257790775662,947.6679159356511
798.7699707556344,3468.7628362980245,0.803181634782056,7.987348893589248,236.900869036571,748.8681986666278
814.778751990021,3466.377086010122,0.6606280622783268,4.789405927314518,250.89665492581727,574.1564847898323
820.2792841370297,3469.7636289455395,4.354222488270343,3.3665138824368235,273.11266582870917,746.8275138208853
816.0515565166997,3474.339289192969,0.5432219464379413,3.165928942581,319.52815914580947,1014.2695901524766
392.27830008649636,2442.1892456337428,0.044114833273933576,3.3555006770282936,371.4560944699631,1774.5691993073965
218.97681998965564,903.6881636021253,3.415072444393389e-05,3.2522437858657223,366.3429875165711,2462.3262863307796
177.55156790612648,909.6188432491803,0.0,3.1801348815291965,271.5705295163384,2243.8306547425454
84.58707943757398,917.973575481651,0.0,3.4856370997822306,192.0288952294867,1893.378696978069
66.0364152469652,926.1221829855289,0.0,5.82264006548909,110.69368768075952,1269.0724416812448
42.89635538625676,927.6849367550301,0.0,3.5392556973839753,51.00521282334243,968.9188615325816
35.950805092979216,927.1797485056131,0.0,3.2919415292339567,24.342922050598137,304.7200515768768
19.72349386567884,927.8165963037314,0.0,4.316525514004231,10.721982621219853,29.721011085931554
23.782287917615186,927.9885226109758,0.0,4.135206024050967,7.847338097861839,9.995219992536802
21.525440462224196,925.6492736691155,0.0,4.315231563449864,7.304813131963445,2.072810037167107
18.45556975715096,928.2016031573112,0.0,4.1639853167707725,6.184173153427434,2.0761745849047384
16.36864757200307,931.3075384040665,0.0,4.354024375076202,5.686475319288675,10.044477539237443
8872.692169179232,999.6861946315275,0.0,7.466366837826398,6.807240645142941,276.7135589531302
47.779736989903284,997.6504922202108,50.234992426232246,6.300695209702893,9.026405740148547,3077.7394980923477
1555.8737941861286,2540.191256802499,8.194481635807561,22.869349253221888,11.871076728363978,3260.5256224599075
2421.7764572018827,3724.5697193866313,448.9356361489332,64.4472813391769,14.61204855664709,2976.469356880637
3147.960786748243,4849.955808357036,640.2209282376319,74.65439322576317,11.74853386397514,2269.3784338283795
4089.1736830679806,6732.8875876737075,776.6388368356988,77.88460216472309,16.969763077023256,1855.5686099732682
5111.119027095342,7412.247186423015,1206.7630512831297,107.70543497027565,24.644574845006513,1200.3644293442496
5900.841762802362,5522.672427972938,871.872597715089,152.41207741851923,17.374246232240818,907.4470095203932
7101.761782134944,7304.908653365814,1305.858711553453,138.67875904250033,23.527802082224728,715.5773292901969
8361.249134848013,6596.540288498735,1710.6556562487208,60.94768529951625,32.290421240772844,546.4754031173399
9357.521739040176,5912.790507371438,1907.1916228595762,56.61915918371624,37.99728504323465,707.4834725880893
10071.011013435394,4272.890777262212,1953.3136073755095,92.6893239022474,45.99825802938443,955.9688862794666
8946.827287030614,1814.9723995797444,1437.113905107436,37.99569540843164,43.271375975099936,1657.665503270707
82.16823763053468,1286.1606943703766,343.6757940936631,27.488849115970417,53.78827841581872,2320.845914109854
130.73861868606235,1353.9714525304048,159.33428234674267,16.543794694494693,48.84360477756725,2159.988391431961
45.72016692658106,1356.9161807876205,42.981800558601336,20.146294012329705,36.46515778461226,1842.282348622509
42.32122765741267,980.1301660687459,16.957000183101893,7.228247287958129,27.107952873301336,1245.2190503554973
23.595751615473354,932.3504906400344,0.0,4.1481022725579795,15.471539052559637,960.7194774590192
17.438897394282904,933.6525881829095,0.0,4.176196732872428,6.63640610804311,305.5779681867466
9.181612581507148,937.5359835905285,0.0,4.326243664035119,1.8092615730413888,29.92211345371004
11.140673967194628,936.2475151171036,0.0,4.134994142627135,0.7588271324134397,10.10209408612239
9.130829475617697,934.5880598562794,0.0,4.455886331234053,0.16171140062829542,2.1004227657695513
7.4965403233112795,941.1122718966417,0.0,4.1890752874468395,2.173336310262447,2.112249450292217
10.451918667129656,944.4881295672383,0.0,4.47109382063535,6.33409879967375,10.215798891706728
2159.9665681685724,997.6762802609442,0.0,7.391620240872058,5.220367473012961,278.51672544614433
1188.8666316230592,955.2139004798657,0.9407657125914249,6.07008163545175,0.07557656100573629,3026.2049998318416
4137.845190271799,2429.469119202925,0.0,22.269675551310815,3.0769737316457633,3202.7303177462377
5397.28078347054,3623.6315786896484,210.29177545832437,62.88325495067163,8.40564936124814,2931.808458974628
6590.17158051866,4722.862769674567,514.3611744509375,73.21730214063976,20.7663250807848,2242.428286590888
7892.273783695231,6586.997884526198,949.9483782675081,76.54853585394937,37.64170911882662,1831.441757496969
9381.960206015487,7269.075014007601,1650.5253481853163,106.27839921454269,58.51425786670403,1183.2569120437001
10880.389882811614,5430.712557595724,1764.3888522165134,149.77054620071547,79.88688686753343,893.1508928220788
12483.859134508519,7197.498492568319,2835.552314766126,135.99273390010688,147.2708969557572,702.6834010562817
14252.302478132213,6494.952038282777,3358.701452379386,59.828550555673615,214.4318172786874,535.9749812163969
16328.918104884908,5812.959233169445,4045.7117031525804,55.59006709635451,329.14846336127715,693.126956496072
17646.063160516373,4203.187654008372,4608.368689568687,90.8488027821581,489.57231370804124,934.7987836983224
17082.125340408584,1785.7485706729478,4000.5891375180013,37.31028211180892,592.1623996987852,1618.080469319669
241.29554006716796,1261.9324141792501,2028.2163189157434,26.796685283965964,734.507369921403,2253.7772936624433
349.9133782577184,1336.2871036107933,1460.9382933338416,16.120485076523234,670.83320466279,2078.1075529009454
100.60191171215891,1342.9230419208457,240.2682837352812,19.549900605116868,409.56800921681275,1775.5054539263058
83.85565460241513,967.3153252575775,78.15424694340801,7.103942367005756,206.79643108281388,1205.2984771403242
51.805232626964404,915.2579122883325,0.0,3.988123975198665,91.84473094219612,935.9357005787797
41.78142622645832,911.5436138787686,0.0,4.218547480062227,38.067763536798324,298.2690954501689
26.200985916803898,912.8490983116345,0.0,4.0679412808351145,16.32215379901077,29.154009072916907
29.457065903933138,911.5702752240902,0.0,4.222613442784583,10.575707388091155,9.818735253481126
24.279368944219307,909.981971485342,0.0,4.093055755718255,6.925403795503746,2.0437421291622564
19.88541516322463,912.9231630390573,0.0,4.243410175190649,4.484651363192174,2.0541195214900734
24.96471446945614,913.7571066534973,0.0,4.131863630271817,3.596893798193693,9.912246563899819
54.32643422270822,935.780283430088,0.0,7.3074850155237225,4.559638279215101,267.57127413469306
3306.352704379578,900.896484390544,10.462531948537162,5.647545440753273,11.32285514987299,2920.9376410873924
7064.844587600163,2404.5727832669722,8.649143353334868,21.913318643496954,22.389053816632625,3149.6178334931333
9315.047267618764,3588.7291267045125,1039.7726949503017,62.1386566123659,37.560970928186016,2882.4438696322145
10891.485194096767,4679.7286864262815,1720.4881240309294,72.06133953532209,62.44148453978044,2199.4703713128915
12574.30140675618,6511.021259615412,2520.0597604625514,75.21058371653517,127.4420556377117,1795.0338849090974
14229.196163417719,7171.4613992793675,3283.044695459862,104.80593167351319,253.38490731753262,1159.8579393514449
15924.475043005612,5356.508267786124,3304.530906260741,147.12846159266383,429.32228230561105,876.1508559780696
17534.215908595314,7093.434028880487,4269.891310757385,133.58481113795924,576.537530946596,689.6038164965823
19281.97360546513,6395.090137431539,4701.090753485262,58.643905381425526,686.0302124107646,526.3866646554843
20573.94261046004,5727.293987098889,4879.657811572899,54.640611785001205,745.9762215761012,681.5944281965808
21501.949845605228,4141.196189903625,5379.293451177833,89.8813200305986,918.5475636822506,920.7503950848828
20442.92466004536,1759.7573676725156,4694.934705980678,36.58517071651919,990.782453070286,1595.3484827226323
283.3137669822886,1249.5887316212627,2639.1558545530165,26.451765345873962,1106.9476282796343,2223.796460047908
401.2886442513438,1323.7224294081893,1825.3539529907666,15.936192151212596,959.9667420671988,2051.720609657239
122.00457460723405,1330.6777267661562,400.5070015703376,19.345000108328538,630.7351693899889,1752.2740422940333
105.40517420722323,961.5135715607273,162.84859916239844,7.051681300644178,361.00926542978084,1187.3476802547787
67.67024800206316,908.417502887011,0.0,3.8954509728836375,172.35004347902796,923.472382480624
53.044887134517325,901.5821538015667,0.0,4.218484566327254,67.58795287245755,294.7047341284617
32.66632326951136,901.707732253918,0.0,3.983016554222042,20.03137562294477,28.829221901580592
35.1160430988162,901.7483030988234,0.0,4.238626743003932,11.006350049098607,9.72799155349518
28.9954407619521,901.4249407990735,0.0,4.010530761624637,6.957794511640856,2.0272469398112927
23.815818585013,905.8102956541125,0.0,4.28097910821816,4.2902131340392256,2.0381218426887275
28.865446283006747,904.9844602223235,0.0,4.04849451733271,2.9630675684939822,9.838930988869052
54.12287739508282,869.0854960316067,0.0,6.808713454735948,3.115651886937345,258.7373433312718
4263.074203148281,832.4983958865846,16.42072195316784,5.395197588032075,9.49534642494361,2811.814313973058
8501.549741818108,2389.0225138834035,49.71306716229764,21.98403599421482,17.70154263935567,3122.3842032788543
10612.505099167518,3570.8608161143543,1303.2477842511755,61.30867109799347,29.286492639516943,2858.622769703448
12012.214178748576,4645.249311833108,1804.0762681057208,71.54629146158847,45.29833819292044,2182.7931035387733
13475.782336486682,6459.987100367511,2412.44084060802,74.86086099166812,76.01612445000761,1783.1600377130328
14958.871621187996,7117.470112218061,3063.202460544162,103.82468675459876,126.76114412255217,1153.2347842955135
16444.671776645704,5316.297036633551,2939.756139078154,146.44706437710764,208.91736262292613,871.8745368491537
17990.23969606091,7043.58593476519,3799.731787871821,132.90191917703692,314.6971416028585,686.8642663739498
19813.457760222336,6355.379674499925,4203.1950875493585,58.454958620214164,430.41297970995515,524.577211958369
21736.103894940527,5694.854632938684,4897.09368399435,54.04570884329376,585.7291985184431,679.0649904419171
22584.963957075117,4118.373684674119,5231.36638985756,89.74452860224554,721.0974025543211,916.7685905604328
21423.64734530777,1750.309418403241,4502.223992389927,36.16255105163104,750.2856596976405,1588.5832424511254
289.9910479892806,1243.5501774558331,2502.388235750256,26.44628187411335,830.2651051680289,2215.5519512728642
420.6649308282217,1317.1734954908852,1770.9707601402645,15.799764635642553,716.0787927217563,2046.2671681941745
124.0576906834216,1322.1403698707015,347.8994246625824,19.35627966492763,438.25366021654094,1748.517667673836
102.38309395363417,956.5654123711968,134.06713367222804,6.981961645256645,232.2716394207441,1186.146077206951
67.90306362715393,905.4691536161487,0.0,4.074643054189513,119.0686625374477,922.3443383743806
58.139694695764,897.3718374373414,0.0,4.013743355015052,67.62406931282983,294.20595987846536
41.5288844442312,896.6914246808295,0.0,4.114962256294448,39.029049314264704,28.707689098648725
47.31691942433902,894.3711245173702,0.0,4.056505437420895,25.778865610083823,9.653791258958098
41.3443015392696,894.677537412305,0.0,3.978583601716622,18.107063523603863,2.0103809908156296
36.11110346417325,897.5937862376592,0.0,4.2346327228927,14.823345725801392,2.0185724883327767
44.20045340279546,898.3802083497817,0.0,3.9647996278377002,14.524822705898876,9.727696913314997
375.8088654015012,864.7390482652843,0.0,6.7643411150437895,18.196827561803897,255.05440926317695
5575.784169983638,830.8184159083976,66.30438535992712,5.55994570480695,30.67788210878886,2779.991791599173
10132.059507612168,2374.798144861305,7.335518630685145,21.62775454425867,58.59928220663953,3101.617049092973
12499.636577218656,3537.290060182039,1161.8273360545538,60.790507036507286,112.7081703194129,2840.7234935220426
14208.771678450183,4616.5683148539965,2497.829749926848,71.18734398664073,205.12679197428398,2167.958538259253
15956.48393439201,6430.590316858738,3409.6770353978545,74.36847261014296,379.7943061793726,1768.1299901729374
17778.529678697283,7081.893273365713,4354.221655077927,102.7024064356568,617.1965032950816,1142.1061117093584
19375.139216578253,5284.604097073729,4225.188239550339,145.320566314679,852.0342186999103,862.7504546989314
20933.365674516157,7001.295753908926,5276.819114604888,132.06944689395976,1084.1255113942477,679.3018784353922
22865.81438147202,6313.907629294701,5967.375189043075,58.00762178100875,1337.531474779683,518.5134067343015
24316.24238343861,5656.9894577219875,6342.1540338521,53.636419529230196,1519.6199503199696,671.2075559104119
25495.466955473723,4089.849350852619,6992.883436990254,88.70805920132884,1809.7902356406519,906.2971798163267
23842.048380407196,1739.234215461656,5892.968485396444,35.7495179255924,1823.2339390196219,1570.4310417293998
400.92694065395284,1233.5135499425348,3483.287284780648,26.518023013898155,1915.0027395139687,2190.753239914881
564.3865268230201,1301.5734537769843,2370.774916387371,15.699937896069065,1695.9432509408912,2021.9542848893552
195.25330026467205,1310.4294981180392,845.4637301438303,19.11278604737404,1342.3091250145656,1723.129813314689
156.57506662238563,951.400550382039,460.74302337945045,6.699582554561721,1024.740504845274,1163.3275069625713
109.14303512261706,902.8263764523637,0.0,4.066646401273787,712.8399248600189,906.2681923386424
92.90178690266399,896.8991556276693,0.0031218125870331186,3.9460227463856614,470.5500917590027,289.146907980073
67.42287037492538,896.0788639893549,0.0,4.128737329573698,297.16154887599697,28.22465604930639
71.9245754055507,893.908753772472,0.0,3.977154739302681,211.0390227516959,9.498111239590163
64.1546163344952,892.6657555158528,0.0,4.1248057829864475,157.62646200013336,1.9812965405774947
57.40796712184453,896.0273319948797,0.0,4.010457940479619,120.64393205685323,1.9882535839509758
66.9591533984748,895.5579521885036,0.0,4.125622480705459,98.65585389576987,9.581649091850513
63.770342587198705,897.3734405504822,0.0,6.799507868025927,95.17538483706937,257.08385301555154
458.2819598842645,896.655512568569,282.3140426262754,5.951444950251873,121.33883202981184,2843.83829645612
1075.7541734232125,876.7719044943282,156.1881175341217,9.785547966101447,185.9876877933884,3161.351091658205
3294.885349247411,1633.66861351923,452.44851151554053,15.616698057842484,234.0578225772637,2895.177299931246
5386.741585757204,2551.199883585003,1223.5079284430415,26.63803573824664,376.3358479162842,2207.7113048040997
7663.675486080581,3610.7242925169826,1880.9010557074616,22.44993145074085,608.003809380958,1797.59394753685
8816.894320356765,3592.7107474817194,2539.4705357053062,30.066356726573964,877.5402367796136,1160.193169973962
9777.944224360575,3520.843414860452,2798.8808320114395,23.99375434979454,1159.148507249564,876.6100746631106
10729.844451266512,3502.0014861020954,2893.384161165439,21.93972134676512,1420.252724309292,690.8325723671204
11930.037245879228,3471.3945393480412,2321.6830709484257,15.253425576966325,1701.2252893849,528.6127429347943
1079.307812402859,3564.5279986191094,2420.7750410262256,12.739234687757156,1946.2636803490057,692.2627853078349
1413.6210112103865,3690.404914763826,2189.24465798825,14.200943098695687,2119.861559616402,944.6905621080197
902.4717082189103,2500.8016430591947,1519.7412482835653,5.7975105836896486,2253.3000345418754,1650.7481646686829
599.2084499459638,885.8079978146512,3.3627259069692945,5.479927259056016,2226.501166805428,2321.254221195907
463.2650385334783,878.9065737459216,0.09644642700874287,5.847143702894099,1850.444861033628,2147.529508967722
186.6304974631359,889.8762716316274,0.0322703933481979,5.673214743833359,1394.3129175889385,1817.8687432978754
156.3856299933521,901.7062532728077,0.0,8.125764806842437,984.0906546646829,1218.9229261272305
108.71225544200762,904.2454762214383,0.0,4.095059632362914,608.3219567270082,930.6250377909101
90.03342613386691,904.6877115131011,0.0,4.103492184290771,340.9011783336539,292.50681371021494
62.566725636774834,901.2593151334465,0.0,3.1871648202876695,170.89008313547376,28.514412793358048
65.24217534477191,896.2224154506736,0.0,3.4281531082049512,94.51426347002145,9.590265265199866
56.62610220184947,892.6540096649908,0.0,3.2012751827456176,52.86577203503361,2.000293544866797
49.06746345621547,894.3993873817011,0.0,3.3850901974113006,28.033533947981816,2.007412822065736
57.30622864560406,893.0406307364269,0.0,3.2360197317395922,19.56638549756814,9.670621409155181
54.37221638925712,895.2023190303752,0.0,5.954160126179308,19.927722635325395,259.358945490776
419.05661589625385,883.817719651733,0.0,3.20866590375064,29.41669094163253,2894.3823802764614
577.0858887337507,865.9197065052941,0.1688498210501179,3.210755078480998,60.40555660318375,3238.1804463188078
671.0448677611975,1530.4009260707844,1.8644725857918818,3.181863564980829,98.04461439130677,2981.364756091105
793.4018554719576,2390.241818892409,19.048102519349673,3.1053206451822875,235.27986757991098,2290.908701042862
894.6550113054718,3452.4138405372205,29.346402532961935,3.3258260253525944,442.5289774658241,1878.2984571917286
966.4120818041694,3457.5871779605923,12.849882631404908,4.690837829751685,668.4455583894991,1220.7843609057488
1013.0161108158698,3456.0680101572284,47.1728113774776,4.9464475212743455,921.3586876481556,925.5921196929073
1059.553034313118,3468.29898213849,85.47749353774779,7.62471263785575,1148.9476198379386,730.0656629009441
1176.181810623138,3469.836238588015,135.0200319287011,5.015287753516319,1414.988676803381,558.5778505493166
1305.826948202842,3466.2210575327226,112.27099198676878,3.107429239253384,1700.3454720484451,725.7271072906143
1309.0974852828951,3459.4802823451532,72.87567810404856,3.317531406899751,1892.3556734378712,985.0819916338314
862.4598877875974,2424.0966268296684,89.55239793874499,3.134739936413832,2186.056289512609,1715.9307518802448
588.150890552162,893.3810941766316,45.57469237678815,3.3000776315056806,2270.6076629993827,2371.4024491528517
493.87445288910357,893.119271871259,4.944531637797086,3.1829500671913964,2066.4468950884875,2166.1736183066428
233.36372081428632,898.4520075719757,0.0925244116444301,3.2788238224564736,1672.4872400605889,1831.4616685395715
186.65976369014516,908.3096063969657,0.3861748337765268,5.834145231264881,1341.5804829305646,1226.2584795596943
137.93708004746992,911.1183319798148,0.38603649544828594,3.2899811130051715,1006.9924165125321,934.0575416584428
121.46133832346351,911.469618580055,0.05240321250757059,3.3749199475571046,746.4858073114431,293.1330263076182
94.59287514475349,907.8597795930455,0.34726734523012764,3.9658363928236953,552.3797993299781,28.51151729414172
99.48566662465015,905.7039047283661,0.841747875100519,4.2082655317830815,439.03051262240245,9.561595714737527
89.42605933391822,904.8420759543236,1.1130669389006433,3.9814863505294626,352.8100018478746,1.9905781601681827
80.24529477042456,906.7687847780397,1.0889382867545248,4.198755227616654,287.20746589860994,1.9928922122151314
75.58644679688405,907.5350706416137,0.897796755725995,4.004779385766563,247.9923139084291,9.59012060047721
4004.953060506157,969.245901393688,1.1655481663168372,7.47331935398637,243.7364473082336,263.26246088464353
712.189435774072,968.5261310943312,578.4494245822245,5.847174745155745,304.541730070034,2951.009320807236
3660.806966796326,2502.5469344185153,320.5008306649834,22.428317175518764,364.5695524218368,3140.516614198027
6019.418616973313,3670.341626852727,2269.401755597793,62.54199729510416,457.1769158024031,2872.8892173549893
7701.491050405617,4750.27947522864,3407.045917000284,72.38772996058186,544.3320662142291,2183.1265201135407
9654.735431571922,6580.5710315882725,4525.269977739811,75.48028902923684,777.3879194180679,1778.4639170757175
11752.871829352167,7222.090837874626,5756.712033700421,104.47883280467296,1083.5069364925973,1147.1819063225892
13719.195565661106,5375.469337516323,5578.15885782174,146.81978688450582,1337.1090435784392,865.7154850046379
15589.673834413352,7104.807651664571,6564.410607674278,132.87394716664167,1541.8750509447368,681.2078921655573
17669.006714358737,6392.454453115281,7045.38237072598,58.34573536061926,1745.3909373009838,519.7985684301186
19564.685578274155,5718.105349471413,7577.800205139088,54.049372021757236,1933.564481241725,672.5762832936699
20821.49576512975,4127.561098625127,7691.375346497025,89.31149892139089,2044.0435529516628,907.8637968065428
18826.03523827715,1754.4842279501854,6317.515923043711,36.18793982707634,1884.2361460346258,1574.0809862671465
342.3310825114152,1241.2604060031592,3059.6815167300774,26.14539390845641,1704.393786041191,2195.4745421955963
490.62266651031405,1304.9768137541998,2139.287762987714,15.765073936037076,1429.9294018304204,2024.5362207213004
177.86516223859144,1312.1146172855772,676.6245098938722,19.10556003108153,1018.8479042686698,1725.7120239461078
147.8492050583646,950.7451948053742,373.54633283312285,6.96803886970563,678.2105665509584,1165.5077021729364
103.41687381260049,900.02431878519,0.0,3.9097942306210896,399.7736308138189,907.2347958200354
86.57015183285324,891.7813264929167,0.0,4.0864995814960645,220.28870641300819,289.6163883284009
61.122264539871566,889.5286883116565,0.0,3.904023653554678,112.81034114496791,28.291210223896535
63.36777251471827,886.2856489441785,0.0,4.182271105163031,59.37055117569716,9.527738356971069
53.23482470269947,884.0725183259402,0.0,3.9199399315585954,28.165568677412825,1.9907818693630417
44.38877899715307,887.595128081304,0.0,4.192574486222297,16.46753431719139,2.001594245120766
50.68173581820989,888.4420285224877,0.0,3.9506315686071574,12.809115563288396,9.644564239648103
0.05189488573213965,863.0594281357229,0.0,6.865950954230005,12.434984622979465,257.48368403186265
2908.6629659254418,835.0385886487279,125.53329440881315,5.5129607225243715,17.103880879953053,2807.580268437262
7573.990906447856,2385.892802373753,18.290658676309583,21.96215647550726,26.910957652492915,3101.4746520368803
10239.639191143347,3544.7055393741293,1355.43168401963,60.70130872312727,50.53892922897182,2837.2278089637234
11879.86530881056,4625.662075510896,2375.011467138632,71.15821138406469,96.1860217502603,2163.7248588953767
13716.522528911944,6436.988013705214,3525.3992593632324,74.35472865946264,236.18448798200555,1764.829164404943
15447.121125879086,7087.307831304256,4349.287034255678,102.90185065517663,402.85303507527044,1139.7041439786203
17222.142901689385,5287.0200225027875,4314.857435396861,145.17646610954446,617.4976448855241,860.9367935947461
18991.67233209765,7002.503290040613,5439.239269501185,131.65750737212727,856.5572791317979,677.6573562484589
20945.409573877954,6310.839788759517,5917.9816327527005,57.85747445940373,1074.4056545781143,517.2033478828464
22853.903921209323,5651.615942943642,6542.573227731945,53.45608236487591,1307.1228469444677,669.3094327278078
23775.79421134069,4084.322175333803,6854.589458144756,88.7412691431396,1535.7874597191346,903.5198871088311
22642.043051938675,1736.4734406338962,5990.5572398972245,35.78619958239247,1604.8867198127432,1565.50966166025
406.22972180178897,1229.9084704729012,3407.809009666649,26.057607253737586,1683.8102119568389,2182.431497241332
604.8723951489271,1295.2550648373547,2186.5751384586956,15.563246728328497,1453.878309604941,2014.7797039043091
187.37317892173732,1303.2641100539329,666.1508569413664,19.104472119312128,1044.4239128560769,1719.0095602519639
145.58127142619375,946.836890324101,381.2561477852352,6.917712476873635,718.9687796887292,1160.918727984906
97.95830202720003,897.851174132662,0.0,4.001991342444657,425.95988185929883,903.757662024596
80.65592407827879,890.4595911281458,0.0,3.9771089576606653,226.26152419202975,288.61027485148946
55.40760118306265,888.4872530654765,0.0,3.9909606817270005,108.31110979882027,28.209309495001943
57.99714354940185,885.4885781152725,0.0,4.082704519392699,58.010255541110865,9.508141473485356
50.02621349589463,883.463872820072,0.0,3.9016191249807752,31.387463093405113,1.987834231073788
43.26029895055122,886.7144670216868,0.0,4.203979399440912,18.49624619252136,1.9973625046712764
50.59513418043164,886.8018228407091,0.0,3.927343556121895,14.32899132238568,9.61664887928847
252.66502670695152,854.6597489555176,0.0,6.707002284999506,15.0543967817177,252.3035772457035
5225.68160644715,822.8087943769834,136.6472920333532,5.53149602544471,20.49081545764201,2752.3868806938235
9920.047491981593,2362.7731693424153,42.330586616601636,21.49541762738872,26.413404312191744,3072.3068514489373
11850.842612399489,3507.8563292259237,790.7811151715329,60.093848636057,35.06723811887908,2815.9195454730843
13003.020087013605,4559.827893415565,1122.3596699582445,70.42936644100804,41.171128254569865,2154.101734312954
14489.3498395981,6348.75413153597,1727.7436713628379,73.78061909070108,79.61167754282532,1761.570950668546
16043.300243790716,7009.162811470171,2669.7192671748267,102.24111049361056,154.47615929326315,1139.4452084823247
17516.122508761116,5243.532337242261,2939.963442807786,144.6341876287324,251.1859513084412,861.0111657372269
18491.722321684298,6956.709519352312,3529.4173847383563,131.38715074882253,305.41675653957265,678.3039774465619
20235.534828001528,6280.924492079039,4301.945193412165,57.85288791911651,463.7647179678229,518.3289122888982
21150.225093080728,5633.942603318887,4365.152415293582,53.42844081987742,532.3588245886331,671.3337095298455
22355.935650370327,4074.87903366198,4741.411395988947,88.77275096111597,705.0630360562122,907.300040240207
20488.03858788333,1733.8366648916708,4002.6904615937315,35.75527338076204,798.6455195170211,1572.8858906720275
209.55291414704263,1234.383601868451,1931.6213390629457,26.384345402485362,896.5067754753835,2197.2397909389297
284.04276020802797,1309.0080047467277,1166.621072077324,15.748927201231135,783.4380242391936,2032.8087093369709
115.92931763601365,1314.693346221273,300.4179891436757,19.26403280551963,578.5306210848836,1736.3297821096774
105.2313397745781,949.7653733889193,155.7237780099663,6.8902974580884155,392.567841448794,1174.1344713277037
71.95374223688482,899.6093524849932,0.0,4.075475905534334,222.11004257285862,911.0701519823671
60.06906934121555,893.3781298645719,0.0,3.9800360019405843,119.97233647747824,290.3678458741834
40.55854391490741,891.342437320029,0.0,4.106549194493432,60.049321444060816,28.380270567376343
45.13374135359451,888.9960937115212,0.0,4.017182506168569,33.94893458949412,9.56267427738322
39.8201004060718,887.2940002866458,0.0,3.995640465035183,21.295716156716068,1.9981998044926415
35.44830876120681,890.6711034593073,0.0,4.142834947199062,15.818014730279788,2.0065172096178734
44.04337446198769,890.7005525537294,0.0,3.9311140352136125,15.070820427040093,9.646810415600067
363.46413395607806,858.5151504079207,0.0,6.712982744150575,18.470659538075374,252.5394670120226
5546.9048599133675,823.9664930632963,83.203910750812,5.52689147485589,30.116370470231292,2752.006316940117
9950.668576980179,2355.8761419963,19.415154255225932,21.457296858473658,39.872256728518245,3069.645265901719
11899.72941060206,3499.941221477394,654.2649676109102,60.1064268470692,44.70853042248527,2813.8414040980983
13281.954360513784,4550.608363466234,1041.676789804616,70.55102913297475,62.20908512208695,2152.4206592228966
15215.824812733134,6343.389813219074,2188.149982205896,73.53286748546515,162.90242057929362,1758.4322183165277
16688.734184413704,7009.161990933281,3183.4636714748463,101.93901236528787,271.2521953765227,1135.9497420039422
18029.044804773195,5237.2978235214705,3045.954672049392,144.26794054175969,397.3300357317806,858.4014611913015
19606.230081489797,6944.500009535846,4168.250188626077,131.21046936288033,580.812253071305,676.1127786350236
21298.628341084896,6268.64645099828,4708.524549851723,57.682381910470745,740.6110282321956,516.1995256811985
22904.584279606064,5619.083158916361,5305.1669372296265,53.28322654681468,908.8483021889798,668.2384565139622
23476.06034833552,4064.1366824274437,5503.460075445376,88.32018719816773,1057.408183182248,902.5048275229524
22203.464391452537,1728.2378639487063,4774.321465100935,35.59638617458385,1110.105833975574,1564.3764729357995
267.27173141677383,1228.6457999691647,2427.84707257127,26.3336270618725,1143.4567627075098,2183.8352835844225
365.702503894883,1301.5564464478323,1578.35739787645,15.660216178048787,955.420857161151,2018.658316216579
124.8173120700698,1308.2747696456597,370.6684357792131,19.149978086607568,644.1307526659333,1724.7700749164426
105.87982906560875,946.874032727261,175.8987201012919,6.793247786079279,392.3839628870076,1167.705519083062
69.11603667882646,896.9949776836361,0.0,4.05985503014512,185.21778868567262,907.6118587068229
54.17155780231917,889.6435441473757,0.0,3.9620721753993666,69.39570433144196,289.7821623791751
33.43987097072416,887.5276706217192,0.0,4.125761764812001,19.187391818252145,28.385224586669224
36.030528282469575,886.2421457248312,0.0,4.00566119779737,10.465151212805548,9.596608031268877
30.63594824788788,887.2539588371657,0.0,4.13797108267316,7.291123459436508,2.0076022553321606
26.008618125874456,891.9351563831291,0.0,4.061854981391204,5.199959080973395,2.01727735916217
32.48818699854616,892.8578103168046,0.0,3.990314549979366,4.597607375448601,9.695125764256169
209.35570929775943,855.7874568026176,0.0,6.6668157320931805,6.285202731133013,253.27541494538082
5029.159784502959,819.0877055249995,29.730289469909003,5.5428009296133816,11.208153286074282,2751.3038601677827
9092.186313626327,2347.462562481796,4.824457652800066,21.417480821677444,15.278475697199717,3068.799014061792
10949.491274047026,3492.390378117578,431.5877102765787,60.11314726903361,17.61577919188101,2814.988631609231
12147.236717808993,4538.470231089979,653.392295375874,70.27922222759443,22.775875752523334,2155.073859318426
13566.21851727351,6322.935836705144,1137.795594929483,73.68235207760998,37.58431943346766,1762.8110465693458
15059.594230229555,6988.22817034137,1994.6463802893027,101.9266224017168,58.225979567692846,1140.4530645564269
16310.88330999733,5228.3504077524485,2000.8643220286217,144.44469943937227,88.64316110634716,862.0479275132012
17837.42397378246,6938.171822148987,2968.1457371896036,131.46681145749062,157.71389876336053,679.1704270900806
19273.827397978406,6267.566895174066,3288.0855490135878,57.80502556584648,207.07847481715567,518.818119510546
20999.97734332396,5621.62043654555,4011.390195898067,53.49957488819826,314.61320239256077,671.842511265727
21206.217047839844,4068.569575532971,4049.3378275014625,88.49164830620349,382.50718517413094,907.5395789422041
19682.972464469734,1729.9535095146741,3271.5991741212993,35.6987476222981,409.72159860451313,1574.0167247668478
140.60969868697867,1233.7411454634587,1143.915051488734,26.63817988586724,407.44871138319166,2203.449709899082
209.7667666600672,1312.1822834822126,598.856077005619,15.839364797991319,337.0647833352024,2047.2904560001318
84.1249156528203,1313.20669856366,104.28322186273046,19.355610788012086,218.48333526294078,1753.6163849357652
76.68869870506167,947.2807493120066,56.98028548477418,6.8101397752309,126.96263460072542,1187.6589573260121
49.34496723510835,897.9955068716988,0.0,4.117974903544339,51.457317346898286,918.5076271098118
39.38017890534671,891.6880873687713,0.0,3.9812446977385325,20.19447405056221,292.7647056949332
23.93934589444669,892.8660452878984,0.0,4.167541570006717,10.123713831155822,28.675230464397266
26.584555231346833,893.9633482880873,0.0,4.035782024042236,6.026528793898391,9.67771212127547
21.702407159866063,895.504312935126,0.0,4.159334863887176,3.495223353121224,2.0235823713183683
17.73870055484647,900.091147111914,0.0,4.096770741630876,1.9705256030711462,2.035224544786599
21.91856942340175,900.9758023244012,0.0,4.092590030460512,1.2915084540664912,9.786894211085821
20.038434846481632,902.0850043999727,0.0,7.021542968012457,1.4107053152021927,261.66308803839394
221.38419371406937,892.4831847071869,4.22896518296404,5.933262023014922,2.9867273490568187,2904.272241115175
102.71003880869756,861.633818082222,0.04289435083678336,9.825793652729459,8.000354478359126,3227.054837925528
1721.08350806292,1607.5266355794681,18.323971998939903,15.761683920982183,12.6002560770935,2939.389444345711
2913.251032025227,2517.099138612095,115.50896334628975,26.48534914417212,25.171155395470564,2227.0379282348545
4345.9528720238095,3569.007201891983,205.11229104475535,22.572316191197555,41.025687551095146,1815.8396396232306
4862.4202953087515,3555.1476565507232,272.3820834566002,30.134661627076508,53.82017240402443,1174.2233194699133
5501.504807318732,3487.173728582095,368.63462353108935,24.100992849469044,88.72332038999387,888.8544737463701
6123.44064046892,3476.8479181514394,391.4641768051838,22.05745902491641,130.19712721267123,701.1093074021653
6881.544764023938,3446.0775807571804,178.74502904655748,15.329683077844402,192.5514041368524,536.82948994222
507.82419786417324,3545.4747573513205,284.24328252504876,12.895967533393186,314.02204854327005,707.1139395703657
832.4928503685658,3680.7475505925445,248.78168829320427,14.427335955716693,412.162470474575,970.7589631275263
459.8805777470794,2491.4577505372213,169.04706177087613,5.8846920164861025,551.5841952979908,1695.0379170517012
296.6991880252273,886.2204378202931,0.4560873135055394,5.616072922825417,611.7731273838723,2364.3505274381805
217.9854847621046,885.2043975121229,0.10244570762579625,5.903075204427736,434.26735812042875,2170.38460135797
85.97896382203413,895.2088441749245,0.0,5.7422917082548,223.46419885116282,1835.67816227464
72.62186421042138,902.3156524968318,0.0,8.157046994767288,87.66709113297618,1232.833441698448
43.939277061538114,901.5819803129847,0.0,4.016299704709422,28.147079788982577,943.3303643012008
34.15482138159838,903.2200350062499,0.0,4.2643684291864625,13.537548546252161,297.4611614974758
19.931275801356396,905.0329707422399,0.0,3.262933296935385,5.73695229823991,29.08203533074512
22.63412949508618,906.685223829969,0.0,3.483921217339121,2.8408943734234224,9.807684191083888
18.978686273556164,904.9477740672406,0.0,3.2917020622245188,1.5436781057713067,2.0487466805072025
15.898889458546417,908.2366155926912,0.0,3.4313725112308067,0.8870093868674895,2.057853706800276
20.3498324932142,906.1978166385411,0.0,3.340458069798121,0.599212898378592,9.8809518018817
19.187744835341093,907.7607551198646,0.0,6.0623079016751,0.25976987136253765,263.64336232608116
218.65205042572367,895.0815788388943,0.0,3.276757947278361,1.0436582515673831,2928.867974876913
348.2537719392535,871.6487406032222,0.0,3.0901555574185706,7.715583735746486,3251.1811465699598
411.0811836296643,1527.5956783318209,0.02647466692825733,3.3421371984885777,11.47792957940008,2989.0636491564496
486.8771553239452,2382.0613356550925,0.8306336079637372,3.132385349578085,23.6436613812021,2298.7382220840536
558.8060497173141,3426.233199765541,0.5463164660711294,3.305607846850285,40.72882386001258,1887.8050180685632
613.172446153357,3420.593580076417,0.22427337268441494,4.718663816701161,60.30299154627197,1226.7029791734788
646.2618721639717,3414.8304703641184,1.2692560668275121,4.908496285897238,91.03224720057543,930.3057696112703
664.6140564002851,3414.5359769034712,2.7004341676374954,7.63800196643578,124.51711838696562,735.1404625945556
703.1535423894401,3415.7406071803834,3.0228823307875614,4.9856219048869574,161.90650504665868,563.5640568148924
761.8979136166555,3413.7424527061567,3.4902085044231357,3.1335904086085145,249.66776516299595,732.9834570966096
815.5552462260295,3415.8337534783846,0.6611210698923801,3.2988162313346905,360.79968371919784,994.528620007766
404.6582800514923,2400.1387272086818,0.3085730755404292,3.1762887607696637,423.8955949108725,1737.0576262807315
254.46457986502324,888.6675000407905,0.5484165744910743,3.3024015430609857,462.07573005109225,2406.1195040779508
205.9126705210038,892.6923185371825,0.00015937267136878757,3.238305991805372,345.7441287629607,2191.2520765333943
96.43979714524313,898.954002941025,0.0,3.1809022938934715,199.9758006470977,1849.4005384268362
72.78243145036444,903.8227652224617,0.0,6.062879832976741,96.97355551582606,1240.5394802871901
45.99129496332702,906.063074959161,0.0,3.2553321375700253,37.57025042581777,947.967273113833
37.216057763293584,908.4940374801955,0.0,3.4528039257072756,19.991499503926185,298.4990857937489
22.722153238449586,910.1633453567919,0.0,4.053242112100166,11.28604191848385,29.14594801570108
26.2785849837165,909.3239505182828,0.0,4.259288764926226,7.443854442036388,9.81604655298149
21.940803618210452,906.2748020099623,0.0,4.085220266025377,5.072865746906441,2.04959291625573
18.255247085060805,908.1582398389645,0.0,4.259621675174895,3.511014562092864,2.057219418435302
16.226149433949224,912.1739396184637,0.0,4.135894464169099,2.893945960200966,9.899417851749883
12126.00559381797,984.5477271700573,0.0,7.59516826229582,3.7767770676515853,272.0445417345004
14.695467150071567,972.6281091773686,0.3804855545723449,5.952174681189197,7.180685816876328,3052.9161082227524
1300.2869732214838,2463.8256536732893,0.0,22.689693269608245,9.021835166945875,3235.173160799735
2072.130225588716,3635.6271174727276,114.5627241639218,63.245242112255575,7.890480122204861,2930.7738941083703
2848.0323072905203,4724.886143039583,178.2025626314075,73.27422922521119,10.995575463699348,2238.4776710347032
3637.085085467522,6565.741122404062,219.56865091627762,76.52378419129442,14.707254363661962,1830.9354658911095
4435.595165577521,7229.957241611442,315.06678650529284,106.74373526562921,16.774360781994833,1185.82361027315
5071.679160980635,5390.1122203588175,201.76083032453684,149.5327428887901,9.445966600619801,896.9182880709731
6089.9215640534,7134.940693915421,353.04825462397633,135.99425718199913,13.45743535304387,707.3830373932966
7273.464556264504,6448.739499191376,540.1448678954742,59.83355153245823,20.314745891964478,540.5946343497445
8221.175299427052,5782.670164803602,664.2368763044744,55.846470433563724,23.36345974695042,699.7891537316451
8989.836788198101,4185.078973176269,757.7874188157447,91.45042046948856,29.97919271790589,945.3065960244503
8297.032645368352,1778.5034813577058,582.0265268916959,37.39912699238823,32.09028058417893,1637.5631476679398
65.64540857757991,1255.639533201498,47.02377857875018,27.08941456913211,34.67143107252327,2311.2972280003755
119.94979648163475,1320.335110798099,10.07216086437291,16.494725198390043,31.715763196370315,2171.749196788793
42.354251908433305,1323.4846457929475,0.027057366051191044,20.084005548851543,26.259442197292746,1853.6644985363807
41.49632936519273,955.2872736398174,0.0,7.290294825240758,21.13300258630741,1251.7293511558144
23.83541805220239,911.8084048732685,0.0,4.077549118021147,12.09846336199442,953.7037249853937
18.220322908556682,918.363395968026,0.0,4.312389070393127,5.346145989524463,300.4631133703371
9.842352371398816,921.7010087963428,0.0,4.128362338334859,1.4814103280738804,29.44646555976785
11.794832540056158,921.2320894631385,0.0,4.335136107444485,0.028501115310922403,9.961407178421746
9.462910347219445,920.1035479757169,0.0,4.164389939999199,6.131686154216257,2.086841330926677
7.7029127356107,930.1162604086604,0.0,4.344686655486352,30.735672647288688,2.1027449249056476
10.508784900356886,936.3272982853215,0.0,4.191798574948202,52.155762395298645,10.120127296601993
2427.7208986781907,986.7154178225761,0.0,7.557152403711069,53.833549121375135,275.0310221984213
1062.9850328276623,946.0970349305228,2.6618470156130085,5.761919323363482,35.075591937477654,2991.7497567323467
3878.3175129988686,2408.2573193972466,0.0004078189248123178,22.086188101991485,12.986628296367256,3176.449642780175
5194.366193510539,3570.236551360275,159.58123649985103,61.92068765825891,0.682324621855833,2887.625554895399
6341.757966423523,4646.0732170789715,489.2853183619518,72.11365881521573,9.336778069675244,2204.8010889739367
7600.906996762221,6484.80453712041,800.7597905855389,75.3014593084712,35.31472499309923,1800.7613850959244
8978.628168963565,7151.482789365609,1293.0369804345778,105.00793661761503,58.815423784774026,1164.1567885851478
10368.627062988759,5339.1108805324,1271.8414489945976,147.20385094135358,81.1856094216644,879.261527938911
11758.3135926667,7074.954849486109,1923.159191017922,133.7201330238922,120.10205428251167,692.2737805263206
13523.113419537132,6387.612245987979,2600.8656515830057,58.800627147504066,190.49022969912352,528.3571015601981
15427.28855085063,5726.794521074279,3450.113156257157,54.84323705421135,280.9264576985945,682.9995894552607
16520.305682499235,4142.472489569889,4059.438591430125,89.74372586780622,387.2861782258335,920.9335609153925
14955.938390066261,1760.1915560506932,2804.7459372700046,36.70779497132391,373.36617787492946,1595.4220802837551
129.29269611089637,1248.5895670492218,840.1641609234805,26.567986283515182,405.7583621499711,2233.5306508958824
193.7975763099039,1320.3939305289084,357.2120859207935,16.05902339962797,334.60329335123197,2074.664712958935
77.5333222448352,1320.2489460931754,25.526492519776223,19.498434327947564,210.89915304608206,1781.9807680359195
68.74106701366217,948.3307382284743,7.724398639793365,7.115605006174061,110.8092102174159,1210.198962619995
41.7659948408268,902.0730205063722,0.0,3.9872143561558557,43.074957866993195,931.1898005367204
31.614664508453707,902.3736558222311,0.0,4.245632653592885,18.04094844527795,295.23813120212344
17.047026977004826,904.9617112858324,0.0,4.051444012175896,7.6040771180388305,28.94238023274017
19.65712493572588,904.8919991523021,0.0,4.2575758773302645,3.723502478637853,9.781928249254218
16.32578247570765,903.6304352686177,0.0,4.085417658274051,2.037512828043099,2.046923720223725
13.46152658814274,909.5677170722093,0.0,4.265959066636371,1.1824498326531132,2.0579167307511455
17.701034951776577,910.3688681061248,0.0,4.119191580073545,0.8537625255786944,9.880116571930987
142.17491854661492,939.8263850725707,0.0,7.323002739263253,0.7957130417912381,266.1811618368105
2740.387218736915,899.219267393687,0.8648302546154768,5.603750313399923,1.6748766926338314,2899.778673014896
6141.142454475733,2365.1732939830085,0.0,21.6458148933436,5.935848100152488,3105.8598644535195
7581.292415691986,3524.133376794002,195.35483015576435,61.07950342408878,12.260662925893488,2848.32512379725
9131.58469521536,4586.001781562613,505.01969880819314,71.1179401571591,28.773459423302,2179.901402020282
10719.365372929824,6399.8163523076455,1130.386991553368,74.40756717330522,52.28251105979937,1780.3853795435807
12195.467366923545,7067.769149872123,1732.922202140985,103.69334491182308,75.70695250729256,1150.6581784641905
13672.83941109988,5279.871564597495,1788.9649302386135,145.53087901168647,129.9625670406424,869.3507880624052
15325.25216754139,7004.228443609557,2892.436343038964,132.26705480375495,232.8169858407606,684.3041569731406
17329.07172587253,6327.816704435696,3775.979105047167,58.16143785859232,372.87516310884297,521.9916496401001
18811.758544700933,5671.805926877674,4226.647009550498,54.22435178001286,488.28765792541077,675.0898472840537
19668.54033382313,4100.9557594747575,4643.438799121604,88.77907455075528,640.7240683797966,911.3059235218585
18648.139569723502,1743.0436040136537,3939.6948033679273,36.38482034892639,684.0016134756855,1578.5199879520858
202.5416314450203,1238.5144526982276,1720.7544908625746,26.267718490932566,713.43109121211,2203.2770432678
249.48039226508604,1311.4422352548963,785.7848063633448,15.869182135522246,576.7923779073869,2041.6697692394007
102.80036247896858,1314.6136751585927,144.45270205172415,19.27112329800601,411.9069790966562,1748.984911920199
93.47502078908711,947.4991828663685,49.48412501832676,7.010293628264265,274.4912883235947,1185.9462408620973
62.333622822091634,898.2731342452405,0.0,3.927678145202598,148.28366111438507,916.9793390237294
50.80958800016219,893.5987497123148,0.0,4.170388277400229,70.38631296932762,291.2147820120206
32.41013562601009,892.0485243727653,0.0,3.9887866918251387,29.7931402228532,28.490082404502342
35.913758418626195,891.0591638109063,0.0,4.19805978770096,17.594140217699174,9.618545108476235
30.179247947142553,891.8173307908388,0.0,4.013399740889057,12.681857843834322,2.013474447189286
25.21329888881991,896.0153748125242,0.0,4.191782963037432,9.37629358118337,2.0225231323944888
30.882734414134834,896.8903391202073,0.0,4.0483113149598,7.858465316489982,9.711866826293596
42.40090643733102,861.9516465627443,0.0,6.738297347710437,8.938676892436526,255.22722343293435
4015.028428847657,824.8695189341217,13.616650123718133,5.406014568568956,14.180625470125543,2774.682171791852
8043.337244538587,2355.9114044499393,4.48406991243678,21.494692892845322,21.99858590104559,3080.2946347319717
10327.017693705058,3510.830600363046,656.6932581864965,60.72116731140699,35.762481098098945,2821.9523594122793
11904.328102677655,4574.311054450672,1568.9848135107575,70.62867991911477,56.96816660782054,2155.2502281634906
13113.873740300744,6372.903003934952,1854.1411905711216,73.62208763863525,82.21278713274977,1760.1503055567662
15010.082832769269,7026.779031799123,3090.524028273532,102.8493923917675,202.98305838897943,1138.1848449811062
16251.111366182005,5252.160486905882,2854.4099129959714,144.25744981402613,275.1637826648764,859.65276574907
17606.796352047862,6958.397466850626,3683.0954725171355,131.0532071536781,373.93462387881283,677.2856458799129
18945.364460864894,6279.670716555852,3904.285784478963,57.669720216274804,445.90772395273007,517.4683167689262
19915.8054350629,5628.699079065192,4066.3280978956536,53.83154288773418,503.1099096558621,670.5406832565013
19712.955254110304,4070.236739310482,3390.1155203449457,88.15412023606449,469.2096695830304,907.1732097849538
17777.69889920636,1730.0207183097937,2647.2282302230956,36.23697922629555,461.5109508989643,1575.6547570513335
107.67140932012614,1234.8403242030881,657.5444047841248,26.31875993011776,380.19765290565584,2212.705537749762
168.97928816817836,1313.68937866178,305.7141489048909,15.970500962208359,286.37518005983947,2061.29202310248
74.19136720300448,1314.9311258301416,90.85579553278012,19.407521639321292,217.9450351400602,1761.6659466063281
71.51798360056091,948.5766664186466,43.08072009023598,7.025969246212963,135.4730204270356,1189.649588301307
46.46679673085661,898.093706422819,0.0,3.938430369159301,62.76553654658785,919.2845825563447
37.33991664818495,893.1184434982664,0.0,4.17397051276433,27.03835583024805,292.5629518189259
20.350694291193374,895.7120575799298,0.0,4.019594169256028,11.882156567017432,28.675690506056434
24.153256650284547,899.4322597291817,0.0,4.207739374384053,8.401784333163091,9.692240269351618
21.799395179762847,898.071403136197,0.0,4.048193136809918,7.590154821376872,2.026612633001572
17.288280983694804,902.1109365086427,0.0,4.241303266484287,4.989984964735228,2.0345738153123496
22.94910788804976,900.9247078691566,0.0,4.082969224061104,4.767682832923748,9.769485539716579
73.3182737026895,863.8780755314447,0.0,6.736467162592531,7.36859062505444,255.44537110280942
4175.285096405302,824.5552815229337,10.753214614639196,5.390482668944775,10.282743223920944,2768.372455385589
7816.100497345951,2350.9218202621246,0.7056276003621623,21.453308546143802,13.594286718956841,3076.54742394733
9858.788540831967,3497.296831527384,315.2316343962095,60.53434084496417,17.823449546539774,2821.766107494685
11052.791720574098,4542.016150254877,529.4542310742941,70.38177492082373,21.46502555924121,2159.436198579707
12174.602448774827,6325.989059400111,728.322918357676,73.59166790695672,27.471134191389375,1766.795299566472
13312.77672572754,6979.639666509989,1109.4622557468545,102.68601829725412,34.884715688084654,1144.243336740261
14398.938394980783,5222.47071530569,1092.2483082115539,144.38189522796213,39.46389704300287,865.5607240862313
15516.24287589386,6931.752905095037,1782.5984404089552,131.36242330694085,48.246523503356364,682.2943201377713
16389.534992783007,6266.846461491778,1881.4101048483237,57.881234753928666,54.42166143391898,521.7211528188386
16701.626897995822,5617.306840845948,1539.9116788297365,53.99384424155111,49.604891567630915,676.915943936134
17575.757651459055,4064.0223628664908,1723.5535265329138,88.53134068840788,89.60501797738917,916.1919119291662
15931.115790693839,1729.9284065210418,1471.3792889825131,36.41413806766701,125.613956789266,1589.0193559227487
84.12476367831232,1234.3951760345121,302.36852645955275,26.486695788388836,125.2530725612429,2235.708356098511
135.5790990959084,1315.321256638426,120.46830496091404,16.102920380593496,108.30997232352503,2092.5279699369066
52.95095366173999,1318.1922810321307,28.88696614552722,19.614996757965628,93.78736390619626,1788.7036603505608
52.57183237305893,949.8211176872059,10.188139605613632,7.100374937658714,67.13931478907175,1208.702133718557
32.91929180531454,901.1728280375972,0.0,3.994582904128718,34.80328548340302,930.1110268910775
26.47309941310323,901.6365406270008,0.0,4.201480514126984,18.48025469798365,294.96822931940085
14.936742972846604,906.807000860377,0.0,4.062749451709368,11.216829020996178,28.892885722341383
18.527640400878486,908.271564426645,0.0,4.23189827736684,8.444643929051447,9.753898765320608
15.61023854727197,906.4664938364976,0.0,4.092625281918734,6.752728159049371,2.0394439710940166
13.147332167797726,908.6128016558229,0.0,4.249455763088099,5.575805185591182,2.0480753382387173
18.10801440818475,908.4337760084401,0.0,4.122014457243671,5.144127426615505,9.81918357765693
17.217844925192658,910.7757736965641,0.0,7.140414108451659,6.3429818446251,261.82358500527897
249.3420937425847,896.4645460951068,1.3718657908343534,5.746934569013592,10.282322127581198,2901.0549345555746
66.81842693509071,862.9979058263808,0.0,10.204191690628146,13.434465199109262,3232.2460731141873
1376.0574391230139,1605.246290204221,0.10576694851259552,15.782167561268356,11.434401634539688,2949.8361774818177
2326.4165240506845,2502.025036699134,0.2918359425525416,26.17008595854362,13.555292817789484,2237.4888510208457
3441.7325226567914,3530.970411800419,0.4395237526585419,22.361586317595922,19.772828662541567,1826.1562274446865
3930.761653338666,3512.3573377622524,3.396278039030172,30.349771803060367,27.87652755955603,1181.380925109162
4563.7636086989005,3453.672731509376,47.44332315028293,24.30637077627397,54.061534828318955,894.0857024682713
4863.733000947824,3451.1147271349737,34.51528054278592,22.097569420199708,61.95783977409569,705.2338235934869
5272.094565288118,3419.2110959162364,2.927589473276831,15.332128465928918,80.83360467215597,540.1249888620522
447.24567744558703,3504.343362180448,3.2162680905819685,12.840497300614622,118.90700885912442,716.1496180225839
665.4577006165408,3619.0890105109706,0.7126887743201948,14.48169387681799,168.07981722677965,990.8243053403729
295.5041554830678,2461.5292838025666,0.0,5.811919146199763,231.43474513167934,1732.5478148743532
165.9386648480903,887.0677102278015,0.0,5.922085749759487,284.3156563450938,2405.902647188561
144.7020519763232,893.2538249288081,0.0,5.730704115796923,252.54666039738365,2190.7784188688347
58.332008797632355,900.8017408676357,0.0,6.059966723227222,197.95517477666797,1848.7676733480105
55.190725247089496,909.5746279536696,0.0,7.996275812944265,129.64876124771953,1238.4912200300926
35.19971252903126,911.6180227649725,0.0,4.268429199387537,68.45474913898771,944.9886148772574
29.724805279928404,914.030609775989,0.0,4.004939394393213,32.78006537352053,297.28071104618556
16.749736733274748,914.2566635201321,0.0,3.5335006289073863,14.136172622785187,29.075442900691616
20.73902862379376,912.8738594204515,0.0,3.278152327959115,10.12751717261454,9.812304606861625
17.885335359270186,908.7109495644768,0.0,3.4620981912801927,8.368145605720672,2.0500258367580417
15.466386170928635,911.6506689920736,0.0,3.3283195035270783,7.2161057126339125,2.0560448596034258
20.6007785799239,912.8046188408077,0.0,3.436879258452724,6.460338749186972,9.84711565593268
19.22882620113991,914.0181996489404,0.0,5.93977423222712,7.252432336979641,262.6582328586369
249.05640855344006,897.8154601661295,0.0,3.3374987474312308,8.503087573474401,2914.9251659337724
332.8538100613594,869.7813263392593,0.0,3.1986144776070518,8.931712296137732,3244.488682931534
365.36683744963597,1529.981785925029,0.0,3.1050061450465174,6.027369931186191,2989.6965617298993
392.5431459151524,2383.3144142377987,0.0,3.329535590185385,5.270184960325597,2303.581249345666
421.27790155416966,3426.41561113144,0.0,3.1616913609618966,6.6659439878251865,1895.9973372737106
453.15617692563376,3428.334399115819,0.0,4.925822546253449,8.992448519476081,1232.8230214039595
478.6434216017323,3414.7558964877035,0.0,4.74444534153451,11.178703357430424,935.0501882402415
521.0802324354328,3407.5266245235307,0.0,7.925212546432546,16.71868394755943,739.0098243998086
557.7236690067514,3397.0388149965916,0.0,4.718586982097609,21.244508839783833,566.2505337089287
583.1955134926963,3392.8690957854783,0.0,3.3205671088428472,25.625610898314626,736.2704405291863
571.8789989171603,3401.678897624234,0.3742650620073336,3.1270729866342504,43.26335440560403,999.5478260948391
285.18770106454934,2394.531503509943,0.0,3.323936086180116,49.925179635421564,1746.6167389177704
157.915673066265,884.960409572419,0.0,3.2068680175983517,49.39179519065864,2425.0411558571154
119.77378180331526,888.0648333510086,0.0,3.209766615867777,33.67318170139999,2212.4202276041055
49.37334875001381,899.3018875692117,0.0,3.392526953683649,23.244370016007736,1870.4194210532303
36.00414601579538,913.3248936599613,0.0,5.826371657693735,14.594920748242318,1257.1325740008601
20.54570870811184,919.6899309670723,0.0,3.5423441174261243,5.9318729998041615,960.7474617598388
16.043515617792053,923.8563573019716,0.0,3.298443405556279,1.6605808767677555,302.7548694332424
8.47792276633588,924.3141882932946,0.0,4.381179471145075,0.2074465382591503,29.68587798809832
10.026605466719792,926.8244298516362,0.0,4.169703199634484,1.8606927800395654,10.043927958396987
7.561120577246944,930.7334369050504,0.0,4.38018942265436,18.24739542589244,2.104486618098642
5.388323678598742,942.2252012138651,0.0,4.217661243007717,56.92350531005197,2.1204340207253463
5.16852452865621,950.220370675271,0.0,4.382815253608091,98.95231603874458,10.211213724192085
18266.627339707324,1007.8402374937747,0.0,7.430644253458371,126.62024305954073,279.3321727401411
77.42274855949348,1031.2554224063254,100.28701106343499,6.524860533213961,120.66522097961689,3135.831210491115
840.6232818078175,2639.310774580202,10.996607668903208,23.583626057247788,78.32721715721902,3389.4401270160433
1577.9899611091412,3706.252260896844,171.88396550281377,64.39912836087179,53.23988595744499,2985.878068944023
2324.9217783374247,4782.4725437467105,301.07194322266724,73.9135709460676,11.49493435822406,2253.733891873531
3282.6739487012196,6629.31718905592,512.4992141962645,76.97471121081517,1.87021888934292,1834.3693016127438
4294.7317069558785,7300.2988184811475,833.0101743948187,106.22690598348422,16.190390920979276,1183.722421749473
5337.484769390158,5442.239930431868,721.0525658337826,150.25489057528011,29.875279104088275,894.0912949277582
6490.351310542373,7195.6821256061,994.6606309254389,136.56327156252047,42.539933717082306,704.3203604162903
8099.408011802148,6490.329418600618,1395.1573649708425,59.97775603237118,63.81487574971724,537.6851960157003
9923.689165547328,5812.62337190083,1911.235448265615,55.727571153628105,97.73159945782938,694.8938928659497
10782.718022239482,4204.162371684253,2587.7356608021323,91.16985170652922,139.3105833869575,936.6890210931114
10691.983065069191,1784.7589154398447,2046.5691767553494,36.95467673178031,147.42616566811958,1620.5121656530719
131.10445130455966,1261.0652722026985,568.6258432680255,27.181798585031604,161.09625878903336,2263.016480830269
177.8774076259185,1320.1777905069591,52.210278652245876,16.12468807372564,106.12944920218148,2114.1568205456138
59.079908240115394,1313.8737226468663,1.079809459699068,19.829299415013516,51.578145731086835,1824.2699641572954
49.905644485616456,949.023477302837,0.0022278972506240722,6.945499748630225,23.98815450169483,1238.4371848820306
28.91412901505254,905.305332466542,0.0,4.2952696527574385,10.622999245032918,947.9422485027479
22.083160228869346,908.465759215605,0.0,4.042409500884192,3.776665098618815,298.95494603109506
12.040238649738924,911.6015209545561,0.0,4.317180563709467,0.8369044159870636,29.308565886100908
14.033559883055174,914.6204831504261,0.0,4.113772502310517,0.03821747664065714,9.918921826671903
11.545055600084481,916.3467810090206,0.0,4.3429952844405735,6.528258354612379,2.077915566358425
9.457194480683182,926.4697157810392,0.0,4.166583778691204,31.430600110606452,2.094666992754987
12.561829335169778,929.9858525841739,0.0,4.32037310794605,62.46083345378906,10.083354143391308
2314.7865547258275,980.5852851405025,0.0,7.312350170387032,75.57465214409395,274.3374087168365
996.8274465587951,947.1844240413506,16.0357966024331,6.013757997485347,62.0682927571461,3001.3809337164134
3663.7787160185885,2425.5265777768996,1.2905717444874754,22.277271194342084,47.68648542872164,3199.217068168855
4896.278288658218,3583.8764510299807,102.548205232273,62.10228967312229,43.39335138774831,2901.955326535777
5661.9325167674415,4638.4856082511005,130.26950363625033,72.09087463145454,36.16782539329609,2217.0616964189458
6556.751734512037,6441.819893094435,127.38569861798075,75.29874077493454,14.383108142239179,1814.0974920738713
7417.389519322269,7085.727336602747,180.89591977927606,104.11564846315135,5.469321015820718,1174.2605540803606
8065.794613924571,5292.861697125494,153.25737221293966,147.6596694986601,7.614164082960215,888.0438650954543
8912.389837493585,7016.680016517312,245.1408904396251,134.40702537209862,2.6867727007613986,700.4538301406677
9618.305177466944,6337.067774774741,264.62048049438454,59.1518410158556,1.0924455617966946,535.7619145516617
9792.815168859375,5684.606020153441,243.41583887050325,55.035609411145906,3.9076721861198678,695.0259088463861
10422.473536558724,4115.370417548779,312.0474836174731,90.36469232131273,4.199701022758202e-05,940.3455651394861
9523.074593899477,1749.4413553448808,264.17461691068326,36.6707044600613,4.701961066403042,1629.020571124612
44.19078907464341,1245.694164852034,11.232681344328753,27.42719834427257,10.175663019303268,2314.568528668662
85.98278766762256,1319.046460335807,0.49226803149597365,16.589019602141402,7.403041584429861,2194.8379896085944
26.70517571512927,1324.6061630705308,0.0,20.28373320266653,3.850527443407896,1868.5936903270488
24.826169064795998,960.5565588685399,0.0,7.072125276874709,0.11410939771443163,1260.086199078668
14.583695507596216,916.6374082071965,0.0,4.35463006842932,4.1116850250779065,962.1090303793825
11.885924803311385,924.944458403732,0.0,4.107755616735338,14.006612495755718,304.09424668778
5.59502091390538,935.4566705761645,0.0,4.374052082866076,38.621766990804936,29.84903250587654
7.772938383309478,941.8344375314744,0.0,4.178534569232565,52.94103394330083,10.128391298130753
6.689634384450721,940.8065035612811,0.0,4.370742705969212,57.565100308852806,2.1153122287500703
5.558226735543694,942.7179470753845,0.0,4.214440047077688,67.0129294153609,2.1216020166046534
8.067660158527133,942.6416058570379,0.0,4.374983871986303,72.89263572723797,10.173927402031993
900.9608102422061,980.8871566470198,0.0,7.295460475336444,67.04737679781066,274.5371377857898
1921.0625493729774,935.4388805620463,11.58251213425351,5.94664529309514,53.660315300459594,2975.514571479374
4677.635442670233,2408.2868161621545,1.4846742965011837,22.095317897445582,40.48607965655463,3172.4998937105543
5596.235182526815,3564.808417388277,79.63784668609517,61.79142361039017,41.693302127522905,2891.2114963083845
6163.304719839947,4619.131688754602,93.56906794187152,71.86700307350667,51.54230093774007,2212.941583457168
6920.273481087695,6421.471422996189,86.73673346371982,75.15358420338276,31.05655279321967,1813.2874492114527
7820.595184657663,7065.547348712441,121.60575687065902,103.94993593714022,13.977177429821522,1174.39446650328
8282.938962284705,5279.660379852534,109.84117909785303,147.52439305614251,20.469738044787665,888.3184678898742
9195.022611021444,7000.7843433012085,144.2506510786358,134.23577886093116,10.066331541108415,700.9905316647977
10168.486759060475,6315.787636284676,172.0984321958834,59.06029852231834,3.2571852997093194,535.9527477283572
10862.519215891338,5661.263393329508,211.19571764582224,54.87101733390084,0.8707947622989138,694.2661577945456
11441.23909076701,4101.092285627852,269.76082797099406,90.13625023835343,0.537232468866918,938.3426460060133
10315.044658336486,1745.0261163927653,207.0546614818213,36.54217637342454,6.0258465514214095,1626.2186788578017
38.9164266388422,1241.2738516571928,4.224247440758858,27.444926061265186,12.14510493294966,2318.367971668675
78.76919151732396,1318.4814609506182,0.0,16.65959935646459,11.054482648786852,2205.1457432718926
23.025103014209858,1328.2686436394595,0.0,20.370984543757565,9.244136609072244,1872.8804219444764
23.592898499682473,964.7350411375813,0.0,7.090817619700189,6.390586278050202,1260.2566624469189
13.76098108513783,919.3600435416255,0.0,4.359795865080198,1.3066937616753358,959.9076045098643
10.755081899940839,926.5697363780301,0.0,4.117790044100614,1.1405790804010152,302.9259113498663
5.250193352655666,933.6559613049341,0.0,4.375758794473717,10.166493771931846,29.80040428630616
7.343998563731486,939.2452114634158,0.0,4.193354231551589,18.99542964292235,10.108778462069246
6.124246644110489,936.6847800284103,0.0,4.372812580269268,27.899327579224,2.111127259591615
5.124942555294326,941.830145499755,0.0,4.229705224414974,36.5069989873384,2.1197767446180364
7.5444742039038735,943.282182468471,0.0,4.36071660655959,42.02755681332971,10.167123584899176
276.7913638953799,969.6480888395539,0.0,7.238295551267765,37.99052777119374,272.82338802793123
2498.173232177456,915.9921288910394,0.5155317302223856,5.873775933293996,21.804711025651397,2941.021777551156
5366.448885329962,2382.8976448585845,2.7940266362391125e-05,21.864424075872865,8.414778461872896,3136.8093155835636
6354.117316401348,3540.2235346270554,82.87189148066194,61.32684020919455,5.254356713774479,2870.3249095901097
7459.909133633743,4593.235952043819,192.40891559863425,71.47094086047773,0.9853104348357917,2197.1566341606244
8773.623363572835,6404.597620780377,442.0777444566766,74.79362871087379,15.389329027589321,1795.7992939102953
10091.465315158044,7078.662986215662,790.3773139736356,103.54566122017506,33.569606577496494,1162.017939081875
11219.427409245789,5287.777823624926,637.0057670790625,146.68052393792624,42.37155203269999,878.358389135403
12408.67574115463,7011.204624598979,1125.1306581218141,133.5674059127377,54.372565665797566,692.1955917760112
14036.503933133405,6340.311040731247,1657.5912626525337,58.78002921302454,71.34351541360243,528.7089811104971
15054.941732027963,5687.467333815634,1821.1625948705857,54.54493034249661,72.40487947193135,684.3743412201674
16322.648418634693,4115.242949023184,2248.1744590749013,89.61334363239705,88.48592559167139,924.258886892233
15135.587404027801,1749.8781818511948,1810.3651308662438,36.27386818112808,77.51876346771381,1600.686299468822
101.64356366831066,1242.9479863552963,401.24484493119826,27.0128221759692,67.85756531470491,2245.5249174023256
151.12785942542652,1307.7006971636956,13.411506341183944,16.044888947045763,45.392612365790704,2116.2007429011646
48.08043140317779,1306.5332368676766,0.02575596758269897,19.857530717862268,31.020363741982628,1831.7625370599194
43.036375369914246,946.7686599589463,0.0,6.967195630884743,21.92726772207849,1240.6584550122907
25.521149861508917,906.3094343417745,0.0,4.283743217691407,12.482180730813292,946.8816374848892
20.460141228520737,911.5008693946957,0.0,4.050395058570111,6.364279530514091,298.4322915993806
11.554314229531677,914.2808284618446,0.0,4.287700934066968,2.79747593645933,29.23488243683213
14.702845067902558,913.5769927067649,0.0,4.1138782609600995,1.7752515286384172,9.88011469327815
12.648555699148822,911.341351292358,0.0,4.281875256703622,1.1007147097869234,2.0639052810162104
10.767348281189221,916.1497181208008,0.0,4.1583253045007,0.5085320330235001,2.0728906377005734
15.160642571668262,916.0500228668448,0.0,4.274828201127387,0.3112515780470475,9.937617793702609
1.4889305329882532,890.8585938467479,0.0,6.841769426535904,1.009883933593017,262.7249655991154
2977.4087111094163,845.8097773239591,0.3388088554385816,5.723561382510483,2.5255122016558995,2842.463229042742
6068.286238588093,2366.6400418171556,0.0,21.699125267145515,4.7717459176787385,3108.8081597664245
7353.0614274053405,3523.2431827601868,105.4623005765892,61.023715149776066,4.406329211326616,2852.986271255504
8131.317369280371,4570.537012158436,152.14669921649678,71.05454332179612,1.9797987913689856,2186.239654517597
9245.827676852232,6356.965676014335,160.59689867395636,74.31187690141032,6.772824204343802,1790.9836742172404
10515.498242344516,7007.769417392654,296.0646597071115,102.94191468713429,16.50162010494012,1160.707420794653
11504.06861307985,5238.235655379886,267.4396556765298,146.0501765673925,19.684971044254077,877.9464336698367
12502.413486479863,6959.668032649551,622.7259837185335,133.13191095197877,25.76302650725561,692.2110837833069
13334.53832030515,6300.676636704181,740.6886831387372,58.61656483172545,28.13257886090447,529.4784069098833
14060.620713127253,5656.000908914072,821.1010019449669,54.46814135505178,31.745746509280483,686.4886512508837
14712.640528757818,4094.644233163831,916.420257238218,89.59990764422359,39.60604754673839,928.3119210775898
13267.779926299743,1741.0021862343235,648.8159693335049,36.28049823961321,39.9143554985974,1609.5551491631816
72.31465448298934,1239.1776474623373,44.8396082749976,27.143700046281996,43.84986383641109,2281.722315783367
116.6056985120283,1310.8600391594084,14.85816290031605,16.373289580963803,39.52604060712171,2152.496141180714
42.082583008262034,1314.9500771731048,0.06346430416490693,19.95372753984889,35.504395601184896,1838.6757749515828
43.13350794767783,951.8773980394994,0.0,6.986736681288164,30.807329119338863,1242.8639962296297
26.4396611112396,908.2926424598234,0.0,4.287223249362074,20.942634394903454,947.1113380209968
20.977959443230056,913.0166061666952,0.0,4.0521557173362455,12.635262569542368,298.22633629728665
10.016086370011243,915.7512364045976,0.0,4.30122883909627,5.325719797877139,29.221585100574668
12.737060649520641,918.9678671124415,0.0,4.13228631373225,3.2632789726571843,9.889602551093361
11.067252419007792,917.9201150381912,0.0,4.298996698479298,2.648389891223723,2.0666952836001475
9.192396545232388,922.6181553624485,0.0,4.177713658597058,1.6310826843238844,2.075108356348321
12.585159021797432,922.2490554313883,0.0,4.2940477203892495,1.1348175918155121,9.959883809858377
11.773705965388377,921.8103346105756,0.0,7.037013316519256,1.1272810772036927,265.5296772546346
180.7002365905832,903.6083622652742,0.05880715311533226,6.021132935536902,2.334277425265639,2941.001752711376
1.7101699220846251,871.4891516123956,0.0,10.293993798920573,5.991244917344693,3287.381403956199
1237.4064637977895,1634.0650071070934,9.297537632574702,15.758932840616803,8.5543062627806,2991.7790198868192
2013.5582932579428,2541.271155049458,71.95463746205029,26.975967226912427,17.344740882306304,2249.5744477284784
3059.793440180589,3606.115331634022,135.44103149711603,22.697693661306868,31.93340467738408,1834.886278907352
3528.817938121663,3595.408008331646,230.87957794825533,30.489808358944188,50.16242706317061,1186.3095877270898
4039.129172108859,3528.2197421216315,269.0761880980497,24.363197419115394,79.49196528740238,897.6228301018384
4620.352087682198,3511.9598781488307,266.23909568939024,22.28919227785975,122.15329152644722,708.0931129740744
5213.2408446975105,3481.097869562215,162.54803028374846,15.506795310795876,158.12822308950803,541.9926453430518
495.718004924546,3572.367352314495,209.62702940183283,12.988739603116644,223.43273079141164,713.0627170598913
821.9854798762452,3690.9170854891154,231.9603997556531,14.510487139649058,306.84670859059486,977.3193639615456
399.9815745277418,2498.142777960129,82.29517366843453,5.930461311801902,362.8544759787524,1707.726459102384
253.76776578106706,888.8576689029696,0.10396188841495031,5.633106706383156,396.9902905917699,2383.899426319761
185.30640454885676,887.5829342258601,0.0,5.954776643787074,301.23370493758426,2186.2361129070932
75.47231691407606,900.0672878486508,0.0,5.759869455383091,208.88009973427418,1848.3732109149275
70.35951512448155,908.6773124716718,0.0,8.23500565182491,134.4636076042041,1239.2279402917773
44.76920116896889,909.1935305964357,0.0,4.143345800366863,63.12121344102868,945.5894642786611
35.560296517441415,908.7423079747656,0.0,4.18097662507059,28.43072328640259,297.62560086975986
20.67680501823918,909.4467820973324,0.0,3.2570409930380064,14.094329482692569,29.10368204411927
24.270452491737426,911.2886088875356,0.0,3.5244931163151207,9.709024516203055,9.816379598284454
20.89190306321874,909.8868790124012,0.0,3.283910301702589,7.4511560688931375,2.0493209481711516
16.219215546963635,913.5750811374434,0.0,3.4764244367472106,4.371757684792313,2.057304112033861
21.652433278711563,912.3373141029855,0.0,3.330341506726216,4.004186059886917,9.88572223295583
22.310583493509412,911.8586290882575,0.0,6.084013722684038,6.403562566710709,263.5934243278121
226.26692957263296,897.9443505005229,0.0,3.267798125746821,8.254640237968879,2926.656163565307
325.93052464509424,876.4188723376196,0.0,3.1833888279972546,11.520966507717363,3261.2852172765556
399.2564749613908,1536.296133493803,0.0,3.272959982417126,14.18757683179327,3001.5342349492985
473.06326161634735,2388.692314408521,0.012895226028106091,3.128930540466517,21.13706602242151,2308.371219034064
550.5442650525449,3432.9403977400393,0.14552531736572052,3.3396168959484682,36.88102708083518,1896.0699287546024
604.0491422024303,3429.6806507893803,0.07889353409398064,4.71566428611166,59.53861161290034,1231.463202060012
633.4189655639011,3425.5186184269533,1.278849507239006,4.947949300308916,88.46449525709403,933.5612665322526
671.9599252572381,3421.9850594447453,0.6122399643317388,7.630608108806886,121.63761399645928,737.7972369527048
708.5168648389537,3416.3098476514483,0.35420257758361995,5.021031797120721,153.06786834132896,565.7581998773352
719.6925929970447,3414.7488700340823,0.11132197671588237,3.1260441097915663,188.57619672896018,736.1449190433568
707.7865193225915,3418.8103640015274,6.720481669406755e-05,3.3201519094913987,226.93067484316975,999.7142736710426
349.4352852369985,2406.8732194263603,0.0,3.1738997772386814,309.02653758695755,1747.841958174433
200.11742670765312,892.2210684182816,0.0,3.340749044791223,359.75512895727985,2423.002779340776
171.5911239535188,898.1860415484796,0.0,3.244000765411649,306.1386102152925,2205.441475088943
71.14015190735068,907.2106539922801,0.0,3.217470823600966,233.8006324325037,1860.4504969222053
65.32808810776464,914.1761720536094,0.0,6.088441445341945,149.86752230522958,1245.820423390921
42.23708701311568,914.2156938744683,0.0,3.2600959786147996,83.83718683556889,950.3923149949562
36.114840410172086,915.3526610911,0.0,3.5020171470220367,47.93793769742825,298.7473340654239
22.015592209210112,916.8316172939398,0.0,3.282488049202529,23.314704417866263,29.15842400116669
25.496359926251554,916.080551900783,0.0,3.4635220482583517,14.756316315064865,9.829928013061798
20.487612090417144,914.0295454119585,0.0,3.3224961036088607,10.188611653324026,2.0537936159583263
16.228080046900057,915.771976666336,0.0,3.46468425324806,7.022544926006871,2.0626292950875973
20.190837581420052,916.0698191299412,0.0,3.3768370542930537,5.143581930255009,9.908181205321831
18.173830560663603,918.852320069081,0.0,6.004593226038003,5.068099358835696,264.7295472206576
237.9764357448603,904.1444529373296,0.0,3.361880168848251,7.521221396379772,2939.316950641076
363.12681784930817,877.1402372685717,0.05645068531129652,3.1139444931069153,13.201634947661692,3265.998115620843
436.272355739675,1535.2135483870495,0.46624040710289294,3.341183822612101,15.017183733405492,3002.127768167433
498.38800752451664,2395.097333105713,1.1160391251066084,3.152699522300591,22.79119075974813,2308.511074689483
544.689900593978,3442.367360325546,0.3229817441981467,3.311061253354242,36.29113229961115,1897.943869194082
590.5757561416348,3440.41410704393,0.477913651451491,4.755574972882457,61.43228988846895,1234.043485584328
601.5090219456401,3435.4531865443864,0.8151925546822967,4.932656810348603,76.3340756527889,935.7629227508261
652.5626445838218,3432.0756674130116,1.1739139954470046,7.688438006704913,127.44853064582821,739.9559717482458
704.4396690617709,3429.4341135060095,1.5262642307766388,5.003134065816347,157.76495498919294,566.8048535819855
794.8596684795452,3422.81704911113,0.7512870065440536,3.1515683405030956,238.8496981426423,736.9452016551262
817.369093856329,3424.999728550948,1.0455252302911937,3.302020161410382,286.76018442282236,999.1058428379532
406.2783581573768,2407.6254574247255,0.2708118744570162,3.1915111699495418,333.83604209671677,1745.3147424253796
273.24582443420724,889.7960213943321,0.33029642541305004,3.296113170831135,357.5963980501464,2417.659363696208
182.5092131939659,895.0030274021675,0.028617312819539904,3.260281117658592,267.41320370285257,2203.601307927747
93.4835958921455,901.633229899401,0.0,3.2065292651062314,177.16531665034412,1860.556173828222
72.60130869050015,908.2509728263324,0.0,6.053828997531141,110.92336607621604,1247.428733418466
45.27446080536173,911.9819535556198,0.0,3.2792856009240436,47.78212335255682,952.1021674021414
34.4323199822089,915.2136677761539,0.0,3.5012655374625297,20.454442160264552,299.76372298585784
19.08301524566153,916.8304443086452,0.0,4.09224743557503,9.64639757226659,29.318060272002587
21.61633676055666,917.6089491907837,0.0,4.292699296317911,5.7232547654263906,9.896462870703699
18.11911224601716,914.0660304087586,0.0,4.1326039457263315,3.8077824699854146,2.0666436072665304
15.24653270904081,917.1854494274901,0.0,4.31874610296723,2.5622678389374642,2.0743210704245993
13.330271903026384,922.7555821005267,0.0,4.186031481478846,1.9623215863609522,9.988367880248495
27772.436425616404,996.522608832195,0.0,7.665886562959542,2.3343143369545256,275.12529097845953
607.0200169100302,1067.516283809103,0.05051714387734595,6.452800949268404,4.656754531995785,3159.4223454758053
359.3574204406503,2714.4068943431766,8.710671449914873e-07,23.745081794407316,10.159862641799842,3382.9684071617794
828.9709055804703,3737.6195158440933,172.87947256677415,65.11712522467796,19.081353330373332,2988.8373070139587
1381.532434972713,4879.507866191161,651.124392507221,75.18044547483998,40.3857420319505,2263.789394684844
2090.0760260055144,6806.179348842714,1161.160565164688,78.18966769876938,71.61481436082578,1841.5469820984526
2968.9809224125447,7485.88887324096,1699.4632877877093,108.59862911540102,121.21250206211847,1188.694329740596
4022.8093292998315,5568.047657172491,1577.9018701570644,151.9539414812584,205.80896692847398,897.7328948845243
5264.187377334668,7355.398682958216,2477.091288273768,137.93384806383293,325.56088023899423,706.3555438058299
6709.663013938923,6624.998610093826,3145.4983186920304,60.50904435065694,462.7298613514834,538.377110388673
8107.829171315486,5922.702185047689,3741.182889862505,56.3230104343708,591.9849503253802,695.7658947158451
8974.15003404107,4276.460611181698,4189.492568213312,92.09348526818181,723.8098390365068,938.3377012347404
9344.048843232931,1814.355084618043,3504.0981669635335,37.634092995014036,731.8187517859246,1623.9473582052835
212.91334253269878,1272.3402796587714,1412.2992590960691,26.878359771762042,707.8459686361264,2258.391103033762
244.27820493912415,1328.0844253791513,345.72151898779,16.139996405348388,501.9083720675526,2090.2403989983995
92.91295994580314,1330.4875895979862,51.4565299229927,19.666973041769225,299.4292065212404,1793.0719503962914
80.37364449795642,955.6153479761273,16.167150182437815,7.14337801163726,146.0793110649559,1213.7530825649383
50.32742867308574,907.184385453278,0.0,3.9952112895268455,54.87324708070569,935.1635897825748
39.69552177440991,904.9796776503547,0.0,4.251908926566471,22.659322084241364,296.59384018674024
24.065877085309104,906.0358897583681,0.0,4.046983787078718,10.91262545760658,29.017388927674045
26.39378464526077,905.5007561331556,0.0,4.250738443688337,6.100676355427778,9.79604217764795
21.633447244475416,904.1077112630076,0.0,4.078927959992493,3.1810877497415624,2.0464306162418686
17.68725364259019,908.4188310353909,0.0,4.257841981799877,1.6850294514808057,2.057191444282938
21.784152485119478,910.8979291597454,0.0,4.115304709490276,1.1069057312658335,9.895310706200398
3090.635324339059,973.5646546616222,0.0,7.5324075886340225,1.2511042699297752,271.07638587896827
606.817541902882,950.4645832075328,0.544356596490432,5.791712413853633,2.387647880265837,2997.3607225376973
3155.8723636526547,2415.406427628122,0.06384111438300517,22.148157860081994,7.87135439374291,3176.864705969252
4589.034758503955,3606.7869142137724,466.7802306932341,62.62599982831946,20.158024721626106,2899.1832370555453
6055.126814371089,4715.923375073943,1159.5594981949826,72.70214094980936,46.11878350645981,2211.092034551672
7643.242505021033,6569.459042546377,1838.2964176679286,75.80272262202419,85.08736604288121,1802.5856398524083
9248.065883238745,7229.882576296046,2521.294431988895,105.50719677493791,149.3905821985007,1164.0410987129017
10681.369108982988,5391.425874552732,2459.961780275817,147.8957673295872,259.3248154801763,879.1170243693973
12169.588995827062,7140.853275543616,3435.2254018099943,134.2992991768448,395.04659239872507,691.9054820196011
14140.48051337882,6436.965004567269,4173.558763695274,58.93168112940234,561.580263855107,527.7486929627381
16217.796888893537,5760.495676235257,4946.5974471675,54.94130340340063,741.8985926880808,682.1452732218388
17255.210642890554,4160.344719623038,5223.015480242997,89.94569498810405,844.2602679416264,920.0014725638484
16207.10445736383,1767.2049129521622,4187.158819359814,36.72537351970374,790.584499748913,1593.731885113148
237.98424188038305,1249.2373128062343,1784.8882432335479,26.4628665266579,714.8984753430054,2222.888468041006
265.57314243655094,1316.211482253196,559.2861728839688,15.958595152422415,507.3282507069699,2062.2997467771834
103.317481781011,1321.4777118011873,120.68176286909748,19.444072525265465,326.826397670986,1767.9331384106113
91.98645400706081,951.4999982530863,46.79564267940275,7.07379152739667,183.16427649325843,1196.698529025266
59.638041299124936,902.1794422215402,0.0,3.9328881709618417,75.57838924522471,925.0179409945508
46.70730680357979,897.5796419842993,0.0,4.195867001459764,29.199532328296193,294.16177810504485
28.542917923168716,898.2881322695821,0.0,4.000953033216267,12.982937961507806,28.794385551595575
30.955312951108688,897.8697717752093,0.0,4.2223433985986425,7.928611867144764,9.725167027715381
26.13772149220944,897.469386613648,0.0,4.03365555606187,5.262364997249064,2.03135918327783
22.17753423299693,902.28514218011,0.0,4.249599164769743,3.533889530674337,2.0405545448131064
26.961688965020116,904.0191696554555,0.0,4.067984802097416,2.6240400650105027,9.817330545035349
238.5755892183839,944.2820391793301,0.0,7.377153401815335,2.779991445820473,266.49980062377426
2264.4049831747584,913.7593262886804,6.629666819505077,5.641468203660445,4.97626889238081,2924.088233442699
5998.8810906950675,2386.2618074082607,1.1665644979316063,21.7949676852307,12.190087867472167,3128.0574202560847
7673.858798194749,3562.938041967203,739.7551814468052,61.733915363509865,25.697310136555714,2862.559246275001
9308.73310248733,4654.190058650796,1509.05272043292,71.7048783794728,49.86917708118266,2185.4036553289234
10955.206203629801,6479.513272765349,2236.4040292831814,74.82241241592855,91.6337076819418,1782.8875059325835
12557.29385084648,7133.975671259625,2948.2893046252734,104.21198879133466,168.98644807373097,1151.9829661742071
14056.31212531867,5323.637899694046,2862.9627556216274,146.2834637054368,287.7130744588026,870.3660617955268
15722.09939792371,7053.2793826636935,3766.6723118296864,132.75717931709104,420.92853042962685,685.2635556156946
17839.863038697596,6358.771646776741,4469.599099543544,58.3082312422505,605.5323847330657,522.9317794941651
19722.99583037934,5694.677048283961,5087.270006387264,54.26220433177045,781.7425701491966,676.3490327011679
20322.972594761814,4115.804326216919,5166.4271808284275,89.22231280357946,857.0136809531133,912.9802584780699
18636.354597635516,1749.61690648856,4004.0047195478023,36.33532389288398,752.5433760924608,1582.9932088821022
206.4209616582408,1241.5289486581173,1679.195180542917,26.332289496447125,649.5466019563706,2211.796362230221
245.30218645576284,1313.2508963230248,555.312233428944,15.90081884988413,471.99845771945627,2055.1060913587253
101.0331396667136,1318.5841107408435,149.3795767466143,19.38871487379621,337.6286491819931,1760.7688105257646
94.05812011138326,950.9375727921678,67.93183534020935,7.0497765126215315,222.4652248209454,1190.4877921650798
63.980417356035076,901.2399407991035,0.0,3.9019469203048587,114.39513736356326,920.7727805458672
52.514384406913315,895.7811583664036,0.0,4.195839533928009,50.83214686327468,292.8089230242043
34.20281921479492,894.9456901263364,0.0,3.9653900155925226,22.99525356562609,28.630723662180475
38.213755412681614,893.7439328113896,0.0,4.202493099443853,15.330978857169216,9.662961141053989
33.17567523374218,892.9031903319596,0.0,3.992189222982599,12.124524410433485,2.01729923458971
28.805539083211027,897.7794094011277,0.0,4.21589823732931,9.936675300153938,2.0248970139360005
35.637609023091,898.989939818777,0.0,4.02252271752696,9.067568538723652,9.73896119109553
39.10217180008856,866.8905049059924,0.0,6.781417865592834,10.695246067516532,256.61233782268124
3511.1965113516612,831.6741888787009,21.7427462948053,5.411059470289208,12.95804330275584,2795.4891108375978
7142.023106325145,2374.7134093757377,1.3132797974023713,21.780548387464272,15.059231198085543,3107.9866470055026
9194.548728215654,3529.202759299404,315.26194625989507,60.91735990809379,16.943610005596213,2849.568044568709
10422.907825514214,4586.176861393879,538.5456149375055,71.04564181091408,21.446003166309268,2180.272628312247
11927.822831980637,6390.735694347025,969.7765958373827,74.53054231808667,39.60119350269768,1782.8927246226654
13671.625063734857,7062.900793649792,2048.7624958420106,103.66831541100919,93.57852911634863,1152.6807638175133
15380.23182921468,5289.225066964832,2417.11942670584,146.00781647765268,209.6093442308195,870.140917448099
16969.17568084829,7018.57086547084,3438.6890443304587,132.402358918633,330.6501902335925,684.5969172122155
18441.64459668205,6332.412250187054,3782.545089595739,58.195487822270735,384.16265915333037,522.5660111825999
18567.583207407773,5671.548839602518,3104.3974748740857,54.01752329251682,317.4442430641401,677.4263698564226
18348.798785962354,4101.3498349352,2823.4901394790763,89.40786771702915,364.1396497756775,917.5443171804314
16705.87346442626,1745.3203296542567,2071.665273994876,36.31084265174144,413.35163353306143,1593.6486468202281
119.63066720716608,1242.8233800076064,542.4796501385594,26.516096662973318,444.0921819845701,2239.5951067482083
192.59859736630716,1318.9296078289024,281.08688897878704,16.110632917179235,399.91009437160363,2084.4852160964315
83.50946869381706,1323.5279835321032,104.66494845045972,19.558716105753344,334.18688644785567,1776.4141018537814
82.77334036228761,954.7713157786236,43.33501029600386,7.080925233083767,250.1566285481627,1198.0660004858921
54.51540452927301,905.7765370124571,0.0,3.961900835975582,139.86947755142484,924.7448074020523
41.63372370467533,902.7872388797749,0.0,4.1993308812259675,60.315810685717665,293.6461883182766
23.369238562685855,903.5920657354816,0.0,3.9849514900528957,20.058198102813563,28.753616708185426
25.10598425560306,903.6863572370748,0.0,4.268503687989753,10.312082444882373,9.730563918262058
19.724329274309824,903.7288570597664,0.0,4.027821417923798,6.0107922457561935,2.034718880987197
15.592161173767826,910.1990523719126,0.0,4.298173213655001,3.1059077007006968,2.047419885756342
19.17971609029132,912.0729416074628,0.0,4.072221699638813,1.8281559427715204,9.869830019305581
17.27926531189485,914.9567864221867,0.0,7.202170398539318,1.6944635660597442,264.24773764060393
225.7078739784091,901.0474537533588,2.46219975640551,5.733274803008076,2.5596767957599984,2931.0652920260486
52.86779290139375,867.7396927142572,0.7873242264517128,10.271490149468566,6.643709605024313,3257.6517834253477
1508.8208368244811,1631.0658861636991,87.23406283898538,15.963101583128013,9.261351177548788,2965.6551387333016
2354.8476368828165,2559.4028666919316,190.06990971929216,26.468235872462746,17.897484125604937,2245.330648093892
3468.334608280412,3625.485873937841,325.22725159263973,22.78813561198181,33.070685468203,1833.1795886897248
3976.1989411538993,3614.0848421151168,450.8010146931937,30.880961812997775,54.48817842098675,1185.6137131001046
4468.095669592531,3544.7319099221977,459.4341568510014,24.406703567005433,90.76506305982933,897.5616874848591
5027.720468146957,3528.0087699938,474.2733614416825,22.33982800632481,144.14325545197102,708.3456759947342
5863.6700333257195,3496.9594732039454,307.1421429974872,15.518522560649558,207.93722261775704,542.269923557821
534.8404428586081,3589.750817528883,386.8686846561429,12.97786282970034,261.8028054095309,712.2455133851637
912.3633793158517,3707.9266582641503,409.9545029859797,14.471752625883084,300.7241065703,974.8293643449158
496.4913346812236,2507.8096261182063,254.6336383706001,5.672132188693491,340.5655324756951,1700.8153894103186
321.56291224842494,890.4250654172284,2.6552933157116296,5.852820948511736,329.76050568732194,2374.3161947870203
191.02050819967872,884.7136847333834,0.0,5.8599605320607555,201.45308069034954,2188.1072579496886
76.4735835435004,895.8744977615657,0.0,5.830841849650794,96.81808716842232,1855.3815858251671
65.0554631820121,905.7949221337595,0.0,8.17363598131997,44.66828465707093,1247.0841341539303
38.95277019881478,909.4117608743029,0.0,4.08780072873937,18.745882729149724,953.5477874126127
30.30179538011474,913.0367790241913,0.0,4.258567315665252,8.511708190943336,300.3696431100399
17.66175648735885,913.5117163712989,0.0,3.3282279665350645,3.1253468259512154,29.356450016370665
19.682319172209805,913.9097852754887,0.0,3.431417790985419,1.378905747448767,9.91174154694973
15.842348121617695,912.8784240982369,0.0,3.372136186556993,0.3135883360080721,2.0673679233528954
13.059850181010392,918.9917692288027,0.0,3.2963318024089747,0.2922142136242666,2.0790885970461606
16.434859316929675,922.3022153172299,0.0,3.5652258865892206,6.227237856300509,10.028079173762064
15.230003554088707,927.3293182115815,0.0,5.92245302524457,12.604457034243364,268.7150833796078
180.68389492910336,911.1779161004458,0.0,3.4636500838242075,12.52715855943268,2986.9383075407404
295.30404507403586,881.6285489215657,0.0,3.157154453076252,1.501349799993935,3303.2747263874576
383.89769164543,1544.1207276516936,0.17488145371121086,3.3012252690226425,0.9885653197869292,3025.593190109784
466.5571367572189,2399.762691507592,1.1694892608887326,3.186529287493649,12.290443617663966,2321.5718256467176
536.93849137283,3452.8635436056265,0.6455239284010807,3.243026917390415,33.626027685723706,1906.4353882661976
584.6371393136602,3455.1355678282625,1.6509053081400245,4.8313818772943184,54.177573140087404,1238.2143918165775
615.5624008856288,3454.187910746279,12.036184217167099,4.90587380031179,85.4446870595246,937.7561516304022
660.0597322989922,3467.2846670177046,37.57675644513228,7.765430294779339,144.0025452752491,739.4313679051126
741.1491790575006,3472.4179957886013,62.38678580739856,4.975941100760736,212.12130255996672,565.3581975592583
835.3400287413571,3460.7122308530575,14.64387823271524,3.1752995560941373,276.63679303625514,735.4052309619408
900.2884794062019,3441.3586581353397,4.398847447784598,3.252245667564917,329.09618946614484,999.5220917841677
483.98447642328694,2412.245139670436,2.777435678773957,3.2132719589345973,373.27312708874246,1745.6461988471103
303.7295441214484,890.5284220086229,0.8909858893216006,3.137170049409305,367.8319796591584,2418.89309132283
188.84123457621715,893.9033712799306,0.01517790558917684,3.3935020211468756,266.4564338897607,2209.0873135134825
102.51818927246345,902.6038014386905,0.0,3.2286390638820093,182.18236621614966,1866.2275042455583
81.68510092979537,910.7468124514826,0.0,6.016720770455683,112.9097523755261,1250.6803829792798
53.171838850717535,913.3483188599722,0.0,3.2996849661750334,59.18452776608164,954.4906209803768
42.02564950472529,914.789164873077,0.0,3.4364719652323443,27.690896211085246,300.0885536756433
25.609691439278592,912.9628399250852,0.0,4.1044374798623675,14.549283212921367,29.289135499224777
27.512227572188472,913.7972977956438,0.0,4.242529281242524,8.793530953768869,9.871442909780615
22.256023690693027,913.1683017802775,0.0,4.154848837821037,4.912668896759837,2.0574300956096527
17.890929078484852,918.2987283005803,0.0,4.1160053847543905,2.603559914206516,2.0671759031073367
15.434516576795618,922.87759902895,0.0,4.336783880336237,1.9574191828408878,9.988665245714142
13533.88895191176,994.2793795432551,0.0,7.623876488787108,2.470045818037057,275.23997470003087
2.854832455011511,981.9776182444369,0.1750810364979603,6.081310382724467,4.67228528799088,3102.4492554733747
1017.6159254612435,2496.5178214274006,0.0005109519143484189,23.09189346031809,9.456231104100194,3295.0884236544402
1711.5703506600767,3681.6873884129413,63.76723867167551,64.05791201467125,14.454329821369058,2973.7522223804162
2477.3104672530962,4780.0842441208915,148.58717338291746,74.29901322084393,27.031403317482006,2269.976685005136
3331.7560747281223,6652.212336044201,251.47411387913417,77.57779683247271,38.43600549158104,1854.1834509033638
4384.789414738097,7339.484173699845,614.160442658642,107.94643212261357,55.33119834490716,1198.309747295068
5367.085299730501,5476.138627902521,492.41057547873584,151.45992681731454,56.41009064663256,904.5240038416758
6498.671352647769,7248.3755322091665,886.0252841685724,137.59681777382912,66.13521025960554,712.3588733401342
7640.248759187162,6542.320371629008,980.9154263250293,60.545458642490374,71.25191921281835,544.0356175255024
8608.178055163153,5855.416308027187,997.4765214474995,56.31893724615172,74.78010233744679,704.677576163032
9518.393394000414,4230.6593417854865,1140.5966236673685,92.1297405172447,92.71880577074593,952.1095604821256
8256.762719001683,1795.7691776280756,623.3880406322565,37.796937144449224,78.37971076247015,1650.6352503996736
76.19444967162089,1266.9510717250391,27.93274983388887,27.265494577793515,80.56083632443904,2337.1448938833714
128.68929595627569,1328.133669971441,9.826368025243314,16.653637054139505,62.05328454052269,2192.631202475412
50.60397596162437,1330.8475248033492,0.007043221008313947,20.206309199005247,45.050148273139996,1867.077639928996
45.76248931478459,961.3642345926219,0.0,7.307620437907326,26.98121631340244,1259.9186989013187
27.581676421594814,918.3847235854644,0.0,4.10080920724754,15.730222111201481,960.809294663507
23.213551604173983,922.4152268853037,0.0,4.279937050301476,9.8116257197342,302.37484776012457
13.105870207165427,924.0897583070393,0.0,4.134240626977756,4.59728667686206,29.53603329157021
15.664144373685051,924.3667943447347,0.0,4.314861555651183,2.569908260901651,9.970558825932976
12.947057188579741,922.7708526593648,0.0,4.167595364832438,1.5305814585446742,2.07699024898316
10.782565116388003,927.9061034492851,0.0,4.338355880963486,0.9621653153725555,2.086854742121275
14.436411035928982,928.7525366050654,0.0,4.196805820200241,0.8070041940991315,10.050400239841213
1782.1893499403316,983.2725259250265,0.0,7.581554062823247,1.1574869780944477,273.94263128983425
986.1076744674193,948.9456069200531,0.031477374912923566,5.793184175514474,1.4815446747844971,3007.0316024883646
3555.2453819343455,2422.8523573608913,0.09999135173621507,22.226124063446097,1.9497537900483901,3192.0671503740914
4738.945679965649,3604.2496109129906,81.09248186169717,62.55717991686578,1.0137450121734528,2921.546911170096
5604.736012139641,4672.978538000427,117.44013900657036,72.67974710687395,0.9894433056975412,2236.2251372187666
6442.108084378923,6498.198772248374,134.31001574989173,75.98831216811325,2.986903173205867,1831.2268735657076
7279.770252487878,7159.475291906422,183.71824372037003,106.13124242936321,4.576906342600676,1186.967364307224
7808.2483906160305,5344.700097396956,133.0376747679623,149.01328493571637,1.097534530802109,898.0904036303424
8739.753625480065,7089.388729714978,239.2634897039006,135.57139138062266,3.5956495982706844,708.5925621944245
9542.700700912019,6407.552851060155,270.27821180610096,59.647055868000685,6.392608195686494,542.2336575790771
9727.25589261033,5746.481387047589,265.1360714127642,55.69448518662906,1.6148498974977026,703.2226504377877
10313.142023802367,4161.927837714418,313.60971291382947,91.62896127602208,5.907497465833825,951.6741067306218
9315.166909649994,1771.8125535757097,261.46510359860224,37.34824693643363,12.977351014177513,1650.0671563287656
41.8733550904902,1257.9710285106999,3.2490486410507184,27.3388495098974,13.731198822762376,2351.1878302608297
81.27087062316593,1331.2485501876902,0.14573435975270976,16.839861693854054,12.743054591535275,2231.9346843518106
27.1821710301739,1341.4005779390009,0.0,20.505214642160283,13.236467775271949,1892.899788802697
26.50206636500388,972.4836100292538,0.0,7.418896990755213,8.874378864940049,1273.199331439717
15.71514143808952,927.82512861148,0.0,4.111809079845994,3.0886143287814356,969.9652420459553
12.82672788775458,933.1484304340865,0.0,4.378621520718188,0.4959173376776046,305.68258506340544
6.281503847356387,938.005625637866,0.0,4.1680951136761,1.5498473934422838,29.971124725469483
8.580908129346795,942.9725844785976,0.0,4.424761752065543,4.3371921864817295,10.163557156923158
7.441874462541202,939.6793496316758,0.0,4.197664499621056,5.355295213277031,2.113172436400762
6.308402978068461,943.9083168952704,0.0,4.433383214441156,6.951789631102304,2.120514192792254
9.379220141999689,944.2042340861058,0.0,4.214886212869931,6.501070310845558,10.209325793907968
555.7810853102615,983.1961114544996,0.0,7.585506226892545,2.8832994541620303,275.88041296614125
1875.9550100824836,935.7370987479273,0.045000238548544326,5.700722701238539,0.07100421334518614,2986.1188933164644
4623.417492272655,2411.7084168105116,0.0,22.23233561793889,0.614105211619891,3175.189945927688
5653.887864118507,3586.736337271011,68.72471604500133,62.01288166003128,0.3758669076161809,2911.418940701133
6569.220005066086,4649.109425001733,90.24312606349386,72.37851294635539,1.5305772035829912,2231.022820498932
7595.927733193033,6465.1940179497815,103.46804225199658,75.91077344236953,7.138284774779955,1827.200950427228
8602.97537494941,7126.0019970469875,172.81396590912576,105.54448460153806,12.084412377371173,1184.1355809667996
9215.034992776065,5323.38658065131,116.27583841733002,148.76208773832516,7.4124222364702765,895.8278445230105
10216.646656652669,7060.640039421046,246.71540037049465,135.1610728656292,11.885054885006582,706.7147504329299
11136.237513725979,6388.369844017128,350.8442393993756,59.584012035451636,16.925782301438584,540.6764879250217
11345.38669206495,5732.0585002843145,304.44048412634004,55.17015233681224,11.30931681060293,701.1667743583067
11951.203221780139,4149.905898247769,354.49761517936594,91.69336252696797,17.069536754744792,948.8239229148909
10768.142064423846,1765.409754783023,289.7657186813855,36.99690877620638,23.306969675957376,1645.2084919718036
50.02810506657567,1254.0311611650964,3.1218408942763887,27.307879994047532,22.38122731727909,2346.05634657649
84.19807643784328,1331.4601552096742,0.023005705024595095,16.76333768439843,19.75105101920603,2228.7644375380055
27.73712867963937,1340.7974148826434,0.0,20.56433435964479,19.45650597640034,1891.6193374307327
25.95947854318717,973.5582907387175,0.0,7.408501337682896,13.186544493953406,1272.1321286742743
14.834264119265981,928.949521238938,0.0,4.297729655855419,7.001390166998536,969.8096481025921
11.849232222238557,934.6392649857795,0.0,4.197874938417907,2.6371840161483964,305.64504814161
5.448288804876988,941.3502077205301,0.0,4.25175960016353,0.49968325539066377,29.980528669889516
7.419157104409301,947.1698619143299,0.0,4.374461869547911,6.287754843590579,10.182691447825595
6.380711852891735,947.2217237070639,0.0,4.171787213913228,11.49914408697146,2.1194239495824223
5.301691905878297,950.5049284460093,0.0,4.495653152256402,20.64251341126784,2.1278569609573155
7.682845182963382,951.6581813523972,0.0,4.186559338836018,31.258324674183108,10.25917957249535
195.25141270461967,975.2142193445211,0.0,7.584193839983843,34.2379004956286,275.972312396439
2174.1151017029447,926.424033252826,4.926367052745029,5.902459316489091,24.295979110980408,2989.771036401137
4788.660837446795,2427.4353622401927,0.17643153333531356,22.26647832209673,17.402753816826127,3200.8862460149694
5777.644523529978,3598.7638766270343,64.96510563968138,62.00374128123417,21.162905053326455,2924.812714584287
6603.373423593545,4660.260247614717,83.32508194030957,72.65281910651107,14.726437315433895,2239.8740085321288
7504.803397274871,6473.43361384837,76.78180449161289,76.13631578385066,4.121419377456915,1833.1381270396912
8836.406747980009,7125.59638471864,162.07988731091868,105.07467362569986,2.9571523285997787,1186.56631903756
9986.423435176646,5333.4556715858735,274.923505045724,149.04814470443966,10.98632495935856,896.2308721432402
11265.763277750722,7093.4109107979175,660.6641850170421,135.76331563615233,24.265707244465283,705.9387558048992
12734.054185072986,6422.263165000694,1016.7694876238396,59.719849342114074,38.337183494293086,539.2191060107925
14006.685485900103,5765.270515368376,1332.0053583918098,55.269258758551246,46.008109264295165,697.9221224490207
14820.562463167722,4172.138565478762,1496.2537110018313,91.32484911436877,49.80483247900163,942.5035021449011
13075.100796559935,1770.2509458230613,870.7104987036382,36.73945640978844,38.65215170468875,1633.9654285525785
59.74525824974164,1258.4879542795763,41.49877831563735,27.58723959435805,33.71454424259632,2318.048574722691
101.14585656170097,1330.8429935913246,3.1805311486362977,16.594561284163802,24.363189476591995,2195.1166202732647
32.46967090770342,1334.9108991113412,0.0,20.35450934329279,18.63018314607509,1879.4771756787866
31.558755887707104,969.2360469452622,0.0,7.11728383478124,12.539572692822102,1269.0468086166356
18.46285541383163,924.481793395176,0.0,4.341755529579007,4.554121422476202,967.443267273231
14.636770293510361,927.5074573405756,0.0,4.125744109100342,0.12060679719354113,305.0626589980896
7.7438883709661654,932.3620067582591,0.0,4.38227766004709,4.133238640290095,29.921865444921036
10.103312951285568,941.0905930933509,0.0,4.203954898656676,14.557810366872348,10.147105751779382
8.452232751825084,943.1221857656557,0.0,4.372357059156436,28.94586032809154,2.1111599959409513
7.084373685906077,949.5977698795494,0.0,4.242399510213668,43.31636328504823,2.1222063200378156
9.979906309709472,949.751178417729,0.0,4.3418539694891605,53.00666513486838,10.243640962728401
59.07881182464185,957.368535319493,0.0,7.190483409084799,48.61555007802793,274.4962284507267
2437.7035413992303,907.2277258056172,4.53065442706907,5.90544174943386,30.73343090042365,2976.12884390541
5028.638635554192,2427.4125000151757,0.6079782630905854,22.242409292834502,25.904563699339395,3201.2568983232777
6065.103735198863,3603.6281632191167,71.80780957148413,62.43866919462654,41.88159082274715,2928.410939040431
6899.279450143189,4666.550223562725,92.05428818596026,72.67383282783481,44.01136083302874,2243.236877166726
7755.456034109683,6486.122015294405,92.53144744265802,75.98831452654886,30.966932045960633,1837.0788529914769
8585.267733318866,7143.373596043651,119.25712728711812,105.15711378712395,19.31012382944399,1190.2485965847352
9102.960677760913,5334.826873830249,104.79692471500779,149.32731777126008,22.623178730520028,900.6356706720558
10026.185214513693,7074.718759722056,141.69923806898962,135.86163440540463,9.274348663710873,710.5285036464717
10935.055805930435,6383.601248589282,164.1748792527881,59.73779882128876,1.181049674625402,543.1586249210085
11187.363481339693,5726.855756924392,181.18838691284327,55.60098399378201,1.6092901736283691,704.0649390929282
11813.532613571844,4147.649033637063,228.17265215907233,91.20285384504125,0.6782909449896307,952.5514189610766
10675.694382690195,1764.7135690553584,187.86393013700663,37.28368865913346,8.629306515271859,1651.0919347593913
40.63502207209746,1258.8391040498268,1.0755387688411395,27.550267500910763,10.587162444929609,2359.185836076269
79.57629624607114,1333.2460318946567,0.0,16.904761183628036,10.894596544237393,2246.4405233532198
26.006640761435836,1342.35841960002,0.0,20.5901780612077,13.374786131975478,1901.983536057058
27.18527097760065,977.1659965207944,0.0,7.18018612766318,12.888323647267084,1277.9470388551615
15.919375884494208,932.3733950034735,0.0,4.346961426750145,6.475123470489752,972.5914781336218
12.093487006981226,937.0318718048035,0.0,4.10173629786676,0.28749532453321625,306.50984925560994
5.798009777187133,941.7911235355666,0.0,4.454688233658419,4.701246120088593,30.09424946726414
7.772368443717907,948.9029508306159,0.0,4.186160374628589,17.223231883737448,10.212607424570157
6.302420268422703,950.5662216612358,0.0,4.464206177076279,38.9397236217113,2.122796535273103
5.072832016794446,959.5420848796665,0.0,4.220052067664407,69.36686413258599,2.134210871318149
7.359576548492756,961.9070993267447,0.0,4.461467967271894,92.73687112077171,10.31726032595483
6.798750613158977,961.8750650249835,0.0,7.1296195276484235,92.90244700461537,276.1108100992675
130.09087063136732,944.6005817648846,33.87939468317711,6.23747748570137,74.20848618633454,3085.8354286933236
162.61756774373973,951.7744372192285,7.872307475584302,11.210734879509815,70.11720513357534,3473.136583023726
729.5740737961702,1777.4635681429231,0.0001508686467420507,16.655044654741943,86.71292967896905,3152.500954373006
1316.5580561664212,2600.6150526114784,0.0,27.248126351758657,76.99662721009503,2339.6056111726602
2160.020865776286,3658.684111072212,0.0,23.19761130750977,52.15596581930668,1903.9083340029915
2503.7092190322055,3626.2032283202143,0.00042364185748039414,31.03370355459051,20.451938389646063,1227.3444000299157
2727.4878958070735,3544.578990515674,0.15544251284360036,24.99762410517471,6.5821631421956885,926.6426037832052
2933.2573331924,3527.240283727619,0.19042794791880596,22.91541676357263,1.4404756701123085,729.9726366677614
3385.3310198703,3508.8352849224466,10.709309268018957,15.78231060036419,1.6569233584203051,557.9892632010858
296.96669625068586,3612.311883938648,14.476841917633534,12.989687139316102,5.651857539924118,737.0765078188015
570.173651871015,3724.1502547557543,24.14400484460616,14.751240170944092,13.027056650357698,1017.0725138722822
276.6068758807989,2523.5488985112584,19.529277027279342,6.092727170670843,21.575273746148795,1767.9364550316834
160.71451860456935,900.9724105971025,0.0,5.898566078722046,22.556361069876264,2459.999197961303
90.1369953376966,903.9395824955826,0.0,5.879072503694864,10.809171850641125,2258.7277958947634
30.42137695965322,918.8443609688991,0.0,6.146103951732488,2.373248621004793,1916.579695847616
27.443000752063735,931.2372808753788,0.0,8.146892092044652,1.1984042435216788,1290.564788656569
16.075075119928897,939.2216728256717,0.0,4.426125818528503,33.67964733613106,988.5240680578434
12.414120650397168,952.641731701895,0.0,4.177500366383776,101.90435271819625,312.907829219369
5.969720057509466,962.3027221148897,0.0,3.5932125692518633,203.81193849644592,30.65986879934131
7.419081282367839,970.3624256235129,0.0,3.430450205022587,285.93457891751564,10.379081763451401
5.385384063446869,969.8251366525769,0.0,3.570831459747532,356.86522917384895,2.155492153365094
3.755139630065828,975.4346725378585,0.0,3.4892810991363765,430.2865853027439,2.1626284557366087
5.3457077226216665,977.4215163084713,0.0,3.3817145407736167,484.0527184347056,10.451873744444594
3.9503700468804968,979.1911206151781,0.0,6.422587972800757,486.14232531730977,279.938051391456
103.11256197010772,958.7950025614099,0.0,3.324651946775923,431.18026385009955,3116.1788275599974
161.64625684568972,927.2554697172505,0.0,3.4636801441472067,341.2435136908055,3450.373755654351
212.39952410219985,1615.376951930754,0.0,3.2665078620142505,284.9676917232799,3166.644751737374
245.104858109242,2508.212553425012,0.0,3.4076343389976995,208.11584414278917,2428.0458238978426
291.45627166347725,3586.5970305486553,0.0,3.2954299650569547,113.27627841488393,1988.9639033894437
326.6869953938295,3564.805805993737,0.0,5.027692616542446,62.0618188612976,1286.7720430611798
342.1758604286361,3541.9832601933817,0.0,4.926761577825717,37.26653667759949,973.4247840532873
352.793447453252,3526.6472891581843,0.0,8.139089678872677,25.590575497954998,768.3386605253125
369.63234032540333,3515.957576056087,0.0,4.887500252265561,16.13954167453147,588.4385137214302
341.4048601986142,3513.6555157114813,0.0,3.4073684649017664,24.174760755770873,765.701925937552
352.31420288981,3520.6017931509796,0.0,3.2381006888524078,11.638551155180284,1040.7810443253595
140.24855621968427,2473.950207122967,0.0,3.394799364618308,1.5321128363995413,1817.3390223333258
63.89920484927754,918.0360021848593,0.0,3.3372313734629246,3.8599931237440175,2526.030650599397
53.56773935059906,925.3674978308488,0.0,3.25719993151661,8.35843640820984,2310.171747209106
16.291519037722367,939.4267231332476,0.0,3.5584998586577687,9.313509576022888,1954.4280300239777
14.45236087352585,952.7797149234776,0.0,6.011652541878826,24.390036440363527,1314.9304056597846
7.07777446793872,959.4660365989387,0.0,3.6406280648693325,55.08376778339481,1005.0203931065452
4.995613093245326,968.8386007909829,0.0,3.4254838337354623,88.28071928341066,316.9774941775336
3.06347633901522,975.9031075736066,0.0,4.44560378745057,156.01959274442203,30.95311483513522
1.9961418313419652,983.4325314847018,0.0,4.316659151069335,187.24691050314578,10.465610054329241
1.4884762015211113,987.8611668999719,0.0,4.4930356041708945,191.77944407303085,2.174429095809412
0.8052882064933612,990.3941737975208,0.0,4.3572773034845005,207.81661796252408,2.178522580160865
1.5891987958157763,990.8400352272827,0.0,4.465214341502371,214.33321235671173,10.530971488985411
24446.373820851182,1041.6644484766343,0.0,7.624132323040117,199.87751188640198,288.676827868223
475.26720118656635,1076.916798162424,841.0748804280109,6.705176464245174,159.26412198777464,3250.7005492649837
279.9277050232233,2813.618238654963,229.2186922894203,24.93978536713708,128.10172699164028,3576.293977577462
645.7284251945537,3904.941626390416,8.228233520217533,67.91780883307742,144.52453260670228,3171.5766571939375
1030.8686761706915,4946.2606417530815,11.729565316207877,77.25990017008536,165.236245888863,2376.5128863826817
1563.9777229247452,6844.378349257675,11.749485279412978,80.46921677730124,119.22822146851692,1940.6721452775084
2194.0689442184776,7501.032109743624,24.368584534788205,110.87659072574996,74.02090338591529,1252.036482331191
2817.344619439509,5582.50297856942,44.17240763686997,156.7006852447134,52.8913841092826,942.5794549688305
3477.222045099291,7383.101233585682,54.9750520308525,142.1044056452271,41.583266915194564,741.166038021733
4178.4307951945775,6646.5597387241405,39.779406938992864,62.3204215335165,33.12777595770994,566.2424951925464
4890.113884776145,5939.9783748665595,42.202721751902864,57.853715458287056,23.94606741269267,732.9064414752222
5467.346140615397,4290.449453557379,62.40355943268268,94.66053771743239,16.196734983684536,989.2967320176908
4870.0304819453395,1823.106626913259,79.83345997084768,38.7425185851665,8.054331193246759,1711.7281072825422
25.715164867297926,1296.6531178772796,0.012444648639917726,28.3346092852489,6.395049101442917,2438.272001679948
53.38120461629001,1370.7746657269302,0.0,17.409296722909964,17.9185219255848,2322.8711449202324
15.804949165956572,1383.1325831180413,2.6719581966130894,21.12792131737137,42.453401369123036,1964.1842826506825
15.968661023011029,1012.0518877346365,13.796802213583383,7.533446720369068,87.94115108591954,1330.5870807647227
8.471981838762192,968.4926362048707,0.0,4.360409349537164,177.41372261979393,1013.0400232164815
5.545970422288739,975.3344133270692,0.0,4.252131625671898,290.2722083832517,318.02460900581616
1.6133584876188105,982.4709209251505,0.0,4.462905739809326,436.2784382442182,31.092576233559893
1.992553862615114,990.474547495573,0.0,4.234086041414394,516.8084651491363,10.511245480939564
1.291019276766397,991.5539023242152,0.0,4.538814553774125,548.6300847154329,2.1785756545601203
0.8210441992423162,997.150479662933,0.0,4.265762213237217,559.0051027727327,2.182963730859283
2.5650320980546417,995.5478840655032,0.0,4.523457637274774,545.8077824924219,10.55274320147998
7246.1285839444645,1036.8851659454313,0.0,7.458488868789547,499.5375146871475,287.91974683021465
287.843038348866,1019.5228016830238,905.20865927239,6.4451107763143956,419.2884902408372,3208.806068782955
2002.0837340715627,2644.239570599811,297.6069977848675,24.197119694263286,362.20210944133566,3507.3857753007087
2907.6571056316984,3798.3466945318,13.47946590521838,66.03758835474316,371.7027872633175,3104.596289829579
3601.516313310402,4840.7078834414815,25.776086244908953,75.5077741396749,350.87687241268793,2336.414539764732
4258.671508690047,6719.10787568727,23.364731018205333,78.85758637173691,288.781150271083,1910.6330787921852
4822.008802933852,7390.4042610540855,38.01906194528749,109.59966701724146,238.34216358996667,1236.69719741522
5217.927866365385,5523.278896344519,56.34727367871458,154.76003392469994,244.98573406286758,934.9122023134237
5847.449197960567,7323.669531011518,62.38186066499944,140.45507532964425,190.2691587084531,737.0979498632021
6435.622167843376,6595.7800948295335,47.49130749523251,61.79559352413264,145.58607748990772,563.4144016253514
6690.4290421332325,5907.424587221051,49.45495475527847,57.57379297064541,160.59282252952855,730.4230525724687
7166.696570043702,4276.618117502299,66.0488531663636,94.35675156550776,109.72805275550157,987.8071574211796
6433.121360617224,1816.420243805773,83.22029073374081,38.61799280258076,51.8519949911198,1708.9115552917756
22.286630481511683,1293.2840486912555,0.013161773959663623,28.247490854790733,31.489281665263686,2437.2239449703698
50.03159882890573,1378.5059681953385,0.0,17.43884948883957,31.525571662336052,2332.18107957287
14.584040910228236,1387.5599191819776,0.09774163064855995,21.14691678193206,29.623140881401717,1965.14488781462
15.472938908151354,1007.1039844639587,0.2173134113499618,7.612413601799219,31.114664327459842,1322.4519899443433
8.786459466447594,960.3075829104617,0.0,4.233433208587282,50.64127029841482,1006.5035110346059
6.695920132655545,967.6337682576585,0.0,4.457021398807108,79.89089008212008,316.83630009577786
3.1042650417006925,976.4136334882274,0.0,4.268269388519447,105.79022089516663,30.97450050557359
4.2736723106296655,982.9048028481144,0.0,4.490505631715743,126.2425508075923,10.461847611330441
3.176338146003945,983.2138694186502,0.0,4.297496198723585,153.08515294623248,2.1659569238399303
2.2576928567438426,987.3867724248357,0.0,4.503250451803054,179.6091865830859,2.172557803491054
4.131512668623606,986.0975004785105,0.0,4.308660664902832,209.62212773852363,10.512617302821571
2305.2626493493135,1024.1260170674689,0.0,7.753561272476739,227.055236414728,285.83500084656805
1149.575814706146,986.2113176469019,179.7963977040452,5.95174497553252,202.03185317025398,3134.560166629853
3397.27159582849,2545.4869094658216,55.194238294170304,23.357401377799043,190.82152155174194,3377.4764626075325
4172.402009355916,3728.664657272726,36.07319713798134,64.7062313526103,231.3177192121558,3042.287591724134
4897.924617555944,4792.7065803424475,35.438653170653375,74.72124026704604,221.1933598185391,2313.3329554264956
5837.808625986228,6644.963086656739,28.88011583641551,78.16699121609885,122.6536488387212,1891.6003688616654
6642.12543272835,7304.70508857942,71.85236085230535,108.56167871219533,62.292057791191375,1222.3631904682393
7683.100639039985,5458.595278081584,204.8992635730842,153.0065598750563,15.335439365592302,921.5462077034724
8432.095954067738,7239.1721933889885,254.4628294383836,138.56075685287698,5.005492710824544,724.4232016871556
9034.884665538371,6522.565949628973,168.78420598473798,60.89951773727502,3.78612511841068,553.908212306375
9626.952994759436,5834.9934065309935,128.5511446724557,56.298384490176964,2.197574236378068,718.3354984702235
9875.355436070337,4215.72233569795,108.78846962808873,93.51791787120506,1.688935851800017,971.622007592061
8600.220603146916,1792.2092195665393,96.42920150645904,37.57244158701537,0.41039505448669783,1684.680327553679
23.160001518574703,1281.3095001741756,0.05877759847270297,28.266623004584346,1.5898177432572922,2413.15839795724
53.170104530348695,1364.665829574815,0.0,17.28629626074794,6.0310223235979326,2313.008090967047
16.877160973137286,1375.4897842890098,7.640511520166934e-07,21.146475252318915,8.879362068617342,1953.2454296703806
17.529895706188967,1000.5976998988863,0.020898901108061006,7.407439675465897,20.735955340764857,1315.1406387368204
10.081827790442818,957.8796401207358,0.0,4.427476091623488,52.066652802375074,1003.1048414058603
7.758501472135793,966.8564836764024,0.0,4.2454212674736915,92.75283910057433,316.40727012828717
3.6401920713998255,974.795001430648,0.0,4.460086609175613,141.89865245307513,30.93590847009607
4.901007903002182,979.8688574504498,0.0,4.308478716405636,172.48228830690226,10.454357436733854
3.7461831917214905,980.143241361988,0.0,4.427792111911519,200.17403605098423,2.163732154281708
2.730472705376832,985.032193091228,0.0,4.349262512172854,224.75556317491345,2.170305957458391
5.042054335415936,986.6096580716063,0.0,4.312377621854714,233.29386264776315,10.509807997962188
793.2955584980641,1015.7111204258657,0.0,7.606853307004837,214.85061254844527,284.61008900265233
1763.513346649918,969.2717403536626,115.05471373704677,6.096492079082602,160.96169854880108,3105.063936157872
4034.6517535228895,2516.6476864614556,26.785701346428613,23.100206354806144,139.60939100527196,3340.1723506557696
4914.868799174295,3701.7190059816885,41.80911530177869,64.15483189395874,165.55632316767,3022.403079485759
5568.030586408027,4772.941502730759,40.563281292314514,74.49871132714271,163.2997884987027,2303.9910755227793
6213.444566448287,6629.848074925276,35.39520068679587,77.8712538865089,129.69038084441183,1886.9096752499386
6875.383524794103,7296.722211199248,52.441885327642666,107.74393341729034,88.01680592408238,1222.2644929436003
7535.712409770439,5450.726360191478,67.06523815086291,152.90481203403343,58.61535498684551,923.7043363637185
8232.077590250552,7222.95348627623,77.70420887807441,138.96214220860168,38.123360180542875,727.8343321183803
8984.463599282795,6512.291761586743,70.38469670707664,61.05696893004174,23.19910544931346,556.5345883889097
9702.878877607127,5832.748947056606,79.47943625745233,56.761052736486334,12.047384597865738,721.0195863119882
10540.401866943,4216.760114449132,109.41867218036674,92.96928562869473,2.0054616062359023,973.743399443166
9471.047507076302,1790.4705502838158,107.57299816637698,38.05474969460468,0.029822225298009222,1685.1477145844674
34.29671828506786,1276.9805678762727,0.07682969491455062,27.909566798859764,0.9495184228501568,2409.5044165498366
68.41797585875254,1356.4338013410684,0.0,17.22817406893912,0.46188206253400294,2300.4277319833996
20.37399509135704,1365.5157400795329,0.0,20.96998092509671,0.17794276282556382,1944.1894442878677
20.87087907454927,993.9888303360818,0.0,7.483350685307755,0.05075987831643581,1308.9174640774572
12.116890503629612,949.7073822163301,0.0,4.276999631727039,4.853122362866652,997.384338210102
9.496418607103461,957.1236725682803,0.0,4.312791555846083,20.0325873028155,314.78571387531673
4.565172060875469,965.4405280926376,0.0,4.369077174910606,46.39877751628206,30.809193117424556
6.4286826666042725,972.6880174685376,0.0,4.253352740221881,59.68719012629798,10.418854232151928
5.441754396304034,973.6261134460021,0.0,4.522380603220695,64.72212944167028,2.153014677376281
4.6546609442565305,977.3136656460612,0.0,4.24645124347346,65.79899312741392,2.159231645691623
6.970176775481142,976.4682232510578,0.0,4.518908286981225,71.380930456869,10.45820097710249
291.9657563854089,999.6266726671422,0.0,7.392411992653439,73.03756432253887,282.4993386706672
2110.199219683372,948.0783345256212,20.946147327902334,6.032024976827316,54.106751086770565,3067.4181027732157
4593.475698284237,2482.119202803836,2.099248726173757,22.73170029429281,38.6530451833086,3286.6450839106633
5577.308109585246,3670.447373107083,48.035459313378205,63.709233418201165,42.92523256153168,2993.205628739445
6415.174944669296,4743.448012785928,49.423204856723466,73.94428707850675,29.235818947473753,2288.962379107221
7170.972219745599,6586.183057180502,51.58973695777752,77.28706687423866,14.887837937727916,1873.1524345148691
8069.37702455404,7252.192129103558,105.71751999330672,107.67249283134257,2.103194773400379,1212.6510158911833
9301.560421017602,5425.893242175321,244.5258469946381,151.8649606417931,1.379647193473821,915.6404226709784
10499.077996064172,7217.490526383388,525.1880294993025,138.01426370915493,6.583326350465782,720.6782723728022
11827.76531689745,6524.516131327795,638.1846772368036,60.60534506311726,11.982279341839979,550.6922666579255
13312.655074118908,5852.545382977015,1001.0195298270916,56.60554124244892,19.930015292543178,712.9875699441181
14312.577546691313,4240.172769767333,1210.6673838177062,92.92958252024398,23.316604114934815,962.5808354557086
13056.091644742204,1801.3598347129057,950.6250526253141,37.78405060056717,20.87818981479474,1667.5486974522476
75.20559179120292,1275.7748195231447,51.852153515982565,27.450254634271236,16.875747116124494,2360.264891731987
90.88492449826965,1347.4510098587173,0.0,16.840862227508556,7.743017210946477,2243.9314455617887
31.817160960679548,1354.4008542715178,0.0,20.740953814311354,2.43045453075301,1926.6460261492025
28.92660552984644,982.3972917541267,0.0006754385423085182,7.447771045416784,0.023246201303770808,1298.1619159741772
16.781858546092067,939.4594623037649,0.0,4.14105868134768,13.37317909446255,992.0184308808822
12.825468637475316,951.8690352278054,0.0,4.440431314033615,63.46147244565864,313.96598794200696
6.3523441632629565,963.952553692511,0.0,4.1876512953329845,153.4747088390185,30.769510500764895
8.285370090990762,974.5692496176454,0.0,4.488007749098952,231.53493038879506,10.41681886283978
6.535633380191301,976.3941248400571,0.0,4.219718686307928,292.25463752111483,2.154362884528765
4.879557533341002,982.1568903084577,0.0,4.480161765072871,350.4285505617631,2.162421924627185
6.76526769166516,981.915668875088,0.0,4.242513248963921,398.0950479170723,10.504795313083019
5.793591875924861,982.1822155090977,0.0,7.513775448012292,406.88895427424836,282.2964612663315
116.85618843181012,973.1505090306979,312.736527847766,6.06445738267992,370.7533353627194,3191.1709396952683
538.2778260742799,992.091116303653,109.64743779645082,11.608265531683188,361.9050790945558,3606.0043152362323
578.0019449506689,1843.5668560234353,6.172584102449762,17.155157491202644,336.4479286101404,3257.369280206676
1323.8317135565887,2671.5618179842545,0.0002265629406198657,27.858130013377938,228.55410954778665,2412.2120899602583
2277.6870247882575,3730.9654500052497,0.9068093896293706,23.83546627096114,118.84057152262893,1946.3656837009732
2594.4727479244143,3696.0273541721685,4.981861500964106,31.889637680900744,47.15194445162743,1251.008356752328
2980.4209480931836,3622.0720523620025,60.123011291892794,25.261872914107904,3.412271748391673,942.0884855855144
3262.832237130022,3612.4478281430147,80.02723454426496,23.05631826650655,0.013985844566669249,739.7650727595907
3740.899767279249,3591.831922259966,105.8584288417298,16.02370524267019,3.368252996437063,565.4542210090166
297.79164572429977,3687.584072503605,35.156556896867514,13.4065436946185,5.12810660994232,746.9140214640045
532.953176475553,3778.9318536774467,6.033392460059882,14.994367457144671,9.159153662623268,1033.542737666515
219.65713265707657,2549.943988358889,0.0,6.0770869476860545,11.319301854389263,1811.5195957330864
110.72154758474026,916.155447810004,0.0,5.936488920489165,10.318498904402695,2525.0922364252256
86.39590524699253,919.9287813397401,0.0,6.104906973361368,5.221072488726541,2306.3782512241746
29.50389297876029,932.9824834474479,0.0,6.009951409688923,2.335994702753816,1952.2874847471278
26.318770298476778,945.6492179689754,0.0,8.550851590076157,0.05608422392999128,1313.2765168885046
15.872762048568958,952.6765986450781,0.0,4.21316806536324,8.599274086520781,1004.5360584908512
13.254026750101657,961.6859147277305,0.0,4.485608542534653,25.605885601899395,317.0334426242493
6.026346271490497,970.2162044944848,0.0,3.430668096085522,78.62872681837783,30.96691358980858
7.958278250803361,978.8953409142825,0.0,3.6142963602342495,112.64725810618604,10.477177282988086
6.878835922844263,976.8076667318298,0.0,3.4622180375645644,120.00239885207225,2.162473352882712
5.5732646954116145,980.5507608145153,0.0,3.584113047175287,137.85224289912216,2.1673278963973965
7.645550322111254,981.5478418676348,0.0,3.5034872350403115,154.22565994391243,10.525987844190066
6.817301754746057,982.7768646468447,0.0,6.314979635915624,152.06013228336812,282.75213917785726
123.84221472874569,961.4616879042964,0.0,3.450066777147428,124.67948398213493,3140.7793309620474
197.5415881630929,928.6689811510386,0.0,3.229609884183339,94.62745251741714,3471.062031144902
260.5699557786682,1617.5150296793686,0.0,3.4731534544485596,73.66455224697134,3184.3999454847285
303.46619934505014,2511.8147689106445,0.0,3.2519706590709436,46.50757279689861,2442.0870503829715
369.52324982179135,3590.1448652475665,0.0,3.415499592225904,5.260063131906363,1999.2750141644394
423.55487643177713,3565.1476445620206,0.06637550401521555,4.880475795598389,1.236311431118068,1290.9960794587637
468.36823588496685,3552.484751871971,1.5915768404077413,5.064665636970475,11.186628930720879,975.268622695999
506.7791893543418,3550.475298247855,3.053310314367038,7.889753228708595,23.896120341199005,769.3250214398885
536.3385632092128,3543.6180164643843,1.6831187356849457,5.138416701911547,28.47976080868337,589.3005776120436
546.7095731033918,3532.9734175895856,0.0002941907072896211,3.2031861210903085,28.020331056301686,767.3487889922933
533.5746631120306,3529.770078759621,0.0,3.3847844781763508,29.392261597601124,1042.9672010333866
220.12632418237823,2487.667810386174,0.0,3.2571488785007956,30.09605857148434,1826.0127212184757
126.45377834237318,920.8354020334909,0.0,3.3889428557327266,29.48417502722508,2537.7271745150083
99.68322969314843,925.098842931192,0.0,3.326487266026178,21.250441854885224,2313.8839765067614
34.331218122620534,939.2741256225758,0.0,3.286275993397895,15.764357665236968,1956.9055071038367
33.228927399053134,951.3661399348435,0.0,6.296615145090902,10.634193218703295,1314.191241065478
19.20760653136396,954.172914297148,0.0,3.3697687955606526,3.6052696508326165,1002.4060631879165
14.515478920660467,956.2587031426136,0.0,3.617517672199086,0.012856938437079496,315.5725962970871
6.5149865629702886,962.5703518568287,0.0,4.247008431526813,9.553665717826881,30.868001436104695
8.356531304481475,972.9051127289982,0.0,4.536016815606164,24.720500859504583,10.46063120787147
6.950826254009253,974.6969783787945,0.0,4.28980002366939,37.83937355343604,2.157889199699093
4.389591175912356,982.6827871211151,0.0,4.516400190460973,83.54849059800897,2.1663233528325243
4.646094426145601,989.7543776741912,0.0,4.329584345845147,108.85722988002856,10.572810021750335
21764.052913502448,1049.0746174625735,0.0,7.908604717851101,95.74286152298363,291.6630301449045
233.34056643259535,1083.433546030261,177.21330876368353,6.46991260465789,78.82299390847794,3286.845363568742
423.01360972117595,2802.7222679569336,58.46273276869041,24.977387910112142,76.15576175520016,3580.7195142051387
840.7281960326054,3906.436807480905,23.816707870067223,67.84381303998029,111.88815043412293,3178.4517864666404
1318.9104878848043,4996.5938607841235,23.9177891378075,77.99785740903178,122.47304559153,2399.8231589489296
1899.56412342235,6912.484117495856,21.072181239296583,81.46288842002105,107.55191188353645,1961.2027119462932
2510.764561687111,7588.073608704237,36.10209153164053,112.72157069202123,94.21923897397438,1267.9056319751126
3167.1784024610047,5656.434103942828,56.08719509670274,158.8218169558418,85.57095032797343,956.4639184759217
4134.415286059284,7484.153401722151,111.7961015384318,144.02613557369716,41.07861673293527,751.6614518334954
5330.340529159611,6741.352198845159,249.18325767313542,63.07023929809242,4.437504155562115,571.9628775197733
6205.225554546053,6028.445175158976,252.00785756407842,58.173125600583454,0.40576106501085324,737.9438512125515
7178.248926064304,4354.945209456847,407.47283800868627,95.94738601635025,1.0842134169967053,995.6361138209285
6436.772899675151,1848.4320059148056,275.93790313901906,38.652943438338404,1.9791728481747868,1723.1845129721137
38.51548720248527,1308.4199153745558,0.058466165533526064,28.75688564019102,1.0853077859317954,2456.9397579632287
76.80183054246103,1370.7652149424632,0.0,17.417650615984083,0.9285175226386475,2333.043174043666
24.05310515367266,1383.536681887403,0.47742100452613434,21.2036620738341,18.6156764868779,1975.4811215360085
22.91390457410102,1013.3423588879637,2.9954773559863788,7.338765519610783,67.89296685827495,1338.7760356607625
12.954553362162372,971.8855783602659,0.0,4.52652021685886,165.32183066861884,1022.4248191475184
9.299854865371062,979.0983680009157,0.0,4.225551453368645,307.92442190141304,321.8928163056135
3.4015085432448284,988.7940216687125,0.0,4.508602029041493,480.92404213831793,31.439515437611718
3.958235361768305,998.4419193387088,0.0,4.284755680587123,627.4743621425625,10.615610106714394
2.1051910275872237,1002.5215843471658,0.0,4.52204580963464,760.2346531901894,2.188810171019406
0.8994502952136068,1009.1487064170317,0.0,4.3243081226503275,888.485871516503,2.1969806633415634
2.125654320741866,1010.4432645377794,0.0,4.534224292282204,988.1196904204329,10.694374683119063
7359.023546025333,1051.6274358758515,0.0,7.568254128463867,1046.1707411127672,293.09841841295946
306.2838673745966,1038.1935913285954,1524.5912917493265,6.502292470326086,979.323110862963,3274.9027048773146
2167.6021482574643,2704.697696021754,313.29212422296615,24.676992092214476,785.2371218807743,3591.3743776240244
3155.6346272512787,3868.56830039495,18.036473902906348,67.19808270080512,647.1603294982681,3169.975597098721
3870.9931607892713,4923.148193347338,31.615605807058405,76.79973374126898,491.51831144608985,2382.476286435449
4818.813820710477,6814.576117585444,30.284666081307307,79.9989878621119,261.21434380700964,1943.1472391426062
5697.810368505853,7481.266022078988,120.0792133463729,111.11724661739349,118.25334388343548,1252.3817025830047
6776.805993713188,5591.984613824186,366.48561113318516,156.2143429671306,24.774535281520723,941.4697819702714
7769.905553643348,7410.502728646725,523.7808942253884,141.48622081545295,0.9346192904435108,738.1025834338712
9009.240211178121,6676.975857517451,634.6890970139852,62.13781635400123,2.3739429978612763,562.8619999353493
10442.091018650412,5980.695288354522,829.8135515431358,57.779393242865424,10.177720792364989,728.2521415324206
10661.042901118815,4324.590999337898,810.6453076131032,94.73219748536735,13.080957975403054,983.7083457471545
10173.526575664013,1834.1693371620552,580.2675549200247,38.62448363922217,11.830621293602977,1704.8382554970558
51.42623980549122,1301.5056922191948,12.807438101964872,28.030933901132606,10.739714572292248,2420.793016881541
91.71246306068745,1366.9223250876305,0.0,17.201874936973283,4.324418334106977,2298.3474760579506
29.259846849109238,1371.1446582964268,0.0,21.040803085385487,0.6653998612403117,1959.3001783287557
26.94230483482872,998.9512444741416,0.025287355929309047,7.579651584276446,1.3114926430922433,1321.2100349852933
15.856195271274457,956.8343933199128,0.0,4.194700186333626,17.95126211514221,1009.3418293460902
12.402427931619764,966.6563419359144,0.0,4.466146059043974,56.7209090126902,318.7671026643824
6.060297812145305,974.8930659329152,0.0,4.2399625063962585,117.05904874425809,31.158673134782184
7.988944224512271,983.9597068261353,0.0,4.508732131455473,178.20122925936295,10.525692276251435
5.967796701797681,986.1833988980101,0.0,4.27089525921793,241.21730811367573,2.1694397360426216
4.292487182209334,994.0840942795396,0.0,4.538366867832105,301.414910998881,2.1784266902403964
6.606138541904937,995.6032572486972,0.0,4.290979394178047,348.87423856150554,10.614608040120576
1586.9049838057501,1032.9278795989892,0.0,7.794180243474847,368.3193179908632,289.67449877083607
1363.1322694247656,997.3485666903996,310.9445321334199,5.975748281856559,329.1314552148617,3190.1189793924423
3819.0842047426468,2585.741771540855,56.421259816115075,23.962880629937573,258.584537945045,3444.3808672662053
4937.575846526306,3776.6124254510482,83.57257616016248,65.27513863378093,203.09053822882305,3087.6364354589227
5911.018712709911,4864.470710600191,248.0573076280855,75.8839314562287,114.2688958710069,2338.3279786375774
7037.421924143292,6764.792216613628,456.0519142081654,79.24568946866947,26.759340795896243,1904.9697710838777
8206.217026936863,7442.855063339584,781.1782279564436,109.40035422799046,0.01141212382966702,1227.7955038567932
9286.390140087004,5554.799934619896,739.649401525896,154.4258885705095,5.997080769056899,926.0206010495758
10558.452713166755,7359.547049394588,1038.225597344489,140.434514202598,22.248438119946027,729.4938214681373
12202.456063425947,6639.241435221736,1168.5544820187404,61.61230741328355,41.12638504245809,557.2386028164688
13862.349756499276,5948.5072390183805,1559.814031050705,57.28155322241726,58.39596275315734,721.270090337738
14525.10459255476,4303.615566115472,1774.526709152105,93.90134114580412,69.83750621526114,973.8516689333719
13567.902748084565,1827.8155286539109,1380.711663746301,38.21223979849139,53.91852894513135,1687.3496377589845
73.77571128485071,1296.7955415765043,72.00080169148409,27.98069651114551,37.96081529022281,2386.7902061033647
116.6543726712488,1360.7597109183823,0.05422810405745511,16.930992536922584,19.71351403194252,2263.4493095799376
39.40700476158744,1361.974943158206,0.0,20.8652348762133,9.729248000378469,1943.7086080641989
34.617507459477416,990.6276034462268,0.0026790741560713976,7.312259776098105,0.3916083316056637,1310.1833612234536
19.645199947867297,948.153382600507,0.0,4.352388299207783,8.62363154289635,1002.0241392215385
15.052788633197087,959.9870921611514,0.0,4.187978825825191,42.35225346314824,317.1892834172095
7.727618131082271,970.5902431382119,0.0,4.488189272170538,127.84140785101968,31.027814044099628
9.741202330620368,979.9494475237904,0.0,4.214859650269892,215.44680171810944,10.498339025899101
7.643837468763957,982.5782989344514,0.0,4.509706704349195,281.16408035535136,2.1634343091324766
5.985850033729198,988.5132965733374,0.0,4.253736299019394,332.7490423609099,2.17242947439503
8.883208006243647,991.5128327501897,0.0,4.501437805237242,374.0387175425021,10.596207499855446
543.4845863111057,1019.0877494376035,0.0,7.3822135629547105,390.1369373694263,288.0301322630973
1986.2341785745082,980.0246295528865,264.75904838380103,6.235816712011308,339.068346737373,3166.3936228663574
4312.813377990816,2569.4364361121707,51.61985734812108,23.53050011649062,253.9994603784624,3423.289147539335
5299.577430179525,3763.116105801691,55.81450699070201,65.40165525200028,191.1587685654077,3082.0469315537052
6248.426314225673,4838.261104815957,77.45473234143978,75.43184365659843,102.23189758462821,2338.8650334870295
7275.75076488059,6711.601916238661,105.50849245654705,78.71310113405056,41.01441529428108,1909.204578019867
8302.844593548716,7384.568348683203,196.7660529639806,109.57917664616542,11.67980862948939,1233.5550936072755
9282.05528726445,5514.681275190806,238.6559360179153,154.22319395486463,0.5883263646059966,930.7500240090947
10152.475200306755,7308.208268080469,355.2206787905321,140.03057290511293,0.2477867399374536,732.7145941517209
11115.35209111217,6598.073970573002,341.0399956578994,61.4885019758743,1.570742577696799,560.3362769511459
11746.383218180606,5911.087199878612,298.411707731736,57.16243245752882,2.1758440701282966,726.6438905280099
12223.169009325151,4274.335369846831,305.6840065579271,94.5421809699858,4.339777936386574,983.1022026630025
10776.804718772215,1816.7806579238274,187.75828388816993,38.15726801658306,5.219444377225494,1705.2099371947404
42.951792307205864,1292.009500387637,1.4097320560489635,28.160047297051054,7.22873040623353,2436.1044619541444
87.25814404739404,1367.6336029458412,0.0,17.24725466035831,5.837389679514998,2319.6940028031154
29.74869910846141,1378.5819312238023,0.0,21.20803893842374,5.240044903418752,1964.8172392571194
30.557218713070146,999.7368110925937,0.0,7.5195304570517125,3.826542498788076,1321.1401677162394
18.144951370630576,952.8921377668172,0.0,4.394044929334304,0.4533825530919874,1005.8036153477576
14.105875007442787,959.8657713227357,0.0,4.251118049319151,1.5155957737992445,316.9795619980624
7.282015717733453,967.5382846785825,0.0,4.417845009015854,13.14931749942463,30.979932456284782
9.80429943397484,975.6306054683462,0.0,4.3370184470756685,21.94759298813654,10.465377014509269
8.331719904588905,974.243936431774,0.0,4.318482384748617,28.662395910275478,2.150110620161733
7.0755065692131645,978.2394134819006,0.0,4.462255416988763,34.22363155475589,2.158335904710654
10.0372838826318,978.3331065761269,0.0,4.232983820561696,37.6945101736618,10.529054372281761
93.09022068892943,992.4670827247247,0.0,7.66782634138281,33.11937204800499,284.5072519488809
2400.9822554482007,941.8803728009078,2.32128897580919,6.005862881231884,18.146917874974292,3084.9704784165897
5025.095200379049,2498.0188271838147,0.012618246008410383,22.862687843037044,8.38358419968795,3311.243097897618
6133.782658520758,3707.438744232965,64.40829844945598,64.17418817160205,6.385474661825877,3028.085630229813
7280.728660365035,4796.443388281523,102.51402130485549,74.94299559316961,0.03649968338027206,2316.8834026423892
8406.201594580212,6670.727143274362,159.9935635051232,78.2778842527146,3.8536267129268853,1894.394966792411
9198.2065541067,7355.1044463869675,157.17686451653788,108.31673151945472,6.7684086389923666,1227.485096840497
9972.459711132062,5484.815612526803,108.8574083573584,153.8034358831485,8.365408620063185,928.9765601840938
10863.839965447352,7277.241729675769,196.50838532430893,140.05211865891096,10.969481952277732,732.7605233147008
11497.879587550628,6578.001153347734,210.39371421141823,61.56448913396403,10.234599274253585,560.7749851518244
11723.653938344472,5899.63885256015,203.73207347227859,57.32590046569119,6.900845799672817,727.699033450013
12254.816471420198,4275.154203965988,248.64752992887986,94.06687282683991,10.007417346180942,984.9918223128384
11057.735344758597,1818.6714224559107,205.91977669197692,38.59035107580637,14.47030506706294,1708.3901653279256
51.100061070033526,1292.2455309444947,1.2060101063518955,28.131699347675777,15.566166499618527,2439.914862934684
89.57861271773427,1373.0444265281144,0.0,17.34162879483328,15.006911147593113,2321.017473941872
31.19489638899857,1382.3939621111438,0.0,21.112023389185797,16.216379462760187,1965.6146698182695
32.532757245366106,1002.6938147656449,0.0,7.5520609764076045,14.467868724581011,1320.310136377024
19.204437671841557,955.4253835143292,0.0,4.218174528670355,9.322136937499911,1004.9430315025703
15.267007179771456,960.8144291231577,0.0,4.406111540706283,5.105831797418115,316.1766785756726
8.040027720404218,965.0591449564932,0.0,4.267215817027089,2.4674902007293404,30.81777779666703
10.434203441016159,970.7696202228448,0.0,4.470165824562562,1.0556797839675582,10.371670829081362
8.552915558634052,968.1228780963171,0.0,4.308363473115104,0.07669259987903022,2.1322820443080674
7.029395694902998,972.8366455648701,0.0,4.501100982134114,0.5248320431007071,2.1457100729261778
9.749859954963993,974.576552558564,0.0,4.333862724467043,4.990934590616771,10.487547575721187
8.945012364984068,975.8805504175369,0.0,7.549076189234167,11.807812697925018,283.0202688779688
153.24432404580637,958.9103819457988,2.122297112400515,6.040717194372987,14.736217693375872,3152.1071832118255
58.77218672242522,960.196459194823,1.1634094211637904,11.317810658540933,20.951119958472184,3544.6305994556647
834.5744751266938,1805.7747431646198,0.0,17.021448609754813,40.98675820405736,3242.741220665016
1391.365169890127,2672.3437804684,0.0,27.92214892214108,46.37260400614957,2415.2367810343167
2202.895435840651,3767.2564142123106,0.0,23.81850995485568,40.50639222831227,1969.5411128791663
2430.6678218551165,3743.711664492728,0.0,32.57003317223652,36.67190521672094,1272.4949426437358
2499.038137510992,3671.553737599128,0.0,25.678292924963433,56.477345280917554,964.3314407391125
2718.409136145724,3661.618900219283,0.0,23.501024731380504,43.747795657970606,761.9607506358927
2923.9459281452796,3635.603376938107,0.0,16.324293743523455,28.56922848993258,582.6813893298248
196.3937074778257,3745.7392504503714,0.0,13.730448614825645,43.697754679093656,774.4960248036405
365.5417778513847,3870.750771614425,0.0,15.498617845997785,25.922996527933012,1079.613886379029
141.2296425812646,2620.2068473741083,0.003976687828338118,6.059266853813876,6.038162446976929,1876.2879258408625
66.91897980980016,942.3130085415935,0.0,6.287429515255878,5.618051507708281,2607.4067468854037
58.642390665253764,949.096767942137,0.0,6.2193993438032775,7.013025361090371,2381.8455686971115
19.692374357861013,962.1291817660492,0.0,6.170066241622839,5.454507096755794,2013.0509305173086
19.2871344459932,975.7902195496824,0.0,8.709401718358187,13.455298713066226,1352.8764412680891
11.120397096570022,980.7070536387172,0.0,4.30782967323879,31.209161194454015,1033.056048095276
8.603826273583138,987.8713954058865,0.0,4.524642462153566,55.251103429944855,325.3616018027089
3.692343013624244,995.8700177654545,0.0,3.500581472609146,102.90189412560542,31.700700771863897
4.342588655958575,1005.6555797558701,0.0,3.6543378169626104,167.27933727461613,10.689784423205529
2.5715175620970863,1010.4376683847155,0.0,3.5390492857352456,246.9429294099423,2.194601575226461
1.2242887041201604,1018.2240598127142,0.0,3.528360085517754,332.2228383462381,2.2035337709116023
1.8560346305752937,1020.9368040473273,0.0,3.677537830664727,417.6413607810574,10.784714334774145
1.0191162043424622,1021.1794956318611,0.0,6.316744749024576,472.6513261479061,291.1821647590844
82.98938373555214,996.4561597008949,0.0,3.621085526935019,482.5443223553631,3246.022152283
126.94823774240726,962.8794792740714,0.0,3.321040974830814,487.76193412553863,3597.3481160359065
167.60777265540318,1689.5144958481465,0.0,3.549677514807916,485.7729692036701,3309.3187420373483
186.22937246254483,2620.8573642626266,0.0,3.3596949069358706,468.7031373159527,2541.693889201655
213.10160862356244,3758.511766342585,0.0,3.5195129648428614,373.6670593560854,2086.9759738068756
238.96243943511703,3746.0718337901317,0.0,5.074750487595796,285.968047568962,1353.0232959086181
268.0831085592304,3720.738964978593,0.0,5.237223545335007,199.60893568554746,1024.3394590091457
288.2237280901737,3699.375664097966,0.0,8.19487012592389,157.16545951222832,807.7403182696155
301.34399897444933,3686.340260434294,0.0,5.2915950827670954,136.79618018247518,618.4281179175871
306.0639037903703,3677.3349493539586,0.0,3.316939155661615,116.73873117334966,804.1444946739936
306.8840185363718,3676.0889022993783,0.0,3.470374329200961,84.88915608068504,1090.6071276130813
110.1272032752886,2587.432757533256,0.0,3.3626554221938045,41.992655272744535,1905.5047622584057
50.954235326545586,958.9257631699292,0.0,3.4886785941225074,28.430598716331925,2648.410883512529
41.834468732289146,965.0258541699664,0.0,3.4362841076389348,38.62526926074762,2417.6684728638015
9.650863954202713,981.5813695125454,0.0,3.397897726364377,56.18441423330635,2043.961666133372
8.605008557899628,998.5426555318021,0.0,6.529842461803134,86.3195269769848,1376.2270198953838
2.3514236051020334,1006.632127028507,0.0,3.4892836114801598,163.07401521549633,1050.8945625922938
0.4658977662205464,1019.2965694188827,0.0,3.7603930317780336,274.214151694946,331.3726605830897
0.31201945964291655,1030.844430477089,0.0,4.3841332180461485,413.01979953163067,32.29646067471397
0.44488007994436857,1041.8322165671798,0.0,4.662745864564937,495.93908433696186,10.868987698481183
2.0686566781216635,1044.4303893536835,0.0,4.427237037652776,545.8300426099738,2.226719340853994
5.159141664595256,1051.4974574419095,0.0,4.643251899840438,587.0823806056046,2.229938677903117
0.13110149662990844,1049.4543477893474,0.0,4.436965665943309,606.4213824431359,10.884293796397477
29728.76241282411,1091.0613980372411,0.0,8.034162282781276,591.8157144462565,301.66199703547636
932.6599196523541,1118.0103609828698,3132.068569330719,6.600831563042948,514.0779554597244,3398.127117014815
154.02343043554072,2966.6599854973506,1041.5416365820115,26.42142453424028,432.84950114117356,3786.3645262214545
459.53099607853704,4138.357800477394,11.184733282407448,71.66687446174768,425.48058053291055,3382.0874061685563
826.0968015167392,5174.253046568712,0.021533436795430665,81.33215771586774,353.90392394186586,2516.015955090105
1262.6837911160712,7128.746302130089,2.512308882996224,84.48837132516252,273.48518724402714,2041.4264960728658
1767.6098985271137,7825.174827553641,12.295527834676408,116.4316787861404,196.5593499718947,1315.538074470133
2372.929516079491,5820.510173802181,27.17906285976812,163.88661070962394,125.3119009852348,989.111347915512
2943.885751561671,7687.273767796999,37.98358002570133,148.47624448183979,101.4745540373335,776.4453253811016
3589.1528770595087,6918.36002245652,26.39665932499451,64.97687960515054,81.02481993430476,592.7691828480921
3984.1765161793455,6187.495181164698,25.683576170705894,60.3680040478075,97.34636473600298,767.8103614333065
4602.671139615543,4472.208352124631,47.723481266886914,98.92649951864634,63.33987279162215,1037.3857987593335
4206.598065252546,1899.3566116305963,68.66101180161702,40.363842229946975,25.648358053651407,1792.5341976119196
19.85000471553673,1348.630838104528,0.17559187451799613,29.452217856370535,26.321111800577018,2551.565839161212
47.107230668253784,1431.7322723842678,0.751692018918155,18.075025911506767,32.387874149071926,2436.740334628803
14.493220924201651,1441.7981680017454,3.157525702106346,21.906089954101535,29.535627663247585,2053.4536386688815
15.24189335365276,1046.239328333352,6.669473822079218,7.793454297100617,41.298997387464304,1382.7106671716126
8.573039852778896,997.3213933322422,0.0,4.401996231005119,73.05804963654454,1050.5153872751744
6.505116076775779,1002.759709780971,0.0,4.506128666671979,109.33424568683226,329.37479509090537
2.966492065559784,1011.3153094552881,0.0,4.411011476373664,151.40391882274417,32.05135200715068
3.9223092583077457,1018.6005875215742,0.0,4.535057636111549,174.20552751991426,10.784848150465395
2.9533160213130887,1018.7019760534645,0.0,4.446223844619124,190.169070591588,2.206125137514767
2.1900358630826138,1022.8590833429189,0.0,4.445432736610204,201.3232004641155,2.211416560251868
2.6257014208553375,1022.8631601019467,0.0,4.552555155894164,199.6792129415246,10.83583991092021
6217.763887084645,1069.8098812141195,0.0,7.941391681744896,175.68729649820625,298.3560028809625
326.68474955860995,1039.7139131505576,213.46612506104884,6.265342828103519,122.33409891822984,3302.0096110267937
1991.5961379392902,2674.7995303739835,53.48633160592832,24.464705561025845,97.82911471179034,3565.408106563812
2910.507264558792,3882.941274298587,25.02631177788212,67.57505800433806,106.26740256537484,3183.0524036118063
3584.701949717692,4984.4773267181135,23.612704284415,77.8387236174779,121.71898033710686,2414.7589111426178
4305.1676681010385,6914.950687433877,17.786114581571812,81.39162169383977,87.92616729342778,1976.4592971975362
5005.5530014992855,7601.9716360558195,34.557312911172474,113.42850117113939,57.887117296673395,1278.7507026952462
5384.981735412821,5682.2483975313,53.64705785409136,159.92434386581706,77.50698433744772,966.3447347780376
6087.742920531372,7536.599043076054,60.072286852473766,145.3023684880559,58.799220201532364,762.1524258857471
6806.459457224824,6788.315639783923,44.8463571712355,63.7488821766975,38.957106909374254,582.5243119657717
7052.410335796368,6081.130139024993,46.148703437274314,59.075098104644205,53.22151925871333,755.2976744633646
7557.000499976758,4401.120346475029,64.12961651299237,97.5985073245422,32.35421822778382,1021.9274221498436
6803.741407402779,1869.519800458254,80.93084147846118,39.41876859652099,7.18584251676273,1768.5978208770834
21.908310767207023,1334.9726993504753,0.01211291017389494,29.44668804866071,5.488578936628791,2525.7192422292433
50.3201978304971,1417.9224076406467,0.0,17.95794143787893,9.252362896760227,2416.047305456728
15.219638205531119,1428.6275787397185,0.00041944483189364587,21.802685545303277,11.98089644021607,2036.7039071081842
15.169967102917816,1040.9565512329384,3.57743089923818,7.52756569756085,34.11693448362651,1374.4249870098747
8.317179758156053,997.5829155861336,0.0,4.584578645079643,71.11365433940699,1048.9206972856553
6.587674234645903,1004.2749953212119,0.0,4.2808924058660205,102.50442488496454,329.4712977987036
2.3908582369805442,1012.6082583837398,0.0,4.621858444591119,177.74023905701685,32.0537229604776
3.1356909660117096,1022.2721768634024,0.0,4.345367945319366,217.72982938393795,10.798733297698602
2.597037610277781,1020.8014263573689,0.0,4.654094137402802,228.97778723637097,2.208125628267136
1.675470980558173,1024.6471136150526,0.0,4.3766751137673605,258.27616388263476,2.2128070962332345
3.5090992412686974,1024.4137876927573,0.0,4.606115520421691,279.9220713098961,10.848473323225612
2191.500217630513,1062.0014844229465,0.0,7.627406077811337,278.37359137281436,297.48679643213507
1074.7951734630624,1025.2340638932112,281.2798501045866,6.427587693693719,228.72959412351733,3274.807825007649
3187.872678260214,2653.082239663334,98.3006924903786,24.2707512476903,208.78110631466436,3541.4646644251243
3967.1139066001647,3875.562645083943,28.685107941948967,67.40522991907139,250.01041716286838,3181.7919437656
4525.089728712293,4976.7575845455685,28.888067108268107,77.72902185220002,297.4402519208515,2415.5361431353263
5212.065120177391,6912.786262872434,24.079710516720624,81.26191232161386,224.3031434868108,1978.5762131473566
6047.0067068754,7598.766742997637,40.000658188920454,113.3120641427782,126.2767691724106,1279.61672345767
6768.896772685278,5665.10668667708,59.69119764751908,159.33324311569436,83.25112352989755,965.2861178980836
7341.629076037074,7509.740264030512,66.47222143602276,144.6254591523655,68.18493201678817,760.2098645215424
7822.809065665712,6772.00011419928,50.49553452426047,63.57690372905778,66.65834530777822,581.6631562913434
8316.427426944185,6069.4260366427,53.268439076665494,58.86137295744957,57.571687156731215,754.562020431849
8790.169822080878,4391.587477527518,75.89282724104069,97.75972174436147,45.0651259600447,1020.2991818456403
7618.804299132246,1867.5464640565935,85.6451064474942,39.19066331946463,37.4855933967674,1768.4760494100005
21.104148929086694,1338.2646469498757,0.01365398621938468,29.659091450901506,42.39916268709806,2530.960269336109
47.8983831399212,1429.7552784321588,0.0,18.0032434439655,65.3041103313227,2431.6403652004074
14.055701114036973,1439.5032189509384,1.7231451334463284,21.873708130478544,85.1874369440051,2053.8528020282083
14.658351750881948,1050.2038727791096,5.617985985600866,7.542613780576327,116.26555263867402,1386.7903455767487
7.496159152803007,1004.4831633978052,0.0,4.60443040136543,192.19217328816438,1055.5638230744714
4.738942334538667,1012.7514043246391,0.0,4.321880357803924,305.1663421862278,331.5168660564799
1.257180871551812,1021.8812445355248,0.0,4.6126987739271375,442.1117613766261,32.25961463023682
1.344679630370505,1030.758563140503,0.0,4.383040663250743,543.8287292865988,10.857543379431144
0.5125474039131489,1033.6231554491756,0.0,4.599471942530231,636.7638856989488,2.2183810205646846
0.07895351957857218,1039.6401205032294,0.0,4.420315900210582,727.6210535638611,2.224688512457683
0.6011020903983337,1041.2727038334249,0.0,4.590476794357866,812.1882215171737,10.930966340503485
1909.7225029339513,1069.9999623550132,0.0,7.649201831523945,866.191799721426,299.3583032909695
1316.7451246121104,1034.2644533166397,1137.8565237399573,6.451029212825327,808.1970967911287,3313.0549532538757
3366.233117308837,2708.7601545482794,303.0542676295874,24.75127526427014,688.3958498171928,3620.30651781896
4353.64070469584,3915.953959848376,18.73304098737045,68.11855371425685,546.1123184819762,3225.4451278528663
5272.954821993427,4995.577904949517,87.57555161173947,78.04956177831478,362.5877459021723,2426.207663379917
6202.03169059471,6939.145679480069,150.53078967050877,81.39661076547006,204.21178185938504,1976.9054371583443
7219.635599743497,7643.894386420798,403.0083296809348,113.21109257632126,84.14996479628404,1274.6490271478544
8257.043728868217,5704.803665694805,548.4156646255075,159.40068138375432,24.78231110337195,959.4425043462833
9256.095806823514,7556.310159289392,717.1369923815888,144.39349872524645,3.9459312206993684,753.7889446842669
10388.407126720631,6802.203333381508,676.4086026777328,63.226695401190575,0.08524681688610641,575.2019423371559
11669.84890028228,6085.462300191676,789.0054537003342,58.60206605826917,4.055446222137728,744.8574558327479
12563.19759738968,4400.891246000916,845.258521864358,97.17334375440466,7.618786780990409,1006.424728551485
11204.864358463565,1866.6622494005599,579.8376524678289,38.94711355601768,5.157128346558066,1744.5300540788605
29.327036394939398,1328.8419861737302,0.3657968105797035,29.07795516048152,2.7012409725021236,2499.5663650574998
80.7755031134622,1403.8403760463611,0.0,17.702373037089288,0.2978836507971011,2386.386850435505
24.448702383535245,1406.779397715719,0.00010421096441150293,21.699426993265337,0.38815800773449927,2018.5443506165036
23.172692331750866,1026.9798193993036,0.07051211007248614,7.477340129541494,4.975576246511943,1362.729974472288
13.35216298658704,984.172025687125,0.0,4.511371765690233,24.415395166364174,1040.3286973358784
10.11405746601638,994.9150091315497,0.0,4.304557651794945,78.45721783646749,328.04164450086483
4.423763898317207,1003.9769859669963,0.0,4.5426204757923045,165.4740867543822,31.97880199034892
5.792949343881346,1014.4085605408546,0.0,4.3739109180923,233.64647108987447,10.777848526947897
4.209217784874744,1016.0912788571322,0.0,4.542866948315914,290.3826811035316,2.1998966196448757
2.9499077215872354,1022.3538942415856,0.0,4.407961081646402,345.29323087187424,2.2077073670001446
5.1601214673201685,1024.244221694547,0.0,4.529658993503366,380.31434064078434,10.859033458155906
565.0666379391413,1049.2570336222473,0.0,7.615954705660734,376.27668819897065,296.5357587915698
1874.26743118787,1006.139168245335,310.985741087173,6.297150540686852,313.26212887028834,3260.0836291402893
4034.127952858082,2639.294198228505,68.71692743136533,24.155844055607524,238.66218479882463,3528.834816330366
5185.452849288901,3857.435234475412,42.28775607086345,67.04355173249363,162.47149722316846,3172.9919808099417
6252.285101177167,4955.460191588442,136.12649777172152,77.44680327589992,70.0650166195414,2402.087832719382
7463.354710918729,6892.334610953207,358.0112482995736,80.77979767153555,7.616929205567853,1956.3588829038422
8648.485228895892,7603.796314555956,728.6531112182483,112.17799557012319,1.1115627607952905,1261.17558127891
9820.339258683709,5678.90759650184,721.1211466730421,158.35737104820612,11.051549164117764,951.638569957973
11117.83005428989,7528.943108151053,1001.8027200733834,143.76792555724697,29.93845973631443,749.5084243248095
12612.301032455007,6791.204172877899,1070.7690773248462,63.00665238465238,44.34630953411847,572.5313802498748
14010.782726124986,6081.94695568978,1347.0279520769773,58.57246535174776,55.87705283691327,741.5062288509207
14350.36466419059,4402.538900220776,1463.5151657896974,96.87608790541152,63.952386564179754,1001.9231656594619
13156.276455261155,1868.3538858600489,1013.5349606903953,38.94963873475995,46.80644166610008,1737.438305446781
68.0097080518259,1322.2365727954868,4.1285013013616085,28.631606676301498,33.42788972994987,2478.9423653730037
118.02816226332853,1390.6702212803416,0.07326056125915652,17.465102458570083,20.95058321288207,2353.8891660739937
42.058107438952426,1396.6687955086268,0.0,21.483701989657934,15.440348043251326,2000.217435851357
40.31037891128157,1015.325925811982,0.0,7.456253608897389,10.925401651508798,1346.303712694673
24.714903922938678,969.3444994881282,0.0,4.447052759519561,5.849474858182188,1025.698476161272
19.52163030407634,974.3728433306218,0.0,4.254362805035315,2.321781028691382,322.6386589644774
10.493243194374505,976.011388543891,0.0,4.461112911488261,0.09651926551286116,31.37154943370524
12.974429366798855,980.8964909579561,0.0,4.3333010952735975,0.9773397987772778,10.54948299499045
10.585036272267162,982.0457881305651,0.0,4.487538031625199,3.756905463702477,2.1537808434032595
8.789854442905241,989.3240887378928,0.0,4.38184590455098,7.907100525090622,2.1661877268077663
11.845332742115193,993.1028144578322,0.0,4.48262578301587,15.365620315507202,10.668414832546516
11.269050415241205,995.0194324028218,0.0,7.437364509932481,18.6418624550013,289.4463659912129
152.50520775388773,981.0225905428307,11.999485451394671,6.380119788164016,17.12841968914638,3236.8615470141754
61.34329011315204,983.2350893433613,1.9326901370431293,11.321320855862231,9.677499201038978,3644.0098382063115
1100.3279422328667,1824.4579641499108,1.229805828774092,17.131872878626428,1.5616328703702214,3301.6380677641414
1921.5532931168445,2714.154218183867,54.02920289288274,28.694611638415694,1.1225072651499326,2440.9679826728648
3011.6884892714515,3860.3734143066654,197.47545115679438,24.223334620694743,12.59109895404409,1986.0611003294705
3569.006543263755,3858.6150995771513,327.76641340260426,32.57684807549318,36.37273828491096,1282.4557666416722
4120.134177166871,3785.019528809942,381.8799423603777,26.116305006868615,75.96222293575212,969.7721396468189
4712.408203324878,3771.772175946101,441.1339848371923,24.15842951497821,153.66424081360347,764.6225095660241
5396.331160207838,3746.8906818191317,427.08957646526324,16.51615706133436,245.72382472996424,584.7294015979928
597.2409258727273,3844.1415496145382,507.8563999733022,13.544629057961968,330.4407566964665,766.5361400717358
932.4482382595685,3960.953564393974,444.99163877318415,15.170503592917587,379.45180122454985,1048.159731710332
470.83555365256666,2676.044927849056,209.43552073763976,6.271398813999506,377.90486273811007,1832.950036093483
191.6056296411263,953.248554777323,0.0,6.097313400357299,310.1936544988801,2571.1120348104323
169.88256804912112,952.5026399523673,0.0,6.034766649289729,219.46814109254302,2368.224716605184
74.25796686487051,961.3423113420739,0.0,6.320949142715859,153.8715206957438,2000.8155570184808
70.92204552911785,969.5579480666041,0.0,8.312410845489328,96.50495752926794,1340.9720644022366
45.39104262395468,969.1615057876663,0.0,4.491987154315329,47.923939107864726,1022.9930397051695
35.331749244758406,971.1314454507781,0.0,4.183407295134744,18.441128745498396,321.3864220901989
20.792828944347452,971.7397459411952,0.0,3.6452841904651216,7.854295253803775,31.176561407988014
22.904760782314867,975.0686570891745,0.0,3.417590181389272,4.372215264622432,10.447890797163954
18.335832444460014,975.486813776119,0.0,3.6057572131398903,2.2285115449534123,2.1292119486372694
14.415146899852544,980.1074209619267,0.0,3.4821715875025236,0.8049351699887786,2.1410246760182283
18.04436489422709,980.49454506608,0.0,3.555722050004763,0.14354403749577987,10.565044402553765
16.787328531281577,982.1868374770007,0.0,6.310671742615434,0.03331178443439319,287.1523577035182
188.64130471127663,966.5689236042273,0.0,3.496015524496038,0.2375007263899024,3198.146716768276
267.34767027142095,939.675775300361,0.0,3.3451100078225267,0.18961667829546802,3549.813108651614
302.9806334144676,1652.43006649495,0.0,3.2477454674202835,1.1412502711142292,3270.3737569287046
333.7876557564328,2577.095049385893,0.0,3.505044373159917,2.1532235726414046,2522.0587964409983
396.81765468268304,3701.3259839321604,0.0,3.2976144631299773,0.7283761236167566,2073.6013784701813
457.5353574171476,3692.9179955369677,0.0027783192075005177,5.186171423222248,6.885428358945,1343.986672263089
510.8626894908172,3685.2464912303108,1.8419232981609717,4.980847451962035,19.983554559387972,1016.9413924798163
560.1724255046317,3678.7550363620876,1.0107861260251443,8.402185737184638,33.029010849917924,802.2520478966081
600.7687365777259,3669.253190103534,1.936352804662803,5.138384238340276,37.78375420578077,614.3678020274716
589.3211647208824,3662.8978918247985,0.0102959560234392,3.365290148169968,34.52918734507219,799.7103561890615
537.6501388904384,3663.0045396698747,0.0,3.2422964718177023,30.434219263953153,1088.0632930265692
191.61987433121257,2588.7881741675706,0.0,3.506479392914,29.080239426317704,1909.1080058846478
115.0493459981956,960.5965146301074,0.0,3.3430014931346124,26.65462072703315,2655.8555462075174
99.44864957880087,962.1215789613807,0.0,3.4974113618233447,20.52145269514494,2419.5937462371585
45.617237920317805,970.7255222766632,0.0,3.4229744967173747,16.369685527770553,2041.8987921283683
36.853629005354655,981.4595844444625,0.0,6.353758955907772,11.277110951620408,1369.9400827218394
22.547958654124244,986.2661766015088,0.0,3.5129187265384507,4.339798588301566,1045.3099013434633
18.130582731393563,990.0868849986622,0.0,3.450440191265666,0.6605065828851784,328.4669662408521
10.203244420402966,992.7816359007073,0.0,3.6732653900422947,0.7881241929205832,31.88563552494951
12.643773190130489,997.8504124368777,0.0,3.470861933263579,3.3613617033729244,10.712199377361134
0.7422993267570066,1027.3165130005568,0.0,3.849068091576942,5.5139035426020815,2.213724303971913
8.67228246133285,1039.7679257998643,0.0,3.595968574239457,6.245520091774555,2.2343674626788688
12.030566974368309,1000.7070748856825,0.0,3.6643017888412297,6.884497759429291,10.767447374594726
11.214047224194072,999.6743330294603,0.0,6.338641072015744,4.465487059485196,292.0535623258981
164.76070232899752,979.1654434592695,0.0,3.558890202757766,0.5359037343944257,3239.3184923517156
238.559041415317,947.6416489786784,0.0,3.3345318068364964,0.35367961908307655,3580.6547030195343
269.8309106893857,1669.6858568680084,0.0,3.299673928880871,6.177084490553143,3298.7362711774554
273.1512309580793,2607.1262501214455,0.0,3.511482793918347,24.084323149011478,2548.945287628869
309.5930950968341,3755.9606267399404,0.0,3.317783950467465,16.99500391575411,2101.7843871950345
348.1441265264535,3745.673003811679,0.0,5.266765725911659,7.17385553554219,1363.1649210575606
373.33305375010514,3722.111710333253,0.0,5.005704024928824,3.9146162728618674,1031.4828011519728
398.92648625333766,3704.8891600009947,0.0,8.520538563999368,0.6616781656027199,813.8714953985832
431.2775708206649,3689.6392048134667,0.0,5.210012660709891,0.39400674111736517,622.6258513640742
474.66915681924365,3682.520477007911,0.0,3.3550944673498515,4.229580961859592,809.0335872049001
476.5629663124816,3685.4981471057404,0.0,3.2388210067845447,7.843045707160261,1097.8428575591645
182.8743801448059,2600.6607658581775,0.0,3.5630899398293234,10.22694389024127,1923.1641323686567
94.33308427482247,965.5955514941061,0.0,3.3391314423667557,10.827206065313026,2676.745009630718
77.23816338286441,968.7950045055592,0.0,3.5610941806304597,4.980353825565793,2441.1218130152224
24.088695853060933,981.793505044485,0.0,3.4420329135049488,0.6131144075697443,2064.7939241357954
22.09224925079042,995.8456581091938,0.0,6.467955751275133,2.0661852650530417,1389.7865201860793
11.529672944712361,1004.7826673623432,0.0,3.5356902829204846,29.197884144954124,1063.2590511577034
7.718366502097432,1017.270193460816,0.0,3.6700601539643896,79.29195896332074,335.7870200695977
2.7755231132110336,1028.1727611832964,0.0,4.450719732732331,155.83372539518632,32.66711322474987
3.4788993869885774,1038.9263138636668,0.0,4.60005989733135,220.75489957936574,10.987018839120239
1.729081344949475,1040.6173200558176,0.0,4.508416354231786,280.02844125753836,2.231941617349428
0.5732778110865103,1047.5338002313765,0.0,4.512373885360719,337.4321890799894,2.2404084054844957
1.4001906824879993,1050.482850345643,0.0,4.613278473238521,373.18566780149666,11.074905223662922
39261.60977830455,1106.5054012756827,0.0,8.13350445392841,375.0275126765788,309.0225351013155
1896.0316547652064,1156.7138639555776,822.3422606094738,6.863096990973499,335.61531746976976,3489.5316565059816
40.3478090148182,3062.728182769987,208.80126750271106,26.722063536648694,269.10770037307543,3858.051859130314
258.57438337811425,4231.954240767759,15.468970575065907,73.55232330090251,196.13564677969364,3443.886500112118
551.6790968593906,5326.979090245618,29.056716890393204,83.07970343821587,127.34927066480614,2563.0768088300138
917.1645763584737,7345.673999560337,24.712988121235135,86.6333699434081,85.15238399818455,2086.1049318044434
1253.5110659032932,8054.180762952486,36.254702228920415,120.03466311348713,82.23570738952546,1347.6917956046984
1586.0456165412284,6006.82084241165,51.02618331630288,169.15869367266197,95.49459164909348,1017.4033949501973
2043.3941614040195,7950.9314913624,58.351314120822785,153.53844299670348,102.1619896488058,801.3994331388377
2632.724604689241,7152.408946991655,42.660228074453215,67.11818719525418,91.16127417311306,612.4023512743466
3208.0384029915294,6385.083788930345,45.007180356256505,62.253447978355055,83.6320437804467,792.6751009215197
3722.9928124874655,4608.720859378662,65.81088060490846,101.98578107230021,71.29382163866948,1070.0771847110236
3267.9835147644476,1958.95814854886,79.58057980754056,41.62145951186019,51.724799901859825,1851.923474552319
24.922392245862014,1385.4113286911265,0.011023243425469943,30.178487804743952,42.91888301224794,2631.2931607048267
53.97861477232063,1465.7974928906592,0.020297773472468018,18.431078640085115,55.786978663737905,2502.3597969184025
17.539671250325735,1475.6089715110045,5.110793915135977,22.33757126259089,69.59398776479333,2111.75596612346
17.831353189048155,1073.1050508026967,11.809877430997403,7.963328445637388,92.80457268317024,1425.583767966167
9.816893612192969,1023.2566658013325,0.0,4.430091160949997,157.17281941999553,1082.8382105946314
6.779306910763555,1029.2398530950088,0.0,4.602735518090587,245.40727277469432,339.2138743888791
2.4123733471130286,1038.026233402405,0.0,4.432327006106411,345.7608503489768,32.91858915983621
2.9689165572695626,1047.5120956708731,0.0,4.663277671401406,408.23726255154907,11.050176510883277
1.875747584107934,1049.6275934142498,0.0,4.465505290279597,451.5597827551485,2.2407301689719334
1.0713272271139498,1054.9784267832492,0.0,4.647212552545845,487.4099349491861,2.2460425990884825
1.3518832322298595,1057.291413510218,0.0,4.48656892847378,512.5411370995148,11.109509857911354
10220.456892864773,1105.0994915796834,0.0,8.147395357411302,509.37319621917464,308.4940534883661
83.82329832585884,1092.6195975917567,661.967605265435,6.452358314565511,437.9125372476125,3452.815211063556
1329.4056878158995,2832.3635850161327,201.18610466733617,25.904252748420085,379.6631496857301,3782.2640352926865
2282.632058710729,4054.503874821692,24.46046087237021,70.41687451768672,302.91006212233395,3339.925985176967
3266.407889022147,5158.064442916683,71.7274899170369,81.0660418364363,191.1024917445782,2504.724825560631
4283.333575152125,7156.462390053705,229.01252748351263,84.20186120738298,80.48102866271637,2036.036190656358
5379.521602112,7883.853922794919,492.6412372491626,116.17074243556227,16.708398820915512,1309.7185865498307
6430.467906766013,5874.84663713919,631.1302247085536,164.08080048508634,0.7971725753818765,985.1043408119259
7461.2677933663645,7780.914774742153,817.7058258922755,148.8080306609027,1.7652672288414213,774.1668060605103
8532.715802135506,7009.379773226571,847.2359870887932,65.14063317547394,9.327657604107241,591.2364043737875
9617.707283745343,6277.815315434889,1030.5635026630275,60.58781622429763,19.72553617150499,765.8916843159943
10549.603552042428,4537.228718986881,1091.0776888667876,99.33904983338674,23.335903291319617,1034.6346133849963
9313.201314322405,1924.2870145740526,713.3188771166198,40.46736221981933,16.658464521066488,1793.6852255287104
40.643029841415455,1362.5281804221922,1.249529676746148,29.377923972402073,9.756550375659398,2561.6577716743973
83.15006279456372,1428.6348373203057,0.0,18.006816906342237,1.9214171026222964,2435.265168474727
26.161020662052614,1438.3997691688414,0.04527886650349575,21.972630400383686,0.506141732062876,2066.1034442243517
23.761402525112445,1049.7170229276958,1.1354141140664304,7.842273445948525,16.258870151670973,1397.5399303596118
13.016658519793825,1008.0996927379248,0.0,4.377430106945929,79.96889654421365,1068.8924198769841
9.280463579313373,1020.7231589208513,0.0,4.5747777177103215,208.30999815803114,336.9355788833108
3.40094305191372,1032.5930679847193,0.0,4.353170462792066,386.1434137005802,32.76820953656746
4.260063567267917,1044.1529783114427,0.0,4.6725688451635765,528.8575024485012,11.0169617076842
2.57598017143259,1046.7188847664313,0.0,4.386045444586896,670.7388172661158,2.233346945046527
1.191805504328884,1052.787295736263,0.0,4.698539334019855,817.0757830055526,2.2410756050148084
2.720801919292487,1053.365822152626,0.0,4.400762079949035,887.9322352638738,11.11049736121887
3636.7103895161663,1091.9603656326515,0.0,8.113164736308587,874.5333763523371,307.1612309669443
826.506711354425,1066.0265081668247,993.2777763362423,6.5306774716591836,742.3306861937036,3414.283077328211
2982.7530757444697,2783.5661374134447,304.58105215328413,25.416621312036046,631.0372660188156,3731.05059744101
3892.4430870759243,4019.0556619607783,20.764913205708424,69.71541903792556,528.4603832944919,3318.412169429917
4781.984283221234,5119.92128854622,36.87446772746793,80.25866880975772,347.6125217373508,2496.9792515840063
5712.304872449578,7097.034175575408,80.5698058419227,83.51963576959993,184.51964721674463,2035.257460334869
6739.209421182392,7815.704889539517,318.6233003813745,115.74877277801414,68.14135487771284,1311.3298043390687
7800.516826739263,5843.598918994517,502.1759020963617,163.79540116518794,12.489158213846917,986.1484456941812
8720.49065734742,7737.211527654404,678.3204976148828,148.24675342372967,0.7338415291769261,774.3356242012901
9796.574795459506,6972.0765538927035,658.1268373035714,64.81347356994486,0.5257317281351881,591.0202376120658
10899.124685515744,6237.915323579385,723.658268402932,60.34035810983266,3.441791725769647,765.7271001086756
11311.560317809199,4508.741998276669,606.7018802566988,99.54106864356876,3.63253218190642,1035.3407391796193
9521.05521284774,1907.2698821943038,207.21330226009587,39.947368924511956,0.7083705312626851,1796.83545613505
28.800366940558852,1357.218665791653,0.4550507672101092,29.737749700624363,0.012206931761617551,2573.504810217481
71.11201099168483,1441.1335790567737,0.0,18.14804109464106,3.027787062354873,2459.73556625284
22.919724276349744,1448.5656617358463,0.3569816636379235,22.278559092229422,15.801750496236407,2083.978158852464
22.040264073413375,1059.4781660291737,2.172308285825881,7.653387391584455,49.187529093461585,1409.8458873428203
12.523396823901283,1015.4094799310013,0.0,4.594611050439288,111.3320971019176,1076.1848751094612
9.429079848000546,1024.1472369253217,0.0,4.372910895737042,191.11333902436255,338.3600645660116
3.8792923130001244,1033.433437684383,0.0,4.624401881956724,280.1039152375641,32.839677749201506
5.3522864436803115,1041.6389361247188,0.0,4.435058956151938,337.92930232334453,11.020723989656954
3.9621580903473306,1042.3726871060871,0.0,4.6072159576225244,382.10034344317637,2.2295327251406345
2.75721850907023,1047.532617989009,0.0,4.468701146354116,416.85486128955114,2.2361774589656362
5.298553894397319,1047.3952191522437,0.0,4.616977826425342,418.5869411828334,11.088843547658744
1174.6509914111728,1080.3015365868469,0.0,7.782723122558663,383.64905865781355,305.39057131834807
1622.7081306145408,1038.6135939731366,268.19598104044616,6.441773279952112,288.8120478273607,3357.6269805309894
3740.1084151906102,2708.3645245017224,88.48484699580365,24.75217851735521,250.81055099915156,3633.5327134479835
4502.022125486595,3969.737403570649,34.18720282496519,69.06852603852975,288.84050859233315,3274.644294209105
5139.9160505686805,5101.414141879724,37.07652469799299,79.74881228456799,273.628208831465,2487.2419077115687
5888.7410438402985,7083.106351354554,32.43952924716047,83.34528758116599,194.7420340689166,2035.4591595256027
6516.877369346566,7791.5066274615265,53.378178448412456,116.29364914321438,142.59457992353228,1317.0781334755347
7241.136355464111,5817.708086611135,64.87268398906926,163.9767237711864,90.53439599011733,994.7459073927249
8069.6334193870325,7706.479714050177,105.29267538102911,148.8413712680127,55.429145701441556,782.9240023182225
8593.784285741636,6951.752078556321,83.1350853534109,65.35910169576408,51.545727177975344,598.3755167067852
9115.263832064515,6229.145084969905,82.74237367299123,60.44970543408916,42.17324191317936,776.2577912040006
9315.979142190132,4508.628230124638,107.6269868172716,100.13346962215937,35.43039223894857,1050.1601302383845
8238.468538733372,1917.4459335562024,99.33242755146145,40.45190765199045,21.15865246060981,1821.0406993725921
25.407712836680204,1367.1279266630643,0.015010019521472314,30.096350699318325,14.795835715698491,2605.613408960527
57.968142105721384,1459.6036491132302,0.0,18.357531338573427,20.926902525820974,2497.088357219291
18.175015877600543,1468.455590618906,0.0003983149421014592,22.320078167522706,27.744290044743327,2105.409054963433
18.67815110961296,1067.6736557784259,0.11972317978589467,7.879825584440716,39.604798627907236,1417.6945987162744
10.98677238594838,1020.7823134456941,0.0,4.463388399302913,70.15885524945647,1080.4130103797693
8.504033301995273,1028.1866791269886,0.0,4.536365666365654,112.38377163797146,339.79204966643243
3.9125810043876603,1035.7826167098724,0.0,4.494757722393135,164.0926746121333,32.94658409119012
5.372463940924988,1044.420238766038,0.0,4.456248261354467,188.693506929834,11.048179945353608
4.167104860793231,1044.541099185989,0.0,4.637553554106596,203.44179584957016,2.2309887333784877
3.1547432404615754,1049.1951003605827,0.0,4.40981002478149,213.17797588399964,2.23723699032676
5.094318069105355,1049.8310503171756,0.0,4.721551423592336,212.06367355599969,11.105332736146009
4.757738869360262,1047.9530018856667,0.0,7.8306239393040835,186.09701922990675,302.54187479973564
107.61424212466666,1033.979497493178,162.39698131857133,6.409024592699895,154.96672462277772,3411.44654995014
873.551799523208,1056.655166592094,71.77351369972656,12.227178585341356,143.58073952194127,3860.707936975931
436.29107052011045,1970.6570264406823,2.27187836598414,18.179000386627767,154.0704563293443,3495.041242289571
900.8705627584873,2856.268593004899,2.0369128447207205,29.76998132014303,181.6066309761337,2597.3832209573334
1695.7007302070203,4007.3414637584638,0.09812492892322812,25.255453142569472,146.58288168123335,2109.205856717715
2010.8912303531479,3960.883911536767,0.0,34.3743875325218,97.90097941882202,1355.3715659948496
2243.9008184716986,3868.873269397001,0.0,27.004198628259598,73.69957474728885,1022.985124050549
2404.577332628832,3849.8344913408496,0.0,24.66227489309379,66.93719763912551,806.1686792590909
2529.306114285502,3826.5627762447884,0.0,17.106415079689118,65.27643154285977,616.9195373491776
132.24215896725894,3963.708678234599,0.8409541717029745,14.455348912056285,92.02470160113918,822.9523303132207
299.3243783097548,4115.447017947613,1.7722118965069078,16.349314357714544,81.42564559561542,1151.9615066228841
108.43847368985934,2787.699520384988,7.101040085075486,6.484601590540888,54.27975520813762,2005.0354445568091
54.25868811647893,1003.8097558751414,0.0,6.426822775661539,60.90280526384041,2785.4327294884324
47.3064474403735,1005.9886750266792,0.0,6.513135726461511,88.99392676811841,2536.8782723088593
13.55985802756531,1020.8617317408207,0.0,6.40257182287834,119.87248750889944,2143.8876473241435
10.046347554059825,1038.1662320988103,0.0,9.129721131758789,200.8314772437163,1442.817204581546
3.5850268280390862,1047.9911844891697,0.0,4.451964339550894,308.7275247475577,1102.6194550709145
2.3769609794837296,1058.214243364464,0.0,4.713898644181519,403.64628205808,346.72713558648326
0.0018634896170689403,1068.6711907893794,0.0,3.5966660609320718,613.2939722960768,33.54198753701707
0.014348096241328562,1081.6761302503692,0.0,3.8249503864330054,720.2457894720673,11.252629004745609
0.004320283478942185,1082.3294182835486,0.0,3.6274124864016213,738.2767647354592,2.269305993252172
3.7670746532377013,1088.5018968895604,0.0,3.7923860324094965,901.8832386557524,2.27362553581178
3.1201259509503525,1092.6387280435201,0.0,3.6680526790841497,954.777795268957,11.287340637062105
3.8166444739544847,1091.5109671473372,0.0,6.784960811779156,862.7628481058246,308.27593856224775
37.701572109848854,1063.3463179538483,0.0003667995408433827,3.596246818775737,765.5057108999351,3443.6176627234445
83.60220752034192,1023.6519967191186,0.04466368774399187,3.5022296034878813,744.4544321706844,3828.7988861474264
113.18448450949487,1792.5041498131623,0.008950747514274094,3.6148623432190523,840.4334403585109,3518.5866297018824
131.7979861991195,2780.8246249293934,4.3240356823590734e-06,3.4441684772521395,834.8875549745055,2703.612241035324
150.9123304279068,3988.906108386808,0.0,3.6812448264065747,756.647847345845,2219.834905026371
168.34100512450576,3981.1346185804173,0.0,5.243354017854474,695.8667243998281,1440.6141849145242
184.54781952990032,3964.53749360043,0.0,5.514398022553523,633.9738015873928,1092.7785020554495
196.92337275774642,3949.872000879199,0.0,8.73478944220386,608.3396483783318,863.5130042149948
206.6592269439278,3940.3569294502363,0.0,5.443358323309329,598.2054917480895,661.9788593334187
212.2623299088171,3935.1660513962966,0.0,3.486544465818879,575.7657923006271,861.6514400931685
209.7521170936232,3934.7608044580693,0.0,3.6100083835327013,516.2470018595988,1169.267794665306
46.79010903760595,2779.3932717790312,0.044536391890475584,3.4705927921711472,418.8043115054706,2044.912280817047
14.850439086962364,1036.285012604096,1.9441777704370597,3.7276957496499827,359.57546602752626,2852.7023061835293
9.134594201603147,1046.833200065311,8.103078383653138,3.5456784407423436,395.7718538793041,2614.4675190438643
1.7465794741005363,1066.3780015997272,11.628092543645087,3.793692472421768,462.6657452311099,2208.4926636934665
4.598640258657278,1087.1644911623284,23.88739917928346,6.584923445007335,555.9175761515155,1484.4835964492988
21.509613686054387,1093.253858831627,22.91416778560424,3.876838892800113,728.7523230497395,1131.2950497508157
35.60913899893187,1102.0704545838978,37.68856191416772,3.6841782326106607,938.9486974480204,354.4568264616911
42.68007561298169,1106.1669963420202,27.057061080482317,4.7218081315472915,1149.7559281130252,34.17132336270413
55.75005983696959,1112.5782915106413,43.160599345263634,4.640211516821644,1288.2341814911779,11.402884360298197
70.34900973479226,1115.6718219893398,38.67118811352301,4.721664848941991,1413.842167813531,2.295357857859146
85.97882510233242,1118.609581884055,68.18913957221423,4.686540305635336,1521.5558330978513,2.2994441388531626
33.76836071424104,1115.2917642121936,59.56666136127145,4.601104557369597,1598.4418436819374,11.429035854906513
39657.69069433585,1153.4140412220124,98.66703204498518,8.344428406355657,1618.5447793984433,318.7710954021878
2076.150421049243,1177.4684949554216,10505.914231076784,7.149407059187234,1503.5467372942228,3615.304325261935
8.836313841911984,3189.603029071646,3677.746416018028,28.11401140663686,1436.0014522567833,4074.7456680552177
165.65153862649495,4545.107633198069,751.4032624362363,78.41208721048302,1609.2499053321826,3709.71622364318
400.49320262663593,5717.7474858506575,311.1895184160097,89.37166820938045,1453.413294296018,2790.545121641494
691.8267208801278,7823.533388222106,113.18002673531153,92.32616396439556,1302.7273894640805,2256.04681179925
1071.445041369445,8493.718636416366,14.475369630341076,127.01524851340264,1168.229667767936,1442.1641346971212
1522.2837359026823,6263.596113164813,1.69596828574141,177.30980748761596,1056.5670610041625,1077.8923067564886
2012.1287600084395,8246.81754076509,9.298420487634717,160.05554604438865,934.8649973318009,843.0227553901938
2551.4387011336244,7413.67052890838,9.089358287424998,69.85941019398697,800.3413282333106,641.1752570405365
3019.1736647311795,6619.733986617076,11.066735263770132,64.43721078521558,732.7967171821296,829.0635049556435
3477.6276868558025,4777.34404862559,24.474844299760505,106.4288576699859,630.1458388554673,1118.3233795337485
3106.461531658998,2027.3046073868734,26.020211597842213,42.84034692614828,504.46118660812095,1933.2140450556285
10.61957635762749,1446.0012652845019,86.92301135468784,31.599613240576247,467.2806732313541,2760.139045999371
29.053076966273697,1551.31693557231,129.5447320404914,19.308049523760808,525.2211205388226,2656.4641621496244
3.971791745540931,1558.6171940188967,237.28440606609107,23.363781960651895,577.9154846542826,2238.2523991299245
3.4856093602185294,1130.5846577407192,268.6332941420096,8.232747691428482,664.2100540114466,1505.2730790477804
0.15055848542057815,1081.0400370603438,0.0,4.668033682730647,913.8409807939115,1133.4205162308556
0.35464328536645173,1088.4695772211116,0.0,4.680475532141538,1234.820287795974,353.2881140136699
5.245226264702933,1095.2961261015935,0.0,4.594933416894262,1596.7646085158283,34.12965187284084
6.651575809422746,1104.4607575570994,0.0,4.659266504894536,1804.9409626942952,11.376452282067046
12.901251920225006,1107.0453940085376,0.011959525959494146,4.664614668877574,1945.2188506237758,2.288978828899164
24.65261417014328,1111.2641454268148,1.7613227876689683,4.566388335597066,2070.9324974717742,2.2926758511456544
11.353415443993594,1110.4112753019415,12.30231509685012,4.759330694386039,2208.9063489618698,11.42856307757862
14319.584707467757,1144.918148492424,21.024413483875968,8.268520517320958,2336.0251571427443,318.2964060552595
4.267720222006383,1142.7227194785073,5877.808431901064,6.757742615346182,2248.1579933023854,3603.602816381718
1058.2631746905804,3037.9591780131927,1920.1442346217464,27.350479883414025,1978.9883544992274,4033.8283346559847
2060.393412258429,4292.836960048095,31.50523198013409,74.53308274323103,1442.3192490178776,3555.7617699677585
2946.4706811953115,5355.658797833754,0.5607626147578988,84.00839040930842,894.1207904478433,2635.715012421927
3876.4121951407374,7372.20401990663,36.69807784965208,87.4878210618265,559.9622011318548,2128.622076441764
4746.63213392638,8117.224865749541,224.1628856688117,120.71268532658813,355.31452785219574,1367.219213869563
5607.677729580111,6068.590578050295,411.76077303385944,170.23842191346262,210.21956689296945,1026.8212320894074
6426.956048557145,8028.224975039521,491.6963626247787,154.13561126625873,121.45541847602303,805.7641759223341
6891.338240655892,7213.822621591997,244.7758703573427,67.24941265528338,91.06240930841697,615.2476898786468
7327.73829863187,6429.860655974787,136.8983438949061,62.471767462040596,65.35623452450189,798.3476564365121
7458.814024395437,4636.212387909279,74.28424044631849,102.7020741857244,64.13288580090313,1080.4165953391573
6516.360777777534,1967.0861135281561,79.19191383636579,41.72129633959053,53.821457250577545,1874.7480344089588
16.532928793844498,1410.1949544935633,0.041144997273744016,30.64853093477701,60.993160628082556,2682.2332924548928
40.38763041398394,1508.3921073050979,0.9197012407278029,18.89015494875812,89.33320497233404,2580.2453832233873
10.004789618867248,1520.4099313383235,12.586523023161737,23.029272479385675,117.42129880263181,2181.340661225339
10.641413720888275,1108.6685365341357,20.72021337747444,8.14807660145893,157.69535961085992,1473.0520200282697
4.795342667349019,1059.2324395881983,0.0,4.716455677517097,220.05923020041848,1117.9618260536688
3.31467183289248,1065.1220039632562,0.0,4.521066099801214,273.046031198049,349.7096251540152
0.34252415783809537,1074.7644464794619,0.0,4.67961155236424,397.29228484042534,33.80499805573987
0.6652848535644242,1086.2050640807304,0.0,4.590607867694539,445.35787608609286,11.324456347012443
0.7551964344907229,1085.0190703027477,0.0,4.707438957557809,438.63726848359045,2.273529070100227
0.3327107427642152,1087.0930013298769,0.0,4.612747843973762,485.3918118933701,2.2756233819081992
1.420726389017826,1085.0819441176707,0.0,4.577340722963866,497.28040493671944,11.360413513585133
3610.3970453873617,1122.4494220120876,0.0,8.1567190377079,461.2837733165514,315.4255686881859
887.6505709419697,1086.4433594002855,617.9470967797346,6.6434433892519635,357.6140545486187,3492.284013997585
2992.075779557445,2819.9503482372984,182.0739885181455,25.73845879936403,313.3050917304034,3793.5564752835394
3852.9375911522025,4088.304869159928,19.858154498498617,71.20733919108164,318.706700165819,3385.6931658367653
4685.109947344691,5224.509336698858,26.279813255791687,81.74861586202026,250.38039934399512,2557.3694465171275
5366.240910130499,7247.799844683781,44.26956814150676,85.49490525045327,138.4311778854553,2088.35696334146
6820.991073222224,7990.9026073665655,313.7512889669617,119.1925053644074,52.73022659686262,1346.0942719482791
7789.881460434076,5973.608186552921,495.87297858727914,167.79121121485605,17.13520369079864,1011.9001446320951
8620.997758024867,7915.621974515862,544.2730525398454,151.97600728639614,5.080923221341811,795.3257230484106
9475.223234755811,7122.626932109297,472.87101867803784,66.56809171973329,0.9851472126583262,607.4158664091048
9873.375993878957,6367.2111041348335,321.58745370600184,61.599987559303734,0.3246888839537457,787.6726459344097
10434.251370504666,4596.75307210871,324.1297817641703,101.59180994920256,0.0032405972673571837,1065.7810795114544
9045.570917794708,1950.390732723992,137.67929398888552,41.270341422555795,0.10455087081095066,1848.8161507183777
31.312885443938914,1384.6877880681202,0.055391434127405575,30.226546463395618,0.42743202683147175,2648.361593889045
64.18657300208771,1474.4805548689044,0.0,18.58431090492597,2.953398913751271,2535.108535238412
18.827358547823174,1490.8690139294183,0.12900595376742238,22.655016482776254,10.503596966268995,2143.932567181261
18.523643503982026,1087.429538142691,1.6389721792098717,8.019412663894158,31.996258847476177,1448.584697064519
9.863942164371228,1040.7238401565003,0.0,4.484587976672579,94.45997158688526,1105.169416269795
6.7578685077981655,1051.2454968876575,0.0,4.645610017863267,204.0152955185903,347.5845555882382
2.314371880854648,1062.2259253028417,0.0,4.508705591920305,348.37867051196616,33.66968569073177
2.903206413998649,1073.7546393608486,0.0,4.683687937920425,473.6999985848298,11.27533550372188
1.5436213309937452,1076.4757398964923,0.0,4.539314864681735,609.2918025511035,2.264369812479707
0.5952242404987806,1083.7133627112232,0.0,4.712250073209666,748.6433531447306,2.2719775616330913
1.6188088869662658,1085.5787717720928,0.0,4.551299057938624,860.8175650178306,11.365651146545899
1646.3622305226895,1115.7313276178309,0.0,8.162716174396882,919.8106660344533,314.90245590409387
1423.937529578865,1080.2526053186898,1100.8461784804174,6.380402906980992,858.0689175973238,3494.6733632623186
3442.5316596842204,2839.6803033724377,383.301873583349,25.960142244588777,775.066916427217,3825.9009856485764
4339.623117994088,4115.220760871053,14.202576454875032,71.61016270647373,653.2166718542235,3415.427702862463
5275.243129783098,5239.226433779118,33.851983843867245,82.34789826811891,431.8827851505339,2568.7607173761116
6180.117953717022,7268.798292924137,85.82230462901987,86.03048286468123,259.4634113218394,2093.7437447604484
7164.342442061955,8005.130046157823,268.0777809776044,118.5713077497615,123.21866468889631,1349.8074246189387
8166.950526788423,5983.89789353179,446.3526113613722,168.30472351077802,43.16532773322091,1015.7554859732671
9099.606275245607,7924.72582196372,593.936302952206,152.34950503690473,13.005799273026764,797.7139122797291
10070.718450934739,7141.028983473771,566.959940683709,66.52837057466618,4.200813259693017,608.716208753586
10966.19289730885,6384.831974713247,546.6222336334304,61.869035999110515,1.078201955206149,788.5923558605255
11379.9171727095,4611.342239834517,473.4484127507498,102.21188165804716,0.42761536570418107,1066.250502544623
9653.162311683207,1952.899783597155,164.76010970903008,40.86619783771833,1.732714738072159,1850.7844938533146
37.50571272572319,1389.4211502946193,0.09126993699856012,30.606439704956088,4.165099047900956,2652.106485611082
67.96956235900117,1476.076167966631,0.0,18.63875787339234,15.95071387462658,2542.0885423317013
20.315904521428646,1493.6851738298487,0.7833881199927152,22.707609487585724,44.74595835778723,2153.9335465716213
19.43176997023699,1092.4785868987271,3.989166588151962,7.7755000687446865,103.34500512030031,1457.94115981361
10.601284440629476,1046.655770673166,0.0,4.726880018631224,203.18396628456034,1112.336654398395
7.45745982339847,1056.2157429826061,0.0,4.422422443439064,326.1238476361495,349.33153594075264
2.789651998163284,1065.779913371856,0.0,4.709288386939688,451.85914090179375,33.79182120038609
3.8688450644839576,1075.6846132098597,0.0,4.480604187450435,537.9915658505454,11.299544735536006
2.472712239596868,1077.0859758901304,0.0,4.757571792003568,614.1345616938582,2.264069848822309
1.461802401622594,1082.580598625509,0.0,4.512652998740905,674.0286099051492,2.2706939651914935
3.2234420788164195,1082.9037690922314,0.0,4.719152530358054,706.8775515284228,11.371667654428636
1088.6212849600845,1109.8708775904577,0.0,7.869104399780709,696.57736344227,314.7685344738253
1744.2685835582151,1068.9408908785538,674.0562722466353,6.626212528645038,590.5056156892235,3480.0458720290553
3776.6954147414244,2811.0778227824776,210.76811224185863,25.63470860927284,508.2703308187413,3791.201768577289
4767.285084004495,4093.011762583894,26.662901447133812,71.31851079155823,419.6031528181521,3396.6533959076946
5690.447149997099,5231.775707898726,55.697989911400384,81.89425996628661,291.27098608150817,2562.8621352948658
6688.352320833767,7264.530157479094,128.69060792818436,85.59960083168333,138.76459349975386,2089.8961737674467
7768.128829351719,8006.648910461022,416.85072162450086,119.29308015128679,34.09538358819004,1346.4792682756747
8883.3537823207,5981.9634687171565,609.1452361410719,167.8575121541312,2.2723073683179758,1012.8239063233227
9874.362254636751,7925.281643263876,798.3059501024701,152.24961568869963,1.408370827674525,795.7803183204576
11435.00090400811,7147.657492605498,930.202441912978,66.59001227870364,13.228946974307057,607.5437977971907
12908.400743725964,6403.985345871699,1143.2673812633875,61.88025279805539,27.064861611756566,786.7677773315579
13012.896219815775,4630.926618431188,1054.6412776774955,101.64509627791446,28.079527358691333,1063.5215587794098
11222.656175903094,1959.7222308526789,318.29439173800773,41.28844501430672,13.923508451563931,1846.6961324381798
47.27411365775681,1387.2821604863977,1.0474674103149657,30.03054640315765,10.485868949638254,2641.988206241291
94.34683975732794,1469.511704074143,0.0,18.428310458801896,7.388906005793647,2515.7840868131016
33.17016842011815,1475.1864260613227,0.0,22.4644497255364,5.0841067549391035,2130.3767230039416
32.96386685890331,1071.4064446123914,0.0,7.998948165860674,2.328394753621503,1432.518633663837
19.924319135760076,1021.6361023219193,0.0,4.560056801524519,0.11623503315589627,1091.0680837128725
15.745337554276668,1027.638828179863,0.0,4.452186379606988,1.0991628757036624,343.19346312513727
8.242904884554793,1034.6152185549051,0.0,4.591430051174086,5.292152634438591,33.223521637007245
10.799612467778902,1043.2326011711687,0.0,4.541625943632945,10.294427462467647,11.108690247138702
9.12923670711617,1042.316661425091,0.0,4.506125415368023,17.390020306931376,2.222678899255864
7.782949323062075,1048.2098138449376,0.0,4.667226437914115,25.463534402459587,2.232332660807916
10.804941835872931,1049.2064395036411,0.0,4.467058372779382,33.896699159067445,11.18962860970567
10.312970918869851,1049.5866306384544,0.0,7.980577815011816,32.19160686365131,307.0108061006517
147.28752128722329,1032.9999821024771,13.270708632469052,6.594872580178852,22.72980570644173,3437.2613764614257
150.19092991725788,1044.6987056377284,5.939543461660882,11.812962360635005,24.61267097604296,3877.2083630123752
792.8332671185632,1959.823856478466,0.0003126077504283629,18.19130131904806,42.43159194046052,3531.8535945801414
1351.870980132975,2868.869722181197,0.0,30.423902853308846,50.15887009933275,2622.65303027029
2180.6251903977522,4046.072669786835,0.0,25.527341050741526,34.888961455188664,2137.483931003872
2514.2927276187456,4011.9266114952607,0.0,34.26577595143406,14.1712788621325,1378.2238881437793
2771.5841494452675,3920.653334261078,0.0026142910380065254,27.590495534262303,3.148621081060911,1040.4730825414986
3006.470785279967,3900.8376690183454,0.17614488169171647,25.14501169772459,0.39648016824398946,819.1838236554019
3305.792294233645,3875.6581511419445,0.3274165625847601,17.272448735540127,0.1716218590419401,626.074561909473
247.63132398085068,3982.6920165409915,0.0044296104046611245,14.438135581703856,0.4918429422781684,831.850257754597
423.68203961901037,4107.7021189974475,0.0,16.346085712404207,0.7764075647356771,1156.6538227186077
159.3122346309729,2792.125311493815,0.0025140369875058075,6.4034349721560275,2.0171539704852384,2019.028344711346
86.99092280105556,1005.3108182135592,0.0,6.521623299201542,3.0944337719102353,2810.3251885348604
78.50674330648475,1008.0815052273591,0.0,6.279221531498362,2.4459661487005797,2561.493926928169
27.26941199129174,1021.11932777437,0.0,6.696569566368178,1.7878744436618175,2164.222073425316
27.58400478050687,1034.3805073116923,0.0,9.08964642793345,0.7862826609464224,1453.641562619225
16.685230755127,1037.5114688424526,0.0,4.518530067369076,0.10612786254140769,1108.1039015296126
13.49684197126196,1043.8580584528959,0.0,4.642301417008018,3.9984811336609596,348.2679270061392
7.244867148887837,1050.651148876632,0.0,3.6546748603499584,14.529870996254823,33.661028410364224
9.393350017441271,1059.2887483234113,0.0,3.6110114407393556,29.74006319817217,11.243967343441334
7.410112557871368,1060.7149432863705,0.0,3.8066083597888136,58.0429071677507,2.2464157873774915
5.657497982248561,1068.6966146703408,0.0,3.6010941001740164,97.35218642709516,2.2573046231252962
7.42465921278232,1071.4365376242467,0.0,3.824742319790174,140.4016989637205,11.347161306157034
6.330586569132985,1072.1856352640573,0.0,6.553871662353189,171.40990046230365,311.9354064174966
111.46515041222725,1052.3375051708942,0.0,3.7612003140034957,213.97656529463725,3485.3214082831473
163.45878995020465,1021.6871200284609,0.0,3.4555882193744063,248.26913823715878,3868.780224129263
189.5622333540105,1796.0483682073248,0.0,3.639023107605136,312.72937142556896,3565.042771533844
190.52748050090977,2803.1228651015304,0.0,3.508256400529978,440.96965128514915,2747.325638935826
205.45516287180732,4040.3532946383557,0.0,3.649237003566601,444.5245359203608,2263.7232510865883
228.26717073423683,4034.2845804203216,0.0,5.362793578121858,392.1107493082393,1470.2403310134523
218.3399170969386,4025.5698763953105,0.0,5.507173928598993,487.8419589694742,1115.9988566762836
233.91393602914695,4024.3376185016705,0.0,8.766649990613177,474.28322012333695,884.1536041616157
247.42742088878944,4012.7365072490857,0.0,5.612085708630385,444.1646849561991,677.6195985559307
227.03478960073588,4013.440738855296,0.0,3.4991333906772115,538.657544158718,882.7336021158675
230.8084560279255,4022.0338926525524,0.0,3.664242437187242,467.6233591116725,1200.6771787153536
63.5700763358657,2834.630627940312,0.0,3.551875213413768,326.0861445269281,2098.1751103555052
24.21205312285258,1054.100415501748,0.0,3.6835479905266766,283.53011097944307,2918.5719134192586
17.951137472986513,1059.6910690461793,0.0,3.621766574853179,287.2895397486522,2666.762243803198
0.6076663569731571,1076.712042146987,0.0,3.5808270616824434,306.53315287873704,2248.492137508145
0.16687404383142423,1096.5490391506314,0.0,6.9372140146821435,340.11538119805033,1511.2450489588282
3.2501374032459487,1106.4786143856243,0.00704210416489451,3.660915325433243,456.6005528457098,1152.9184920889022
10.708184317933304,1120.8153814754999,0.8831904087634307,3.9405677430747206,632.3091231557808,361.7958431814595
16.364262050839177,1128.190277410652,3.308911554994396,4.577527658147732,839.370922950487,34.85530412919647
26.84917678857867,1136.136185448363,8.366188545130486,4.8935283322295104,985.796683662524,11.611323197605694
40.29011609284947,1140.2411276440969,14.340711878834346,4.62377087342937,1117.6727854889775,2.317492207059154
55.86375755446918,1143.6855672196325,18.661601332026475,4.896597674070465,1245.344924611749,2.3197584055444747
21.874143481899317,1141.0689435778747,28.887437010292206,4.6248676539359455,1332.389716111901,11.650986635013679
34653.59997706959,1180.1881530218698,35.02582032599355,8.55557544706839,1339.7304877395306,327.29197756761783
1552.181066297976,1203.4411182050844,7004.623890333822,7.122807608639409,1221.8139292913258,3709.141302249286
45.42505877791407,3241.4256799712366,2554.0372784055075,28.707156880483616,1136.61703485248,4167.784576570662
313.13173147739775,4573.108299610636,166.00877221923267,79.055410213873,1050.7597624363752,3761.132729838203
712.5029929464596,5693.711289001737,17.83578203037754,89.49837953767808,767.3863445949086,2798.025636862878
1232.3690134325564,7754.088747258916,0.20987036002346837,91.79901285628951,543.5680790776473,2249.140252126371
1887.826245249783,8454.439565111747,27.90671559806835,126.63647132875813,383.97946840805,1437.3901303749199
2584.3528912665347,6297.046676746084,111.72227003027817,178.04590089690632,257.3022182129886,1075.5675826542608
3201.711440726571,8328.810226463493,161.43730333224624,160.85801590714385,204.57976428777667,842.5490573897008
3733.3888333218642,7489.382331317843,70.5339393382381,70.26683014244804,185.47668885599154,643.3643640490914
4432.892435083218,6674.891146042281,57.943152001532326,64.94515479367526,140.69778063525948,834.0292128554115
5017.198157776917,4812.024433992385,68.48556997728727,106.88572194910692,108.38550675898969,1125.7526210444964
4228.868756283529,2043.4286305142507,70.41053915256134,43.42518125745759,101.42124390397186,1950.1534422139994
17.81262299000072,1459.142276681417,3.2069937636942805,31.664588206849068,110.6162170229338,2785.1165995860565
41.760334438537186,1552.0731058483248,10.618083754930508,19.40253236214354,150.49535261632894,2673.3913284874234
10.442957971672971,1569.5659827657164,49.99186810557889,23.559098429060835,202.0417709323703,2259.7181901990853
10.247210523391066,1141.36958167133,79.4415812849414,8.337929640483527,278.2591738372347,1525.7354547883508
3.4907105540612213,1089.7294458467322,0.0,4.619544539367817,428.341171882711,1154.6004567161222
1.2769911515325412,1096.7827901496207,0.0,4.7849898597197775,630.2096063486202,360.2965517109154
0.0014137930672881898,1107.0593994374344,0.0,4.587524489550106,867.4071305435375,34.7498364805782
0.0005323198541925234,1118.5603715189472,0.0,4.811567486945538,1025.8130986356712,11.590862636645056
0.515652270239924,1121.5719447330773,0.0,4.6149184985261975,1142.1907519785418,2.3093326615229666
1.9753343996795567,1126.5105364821927,0.0,4.841805215867196,1260.495856644295,2.3111270877469607
0.2745172375291204,1126.3542169666634,0.0,4.620477943908756,1349.2577922459611,11.621931351628783
10776.512509735801,1165.9686203713572,1.496329214117292e-06,8.424501187963001,1370.0659183435093,326.50626682712704
102.53793038666518,1156.298109718116,3096.325440267294,6.708299810959807,1242.0308794288164,3677.913453843664
1524.7452627260461,3043.784017229374,1126.511972248573,27.912087078090003,1160.9707571874403,4083.0593935232914
2453.7526075928,4325.513312490275,3.8232334254441263,75.1215412862959,1042.9075372941174,3601.361955218806
3219.9068238458913,5446.812771336539,4.512807948652198,85.86972213514137,848.5354463004037,2686.2618872051607
4060.6560223133806,7534.4598073146835,9.787545664821119,89.04625818020891,601.4259632969842,2185.12327454337
4715.037249831671,8283.244017691488,65.40391191880005,123.60647118187319,436.6927763110164,1408.7496705098804
5437.995804264182,6191.428264169286,161.18959514700447,175.0525467192432,273.9706099669755,1060.2968958963124
6006.418359681227,8205.234820253238,203.75748454161828,158.49776306041343,208.64938577602564,832.8039648594848
6329.317499908263,7384.507188424685,77.67937025041343,69.35001672725637,212.62300198988336,636.745887646467
6807.085347862351,6598.3029020821095,54.8190320464093,64.17960073637977,174.07063794743806,826.9149180409819
7243.140792204695,4765.2014601519695,66.138680063768,106.10316797744527,143.113281338447,1118.0666053570078
6245.39323767317,2026.860676146231,81.33230548645282,43.016645256891664,129.20554162244,1938.3867952375922
16.682034579603695,1449.2701536028528,0.7609406625493869,31.594426771490916,149.8795277405283,2772.7266242251562
40.21647705331883,1556.6868317495314,5.473658910705582,19.37540934654849,214.11490837103193,2672.7407588534807
9.406241350078101,1572.2353829840122,41.86246746551662,23.552470709558833,296.97149863336944,2261.7529306657902
8.79094031497719,1144.2917861777876,75.73443769249803,8.318967907618477,414.7608144618458,1528.7726767370389
2.614021816996098,1094.9137907213053,0.0,4.6329579852630784,603.1301301541234,1158.2530425524803
0.9532460027794095,1101.7438249165662,0.0,4.772765932554129,811.3287854181297,361.7317221521359
0.0001658317460307393,1110.4141943911754,0.0,4.599583907918365,1038.9854196086799,34.85469875628151
9.3144219894763e-06,1121.0094482765521,0.0,4.808030621692613,1182.2123289618546,11.616240359496118
0.5107429671184766,1123.4524124975364,0.0,4.628470520461181,1305.045924008884,2.311296090095622
2.10799573791035,1128.3705240059617,0.0,4.804962905969219,1402.088799043226,2.3135058504989447
0.2922170984039481,1128.5046178167336,0.0,4.637416430865672,1454.658217072688,11.651327548944728
5765.796420692388,1162.6186904453261,0.0,8.412350151742462,1439.867206417522,326.5585113424354
673.9214946183112,1135.7250209862912,2517.2161260428084,6.614783998993152,1254.183804346329,3651.3567189284586
2724.726450864247,2987.1007687231718,899.4673609651118,27.360802914629417,1127.6552294626165,4027.5382233337155
3545.929350427963,4275.281344958608,0.07613475608298975,74.3732284947028,1002.1206479651415,3566.165511121261
4303.474942472856,5406.823639561314,12.277480874196804,85.27028624556222,713.7634373436741,2668.826343279201
5135.396993523869,7495.700733559279,21.16258832897332,88.65621265182074,453.75387276424703,2174.2325390116976
6053.861905702097,8249.018732163695,149.63562850060586,122.91903381291944,230.48132568036186,1400.6579525486334
6994.597182748924,6164.933855613394,388.0583085677771,174.10495078042038,82.63863449429485,1052.1268266869135
8004.227888178882,8169.341576799949,576.3445576156613,157.40898494406184,22.518679273505395,824.6535893906902
9019.872888750608,7353.681842727491,573.7190540362359,68.7761906198173,5.277040859131518,628.3278419949996
10042.937593620387,6573.356337009295,612.5330172430897,63.51239013707357,0.0009729193791863906,813.1541974842467
10576.630687532728,4745.921229134402,541.258054822862,104.87557509238607,0.7023209013108749,1098.6015578286754
8851.209664814807,2007.009181174,167.475696902906,42.388182497609144,0.18544665919489092,1906.7271011504026
31.77417001573564,1426.1454610354776,0.04453601460120514,31.04497628144018,0.030629673212334375,2731.802614655475
65.89960505888064,1512.7542867680372,0.0,19.02718750187321,0.4468104111092117,2611.37786943382
19.135263709110223,1524.9296426307333,0.04642280160682376,23.206322969471334,3.8356352939386027,2207.532044612115
18.658713032004783,1114.2624533071978,0.8817433249649707,8.189250181424864,17.95164078418084,1490.4481512211812
9.81566410431826,1067.7315779138532,0.0,4.5465065019320985,70.5479170905396,1137.155242410235
6.598654918522872,1079.8025494906235,0.0,4.728358678319669,180.81822755807704,357.703227969425
2.0598600447671114,1091.9255829188253,0.0,4.5743912372205076,339.12483341801715,34.55873668649758
2.6369227175245022,1104.4691463059914,0.0,4.810839090307944,470.37739306973145,11.541973844797418
1.4339373505251911,1106.9882517971125,0.0,4.6036039858351705,598.010636826335,2.2939812764329566
0.5407691042744307,1113.6019466800549,0.0,4.799981917311334,727.3206974816493,2.3012702606815116
1.6379278933115713,1114.6579375637575,0.0,4.609843549732488,812.9173671092593,11.630334307202373
1802.9364310792002,1145.9651311191874,0.0,8.349004833728477,834.2931398484616,324.4082563362465
1454.5306709381764,1107.945706537471,982.2803794545274,6.472933454374223,739.0716637857395,3599.2045968317593
3483.037459471654,2905.4375217625484,318.13016731920544,26.763731669942413,640.9205047832937,3932.686172789863
4477.449404884001,4212.376412758207,16.990596326348083,73.30237084591364,492.92793865776787,3511.1684643591266
5431.535818538986,5368.147794962545,41.37542117386122,84.54089289699725,308.2186667879278,2641.31715755129
6387.67088590752,7454.7425921618715,144.35348126636453,87.96665201300355,158.46195174996757,2151.952609825425
7367.028196865342,8215.78342946179,370.80197866568534,122.12307714481152,60.417269583291215,1386.5522978573042
8374.508054443088,6140.5095639737,545.4629173183382,172.90327137469154,16.008803668989803,1043.6525965899466
9335.083520300786,8133.527486113957,706.8417456025903,156.57858213384148,1.3201031221234725,819.8795677118896
10459.840301987735,7326.221059630383,689.971683564733,68.52214366770873,0.9367262357673183,625.6193931812777
11518.144323814096,6555.331420312564,706.9829036429768,63.34328432191067,5.6985052358126635,810.8136344257608
12187.83138377159,4737.264223981258,719.0844178339759,104.53888268807759,6.204826025961981,1096.420952159004
10206.841116544161,2008.1925318993306,268.33944638967466,42.34921727476767,0.3663445002624263,1902.7842642796666
32.893029611405325,1423.6674243169598,0.14472996142588482,30.972694213319066,1.8474699766444191,2728.48006620988
67.79512964202418,1516.7175914353718,0.0,19.028711515091764,10.617007827634305,2616.52996317112
20.537128870384468,1533.9419091899913,0.911026795832081,23.22021863763562,27.198626212610183,2217.5069108615994
19.8943623387069,1119.1203594022334,3.4174592242078763,8.208068267904043,66.56920938413289,1499.7653716191212
11.32533622593181,1071.7950563699037,0.0,4.526602658825152,133.37731651751307,1143.6109862228238
8.60618117278224,1079.9502289021586,0.0,4.740289449875505,205.6391568691929,358.82270181377584
3.6140967400368145,1088.03333035422,0.0,4.53914705527729,279.99006910776774,34.5901082090892
5.38967292248861,1097.3324472699946,0.0,4.814936674216085,298.09283376951277,11.530210839011882
4.4697288109259805,1096.4086960021198,0.0,4.565133508111233,290.38723286972396,2.2842421358679212
3.7917638842906416,1099.6036000627664,0.0,4.804405197335522,268.58713581096913,2.290249835000249
6.554494938289878,1097.9682248819727,0.0,4.569850158986342,267.4032313678051,11.568951924326967
608.0058916737123,1126.7156777410848,0.0,8.330430372462,267.4045784175357,321.8619806709267
1940.6267706530095,1079.1212429525542,191.9005469300666,6.38663632684607,219.85781414254959,3541.5372689521296
4023.470709302238,2833.86284021509,65.2282211046275,26.182266355707714,183.5699191474135,3830.3586833707686
4979.06968149242,4160.142905786058,38.88526860710977,72.31249325713085,161.94586269486874,3460.0649406167954
5950.9050112556015,5340.583774199465,43.471553667784626,83.91221543038382,89.01993618820046,2625.0521320919715
7039.69217552262,7409.454219463361,104.45046188344635,87.35097669367353,19.573111931645084,2141.4580436197043
8302.72376850157,8171.486427163833,396.48347645551837,121.8916648254009,0.6254788945448112,1380.3559711690361
9563.487466162269,6119.219861212171,639.5209074414403,172.35321095860124,13.913590612606939,1039.86892314203
10850.469733151358,8122.201376957018,874.6343268705846,156.38124901571592,32.764616711072954,818.119424757224
11890.09260487963,7321.432734943403,716.9562335830534,68.28109729583457,33.1373941332676,624.921159450688
12521.128492586951,6547.176788564213,615.5364087118453,63.40197074280765,28.140186185212805,810.7562362204084
11985.364112918165,4731.715389790175,461.41111593848314,104.35734596860293,22.15135099375048,1098.1927446647344
10934.555571418272,2006.8577704360334,246.52771401899273,42.46313166568059,14.220356461940385,1907.6855985477612
49.3762998020208,1425.2175069970576,0.587309462656798,30.849828600973776,13.556418873290774,2727.6844654459087
96.02154764522162,1504.8335229990778,0.0,18.8960961238436,9.538918355896739,2595.231292726052
30.846723125424816,1520.1811237084573,0.0,23.055237801772673,5.9059465259734365,2197.1538598828142
27.997595758750396,1104.1649595268866,0.0,8.165623963403233,2.337159276797927,1478.9011205077177
15.78545629144211,1053.8748371038653,0.0,4.49216316911912,0.25319294590660546,1127.785939249359
12.274247107913737,1062.5132836399027,0.0,4.733385757926534,8.266509253401335,355.21452406578305
5.886371646309517,1073.1963487867943,0.0,4.499442391463469,38.95117304526349,34.30093036274016
7.650104999549848,1086.1539787183306,0.0,4.833357041926269,89.58032746878872,11.456322634348613
5.7354510958076546,1089.318501538783,0.0,4.530024485158119,151.6785392358295,2.271727295587379
4.16588677074605,1097.4594707374695,0.0,4.841379107517608,219.49883656261412,2.2827802153773566
5.882302622012897,1100.41612443538,0.0,4.541975960398712,277.2598943367126,11.581024957502331
4.961514184606171,1101.2925087806675,0.0,8.225741198633555,299.94866537951265,320.20825172731713
113.24766447264838,1091.6681425736406,357.45176295035145,6.810965173300094,287.8358102717713,3637.6925776912212
431.66294222917395,1108.020175868994,177.29648457270977,12.360046527520838,311.4951908080891,4115.267507530121
568.632661189132,2067.749539614701,30.244587199498948,19.078719745407888,352.94992154960596,3730.234164570254
1049.4760245991154,3035.5057964676807,30.544313845450404,32.07636723583676,430.95010197968276,2787.353648154611
1756.1645461986875,4264.236961552889,13.00028588053345,26.849289836077435,413.0969810372127,2266.1333592225706
1995.1197596281463,4215.182800240876,0.999366887911323,35.95469740904861,366.1655256821436,1455.335822882526
2060.3009661275214,4129.820435969521,10.609993263264396,29.059754764026998,465.5120229102013,1101.4973215300495
2349.5827534053838,4118.424386665996,2.104903055284669,26.4299611179154,380.91583071935526,870.4579405751132
2600.0232536141198,4077.5817116151047,1.4563196309440467,18.111631295471106,291.96076420616987,663.1427488422069
157.40446041233784,4205.356874130233,2.827959383007321,15.179605171216982,261.27429023907445,880.4711377020637
337.3835649604308,4355.793702580793,6.893361802598441,17.139846977140888,223.76830913989747,1229.7896751149192
109.24964759003538,2959.715120763762,33.05080179556624,6.661361498941114,190.3028813190685,2146.5013317073854
53.09219451217974,1067.756792695965,0.0,6.853719126801482,173.10208348258664,2983.250350947861
46.677413485503955,1067.2255716961604,0.0,6.554453011248712,199.54010073181553,2709.8816298634465
11.872332477633046,1081.5731308472564,0.0,6.929661449479529,243.47112952721272,2286.7958407056904
10.714810054372053,1097.6764880954686,0.0,9.47336175420762,307.373697824936,1537.296109183938
3.400301813011834,1105.2297642189592,0.0,4.648447655373485,460.6618704885725,1172.5122997213011
1.060270359878954,1117.6770158633872,0.0,4.820342459637759,700.1661926320389,368.2716437288698
0.12288867076551761,1129.1725018196184,0.0,3.737723738615547,974.5677674817392,35.43381144191113
0.898378494409318,1142.968765229926,0.0,3.9116893285609247,1169.6461693436108,11.788711012051113
6.176834807080818,1148.4126816992068,0.0001444675053811227,3.7741927306379965,1332.2693342102825,2.331194387702834
15.111054465136686,1155.6613792497521,0.5645710162482532,3.73325987911067,1496.9910781157166,2.3341687631248504
16.07449557418924,1157.9388313660363,7.708120040159335,3.934750534369906,1642.7431657384611,11.850457583224458
25.90392003197085,1158.180839518267,15.917824694241537,6.8959711606285845,1689.4684189514885,328.45215139713855
13.433074978367396,1136.9778318222411,34.28658514915021,3.87023769014311,1602.6816671459776,3693.607802262211
41.027397042697004,1103.612352489039,36.31408061435923,3.6024825393850333,1577.6445870680225,4144.238360699639
78.86530079099947,1925.753711691885,12.560651242602008,3.855917750288918,1499.0683746306913,3802.8913815693177
114.36365719811737,2969.9148856786237,4.5292358642571084,3.608679143108965,1239.9546332135278,2906.2577549021826
147.8890885757031,4237.335867356223,2.495461119373634,3.7881442611720475,1026.2039009326415,2376.466744214874
182.05391699630184,4212.451866887161,1.3217762708088838,5.477907994887081,795.5706745479367,1537.6952420041875
200.53880109952092,4181.143691866019,0.16267425809052372,5.688942726537667,651.7793163675815,1162.9100666101024
241.01102385447248,4151.127291841536,0.003159096575575558,8.961616738357211,477.80639455863303,916.0531074662587
268.32765845690466,4120.6198029635425,0.0,5.723435567061308,404.71672566753676,699.3554919208245
299.8475323067496,4101.319862112402,0.0,3.4968673462520967,316.61713638825273,908.191627954591
303.6447643565577,4091.7745168765696,0.000694481974802739,3.749266460552312,270.5760908189528,1230.1494818390336
87.64280088286355,2890.3319868204053,0.49350479356877947,3.5416451219969924,268.8648444643277,2154.4257316601092
28.173381127881836,1081.8336831455715,2.0633453162815667,3.813625303457906,304.50886977600703,3013.235947170562
17.033851646954954,1093.591851455458,3.862511413758972,3.648566533062203,385.29341638141176,2765.4357945484953
0.004185473757681183,1114.6751643364219,11.016797879940441,3.8615136338722356,493.4725303346448,2339.255754615981
1.3861383408376209,1137.990120704646,15.042811390966344,6.836341608798219,642.1560974081705,1575.3853093608225
16.593494221222482,1147.7012121418902,33.47734878242564,3.9594007433585023,847.3901481429176,1201.8687463311023
31.745029892781062,1158.6155214680016,29.449319093961336,3.7987881136706023,1029.2119331886577,375.9989897011552
39.756563959654386,1163.750651127991,38.14894888482036,4.875458327671603,1190.5072440355773,36.026047170609495
52.10129203957823,1171.341823721048,33.05994677115249,4.79450462378065,1299.3690440865278,11.933621140271264
65.31145012876284,1174.3208962431052,57.99201726948422,4.906264375223472,1406.9151436197303,2.3564859881035702
78.2086734888467,1176.4975181166158,47.27760910486427,4.809650049795113,1497.0973814320805,2.357399552394479
27.09229970570085,1173.1321231929833,73.80378064593566,4.893366924898221,1486.4168185115716,11.969786107638097
36971.93056306101,1213.3145666526807,51.66079674097193,8.501044261129083,1380.6402043723015,338.2149054695391
1740.0368365636168,1239.072096207625,9012.202530627563,7.424014174287754,1157.388689774778,3840.1375143592622
33.54100360099608,3347.9659102488918,3152.5531814851033,29.408436936072423,1057.216932135827,4320.410007264319
247.44674512948637,4754.367678212417,595.7267992807897,82.30549969251618,1189.6386044617036,3921.5605896649813
538.2365530080291,5970.059416291198,211.9844252030654,93.68399726568497,1066.0757316983663,2942.986181908786
894.8458541700007,8159.761172984435,59.47008597678219,96.6262188590479,929.4542993101013,2375.2014446345765
1334.8337290932361,8863.636471017891,3.7330355272795255,133.4157220231737,799.9599764094426,1517.0098076325573
1822.9620526909712,6538.249094659833,0.03927481324048545,185.95437496025332,694.1395542513346,1133.7454709113508
2425.584316823434,8618.08128507651,14.014816490037955,168.0689609626279,542.5577446284784,887.2913895212474
3054.02775413831,7754.0687253943115,11.452984872037769,73.06122161390161,433.1073563340872,675.0314163315975
3872.6209419079646,6909.966918500635,16.599442102262536,67.62285322130505,282.2009876774027,871.7345496698423
4489.131107769347,4976.634952172219,39.02926426724988,111.42835209269448,201.2488023423224,1173.2868490603726
3902.392394103647,2112.8804147928226,55.91517386232489,44.51673178223103,148.03323366913244,2028.3704047462818
17.57851177984171,1506.53643526889,10.763904250111324,33.148135848879605,141.03492286174247,2893.8127248389483
42.25767756295569,1604.991907343476,19.878550970252682,19.996937140812662,149.25820416204283,2776.919162140083
11.438712323552036,1617.827849952735,63.30942935509873,24.273406384043305,149.01882185795748,2342.216648181155
12.101277177550704,1173.4756013069018,72.65410104166745,8.20394361041349,158.39851987828035,1577.1679303904784
5.655465430842847,1117.2044568133938,0.0,4.988599682614682,214.60276867698445,1191.033374884999
3.467546917607226,1120.6537456621995,0.0,4.5890323095928105,292.02394807410235,370.7472738353207
0.8494911061233275,1129.282378338287,0.0,4.933367226158352,381.9102374437505,35.62449330147041
1.044421583752936,1139.9850723817794,0.0,4.643906882161739,465.7035261094091,11.840194611640301
0.2671379953175411,1142.4813815191137,0.0,4.9525236588741075,582.9486711726768,2.333573091068218
0.48327354237549247,1151.4587466272478,0.0,4.671960722688927,811.8764688862115,2.3403257205806205
0.21827826921229265,1156.9490527171981,0.0,4.97714595944994,907.6967120067521,11.916278030048556
9461.417717641181,1199.3798560065352,0.0,8.432606531228092,856.5763704784471,336.72770940767964
139.48077903752664,1182.5579580647338,2003.6388835868413,7.025681164753421,779.7340247093858,3786.4325769756774
1547.2610782146166,3106.33769217086,853.1090798582525,28.063385190613275,796.3757315342974,4188.531049068017
2298.23883989201,4447.513839569064,36.742864922804415,77.57247104677516,978.9745173446871,3719.628973235582
2903.7972696630577,5627.87628122343,0.29072566201348365,88.7807201181311,999.4838166799536,2791.021585852102
3410.2621987996167,7791.246158344723,1.0117001128346343,92.79138307531328,995.8753870946045,2272.2994725486797
3904.533253253763,8585.011859950364,12.096515524574059,128.1248749677587,956.6433679876455,1470.029649379226
4330.889726019322,6417.920720599294,18.923970016510726,182.43943387816833,972.1004323968452,1110.5033763799759
4699.354862253939,8518.980124575512,38.42414502908481,165.68810685202348,1014.9220787222829,875.4581117728542
5086.271022732633,7694.818706569245,26.984607101781823,72.56351229948831,1036.7249580846951,670.0181173096205
5429.342474570679,6895.8219103331385,27.280782377593184,67.26365077233086,1043.4740416596678,870.1648697876557
5725.902308837866,4988.960404336487,42.18538367686784,111.31016860776623,982.4929302134451,1177.5964338465972
4970.636816854011,2120.9450875574594,33.22562451267502,45.0427084731643,826.471085250524,2041.6299154047883
8.881821014101163,1518.2776938411232,94.78022476144898,32.88615755816493,786.4884944204869,2924.8027906432135
25.570289171256448,1639.7597914527455,135.5245588120832,20.247727132557124,863.9897718008348,2829.4865795281908
2.166185927191127,1647.400255124374,246.6490403286871,24.54361933015762,906.9010497995384,2385.0298641416225
1.7786670439144268,1195.6509254460937,277.8266658155383,8.627643343019626,972.9688681766837,1603.8634328448059
0.0002192295006259431,1143.8417527798576,0.0,4.748270819790792,1147.267724151901,1208.257359441521
0.6846931654807437,1151.215808813323,0.0,4.912685682134956,1320.925314456568,376.27469541707814
4.119145715327646,1157.9468731282975,0.0,4.672186113490452,1484.6151636644577,36.056091524591885
3.1809411438424413,1166.4369571702573,0.0,4.942590154910693,1468.6050870136282,11.936080698671425
4.333607919443039,1167.4311484963619,0.0,4.698771078989639,1413.2805740655444,2.3488936381802743
7.279062167102527,1170.647150972544,0.0,4.973880072107551,1356.21847722965,2.3508507519198436
1.823380444736225,1169.5465249466104,0.0,4.707671961233023,1319.659867358044,11.95915033450155
6277.6961902341145,1202.6400647627145,0.0,8.62767446366452,1232.79553377759,337.48768543325116
557.5720350928455,1172.1350599854163,2305.0023656085996,6.901048158410497,948.3536959345889,3780.1700835445395
2510.531057677509,3073.8957871179146,845.5535453277607,28.085318528354446,849.402768013067,4166.147925420168
3302.632892105442,4401.950733678267,0.18393910583534248,76.79518316986263,835.6908723224756,3688.519379416415
4024.4654758440424,5571.558740452799,9.598485678057624,87.68434837213023,579.3744807980562,2761.5163595800245
4750.141556901088,7722.356644427423,11.839227826032989,91.24619969666544,370.32798312759377,2250.0327081895516
5644.158693015987,8491.281922274702,91.42005467225496,127.6110051769488,185.43047509473607,1450.2353087588006
6466.605401295317,6346.460620620673,273.3302861328047,179.67743679897927,85.21782710522578,1089.9135337774187
7355.722065493988,8421.23903876933,420.68829546155257,162.7947699483502,41.89174099694709,855.1316341978462
7641.436613118267,7570.532215339249,162.81127845054175,70.85100764780894,25.47071101740384,652.9214535716868
8073.74607072036,6755.124715301936,98.90155228904631,65.83347834162421,16.40898337585587,847.6357248835852
8333.591786228573,4877.213518051289,73.48750777935366,108.57039841037337,11.829286468730867,1147.1269027686628
7311.118299731681,2069.6206068676133,80.84756061529814,43.82559458037542,7.3595634163332075,1990.0521970742484
19.88430822099884,1481.8998853429591,0.011799706558555577,32.386241210965956,5.250392892479218,2849.0854236243877
45.94424113865681,1578.6847294773333,0.0,19.845530433976112,13.087593500282804,2730.49128174011
11.675614643219038,1598.4674376298244,1.939658677787738,24.301374228790344,45.15465158898641,2307.203134982154
11.551513639072352,1167.2089142031396,9.163978166223725,8.202214740927115,91.32014712638924,1561.424361339969
5.263453613281747,1116.3764428276115,0.0,4.924457265312817,175.23378360470952,1188.6818694093351
3.243236791858767,1125.2089588757565,0.0,4.625730077083741,281.8266807066069,372.18141713113863
0.6814610964264496,1135.1973028499588,0.0,4.9232482406372124,443.7483503807127,35.76098885086405
0.7346472250654076,1147.4693044443843,0.0,4.682815181497027,584.258923024386,11.885132486352436
0.18565448478479152,1150.459954908043,0.0,4.934421148647636,700.413740469445,2.337499778381107
0.009964464026261792,1156.8846172300596,0.0,4.7078550879924475,856.125472981505,2.343600447315386
0.2578332153249756,1157.4475146684968,0.0,4.915557558680267,959.2758443974166,11.966942147190284
2448.2574247639245,1188.1604839119404,0.0,8.2479967208619,910.0310868216324,336.48330127056107
1249.361977654425,1148.1385127099243,1183.2409406251318,6.977910775250345,771.8596433756857,3737.957884645455
3181.953966899281,3017.293383733815,432.6379757755478,27.379453884067846,753.0463965737663,4094.8384575229356
3963.160840785908,4366.996542255724,5.8333475469020195,76.19488908524676,744.1705310645251,3655.923654942221
4708.373971402376,5558.370042757843,19.32132163109367,87.31338990997271,550.8842422677893,2751.7042717131694
5601.310593784084,7709.1196137005445,27.854460990989647,91.66617453527707,329.0748427638696,2244.5700844693274
6354.863097074991,8479.332380926604,116.53071580383745,126.58824008794342,185.571072451598,1447.3980427165188
7148.885910865649,6338.118083828584,212.50907214879194,179.69751839876912,102.31692634313761,1089.9295132272998
8053.0604733037235,8403.733694104441,352.2979434998836,162.83801394604478,51.49160252920199,856.2132941163494
9072.333903542665,7576.015845091897,414.3948500575864,71.07679339501573,19.606651154128354,652.7588813343641
9348.761415000105,6771.657123620197,229.90656728125344,65.68105273942253,16.958765647234447,845.922488369258
9749.13498513061,4882.822998698688,179.43716598269637,108.6761310198649,9.539635650436177,1145.266146366054
8438.523849826564,2070.926432573352,98.1593137998475,43.90530182589249,4.636865546277113,1986.963794118063
31.776442716297556,1473.6459885666395,0.01421948260745334,32.095640173981295,3.5905749935538083,2844.4538222289625
61.315023637608576,1571.6567406018196,0.0,19.663415831888855,6.5053877535936016,2723.279671081666
18.033669852040703,1581.0961932795349,0.0005774309443542869,23.976201261649987,9.896934113426285,2298.5726111669956
18.839534215980432,1151.5705657405874,0.030839017975115138,8.410523283947084,17.35784374635322,1547.2125138448991
11.143587982889349,1100.4055698311745,0.0,4.603692625409732,39.12846952728237,1178.414039776859
8.275668531211336,1110.2032476878842,0.0,4.8520357709678335,85.92586920238168,370.1130960607114
3.17203329324258,1121.3363831938616,0.0,4.635903060134571,183.40648954312013,35.585786137356564
4.0990334364567875,1134.2330590090628,0.0,4.907114406372687,256.45354194156226,11.838634667062957
3.062805037871124,1135.593140440061,0.0,4.664760041715641,296.3327797895069,2.324285266342868
2.2079926809321564,1140.6785313420664,0.0,4.92978531599822,333.0115530427492,2.330574471178717
4.581208432005795,1139.6627095778522,0.0,4.664143881306018,333.56740280851255,11.911837143300433
748.2615976360592,1168.654149454282,0.0,8.539287542549578,300.6382574743014,333.82107674467323
1793.501097133064,1116.389047908685,180.70069901739697,6.698828175621607,205.82865529378557,3670.7777699762614
3712.6416136273738,2929.343239917736,127.49815964397348,26.74890952573944,218.7376776198174,3979.958026947218
4452.623550100202,4311.519254191488,20.995064985917164,75.22845620526635,273.8014226280592,3603.5039381243914
4985.457879696181,5537.309781326447,28.435795829989306,86.94279308326122,312.3838138081887,2735.3703322814445
5604.948219289138,7699.0497878673905,24.813891863408195,90.98134858574299,251.9990393647679,2241.1309436264696
6312.1359055912035,8474.692090276592,39.83456981033971,127.22897237430946,151.52911585880042,1449.8942423718286
6813.994787582259,6325.389405838418,58.026141535218976,179.59049824905017,139.96331266934786,1094.584044143193
7026.548641376567,8393.300841356291,63.326862420558584,163.20437629741002,114.32745500089909,863.0242704939154
8081.866691777785,7584.5592372753235,164.7898453938933,71.43475570806311,36.314636231917234,659.0736401323271
10458.304023687579,6791.663924461763,398.1473398997108,66.14657580554152,8.6476275926856,850.5576318552871
11344.55475649405,4905.01289087203,500.9656178433865,109.06871942960814,1.9877510617364942,1145.7027930681136
9176.933396062557,2078.557562149957,139.7935709014574,43.555263557192475,1.8932394844959795,1986.7994274907937
33.26381143159526,1474.9930375437384,0.034887877722458445,32.569211555995636,5.368697228085067,2848.5315796261066
61.484000136516926,1576.1287324385237,0.0,19.715144711821903,14.867016135220371,2732.0366743731383
18.658914477306215,1591.0373945911692,0.2667169378663719,24.066089514268874,30.689196512553334,2310.2448879063427
18.17065596263373,1160.117651573546,2.2258579149719755,8.151299762028524,76.31069689527264,1559.8131821290021
9.438095039993627,1112.0813767671395,0.0,4.907920082007495,177.2269163799953,1189.933870517227
6.4852984396066145,1122.7158453827324,0.0,4.573355650443247,302.18202442651426,373.54766289440045
2.233336385288102,1133.1126353876007,0.0,4.938390560399434,451.19503596864405,35.873169719180744
2.6430260469521554,1145.1726925610005,0.0,4.630861272067537,574.2655135156464,11.911753456054411
1.242025491163137,1148.267730271755,0.0,4.958092700493203,702.1327933339453,2.3354086349446654
0.41445196019423663,1155.306432508821,0.0,4.660889927159376,841.9203197146487,2.342883662430447
0.6869587088900646,1157.9866326133765,0.0,4.955565604254998,1032.1076028810546,12.006468275508071
0.17080973263543697,1159.0055179852845,0.0,8.354250212803091,1130.3171079321035,334.48096564694276
75.51919522191028,1150.0057071218946,1494.3360537748906,6.880940460023335,1116.8789419437994,3832.026446080707
1863.220543554213,1169.5124347360231,715.9858507188267,13.283866474042775,1286.8420354052396,4333.237981950925
256.7761408460824,2189.5949828238026,124.4486386002043,20.036586503124642,1169.5788365078993,3930.625158733986
988.3435775758328,3189.9638000329865,26.554424689611526,32.925831312412335,674.8012561139591,2940.4360659540444
2016.9388262774867,4390.137138405215,0.5646780936382372,27.7036020861319,327.87768298571893,2341.98664421921
2380.4364238226226,4329.3544378850365,86.6232487017727,37.26949819330437,177.20322610556585,1487.886486996659
2673.95054592599,4256.715575916044,190.1428146255225,29.270025313955948,100.8872680797451,1117.5963065102503
3062.121816069584,4241.287925923368,254.17316588655333,26.719309008440856,53.656603630830624,877.6205031823167
3461.2481001985702,4201.834921381439,200.65499192093952,18.41060810513712,24.15296238807769,669.3051361530713
252.31397273962665,4309.527525988173,117.54399427365762,15.229793269146565,11.752219730337458,880.9341218926068
495.3535780872423,4422.9526118997055,34.00477627331662,17.071486352502227,7.282417405322736,1217.487793440939
127.36079255363214,2991.904040733069,7.591580598502953,6.928321373058441,12.105378819918071,2158.5085589386244
55.05927856418006,1081.6501574974218,0.0,6.858788969556595,24.7168115549709,3042.2413177781623
61.14923867550663,1084.9299731105427,0.0,6.6895121664259,41.71718250400723,2771.864687660655
17.870462582454344,1098.4473121209023,0.0,7.005388786828011,68.3639830553801,2340.6344110366367
17.074274185910618,1116.5719585995382,0.0,9.354205210233355,116.75337318765233,1575.687036816726
8.61705220348732,1123.9805770047271,0.0,4.953972599960573,213.94626829482047,1202.7671952712808
5.8402580388792495,1134.8531756098384,0.0,4.629210691879595,336.8569405369077,377.74709269740237
1.7041813548772469,1144.5502558157511,0.0,4.012289119246401,473.67682225729175,36.23023188136416
2.0687085130371288,1156.2085485945086,0.0,3.734133011776812,592.047441214553,12.016252554394953
0.7985117199975638,1158.6027181921368,0.0,3.9782032360115753,670.0215150499065,2.35052914695925
0.14804617220922514,1165.438179262088,0.0,3.7832857354857214,747.2967866530571,2.356922014516674
0.3770521768869784,1167.4460702984563,0.0,3.9486074870210746,816.454805688844,12.094911347048244
0.03278954205296988,1167.547582567455,0.0,6.941210271020672,778.4610047458568,336.9582993600837
67.90609224276513,1140.6878043203603,0.0,3.8928981302881773,659.657771182462,3777.8840005725647
107.04598560093723,1101.9168521156646,0.0,3.636155063342222,648.8738261118871,4187.78542350325
139.0956387533444,1928.9863169488824,0.0,3.753774618030453,717.8364990180972,3853.900466297145
170.41228556626405,3001.786874585849,0.0,3.669527518346747,616.3861776210025,2960.0025624295236
226.20638027032356,4286.262649714272,0.0,3.5799801563490288,375.03980226107564,2423.6130575271463
264.7490065933702,4250.300494387141,0.0,5.763442281235214,211.08788287388637,1564.8540138889675
278.90860911485635,4212.518304482065,0.0017506672628200069,5.666936883398063,87.54137299266843,1181.5312659380172
365.4965193647408,4172.901379731134,0.5922690286928202,9.0418334656332,30.54031065095341,927.1373048876211
414.15363333307437,4132.397766518064,0.2397644086801881,5.685343974751976,9.15009447947976,705.0331129818665
446.0719992632246,4107.20255028456,3.086490197342722e-05,3.528152159123945,4.368479883871126,914.9334168609362
429.3300472217311,4104.646872850491,0.0,3.681524283475838,4.878662959160796,1242.2705626877298
97.58289258760442,2915.6786613855143,0.0,3.60413862239394,9.95001163097805,2187.1280954278664
60.306176861733995,1088.6500775259713,0.0,3.7438060241408473,24.569048836495664,3060.3704851063417
47.54024289104201,1093.4101052763026,0.0,3.6811188247374034,52.891712007794624,2795.38342680002
10.892164962455917,1112.9266382487338,0.0,3.640721221264139,90.94370984007384,2366.252052151054
9.353566022042603,1132.6347638593788,0.0,7.120215718330797,143.09639040918262,1593.2190929831097
2.6761096743383206,1141.5800612882126,0.0,3.7768430740261234,245.8669559673123,1216.1622387943194
0.6744119061499645,1155.533954413279,0.0,3.9854669802517093,377.7526408515378,382.0354342722312
0.08687801165564404,1167.777645811175,0.0,4.708429103064278,503.0881742066609,36.645100234161305
0.03816081470487465,1180.0525701721815,0.0,5.038960134046895,557.5159928583129,36.964898731264185
1.1748846340351369,1182.180350563849,0.0,4.749573051685767,621.4062890462461,12.161384830676091
3.4532999111133034,1188.486456281297,0.001126068786416773,5.064706890206811,678.2774998271611,2.371995399528754
6.632491281588327,1193.6708144830222,0.07611230692456411,4.768422674483683,721.3088445715925,2.374464895086785
0.29421448271560713,1190.825115442009,0.4349568046668073,5.072610833300862,750.55337636397,12.176262518309033
33406.12197978393,1238.5264031758034,0.8232768866873764,8.669164557394167,711.6401465442989,348.3423011367428
1149.1158039644142,1271.3654857678262,3609.7061291030022,7.457820248665988,573.3477196985183,3946.701187908179
105.89865895030626,3396.5292450875895,1433.129072192751,29.736623369214087,554.7445531683028,4408.648220689812
375.7701776416737,4769.026765792058,82.17723306721112,83.03714716514784,602.5337576579818,3966.5891944789532
764.3523603284797,5962.333955886807,2.4746006157302487,94.31835254492151,473.77836241430475,2954.288168795901
1269.9483983632188,8154.495894977067,1.1915285603674044,97.27729625934516,290.25145906859643,2381.4291355554546
1723.8920049369976,8924.809942442327,10.369945629399199,133.9009166085061,214.1077066506513,1528.4726501856867
2172.8143737874016,6645.505701199666,22.063864455979477,189.57403883436348,191.60393862111647,1149.9861688228602
2660.3806100827546,8796.391783072351,33.318432295562765,171.72806819931955,194.92695497503038,904.0931188777339
3194.6447181778353,7927.866698156389,21.818032596711955,74.78476368551749,206.56588289201767,690.6837197462302
3666.6929521537368,7091.421182887171,22.526186256032602,69.3998452521481,234.80525197281258,895.7802604894342
4051.739939471025,5127.12749117237,37.404965576115316,114.25935913734868,254.1607207566776,1211.7595847983366
3608.40245990228,2179.1791569854786,43.54170595467329,46.34745597330434,202.87799276491165,2100.0766460995324
15.809249561954962,1552.0782066802897,35.77710805937328,33.56009742723841,170.97151158422042,3001.486234279658
39.90955936495486,1661.844174492444,53.370875825916634,20.58883740936189,188.49214605141324,2884.687760277767
9.825592285609446,1669.1024872951384,125.71760509221158,25.2600049545922,205.48833146155818,2432.3432067300682
9.743900623413374,1211.2471195415587,148.38155459386655,8.602049113216747,234.75719412103382,1637.6288280206102
3.0616554440777715,1155.9367031835434,0.0,5.036612611916093,333.66949628799574,1234.9735179715592
1.2826384249745888,1161.7388643521904,0.0,4.742797454351439,452.010465390038,383.95564959491395
0.0292039643536907,1176.3611541537264,0.0,5.014121737648501,573.9016736369998,36.895029062787934
0.05481993240790613,1183.6742276683212,0.0,4.797377156115599,638.4748729529986,12.192526546628649
0.03336525005330637,1185.3473723268637,0.0,5.014927318987719,679.3462054100238,2.3737566121087337
0.4668307214877773,1190.2454682203727,0.0,4.815438450983553,709.4913345811951,2.377707689540686
0.05389363628393245,1188.6650602721422,0.0,4.994869456256925,714.5250256781494,12.21590025322617
9461.590395220399,1231.3790002423862,0.0,8.510289975418823,668.0105815487241,347.53235413958805
153.9636282779053,1214.5887782576835,1634.0196495998566,7.283365702280938,536.585497060358,3909.22242773749
1537.1905178277646,3177.3095378982016,634.9980027214626,28.735920084966775,490.4042454543731,4309.6239156214015
2310.247168831505,4547.8626369034155,8.181254322514242,79.41311524473238,565.2047146886139,3817.2100656972148
2920.024543300666,5757.732942078529,1.4720984297033906,90.69536221789845,535.4622363476692,2862.816406096523
3469.0601911824983,7984.247274343611,4.94102054013949,95.2615320079518,491.9637506283968,2334.3132524128946
3966.4472067825213,8800.572386445461,16.177046248231303,131.6675161206353,485.24108767817023,1510.3655517618533
4435.127409170021,6573.270185688736,26.260713894408084,187.44220740032435,462.77914364367115,1140.8345850712997
4855.567111305715,8721.353766576629,45.13665663074113,170.11257078255096,466.3496380578521,898.7603257928027
5256.468761532486,7872.183593955786,30.08099348852487,74.40782442486852,481.51708289884687,687.548142903307
5623.191289927207,7051.5640049904705,29.66914918753539,68.97737596839033,478.27553699065055,892.7949208470322
5972.53729767731,5101.449638643605,48.527788806103445,113.64566035894192,411.6682182624502,1207.8981091696132
5270.709593629168,2164.4590185904854,56.09571021951171,46.06724393733099,279.16527015604646,2092.602840260425
9.401178674038352,1554.8441906250246,19.96552378026793,33.62040399792258,209.55990256716044,2995.1134321556115
33.80267454850645,1667.3422150617164,30.451155300699202,20.603994368328152,210.9614754549157,2888.650544053077
6.2341768511999085,1675.4552844485083,84.07770636644227,25.02191055713534,213.70896655418736,2434.5837796228216
6.431752672076207,1217.903372716115,99.10537982636983,8.806367351520747,231.6768205706393,1639.842560830888
1.5032559139089676,1162.6983801127433,0.0,5.017342218747017,308.73340441369476,1238.532351532039
0.9810098115802227,1168.733072525197,0.0,4.78925511886195,352.3410520912528,385.5720341891642
0.2535197178636372,1179.2027868312757,0.0,4.967387344795563,385.6397430168858,36.997542473027366
0.4514502429569286,1183.2408705794207,0.0,4.839063800386601,420.31704026504923,12.204176614225466
0.15843605716905987,1184.0638400401704,0.0,4.972832658296817,443.4065670361557,2.373192059227451
0.02287392865266115,1188.7467770216615,0.0,4.865298143699414,458.11038440397846,2.3779630310369564
0.7386078187973918,1186.4493100965587,0.0,4.955347729703448,445.5700995601399,12.242409251269457
3820.3592585258457,1224.417914802508,0.0,8.543203320880425,391.25223156792845,346.6959480844469
846.0933337704075,1180.5688639750917,481.1598836678872,7.072229879740085,278.3117224298963,3842.7036578591474
2878.220454535118,3058.8521123432656,120.5869989461688,27.774504852596387,222.76833242517586,4164.793299190329
3609.4992386139256,4442.116362584048,19.157493201931924,77.59378786211398,242.79020333436682,3723.5664671338177
4220.245932289339,5693.665816236882,20.482652654693855,89.43169828849695,213.43802319610907,2820.7654323641427
4687.014734417069,7911.132022245489,16.82349348576128,94.08712487627884,232.5580298367712,2309.18369618508
5130.315842851896,8721.64681691667,28.08281465818955,130.7329111885317,234.63853419800662,1496.9072478502567
5603.553260057874,6521.422995316698,45.53439295165816,185.82391372199734,224.69602006270995,1131.8216671206415
6053.745743316652,8653.594884285136,53.90804877996497,168.81107406660706,218.89180065728658,892.0802323278391
6448.887088388056,7809.779669808318,36.72996933811263,73.8441046499926,224.41772962318728,682.5436335073854
6783.463917294685,7001.93361552436,36.6011770022331,68.4537038917197,240.57050702817673,886.6103773098299
7116.1266260996745,5066.430146518309,56.15891020568191,113.07919950591985,205.81076245504786,1200.406329118569
6312.091941186196,2153.627470583198,74.08329359490826,45.77576967990333,111.57671298262747,2080.561013849751
15.301184920374581,1537.9044175822196,0.033878669099035155,33.437738587191895,72.40238058686656,2970.9548158563975
39.2735503705826,1648.587511157878,0.21337196358766025,20.42723250481454,64.75189020619513,2851.4059167718074
10.599555148952534,1656.950571771019,6.789987649015161,24.838298631043617,59.8164167343461,2404.2245827242177
11.493033320758533,1203.8869571109592,9.617338063469901,8.718670040786455,60.05517129187619,1619.7504782613464
5.507857152089758,1148.9752225694335,0.0,4.942544948751537,78.95543690935334,1229.096786499969
3.84404367193991,1156.1437980865599,0.0,4.793510005036099,116.19049557173001,383.957955093067
1.6432205105495832,1168.6580502229774,0.0,4.959151812235958,153.34509547029194,36.8864600690119
2.098943239348334,1174.059328777624,0.0,4.855760073149436,175.28501844070232,12.179764944229037
1.2852270927303855,1175.343849343836,0.0,4.988803973469969,201.17832374068584,2.364946602083581
1.023822025226099,1180.1024475228246,0.0,4.8835254604937175,195.37467194409507,2.3717343494208345
2.964247308268353,1176.5504779597936,0.0,4.955736090767335,177.79744730872702,12.22191955988379
1334.628284771464,1211.407329417786,0.0,8.542588743219538,146.49329631545658,344.99171490982053
1432.2584864782505,1156.1554088682913,145.76917089293033,6.944730817915941,90.24688137043873,3792.594982994136
3470.187073358238,2999.4183817474973,49.613575966240155,27.26387942036516,72.68324872302229,4084.6255226125104
4265.537720503252,4406.583108408833,26.90963741141504,76.94290207113514,109.45023915092962,3691.6081427586523
4885.261183425163,5670.208630993196,24.867815544913316,89.09052305886263,122.38705326334548,2809.9198466248495
5584.767080241207,7876.201002613948,21.211950450752745,93.59918638704171,73.664558682214,2300.274978178676
6272.312862308205,8663.064357167013,35.4183058656235,129.92867516703757,41.8466038004814,1487.5720350495417
6916.885700204493,6468.795907449236,54.585306073155046,184.37414644210418,30.922029697891244,1123.062659710105
7659.5071395489895,8580.920256388461,61.96714285145002,167.40226686425112,38.37071009918639,884.7123860815007
8093.928972558867,7741.492093898736,46.36855109941561,73.24894152125042,61.85713983324907,677.0857521391036
8481.497992090242,6946.653512103085,48.85618160785047,67.93520551495095,85.26311929946303,880.0242816768283
8332.948188867169,5040.2377536331705,65.63381474058284,112.4445337641597,147.21897019944578,1193.668505989916
7253.197718199208,2146.2950109272997,79.29083581962476,45.64717535746308,119.57971315746921,2075.724528658126
17.368555543234496,1540.435840099506,1.5497405855683393,33.38638277700716,118.8342450308354,2974.528036081123
42.017306066233935,1653.7352354993955,15.018105110801962,20.488283504076975,185.15307186273063,2874.3528586017255
9.28812675878502,1674.92056660833,73.16375572877702,24.971625723131638,237.79918539672389,2436.494390891338
8.940459639148548,1218.8689769518537,106.63318742186298,8.793397145197135,312.87526688705356,1646.0473067419146
2.7487861963194993,1164.8293954442943,0.0,4.985747977485576,484.06909941348977,1244.9496622473469
1.2286850328243701,1172.1605053247176,0.0,4.791055180933029,685.6817728839538,387.87853245274823
0.002420939661490004,1186.941997977076,0.0,4.94931140285503,951.2612155634021,37.225658261389235
0.0037037068444343044,1195.468078221847,0.0,4.844679287130609,1133.738517323512,12.285353934075616
0.8421401686162872,1198.8850465710645,0.0,4.961625872286755,1308.2008891597225,2.3835580755080534
3.2551373288190812,1204.9297775421212,0.0,4.863176144981655,1480.3553341672414,2.386329695680101
2.6950436184996933,1207.535325391228,0.0,4.972273909345109,1658.267181712313,12.32733430623095
2278.113226597123,1234.01388929886,0.0,8.521705653687784,1745.2319080987327,349.06344495056936
1167.4537348695483,1194.6591490977837,2607.3593755684665,7.1474961326775075,1582.1892024660185,3911.3303588877056
2981.3165134454844,3170.82878012489,1008.0226895444688,28.729570023878942,1538.0919714124077,4326.135059452934
3648.572098088786,4592.067430768418,55.319052126376555,80.15691420206173,1738.2832097218804,3872.0184423971064
4147.3699441781255,5835.813722313143,5.622171811045696,91.88026505625407,1738.3774559628143,2916.459258258654
4602.677205190639,8079.061462301552,0.2831221837248899,96.29891288779402,1620.6947431936894,2375.956619373106
4995.269645440448,8901.123698220092,10.155267029457391,133.4409368330189,1522.2727978326718,1535.5290678897218
5348.5743488263615,6655.1924214518785,12.411666006242891,189.87534810849863,1494.937272588906,1160.6330894838763
5682.117319747262,8839.39434338581,35.27660419926523,172.61828632573233,1475.632623438064,915.1704677606593
6009.239049301622,7986.521257255407,24.62707928296424,75.52022119182654,1451.5093492165013,700.2988266076533
6246.031327401119,7161.434968144722,21.12021465286793,70.05409051338252,1475.5185449985215,910.0191522638036
6453.331811392756,5185.2044903045,29.620676895177258,115.53868810819377,1382.125158705343,1232.5670586778047
5590.676992104426,2200.4971297111583,17.514410141581894,46.84545292978726,1131.1814905434887,2138.1252291614355
3.6708708445266587,1585.628264056678,116.50553975538196,34.18647668499842,1033.326787114611,3066.0654877148827
21.535660879713685,1709.2791873299484,153.41739975851684,21.016044354280076,1101.1956402961378,2970.529791436478
0.5625559588443985,1723.6205421095956,268.2349120946627,25.65822972315366,1142.3564307186143,2501.358674067039
0.25728603930543575,1250.2394433465463,321.62738830714915,8.845497372746303,1286.9112204971627,1682.1510996659092
2.9346065271432766,1196.8223578620584,0.0,5.10890445384814,1638.9164732838335,1267.794884715322
8.81910627441099,1206.6811750760855,0.0,4.821259856394435,2006.7787775486518,394.1108208783574
20.048532129684077,1218.4854884168526,0.0,4.034038058830771,2393.876885042317,37.701152889646885
26.96255100867911,1224.1017860636125,0.0,3.888454065972105,2584.7656826808775,12.388767841053403
43.659680916593736,1227.7888681243985,0.3296761149290171,3.9175414163805033,2720.049401112033,2.398580978744359
62.977770003965865,1231.9129451722106,5.556373239431398,3.996237301987788,2887.365758950122,2.403153555635399
67.75558933268653,1233.0487871671155,23.776600078462707,3.821603593208855,3063.177588051978,12.45429714041798
86.15547094426984,1233.2492339428923,30.785934284308773,7.470939551107656,3010.337315550834,349.7164978362706
1.8721656322890825,1213.5546798527287,63.863606248702666,3.8012584464171324,2747.8885340485017,3947.3074104712105
18.03341157500596,1181.2988145061465,39.795846363566696,4.032981828599115,2558.9435914961923,4445.673527860633
49.212340226811605,2056.3710239128586,19.518502735447754,3.7416118701479864,2402.882924940277,4080.147534119566
76.03386586440674,3180.6367794713815,8.614610281423232,3.976716646327917,1848.2449860605755,3120.4284392614063
127.70354536067664,4529.797395353504,8.334979483696273,3.745826848856664,1432.8953543005339,2550.916349151942
149.02897647239658,4492.713995846211,3.910943969929463,5.953708143227049,1147.2972969860436,1648.3379284407274
166.7950171844036,4464.050914535222,2.372118199015046,5.706623086749887,991.1729929092625,1247.6224391182218
185.36702051962934,4443.78773161263,1.1917391864093798,9.782488967770291,937.3516122448069,984.3292584646317
210.85220591550856,4425.895298235653,1.7141960966092005,5.922898189955074,876.1938436734545,753.5304240951737
217.45341150149733,4414.685578031046,2.030811734085907,3.761915210967662,854.8862698202528,980.6572056933472
174.0329798049552,4430.638096022531,8.265183829128175,3.7076063743503287,988.747503977963,1334.8863981708505
19.8957278146385,3150.7223660079953,16.20395687347753,3.963988145357982,1005.9966521795574,2346.9181589203126
0.8655388662387722,1180.5939193476872,40.15911949887107,3.7763294834222045,997.4008207961538,3283.120622131144
0.41899122452759485,1195.1020032513875,46.027383941968715,4.052039983610647,1167.7512859577134,3008.0152338431467
51.06734316136629,1212.5858228359996,99.90386068149806,3.865320796241307,1373.5253605434,2535.4643567695143
69.17242730922429,1229.3361755392243,102.37952643069187,7.440147459787942,1621.1798273334534,1692.1096412081656
128.1628308566447,1233.649758560432,236.81524518303917,3.920037410445617,2054.1580474628504,1290.0058709749435
168.93676103570118,1239.0859734127516,218.9962099189564,4.118808566929449,2539.609700172967,403.08246750743706
214.19827492005604,1246.9755226985042,452.12663008694443,3.9320878735120344,3130.5803652538675,38.53973730405254
270.2391220223412,1249.4380344037547,410.8285738287229,4.110266315330271,3642.5018565568466,12.653766015515853
326.0294482916481,1251.8521069300398,710.6969273968795,3.9721701543725705,3960.7067742185227,2.4468201774415066
384.20625780147947,1253.4187799710858,724.120914007764,4.080418266558093,4378.186410421799,2.450128335891668
413.77409711605543,1254.3480820317916,1228.7616288740141,4.013243276765757,4721.244194554044,12.725362603544603
452.92031423188234,1254.8664244856147,1090.3379244751716,7.497134231007301,4542.923733467039,357.6918347622366
98.15486232203028,1245.773251747571,1485.1715898499917,4.0255887422538414,4117.609880663942,4047.375659955325
26.9667272923707,1228.056777246967,985.0912993598565,3.8608489841333196,3890.9687843419833,4570.940709912016
0.9923945016476139,2146.9714728404874,1045.3494362768192,4.158260163701009,4041.3466550595913,4219.685692549292
2.098608912827124,3317.5482153656194,441.30980505615,3.87642258930556,3408.312273203289,3235.9859353512106
24.050509071459835,4714.32031302005,192.8638096132448,4.089721972363604,2341.57418654664,2639.012499784585
50.84293239123101,4658.196987309387,108.00514034956893,5.875233439725475,1933.189835223873,1699.936741879615
82.31925428456293,4615.063148077491,109.0305399503016,6.137539527722502,1622.2359450588367,1285.606501340277
120.93143264802612,4572.210386604014,42.906651903040455,9.956612932651106,1355.7608621497463,1011.2911915174653
143.30131563711942,4537.591657073618,54.460881108656295,5.908109064746957,1221.4176871801797,772.0398061927125
129.55932097361787,4532.071641410764,46.196628440982046,3.943505450475265,1285.0797165030124,1004.9584316354152
100.18301827218575,4555.471857784527,144.08979145209716,3.8288853149142907,1375.810681605575,1370.4225179727366
1.4281588544359582,3237.414676786782,226.05368989686548,3.883618004978132,1275.7724803437761,2409.6677846206026
9.37761384661213,1209.4253397705,386.67080722234596,4.061725737868774,1125.0919821466246,3364.787362382953
20.78285309707613,1221.1579733115368,356.9127945765809,3.875779378779363,1169.0376883293263,3068.0648139944906
108.94186009141389,1231.7586534154375,546.5413421071647,4.157055560912505,1248.0617931787992,2577.9006379698235
121.10713530835075,1242.364413290422,492.67037981434106,7.217768421053321,1368.935056513296,1719.6036234951362
182.87458160837178,1245.2625101641988,743.2755199949654,4.235903754753053,1658.2961936396373,1308.9715236992608
218.02883703845012,1249.8028250721684,574.5218186314028,3.936510402683501,1988.9135433521408,408.4575238634772
228.91878220241946,1257.244288690229,714.6228729109284,5.199439917281634,2309.702528723023,38.95508347864732
259.96622482426847,1258.763990513387,629.9562125965268,4.975077077203602,2562.694299260494,12.770621059134823
293.3211243329236,1260.279481493518,868.0263509547192,5.221813369438005,2759.8289472724246,2.463863055985624
326.0676693015175,1261.3757467340645,837.3805707259767,4.983362155958439,2907.737619418887,2.4656913885305194
176.06145082593542,1258.8514915144667,1019.6567872069448,5.21738777692587,2925.4437730235395,12.803803522463816
63097.09344283068,1302.2691016295414,940.600667378231,8.9297345540404,2868.6278091379886,365.77583683605684
5156.37661295811,1336.0661098523956,27140.329810604253,7.959074621823852,2513.4362339406225,4184.564477904793
203.3692337728908,3677.34527971224,8423.984856581432,32.068392631193504,2322.481378704017,4723.792038667572
0.0030065864617765275,5307.339884650466,2264.2345208635193,90.77024910563851,2464.169945130119,4318.822685637689
47.10603800751975,6707.150704976445,1135.3096215893597,104.9616860209519,2265.3933481563217,3285.084531079324
166.60013486372975,9178.47579969185,626.9458646150937,108.60244736318883,1986.886637519769,2662.0731710645414
372.5153155697502,9950.705666565209,233.7870715398518,148.92599810152768,1494.7353681502216,1704.0974022322534
660.1141439219408,7318.304100251211,190.30650287626526,209.01403425350307,1216.8362632498063,1275.8818947923883
1133.0428628934144,9541.468829699495,12.150037487785742,187.10305185749445,953.0000575617344,991.8763923547156
1476.8247126414142,8496.674680606062,13.44811011045436,80.43643942318063,990.963618743788,748.2662524143753
1878.3453412319723,7575.860102900124,8.055320259979426,74.46003945628148,925.1807404023177,967.8116420660042
2217.0334428060146,5450.590940751782,3.6052079278045173,122.69569904573937,898.3720048528623,1303.2413101248947
1942.377114039512,2309.4793622106686,20.28983441539472,48.88259534232228,794.6465062401184,2258.8971984124187
5.632874430766695,1651.0518610294887,285.734628350986,36.20522413120849,769.7145040877789,3219.750426411689
20.61841121522812,1759.1483456998646,350.4814882060901,21.698497250229828,886.6995715866416,3070.237372888981
0.8974646863258584,1769.3776488227065,584.2447692080852,26.243304690905486,964.1318099127417,2583.5676081879697
0.5808702881390163,1280.8887058807047,646.4991313033602,9.063432194793094,1107.6314906964324,1734.2993090325274
1.300637874880529,1223.9336634039998,0.0,5.062933822935278,1434.7855753939402,1301.2303292851425
5.173419197182632,1231.4632677199481,0.0,5.05859325413749,1794.6377518539668,403.32401307420906
15.485883516724991,1242.5975351814488,0.004933336291977415,4.950846007007951,2280.859593541504,38.50753074056798
25.116734576507966,1247.8436220170586,3.203705147718555,5.078239000598431,2618.102507539633,12.642897087787539
43.357527945833624,1250.6159452786696,13.63982900023997,4.9682346483124045,2836.231536453162,2.4373875283519313
65.4690215555433,1253.9143000603538,38.65902580899278,5.108678002668666,3111.8758193082676,2.4416976162042907
44.72182939764096,1253.309392031928,47.17524592961743,4.979165017177328,3344.3994221125017,12.693911433363283
20309.646707050357,1291.1271276285859,94.44647655653128,9.080103480362414,3366.9233638063147,363.03621989406776
150.68143667660343,1298.1709145995665,8850.777716413999,7.389809445157524,3070.561620415863,4133.512490822374
480.45548750430044,3488.4755147031638,2669.0601826974143,31.278452538361417,2699.3488732028236,4646.755964851394
1252.7182150921476,4930.048274392507,111.91279517009022,85.70433179007358,1995.1546414786076,4139.073871252475
2038.8162199618152,6144.57711418531,20.760748558328803,97.03027731372694,1275.5462751239882,3075.4287035378807
2752.788125177934,8412.290409804671,4.664148407549135,99.91964122321328,899.1369061649953,2475.6633609442274
3524.496272034261,9216.187182384183,87.06118619193046,138.81523034229343,656.2028054880911,1583.5962608431955
4122.080552368476,6871.952786859688,92.09455094314137,195.05322187902817,530.7641234157966,1189.6789428777581
4645.626888903558,9088.183723107513,89.8021296337116,176.84260774463957,462.0419068026567,935.704633898122
4874.949780611908,8176.162898125063,28.23577459062051,77.14476383884275,474.70115694470684,715.642155156842
5059.100531814703,7323.760104027971,23.079968275153362,71.71210700043518,535.1640457332132,930.6992945608835
5269.43021647279,5302.971213882394,34.05414329370634,119.09926831867674,598.1380213849865,1261.4028097512949
4603.749188361912,2254.142427601493,30.757777487930813,47.905146949904605,514.5241394146526,2189.3802503529137
8.564935144755044,1613.211953072958,50.93815757086626,34.935732035664245,446.5659046841976,3134.1183922811033
26.999468405776813,1740.1639946366242,72.8867760894411,21.39182322340505,496.71971297849103,3024.457977977133
3.6298616555437473,1746.8990178709853,158.89372858245844,25.940528087635023,536.1468010073372,2548.7504039118526
3.466201263821087,1267.3078568822307,190.6971698043963,9.0510028252951,604.6085284630315,1714.3713882602644
0.2095784963164337,1211.8172427366108,0.0,4.960691804220012,794.364317234197,1292.6822664622002
0.033032085108161705,1219.9979397490947,0.0,5.093909171172623,1000.5033425016461,402.0582191823244
1.5124642212409636,1232.434757847977,0.0,4.893861247126561,1128.3238332010544,38.44930811972506
0.9885966427447239,1237.2095287766354,0.0,5.132146831207439,1162.223901233812,12.606719308150215
2.464624669170731,1238.2964769608498,0.0,4.902747482007554,1230.172717486414,2.4239427792906656
4.393483914756347,1242.1296391788328,0.0,5.146466041483097,1262.3637892727845,2.4257456372580064
1.9840661784659461,1242.3102686392358,0.0,4.904222856889549,1242.9747058587557,12.62596817950199
7734.314156942098,1281.0436823341156,0.0,9.026617470600605,1296.2887425936383,361.5693628599329
316.7025964186235,1257.1000349298317,2943.225074721539,7.419636445049422,1158.3884994489633,4076.9558554498403
2088.585700835649,3313.9604231310386,1231.3111153464151,29.890769828783412,1094.5946392700907,4517.24617212956
2790.0846245203747,4757.7184399984535,99.26681550906476,83.13029966958267,1232.0231115293218,4021.8332589363586
3295.7636259069554,6034.198021616022,27.89027555150772,95.16055795663608,1197.3422314668524,3024.876102414466
3732.4349368748594,8348.643587680866,9.355644782159272,99.70238635856471,1167.181687675894,2463.2662590368404
4130.588786944501,9171.692951384292,0.0027301190882465833,137.83861234306656,1167.9446202265387,1588.9828317674926
4511.48974137319,6833.316707204758,0.05098020173723489,195.85079608255438,1173.7043925523408,1198.4869391463214
5003.753350156742,9073.7261854431,27.657473012503388,177.96175920752955,1024.5287456374233,944.0223384057301
5256.106797286362,8204.066759729987,11.46545244460234,77.52390055358688,1158.8090750294352,721.4487055647757
5501.070384043547,7352.2333050124735,4.124591244999661,72.0303836699072,1244.5683199436073,938.2678207113562
5852.710212235523,5319.975823191157,18.829462037031448,119.03761754115845,1024.5640678680138,1270.270343099134
5092.086771090685,2256.4285700560827,9.996270545730468,47.894068054231795,817.2944442433044,2200.37218772804
3.450255884223907,1624.5616149630468,125.637500217014,35.32870090381943,721.963729387232,3156.4878692300817
22.764711909982694,1752.6828189888622,97.15961398770912,21.727351287278097,687.7153064551161,3051.827980486921
1.434357707116534,1762.6490797390707,185.98800785512626,26.152190258128062,701.7619195584432,2564.938077733879
1.2121104626460355,1276.8040274408374,212.87398909075594,8.744388793918748,754.8105177669383,1724.5514140683551
0.15850705796852932,1221.860544167256,0.0,5.26503533403823,938.5117808623296,1300.0306803436417
1.6511556920867856,1231.074462824488,0.0,4.83708507116517,1139.358758596692,404.29127848399554
6.0788791808428115,1243.1224422603968,0.0,5.184716839386611,1357.6994611730504,38.59522603394229
6.427282281373658,1248.1046195307815,0.0,4.869780562299667,1464.2787926489398,12.649992402694895
9.716344870376043,1249.8933004187188,0.0,5.195674121756426,1542.1007016852732,2.4279852636377384
14.02119623662442,1253.368857546681,0.0,4.881317346889433,1591.3430171181324,2.4299716197920107
7.971271492300131,1253.293993333245,0.0,5.198703428864754,1581.3837571336292,12.66940440905629
5107.103913492511,1284.281999761666,0.0,8.9795501877364,1482.373521335001,362.17150346170826
731.9709749655259,1245.7818685792793,2572.3834229020285,7.153083806100557,1206.6282795836162,4067.935879881426
2602.8858363945155,3283.8272033375647,906.2509380192585,29.616851556588927,1084.8211105930807,4490.336528577265
3296.5581141122702,4723.62676668437,14.110797459941788,82.79790390425644,1204.7603108474138,3995.223762428267
3853.440136920813,5987.164033009161,0.9906821332021372,95.03921379245799,1117.343042662385,2999.9332845271215
4313.463929442577,8304.542866819298,4.034596239332998,98.55653109096062,1026.1522093685762,2446.085570524291
4743.659945195637,9153.612086566074,15.996775548220388,138.02959244863337,935.1984233768387,1582.628670528152
5170.510392770305,6841.363942852795,27.93581453874328,195.09811075302798,865.7355773088324,1195.3250607805373
5543.329049048808,9076.35009469084,46.94585248708485,177.32070478244407,835.2221050898473,941.634281727363
5882.159448070187,8200.182887979588,31.391130917939893,77.2846074063131,851.0239889835115,720.277520520774
6193.164664278637,7347.0055984400815,29.79337086701611,71.95523096769634,850.9912992035287,935.8560032747795
6451.448227051716,5317.73427665929,43.81945505842942,119.57126781611534,794.0878441447518,1267.1105603011613
5624.040881364097,2257.660291884349,43.887903651031074,47.98866342745805,640.6328280828471,2197.9151635980247
4.820840497755748,1626.6662548682252,51.06752351794598,35.13575276000883,586.5937694079315,3150.248826908335
24.179952915229133,1751.066309738794,79.7426942304186,21.50578959693383,664.2729808928947,3049.87001687552
1.5499564581715666,1765.645884030996,172.25876638174967,26.11425932837142,718.7463738398794,2570.184676134342
1.2907706969849384,1281.2952117989691,202.94365108904736,9.09623033173244,789.4470372542642,1729.4493739625495
0.08501183756035319,1225.0391385154562,0.0,4.963170710763818,990.567790839549,1304.3390854968886
1.4352569436552933,1234.1971674981473,0.0,5.155783174750505,1232.2168723293482,405.75191287354886
6.182630649601584,1246.5576248376947,0.0,4.899399775651483,1489.1927780226777,38.721256189544505
6.679900486601846,1251.9084300968957,0.0,5.191240255050942,1609.8641596873615,12.685106498445876
9.58924824455443,1253.721934135465,0.0,4.917448636249479,1682.9656689996018,2.431913495350204
14.82070689520004,1257.2766465284346,0.0,5.199726541745397,1746.350602304329,2.434157246856414
8.369742311911194,1257.4088975354427,0.0,4.9212047840088795,1753.5759246792413,12.707240018111534
4096.794799434255,1285.8854672164612,0.0,9.054363281020171,1655.4438231826052,363.21724992529977
916.4905358688845,1245.489286055882,2787.0492196608975,7.352610586170914,1413.7170970522488,4079.136886181177
2745.727594811475,3293.487087379373,1036.6142183458628,29.772553883855945,1330.404075359474,4509.4779891281305
3431.512514137323,4752.7912949651545,34.83970386761539,83.04446870737092,1518.2973164726102,4023.911403550619
3996.823321180442,6021.881309239861,0.06274704976942876,94.9637612801769,1413.916896111853,3022.0176431954724
4447.890475613987,8343.754079788,2.462156530241502,99.61312905821283,1317.5329134818942,2461.119614702968
4850.132595710649,9198.894738824089,12.728084207761919,138.16015348096028,1254.6954696631121,1592.649943423756
5234.893141134153,6879.4659290213895,21.582752678551163,196.88814888717107,1214.3136589640421,1203.5170674923784
5590.345434075956,9130.428443439285,39.721886664668226,178.8003065325196,1212.0017129641933,948.5825603588747
5886.999982740389,8252.728275433343,25.836422939647402,77.82917635116893,1243.9557216710532,725.8285688248462
6139.959003781672,7397.208632158058,22.888506737607006,72.41399174299836,1274.3645493251215,943.5166722328577
6338.550659816546,5355.396541245509,32.632435174457775,119.96679906836438,1202.7612171841413,1278.0646471759035
5493.513362910461,2272.8847989878695,20.951634981748196,48.06251087970414,1000.8100225255577,2217.5041632375396
2.9246784015962435,1638.5574160507645,108.14750391736426,35.85552301762353,919.1053801743194,3180.4819534247026
19.578162348316003,1767.646123706887,150.23999950250283,21.689225445566894,1019.3590312334634,3081.650176455833
0.3294139706240764,1781.9466133731112,269.40713474073846,26.345840111110718,1093.8075614150073,2595.2477731049767
0.1852659327763978,1291.7629815876387,309.1921195470027,9.054761486747704,1221.9374057338603,1744.8255639961299
2.4461707873658844,1236.1098912603327,0.0,5.082316120327533,1521.850361334223,1314.7005693616445
6.797940121075678,1245.6317977336198,0.0,5.072655425842424,1821.6735724320254,408.34071149966945
15.184109735602245,1257.1021963825476,0.0,4.992152233094018,2144.0934761370986,38.929498857406436
17.34638228739467,1261.9025635464873,0.0,5.105270173465286,2309.01808264706,12.744385422853123
28.471449369501343,1264.8332340361717,0.000414950680973093,5.003823266289744,2430.070407598497,2.438807050488545
42.39807872038426,1269.2633900107094,0.5792617923787331,5.121111241985874,2522.5038963687116,2.441947544053594
39.16075290944591,1270.3689522706354,4.646823435948575,5.0128134658837125,2517.9866402992698,12.789575584029198
47.442397129793505,1269.493616779269,13.937045498116138,8.909735454571344,2363.8525264399786,361.75401149560093
8.793787408839725,1255.8788957016275,4512.975198549656,7.264022970866405,2118.007208802925,4163.367232349976
4612.612594380293,1270.800646538092,1794.983219147482,14.275706808637139,2156.3626638388037,4729.828247852698
8.809717249401185,2411.0770796844104,453.309700101116,21.804002518916388,2020.2477440041991,4302.341131541948
422.11561216350304,3535.652608470802,124.64627114025225,36.431944528734,1539.1035367188676,3259.4218089819333
797.5155172701276,4878.913862852275,131.52836673940473,30.692258129522855,1665.9671038646218,2617.3437390577933
983.4659769072716,4839.029661238391,136.72800840673804,41.08952376569365,1657.6675113428955,1689.2722584570197
1158.1115492866968,4736.938858070368,133.76336805843746,33.12289440267769,1660.0989156543346,1278.4245956683162
1321.721948814923,4715.550227406656,127.3752024071986,30.046309602880115,1683.5687510912971,1007.9870566331743
1442.3722575565776,4700.01895629062,303.9159173724007,20.65393265843877,1734.2819853185215,773.679302291122
72.27587232505888,4860.1245570574165,415.6897117959521,17.235265985334124,1825.4155144896686,1027.4787137158396
172.45734782663533,5032.23548892913,537.7564872741699,19.42999952654034,1733.5563467956783,1428.7285093586463
41.925817225250164,3412.1512563185156,756.6180440791034,7.437799509475822,1475.1782524744638,2492.29036726674
13.91847937842534,1220.226047941441,0.0,7.54483738097454,1279.594813625544,3416.1018461661192
10.338767808820167,1216.6910945623972,0.0,7.433795761660909,1272.3706403931596,3086.0777926102955
1.2006169031621279,1232.8810460272198,0.0,7.2845634376485355,1335.1804110274152,2595.967569376355
5.069419114527152,1253.6790112125143,0.12024087239385892,10.44449990522243,1491.3952002212657,1739.6902181331902
23.497304763546644,1260.9125301624917,4.4166540420296645,5.18238245668908,1814.8757155275466,1325.8734325051935
38.97292932276006,1269.004492423899,15.592431047651163,5.02678230806996,2170.380416461253,414.3292056696894
69.1216955563085,1279.2963724940837,21.1693593350955,4.001016117098994,2514.214885057994,39.46463163422254
85.05486882348033,1283.6913776084252,35.73056820514663,4.155124372580719,2692.7431175020947,12.911591316476533
113.14589709581378,1285.9850484225035,41.21058111025252,3.9489338302788077,2846.959551710881,2.4657619604300454
146.9733458338161,1288.5647024152936,74.15523463679946,4.244304041938931,3101.294978993157,2.4687269574946673
158.08541275804342,1289.5647240435076,79.87591308774502,3.9810456777406293,3234.067377968836,12.945564865112441
189.89953317852164,1289.9557874284208,133.7309515249543,7.667680625991769,3172.1679198957263,366.43609484286344
8.594271490206518,1273.4348657762205,237.4669691334496,3.9681366146547754,3039.422081982031,4146.346899312029
0.8628108625290011,1246.0285305560722,276.0028140960625,4.142450258705921,2911.2478953418145,4688.55467225155
12.174635044792394,2175.565961478932,131.75402296644867,3.9208294900910947,2926.6608036537164,4315.091838514271
26.59777179707514,3356.1971140609007,58.04372222446374,4.089435739499305,2469.475055415348,3296.3269294678576
35.00968708738713,4794.252901918301,43.48699511741525,3.9217253320899803,2278.5609318303414,2696.2510106354694
49.03928582976632,4779.421964269137,39.05767124637742,6.180649012725399,2062.1512830962574,1747.7412131170868
61.205625771934784,4757.052566546321,31.608884931905482,6.012852498037196,1943.4304461393208,1325.134719996414
68.55786826942177,4744.39910001789,49.10270301924127,10.266477879255483,1965.6184977973885,1047.8523889503633
73.78505844398293,4738.537175711354,50.41421472846282,6.137895773771504,1958.5934831255129,803.9463735505078
76.36113185889545,4735.49619754722,74.10259260533685,4.022574630441887,1907.3371137339122,1048.5095231249154
71.95596994495918,4740.563885865839,107.85796930895813,3.828731877255047,1799.3612739938503,1426.1424010637188
0.25808337711584467,3352.040407547247,198.63681941098142,4.159403172195439,1484.2618546297401,2498.813218944257
12.805046411888235,1250.794593510611,171.87293655576514,3.941384826909135,1198.1982948518496,3476.907472530455
20.843729144465588,1261.0095957487245,208.60305575902305,4.181713585981681,1170.9325050458497,3165.1983367439934
101.3265734632382,1272.016223505601,191.5664618182374,4.0037455372834465,1201.3724481881238,2657.872294287187
108.68423592949998,1283.4469575802755,257.5021136785456,7.662124201746285,1266.6695854707577,1773.0208346572615
157.4649139038208,1286.2772063554041,229.23806337236482,4.051857750381471,1479.0821990766628,1348.5586477326951
179.04750540587267,1290.7298576183525,281.90377192981515,4.212660381554728,1690.3072491650835,420.69922673844115
179.33065612795724,1297.9196751537647,205.3453249394161,5.072714936855149,1933.5284746765692,39.96729720702275
192.6664873774735,1299.492689067827,258.7381899700677,5.286914976898987,2038.5624762450902,13.057821178813963
198.98840813384038,1300.52144272279,204.11192935224335,5.092506007682965,2032.1121599171345,2.4885135462430403
202.7618698021139,1301.4854473898577,245.5264919714236,5.291122548156383,2017.4561802633539,2.4893950706950423
86.95501657386997,1296.9207444677722,195.9490941556544,5.076517762192356,1937.0719153629577,13.053685806911648
47763.90906286279,1339.1167010732859,306.5699854240824,9.417152424514933,1957.0036714885814,376.14727723528637
2932.518042642403,1366.76512837732,20254.83792977728,7.7861778253101805,1720.6890305725804,4307.056073426833
10.517210999217177,3736.266042493865,7168.833017095641,33.04982427383138,1627.2588144362605,4871.635610030462
55.02734900714076,5382.726306941407,2219.878185681222,92.80733837625709,1981.5375892002937,4454.027947585718
214.6182219679524,6795.406604896065,1257.3885029658545,106.52065959263196,1886.188520112759,3371.5111068519022
437.1113983584489,9317.250881020514,746.1984588487879,110.44730057115025,1686.4642725385695,2732.3287186104803
700.9511494873586,10138.01314205531,437.959895843942,152.72980320366517,1560.2065104966641,1752.8996840749944
1026.1235152227343,7510.508285043119,414.0796617975514,215.1678277051142,1476.1145227911722,1318.1609510146704
1470.518318741538,9835.185208569948,51.125580606370285,193.64849869294548,1215.598733497362,1027.598457942222
1934.3823150795301,8754.711535666802,20.819687021151754,83.109323218941,1139.3692630238822,774.4320675957881
2293.290177956031,7810.001737520194,39.985508764309344,76.77275734961437,1279.0907567268423,1001.9502123118103
2618.91829888148,5645.446099643702,41.85675102554194,126.82274509780403,1268.7952561062261,1356.3079268890883
2283.1905443838546,2395.101969299195,70.66895205431236,50.9408472390359,1091.3647535498083,2354.4671073897625
2.6753105867689757,1709.6870625073414,429.87292984657506,37.28926449238844,1018.2824966909045,3351.1602912383887
11.954691220755448,1823.1485453613889,511.55301611401035,22.479171112063003,1191.9413948130655,3192.1524325946934
0.4316817569071721,1836.296513862492,813.3501048274045,27.134427972209753,1373.8819590715498,2685.834564604402
1.1472954990795008,1326.817411662,892.542214923274,9.172290969983505,1542.8498280527704,1801.2090488923905
11.850658076409681,1270.4199859863386,0.0,5.2951890322950455,1914.597998912947,1350.6569558481592
22.121089029859583,1279.3890372211677,0.0,5.128034548141573,2359.895392484743,417.9151247911059
44.266838635111725,1289.5338938964746,2.834747227509887,5.103126643421871,3007.8586544951427,39.78637567637824
64.46218068897957,1293.3236091363506,22.053651393160706,5.19041915391155,3461.1784847695158,13.020724666920938
90.30827233497142,1294.706026880799,64.95220943352524,5.094190917789374,3844.298022032388,2.4829839296701364
117.56631745563254,1296.891463912606,90.01212622930815,5.229291670712902,4209.342595196061,2.4862306774039222
93.25864814178783,1296.1843208224898,275.88001499284775,5.094464562736514,4438.4358496775585,13.107748383319304
19175.570468219692,1331.4282261154822,349.6549557110058,9.335855202121559,4598.798377988373,376.31079478892934
99.62879928079158,1336.781394595926,12379.198960441863,7.574468034134747,4398.612521212559,4295.035219154707
517.5728546076248,3619.2837000683944,4177.022983527035,32.37890415508586,4366.02829734282,4846.830918889336
1182.3016909361538,5159.873495785581,500.95840845939495,89.7510387926434,4128.927701538306,4345.482938883233
1665.5162669146891,6502.5708066862135,246.58643163577736,102.54940748312343,3959.9911795934395,3262.5104638079106
2138.819726339665,8968.204722114815,188.63105715827933,106.33171234777608,3726.9896722013227,2653.2608519847054
2696.6683444585915,9817.915816179731,86.8368839707958,148.04522377794484,3200.373801877238,1707.410681748253
3363.0658382550773,7267.973320999767,40.08692850456448,208.00164632853813,2570.981535331505,1280.605424751667
4084.2428079499277,9554.668429003905,14.391924764825792,187.70073744178845,2159.00179910226,997.9058233234342
4508.335274948444,8568.70056295228,5.597078625941447,81.21663570350192,2051.29204056385,756.3462964197001
4747.232591126415,7664.032980462233,0.7588411394055138,75.06466648800348,2046.0932813341622,981.8435110119807
4580.317445755217,5543.775167226009,0.05133177300386745,124.19355125230368,2376.8106175718735,1331.4093149737446
3794.618270975435,2365.453643553584,19.166156242947565,50.408436934466245,2342.764787602461,2324.755020989636
0.0658208837677788,1706.184131275225,490.0822195540697,36.855958428676594,2528.439524636849,3335.7276940767756
4.2431233791888925,1839.0437123448414,633.1424225764299,22.60104914956993,2974.161046981647,3208.9691663123454
10.613970235104455,1850.2739302060365,956.7806191719358,27.343847303938738,3331.692857246867,2699.4625812021013
18.097390797431796,1339.6069286866486,1152.3732326148606,9.058609900421967,3853.8902448922054,1807.267673134134
53.670471977097044,1282.990132870286,0.023187203730202274,5.410174570698622,4689.775246774387,1358.19208916665
102.3583518910846,1292.0324891972941,21.987094076114136,4.957058799347583,5458.1378528842415,421.89451683229987
161.09591524304258,1301.6149643395029,70.01720778127073,5.314535600968983,6339.009886298746,40.165319719974406
199.60373703933462,1303.9653940800372,290.37784024855375,4.994619168154908,6950.645728000506,13.151485406915329
277.4260358832171,1305.3439839681205,422.603073484018,5.354971199881818,7715.9546321668795,2.5041366977500146
356.2261126885594,1308.0374335343736,860.9981158209768,5.029073281046755,8160.587377463326,2.5122478500442775
261.31249538461236,1308.0217856408474,832.0719326413395,5.3803063310851,8076.856137942708,13.250907373685202
16946.010363052686,1337.7911519934305,1148.5412618280059,9.361973296977476,7798.24831377555,379.37761695513024
3.323890100606749,1334.8463859831181,15051.383067091518,7.6233851634909895,6919.668742302517,4335.992357718988
903.2832589764593,3628.6919477440592,5487.048004342919,32.33492558681059,6740.613917692053,4899.537293998269
1564.9087561062001,5214.654282594987,1758.4908060583107,90.87022161650219,6892.215030504632,4404.319709774114
2109.2692227965927,6619.935832580437,1098.1976733294243,104.63265330765147,6473.51672483788,3330.52696363308
2639.141638210066,9122.506474530279,647.7061494216382,108.19519922879168,5881.700608061958,2705.95003376977
3114.7408141924525,9965.302071041442,290.4280423741825,150.38170000954634,5249.946679883557,1737.2285520393434
3607.6045838806153,7379.469027091051,137.40077658746372,211.00448695783328,4509.608586908286,1303.111519963052
3949.5116154847483,9721.126278025371,41.74499414998784,190.9834053432461,4198.14715033998,1019.604376287796
4193.071679007581,8743.440618268934,79.49453454192718,83.0691440509585,3941.184807464515,777.3950223816107
4445.734190066936,7845.696964687867,80.78359871481227,77.09040836394298,3604.7230432479614,1010.4442424856725
4658.3850296808205,5660.6850408642085,56.165287654932,126.87969220551872,3258.838872815646,1365.6801761789573
4043.009820920921,2401.5426272539403,65.15271791162876,51.228396536644695,2696.3430063065707,2367.455897958648
2.5531029193075585,1722.8927346970831,480.28349186280127,37.1950623055823,2431.1363208522107,3372.876239902782
2.11016631894082,1858.1111855938702,524.7388742953151,22.750112259160357,2481.606272157626,3230.585189425886
14.023767551489524,1863.1804118182597,748.3901001317282,27.638852732576414,2501.224400126202,2716.1949743838236
17.655217814702432,1348.8020136188272,793.669679826292,9.124619917671856,2589.1157671935566,1815.531504030001
44.865938961189315,1291.4395385371838,0.0,5.431220608378293,2944.976086567343,1364.7403512409403
75.57383023566665,1301.815384829621,0.0,5.002319442290216,3310.550461739092,422.91972815100064
113.69516165575939,1312.1625342990997,1.8952676959287127,4.266933914127384,3663.7498609468666,40.19008545819246
123.67986530620631,1314.1109857111094,14.243431833048716,4.004526705282188,3781.2753087119463,13.123854937859988
143.7412411870418,1314.184396062253,30.203250815753815,4.234989289865488,3870.040148636158,2.4926564978647594
173.85104284404264,1315.6494021880103,38.58865062872399,4.046793219768988,3936.999987180071,2.4949201832799246
187.654955961232,1316.7485980602619,66.96409143581229,4.19870389121861,3932.7681134013187,13.16759767909817
216.3945087028665,1317.1918835535291,73.00187471188445,7.5236300871454365,3740.687886219582,374.0352911032134
17.035741639784238,1301.7319827885026,107.33952864290669,4.239746948955461,3343.810880274473,4228.783038122423
0.008206171238722406,1274.38566107355,99.3270934015014,3.988328682483459,3182.1034914400657,4772.812565450959
5.183165401538082,2228.078692117301,98.25933464584496,4.126023681570606,3341.6476443032593,4406.141178444839
10.46163739116815,3442.7082560138974,71.14427431266941,4.008145902377841,3296.6908357882244,3376.984616408626
18.96602420416126,4935.167106791556,62.78386226314444,4.094205346001985,2995.5794045197617,2768.9952346709083
37.97248355740827,4907.624219670802,22.971487860037826,6.15776812673219,2441.952228031454,1791.7689638369784
52.34326727304861,4872.485468662899,23.988501786071666,6.288935387802714,2199.3821552945556,1356.1748355039983
78.57939471145184,4842.097708742841,14.24222513092122,10.125868513527461,1873.0471907339663,1069.8503884380623
105.81082161270449,4808.097844138473,15.255077752918856,6.3640926557351785,1717.956884511023,817.5085206868931
106.23675045366991,4792.953601293761,17.93014596290602,3.8884936261558396,1786.6387561486702,1063.8804879853706
72.57380750466787,4816.030907453261,87.96151089890556,4.1296688845274065,2036.1353773609612,1451.0472649354904
0.05318917685542013,3425.1826584451223,163.7175908100573,3.9767787754343558,1938.7840409089374,2552.0385544814703
42.531151521784714,1283.8360512370546,309.3514491123272,4.211909052018809,1869.034132644591,3560.6911380718107
63.90484651332603,1294.1611164480273,414.7702483992874,4.042745850259851,2208.1552106757167,3245.00854163643
221.73733491784276,1302.7381426615586,776.2668328061673,4.220375285853928,2630.5629466511955,2732.1277188566396
267.9771664369709,1312.7483360234162,868.775778112006,7.568604470859418,2989.198008730818,1825.1970385986542
390.11593285753486,1316.192039158768,1316.8734815698892,4.315748207843343,3605.733684765982,1390.3544648346474
491.25916601820995,1320.402381268236,1443.69398156008,4.10941264626709,4446.791861197009,434.0120545785913
531.3589235267985,1328.0468127577444,1895.7234053768327,5.3446232591035585,5246.870970131182,41.21827289405677
590.6414961364834,1329.735296990521,1815.8608788319812,5.209424192810762,5696.575496149853,13.444592798000874
655.213572371875,1331.529812365644,2437.4972028266106,5.381857399733243,6035.462501450997,2.549232642537831
729.0406284910836,1334.1007353227335,2390.4490747571517,5.220430081996859,6501.166387208386,2.5524683088533227
534.014128232352,1333.4234019884407,3263.8193979550024,5.389841102417118,6888.648866744639,13.510439544100784
51493.00125793596,1372.5785911538046,3144.3892596203445,9.362593824089876,7153.192387115488,388.75781940532863
4611.1350636244815,1401.0782983817803,33963.51079185428,8.239623815036248,6857.7946931731785,4452.601767275628
151.56927881473575,3879.084736862127,11283.795653502182,33.81157241100355,6981.117899170365,5042.03313360115
30.54773415845472,5582.760161696873,2440.597147218308,95.55948225469332,6536.476158965953,4596.860790153381
216.2470857969793,7015.415157023178,1116.913643154388,109.96840769194701,5788.517395328078,3479.1849835138564
506.3778449979628,9590.836501056385,790.2042832660186,113.54726238220357,5029.0873644451385,2816.7489678961765
919.7172309153119,10422.158072622788,491.9502731533076,156.6119558094306,4411.465401240008,1805.1862801130048
1391.154478295399,7702.685175129717,429.71430955166335,219.94034538332286,4021.5470088434477,1354.5573637064524
1843.002975642811,10124.046324309447,177.97969328571324,198.26835418605097,3954.2144947869833,1060.372454125958
2061.614487514162,9109.226723323729,288.30489051920864,86.40612230834789,4490.834927847437,808.5373622540113
2295.0062093898746,8193.294875921687,418.15317357799387,80.50034677673217,4906.084102598405,1054.8327594225905
2547.6030269356943,5939.6905052478,450.33070835911604,133.58813221039279,5059.986945083754,1431.6723409833328
2202.059812513056,2526.7556731796053,548.3616371946085,53.8304272816291,4761.220574827867,2491.7415058529436
15.074470751037019,1793.7091204430765,1509.9991834927998,38.49324365729577,4859.650939512228,3519.564867649076
3.4240109922813406,1904.167552241569,1748.0536172427833,23.104716814199893,5356.626911290468,3313.9917110193132
57.70990928103413,1909.7652342586057,2376.610933203102,28.145914967736285,5724.562255885622,2788.1885852532346
82.57766389989479,1376.4525502754707,2526.8429317146256,9.515848022816803,6122.289959717874,1860.9143231372857
189.28892799185098,1319.8794698246732,7.836680201715064,5.48224626062205,6878.899058936488,1396.6087733869679
255.1070380297536,1328.3551793284387,267.3546465284487,5.101918536600251,7627.422779870489,433.77129195440244
338.90998120266585,1333.5142769106346,586.8299320876797,5.3798073665227495,8492.492208461968,41.26601954983633
436.9640687266605,1335.1770449218363,1302.8184986374486,5.160643694524033,9117.042439153322,13.486344834608493
541.9949344753787,1337.2018592079362,1497.4973459178402,5.420063764299714,9755.256039439604,2.5541926515309106
644.7127300272148,1339.6502106266992,2430.062862795515,5.187144104391275,10256.963596781428,2.561233235103836
700.0025190973296,1341.5017478162688,2451.5162786331093,5.447574102789865,10719.379788268443,13.578610362016033
795.7036078695178,1343.4127017110616,3711.089414981297,9.084678799729234,10831.802470546596,387.3154891379007
379.0561234529672,1343.2056526577956,24937.314669825802,8.120045760018629,10771.388545294094,4451.062229241363
31437.959260341093,1375.0641863648266,10124.72568045832,15.188633636540885,11185.830801234159,5082.905815704645
3270.667680866669,2662.3428377728937,3454.84131909854,23.824171662911628,9571.135366785333,4636.702982166757
1505.2698295242617,4074.9963601073373,1643.1148342383572,40.24720115202214,7870.885056088418,3529.5395681147975
198.56360399203692,5685.075239647562,1373.5983474051925,34.40928526110966,6507.147295066089,2883.2253290820777
24.890647788610618,5560.5446711524755,1072.028798616691,46.15180900319511,5460.984007744557,1868.349679087049
11.095807951539248,5367.721577870326,611.0488040965363,36.24723537455355,4435.466587548642,1412.012503377943
93.53349331508159,5251.130695666966,309.65212064656276,33.36318649181687,3748.311905627574,1105.9798355472678
210.016537685924,5160.840101914669,538.344613385558,22.40479487932436,3416.8754621102344,842.4148590672404
18.222941668135295,5244.605026283943,621.5580068360553,18.35874129978809,3465.0269101740696,1103.9711458809436
68.47475346302187,5364.974720988891,1265.5831899607513,20.474771903047838,4038.566732946806,1516.3656106807716
6.68325053491218,3633.6738511434387,2137.7969517602983,7.7545290223191135,4134.855061323084,2650.5361178924027
6.268184718217433,1304.3525289189695,2.6691504873245497,8.016915181143363,4131.579896237816,3622.20072195431
11.26859365463413,1307.5854670627086,134.21195199843433,7.76882055401929,4227.127558068447,3290.1637979747898
171.91116572474292,1317.6627418926953,298.6286340704154,7.66582263642335,4790.1361649583405,2773.5562419368207
256.8388875000876,1331.4605723636969,787.7153436680843,10.945032541709784,5460.829360151946,1853.509896744899
401.5000340991461,1335.1440233824312,956.552003861964,5.261501341992145,6338.265695680075,1411.9833844610675
503.77462939127565,1338.8443228259744,1724.602790910178,5.419692586436621,7320.467281963898,440.970655941491
645.8433120530308,1346.4470824508608,1826.529302369093,4.107560275495242,8545.117935194641,41.82942066363929
761.4849178415641,1349.5491694637917,2931.3246302512844,4.401000004650795,9285.544970541421,13.643676053206086
893.3849795723681,1352.8666311061272,2719.255379330027,4.133910506307024,9873.142516327427,2.579215669875068
1031.864188290306,1355.4924972264314,4028.4744264673604,4.390012354328023,10443.14330416315,2.58477887367059
1113.483583493041,1357.5331985229222,3613.887143270799,4.17259131974472,10783.632219303714,13.717096036448636
1262.7119416561345,1359.7478079456941,5232.933256351335,8.0435871891942,10753.479008340757,391.4038451794827
647.22547283818,1355.9503471864246,4639.35645589569,4.202323628228121,10430.097414236468,4441.527473672153
437.7783017623858,1347.686202458612,5402.011921595255,4.378873036435972,10035.07201664112,5024.46192374574
183.1506761280823,2360.777556379473,1846.7519778015037,4.168417652529751,8764.324513501231,4619.657339448855
67.13849689631901,3650.0530963576057,1281.9620070599954,4.321422063671614,6714.219982132565,3534.0532897265175
15.460627662437876,5197.163072853159,689.0485541797044,4.151860823869239,5195.330990072428,2891.120007374312
2.6375027926288843,5164.392665434543,862.6527695902072,6.553619979786241,4570.089299546487,1875.4082341962032
13.419662435664106,5158.6576558174775,790.7717249201592,6.4016616634167285,4809.6323237666375,1424.6899814442602
1.6070305743635132,5159.032763104776,1298.9620633633588,10.95218429008815,4778.182152832298,1128.7284628717427
0.12338756384534968,5136.180838934108,886.1169425397512,6.621699172197561,4549.807488487301,865.7688891785147
0.8324976315463767,5132.164824482483,1812.2781895677977,4.195480110251252,4867.528314100079,1131.03633460427
3.883048956354798,5147.616957240933,1952.0693328377406,4.063685604616314,4894.818884767135,1539.6087230650303
202.32521559862815,3619.504413892107,3025.1216853424066,4.399241923165784,4458.601285223642,2685.9453788392466
419.5002797003497,1339.4347494642807,2587.835024673525,4.130511097094336,4145.557314860606,3703.693951964615
458.64628676501525,1345.2415284536864,3718.5502982796556,4.38198297114348,4335.216253251543,3375.0433624782113
755.3845034733208,1349.831744523831,3072.5824572803367,4.173945937846915,4478.228814206258,2834.3585310795816
822.1216268183059,1355.693744001093,4213.969217286185,8.03829164321354,4699.809005549267,1891.2420944997393
960.2110683811202,1357.40752165425,3495.2143655458194,4.216950745728606,5300.526739493067,1437.932635164993
1019.2083615606354,1359.1393043044657,4658.358273972261,4.399245942578837,5905.938784134183,448.3018735307508
1012.9181092872094,1365.280935993862,3462.9735077715654,5.280879983513416,6412.804060286343,42.42346376549788
1029.9735931557282,1366.218248556258,4363.20791173004,5.522471694411074,6500.694055423067,13.801318431282452
1081.7789805909404,1366.7324459320248,3493.881065945872,5.297233792512725,6699.99740451608,2.59996096399982
1136.3952543273247,1367.7298803410295,4583.3548200567175,5.536597032738606,6824.793215274049,2.6017487804672323
795.6869823831049,1366.035315441658,3520.955968803509,5.288592319751587,6672.094612219978,13.810479215030728
79162.85064789135,1410.726362083456,4489.751203209173,9.910420311094194,6399.506353747282,398.97206259634953
10660.31858757239,1448.192754328982,44406.48771215583,8.383721667178222,5731.51904211497,4585.801430239331
1034.1016519398445,4026.3084838535437,14888.959884943455,34.95818554336115,5832.290042003119,5141.939370651062
333.3772743562483,5851.707800836218,5958.554754294132,99.34314155976313,6326.959087816555,4729.107945593249
42.01881484954528,7455.362435101403,3698.722373437928,114.77713135922376,5939.319488675906,3607.567248367633
12.75199681456787,10218.575769760108,2234.575603449985,119.9704649437249,5329.175365357259,2946.070062960146
108.87925844474348,11088.632854995167,1444.281854803814,165.13745625897,4894.35165003057,1897.2969605660146
264.7747789799497,8201.47298808247,1422.5811050572727,233.67154955405996,4500.131006922812,1429.0251388186082
490.0479796912043,10761.923969334646,690.6045424130293,210.39393022243826,4126.017853100848,1119.7220843271318
758.8346547667707,9602.453298850698,519.2158984556262,90.50754336362718,3839.359287056438,848.7761890790134
1029.9282172435674,8542.876526692253,480.39624827399234,83.69036292687152,3739.0246070070784,1097.4158026324515
1293.8726326164385,6152.445297851301,494.37552380864696,138.79109327624522,3578.644677337229,1482.0610204516192
1146.238637591954,2607.566552390384,532.6025927086489,55.50148972606464,2997.52666176372,2572.3338762808344
7.6903378146852726,1836.5042141595702,1112.0971352532247,39.497797213059066,2734.367732581862,3611.8963778105885
0.17746774246138491,1936.6191602521326,1215.0179333667825,23.500474433675212,2988.444427393803,3376.4353796608393
32.147208555315586,1934.681748162324,1713.1558639782934,28.377595678199924,3254.9757275702195,2838.297090536862
46.02683117037562,1399.6550851520751,1866.0017605913877,9.764431353541054,3610.5257952128977,1893.4144290549405
109.36443732134693,1340.9125687191022,0.15124742221980997,5.499007709563551,4317.947845607206,1419.2050219735147
153.96206938228065,1349.7310823146934,28.53114928951148,5.21918254871825,4867.590817343068,439.430283121974
208.24598285282295,1355.3140084184845,141.72669448204047,5.361906320212187,5523.318444843356,41.71288605697647
238.55772001294392,1355.5117597213377,268.8327218669001,5.254020907099176,5968.604143469222,13.58949483526197
321.572108203597,1354.6990924829465,620.0739465782815,5.396322196953095,6677.720932020469,2.563184143762015
383.9654454727106,1356.1716825896722,684.0469503019084,5.274203342990175,6834.339278746247,2.5671542690958518
276.57288295330375,1355.5340024614688,808.7761065331352,5.418626721530519,6442.155185077021,13.660130604283207
30816.943522366986,1392.8545077445485,737.7780338477056,9.442072867887687,6157.9200758676,394.52945940672583
1116.322273912123,1408.2497268448856,17939.734255253865,8.226285419105452,5675.316774230158,4509.228891093301
79.90506342483195,3851.209177161838,6061.639205592622,33.75191451975925,5702.211459805916,5100.841903995309
517.0978121164796,5492.717684086522,838.3373643679233,95.03449747326063,5009.009575791261,4614.783076167008
1071.723658059812,6870.094907906362,272.8381433588577,108.51542409065755,3777.7977340669477,3453.435792438235
1668.4408844658374,9360.843984205409,79.85900734959733,111.54239642240785,2901.3512660239544,2779.055360968489
2316.152866420773,10139.576510902802,1.514190247691966,153.33287109626056,2196.265758494176,1765.4715919826542
3080.6835962601745,7483.576466931691,28.523872327447474,213.97091760935683,1714.0901685643703,1314.0037607649851
3805.961123695754,9893.814391513026,116.55756622712418,193.69030819803524,1481.5610502362738,1027.3231802456417
4356.84699937751,8907.284703026413,68.18593921637238,84.0944367333254,1368.1314783109747,782.2851310206839
4510.684423219285,7943.776748205225,6.574232832775486,77.83908909115056,1413.6642229897031,1016.5355023481181
4027.9264561201753,5745.660055606594,0.6284530437848105,128.82167393001868,1738.6027134444485,1382.1884003919542
3611.335162181861,2444.9265475663383,1.591393626414458,52.10583267076656,1688.5100123126351,2410.6740518640245
0.20977375384859953,1758.3466333143342,290.43643188673553,38.10378368271348,1715.4441940866343,3451.973049199849
5.609130993741212,1906.956091703108,366.1854351211735,23.36433162061286,1888.844277432458,3326.2044944732074
5.644861728786137,1908.217116643051,597.6140322273735,28.123212450261196,2125.6260059325596,2796.6530289114
10.015296392580227,1384.370312489973,746.1922856266364,9.33550213350177,2444.796079056488,1873.5980933908136
30.892655896200086,1326.0960610121092,0.0,5.512931630050251,2910.0726774817363,1408.9191989847818
46.2507933896448,1335.5335101308385,0.01120154265710803,5.1473871964520805,3261.8699657751877,436.39012055495044
72.228482576568,1345.2483065145882,2.934043706554326,5.351165898356832,3504.8045098858665,41.36869086666534
84.16056574612242,1348.4253468460154,9.954407364296122,5.228718864757019,3628.145530540265,13.464504007550422
103.76536029688518,1349.2989677579203,30.51602812711376,5.32268452159455,3781.5115196438464,2.5331264367204
123.19523909324323,1349.9036559867652,35.19735103748102,5.307659290223698,3840.245885548626,2.535401040876917
81.82179187198322,1348.4402811134432,66.69256536398852,5.271891460156748,3784.27884620165,13.509614210486635
14559.21100814862,1382.886621346217,58.06688706878055,9.588495748859668,3641.4956074737347,391.17763353971884
12.91438903912041,1372.3313594783474,7562.214137937576,7.698048851645018,3199.6810202607294,4465.353275497754
1220.5544155230048,3675.678515229964,2874.066565841087,33.15383088791466,3043.495310023847,5012.481037713654
1854.2954772160435,5275.813903753598,794.1016615606078,92.20470462868458,3757.959474311481,4486.12413841896
2303.6220581881826,6722.120089627415,661.3794221863794,106.17743027043227,3910.091304558925,3399.130731724032
2765.7455974598633,9300.756814763006,420.8781413194183,110.77815467702172,3568.575095474363,2771.535891070967
3149.900597242466,10190.034761695593,246.12758430169686,154.02706414408374,3344.732107804341,1783.7725505902406
3531.4686690155104,7578.821940977627,194.1445366679114,218.1607422566856,3156.34907682215,1343.416460349137
3998.645970972367,9979.10389907824,9.619986146323038,196.74454577470627,2728.390569659204,1050.5228233824662
4438.980018159649,8922.773132229013,0.00020032843020241533,84.47488231933018,2364.857691083242,794.6818291046377
4710.560900453873,7966.890612493169,0.10076794532862579,78.25692328401192,2263.921699430213,1028.306788269875
4904.690814128718,5758.435381384311,0.026179832774711212,130.13685537872672,2077.5410961645684,1391.0642306028199
4243.805706680807,2442.3494390497704,2.3803528067672803,51.739098156197706,1661.2901710291574,2413.309990156296
0.034346183887561686,1757.569701021701,279.41762798909207,38.25671879124183,1497.1773457335269,3455.7609589390263
6.325206545792652,1909.666688619156,332.61617229613074,23.162005737750647,1576.2350944222153,3334.590074843816
4.132030697257513,1910.7567967082557,488.4119317419343,28.080465087469374,1598.7522420816344,2802.101951806116
4.440124856546475,1386.2074239307487,494.5136029595796,9.659874293373798,1586.9046963757214,1876.0732717335325
15.90891060593052,1326.4567962677747,0.0,5.242028346921017,1706.0019364639377,1411.0902593108005
21.490418123250944,1335.5401709293237,0.0,5.402537168485273,1849.6076163667883,436.9665875697217
31.542739336963564,1345.2428461764575,0.0,5.169939683189547,2008.3064125670755,41.375798443753276
36.50225193908122,1349.1605177103402,0.0,5.394550245462089,2011.2792548945974,13.454583611749207
43.36522676140401,1350.3824637369767,0.0,5.222431611695921,1959.5136365222854,2.52400460093345
51.84792729507529,1352.5561405396927,0.0,5.356398961384263,1981.9971353635378,2.5247274714551065
27.657148104575203,1350.4069321099157,0.001511391623580482,5.281203508558223,1967.8670202375358,13.453338599007912
7592.090155013833,1381.157892526856,0.07697917318399826,9.370796834657995,1800.288737960397,390.2903880846832
397.5632701124401,1345.6982432884095,3658.043290151758,7.830071955176491,1466.5575200770052,4418.079085036229
2206.676882400316,3561.317329003773,1366.1772484050784,32.00648891063623,1340.413324550709,4901.173792603802
2741.050991846608,5128.340981144799,194.16342820881837,89.76173095107741,1798.0632945949844,4376.901077893445
3167.760693481458,6537.3124130211245,133.2678488703865,103.76103435472682,1920.6694100226698,3310.974545783272
3593.154013774166,9063.201619788244,75.65476725991915,108.48216359075973,1859.2640992884183,2702.6411971902867
4007.3987080730185,9945.471656444613,16.8567441420963,150.65801620012985,1798.8313138147516,1741.2557695757941
4513.623793254991,7386.254656599528,0.27220806917818,212.08644040287234,1516.3468511231295,1307.3855892790402
4997.780547560204,9767.613939669249,28.851499803727304,192.24611746091253,1279.5854286226354,1024.7582198598325
5341.528567181513,8823.66169512204,19.226667973503762,83.74482653673076,1275.8477490573405,782.1209746694037
5573.379635581867,7905.197506854053,16.578593036436178,77.71132182164597,1278.052585815423,1016.084442993423
5795.650871386244,5718.943466218135,25.17413744343031,128.19550812244142,1167.220057563499,1375.8381230614536
5066.8657685722965,2426.874714084875,21.72889955978622,51.61599496733248,883.6909210716634,2385.5611968805497
1.3079615268865459,1744.6959586470714,85.44561001577648,37.88560635138137,774.2175327760838,3416.3536560191974
15.110816510357507,1890.5843058220837,123.85089549802477,23.22229248044044,883.5117779497793,3305.8766116045413
0.006276407478334893,1897.9498762326182,253.1001799488237,27.991014293767265,1009.2401229554114,2783.719683193374
0.0536804192185456,1379.2522328693265,306.9892067917227,9.382915370158232,1182.621353766706,1871.5788685117752
6.570649671286753,1320.5110405084583,0.0,5.423412995658889,1560.9205398678682,1410.3042206611835
14.218095761062179,1330.283114866333,0.0,5.267601123001906,1997.4054619487238,437.2519693033188
29.417325038368876,1341.810825755486,0.0,5.236797811757504,2596.593435981059,41.41562072099479
39.72998560027758,1346.9646437540848,0.017157395870090044,5.3373990938222855,3061.809564599268,13.466344827453387
57.19834933957345,1349.3305270126627,3.60854189361412,5.213787547663356,3314.2554187421206,2.5261642221017513
74.1599886363755,1351.6991937959108,11.48594673231711,5.3441333639170985,3448.2569791058763,2.530546526315545
46.52978489457448,1351.4394753324052,27.429956949105236,5.2155318794198875,3466.8593645566475,13.534924783796662
7061.815209130094,1380.3318998650336,30.019487333251302,9.555420281155731,3386.242229115152,391.75629646825524
451.2017901329684,1352.0389860358364,6088.458107892621,7.561863979206809,3042.0976917616,4447.160008844151
2134.7275025694125,3613.0876293466963,2234.014881511125,32.929974959109,2934.9396438374038,4967.76161435449
2887.9634502120894,5192.379070232857,176.86869507047828,90.78289621963313,2971.073872809425,4432.174525652713
3440.8942806793407,6565.34307968978,38.26794596318865,103.74395601083117,2625.9563359599424,3325.9850965895525
4133.7536891859345,9049.766171803965,15.258269953424174,108.24069042684457,1859.8603160340442,2699.366534790171
4806.746724861495,9899.573897711287,16.234501344506608,149.39187717994255,1434.0429907449561,1730.912876935374
5190.732114560673,7370.214365587537,26.359731930957622,212.01108825950718,1308.8374563116681,1299.0062214272693
5598.784368129704,9773.824739149826,48.29932223440238,191.92959496147722,1134.0923051987518,1022.2810122158006
5963.723402605024,8808.505284585928,27.725512314352443,83.1923822495934,990.8478147524413,780.7735168619938
6064.92951434897,7894.654712238009,25.089735167250435,77.36837875224066,1001.3994386893447,1014.1137670036678
6098.004244147314,5714.938940325652,33.54711566306676,129.05339730760943,1047.1112090358436,1374.7969466913423
5271.28570776379,2427.8171459203345,22.582612004051747,51.614178872046956,882.05589320226,2388.2478367558083
4.245251825482708,1747.584940311205,80.44449417217834,37.65767340726583,791.4844488397172,3422.519399161149
18.55807584846121,1884.8925771329682,124.39836446211987,22.983582077017125,897.7375827777886,3311.89644154106
0.3145748428972256,1901.7531983463223,247.51158578536604,27.95412151227077,986.0655765202156,2791.2566140302642
0.12767139872402758,1377.232336800936,297.2657939625235,9.657171627914183,1119.0209462776468,1876.6340188342422
2.691799235699148,1319.0563688702164,0.0,5.439517313074048,1388.699722413185,1414.159543439561
5.336533427465718,1328.5780310216592,0.0,5.1508202342646525,1591.0105990882414,438.48802760313873
11.549749076376996,1340.9653247634078,0.0,5.352549029914445,1837.9040198510677,41.51296388804281
12.484442249857999,1345.4012863883636,0.0,5.179263838660315,1977.409351593314,13.489994598164987
31.35883399217106,1349.352215739517,0.0026409033908700087,5.381371235676863,2307.5604477367615,2.5252929527295414
50.2712259109367,1355.538586855263,1.0908642115400544,5.188161119161474,2540.3901172482315,2.5286050168841028
50.40340294046343,1357.1069445843389,6.995286881297612,5.411715812365334,2554.0348978479637,13.543563864154978
59.1437928221779,1356.2855241475877,10.520404981321786,9.101450167753006,2399.5581526058586,388.2430987234571
7.312897073431675,1340.8149476326412,5084.356919876596,7.949760189334139,2037.2310656650316,4480.60373260842
5182.385803346312,1356.3991608427893,2193.676181925914,15.047328213201267,2027.9864707160298,5096.03420764512
0.3104169101959449,2591.35217835982,1198.3215641102759,23.3054315430606,2265.22800553956,4657.236290545696
123.53530741646247,3870.1239623975603,838.2193846475755,39.399072854880686,2262.7342982833848,3570.909932961099
550.8672825179394,5364.08478201458,582.1800047038585,33.61189862575224,2066.3387948167124,2887.3555831066114
742.2661663843584,5269.43574975692,472.2732496588526,44.75697279487499,1992.192320841667,1851.0826000094034
910.997261135059,5143.796309864447,409.51921973707147,35.53400054714117,1943.5364041500675,1397.8564405142108
1054.9713205762948,5115.240788656684,379.85318975573045,32.71306131436988,1941.3529293673057,1100.9054801081777
1155.2051801713526,5094.959615811574,678.3475725490478,22.251454537215082,1986.4908039598643,844.2987368711059
45.00016000861182,5254.722963470835,807.066556892233,18.47155609248702,2072.515656072696,1118.256166675382
153.87795169949476,5414.502138293188,754.7682314748444,20.739996294991197,1768.332032481736,1547.1912710627291
40.82701163628735,3652.703230840892,708.1548274672041,7.8833882520121765,1219.5903523918616,2689.275148596213
14.646068498927105,1301.262253327474,0.0,7.86879438676755,950.0382148884007,3676.0520568625448
7.895397499668589,1298.2563019030772,0.0,7.827421619263879,1056.324498982222,3316.97566447341
3.8388674863959396,1318.7464115983887,0.0,7.645036885358144,1184.3034276997498,2793.3520777763165
8.007527826445623,1340.8828718723826,3.1355869799025984e-05,11.041254431987658,1255.789769132144,1870.0463904025266
27.917201460435138,1347.6749531838295,0.31289503102625205,5.468643830985025,1490.6891498238804,1423.4376640827763
33.07190539144819,1355.3618532342773,1.5350759798923794,5.224794632425463,1626.3939644248533,443.76261313257936
43.598691602252494,1364.2299466998757,1.8884917882614647,4.316770055533295,1708.4320273729982,41.96314393258756
49.225172029911086,1367.449994319128,5.368854903465726,4.177532114929762,1794.0280176538404,13.626675866653573
60.67481475916017,1370.239092206431,7.893150685509597,4.1996924910915014,1853.6355808940643,2.5453041808393735
72.15834444877693,1371.9999996790098,13.893751874764845,4.275241805454719,1898.5709772421615,2.5473798735791697
89.88119435641484,1372.7908434463645,22.051639267991092,4.099280093874026,2103.4518407679107,13.656070074629447
112.50285494457019,1373.036301269169,46.00515584362226,8.053900474907195,2103.475953472031,391.8585017168794
1.129222263118672,1346.5543101921266,34.78827961463007,4.152892071394366,1713.9645727042127,4427.032624571157
13.596729798806136,1306.3735725940994,52.24853872411875,4.183726664081997,1680.6377752985377,4984.070856450357
36.99704293296013,2280.505881938835,34.07790401635179,3.98144562110698,1853.5088588423255,4580.528652090997
59.113751631855855,3530.3175722461488,21.228229400368054,4.254908029583724,1656.1676987080803,3506.842890478645
75.15684400993639,5045.601558391009,8.51245184387203,3.992190765278818,1517.7569225701743,2869.4405664050755
85.96419107309197,5032.765046673645,11.358116418336884,6.460052377415526,1494.439833285739,1859.4406540304713
95.35573582562135,5019.798458378422,9.503254197154417,6.1882021213871985,1503.7734934183088,1411.3412290839824
102.42691997443065,5010.332979170253,16.99085849037934,10.747740415273295,1538.277983064157,1116.3659576259056
105.32687733563442,5006.283649007347,18.634167160119894,6.531430615520248,1621.8754433999527,856.4472708528054
103.73526971403385,5010.548157003949,49.440566572232,4.0200332023931695,1696.2965908574383,1118.8801604217103
91.42828035204106,5026.136098582658,71.75391513594529,4.197676062027606,1793.353737947162,1524.3866914539083
1.7059310038912905,3560.1649428426435,222.81004363404358,4.085196739982042,1626.9106848275596,2677.856683016223
16.719697984233527,1330.3146886935149,218.73596917982854,4.281876892883554,1542.827534587172,3734.4933352078565
28.656484941945553,1345.3738169255678,546.4190554605634,4.1579745428827115,1726.2123527840722,3412.317742890276
140.86228573366577,1355.8122545390904,484.5680517602684,4.176553485639316,1927.3641063111847,2869.282818575676
170.86198981373502,1367.4203261217303,813.9693723178972,7.974662606048726,2173.4077447422374,1915.0488917594246
254.92685892363716,1370.9514142002583,725.9575975443606,4.39832329213647,2623.9778191843343,1457.1513117826141
312.90070606312605,1375.697782605109,1081.1022778593363,4.219788525756994,3112.9560417838393,454.31483251301694
326.9409294204551,1382.3644943578422,797.3293144080541,5.462446133248514,3543.169487317714,42.872815675342075
355.2017267472669,1384.349678230534,1069.1100015712873,5.363232463762123,3748.551108063568,13.906388595216212
385.1326724883313,1385.4416080214003,899.7589880943085,5.502004114968585,3935.9945573537616,2.591936850246626
417.04802660081776,1386.5565450434508,1280.472111401044,5.352573514967781,4079.0800416140582,2.5950761037175445
263.22863545229984,1385.319609165914,1103.0775716463052,5.505766986298427,4158.391175423131,13.934093405431435
58096.37012074709,1431.599109211585,1616.6533264609084,9.65507619185178,4191.045151081262,406.08860377881524
4366.053858105707,1464.0510361350332,28293.421087560364,8.478548200996386,3938.034760520013,4663.105693592593
155.7669269584267,4037.105384310448,9368.020331788071,35.10562567904629,3969.2388539399735,5197.048605557298
8.486045425086738,5824.286062914727,2321.084026030783,99.86416295297032,3891.9899124896892,4814.133981857194
125.1090371281048,7340.422413847944,1172.0417124480634,115.5023981796993,3644.971983272251,3652.1023866209953
305.4866374145148,10067.406921625425,957.6003878658478,119.1632546236801,3597.3009692894907,2963.4216618968594
513.3735365336283,10994.976674779251,719.9475726678249,165.65146408980834,3453.6631070021795,1907.795075581403
767.6136353610274,8163.3785328981285,793.4248415124954,233.65595196795786,3342.880759276571,1439.4877273194174
1061.4936843422213,10754.159428854287,323.5918429163346,212.0108240967981,3221.7479341219537,1128.8113371488637
1373.1305052688083,9634.300284557561,345.08661064352697,91.4381526575251,3276.521047478689,857.6099237974912
1718.2846987705423,8610.320902179421,348.858735397984,84.5487986299545,3257.198642986937,1112.7607599019248
2050.6382284752767,6205.421706965776,299.17262807840217,139.97411335934592,3004.981416796118,1502.9169418752153
1792.8800220716398,2627.764400207368,308.34718639250286,55.56817450330639,2466.5048289864385,2605.5365140824233
0.09049607499379356,1858.783115350573,833.3817457673878,40.58019883901128,2286.888203555456,3677.1134795000958
4.056455518057943,1971.7206702328226,924.552180704713,23.929571200447235,2454.3333645544853,3465.622581828505
9.52648534171564,1971.841506771829,1321.1697778083897,28.939227153724186,2621.1674300595164,2910.853758665189
13.811301816431591,1427.5509478985093,1385.5345292859968,9.89009058646171,2803.7137623615663,1945.4413294786973
38.981384330508845,1366.0804384867215,0.0,5.344229531182331,3208.1973186452847,1457.7779959511995
68.28762505452663,1375.438164740805,1.7831146453058444,5.494091461657108,3615.7946561267063,450.68232101477
106.94533000718094,1384.386049084124,23.797097724051568,5.221639460114581,4149.029714655024,42.611022180510304
127.31968579783037,1385.2933066170779,68.44109954834612,5.531743623720479,4440.724727228382,13.83443485216537
151.1201372751451,1385.8510602080582,78.99266420984002,5.235379873500869,4599.1379417610915,2.5762980017976775
184.1132925537295,1386.6028747363994,226.20319886437605,5.549172790298201,4783.310288072727,2.582229676784873
139.38337851807512,1384.8925110347225,240.70627371726118,5.228485270016705,4867.182727911642,13.889353086480341
21989.301733118646,1424.1324835160583,474.21197722592905,9.890072360168451,4830.1217014529675,404.3102244914887
231.23962050090358,1430.7705771356293,13057.993320749858,8.258990500102856,4508.6894714632945,4626.227952770886
344.7353980867886,3885.070103705992,4899.893586213776,34.251666666169704,4597.924978422822,5159.359539390239
843.9855903774268,5572.609439250227,1319.2984175590448,96.83152076426228,4899.010181898444,4723.571307637019
1320.7140512421695,7053.3749397117945,693.0098250053396,111.47132236083107,4615.892249314981,3563.8460684946954
1759.27399653034,9711.607997099742,424.0142760273645,115.91651882860596,4337.897831791703,2892.8576350658036
2236.15649560304,10607.09991984605,177.69116851786657,160.48836514018112,3962.2465648125576,1857.4632279000068
2636.653376285045,7870.269217241333,163.11240546026582,225.86525037928067,3872.047975353497,1396.3603195201279
2912.7347247380717,10411.130321418834,93.62059942144451,205.3311670426431,3953.0863282140217,1097.5752794859563
3159.460109812445,9388.93931618742,143.90860109720043,89.32660918879107,4017.6464014064472,838.6409454907105
3411.8458827751106,8423.01267051056,149.29935593903227,82.76381762133468,3996.908675037242,1091.405914291887
3613.490760747802,6091.683416001883,148.68097979284988,137.25088758548216,3850.6514220440426,1478.2860665095911
3071.5227127641333,2587.823394687976,188.2964040965384,54.82681697335861,3337.4230082690397,2570.2554794485604
5.479079839274652,1846.9942471856994,759.8862708362217,40.34199536756373,3142.499762045286,3649.526251277355
0.471269679883724,1981.4127140148107,829.918800908253,23.958260447230035,3272.009149358995,3468.450021110104
25.94745059709168,1982.2703739665883,1181.3074413902423,29.0010482162204,3438.344455734821,2917.349731357403
39.22373065241402,1435.6533655105354,1366.2541483502234,9.88938316192855,3851.415870914844,1948.2858622168394
102.25032755439892,1376.1945402551905,0.05305764330943365,5.368132558043446,4770.08051487545,1463.3535040720592
156.11412001840324,1386.3014995678263,29.785082927131832,5.490200952221373,5565.792317208819,453.640566679841
216.30714706875509,1392.4454227288172,93.96977893415934,5.263906179759262,6368.764602296037,42.889701751065246
253.81391746700885,1393.3738247364909,382.28880621414265,5.532121593813574,6928.322131673926,13.941782902593166
326.13989400375675,1393.788077902339,514.8268885359495,5.281559681285768,7541.941994527353,2.59661937132915
407.339952159983,1396.0542893853908,918.9869016627803,5.57745384483588,8047.092102314048,2.6035699881761207
310.5333177535261,1397.1435272771707,1187.0537931287195,5.28976472578727,8357.289083672194,14.047242668283053
18841.54279061293,1428.6732220028218,1547.5161201808817,9.942189595824031,8439.465096709968,407.77241397263816
59.02579143452745,1429.8876465393419,17466.944372717364,8.26380249314508,8001.696026081513,4670.071735991631
604.9993260603434,3901.9699988936923,6622.258506128348,34.543410825185234,8308.997087213123,5178.766538360298
1384.7638414093099,5589.648177026739,1082.4930737286322,97.09112429816871,7225.395220500714,4750.057285473313
2171.547363553599,7016.047028277589,347.2340218793121,110.90606792393305,5416.956797357973,3557.896418383068
2871.4972739161694,9586.183655855672,97.91499997159316,114.53956155282917,4106.37294133102,2864.6818424489747
3464.1541054550703,10400.245469032241,0.17492349263396484,157.43065284208484,3314.3108121276755,1822.9622153090165
4081.3852594411137,7689.098816397908,13.585498049896414,220.648658038929,2665.126594684429,1360.446743176324
4731.528242751016,10178.401201455119,113.59215076502385,200.06470026408263,2152.085219068798,1064.4737715727856
5233.145416851422,9171.465819798348,81.08695644533579,86.79649356362977,1865.9895583402754,809.9755288936606
5301.747319079714,8185.46973968588,10.533133069020584,80.03062124330454,1867.654461374262,1052.319730565303
4711.191458726786,5922.520870198577,0.163026732153138,133.34506824054145,2343.0439889684108,1431.6112345315278
4104.748717946217,2527.2398440013803,15.5292935103323,53.5101058365383,2492.917025067239,2505.3777560809867
3.6053399568421267,1822.3992640579042,456.76352295586594,39.823400832214766,2643.8702637004953,3595.0435694361145
1.4318113961291214,1974.4544562550284,583.9928954793261,23.877259897232907,2964.9638954939223,3459.7573258065545
18.753546007633595,1982.5541699158061,860.7127157236948,28.94800888507545,3241.104935667787,2912.2218178324774
26.13824848238679,1435.121334708887,1000.4989020218325,9.867733413549885,3594.231993740918,1947.106257637569
62.24206276069876,1372.9453237602322,0.0,5.356023375840205,4219.754496943211,1463.962258765686
99.92970146254093,1383.115562460857,3.539171599347883,5.503570741675985,4705.653335998766,453.59775025393384
148.19975703193384,1392.3132464825135,36.1594111701361,5.242075611107973,5280.14844184946,42.865861620309126
177.2470360202734,1395.0299725732236,65.74222813784347,5.533103690905698,5724.682336116988,13.899766661773546
237.91255430998865,1398.2422044913162,166.99380002293591,5.256806629579937,6156.9018391038035,2.584380386330602
298.6021753148735,1400.2765957556253,279.1171470930294,5.565750190506831,6450.808157100592,2.590278649022908
209.57352252760373,1399.1726190039722,416.03062590422263,5.265282733009939,6536.5052255758155,13.99080001188306
13328.343167661209,1427.9131130147516,489.80199437835836,9.904763291534035,6522.687625097063,406.6495226814384
38.60284523779618,1415.6361219536932,12991.00698186434,8.160120680311548,5974.771488191956,4655.11920303409
1177.8093009446618,3834.096020993091,4848.120046697184,34.19594599664399,6025.564591507485,5158.652737203103
1873.414067500429,5526.7687148690475,1280.47546454146,96.28183548867925,6072.132711918033,4717.0622179099255
2477.1097531061732,7004.844906071253,653.4153975800551,110.81625130608866,5594.176303305576,3558.807127453652
3049.254085547959,9635.531704499645,279.82425546897224,115.33256048136242,4812.649673105325,2884.800926463213
3455.8468717224287,10524.847971318562,139.8426054119223,159.466968109695,4131.222142818879,1850.8176249310654
3904.4933370116014,7812.63252116646,85.24334371463057,224.50798938787554,3456.6093904510203,1390.6749544067027
4565.479569540897,10256.98175054769,0.026249070367503406,202.67091677583545,2519.6479328867044,1084.714888386733
5063.907415676568,9172.29435051347,1.260956677135672,87.36443013112384,2107.2509860383366,820.2833751208516
5204.4376533296145,8213.459305132441,1.6501072217795427,80.69352352480107,2048.8935076735393,1062.932968120385
5211.035529557467,5937.570878106024,0.667632661085385,133.9642731205911,2092.4768729936377,1439.722995021674
4462.4706256691115,2522.4189875665274,3.286003895768954,53.362416159330905,1832.5736659985582,2503.9492888133104
0.515467107980735,1821.3948707682346,318.31589521734384,39.81758480915562,1764.890139680674,3590.273433197251
4.6020728969212055,1972.523119182257,407.0755832941608,23.896823184894465,1974.5134872602116,3465.939393546471
8.459732432184003,1982.180294814457,608.3175395922304,28.987918152756098,2098.0557065322937,2914.6554542899926
10.81346806674377,1433.074324945536,661.9985424902266,9.891871722565307,2266.3324486997926,1950.4633065550847
32.23368608344886,1374.2014718826867,0.0,5.343923069491822,2689.4019002943387,1466.983842857257
56.92956322920137,1385.8277720835797,0.0,5.51251500067457,3188.6948748072664,454.1785167439162
95.63699880017371,1397.2053796247524,1.2105411574037095,5.2382271468770885,3687.067580673897,42.86081838779059
109.9089094063982,1400.7011442564715,13.162009468202312,5.5562144651889245,3890.488512611762,13.894850181380365
132.59960436991176,1400.9708250651722,31.805189736192826,5.23906565108579,4055.819573042965,2.5786476205164655
157.95882855546736,1401.3099203914342,43.892055672184654,5.590494566093372,4246.216153300361,2.5815021132276206
110.8535618612433,1399.8345648841982,73.91752599422455,5.236365724022524,4241.135813481899,13.946680138039987
9004.835905757216,1427.8690508722077,74.87995349678422,9.886546754087453,4081.317469327507,406.05238575878394
278.02384722395664,1402.3305782450554,7738.287348516626,8.082315691579977,3554.042823206232,4627.791810059226
1768.7726905435745,3766.6539427871603,3053.2658651075735,33.68707446389535,3488.358945023812,5133.360433214561
2461.070976401575,5429.157265071005,624.6373645755419,94.88481030735139,3827.206113292596,4650.940954758845
2973.8347088450573,6894.360120782209,319.79729556498444,109.51156390908604,3629.469247162511,3508.9798956524014
3244.1322543612478,9557.152918701144,388.0177848150761,114.29862048176234,3785.155165842395,2863.4502605133976
3731.01105282791,10493.65540613694,120.60287644908246,159.19043490058328,3241.5023050966906,1847.2110736020302
4264.328064036748,7760.579626635503,18.95547130377709,223.38700256593884,2646.429546308906,1382.3766752605995
4584.223117071976,10220.180263482482,0.10498948746652664,202.14697493583574,2541.228093412661,1080.0335789179326
4904.457264998686,9194.415903360314,0.01282940827432005,87.389596014631,2271.092271050799,822.4298942348898
5154.095862955505,8226.544001118471,0.026878884981708605,80.90331876547182,2044.5403689535951,1067.0288720911294
5331.171878508017,5946.943479795521,0.5010081629276228,134.48570069821537,1831.9167383741276,1443.2964883745738
4642.424018546817,2520.618175916717,0.01064213963596474,53.361542743788945,1425.5537415460976,2501.929898758926
0.007971026040906158,1814.814888712274,198.23963384117604,39.58136096519262,1208.4501408806773,3583.312958387235
6.336952387498469,1974.4250900922411,334.6452499473402,23.887835631113976,1385.900652236517,3468.869436565471
5.809875460470602,1982.7823921479048,563.3950898827173,29.030307855411145,1454.656802984537,2919.398906907669
5.501844711750154,1437.8803587577138,510.2974281622753,9.937270002606445,1427.684514925148,1954.6525309512217
15.976015208036756,1374.1100534550158,0.0,5.4161950647126265,1571.2538307841453,1469.6954098078056
26.465308272034395,1383.917923557466,0.0,5.450255536498833,1955.0724166969715,454.792680418749
47.74807893837066,1394.799413834219,0.0,5.411331474887095,2574.3411571627385,42.89751305306706
64.77812829382795,1399.6146582025797,0.4477370997681997,5.3875660466080255,3043.169260817888,13.89388782761053
89.14313883080804,1402.8245709974935,13.686411901525425,5.461471024323016,3405.1646895139643,2.576003659664637
108.90861783452206,1404.186121823853,24.23236905303793,5.35610265163373,3628.085449396402,2.5800860380196817
112.88594805799703,1404.5364636705367,55.61040730206267,5.486083972658264,3753.4346915103974,13.971374148788659
129.3295168899694,1404.4020078013152,57.40128281060247,9.399115498286736,3673.1773278488217,403.1324666818167
0.23892809184121236,1390.9032307833797,7118.279172772517,8.158633130774875,3320.9545240506272,4658.05485089778
7381.00868505379,1409.0821338371663,3051.0624483903594,15.520628299219318,3399.4718544451557,5211.105310731144
88.81809414398457,2704.3761890637684,1568.2170479129682,24.207451548732266,3598.9276160040163,4839.067074125421
78.00016540190597,4045.3381203884037,865.1121113982488,40.76962451155862,3410.069554459813,3704.128929440574
335.3829660861217,5586.904997981684,662.168995728913,34.72521033785134,3253.346370476254,3010.4909498801603
508.6010649679806,5501.416636257039,488.00348751304404,46.73428335046124,3056.7336432364336,1934.0341880956855
671.3430499970177,5364.4262914179,387.16443146690483,36.88490560918757,2948.849588189646,1458.8816867484811
778.9441548822401,5334.7281201901405,434.794029949557,34.012283526995574,3192.1211796653447,1149.4895767357777
861.6726960113568,5326.201976588882,900.1315193856072,23.14708096231009,3578.6138609959758,883.5705206041229
26.322884773417062,5486.684093294883,1127.9897486911996,19.146780378751902,3899.559615732481,1168.5920762334006
94.06193836897887,5655.642820735704,1572.1586450147292,21.497558691600545,4097.9499637062445,1616.0142495636849
9.382420626755911,3831.8520822484193,2015.2211794076302,8.324795872332484,3868.4545577989943,2821.352640651493
0.898408419282007,1371.2918762967813,0.30219379571076865,8.038209766263613,3684.6875525916294,3853.5070805270875
3.2903696918347536,1376.3455507572244,32.49546885559576,8.118925676395625,3777.295243643265,3495.1939430306215
101.96657760473872,1389.5141123615283,137.63336102232384,7.899470457581335,3968.476962166174,2947.0790248428248
144.43960945094517,1404.8962759775347,278.5128071391777,11.398933160073723,4363.460928854789,1967.4271602521105
247.2459218873553,1408.7264262837555,580.6091953095655,5.640365360767898,5146.7850037041,1499.8124720250264
322.99011087959343,1412.8619920847602,774.7326020006641,5.374502449579668,6087.878151110009,467.6838582717664
427.25046573392603,1419.4417708262488,1420.8587033401457,4.469133738489339,7036.521363705727,44.12946543299556
516.6168441253388,1422.3668680191129,1444.2183172906425,4.292485125432344,7636.643209476205,14.282161069958626
605.4089381244954,1424.7353715454733,2331.0932539533374,4.468272504287154,8138.638217576006,2.6437019645902886
692.4897593434946,1428.2681217343604,2091.0951400293643,4.329939576342811,8602.942465476157,2.6473630145934037
740.2413313876119,1431.033256323427,3274.979574875551,4.436454934586005,9015.921776525163,14.370023778741087
848.1699332725642,1432.6526806909237,2931.915894559209,8.129336940382316,9296.05872049597,415.3495463751033
407.54433973989006,1428.6303497671397,4581.317904155432,4.517519502853888,9148.64773263393,4728.304081850829
304.7570072239574,1418.9279595048647,3919.4393210074277,4.330131194488055,9489.579026658253,5233.5448701063115
127.43532384910145,2491.708232778429,2942.9304504081174,4.43643541853264,8957.78029118146,4933.685158135766
50.468410248436946,3856.0799044169257,1098.6710523095721,4.339212317543341,7587.032873463731,3775.0774011109647
10.529332026694428,5501.859961975628,1154.6361565777304,4.251981474758489,6377.173178492489,3091.975268223961
0.006025171825589684,5468.093541733891,896.3975522837485,6.833941952788902,5320.252093288017,2005.9007533918227
5.348816723343744,5430.121821961663,1014.6758078960439,6.814613168587753,4511.831696300995,1523.1394181188637
22.32189842952327,5387.237051453054,512.9576464655768,11.069465998896947,3928.807870257491,1198.8867442773962
32.007565993259945,5350.346504883109,556.9503216766828,6.892224536802726,3746.7373598586983,915.6459140406025
16.486201859040918,5350.732744783208,558.9164580033217,4.188040866165772,4092.4066581772563,1193.444592153335
0.5419490651331198,5392.648896652978,1796.0918251354026,4.457467905794048,4836.16737448242,1632.6004676695748
181.12413678325353,3821.4881207909502,2351.658620292056,4.257018469842196,5211.577559001952,2862.6447727397845
438.8683586319285,1418.163282894964,4215.100602604292,4.50546465351272,5428.563444504632,3961.028723118144
529.6307762070809,1423.9467147254322,4013.0692469739342,4.309969418899621,6176.916636047142,3614.010467645751
914.7806542462213,1430.2747065617511,6199.490826464128,4.515291028388946,6838.69167396941,3041.0441111385153
1027.178489904813,1437.4865180251395,5115.532780495777,8.13892466322831,7421.353441091272,2030.1591433688488
1182.2757378641866,1442.521498947224,6897.310410628779,4.61701565804613,8042.704586189394,1544.8127252906693
1260.5468929312074,1445.7808883240507,5158.314610105327,4.351240725973358,8416.461107242167,480.8217418463692
1248.625389224504,1452.7646992377681,6059.548946458287,5.72903862088633,8519.121750345983,45.19807230365283
1314.826339641696,1453.9859902159544,4544.841666603232,5.526835553018702,8614.381932582386,14.588408640819456
1382.4135969956217,1454.037405427396,5902.3701331049015,5.762329376880593,8662.9108115189,2.6904424382144425
1433.915658106238,1454.5788564632667,4504.963079421792,5.521442725367752,8602.052375567886,2.690391848628839
1048.3766592437014,1453.3135685295847,5921.360977958649,5.766252458647827,8451.946371652735,14.602497866704155
81998.66364784312,1498.7845094851873,4581.284097093385,10.146943174385822,8247.947537794811,427.5042329932417
8473.637008925993,1536.772056345761,46852.162966000564,8.737374905123811,7575.814681600111,4918.556219127181
1028.0998867502133,4270.4153233726765,16300.873726833557,36.940007100084685,7793.586699476589,5323.73426041366
247.31408088345594,6215.265448452865,6500.996120823668,106.29094676093546,8081.81855060358,5074.279066789341
5.111345302606004,7895.446233576463,4149.226239421206,122.47924348861532,7458.68517439676,3871.39433147062
40.45435625526917,10818.540288749984,2691.7739008687813,127.06485690045507,6665.811532892097,3160.765215043797
186.80876587647236,11749.750447009133,1674.4478555766514,176.01328614540378,5968.25083891456,2030.8667096908578
427.22013944073996,8675.21452703866,1348.90883822896,248.72297417394347,5192.339058941684,1526.6008114376693
642.2863484113917,11398.113974564463,868.100591779667,223.74271330624342,5023.020648748536,1196.0131843923293
910.7066811994548,10205.080517808809,727.329980082646,96.43201382591069,4744.402491825206,909.0078430814543
1196.6770575242076,9098.481649087622,689.492834770133,89.49053789697835,4522.544212267979,1177.029620269944
1483.7161829917625,6543.2984822104745,608.5435643095311,147.55100932087882,4104.254885442784,1589.2988089594417
1322.5258294156142,2770.6982567228906,641.9486858630962,59.0210789078783,3400.394320706639,2756.8141876739624
10.801871707070521,1955.2332375229405,1233.9065103328576,42.05292510406183,3089.8712970038487,3869.4924072923372
0.04979062834449985,2053.306472685672,1271.218359625897,25.114111415363578,3182.522153067462,3615.7005512952296
32.03531814004662,2057.4018434758764,1667.8333487569494,30.095261302855548,3277.2171617242675,3038.0540267539504
42.09854478414331,1482.938005922176,1730.0572661284243,10.108518232372447,3478.7442205955385,2024.9101622037388
106.01114087787076,1423.0559150089955,0.0011797928756700942,5.6084290250242415,4039.105783558486,1517.3825524232782
150.37686804983645,1432.817260922878,17.630983343206832,5.55291772698499,4661.0059806695745,469.02448176001866
208.26034279136815,1438.696663674962,83.32883119397822,5.442240632603709,5457.676861962612,44.19942356713352
246.64029177583058,1438.2108950188488,273.97104348486255,5.601794861631281,5836.199850197882,14.312369341732254
312.9073473377786,1437.1365605653396,374.1268073484074,5.456810764344038,6130.187210768018,2.6389533144886075
374.65496477794574,1438.65114003933,594.901052287167,5.623152391870019,6367.586361317455,2.6432038333636414
275.6586580059586,1437.374311132819,604.937046665938,5.45576346150481,6378.271891743185,14.369044456195358
28471.30778401318,1477.4634800957656,908.0647249245104,10.144438554665816,6338.734750287702,420.64350953263414
843.8707077438926,1490.5926679248316,17814.997396117273,8.327680964271638,5651.240882919952,4821.133014989634
130.34553012319478,4069.7131646198904,6042.7259239535715,36.010170697646736,5369.231608415418,5274.791018904415
491.55272519153743,5841.029042516397,1878.8828181168794,101.33758671869607,5679.348610312093,4952.494755100735
940.1189779243352,7385.161702208364,985.7798601893627,116.24441026785763,5078.43511937877,3738.031219497638
1403.7116022732532,10136.144556476878,568.6180322888895,121.43286123926787,4489.587053672029,3028.022291749198
1876.779757134608,11048.824907676759,281.55578699399956,167.21411498068386,3973.1019834920303,1941.4467844073502
2333.9187978157206,8188.633377847681,226.0204692848525,235.63692827764885,3628.269916025392,1457.9261542299466
2727.4034869141406,10782.933575425366,59.307094023892894,213.26402027822212,3433.156460288004,1141.0413668116744
3060.798093998228,9676.379280979832,62.457595181281164,92.16066519516173,3294.400915411311,867.2545422837062
3308.7577574717375,8670.009951044944,81.42616574348524,85.22215998175786,3232.6877441374877,1126.431521447317
3479.029048523862,6267.12603363438,97.62304112736635,141.7651358333986,3089.702932406317,1526.3253045531706
2986.67763308359,2661.018754239543,131.63557482519025,56.39976974602309,2647.758806503033,2654.193575663185
6.448715710858805,1903.35606110884,603.3742409236772,41.41449516788984,2481.328490591351,3770.8628584822154
0.3978330662077169,2044.1393577724778,692.0789632823562,24.639084352070906,2693.377991095134,3588.155513236216
26.224825582443742,2045.9051195426134,1037.1533244156287,29.844724233182145,2924.577317929287,3018.628359363787
36.25250143861129,1481.4594900936443,1162.8265961375782,10.16900847610837,3257.4853310865174,2015.5683930513958
76.72183791813474,1419.1078065983306,0.0,5.645113301185434,3828.0863458668146,1513.8773173477398
117.17755358300481,1429.1834056952719,3.2908467968212967,5.441772158124314,4453.153340668237,468.35396540399273
182.38571771823848,1435.6557197709321,43.183188057239306,5.561553366233473,5426.067809897419,44.13407051082346
224.0578660840686,1436.5969005138106,220.3065533935048,5.447820129515528,6183.679264965106,14.295946402645134
276.9341507052164,1436.4994919332623,339.7389365347132,5.598575155571461,6780.674094648441,2.6357012914683104
354.8820081614663,1439.903807853843,673.9378016372347,5.461606692268214,7304.988928483679,2.6432912925293586
279.7634264175707,1439.6519353329993,999.4837806723434,5.624761845486692,7790.938335123517,14.413705825386467
19156.83492403079,1472.2284869192047,1493.0904938370677,9.828951652635798,8198.533111271465,421.37735181162765
90.37842660967046,1475.1756296608178,17395.116569027028,8.514842613303346,8107.847557301905,4831.759724519749
507.72272969811866,4029.1528043719163,7071.889684195225,35.558376415949354,8905.243777005622,5273.112925099237
1157.2943059823876,5802.180605091129,1666.6245254376247,100.82244237377404,8613.76957745984,4941.327599757722
1804.4111428232256,7316.059376792526,571.7806899290401,116.12902268072641,7307.318892638506,3715.741130052161
2459.04116387262,10023.263328080353,347.6263053599344,119.12333540780351,5861.057967878896,3004.5851185548127
3031.3257791746105,10910.938740652837,93.8637435234851,165.3897885318246,4868.6184149559,1921.2542843999197
3574.8015614049086,8061.008079136732,31.18860257061811,232.59077117844345,4189.205381047172,1435.6084690103196
4136.255449451146,10608.754199645922,10.406215952279718,209.35880414148278,3678.4361652232546,1120.092639069798
4584.625235170881,9523.872649563691,5.291781275362743,89.95473104647004,3467.771198478424,850.1553614787993
4679.756010870033,8528.697793761594,5.614871753057627,83.87599950206206,3599.5081912654564,1106.3810746393485
4147.576313420722,6209.316390846616,49.07875106355164,140.44147312113225,4512.523874533651,1511.196148328889
3597.243510316097,2663.8034919862475,192.3837568132469,56.71111852184791,4674.982999855806,2656.1761061574366
24.841636517889274,1912.4092797615415,1037.4027326883497,41.0518817221447,5017.590734216039,3791.4346806479366
9.791289336007724,2058.8431309829753,1321.3725459096415,25.02719683901026,5828.7447124558785,3610.470645532157
77.91880742451589,2069.2582103887235,1884.6046549272555,30.227874048895636,6331.79872193587,3041.0077114088135
105.13074362376973,1492.7013665856173,2082.1176085968586,9.919479108864376,6838.580587678882,2031.1799376646534
214.99366307858483,1429.3834543727903,6.377753711554279,5.758543147757593,7735.422319672043,1526.955810303194
283.61867022780575,1437.662937293685,220.57793351913122,5.544262025808832,8496.133017735965,473.8675829263402
383.65207675080677,1444.8863763677457,487.435766778861,5.4837380791256845,9571.841494362821,44.67745871288793
490.8534510366685,1448.3009966697634,1114.4242677207162,5.6227655971338955,10198.342018259405,14.463197389123751
582.4920832897974,1450.7697470141638,1126.699793266818,5.512158764878829,10443.369284996812,2.660638301645666
681.602387935173,1453.5673361344404,1763.7215158066165,5.6639955935247315,10563.050929124194,2.6668802005156738
523.0051814785886,1451.989987417553,1606.0589351512128,5.515750491940088,10439.094476450113,14.543254195031214
18362.34397568478,1480.8614130800815,2062.4814109328117,10.19234454120927,9849.83850393777,424.5725257566363
25.124655637978723,1477.0614217421708,18416.40458641029,8.181774039611367,8762.540828189634,4869.537303140835
703.4360842302744,4040.7680430586984,6958.408095184136,36.32282621513193,8823.752871801307,5283.094072908556
1256.7983905058086,5821.073233013128,2501.405554265443,101.29128136928905,8966.599647366147,4973.171197322102
1735.5906949225305,7400.242717738597,1703.8840764172492,116.6463569379652,8402.073570097247,3766.364973422468
2299.8973560116606,10196.431043110024,977.8922613525649,122.23354073778246,7299.928394721514,3059.3938072064366
2883.730098755356,11112.100341601732,447.42173498075994,168.23179264203884,6298.1864774708465,1960.3540245567176
3335.652115851279,8230.222954372264,349.72916341263567,237.10685244465876,5489.787797661527,1471.031383026396
3642.535334245503,10855.715388741432,148.65032841109937,214.78909826211628,5153.020528860073,1152.452096816627
3893.1642462069617,9765.589847035908,196.30212022480535,93.0027060774478,5075.435794158192,878.0503942141681
4133.570588871262,8758.752786506453,197.05066754035045,86.12755960665515,4833.572997331035,1141.8035075921082
4295.811884490246,6325.357115713174,183.60373627051948,143.30730696254247,4449.343238796179,1545.5450737451495
3717.173628789308,2684.7733112840333,218.8428008272234,56.961202629913714,3757.064565521816,2685.1977174457024
21.76542230862395,1923.5195491607478,797.2213268400307,41.69186380917125,3497.366240783875,3812.4074287168155
0.8426066425758094,2067.2074053435686,872.6729980051261,24.85874562181627,3596.517306040161,3626.2827163752427
51.017289244655196,2070.547170543667,1231.9137152669625,30.103055213851146,3647.5068058794877,3051.5964582064917
63.02770668571596,1497.3012045837456,1320.1760329799524,10.228426829867056,3795.940496715342,2035.7432010452612
125.93872460353282,1435.5175231691549,0.0,5.72553152287294,4221.967506976865,1529.2320213130602
164.51963505712462,1446.043665954715,2.971207370424705,5.44581619950028,4651.351781817645,472.85302072858616
215.34574236018014,1452.0881937980694,37.59838903778184,5.605816820362709,5165.602550238563,44.496881380224345
241.47057124034038,1452.078990202916,64.57858724972401,5.470632043515625,5575.96795050869,14.367238444263618
294.6261903462555,1452.3598859124145,145.77270555658194,5.632032611513549,5977.895502259349,2.6384555608109284
363.963680848303,1454.1911610188238,313.5935711173064,5.467805438935512,6549.182241400983,2.6448218627477638
258.30938708791143,1453.1019159169055,511.5017429440875,5.654788946636058,6696.066121515916,14.45929366324497
13591.86279469343,1481.2484039474928,569.0562412137424,9.823720003932008,6595.793318355392,423.0990992614823
31.282958902958153,1469.0402170989962,13727.432631685393,8.464232574646685,6130.638221167935,4850.064583295615
1029.720243803133,3982.2315475419955,5112.01103582292,35.40164311384545,6422.572832681106,5267.508638636606
1674.0839646745765,5750.101098247711,1480.1545936666732,100.53369938465657,6614.086321186314,4926.102626494504
2258.325311616425,7293.21595170876,810.6762747197421,115.84360370071387,5954.263934446226,3720.3757158982175
2998.6018975783736,10006.750976296142,233.8602867058578,119.30797496981684,4475.533916198707,3008.6793244162973
3695.1728219339434,10864.004630794487,84.15535211854738,164.81763371769748,3165.931738036065,1919.5915132403625
4211.526500294795,8015.546334088511,5.211978172150006,232.28829681050695,2628.3777781338445,1432.1166898137676
4405.866460562216,10564.29840619182,0.4115461941451902,208.67457601053152,2731.960066460436,1119.8294990171603
4736.180373509602,9528.470957623884,0.8749776937510118,90.56889818830194,2636.855720655302,855.5318304916887
4933.4241055776,8537.948782268144,1.487182453148272,84.34661566998949,2663.87740631225,1111.6365480226284
4961.096398883859,6186.322200235231,5.75652155794333,139.62635226938036,2763.247559875486,1507.917889065394
4259.983502102395,2632.853937730847,25.508533485954462,56.09943195807169,2564.52572363101,2627.975446484821
6.380753093064313,1898.8552665064656,446.3547970035724,41.32486312304274,2637.4692955699934,3760.3943498432827
0.6785462131660097,2054.1580642921945,561.7858800993115,24.80766963024731,2956.916838304928,3614.217333815947
23.69033688173026,2065.619624154298,825.3557076203213,30.05125712771297,3132.133582781444,3042.585058996668
30.710083787993543,1489.967276319366,917.009911910486,10.179204354645593,3357.27566710284,2032.5890173141177
64.97439023967655,1428.3679928191466,0.0,5.517959380397809,3874.473401919197,1528.380728874443
112.60843701556446,1440.8478189682128,2.1604874681045456,5.60965747775655,4705.789188874286,473.1467687943156
176.31952718758004,1450.0003319655996,43.35289104742504,5.409648487484848,5716.172274273218,44.54728347543309
196.89570485193866,1451.4157572259232,139.71289860994426,5.646397799008119,6205.6137206886915,14.399982922416498
259.8785736972555,1450.6420726863666,255.73852132742417,5.420771174878697,6786.704817104187,2.6429184290657766
362.6892274319725,1452.1726928068013,672.164404854129,5.6974088250134365,7705.655559962215,2.6525820221093936
439.7350297534576,1453.8077607117168,1183.5711696862918,5.438055861662315,8808.844198542723,14.54417994735044
545.9578544725316,1457.7497338243309,1984.7747571015336,10.04037511400795,9456.824015402048,423.6639281387384
225.12393481449848,1457.0596014818216,17476.732662197446,8.50011795147592,9599.316747148072,4886.2211705794325
15059.727852159573,1483.9188956763523,7564.526658421647,15.932167938320177,10563.684539520922,5337.356053346425
899.327737424448,2847.917339249161,2698.7305729106633,25.623461271858737,9408.238175319844,5080.293913330259
0.8113756014413448,4295.860692440922,990.0991166035831,42.81256520477001,6433.626206886488,3877.2610412248314
197.89816583042506,5878.271585825424,562.8487085973352,35.83607970837854,4386.496157327044,3157.90027398873
457.5478238814351,5699.391500160566,246.38592202362832,48.70195982580488,3320.7824030977704,2007.836321855282
792.2712294211256,5478.044312808235,46.968277619974586,37.46534353066842,2437.346977410714,1493.2571440263407
1121.0947777097786,5367.301730002984,9.43491600569206,34.23817942716215,1968.0555510629695,1159.098958107078
1175.6726632149953,5345.665636412049,339.1197980029163,23.206180691736094,2215.582041965616,890.6810341102212
27.456243948122783,5581.64667744029,526.8728968571187,19.503683949219635,2640.4136864652137,1193.580151508843
88.70513619096386,5809.603442320655,944.8747065160045,22.026377163612537,2905.0496764836407,1663.623951425193
13.416639963441362,3937.309053459205,1464.597501043431,8.288219502907245,3070.999168911522,2907.323725297154
0.3336516686519874,1411.9439991292058,0.5147867197975184,8.411260518124292,3346.6038654091344,3979.92887548941
1.2748404550107189,1418.4473283019138,19.201854430954317,8.299232657745737,3507.7526252688795,3612.7134802491173
83.19384510976802,1429.8929125950463,190.63412723469557,8.050546070425339,3906.1852004282737,3050.2328025513802
124.40907970264162,1445.2755464198647,248.81319023306995,11.718182535067701,4171.562806899998,2036.1885029734058
223.66837776301222,1449.2479729624883,454.00103840949,5.75149893370542,4763.834516763771,1550.3499798817995
304.4913255624795,1454.3230309473759,561.6799381662133,5.488194223280928,5678.246457958066,482.7768396893762
380.40967794320795,1463.8305076511765,853.7335014924015,4.543828041061224,6129.083726489388,45.362021298103265
437.37348270935416,1467.8325000212972,736.8754897638628,4.368408559879758,6193.098261641671,14.614190349257143
492.4629149087612,1469.8201128838532,1059.3566192878275,4.513183695846848,6322.7441407217,2.674433964328176
553.0976279990903,1470.8291262890252,1085.9838080695638,4.3965253309338195,6577.257752542653,2.6771896069195
565.0436882474169,1469.876716590979,1559.6767335302166,4.500325486077611,6615.122161945134,14.673847882596194
600.9368902773775,1470.1678680393416,1470.4510290795524,8.271747400007282,6328.6046539636645,426.4923442499289
199.2751143920599,1462.6317335135543,1893.7762339500239,4.5675829345585734,5811.921845681893,4851.674610861736
109.47445194811783,1449.388749141147,1767.2649799829992,4.365822208037997,5764.4160609282435,5299.5093262334385
43.63039767961344,2541.249468994815,1995.6712082048084,4.482800523205752,6115.4762970953,5066.834869129211
26.265372086335823,3943.852304066658,1523.5253971221669,4.388495517986347,6118.660233879263,3893.744500800358
13.539294703340426,5649.334360925015,1611.1210973350196,4.383318912695361,5846.017086576378,3196.7836446637198
4.661301902726687,5637.562164097949,1148.2585631046277,6.92425693685791,5504.29608644054,2073.5098522304597
0.8456883961249843,5623.9422080806125,1280.505389597306,6.995962916339323,5221.985474447292,1575.0718959463318
0.051211770130207585,5611.128154464423,1116.3392600768855,11.40127534386419,5156.74514828978,1245.8851108621425
0.09527276380722821,5602.355372613128,1410.6286116799006,7.135197068630714,5032.308403286461,956.1289070337904
0.03066337849211185,5599.540832674055,1432.2664193744417,4.302625454533724,5040.112504154953,1247.742710717388
0.7391853477068129,5608.178683837899,2278.446497843411,4.583749555314147,4906.065002160426,1699.5379173012814
166.7165062560128,3945.7763255189825,2179.610257376955,4.329634887248017,4322.895986162209,2963.7415894702935
352.9767861231267,1458.509505651482,2763.3823200117295,4.605134280316585,3863.1743028320384,4088.328220959376
369.0673253682205,1463.1449826556398,2492.5996827999493,4.357590384815249,3874.014690587617,3722.5024690048795
631.731799368242,1468.8910234589223,3097.8307921950914,4.602852662458313,3944.6713913609665,3126.0319578227404
668.816042886143,1477.1107599238446,2746.3012059886996,8.251088487367944,4102.685553838226,2084.049964491644
784.4782538347696,1479.2393156823002,3359.1994193096502,4.700494244258875,4564.871588939628,1584.2822717707454
828.630749950807,1481.4486848267338,2954.5242890318414,4.379717486482638,5095.302306422444,492.77206906090174
812.6356356801773,1485.6716086758058,3248.623742669801,5.83120487666253,5550.593930688903,46.185513856131756
830.1165633944894,1486.0190140730733,2780.2823323712087,5.571893179653149,5755.285086510867,14.864751079495479
851.3802701494684,1486.833382145673,3327.7692170489886,5.864958519863401,5882.109519716864,2.7140891337926343
874.6856446709737,1489.5597786221774,2877.763527829931,5.562121589496576,5979.163564495648,2.7144264877642765
616.0828904333335,1487.547775395185,3461.013439190479,5.872000196354727,5952.495494234455,14.881516735211576
70872.1641335045,1534.3979796327271,3028.9995924019886,10.507315767272418,5857.80015408713,438.41917441343566
6994.661602654768,1570.1478644562605,41213.54138979389,8.679228789918282,5321.0387602569535,5049.396109996498
649.2194753791941,4358.210363238089,13960.483483320759,38.01860776624173,5488.883505625285,5399.8725946137
94.93305816206046,6338.644783766163,5242.685441086331,108.66542125726711,5886.409722205788,5155.835146939409
6.085272218892552,8035.583884879228,2958.40876798168,124.81293265820376,5313.110472139944,3975.6595827085807
132.2592404816971,10960.008420472448,1136.7598954461657,129.98971419186938,4139.025691567792,3228.4568069571283
330.6086648993655,11845.938165712203,580.8228661974966,178.40046238171112,3336.2189652975767,2062.2481945856034
560.8695071606487,8740.241681466192,584.0457086416967,251.42272392678905,2973.8970353928653,1548.7633944524543
819.4524215954598,11498.409138669287,291.6664657612741,227.26010127538447,3082.040820027936,1213.5130208479397
1247.4256046559303,10266.761496311252,154.4713141927961,97.77063603026396,2723.6947761086435,919.2775135321085
1551.2244868975984,9135.385382207669,172.37507403640595,89.81902227892432,2835.4965696001245,1187.2592901973464
1687.008877473011,6610.703161762956,350.66427509873154,149.7621635763706,3341.17807220197,1611.4731817125323
1396.3151657048338,2825.0841835278416,595.748935014701,59.93543009709369,3613.4529968209235,2820.7495104321047
12.391774010437548,2002.1837525588783,1424.963770361081,43.19383080236127,3866.178684049915,3983.1747067652796
3.207651705205187,2116.5945721836524,1774.589480181691,25.465057480685687,4810.132218123894,3731.519458644189
56.82806721229641,2119.4639983829256,2504.2450253555976,30.799591803840332,5545.587112985972,3139.9362686802247
74.38450694876104,1530.8296074444818,2674.8381395954157,10.467786646034947,6003.893218172694,2095.382681358862
172.1231822528097,1465.9029389162956,10.109716891034829,5.842974963795865,6921.745595910494,1571.7900827864123
243.64748689729197,1470.9939374086744,456.11899013822386,5.4952352700042795,8009.939223926084,487.6332354941468
331.82812700130125,1475.4561755434152,853.4054683396771,5.746824356378087,9337.46661962046,45.89613404049238
393.4376259835967,1478.233855189828,1284.9006002992742,5.5501942929317725,8848.556169639593,14.806455388687807
433.4960427745628,1483.179973136493,748.2169801568479,5.797084782666281,7903.141601532844,2.696233503530178
498.35160906147235,1485.7174973616295,1088.4437180456698,5.548724913300909,7650.105976603968,2.6965166961063187
356.7355447153257,1484.3413038003437,912.7808125785763,5.803506251350806,7543.9918085495665,14.792371257576784
30921.224520634976,1520.3574693545704,1570.1210172788572,10.082763658000946,7485.784625400737,435.3484772228474
1093.3706626718717,1535.684377066548,21428.17069889283,8.77933501294612,7061.559617505117,4997.648464113917
80.26704055908647,4218.8141857614255,7780.050455862372,36.80666070348013,7325.330603909995,5375.4510956143795
511.7750078165115,6040.667839643061,1408.0708877716095,105.33017033379863,6566.812374532859,5090.404979342408
1101.774971572132,7571.180236518158,455.4959137971808,119.61668377476508,5212.657086856447,3846.8206217958823
1617.6525950668872,10351.853143365523,295.48795342404213,123.58079782399942,4576.924603819444,3105.7822801185634
2169.3370108420454,11282.675158877004,140.09905862902397,171.09644477222577,3904.3416792107214,1990.6339061172832
2701.9639750840315,8352.079868208539,96.4722211468746,241.51680260133577,3496.642083111339,1492.0791307766926
3143.227201641834,11003.189251878037,24.091171072357035,217.54750434863126,3388.428824118054,1167.8708434282273
3435.5892891684775,9896.590741164038,36.16251494858793,94.46141003043171,3470.39209810501,889.6586367706017
3622.0617770567073,8883.570709924668,50.68829999372105,87.45685293854655,3741.3334132494288,1157.9135463444918
3660.276962727239,6447.55085670869,124.28520843055915,145.8566843602359,4181.223601619993,1574.9229599826706
3062.3327202797586,2753.376787113346,230.39363620421616,58.31509443264593,4086.085404169466,2754.512201102577
14.582318511663127,1968.8701577512006,957.3451942442819,42.77098390446375,4333.1671881095435,3917.0005130165437
3.800793028759757,2111.36605438517,1237.854320148583,25.366710664856768,5158.045603746001,3719.278695383939
60.74795811335943,2121.232987682326,1891.365472986916,30.72373066531838,5841.677945500784,3132.2430019922517
83.8616997822565,1529.8514034789525,2151.8084966574243,10.442018317589136,6513.422868845769,2091.918499816983
181.84472691437412,1464.7390674814412,4.769851891807176,5.794565721603519,7358.373328397448,1571.5887312486334
254.8486464032797,1473.6702907689807,215.27124001921166,5.525176611436812,8336.01675844632,487.33572109282494
352.24050405428653,1481.5438097855726,579.4769242575909,5.696592331216127,9611.999126329743,45.85124132606594
468.33869559361887,1483.8822939463114,1252.319414327987,5.572318071045387,10521.741941241291,14.805455481426453
586.7843373292222,1486.6976013559777,1651.9136507012277,5.7641844343751405,11336.751409745586,2.702531579940633
725.3999972705634,1487.8060449071554,2496.6523595860403,5.597089041184901,12276.650374583676,2.710700930873564
616.6550581313081,1488.9149293055593,3040.920911836305,5.802828424157878,13175.965244188885,14.934617300861623
23087.33509994231,1524.009777188787,2072.881858269436,10.119517639540245,9392.394535783818,438.29076003055303
369.6277517786394,1531.6451142224244,21207.901549031707,8.792387828795997,9662.944565321732,5019.223732283946
273.6753783671141,4207.631839475503,9452.60529550548,36.888800580823634,13277.737363054403,5383.735987206777
934.5957510623797,6052.977229095189,2141.439340248653,105.33902921695139,11449.261541328155,5105.5736772075925
1703.365390162124,7602.94582065434,706.5601982241225,120.1942224549139,8606.487314173615,3873.38808989343
2380.5336713716,10376.026199846649,345.9551178252714,123.80775523018521,6946.621276810708,3121.3577640361823
2977.483242653564,11278.118033267316,91.58477878315944,170.99823473349767,5712.732308825321,1992.1152710826107
3547.81571347988,8327.719188515708,34.58378721644526,240.79618876294805,4796.9002968765035,1488.104400701391
4224.217183258586,10955.08110255944,23.83600670952002,216.19810553770415,3994.082559085915,1159.7351786471622
4743.6838549892445,9828.614429649226,21.451469079684497,93.38584615883578,3502.172126041059,878.1981917936304
4848.477466162761,8779.356949327563,0.5899208985472167,86.18185763855062,3487.5370693409136,1140.7883812832663
4027.0207102551185,6385.654214706347,48.12407840455063,144.54004941442292,4536.874546669839,1559.365406374986
3639.181751871861,2744.7386752928273,206.5369794670487,58.102993001449875,5011.95683707595,2747.918951568192
26.778791602882407,1973.316304549277,1055.9761754514977,42.836705444489446,5539.439016401009,3921.293214250579
12.9145227942278,2120.81878306092,1423.541335119014,25.43841929820732,6993.851259739269,3732.247162183708
91.01304106251956,2129.6844771817096,2148.946984901261,30.82154188346546,7829.283895220991,3145.2004449779593
142.18261640398123,1538.9334731882996,2470.1674930191075,10.470520161710736,8660.074417904629,2101.484910062897
286.22357355016266,1475.6781620058086,50.792986518207115,5.805083754319932,10145.3434888133,1582.0424068452555
424.15882323651783,1483.8880938624059,556.0081097892541,5.5624246329828955,11485.139767607192,491.2794981917184
589.1119200565994,1488.574382443795,1637.4113028184217,5.73101100608129,13067.730211653332,46.264207932263766
761.3265957193356,1492.1476844581844,2069.242917471198,5.629655904615258,14341.895191797168,14.922824419288542
930.3370235745484,1497.1245024795085,3336.1425647847077,5.795019835111228,15228.60725310042,2.7220255985609625
1091.9029787834304,1502.905126013305,3276.769698899724,5.6537300298941,15831.302347869734,2.728562694723393
942.3162871638574,1504.7995966549624,4919.084991214098,5.821892265811358,16415.179896769925,15.057218446961889
24399.13007132443,1535.0334714560297,3698.96021956014,10.199317328561179,14695.616563723157,442.0633675080438
344.0819332927861,1537.165080571318,25055.542372748063,8.835231619258728,13317.959525801409,5067.199196152404
351.6102108469226,4233.870029658561,10334.172206830586,37.147560824256885,14937.03955247908,5401.969423648402
993.200514351841,6093.213837155483,2893.344436481618,106.1071567638834,12853.375836977635,5129.4388359661425
1796.241162323677,7653.679624034425,861.066445104267,121.16423486488598,8712.54457492673,3906.770622450232
2576.4151637668865,10421.538568842065,415.7253394540764,124.37041601679985,6344.9486149499735,3141.3247524735175
3205.6441770157007,11310.190549587738,145.46071546790162,171.7695732298717,5105.957561239771,2003.447948587673
3837.6175457076365,8351.959138764572,57.760884481349,241.86091851583683,4260.553789749686,1496.293169068838
4345.84727677413,10970.833294012162,2.182990749662725,216.94888766101647,3627.8761155194456,1165.6107335679426
4634.206322988735,9840.685939620176,2.3512733806899613,93.84137914265848,3367.9562606152963,884.9976817523368
4704.120308714297,8829.842031523653,17.292962453265577,86.9607743678216,3459.6626041406766,1153.0127677891676
4644.993786879962,6415.104629405589,56.50202220999284,145.30660033096368,3909.1529326672216,1569.9884363770323
3943.5781678324497,2737.931313280455,123.65787007235406,58.03792361917265,3607.3727122522587,2744.459166427979
16.196799618259984,1966.7565202326152,695.7538812454819,42.7306475667678,3441.1336413601184,3914.1301160900202
1.5198607935826614,2121.3254277521855,805.54236758511,25.47143525481293,3721.7388677839695,3736.352410414892
43.24053521953672,2132.3045933068915,1193.5811382293514,30.844614535732045,3912.0983868143344,3145.245162323752
54.0127116500381,1534.9228184316623,1300.3300810159876,10.438703923224622,4160.097766342782,2099.2919605723
124.47195371865475,1471.5840690384503,0.00048530555178489865,5.831929079634056,4579.925831728628,1577.4278328290964
169.60675192277031,1485.670144928942,6.824048337441535,5.537990507239715,4973.787594902275,487.73105774516597
201.65963305953477,1492.165694090631,48.85764824195528,5.729207998511882,5390.184567227866,45.754431462028336
245.3962553224725,1493.5601446187554,60.46337621230132,5.566373596450121,5559.522000643687,14.724609845525212
298.522846709724,1493.2228883047167,129.26820604160298,5.736726385207655,5715.535770353968,2.676650206674079
343.82077158465086,1494.7362050685554,140.28760497806357,5.567934914268067,5795.697902045787,2.6790581525100756
226.80178369990224,1493.409120260374,326.63999274103656,5.768385453359702,5673.5762347721775,14.785305598681235
12602.569767033243,1523.1582059225516,301.65024875964673,10.014060403702624,5495.792782791221,435.3923057463727
66.31972140274269,1505.631658399228,11460.693697328159,8.614085165954425,4952.880555033702,4990.156852312553
1276.8610492956745,4063.414540501857,4452.669129259802,36.10235708471661,5018.24697258828,5337.519124156504
2249.1930366985293,5824.496097915026,490.81654256682805,102.33444694491021,4446.348835779908,5018.634900133615
3010.3000325735675,7312.5361525971775,104.76079758986933,116.20701201667472,3476.241479644083,3747.885320699276
3340.3517227458346,10071.73303239617,97.07393552368761,120.72555424677581,3481.321037578849,3037.588503583166
3685.196248196756,11075.968619011817,57.57206770538146,168.37527213683077,3325.409073248172,1961.8165999248938
4077.0808472211306,8241.934029484124,32.5994784761644,238.80562924381735,3017.7912162726448,1477.9765113175326
4435.404687140274,10881.133166716605,0.0003238645798887954,215.68717515705737,2799.2777843788044,1157.9637118827227
4678.311169793537,9796.04747926725,4.789208107740743,93.49656922297702,2826.446053012268,882.3374341538671
4880.332296489855,8800.41257653245,12.260811802876184,86.6165988290538,2820.943481378997,1149.3748808772143
5050.874782839222,6365.480229363155,10.302702970347148,144.47153701815296,2642.0976112938583,1558.1354199910008
4384.8568808951495,2700.884765494972,20.436743513575735,57.383921613964354,2191.6209275321803,2706.7654921353046
2.3115874739002193,1943.4509132643177,360.94541191180934,42.066045034068075,1977.2412587524286,3868.893994663052
2.774771568897521,2107.558085862562,417.20580150734617,25.31487206280944,2079.638475120486,3719.8471293446582
12.567474756819886,2112.2014275393876,611.2839995761021,30.769882194739935,2149.763369220187,3128.0252776933166
16.187335478935275,1529.8270795587478,665.2709352943516,10.410990890620367,2295.039723722266,2091.217959616433
40.15655513426412,1462.9545840960127,0.0,5.833664565812495,2678.670607076441,1572.9630197619458
59.4557220902683,1473.894800668169,0.0,5.485660862131654,3042.907583291619,486.355681098777
92.75280006370639,1486.6259720156747,0.47055772980589394,5.729859891054564,3451.3646058778377,45.578532009607756
110.41331385250088,1489.966492112054,14.461128743729349,5.49002785639962,3781.697771829162,14.673705166645576
133.8611081960118,1490.282119208137,27.911549335989953,5.786967279340216,4073.412637193667,2.6647063715233377
158.35556322267172,1489.368492635809,64.6038387443207,5.491619263221199,4244.437479428171,2.669523777541022
168.73007105719924,1489.8345860404957,65.73789690816773,5.794864840857941,4301.161470605356,14.734424845703735
190.53346802926814,1491.6057535436355,112.24165956809911,10.07326170107152,3978.5315041823965,430.52225268658765
9.131339127247982,1480.8782959332248,8012.354781546672,8.300242564234495,3423.168541399708,4980.016912086478
9011.048597913747,1501.206304437012,3384.7370389474295,16.36597311752463,3458.508706352649,5390.334419294925
220.25105238892712,2880.7949087799975,1799.724961709558,25.62977480611805,3673.5413066443457,5155.093245469762
7.449497012170185,4339.345915138963,1143.9733507583828,43.97725849795143,3526.757996702249,3969.5294704764274
241.59647845456286,5988.976043823491,754.9710607591917,36.80499176609938,3228.0115981588588,3236.5774368804146
401.3445621426673,5863.472765864616,541.1779445908505,49.701489956920916,3026.807115216918,2072.6931250823563
562.653035012957,5711.8925899900205,417.65887602229964,39.398255718957984,2920.317167309746,1562.343073377413
712.3053413324271,5664.353515206565,360.0103264332115,35.525871265114894,2897.133650998476,1228.2648557639475
832.6141788775435,5636.067772230456,716.4276096820159,24.39943175535234,2940.5993743790177,940.9579070015071
26.996966529888226,5801.261771747638,939.8938175401706,20.140488817847746,3088.462344904416,1243.7824718586855
105.38779718610498,5976.675266917112,1222.1095508524465,22.744438830949267,3028.1702147365722,1720.031534103826
15.254486840226997,4043.586556960427,1509.6781457007257,8.642177720704291,2622.8014831546775,3000.3747554833753
0.4158133837505496,1446.7878264523856,0.0,8.612830251996659,2289.878652292956,4098.903501690634
0.2966528952346797,1445.0656257753035,0.1799362760008455,8.157729872791272,2253.608073937897,3704.1010401953185
44.3256753748272,1460.4636069886074,11.404431790392222,8.533420544195781,2284.5664496600657,3119.3826288058594
61.34182023243788,1483.0968861587721,26.957190121704308,11.887568949795101,2439.9251893685055,2081.4962061339243
110.63164019905791,1487.4247234334784,56.94151028971293,5.559157996433937,2848.160233277896,1584.4670269507692
152.22841665724522,1492.1943503788243,71.39644192165298,5.831546252134332,3355.953197513631,493.00512882580733
206.12375861209674,1498.8507722171196,163.67103752377662,4.346316143576564,3899.116123054769,46.19874804163928
248.91844443900956,1500.42894837439,281.65663260654605,4.639338644210753,4164.980615861756,14.86672828590107
288.0464352675159,1504.2266033557485,374.5067701028864,4.36693089626373,4326.957038245093,2.695746612859998
326.8889250663494,1505.953264744893,359.23526504420676,4.6350541047195,4459.36379378322,2.6970664134556177
333.0636364606267,1506.510214323827,526.9708840757863,4.384886833821489,4471.1498029856875,14.913224119142852
351.26737998725974,1503.7805528427402,503.3165784849528,8.649271029226119,4228.585712696267,435.7770115911289
61.003104938135884,1490.3210926995523,709.0133687832351,4.3757586540855415,3807.0060586651157,4957.55570309852
14.485393765112095,1469.213377507404,679.2461879052814,4.5947054194644075,3727.35107344421,5355.551153072947
3.1555970866629175e-05,2571.031796864307,646.967006068053,4.322763330722583,3970.224915579523,5143.356701790438
2.1049542374415027,3979.9823162660505,349.04923080304224,4.580662666222528,3808.5112166881586,3967.479779987662
7.66400251954468,5686.821525196157,266.4461679773296,4.325562269667549,3403.2712513826373,3245.485134092319
23.172733841570427,5654.388186260313,127.03510029815308,7.0079363924307545,2760.405474838926,2097.255356381277
46.97291357444757,5604.333437800037,101.94192730814652,6.703160435319977,2240.6408933641055,1585.199367308111
45.836239763486184,5574.833225621311,82.2040440451923,11.721784349716696,2383.4260742119427,1249.3593464119979
38.69834537095198,5581.199227385672,195.1948861087204,7.045927058863376,2663.567731814964,959.9753780998085
33.400016622035494,5601.306366546286,303.375074472018,4.335946554418147,2739.6449085992344,1257.1628912553026
27.858923899167998,5618.460237969058,570.4444080759697,4.493594033791328,2625.6334735269998,1715.168316649598
19.01410591325133,3967.714987430678,523.7966778455387,4.388970546414708,2268.719404045342,2999.80457722153
101.61485841835663,1475.2419712144165,813.9241685046943,4.567689156247874,2004.6716142164187,4159.092384286243
107.7909574286173,1485.1581440865727,705.0762551143309,4.430400281043881,1981.6785214743368,3785.9651741476805
255.9867582493682,1491.999867000281,944.3659221022331,4.559025154850907,1956.97272241208,3179.815032908447
272.866052191929,1498.7929853732094,799.2189880974586,8.404210450584278,2038.61523890445,2119.2341220794456
345.1220726126975,1501.2385878791188,1089.0124206468934,4.643745950959061,2341.562249096409,1611.3101378553472
382.26164564950074,1506.4139588440457,912.4290991110043,4.457532677258251,2705.7524275444957,500.95490631154576
402.8363035498508,1514.3011585613776,1187.41032732431,4.60235987354667,2986.590214096124,46.85394650307289
416.4924872705809,1515.2881801525723,950.1281772411912,4.490249383716964,3088.6999522321335,15.035906951060161
434.1289657874365,1514.1066086707588,1277.295718209905,4.585009366079628,3180.4427887568877,2.7210523061187133
449.95822665675496,1513.608167279121,1055.2002559984203,4.510591586873487,3250.684606201841,2.7214934358242093
426.34769156406634,1514.7003594103978,1362.8943974436202,4.414640750521603,3163.8529138270396,15.058588804897562
484.9152275022686,1516.0262709920996,1351.7269867585137,8.707407324314254,3220.8145760957977,440.37971287906106
119.99140986421052,1504.707167673331,2001.5942217701004,4.623108024565281,3041.602774652214,5016.008735354463
42.53336682868167,1483.363434185726,1614.1213553407433,4.454024849853082,2962.0461728907476,5392.929882517611
1.2780157728539454,2595.9366399778346,1522.4541850436965,4.528355369761135,2942.167528799311,5180.457193293096
1.8349018104403463,4007.2402925675556,738.8254762356773,4.459633624615179,2640.065432455218,4010.6792110293795
1.8276611837714127,5738.661388471397,1129.2500176296228,4.316325463181583,2862.357633828487,3287.4188847930936
9.907628666325673,5725.000949649906,587.5363972032202,7.164179828381952,2517.1746090930837,2130.0061628161156
26.431890545560865,5677.626805874409,335.58304854175987,7.045848096535369,2019.6142840656942,1608.3098761970864
37.889153499143916,5636.898348547682,222.27823014704953,11.49949488307994,1899.2092040199116,1264.9860813641317
45.263466567154595,5614.9228098868225,301.42176705559126,7.129456479976028,1879.5550121418244,968.2612042705873
49.96994815886567,5607.610763139263,328.9081524070397,4.297159502092788,1827.9868040641109,1263.1861168387272
46.71826846436132,5613.9474522197515,675.2073198435858,4.562077161043462,1697.6272930565865,1721.119114791492
3.4357103434363405,3965.924418794401,616.8406992584604,4.34543684128678,1360.0474445455195,3013.6556590346195
40.514658600690986,1472.8382290583986,791.3961546590292,4.625356351012907,1114.387712542668,4181.966891121652
55.56897420537245,1479.9995540409525,659.6098086193421,4.3830119067953905,1121.2145200474845,3803.7107807250386
168.99290951927185,1491.8289647071163,899.4823589654236,4.636822494632193,1162.8639296822714,3192.9262666501904
176.34311143265072,1502.2488474098197,733.449035232285,8.343261481123626,1238.0707596778996,2127.5199518032273
235.88751950777103,1504.709191852664,966.2239862560351,4.738742484788957,1486.0222943778613,1617.0601153215937
269.0594953888063,1506.092207068601,796.2904436888252,4.405105966272811,1793.1093830183277,502.58767781314447
270.25554272186827,1512.9189366834273,864.6717118242177,5.890955609392386,2090.6219082761577,46.95148135118467
297.26855342301025,1516.1634242929383,753.1768829996149,5.612063646131379,2260.5483511122675,15.060595476043556
319.0086700421505,1518.1718512112823,1007.5731580766318,5.9266831864904015,2385.570005068423,2.722471589497341
337.9725995009319,1518.407793797528,865.2577010418505,5.597670835079737,2519.349232442813,2.722867415301196
214.73072714418697,1513.1440180342597,1395.4177671038406,5.93032865541005,2779.954973928779,15.09633085144064
78065.28364063555,1567.0588488414023,1132.0853058278049,10.695675777134914,2638.101217180938,449.38177065066446
7120.486182726334,1614.524094212675,33727.96345018548,8.80063393873602,2103.613786754297,5174.4989774068235
394.37881415151446,4455.807198327832,10843.421283465424,39.018931612209734,2095.0485253476722,5475.614282279615
33.127660809470854,6453.130717886178,3537.016859589649,110.73127343020764,2415.6334675199073,5226.847683395469
7.270785776318613,8184.318525536451,1792.461266781298,127.77109905449657,2177.327268746649,4071.6674229321297
60.438856105356734,11210.933153458911,852.1085710691825,133.84450120998034,1860.142996266416,3309.3333069464093
160.9674707437672,12190.311853779685,399.03018739428944,184.41183967266815,1636.7388064919455,2120.7448915243517
312.12778460937494,9009.964149489846,452.8197036785131,259.4483540032954,1527.8921481994955,1595.3062801729402
514.5279382877177,11823.594865244435,114.86990950267155,234.98001875595537,1422.0414446807795,1248.1147088090058
744.3326295226805,10552.941029253398,94.57454842509503,100.1399378908657,1429.544475477829,944.8682858102127
993.6000506532024,9414.542011525187,121.94011615505991,92.71479024678578,1471.163603482317,1224.3619575671896
1281.353087882246,6783.2289278297285,155.44357688656027,154.1082719354508,1408.2240283381807,1656.6086892400172
1128.4898980280975,2872.8585205476616,178.96834133205525,61.28068135149022,1154.1430444806601,2876.8886773002264
2.6636188592367525,2025.6561040802128,509.6553745009809,43.75145647489978,1020.9529803839404,4056.1482730500957
13.91561578946018,2134.288852061592,537.1778126109012,26.073730627198962,1064.0028153877108,3808.838029520148
0.011143452767984204,2141.637480482815,807.3180890996301,31.377607879854306,1120.7736067664862,3200.4589482462766
0.03171348360909273,1546.8890569889766,869.79680263739,10.534280838395471,1263.1850771949291,2144.0644916624556
5.829234549581019,1477.494515444129,0.0,5.714677950205281,1567.9673557632698,1606.153598924194
18.407084806421373,1489.9163969897747,0.0,5.768924098069533,2059.025331617339,495.08497362260385
35.843127261150116,1502.875718176485,0.5433560387021529,5.563612066404917,2548.033472299086,46.329945893273035
46.589801932963894,1506.708173104281,10.928954230171946,5.7997815727319875,2740.7206707590353,14.896860238487552
54.064734451516266,1505.2491401481511,14.445246294503251,5.568057912037074,2742.03327811163,2.6883652154077304
55.964046046029246,1505.5503420860111,21.087896833757718,5.82983316677529,2639.489327897563,2.6897318699329738
33.34416588805293,1504.7172023266808,25.037287425163477,5.550053700660886,2614.3114235205276,14.913534258309822
22773.640003759367,1552.9497780456493,41.454149747944236,10.540326089746166,2533.318757473492,444.3512226132636
210.22726347987475,1564.1055774800004,8185.824742079303,8.787806737671197,2238.571699078989,5091.360473599959
300.6982497333937,4212.691733411013,3091.7428963159873,37.00661314578019,2233.9665109841503,5405.202080068506
668.7861219642609,6034.0928060900915,596.862244470213,105.24576154056115,2525.356960541563,5126.667264510463
1088.2205186011522,7625.100707029742,246.46422228797502,121.53794621784466,2264.018566946835,3891.0956206050123
1553.764771767655,10473.907353001518,92.0326777208203,125.0650868648705,2026.97138546513,3150.497944202394
2013.4085111814252,11413.959437346375,13.8514610159574,173.77004587952396,1812.739420829705,2017.313197679857
2463.9888039832813,8451.85646513493,4.875110091146813,245.47619859523667,1627.3301077182628,1512.0844823116045
2922.7863001546734,11155.161867052777,4.602466143168496,220.97236340166882,1525.8092009857635,1184.509817061118
3329.762322943987,10038.110685092017,1.303823696666559,95.81629020414452,1497.1272391961936,901.6739992038143
3656.970574305791,8974.744444342427,0.11833262017895149,88.5952354597877,1510.1069020388563,1170.5626835970324
3916.8148004514615,6481.251344215052,0.019473036121315453,146.8783074478685,1479.8428374564385,1584.4929882697695
3386.9525603975612,2746.271918003073,1.1945138707170204,58.25516250466546,1212.4557382692133,2750.989692911398
1.086920930301873,1972.6792364658363,234.85753092116073,42.83691143047234,1116.1985513601157,3933.1947483643644
11.564296328223346,2125.6767393418236,334.3043129567577,25.63088914002625,1371.4956707027177,3782.807657208879
0.5071427979616302,2134.0131831867743,545.5340560164243,31.14108532091301,1559.8347283444016,3182.9535494145334
1.3486068499973682,1547.924549486123,618.1953198200696,10.549286532035042,1759.9039980059931,2134.111261581089
13.017459881145815,1481.5938499946888,0.0,5.871585034627241,2206.414759579527,1603.679996115212
24.315485486475726,1490.739512574884,0.0,5.55162683132666,2706.7871756073846,495.4048384766031
44.188830231729206,1500.3305512685777,0.4212473157381355,5.764177884008586,3316.3839283488396,46.346024795827844
61.22688441668124,1505.7940649791822,13.554258723638224,5.555003615559914,3661.9389140190283,14.902546195808128
84.04306004035459,1509.8368489529885,26.167355876122464,5.811445015520607,3925.902218143169,2.6886036224800147
105.16272450957494,1511.9117722541503,60.18920547669612,5.5613638982710505,4124.151240494845,2.6932203619082915
79.39334783572495,1509.4237157735568,63.203248546967856,5.844879604596513,4264.708833900204,14.959221650704968
13722.816659128552,1547.0730442731933,139.15714403081216,10.390939282256209,4323.705778452654,444.1793593005236
15.996299914102146,1538.8133561461525,8755.663140656212,8.478510591992944,3958.4425930123184,5094.694067820033
1030.5865099616728,4150.254856062022,3468.041062982032,36.87290462263618,3957.4614775676537,5391.068064972638
1721.062801716631,5964.792005578816,714.8622867240924,104.86187247827658,4299.93220271301,5115.308003702524
2266.2642073061347,7556.643424980072,306.255416274177,119.68727441377521,3965.319578372876,3872.6162187191862
2720.7729428146954,10406.175241835077,130.6610521304254,125.14323658837954,3520.223786479271,3141.5577899227233
3213.8744276059942,11366.549930774849,27.51436575811112,172.84677080479497,2914.1788917879408,2014.8476448167896
3667.5002281416214,8417.41044979266,8.49215728309093,243.59565778616476,2479.640290540013,1510.4270280569804
4030.5634978294884,11116.506642648319,2.8354417008631834,221.11478975319767,2364.8063576468653,1183.2552138762187
4472.951592255573,10006.78498462185,1.6372845922658446,95.02435130130814,2170.2790113211554,900.9983900626637
4660.9036554622735,8960.717475296877,0.36830372947882734,88.1092462161202,2311.191743962192,1169.9862688013332
4762.060494438733,6480.968880684013,0.2841883526453585,147.25516517592052,2350.01842678953,1586.9399271226287
4049.999570345392,2755.198827731544,10.538533135756575,58.67512338653794,2048.63878457032,2763.991615311288
0.018926713335618864,1981.137853986335,361.9662249471904,42.71487050048062,1954.0022606995472,3958.11532157492
6.19366920344208,2139.321886616953,451.86968034916174,26.08767491840318,2180.7831365905804,3807.7656947408536
5.461187992242469,2152.7808760575035,678.999481674962,31.35333207070028,2386.747940923142,3200.9742228274895
9.361778783371387,1553.8276176550528,787.4261226462302,10.496226877915376,2682.4668131233148,2142.7655759716386
37.784123236528266,1491.7528201967173,0.0,5.707641226327613,3481.583411945616,1610.8884645748822
71.6849138624777,1504.234006464397,2.211877980092521,5.745812815489081,4454.888864228574,498.2825343580692
121.85248811288045,1514.3117198469786,33.64474883403822,5.586252834675246,5344.060475483831,46.67496778636301
149.51275443073243,1514.9531644468852,95.0950866770149,5.80938517063694,5669.893197597751,14.999272500797064
198.84685651154842,1516.3813051689585,193.93928694145785,5.590863716405534,6351.3382841798175,2.7055593682700283
261.8017459770603,1520.995121953284,513.3244907656284,5.850848716884071,7081.567939634382,2.7154115038132907
204.12368803499595,1520.7847556761044,593.9059834843239,5.600547567476803,7307.347880570634,15.122612281442082
12749.391696779745,1552.078037955982,930.4527237809974,10.554585158410575,7289.604376029969,447.48407102299
31.6881570257575,1540.3567359649326,13870.92923440629,8.721743030760685,6990.2598253567385,5137.613214541538
1047.9952210331212,4201.288671117732,5757.007704791672,37.25579868086176,7598.956605279843,5426.850053614581
1644.5298357497877,6075.677018725611,1875.184412458518,105.9571588196146,8039.083038260215,5163.739681961821
2328.316002791566,7704.740197925838,710.580843261247,122.70650160609493,7078.906879022822,3952.010642735692
2947.619278486336,10573.669982294057,303.7249368626444,126.15082155616489,6037.863225060568,3195.9159009864325
3446.2236977283674,11542.85198601137,189.00915646698334,175.48085271741996,5231.762862222887,2049.8046410503757
3874.675401585268,8574.324798369533,150.56385783081922,249.02930662225313,4748.5144638878455,1541.7224770461748
4321.548915922428,11302.947938216199,18.62919791814068,223.89291796985256,4400.808184188889,1206.810631264444
4604.580342393747,10156.334805298513,27.360056611371505,97.01318607973376,4436.2962080883235,917.6241826696554
4725.672066596759,9121.88306311004,38.00038842405235,89.8995814075765,4766.786842076594,1194.7796288520185
4603.6557310522885,6628.1931678534975,133.76770883818648,150.3207036257914,5381.317304170836,1627.6216529244743
3808.1765367565467,2835.9607109874682,295.64261346438326,60.205664336209765,5255.2508031908355,2853.9273467543776
23.58088373829036,2033.0519250486618,1227.588929514662,43.89353009787126,5567.1344793026465,4067.306959929018
8.85866873724705,2185.3094974912156,1484.2553377219533,26.150032100120328,6294.305942857637,3866.8685058917267
84.07675236916147,2195.8217125124493,2131.5446645598568,31.756751582859625,6959.768705517559,3256.3323410700473
128.8724346518778,1583.91712344755,2455.060116396414,10.697237549911527,7783.058722587074,2174.939098036737
270.9479538087413,1517.4999873897575,36.72005030907817,5.971377305672256,9078.804053208667,1636.5741136747602
361.38503093690593,1528.8252337126444,492.6945144439464,5.603970929989993,10199.626893881488,507.7328959213022
494.6170721496752,1534.627829619817,1381.2529279652567,5.894450373017692,11636.942261005443,47.63068720570871
653.0180138651901,1537.528315808484,2190.4000997655544,5.662996659895086,12827.053539368686,15.317403958363487
797.0241972775641,1539.3548196094616,2947.864986274243,5.966207792693612,13662.073568584114,2.7621007254419254
948.036795066128,1543.5298137625562,3601.8410013399525,5.684917766225762,14375.100158192443,2.7699842761822673
1000.504504388681,1549.9556918336586,4141.778030128032,6.026059722134282,14698.144990135675,15.449524287214228
1104.8942014145043,1552.61562984223,4611.433632758675,10.51302752680017,14661.764156765305,454.30643783793806
617.5856441572219,1552.5267942601529,25319.517465404097,8.70715309930702,14332.341868258633,5204.426604310116
21767.24838187934,1581.3255381644278,11143.798539468655,17.06813193533776,14821.316310473248,5525.508593861767
2283.5619751154272,3047.6327868104067,5137.484093488241,26.97712612852171,13823.721966030742,5275.543429717951
462.6057610404869,4647.049862058192,2473.253361197653,46.59587736448955,12082.749631263176,4161.038278279303
0.42989784682013427,6442.246867849554,1823.5592365183254,38.69852785847447,10085.123774013988,3403.2840165142147
50.270420248560235,6295.217747752693,1583.678620343532,53.05157862594817,8589.63858436561,2204.4168621724875
159.4019170080242,6106.304834129725,1196.598800321588,41.4093738163877,7525.381082714694,1659.6040219589086
345.72150512840807,6022.6698806961085,787.597802697984,37.57057894405866,6668.393820836232,1299.675297411096
532.0070459744766,5941.656613278323,1061.612593253522,25.839488724443576,6214.028616969882,990.3463155457163
2.7894512471440684,6079.004334633612,1098.4436478878438,20.940453760954995,6359.418840901354,1300.1297627510069
15.394649490628924,6268.069334426428,2348.160383675748,23.50422614609487,7588.415602591035,1795.6575882157322
5.483944560741685,4251.381022417207,3561.706868979718,8.720238496443372,8030.521274823039,3142.1252353676814
98.61698620947462,1522.8866969468459,119.67551629887595,8.9528317167459,8076.822237331715,4300.626921747745
145.84977327953277,1527.4984048721908,878.7661405892044,8.753505833452236,8485.534570267388,3904.816212982816
539.3631957881993,1535.6380332853462,1923.5985268642198,8.575580683727342,9207.413579606295,3294.7727116922565
700.5691461216984,1549.875617428854,2493.8834921821817,12.41884085441592,10089.649430174311,2200.31676973476
908.022223118132,1553.690161520195,3631.1084074268683,6.041162976919603,11703.287697589292,1675.8851113598175
1087.4636039370673,1555.9801980114014,4212.623388976008,5.7922170838376195,13342.217651667816,521.8059630991149
1300.569966975,1562.806069809229,5365.0633930194535,4.757922763791861,14733.109698696753,48.74403042108001
1559.2704045671635,1568.1800248491056,6016.661040441391,4.595054403515972,15981.459121581696,15.633720850396886
1843.5659722610317,1574.3383070841421,7574.023887014563,4.743150662213609,16762.75805519463,2.813171818494717
2112.945307627502,1578.362691386615,7622.773827831604,4.636144660907511,17366.34492823613,2.818842039609539
2292.6991984079887,1579.6645809807344,9497.270115664589,4.746531859385337,18082.439178293866,15.74491249550341
2491.7371954539735,1582.1901043423288,9409.111080991095,8.807982287984766,18085.198277801137,463.2557900876901
1633.0311143229824,1583.768914948344,11476.158185439273,4.853200275510648,17624.47381805254,5203.13649923906
1362.781988018196,1579.7895599641806,11421.155811483099,4.643940354404127,17953.123491489452,5534.1250085880365
1040.242617083739,2778.96824480933,11091.047395628233,4.7840989836175805,18102.77188336196,5316.799321141422
718.5391531021842,4313.939122972259,6076.19729740547,4.6624183401768065,15587.123793496474,4240.009632005642
544.5577573839895,6169.251197388411,5372.465323336527,4.74133289237525,13862.840056774356,3468.8239313882486
357.2239421871313,6147.101000226842,3860.780558166074,7.243019578272307,11941.02892884647,2245.7333028946787
222.74615561248035,6118.299084017416,3843.1223828023153,7.441778453844758,10081.97402265849,1702.4347091363227
104.25636010679405,6087.149553865102,2640.6107431540595,12.117767038728065,8610.33661197124,1343.1948663480944
36.0456179913421,6048.520081732513,2453.2861455582283,7.5488030772688495,7844.164372985838,1027.5179516149112
55.21573409759989,6029.527224339833,2263.907681453513,4.72084124123973,7982.5751982706915,1338.8543759163724
152.89172843839316,6048.446304288015,5022.711642620269,4.593219361120068,9045.846922211507,1824.313566892412
749.3584507733997,4253.505263421885,6825.376757943972,4.521899230006784,9393.633822209307,3191.561066243809
1242.721786902621,1566.7732174148225,9097.695880318888,4.855603145926791,9501.90594946231,4417.891083189434
1362.4512558841466,1575.416097135821,9147.013163968042,4.556932805823677,10276.749864466903,4030.2079179707584
1916.067701484277,1581.8742668090872,11438.838523961913,4.880229487208612,11266.329230880347,3388.6839042383335
2087.9270422210075,1587.8666431775662,11317.769269825367,9.01250275646192,12380.160824175053,2262.452269249413
2374.203229990503,1588.3436727926521,13873.188552491109,4.765086930852754,14114.544375664855,1721.9394796035438
2608.781137471846,1591.7130693597728,13601.195851357008,4.590822223730641,16117.578738459586,535.8282011355709
